0.000,0.000,0.000,0.000,0.000,0.000,0.000,0.000,0.000,0.000,0.000,0.000,0.000,0.000,0.000,0.000,0.000,0.000,0.000,0.000,0.000,0.000,0.000,0.000,0.000,0.000,0.000,0.000,0.000,0.000,0.000,0.000,0.000,0.000,0.000,0.000,0.000,0.000,0.000,0.000,0.000,0.000,0.000,0.000,0.000,0.000,0.000,0.000,0.000,0.000,0.000,0.000,0.000,0.000,0.000,0.000,0.000,0.000,0.000,0.000,0.000,0.000,0.000,0.000,0.000,0.000,0.000,0.000,0.000,0.000,0.000,0.000,0.000,0.000,0.000,0.000,0.000,0.000,0.000,0.000,0.000,0.000,0.000,0.000,0.000,0.000,0.000,0.000,0.000,0.000,0.000,0.000,0.000,0.000,0.000,0.000,0.000,0.000,0.000,0.000,0.000,0.000,0.000,0.000,0.000,0.000,0.000,0.000,0.000,0.000,0.000,0.000,0.000,0.000,0.000,0.000,0.000,0.000,0.000,0.000,0.000,0.000,0.000,0.000,0.000,0.000,0.000,0.000,0.000,0.000,0.000,0.000,0.000,0.000,0.000,0.000,0.000,0.000,0.000,0.000,0.000,0.000,0.000,0.000,0.000,0.000,0.000,0.000,0.000,0.000,0.000,0.000,0.000,0.000,0.000,0.000,0.000,0.000,0.000,0.000,0.000,0.000,0.000,0.000,0.000,0.000,0.000,0.000,0.000,0.000,0.000,0.000,0.000,0.000,0.000,0.000,0.000,0.000,0.000,0.000,0.000,0.000,0.000,0.000,0.000,0.000,0.000,0.000,0.000,0.000,0.000,0.000,0.000,0.000,0.000,0.000,0.000,0.000,0.000,0.000,0.000,0.000,0.000,0.000,0.000,0.000,0.000,0.000,0.000,0.000,0.000,0.000,0.000,0.000,0.000,0.000,0.000,0.000,0.000,0.000,0.000,0.000,0.000,0.000,0.000,0.000,0.000,0.000,0.000,0.000,0.000,0.000,0.000,0.000,0.000,0.000,0.000,0.000,0.000,0.000,0.000,0.000,0.000,0.000,0.000,0.000,0.000,0.000,0.000,0.000,0.000,0.000,0.000,0.000,0.000,0.000
0.000,2.642,5.281,7.916,10.542,13.159,15.762,18.350,20.920,23.470,25.997,28.499,30.974,33.419,35.834,38.215,40.561,42.871,45.143,47.375,49.567,51.716,53.823,55.887,57.905,59.879,61.807,63.689,65.526,67.317,69.062,70.762,72.417,74.028,75.594,77.118,78.600,80.042,81.443,82.807,84.134,85.425,86.683,87.909,89.106,90.274,91.416,92.534,93.631,94.708,95.768,96.813,97.846,98.869,99.885,100.897,101.906,102.916,103.930,104.950,105.978,107.019,108.075,109.147,110.240,111.357,112.500,113.672,114.876,116.114,117.391,118.709,120.071,121.480,122.939,124.450,126.018,127.645,129.334,131.089,132.911,134.806,136.775,138.822,140.949,143.162,145.462,147.853,150.338,152.921,155.606,158.395,161.293,164.304,167.430,170.677,174.048,177.547,181.179,184.948,188.859,192.916,197.125,201.490,206.017,210.712,215.580,220.628,225.862,231.289,236.916,242.751,248.801,255.076,261.583,268.333,275.335,282.601,290.141,297.967,306.094,314.534,323.302,332.414,341.888,351.741,361.993,372.666,383.781,395.363,407.439,420.037,433.188,446.926,461.286,476.309,492.035,508.513,525.793,543.929,562.983,583.020,604.113,626.340,649.789,674.556,700.748,728.480,757.884,789.104,822.299,857.651,895.360,935.651,978.780,1025.035,1074.743,1128.278,1186.069,1248.608,1316.470,1390.321,1470.947,1559.275,1656.414,1763.697,1882.748,2015.562,2164.626,2333.079,2524.947,2745.482,3001.680,3303.065,3662.959,4100.583,4644.728,5340.510,6262.704,7544.181,9442.482,12512.601,18106.854,29982.962,60000.000,60000.000,60000.000,60000.000,60000.000,60000.000,60000.000,60000.000,60000.000,60000.000,60000.000,60000.000,60000.000,60000.000,29977.230,18095.395,12495.430,9419.616,7515.641,6228.517,5300.707,4599.341,4049.649,3606.514,3241.147,2934.327,2672.732,2446.835,2249.642,2075.895,1921.566,1783.514,1659.249,1546.769,1444.448,1350.948,1265.155,1186.136,1113.101,1045.376,982.383,923.622,868.656,817.108,768.642,722.962,679.807,638.943,600.161,563.274,528.112,494.521,462.363,431.511,401.849,373.270,345.677,318.978,293.090,267.934,243.437,219.530,196.148,173.230,150.717,128.553,106.684,85.060,63.627,42.339,21.146,0.000
0.000,5.287,10.570,15.842,21.099,26.335,31.545,36.725,41.868,46.971,52.028,57.036,61.988,66.882,71.714,76.479,81.174,85.797,90.342,94.809,99.194,103.495,107.711,111.839,115.878,119.826,123.684,127.450,131.125,134.707,138.198,141.598,144.908,148.129,151.263,154.311,157.275,160.158,162.961,165.688,168.340,170.923,173.438,175.889,178.280,180.616,182.899,185.134,187.325,189.478,191.596,193.686,195.750,197.795,199.825,201.846,203.863,205.881,207.907,209.945,212.000,214.080,216.188,218.332,220.516,222.747,225.031,227.372,229.778,232.254,234.805,237.439,240.160,242.976,245.891,248.913,252.046,255.298,258.673,262.180,265.823,269.609,273.544,277.636,281.889,286.311,290.908,295.687,300.655,305.818,311.184,316.760,322.553,328.571,334.821,341.311,348.049,355.044,362.304,369.838,377.655,385.765,394.178,402.904,411.952,421.337,431.067,441.157,451.619,462.466,473.713,485.375,497.467,510.007,523.013,536.503,550.497,565.017,580.085,595.725,611.964,628.829,646.350,664.558,683.487,703.174,723.657,744.978,767.184,790.322,814.445,839.611,865.879,893.318,921.999,952.001,983.408,1016.312,1050.816,1087.028,1125.069,1165.070,1207.175,1251.542,1298.343,1347.771,1400.036,1455.370,1514.032,1576.310,1642.521,1713.022,1788.213,1868.539,1954.508,2046.689,2145.730,2252.370,2367.455,2491.960,2627.014,2773.930,2934.251,3109.798,3302.739,3515.681,3751.784,4014.924,4309.911,4642.788,5021.267,5455.342,5958.209,6547.654,7248.218,8094.675,9137.842,10454.629,12166.142,14471.553,17713.160,22501.078,29931.856,41824.998,60000.000,60000.000,60000.000,60000.000,60000.000,60000.000,60000.000,60000.000,60000.000,60000.000,60000.000,60000.000,60000.000,60000.000,41813.526,29908.925,22466.714,17667.398,14414.438,12097.730,10374.978,9047.020,7992.754,7135.272,6423.761,5823.444,5309.781,4864.984,4475.853,4132.389,3826.876,3553.261,3306.731,3083.399,2880.097,2694.209,2523.557,2366.309,2220.912,2086.041,1960.555,1843.466,1733.917,1631.154,1534.516,1443.419,1357.342,1275.822,1198.446,1124.840,1054.668,987.625,923.436,861.847,802.629,745.568,690.472,637.158,585.459,535.220,486.294,438.544,391.841,346.062,301.091,256.816,213.130,169.929,127.114,84.584,42.245,0.000
0.000,7.940,15.872,23.789,31.683,39.546,47.370,55.147,62.870,70.533,78.126,85.644,93.081,100.429,107.683,114.837,121.886,128.825,135.650,142.355,148.938,155.394,161.722,167.917,173.978,179.904,185.694,191.345,196.859,202.234,207.472,212.573,217.539,222.371,227.072,231.643,236.089,240.411,244.615,248.703,252.680,256.552,260.322,263.996,267.580,271.080,274.501,277.850,281.134,284.359,287.533,290.662,293.754,296.817,299.857,302.884,305.905,308.927,311.961,315.012,318.091,321.204,324.362,327.572,330.843,334.184,337.604,341.111,344.714,348.422,352.243,356.188,360.264,364.482,368.849,373.375,378.069,382.941,387.999,393.252,398.710,404.383,410.280,416.410,422.783,429.410,436.298,443.460,450.905,458.642,466.684,475.040,483.722,492.740,502.106,511.832,521.931,532.413,543.293,554.584,566.299,578.452,591.060,604.135,617.696,631.759,646.341,661.460,677.136,693.390,710.242,727.715,745.834,764.622,784.107,804.317,825.282,847.034,869.606,893.035,917.359,942.620,968.862,996.131,1024.479,1053.960,1084.632,1116.557,1149.805,1184.445,1220.559,1258.229,1297.549,1338.616,1381.539,1426.434,1473.428,1522.658,1574.275,1628.442,1685.338,1745.159,1808.117,1874.448,1944.410,2018.286,2096.389,2179.066,2266.699,2359.713,2458.581,2563.832,2676.054,2795.909,2924.145,3061.601,3209.234,3368.130,3539.533,3724.873,3925.801,4144.237,4382.429,4643.022,4929.157,5244.592,5593.868,5982.522,6417.383,6906.970,7462.060,8096.473,8828.220,9681.182,10687.634,11892.102,13357.378,15174.058,17475.716,20462.752,24437.547,29846.709,37294.504,47385.178,60000.000,60000.000,60000.000,60000.000,60000.000,60000.000,60000.000,60000.000,60000.000,60000.000,60000.000,60000.000,60000.000,60000.000,47367.951,37260.072,29795.110,24368.835,20376.997,17372.999,15054.472,13221.027,11739.093,10518.083,9495.204,8625.932,7877.990,7227.495,6656.428,6150.963,5700.316,5295.957,4931.046,4600.032,4298.364,4022.269,3768.589,3534.665,3318.233,3117.356,2930.363,2755.806,2592.424,2439.108,2294.883,2158.887,2030.350,1908.590,1792.991,1683.001,1578.123,1477.903,1381.933,1289.838,1201.273,1115.926,1033.505,953.742,876.387,801.209,727.990,656.525,586.621,518.097,450.778,384.498,319.097,254.420,190.318,126.643,63.251,0.000
0.000,10.602,21.194,31.767,42.308,52.807,63.255,73.640,83.952,94.183,104.322,114.360,124.289,134.099,143.784,153.334,162.744,172.007,181.116,190.066,198.852,207.469,215.912,224.180,232.268,240.175,247.899,255.438,262.793,269.963,276.949,283.752,290.374,296.817,303.084,309.178,315.104,320.865,326.467,331.915,337.214,342.372,347.394,352.287,357.060,361.720,366.275,370.734,375.105,379.398,383.622,387.786,391.900,395.975,400.021,404.047,408.066,412.087,416.121,420.180,424.275,428.417,432.617,436.886,441.238,445.682,450.230,454.896,459.689,464.622,469.707,474.955,480.380,485.992,491.804,497.827,504.075,510.559,517.291,524.284,531.550,539.102,546.952,555.113,563.598,572.420,581.593,591.128,601.040,611.343,622.051,633.178,644.738,656.747,669.220,682.171,695.618,709.577,724.065,739.100,754.700,770.883,787.670,805.082,823.138,841.863,861.278,881.409,902.280,923.919,946.355,969.617,993.737,1018.747,1044.684,1071.585,1099.489,1128.439,1158.480,1189.659,1222.027,1255.640,1290.556,1326.837,1364.549,1403.766,1444.564,1487.026,1531.241,1577.306,1625.325,1675.408,1727.678,1782.266,1839.314,1898.974,1961.417,2026.821,2095.387,2167.329,2242.884,2322.308,2405.883,2493.919,2586.755,2684.765,2788.360,2897.994,3014.170,3137.445,3268.441,3407.847,3556.436,3715.073,3884.730,4066.504,4261.638,4471.543,4697.830,4942.348,5207.227,5494.933,5808.345,6150.840,6526.404,6939.789,7396.695,7904.029,8470.236,9105.753,9823.628,10640.362,11577.100,12661.298,13929.107,15428.784,17225.569,19408.557,22099.955,25466.230,29727.593,35153.728,42014.285,50421.216,60000.000,60000.000,60000.000,60000.000,60000.000,60000.000,60000.000,60000.000,60000.000,60000.000,60000.000,60000.000,60000.000,60000.000,50398.212,41968.308,35084.830,29635.849,25351.733,21962.819,19248.908,17043.547,15224.538,13702.793,12413.074,11307.125,10348.792,9510.615,8771.442,8114.760,7527.514,6999.250,6521.509,6087.367,5691.107,5327.959,4993.915,4685.578,4400.047,4134.833,3887.781,3657.020,3440.911,3238.016,3047.068,2866.939,2696.627,2535.238,2381.967,2236.091,2096.956,1963.970,1836.592,1714.331,1596.734,1483.388,1373.910,1267.945,1165.165,1065.264,967.953,872.964,780.041,688.943,599.440,511.313,424.349,338.344,253.099,168.421,84.117,0.000
0.000,13.278,26.544,39.785,52.987,66.136,79.220,92.226,105.141,117.952,130.648,143.218,155.650,167.933,180.058,192.016,203.796,215.392,226.794,237.996,248.992,259.776,270.343,280.688,290.808,300.700,310.362,319.793,328.992,337.959,346.695,355.200,363.479,371.532,379.365,386.981,394.385,401.583,408.580,415.384,422.002,428.442,434.712,440.820,446.777,452.592,458.275,463.837,469.290,474.643,479.910,485.102,490.231,495.310,500.353,505.371,510.379,515.390,520.418,525.475,530.578,535.739,540.972,546.293,551.715,557.253,562.922,568.736,574.710,580.859,587.198,593.741,600.503,607.500,614.747,622.258,630.049,638.135,646.532,655.254,664.318,673.738,683.531,693.713,704.299,715.306,726.750,738.648,751.016,763.872,777.234,791.119,805.545,820.531,836.095,852.258,869.039,886.459,904.539,923.301,942.768,962.964,983.912,1005.638,1028.170,1051.534,1075.759,1100.876,1126.918,1153.916,1181.906,1210.926,1241.014,1272.213,1304.565,1338.117,1372.919,1409.023,1446.484,1485.363,1525.722,1567.628,1611.156,1656.381,1703.386,1752.262,1803.102,1856.011,1911.098,1968.483,2028.293,2090.668,2155.757,2223.723,2294.739,2368.998,2446.705,2528.085,2613.382,2702.862,2796.816,2895.560,2999.442,3108.842,3224.177,3345.906,3474.535,3610.620,3754.779,3907.693,4070.122,4242.909,4426.996,4623.437,4833.415,5058.261,5299.480,5558.778,5838.098,6139.660,6466.015,6820.108,7205.359,7625.760,8085.999,8591.625,9149.249,9766.810,10453.917,11222.312,12086.462,13064.366,14178.630,15457.904,16938.804,18668.441,20707.630,23134.712,26049.370,29574.664,33852.903,39026.348,45187.709,52285.405,60000.000,60000.000,60000.000,60000.000,60000.000,60000.000,60000.000,60000.000,60000.000,60000.000,60000.000,60000.000,60000.000,60000.000,52256.596,45130.130,38940.067,33738.016,29431.293,25877.660,22934.826,20479.749,18412.757,16655.517,15147.217,13840.747,12699.488,11694.783,10804.017,10009.178,9295.784,8652.079,8068.431,7536.881,7050.797,6604.607,6193.595,5813.744,5461.607,5134.210,4828.972,4543.641,4276.243,4025.039,3788.491,3565.230,3354.038,3153.822,2963.601,2782.492,2609.692,2444.476,2286.181,2134.203,1987.987,1847.023,1710.839,1578.999,1451.098,1326.758,1205.624,1087.362,971.658,858.214,746.745,636.980,528.655,421.518,315.322,209.828,104.799,0.000
0.000,15.972,31.929,47.855,63.734,79.549,95.286,110.928,126.461,141.868,157.137,172.252,187.201,201.972,216.551,230.927,245.090,259.029,272.735,286.199,299.415,312.374,325.071,337.501,349.659,361.542,373.148,384.474,395.520,406.286,416.774,426.983,436.919,446.583,455.980,465.116,473.997,482.628,491.018,499.174,507.106,514.823,522.335,529.652,536.786,543.749,550.553,557.211,563.736,570.142,576.443,582.654,588.788,594.863,600.892,606.893,612.880,618.870,624.880,630.926,637.025,643.193,649.449,655.809,662.291,668.912,675.689,682.641,689.784,697.137,704.717,712.542,720.631,729.001,737.670,746.657,755.979,765.655,775.703,786.141,796.990,808.265,819.988,832.176,844.850,858.028,871.730,885.976,900.786,916.180,932.181,948.807,966.083,984.029,1002.668,1022.024,1042.120,1062.982,1084.634,1107.103,1130.415,1154.599,1179.685,1205.702,1232.683,1260.659,1289.666,1319.740,1350.918,1383.241,1416.750,1451.490,1487.507,1524.850,1563.572,1603.727,1645.375,1688.578,1733.401,1779.916,1828.197,1878.326,1930.388,1984.474,2040.683,2099.122,2159.902,2223.147,2288.986,2357.562,2429.025,2503.541,2581.286,2662.452,2747.247,2835.896,2928.642,3025.751,3127.512,3234.237,3346.271,3463.986,3587.792,3718.135,3855.508,4000.449,4153.551,4315.468,4486.923,4668.715,4861.729,5066.951,5285.478,5518.536,5767.498,6033.907,6319.499,6626.243,6956.368,7312.416,7697.297,8114.352,8567.443,9061.052,9600.411,10191.660,10842.056,11560.223,12356.484,13243.279,14235.694,15352.153,16615.282,18053.006,19699.878,21598.646,23801.889,26373.370,29388.218,32930.209,37083.050,41911.085,47424.818,53532.700,60000.000,60000.000,60000.000,60000.000,60000.000,60000.000,60000.000,60000.000,60000.000,60000.000,60000.000,60000.000,60000.000,60000.000,53498.048,47355.562,41807.311,36944.877,32757.790,29181.734,26133.026,23527.909,21291.269,19359.351,17679.582,16209.215,14913.689,13765.074,12740.730,11822.220,10994.436,10244.921,9563.326,8941.003,8370.669,7846.152,7362.191,6914.273,6498.503,6111.503,5750.330,5412.404,5095.456,4797.480,4516.698,4251.523,4000.540,3762.477,3536.190,3320.645,3114.906,2918.120,2729.511,2548.368,2374.040,2205.926,2043.470,1886.157,1733.511,1585.084,1440.456,1299.234,1161.045,1025.536,892.370,761.224,631.788,503.761,376.853,250.776,125.251,0.000
0.000,18.685,37.353,55.985,74.562,93.064,111.473,129.771,147.940,165.962,183.821,201.500,218.983,236.256,253.304,270.114,286.673,302.969,318.992,334.730,350.176,365.321,380.158,394.681,408.884,422.765,436.319,449.546,462.443,475.012,487.252,499.167,510.760,522.034,532.996,543.650,554.004,564.066,573.844,583.348,592.588,601.576,610.323,618.842,627.145,635.247,643.163,650.907,658.495,665.944,673.268,680.486,687.615,694.673,701.678,708.648,715.601,722.558,729.537,736.558,743.640,750.804,758.068,765.454,772.981,780.671,788.542,796.617,804.915,813.458,822.265,831.359,840.759,850.487,860.565,871.012,881.850,893.100,904.784,916.925,929.541,942.657,956.293,970.473,985.217,1000.550,1016.493,1033.069,1050.303,1068.218,1086.838,1106.188,1126.293,1147.179,1168.873,1191.400,1214.790,1239.070,1264.270,1290.420,1317.552,1345.699,1374.894,1405.172,1436.570,1469.126,1502.880,1537.873,1574.151,1611.758,1650.744,1691.158,1733.055,1776.493,1821.530,1868.231,1916.663,1966.899,2019.015,2073.091,2129.215,2187.480,2247.984,2310.834,2376.142,2444.029,2514.628,2588.077,2664.527,2744.140,2827.092,2913.570,3003.778,3097.937,3196.283,3299.076,3406.595,3519.143,3637.051,3760.678,3890.415,4026.689,4169.968,4320.762,4479.630,4647.185,4824.103,5011.127,5209.075,5418.853,5641.463,5878.018,6129.755,6398.051,6684.449,6990.676,7318.671,7670.622,8049.004,8456.623,8896.678,9372.827,9889.269,10450.847,11063.174,11732.782,12467.314,13275.755,14168.722,15158.816,16261.063,17493.439,18877.500,20439.104,22209.190,24224.496,26528.018,29168.755,32200.002,35674.968,39638.056,44110.161,49067.801,54420.584,60000.000,60000.000,60000.000,60000.000,60000.000,60000.000,60000.000,60000.000,60000.000,60000.000,60000.000,60000.000,60000.000,60000.000,54380.042,48986.775,43988.757,39476.421,35473.289,31958.500,28887.679,26207.642,23865.112,21811.097,20002.610,18402.909,16981.051,15711.168,14571.687,13544.614,12614.903,11769.925,10999.037,10293.224,9644.811,9047.230,8494.835,7982.743,7506.718,7063.060,6648.530,6260.278,5895.783,5552.814,5229.381,4923.709,4634.204,4359.437,4098.114,3849.068,3611.238,3383.656,3165.441,2955.783,2753.941,2559.228,2371.011,2188.702,2011.754,1839.654,1671.924,1508.110,1347.785,1190.544,1035.999,883.780,733.529,584.902,437.561,291.179,145.432,0.000
0.000,21.423,42.826,64.188,85.485,106.697,127.801,148.778,169.605,190.263,210.734,230.996,251.034,270.828,290.364,309.624,328.596,347.265,365.618,383.645,401.334,418.676,435.663,452.289,468.547,484.432,499.942,515.074,529.827,544.201,558.198,571.820,585.070,597.955,610.478,622.648,634.473,645.960,657.122,667.967,678.510,688.761,698.735,708.446,717.910,727.142,736.159,744.978,753.618,762.096,770.432,778.644,786.754,794.781,802.747,810.672,818.578,826.487,834.420,842.400,850.450,858.592,866.849,875.245,883.802,892.543,901.493,910.675,920.111,929.826,939.844,950.189,960.884,971.953,983.421,995.311,1007.648,1020.456,1033.759,1047.582,1061.949,1076.887,1092.418,1108.569,1125.366,1142.833,1160.997,1179.884,1199.522,1219.936,1241.154,1263.205,1286.118,1309.921,1334.644,1360.318,1386.975,1414.647,1443.368,1473.171,1504.093,1536.170,1569.441,1603.946,1639.725,1676.823,1715.284,1755.156,1796.489,1839.334,1883.746,1929.782,1977.505,2026.977,2078.267,2131.447,2186.594,2243.787,2303.114,2364.666,2428.541,2494.844,2563.685,2635.184,2709.469,2786.675,2866.951,2950.454,3037.352,3127.828,3222.078,3320.314,3422.764,3529.675,3641.314,3757.969,3879.954,4007.609,4141.303,4281.437,4428.448,4582.812,4745.051,4915.731,5095.476,5284.969,5484.956,5696.261,5919.793,6156.550,6407.639,6674.284,6957.845,7259.834,7581.935,7926.032,8294.235,8688.913,9112.735,9568.719,10060.284,10591.317,11166.257,11790.183,12468.935,13209.248,14018.920,14907.008,15884.066,16962.424,18156.514,19483.236,20962.355,22616.890,24473.435,26562.270,28917.054,31573.737,34568.161,37931.681,41684.106,45823.745,50315.665,55081.846,60000.000,60000.000,60000.000,60000.000,60000.000,60000.000,60000.000,60000.000,60000.000,60000.000,60000.000,60000.000,60000.000,60000.000,55035.357,50222.758,45684.546,41498.794,37700.482,34291.343,31251.600,28549.927,26150.502,24017.385,22116.924,20418.837,18896.521,17526.945,16290.325,15169.740,14150.731,13220.937,12369.773,11588.147,10868.223,10203.226,9587.278,9015.252,8482.669,7985.592,7520.556,7084.495,6674.688,6288.711,5924.402,5579.822,5253.225,4943.043,4647.851,4366.363,4097.404,3839.906,3592.890,3355.457,3126.782,2906.101,2692.707,2485.945,2285.203,2089.907,1899.521,1713.539,1531.480,1352.889,1177.332,1004.393,833.668,664.771,497.323,330.954,165.299,0.000
0.000,24.188,48.354,72.472,96.518,120.466,144.292,167.972,191.484,214.803,237.909,260.778,283.392,305.730,327.774,349.506,370.909,391.968,412.669,432.999,452.946,472.499,491.649,510.388,528.710,546.609,564.081,581.125,597.739,613.923,629.679,645.009,659.918,674.411,688.495,702.178,715.469,728.378,740.916,753.097,764.934,776.440,787.632,798.526,809.138,819.489,829.595,839.476,849.153,858.648,867.980,877.172,886.247,895.228,904.139,913.002,921.844,930.687,939.557,948.479,957.478,966.582,975.814,985.200,994.768,1004.543,1014.552,1024.821,1035.377,1046.246,1057.455,1069.032,1081.002,1093.392,1106.231,1119.545,1133.360,1147.705,1162.606,1178.092,1194.190,1210.928,1228.333,1246.435,1265.262,1284.842,1305.205,1326.379,1348.396,1371.285,1395.078,1419.805,1445.499,1472.192,1499.918,1528.711,1558.607,1589.640,1621.850,1655.273,1689.950,1725.923,1763.233,1801.925,1842.045,1883.642,1926.766,1971.469,2017.806,2065.835,2115.618,2167.218,2220.703,2276.144,2333.616,2393.200,2454.981,2519.047,2585.494,2654.425,2725.947,2800.176,2877.235,2957.257,3040.381,3126.760,3216.556,3309.942,3407.105,3508.246,3613.582,3723.346,3837.790,3957.185,4081.826,4212.029,4348.139,4490.529,4639.604,4795.805,4959.610,5131.541,5312.167,5502.108,5702.045,5912.720,6134.948,6369.624,6617.733,6880.358,7158.695,7454.066,7767.933,8101.922,8457.836,8837.687,9243.719,9678.445,10144.683,10645.604,11184.780,11766.252,12394.597,13075.020,13813.451,14616.660,15492.403,16449.571,17498.376,18650.552,19919.571,21320.860,22872.001,24592.858,26505.565,28634.253,31004.333,33641.100,36567.330,39799.576,43343.009,47185.096,51289.297,55591.146,60000.000,60000.000,60000.000,60000.000,60000.000,60000.000,60000.000,60000.000,60000.000,60000.000,60000.000,60000.000,60000.000,60000.000,55538.642,51184.373,47027.905,43133.764,39538.549,36254.841,33277.509,30590.032,28169.655,25991.097,24028.950,22259.081,20659.346,19209.864,17893.032,16693.396,15597.451,14593.431,13671.086,12821.482,12036.823,11310.293,10635.916,10008.438,9423.231,8876.203,8363.725,7882.575,7429.875,7003.054,6599.807,6218.059,5855.940,5511.760,5183.987,4871.225,4572.205,4285.766,4010.843,3746.458,3491.708,3245.761,3007.844,2777.236,2553.267,2335.308,2122.769,1915.092,1711.750,1512.240,1316.083,1122.818,932.004,743.210,556.019,370.021,184.814,0.000
0.000,26.985,53.944,80.850,107.674,134.389,160.966,187.381,213.605,239.613,265.381,290.884,316.100,341.006,365.581,389.807,413.663,437.133,460.201,482.851,505.072,526.851,548.177,569.042,589.439,609.361,628.805,647.768,666.248,684.246,701.764,718.804,735.371,751.472,767.115,782.307,797.060,811.384,825.294,838.802,851.924,864.675,877.075,889.139,900.889,912.344,923.525,934.454,945.154,955.648,965.960,976.115,986.138,996.055,1005.892,1015.676,1025.433,1035.191,1044.978,1054.822,1064.752,1074.795,1084.981,1095.338,1105.896,1116.683,1127.730,1139.066,1150.719,1162.720,1175.099,1187.885,1201.108,1214.799,1228.986,1243.700,1258.972,1274.831,1291.308,1308.434,1326.238,1344.753,1364.009,1384.038,1404.870,1426.538,1449.074,1472.511,1496.882,1522.219,1548.559,1575.934,1604.380,1633.934,1664.632,1696.512,1729.613,1763.974,1799.638,1836.644,1875.039,1914.867,1956.175,1999.012,2043.427,2089.476,2137.211,2186.692,2237.978,2291.134,2346.226,2403.324,2462.501,2523.837,2587.414,2653.319,2721.644,2792.488,2865.955,2942.157,3021.211,3103.244,3188.390,3276.793,3368.606,3463.995,3563.136,3666.218,3773.444,3885.033,4001.221,4122.260,4248.425,4380.009,4517.331,4660.735,4810.594,4967.311,5131.324,5303.110,5483.184,5672.110,5870.498,6079.017,6298.397,6529.435,6773.005,7030.062,7301.658,7588.949,7893.206,8215.831,8558.374,8922.550,9310.258,9723.609,10164.950,10636.897,11142.372,11684.645,12267.383,12894.702,13571.239,14302.218,15093.542,15951.882,16884.788,17900.809,19009.613,20222.120,21550.624,23008.882,24612.165,26377.192,28321.913,30465.020,32825.084,35419.140,38260.600,41356.380,44703.333,48284.389,52065.314,55993.451,60000.000,60000.000,60000.000,60000.000,60000.000,60000.000,60000.000,60000.000,60000.000,60000.000,60000.000,60000.000,60000.000,60000.000,55934.850,51948.212,48108.969,44469.850,41065.160,37912.022,35013.633,32363.112,29947.071,27748.486,25748.794,23929.294,22272.025,20760.245,19378.660,18113.478,16952.370,15884.376,14899.784,13990.001,13147.427,12365.340,11637.787,10959.486,10325.747,9732.393,9175.699,8652.334,8159.312,7693.951,7253.836,6836.788,6440.836,6064.190,5705.224,5362.456,5034.532,4720.212,4418.356,4127.916,3847.922,3577.478,3315.750,3061.963,2815.391,2575.355,2341.214,2112.366,1888.236,1668.280,1451.977,1238.827,1028.346,820.068,613.536,408.306,203.939,0.000
0.000,29.816,59.604,89.332,118.969,148.484,177.847,207.027,235.996,264.724,293.185,321.352,349.198,376.700,403.833,430.577,456.910,482.813,508.268,533.260,557.773,581.794,605.312,628.317,650.801,672.758,694.182,715.071,735.424,755.240,774.522,793.274,811.501,829.208,846.407,863.105,879.314,895.048,910.320,925.146,939.544,953.530,967.124,980.347,993.219,1005.764,1018.004,1029.965,1041.671,1053.147,1064.421,1075.520,1086.471,1097.303,1108.046,1118.728,1129.380,1140.032,1150.714,1161.458,1172.294,1183.254,1194.371,1205.676,1217.200,1228.976,1241.037,1253.415,1266.142,1279.252,1292.776,1306.747,1321.199,1336.164,1351.676,1367.766,1384.469,1401.817,1419.845,1438.585,1458.071,1478.337,1499.417,1521.345,1544.156,1567.885,1592.567,1618.237,1644.932,1672.689,1701.545,1731.537,1762.704,1795.086,1828.722,1863.654,1899.924,1937.577,1976.655,2017.206,2059.276,2102.916,2148.176,2195.109,2243.771,2294.218,2346.511,2400.712,2456.887,2515.105,2575.437,2637.961,2702.755,2769.905,2839.500,2911.635,2986.408,3063.927,3144.305,3227.660,3314.121,3403.824,3496.913,3593.543,3693.880,3798.102,3906.398,4018.972,4136.042,4257.843,4384.628,4516.668,4654.257,4797.709,4947.366,5103.596,5266.798,5437.401,5615.875,5802.726,5998.503,6203.805,6419.284,6645.647,6883.668,7134.190,7398.138,7676.520,7970.442,8281.120,8609.887,8958.210,9327.707,9720.161,10137.545,10582.039,11056.062,11562.298,12103.730,12683.679,13305.847,13974.368,14693.857,15469.478,16307.009,17212.914,18194.423,19259.612,20417.478,21678.007,23052.217,24552.158,26190.842,27982.071,29940.092,32079.030,34412.018,36949.929,39699.681,42662.121,45829.637,49183.876,52694.155,56317.358,60000.000,60000.000,60000.000,60000.000,60000.000,60000.000,60000.000,60000.000,60000.000,60000.000,60000.000,60000.000,60000.000,60000.000,56252.562,52564.684,48989.946,45571.555,42340.273,39314.521,36501.964,33901.795,31507.121,29307.083,27288.551,25437.389,23739.332,22180.556,20748.014,19429.619,18214.311,17092.059,16053.816,15091.455,14197.690,13366.001,12590.552,11866.120,11188.025,10552.072,9954.491,9391.895,8861.230,8359.742,7884.937,7434.559,7006.557,6599.067,6210.387,5838.964,5483.372,5142.307,4814.563,4499.031,4194.685,3900.571,3615.804,3339.557,3071.057,2809.577,2554.434,2304.981,2060.603,1820.716,1584.761,1352.200,1122.514,895.200,669.769,445.739,222.639,0.000
0.000,32.686,65.341,97.930,130.418,162.771,194.956,226.939,258.688,290.171,321.359,352.221,382.730,412.857,442.578,471.868,500.704,529.065,556.931,584.285,611.110,637.393,663.119,688.279,712.864,736.866,760.281,783.104,805.336,826.976,848.027,868.492,888.377,907.691,926.441,944.641,962.301,979.437,996.063,1012.198,1027.859,1043.068,1057.843,1072.209,1086.189,1099.808,1113.090,1126.063,1138.755,1151.194,1163.409,1175.430,1187.288,1199.013,1210.639,1222.197,1233.720,1245.241,1256.794,1268.412,1280.130,1291.983,1304.005,1316.231,1328.696,1341.435,1354.484,1367.878,1381.653,1395.844,1410.486,1425.617,1441.271,1457.484,1474.292,1491.731,1509.838,1528.648,1548.198,1568.524,1589.663,1611.652,1634.527,1658.325,1683.086,1708.845,1735.642,1763.515,1792.504,1822.647,1853.986,1886.561,1920.414,1955.588,1992.126,2030.072,2069.473,2110.376,2152.827,2196.878,2242.579,2289.983,2339.146,2390.124,2442.977,2497.767,2554.557,2613.416,2674.413,2737.623,2803.124,2870.995,2941.324,3014.201,3089.722,3167.987,3249.105,3333.187,3420.356,3510.738,3604.471,3701.699,3802.576,3907.269,4015.953,4128.818,4246.066,4367.912,4494.590,4626.350,4763.458,4906.205,5054.899,5209.877,5371.499,5540.154,5716.263,5900.283,6092.707,6294.068,6504.946,6725.970,6957.825,7201.253,7457.066,7726.145,8009.455,8308.048,8623.076,8955.800,9307.601,9679.997,10074.654,10493.407,10938.275,11411.485,11915.496,12453.026,13027.082,13640.993,14298.447,15003.539,15760.803,16575.274,17452.533,18398.757,19420.776,20526.118,21723.042,23020.557,24428.405,25956.994,27617.260,29420.422,31377.593,33499.208,35794.223,38269.046,40926.220,43762.904,46769.312,49927.389,53210.114,56581.839,60000.000,60000.000,60000.000,60000.000,60000.000,60000.000,60000.000,60000.000,60000.000,60000.000,60000.000,60000.000,60000.000,60000.000,56510.733,53068.045,49714.617,46486.203,43409.920,40503.901,37777.991,35235.076,32872.640,30684.284,28661.056,26792.504,25067.491,23474.769,22003.362,20642.819,19383.347,18215.888,17132.124,16124.470,15186.038,14310.583,13492.464,12726.580,12008.325,11333.538,10698.459,10099.683,9534.130,8999.003,8491.763,8010.101,7551.913,7115.276,6698.433,6299.773,5917.817,5551.203,5198.677,4859.075,4531.323,4214.421,3907.435,3609.496,3319.788,3037.542,2762.037,2492.585,2228.538,1969.273,1714.196,1462.737,1214.342,968.476,724.617,482.253,240.881,0.000
0.000,35.599,71.163,106.655,142.036,177.268,212.316,247.142,281.710,315.987,349.939,383.533,416.738,449.525,481.865,513.731,545.099,575.946,606.248,635.988,665.148,693.711,721.665,748.996,775.697,801.757,827.173,851.941,876.059,899.527,922.350,944.530,966.074,986.991,1007.291,1026.987,1046.091,1064.621,1082.592,1100.024,1116.937,1133.353,1149.296,1164.789,1179.859,1194.532,1208.837,1222.803,1236.460,1249.840,1262.973,1275.893,1288.633,1301.228,1313.712,1326.119,1338.487,1350.851,1363.247,1375.713,1388.286,1401.003,1413.902,1427.022,1440.399,1454.073,1468.081,1482.463,1497.256,1512.500,1528.232,1544.492,1561.318,1578.749,1596.825,1615.584,1635.064,1655.306,1676.348,1698.230,1720.991,1744.671,1769.310,1794.948,1821.625,1849.383,1878.262,1908.304,1939.551,1972.046,2005.832,2040.954,2077.456,2115.383,2154.783,2195.703,2238.192,2282.300,2328.080,2375.583,2424.866,2475.984,2528.997,2583.964,2640.950,2700.021,2761.245,2824.694,2890.443,2958.571,3029.160,3102.296,3178.071,3256.582,3337.929,3422.221,3509.570,3600.097,3693.930,3791.204,3892.064,3996.663,4105.164,4217.743,4334.586,4455.891,4581.873,4712.759,4848.795,4990.243,5137.386,5290.526,5449.990,5616.130,5789.324,5969.980,6158.540,6355.479,6561.314,6776.602,7001.947,7238.005,7485.487,7745.165,8017.880,8304.546,8606.159,8923.805,9258.670,9612.050,9985.360,10380.154,10798.129,11241.150,11711.264,12210.721,12741.991,13307.797,13911.135,14555.304,15243.941,15981.050,16771.042,17618.769,18529.559,19509.255,20564.240,21701.457,22928.411,24253.151,25684.208,27230.488,28901.094,30705.050,32650.912,34746.226,36996.833,39405.998,41973.409,44694.094,47557.418,50546.330,53637.116,56799.901,60000.000,60000.000,60000.000,60000.000,60000.000,60000.000,60000.000,60000.000,60000.000,60000.000,60000.000,60000.000,60000.000,60000.000,56722.346,53482.177,50314.319,47248.777,44309.375,41513.253,38871.116,36387.981,34064.189,31896.482,29879.014,28004.217,26263.506,24647.818,23148.005,21755.107,20460.538,19256.189,18134.492,17088.440,16111.582,15198.008,14342.318,13539.588,12785.334,12075.475,11406.298,10774.423,10176.774,9610.545,9073.177,8562.333,8075.875,7611.845,7168.445,6744.023,6337.059,5946.149,5569.995,5207.394,4857.231,4518.465,4190.125,3871.304,3561.147,3258.853,2963.663,2674.858,2391.754,2113.698,1840.064,1570.251,1303.675,1039.772,777.990,517.788,258.634,0.000
0.000,38.558,77.079,115.520,153.839,191.997,229.952,267.664,305.095,342.207,378.963,415.329,451.268,486.751,521.745,556.221,590.153,623.514,656.281,688.433,719.951,750.818,781.018,810.539,839.370,867.503,894.932,921.653,947.665,972.968,997.566,1021.462,1044.665,1067.184,1089.030,1110.215,1130.757,1150.670,1169.976,1188.693,1206.844,1224.453,1241.546,1258.148,1274.289,1289.997,1305.304,1320.240,1334.839,1349.135,1363.162,1376.955,1390.552,1403.988,1417.302,1430.532,1443.716,1456.893,1470.104,1483.388,1496.786,1510.337,1524.084,1538.066,1552.325,1566.902,1581.839,1597.176,1612.957,1629.221,1646.011,1663.369,1681.336,1699.954,1719.265,1739.311,1760.133,1781.774,1804.276,1827.680,1852.030,1877.368,1903.737,1931.180,1959.740,1989.460,2020.386,2052.560,2086.030,2120.839,2157.034,2194.663,2233.773,2274.413,2316.632,2360.481,2406.013,2453.281,2502.340,2553.246,2606.058,2660.836,2717.641,2776.539,2837.597,2900.884,2966.473,3034.441,3104.866,3177.832,3253.426,3331.738,3412.866,3496.911,3583.980,3674.186,3767.648,3864.494,3964.857,4068.880,4176.714,4288.521,4404.472,4524.751,4649.552,4779.085,4913.572,5053.252,5198.382,5349.235,5506.107,5669.313,5839.194,6016.114,6200.469,6392.682,6593.212,6802.552,7021.236,7249.842,7488.995,7739.370,8001.701,8276.783,8565.480,8868.730,9187.552,9523.058,9876.457,10249.067,10642.327,11057.809,11497.228,11962.461,12455.562,12978.780,13534.577,14125.650,14754.957,15425.736,16141.534,16906.237,17724.089,18599.723,19538.186,20544.954,21625.943,22787.509,24036.425,25379.836,26825.172,28380.017,30051.915,31848.087,33775.066,35838.211,38041.114,40384.908,42867.495,45482.789,48220.050,51063.475,53992.169,56980.665,60000.000,60000.000,60000.000,60000.000,60000.000,60000.000,60000.000,60000.000,60000.000,60000.000,60000.000,60000.000,60000.000,60000.000,56896.494,53824.035,50811.754,47885.278,45065.627,42368.710,39805.341,37381.657,35099.777,32958.575,30954.443,29081.994,27334.656,25705.158,24185.903,22769.245,21447.688,20214.023,19061.404,17983.404,16974.034,16027.742,15139.406,14304.314,13518.141,12776.921,12077.024,11415.126,10788.183,10193.408,9628.246,9090.355,8577.582,8087.951,7619.641,7170.974,6740.399,6326.484,5927.899,5543.411,5171.870,4812.204,4463.412,4124.553,3794.745,3473.153,3158.990,2851.507,2549.991,2253.762,1962.166,1674.573,1390.373,1108.976,829.803,552.288,275.871,0.000
0.000,41.569,83.096,124.537,165.845,206.977,247.887,288.534,328.874,368.867,408.472,447.651,486.367,524.584,562.270,599.393,635.922,671.830,707.092,741.685,775.587,808.781,841.250,872.979,903.959,934.179,963.633,992.318,1020.232,1047.375,1073.752,1099.366,1124.227,1148.345,1171.731,1194.401,1216.370,1237.658,1258.285,1278.274,1297.648,1316.434,1334.658,1352.350,1369.541,1386.262,1402.547,1418.430,1433.946,1449.131,1464.025,1478.664,1493.088,1507.336,1521.451,1535.472,1549.441,1563.402,1577.395,1591.465,1605.655,1620.008,1634.569,1649.380,1664.488,1679.935,1695.766,1712.026,1728.759,1746.011,1763.825,1782.246,1801.320,1821.090,1841.602,1862.900,1885.029,1908.034,1931.961,1956.853,1982.756,2009.716,2037.779,2066.990,2097.395,2129.041,2161.975,2196.244,2231.896,2268.979,2307.542,2347.636,2389.312,2432.619,2477.613,2524.345,2572.872,2623.250,2675.537,2729.792,2786.078,2844.457,2904.995,2967.760,3032.824,3100.259,3170.142,3242.553,3317.575,3395.294,3475.804,3559.199,3645.581,3735.056,3827.736,3923.739,4023.190,4126.221,4232.973,4343.595,4458.244,4577.088,4700.307,4828.090,4960.641,5098.178,5240.931,5389.148,5543.096,5703.059,5869.342,6042.272,6222.200,6409.505,6604.593,6807.903,7019.904,7241.107,7472.060,7713.355,7965.633,8229.587,8505.966,8795.583,9099.317,9418.123,9753.037,10105.185,10475.790,10866.184,11277.813,11712.256,12171.232,12656.612,13170.440,13714.945,14292.557,14905.929,15557.951,16251.776,16990.839,17778.873,18619.933,19518.413,20479.054,21506.957,22607.575,23786.696,25050.408,26405.036,27857.042,29412.885,31078.825,32860.655,34763.364,36790.717,38944.758,41225.244,43629.063,46149.670,48776.642,51495.437,54287.475,57130.607,60000.000,60000.000,60000.000,60000.000,60000.000,60000.000,60000.000,60000.000,60000.000,60000.000,60000.000,60000.000,60000.000,60000.000,57039.621,54105.753,51223.442,48415.023,45699.229,43090.718,40599.995,38233.653,35994.825,33883.745,31898.347,30034.825,28288.139,26652.435,25121.389,23688.471,22347.145,21091.009,19913.899,18809.946,17773.616,16799.729,15883.459,15020.330,14206.201,13437.251,12709.957,12021.077,11367.626,10746.856,10156.239,9593.447,9056.333,8542.916,8051.369,7580.001,7127.244,6691.647,6271.859,5866.624,5474.769,5095.200,4726.888,4368.868,4020.233,3680.124,3347.728,3022.271,2703.016,2389.259,2080.321,1775.549,1474.310,1175.988,879.982,585.702,292.567,0.000
0.000,44.634,89.223,133.718,178.070,222.229,266.149,309.781,353.081,396.004,438.506,480.545,522.082,563.078,603.496,643.304,682.467,720.958,758.747,795.810,832.125,867.672,902.432,936.391,969.536,1001.860,1033.353,1064.013,1093.837,1122.827,1150.985,1178.320,1204.838,1230.551,1255.473,1279.619,1303.008,1325.659,1347.595,1368.840,1389.420,1409.363,1428.699,1447.460,1465.678,1483.388,1500.626,1517.428,1533.833,1549.881,1565.611,1581.065,1596.286,1611.316,1626.198,1640.977,1655.699,1670.408,1685.150,1699.971,1714.918,1730.038,1745.377,1760.982,1776.902,1793.183,1809.873,1827.019,1844.669,1862.872,1881.673,1901.121,1921.265,1942.150,1963.826,1986.339,2009.738,2034.070,2059.383,2085.726,2113.144,2141.688,2171.407,2202.347,2234.558,2268.089,2302.991,2339.313,2377.105,2416.419,2457.308,2499.823,2544.018,2589.947,2637.667,2687.233,2738.704,2792.139,2847.600,2905.148,2964.849,3026.769,3090.977,3157.544,3226.544,3298.055,3372.155,3448.930,3528.464,3610.851,3696.184,3784.564,3876.097,3970.892,4069.067,4170.744,4276.053,4385.132,4498.126,4615.189,4736.486,4862.189,4992.485,5127.570,5267.655,5412.963,5563.733,5720.222,5882.703,6051.469,6226.833,6409.133,6598.729,6796.009,7001.390,7215.320,7438.282,7670.794,7913.418,8166.757,8431.463,8708.240,8997.850,9301.114,9618.924,9952.242,10302.115,10669.673,11056.145,11462.864,11891.276,12342.951,12819.598,13323.071,13855.386,14418.735,15015.497,15648.260,16319.830,17033.254,17791.829,18599.122,19458.981,20375.544,21353.245,22396.810,23511.246,24701.811,25973.972,27333.330,28785.522,30336.079,31990.240,33752.709,35627.352,37616.841,39722.226,41942.485,44274.047,46710.356,49241.542,51854.250,54531.744,57254.309,60000.000,60000.000,60000.000,60000.000,60000.000,60000.000,60000.000,60000.000,60000.000,60000.000,60000.000,60000.000,60000.000,60000.000,57156.262,54335.960,51561.300,48852.221,46225.642,43695.047,41270.391,38958.272,36762.271,34683.392,32720.543,30870.999,29130.827,27495.250,25958.950,24516.315,23161.623,21889.188,20693.457,19569.085,18510.978,17514.323,16574.597,15687.571,14849.308,14056.147,13304.697,12591.817,11914.601,11270.361,10656.615,10071.064,9511.584,8976.205,8463.107,7970.597,7497.105,7041.169,6601.427,6176.611,5765.532,5367.077,4980.202,4603.922,4237.311,3879.489,3529.623,3186.921,2850.625,2520.008,2194.373,1873.045,1555.372,1240.716,928.458,617.986,308.699,0.000
0.000,47.759,95.470,143.078,190.532,237.777,284.762,331.436,377.751,423.657,469.107,514.057,558.463,602.283,645.479,688.014,729.852,770.961,811.313,850.880,889.637,927.563,964.639,1000.850,1036.182,1070.625,1104.171,1136.817,1168.560,1199.402,1229.348,1258.403,1286.577,1313.883,1340.334,1365.948,1390.745,1414.747,1437.977,1460.462,1482.230,1503.311,1523.738,1543.544,1562.765,1581.437,1599.600,1617.293,1634.558,1651.437,1667.972,1684.208,1700.192,1715.968,1731.584,1747.086,1762.524,1777.945,1793.398,1808.933,1824.600,1840.448,1856.527,1872.889,1889.582,1906.658,1924.168,1942.162,1960.690,1979.804,1999.554,2019.991,2041.164,2063.126,2085.926,2109.616,2134.245,2159.864,2186.524,2214.276,2243.170,2273.258,2304.590,2337.218,2371.193,2406.568,2443.395,2481.726,2521.615,2563.116,2606.283,2651.172,2697.839,2746.340,2796.736,2849.084,2903.446,2959.884,3018.461,3079.243,3142.298,3207.695,3275.506,3345.806,3418.670,3494.181,3572.420,3653.475,3737.436,3824.397,3914.457,4007.721,4104.296,4204.299,4307.848,4415.071,4526.104,4641.086,4760.170,4883.513,5011.284,5143.663,5280.839,5423.016,5570.410,5723.250,5881.781,6046.267,6216.987,6394.240,6578.348,6769.655,6968.528,7175.364,7390.586,7614.651,7848.049,8091.307,8344.992,8609.718,8886.142,9174.976,9476.986,9793.001,10123.915,10470.694,10834.384,11216.116,11617.113,12038.700,12482.313,12949.503,13441.956,13961.493,14510.091,15089.889,15703.201,16352.532,17040.591,17770.297,18544.801,19367.488,20241.988,21172.182,22162.195,23216.395,24339.368,25535.889,26810.871,28169.296,29616.116,31156.120,32793.770,34532.979,36376.856,38327.394,40385.114,42548.682,44814.502,47176.348,49625.061,52148.382,54731.005,57354.907,60000.000,60000.000,60000.000,60000.000,60000.000,60000.000,60000.000,60000.000,60000.000,60000.000,60000.000,60000.000,60000.000,60000.000,57249.497,54520.573,51833.643,49207.006,46656.176,44193.554,41828.384,39566.923,37412.757,35367.183,33429.618,31597.997,29869.125,28238.998,26703.064,25256.438,23894.073,22610.894,21401.891,20262.197,19187.130,18172.230,17213.275,16306.291,15447.551,14633.571,13861.104,13127.127,12428.829,11763.600,11129.017,10522.828,9942.943,9387.421,8854.457,8342.370,7849.597,7374.676,6916.244,6473.026,6043.827,5627.524,5223.060,4829.440,4445.721,4071.011,3704.460,3345.261,2992.639,2645.851,2304.183,1966.943,1633.461,1303.084,975.173,649.101,324.248,0.000
0.000,50.949,101.845,152.631,203.249,253.642,303.754,353.531,402.919,451.865,500.320,548.234,595.561,642.256,688.277,733.584,778.139,821.908,864.860,906.965,948.196,988.531,1027.951,1066.436,1103.975,1140.555,1176.169,1210.813,1244.485,1277.186,1308.922,1339.698,1369.527,1398.420,1426.395,1453.468,1479.662,1505.001,1529.509,1553.216,1576.151,1598.349,1619.842,1640.668,1660.864,1680.471,1699.530,1718.083,1736.175,1753.851,1771.157,1788.141,1804.851,1821.337,1837.649,1853.836,1869.951,1886.045,1902.170,1918.379,1934.725,1951.261,1968.041,1985.117,2002.543,2020.373,2038.662,2057.461,2076.827,2096.810,2117.467,2138.850,2161.013,2184.009,2207.892,2232.716,2258.533,2285.398,2313.362,2342.482,2372.808,2404.396,2437.299,2471.571,2507.267,2544.441,2583.147,2623.442,2665.382,2709.022,2754.420,2801.633,2850.722,2901.745,2954.763,3009.839,3067.036,3126.418,3188.052,3252.007,3318.352,3387.160,3458.505,3532.465,3609.120,3688.552,3770.848,3856.097,3944.393,4035.834,4130.521,4228.562,4330.070,4435.161,4543.961,4656.600,4773.215,4893.954,5018.969,5148.424,5282.492,5421.357,5565.212,5714.266,5868.738,6028.864,6194.894,6367.095,6545.753,6731.172,6923.678,7123.621,7331.374,7547.337,7771.942,8005.647,8248.949,8502.380,8766.512,9041.960,9329.386,9629.502,9943.078,10270.942,10613.985,10973.171,11349.540,11744.212,12158.400,12593.411,13050.659,13531.670,14038.093,14571.707,15134.435,15728.352,16355.694,17018.872,17720.480,18463.304,19250.334,20084.765,20970.008,21909.684,22907.622,23967.848,25094.560,26292.097,27564.893,28917.407,30354.036,31879.000,33496.192,35209.001,37020.085,38931.115,40942.471,43052.902,45259.167,47555.671,49934.127,52383.323,54889.053,57434.338,60000.000,60000.000,60000.000,60000.000,60000.000,60000.000,60000.000,60000.000,60000.000,60000.000,60000.000,60000.000,60000.000,60000.000,57321.184,54663.244,52045.769,49486.076,46998.612,44594.740,42282.814,40068.442,37954.827,35943.153,34032.952,32222.455,30508.896,28888.780,27358.104,25912.540,24547.584,23258.673,22041.271,20890.938,19803.372,18774.449,17800.241,16877.025,16001.290,15169.736,14379.273,13627.006,12910.234,12226.436,11573.261,10948.518,10350.166,9776.299,9225.143,8695.037,8184.434,7691.884,7216.030,6755.598,6309.393,5876.289,5455.225,5045.196,4645.253,4254.493,3872.057,3497.124,3128.908,2766.654,2409.634,2057.142,1708.495,1363.024,1020.078,679.013,339.196,0.000
0.000,54.208,108.359,162.390,216.241,269.849,323.155,376.098,428.623,480.671,532.190,583.127,633.431,683.053,731.950,780.077,827.395,873.867,919.459,964.139,1007.879,1050.655,1092.445,1133.231,1172.998,1211.734,1249.432,1286.087,1321.696,1356.263,1389.792,1422.291,1453.772,1484.248,1513.738,1542.260,1569.839,1596.498,1622.268,1647.177,1671.259,1694.548,1717.083,1738.901,1760.044,1780.555,1800.477,1819.857,1838.741,1857.179,1875.219,1892.912,1910.311,1927.467,1944.434,1961.265,1978.016,1994.741,2011.496,2028.337,2045.319,2062.500,2079.935,2097.683,2115.798,2134.339,2153.362,2172.924,2193.081,2213.891,2235.411,2257.696,2280.804,2304.791,2329.713,2355.626,2382.587,2410.652,2439.878,2470.320,2502.034,2535.077,2569.506,2605.377,2642.746,2681.672,2722.211,2764.422,2808.362,2854.092,2901.670,2951.158,3002.616,3056.106,3111.692,3169.439,3229.412,3291.679,3356.309,3423.372,3492.941,3565.091,3639.899,3717.445,3797.811,3881.084,3967.351,4056.706,4149.244,4245.066,4344.278,4446.988,4553.313,4663.373,4777.295,4895.213,5017.269,5143.611,5274.397,5409.794,5549.976,5695.132,5845.460,6001.170,6162.487,6329.649,6502.909,6682.540,6868.829,7062.086,7262.639,7470.841,7687.071,7911.730,8145.251,8388.098,8640.769,8903.796,9177.753,9463.255,9760.963,10071.588,10395.895,10734.707,11088.909,11459.455,11847.370,12253.763,12679.823,13126.834,13596.180,14089.351,14607.950,15153.705,15728.476,16334.260,16973.207,17647.622,18359.976,19112.911,19909.251,20751.998,21644.341,22589.649,23591.465,24653.494,25779.580,26973.676,28239.800,29581.978,31004.168,32510.166,34103.481,35787.196,37563.781,39434.888,41401.090,43461.585,45613.851,47853.252,50172.620,52561.849,55007.622,57493.415,60000.000,60000.000,60000.000,60000.000,60000.000,60000.000,60000.000,60000.000,60000.000,60000.000,60000.000,60000.000,60000.000,60000.000,57372.033,54765.509,52200.194,49693.022,47257.582,44904.120,42639.850,40469.378,38395.148,36417.853,34536.797,32750.201,31055.462,29449.369,27928.284,26488.291,25125.313,23835.211,22613.855,21457.183,20361.245,19322.230,18336.490,17400.552,16511.120,15665.083,14859.513,14091.655,13358.925,12658.903,11989.323,11348.064,10733.142,10142.701,9575.003,9028.421,8501.430,7992.600,7500.588,7024.129,6562.035,6113.182,5676.510,5251.014,4835.739,4429.779,4032.268,3642.377,3259.312,2882.309,2510.630,2143.559,1780.402,1420.480,1063.128,707.694,353.531,0.000
0.000,57.541,115.021,172.372,229.528,286.423,342.993,399.173,454.902,510.119,564.766,618.786,672.126,724.734,776.561,827.561,877.691,926.912,975.186,1022.481,1068.766,1114.015,1158.206,1201.318,1243.336,1284.249,1324.047,1362.725,1400.283,1436.722,1472.048,1506.270,1539.399,1571.453,1602.449,1632.409,1661.357,1689.322,1716.333,1742.423,1767.628,1791.984,1815.532,1838.313,1860.371,1881.752,1902.504,1922.674,1942.314,1961.474,1980.209,1998.571,2016.617,2034.400,2051.980,2069.412,2086.755,2104.066,2121.406,2138.832,2156.405,2174.185,2192.231,2210.603,2229.361,2248.565,2268.276,2288.554,2309.458,2331.048,2353.383,2376.524,2400.531,2425.461,2451.375,2478.332,2506.391,2535.610,2566.049,2597.767,2630.821,2665.272,2701.179,2738.600,2777.595,2818.224,2860.547,2904.623,2950.514,2998.282,3047.988,3099.696,3153.468,3209.370,3267.467,3327.826,3390.516,3455.605,3523.166,3593.271,3665.995,3741.417,3819.613,3900.669,3984.667,4071.696,4161.848,4255.217,4351.901,4452.005,4555.634,4662.902,4773.927,4888.831,5007.745,5130.805,5258.155,5389.946,5526.338,5667.500,5813.612,5964.862,6121.453,6283.595,6451.518,6625.461,6805.681,6992.451,7186.063,7386.825,7595.071,7811.154,8035.453,8268.371,8510.342,8761.830,9023.331,9295.377,9578.538,9873.428,10180.701,10501.063,10835.271,11184.138,11548.537,11929.406,12327.753,12744.664,13181.302,13638.920,14118.863,14622.576,15151.611,15707.635,16292.434,16907.923,17556.153,18239.318,18959.756,19719.963,20522.588,21370.443,22266.496,23213.871,24215.838,25275.802,26397.285,27583.895,28839.293,30167.147,31571.073,33054.560,34620.884,36272.998,38013.399,39843.971,41765.779,43778.817,45881.674,48071.096,50341.431,52683.963,55086.251,57531.729,60000.000,60000.000,60000.000,60000.000,60000.000,60000.000,60000.000,60000.000,60000.000,60000.000,60000.000,60000.000,60000.000,60000.000,57401.476,54826.630,52296.566,49828.350,47434.707,45124.465,42903.264,40774.264,38738.739,36796.534,34946.416,33186.336,31513.636,29925.211,28417.643,26987.303,25630.449,24343.289,23122.042,21962.986,20862.487,19817.029,18823.232,17877.863,16977.843,16120.252,15302.325,14521.455,13775.184,13061.200,12377.330,11721.532,11091.891,10486.605,9903.985,9342.444,8800.488,8276.713,7769.797,7278.492,6801.622,6338.071,5886.787,5446.766,5017.057,4596.751,4184.981,3780.915,3383.755,2992.729,2607.095,2226.128,1849.128,1475.407,1104.292,735.122,367.241,0.000
0.000,60.954,121.841,182.591,243.131,303.390,363.299,422.790,481.796,540.252,598.096,655.267,711.707,767.361,822.176,876.104,929.098,981.116,1032.119,1082.070,1130.939,1178.697,1225.320,1270.786,1315.080,1358.189,1400.104,1440.820,1480.335,1518.653,1555.779,1591.723,1626.498,1660.123,1692.616,1724.000,1754.304,1783.555,1811.787,1839.035,1865.336,1890.731,1915.262,1938.974,1961.914,1984.130,2005.674,2026.596,2046.951,2066.794,2086.180,2105.168,2123.816,2142.183,2160.329,2178.314,2196.202,2214.052,2231.928,2249.893,2268.008,2286.338,2304.945,2323.893,2343.245,2363.064,2383.414,2404.358,2425.958,2448.279,2471.382,2495.330,2520.186,2546.011,2572.869,2600.820,2629.927,2660.252,2691.855,2724.799,2759.145,2794.954,2832.289,2871.210,2911.780,2954.061,2998.116,3044.006,3091.795,3141.548,3193.327,3247.199,3303.230,3361.485,3422.034,3484.945,3550.288,3618.136,3688.562,3761.641,3837.450,3916.068,3997.578,4082.064,4169.612,4260.312,4354.259,4451.548,4552.281,4656.562,4764.502,4876.214,4991.819,5111.441,5235.214,5363.274,5495.769,5632.851,5774.683,5921.434,6073.286,6230.432,6393.072,6561.421,6735.709,6916.177,7103.082,7296.700,7497.321,7705.257,7920.840,8144.422,8376.383,8617.124,8867.078,9126.706,9396.500,9676.989,9968.738,10272.351,10588.478,10917.814,11261.102,11619.143,11992.791,12382.966,12790.652,13216.906,13662.860,14129.727,14618.809,15131.499,15669.291,16233.782,16826.679,17449.807,18105.112,18794.667,19520.679,20285.487,21091.569,21941.542,22838.160,23784.307,24782.996,25837.351,26950.595,28126.030,29367.005,30676.891,32059.030,33516.699,35053.044,36671.022,38373.318,40162.247,42039.626,44006.574,46063.229,48208.275,50438.242,52746.462,55121.776,57547.280,60000.000,60000.000,60000.000,60000.000,60000.000,60000.000,60000.000,60000.000,60000.000,60000.000,60000.000,60000.000,60000.000,60000.000,57407.284,54843.040,52331.191,49889.228,47528.579,45255.939,43074.667,40985.884,38989.235,37083.368,35266.249,33535.354,31887.808,30320.480,28830.061,27413.126,26066.191,24785.757,23568.348,22410.541,21308.998,20260.478,19261.856,18310.134,17402.446,16536.059,15708.381,14916.953,14159.448,13433.670,12737.545,12069.119,11426.551,10808.103,10212.142,9637.125,9081.600,8544.193,8023.611,7518.628,7028.084,6550.881,6085.974,5632.371,5189.124,4755.329,4330.120,3912.667,3502.169,3097.853,2698.973,2304.802,1914.632,1527.773,1143.544,761.279,380.316,0.000
0.000,64.452,128.832,193.064,257.072,320.777,384.107,446.989,509.349,571.120,632.234,692.626,752.234,810.998,868.864,925.779,981.692,1036.559,1090.338,1142.991,1194.485,1244.788,1293.876,1341.726,1388.321,1433.648,1477.698,1520.465,1561.948,1602.150,1641.079,1678.745,1715.162,1750.349,1784.328,1817.124,1848.765,1879.283,1908.713,1937.094,1964.464,1990.867,2016.349,2040.958,2064.743,2087.756,2110.051,2131.684,2152.711,2173.192,2193.186,2212.753,2231.956,2250.857,2269.521,2288.011,2306.394,2324.732,2343.094,2361.545,2380.151,2398.979,2418.096,2437.568,2457.462,2477.844,2498.781,2520.340,2542.585,2565.585,2589.403,2614.107,2639.761,2666.430,2694.180,2723.074,2753.179,2784.557,2817.273,2851.393,2886.978,2924.094,2962.805,3003.175,3045.267,3089.147,3134.880,3182.530,3232.162,3283.844,3337.640,3393.619,3451.849,3512.399,3575.339,3640.738,3708.672,3779.212,3852.435,3928.417,4007.239,4088.980,4173.725,4261.560,4352.573,4446.858,4544.507,4645.622,4750.303,4858.657,4970.797,5086.838,5206.901,5331.114,5459.610,5592.528,5730.017,5872.231,6019.333,6171.495,6328.899,6491.737,6660.212,6834.541,7014.952,7201.687,7395.003,7595.176,7802.494,8017.270,8239.833,8470.535,8709.751,8957.881,9215.353,9482.623,9760.178,10048.539,10348.264,10659.947,10984.226,11321.783,11673.345,12039.695,12421.666,12820.153,13236.112,13670.565,14124.608,14599.412,15096.227,15616.389,16161.327,16732.562,17331.718,17960.522,18620.811,19314.535,20043.760,20810.671,21617.574,22466.891,23361.165,24303.051,25295.312,26340.808,27442.486,28603.366,29826.522,31115.062,32472.109,33900.777,35404.152,36985.271,38647.105,40392.536,42224.319,44144.996,46156.711,48260.803,50457.009,52742.024,55107.206,57535.648,60000.000,60000.000,60000.000,60000.000,60000.000,60000.000,60000.000,60000.000,60000.000,60000.000,60000.000,60000.000,60000.000,60000.000,57384.670,54807.136,52296.039,49868.931,47534.607,45296.232,43153.787,41105.598,39149.191,37281.712,35500.127,33801.306,32182.055,30639.142,29169.303,27769.264,26435.753,25165.526,23955.376,22802.162,21702.815,20654.357,19653.909,18698.699,17786.070,16913.480,16078.505,15278.840,14512.293,13776.788,13070.357,12391.138,11737.371,11107.389,10499.619,9912.572,9344.839,8795.087,8262.053,7744.541,7241.413,6751.590,6274.043,5807.792,5351.900,4905.469,4467.641,4037.588,3614.511,3197.640,2786.227,2379.545,1976.885,1577.553,1180.867,786.155,392.752,0.000
0.000,68.041,136.005,203.810,271.373,338.613,405.451,471.807,537.605,602.771,667.233,730.921,793.769,855.714,916.696,976.660,1035.551,1093.323,1149.930,1205.332,1259.492,1312.380,1363.968,1414.232,1463.156,1510.723,1556.926,1601.758,1645.219,1687.313,1728.047,1767.432,1805.486,1842.227,1877.680,1911.871,1944.831,1976.594,2007.198,2036.683,2065.092,2092.472,2118.870,2144.338,2168.929,2192.698,2215.703,2238.002,2259.656,2280.728,2301.280,2321.377,2341.085,2360.469,2379.599,2398.542,2417.365,2436.139,2454.933,2473.816,2492.859,2512.131,2531.703,2551.644,2572.025,2592.916,2614.385,2636.504,2659.340,2682.964,2707.445,2732.850,2759.248,2786.707,2815.295,2845.079,2876.127,2908.506,2942.282,2977.523,3014.295,3052.664,3092.697,3134.461,3178.021,3223.446,3270.801,3320.154,3371.573,3425.126,3480.882,3538.909,3599.278,3662.061,3727.328,3795.152,3865.610,3938.775,4014.725,4093.540,4175.299,4260.086,4347.987,4439.089,4533.483,4631.261,4732.521,4837.363,4945.891,5058.213,5174.441,5294.693,5419.092,5547.766,5680.849,5818.482,5960.813,6107.998,6260.201,6417.593,6580.357,6748.686,6922.783,7102.863,7289.154,7481.898,7681.351,7887.786,8101.491,8322.775,8551.964,8789.408,9035.475,9290.564,9555.093,9829.513,10114.303,10409.974,10717.074,11036.183,11367.926,11712.967,12072.015,12445.830,12835.221,13241.054,13664.251,14105.799,14566.750,15048.227,15551.425,16077.619,16628.165,17204.507,17808.179,18440.805,19104.111,19799.919,20530.154,21296.845,22102.122,22948.219,23837.472,24772.310,25755.257,26788.920,27875.986,29019.210,30221.407,31485.448,32814.254,34210.801,35678.131,37219.382,38837.832,40536.966,42320.564,44192.778,46158.162,48221.507,50387.202,52657.588,55029.480,57488.140,60000.000,60000.000,60000.000,60000.000,60000.000,60000.000,60000.000,60000.000,60000.000,60000.000,60000.000,60000.000,60000.000,60000.000,57324.314,54704.887,52177.022,49756.005,47444.866,45240.801,43138.876,41133.776,39220.482,37394.441,35651.535,33987.989,32400.279,30885.052,29439.076,28059.208,26742.373,25485.559,24285.816,23140.263,22046.092,21000.575,20001.070,19045.029,18129.998,17253.624,16413.655,15607.937,14834.420,14091.149,13376.267,12688.009,12024.700,11384.751,10766.652,10168.973,9590.356,9029.511,8485.213,7956.297,7441.654,6940.228,6451.010,5973.035,5505.382,5047.164,4597.531,4155.662,3720.764,3292.072,2868.840,2450.344,2035.874,1624.736,1216.250,809.741,404.545,0.000
0.000,71.727,143.371,214.845,286.060,356.928,427.365,497.287,566.611,635.258,703.151,770.215,836.381,901.579,965.748,1028.826,1090.758,1151.492,1210.981,1269.181,1326.055,1381.569,1435.693,1488.405,1539.683,1589.515,1637.889,1684.801,1730.250,1774.241,1816.782,1857.885,1897.569,1935.855,1972.767,2008.336,2042.595,2075.580,2107.330,2137.891,2167.306,2195.626,2222.903,2249.190,2274.545,2299.027,2322.695,2345.613,2367.845,2389.457,2410.516,2431.091,2451.250,2471.064,2490.605,2509.944,2529.153,2548.305,2567.474,2586.732,2606.154,2625.813,2645.782,2666.135,2686.946,2708.287,2730.232,2752.853,2776.224,2800.416,2825.501,2851.551,2878.637,2906.830,2936.200,2966.818,2998.754,3032.078,3066.859,3103.166,3141.068,3180.634,3221.934,3265.035,3310.007,3356.919,3405.840,3456.839,3509.986,3565.352,3623.006,3683.021,3745.467,3810.419,3877.950,3948.134,4021.047,4096.768,4175.375,4256.948,4341.570,4429.325,4520.301,4614.586,4712.273,4813.455,4918.231,5026.703,5138.975,5255.156,5375.361,5499.707,5628.317,5761.321,5898.854,6041.057,6188.078,6340.073,6497.205,6659.648,6827.582,7001.200,7180.704,7366.307,7558.238,7756.734,7962.051,8174.458,8394.241,8621.703,8857.168,9100.979,9353.501,9615.122,9886.255,10167.341,10458.849,10761.280,11075.165,11401.072,11739.606,12091.413,12457.181,12837.642,13233.579,13645.824,14075.263,14522.843,14989.568,15476.509,15984.802,16515.657,17070.354,17650.255,18256.799,18891.507,19555.989,20251.937,20981.135,21745.453,22546.851,23387.372,24269.148,25194.391,26165.390,27184.509,28254.180,29376.902,30555.239,31791.828,33089.384,34450.731,35878.841,37376.906,38948.444,40597.460,42328.672,44147.818,46062.027,48080.178,50212.957,52471.834,54865.104,57387.474,60000.000,60000.000,60000.000,60000.000,60000.000,60000.000,60000.000,60000.000,60000.000,60000.000,60000.000,60000.000,60000.000,60000.000,57207.762,54511.178,51951.296,49533.372,47248.251,45083.456,43027.388,41070.416,39204.806,37424.335,35723.895,34099.163,32546.354,31062.053,29643.092,28286.476,26989.333,25748.884,24562.432,23427.351,22341.084,21301.148,20305.134,19350.711,18435.629,17557.720,16714.904,15905.181,15126.640,14377.455,13655.879,12960.249,12288.981,11640.562,11013.557,10406.595,9818.373,9247.649,8693.240,8154.018,7628.905,7116.872,6616.934,6128.146,5649.605,5180.437,4719.806,4266.899,3820.935,3381.153,2946.813,2517.195,2091.595,1669.320,1249.691,832.037,415.693,0.000
0.000,75.516,150.944,226.189,301.157,375.754,449.889,523.472,596.415,668.635,740.047,810.573,880.137,948.668,1016.098,1082.361,1147.400,1211.158,1273.585,1334.637,1394.271,1452.454,1509.154,1564.345,1618.008,1670.128,1720.693,1769.699,1817.147,1863.040,1907.389,1950.207,1991.514,2031.332,2069.690,2106.618,2142.153,2176.333,2209.201,2240.804,2271.191,2300.414,2328.529,2355.593,2381.667,2406.813,2431.096,2454.583,2477.340,2499.439,2520.951,2541.947,2562.501,2582.687,2602.580,2622.256,2641.792,2661.263,2680.746,2700.320,2720.060,2740.044,2760.351,2781.055,2802.235,2823.966,2846.327,2869.391,2893.236,2917.936,2943.567,2970.203,2997.918,3026.786,3056.881,3088.275,3121.041,3155.252,3190.979,3228.294,3267.269,3307.975,3350.483,3394.864,3441.189,3489.530,3539.958,3592.543,3647.359,3704.476,3763.968,3825.907,3890.368,3957.425,4027.153,4099.629,4174.930,4253.136,4334.326,4418.584,4505.991,4596.636,4690.604,4787.988,4888.879,4993.374,5101.571,5213.573,5329.486,5449.419,5573.486,5701.807,5834.504,5971.709,6113.554,6260.182,6411.740,6568.384,6730.277,6897.590,7070.504,7249.210,7433.907,7624.809,7822.139,8026.133,8237.044,8455.136,8680.691,8914.007,9155.403,9405.214,9663.797,9931.534,10208.827,10496.105,10793.827,11102.478,11422.574,11754.667,12099.340,12457.218,12828.964,13215.281,13616.921,14034.680,14469.407,14922.001,15393.418,15884.672,16396.840,16931.058,17488.533,18070.537,18678.414,19313.580,19977.525,20671.813,21398.083,22158.049,22953.499,23786.292,24658.356,25571.689,26528.352,27530.466,28580.214,29679.839,30831.651,32038.038,33301.486,34624.625,36010.286,37461.607,38982.186,40576.319,42249.360,44008.256,45862.357,47824.569,49912.896,52151.896,54571.761,57196.699,60000.000,60000.000,60000.000,60000.000,60000.000,60000.000,60000.000,60000.000,60000.000,60000.000,60000.000,60000.000,60000.000,60000.000,56995.629,54180.888,51583.770,49178.128,46931.536,44817.631,42817.075,40915.986,39104.299,37374.522,35720.886,34138.761,32624.281,31174.081,29785.137,28454.650,27179.980,25958.599,24788.066,23666.012,22590.132,21558.185,20567.991,19617.434,18704.464,17827.099,16983.427,16171.605,15389.863,14636.499,13909.886,13208.462,12530.735,11875.276,11240.723,10625.771,10029.175,9449.744,8886.341,8337.878,7803.312,7281.644,6771.917,6273.210,5784.637,5305.345,4834.511,4371.337,3915.051,3464.903,3020.162,2580.113,2144.058,1711.311,1281.196,853.046,426.199,0.000
0.000,79.416,158.737,237.863,316.691,395.123,473.060,550.408,627.071,702.959,777.985,852.063,925.113,997.059,1067.828,1137.351,1205.566,1272.413,1337.840,1401.798,1464.244,1525.140,1584.456,1642.162,1698.239,1752.671,1805.448,1856.563,1906.019,1953.820,1999.977,2044.506,2087.427,2128.765,2168.551,2206.817,2243.603,2278.950,2312.904,2345.515,2376.835,2406.920,2435.830,2463.625,2490.369,2516.130,2540.976,2564.977,2588.205,2610.734,2632.640,2653.998,2674.887,2695.383,2715.567,2735.518,2755.317,2775.043,2794.779,2814.603,2834.599,2854.846,2875.425,2896.417,2917.903,2939.962,2962.674,2986.119,3010.376,3035.522,3061.637,3088.797,3117.081,3146.563,3177.321,3209.431,3242.967,3278.005,3314.619,3352.883,3392.871,3434.656,3478.313,3523.914,3571.533,3621.242,3673.115,3727.226,3783.648,3842.455,3903.722,3967.522,4033.932,4103.027,4174.886,4249.585,4327.204,4407.823,4491.524,4578.390,4668.506,4761.959,4858.838,4959.234,5063.241,5170.956,5282.479,5397.911,5517.360,5640.936,5768.753,5900.930,6037.590,6178.863,6324.884,6475.792,6631.735,6792.868,6959.353,7131.358,7309.064,7492.658,7682.338,7878.315,8080.807,8290.049,8506.286,8729.781,8960.808,9199.660,9446.647,9702.097,9966.360,10239.804,10522.823,10815.833,11119.277,11433.625,11759.377,12097.062,12447.244,12810.523,13187.532,13578.946,13985.482,14407.898,14847.000,15303.641,15778.724,16273.205,16788.093,17324.456,17883.419,18466.167,19073.945,19708.061,20369.887,21060.856,21782.465,22536.271,23323.891,24147.002,25007.335,25906.673,26846.851,27829.750,28857.304,29931.493,31054.361,32228.024,33454.702,34736.764,36076.800,37477.738,38943.019,40476.871,42084.743,43773.991,45555.020,47443.228,49462.477,51651.335,54073.501,56827.619,60000.000,60000.000,60000.000,60000.000,60000.000,60000.000,60000.000,60000.000,60000.000,60000.000,60000.000,60000.000,60000.000,60000.000,56593.956,53633.116,51024.951,48664.053,46482.381,44438.733,42507.593,40672.472,38922.215,37248.919,35646.726,34111.089,32638.309,31225.243,29869.120,28567.408,27317.743,26117.872,24965.629,23858.907,22795.656,21773.876,20791.615,19846.971,18938.091,18063.178,17220.486,16408.330,15625.078,14869.159,14139.061,13433.326,12750.559,12089.414,11448.606,10826.898,10223.107,9636.096,9064.776,8508.101,7965.068,7434.710,6916.101,6408.344,5910.579,5421.972,4941.718,4469.034,4003.162,3543.364,3088.919,2639.123,2193.284,1750.725,1310.775,872.774,436.066,0.000
0.000,83.433,166.765,249.886,332.691,415.071,496.922,578.142,658.631,738.292,817.031,894.757,971.386,1046.834,1121.025,1193.887,1265.351,1335.356,1403.846,1470.769,1536.079,1599.737,1661.709,1721.968,1780.490,1837.260,1892.268,1945.507,1996.981,2046.694,2094.659,2140.893,2185.418,2228.262,2269.456,2309.038,2347.048,2383.531,2418.537,2452.117,2484.330,2515.233,2544.890,2573.367,2600.731,2627.053,2652.405,2676.863,2700.502,2723.401,2745.640,2767.297,2788.456,2809.199,2829.608,2849.769,2869.764,2889.680,2909.600,2929.609,2949.792,2970.235,2991.021,3012.234,3033.959,3056.279,3079.278,3103.038,3127.641,3153.170,3179.704,3207.325,3236.112,3266.146,3297.505,3330.267,3364.511,3400.314,3437.753,3476.904,3517.843,3560.647,3605.391,3652.151,3701.001,3752.017,3805.274,3860.847,3918.813,3979.246,4042.222,4107.818,4176.111,4247.179,4321.099,4397.952,4477.817,4560.777,4646.914,4736.312,4829.057,4925.238,5024.943,5128.266,5235.299,5346.142,5460.893,5579.657,5702.538,5829.648,5961.101,6097.015,6237.514,6382.726,6532.785,6687.831,6848.008,7013.471,7184.379,7360.901,7543.212,7731.498,7925.953,8126.784,8334.206,8548.448,8769.752,8998.372,9234.577,9478.653,9730.900,9991.639,10261.207,10539.963,10828.287,11126.581,11435.272,11754.812,12085.681,12428.389,12783.475,13151.509,13533.099,13928.885,14339.548,14765.805,15208.418,15668.191,16145.971,16642.654,17159.184,17696.553,18255.804,18838.032,19444.385,20076.063,20734.318,21420.453,22135.822,22881.829,23659.923,24471.598,25318.391,26201.874,27123.657,28085.384,29088.731,30135.412,31227.187,32365.874,33553.378,34791.736,36083.182,37430.256,38835.967,40304.044,41839.342,43448.487,45140.986,46931.268,48842.806,50917.744,53243.475,56040.355,60000.000,60000.000,60000.000,60000.000,60000.000,60000.000,60000.000,60000.000,60000.000,60000.000,60000.000,60000.000,60000.000,60000.000,55747.193,52732.841,50219.081,47970.999,45895.482,43947.631,42102.417,40344.441,38663.531,37052.587,35506.400,34020.958,32593.027,31219.878,29899.110,28628.543,27406.137,26229.949,25098.100,24008.760,22960.138,21950.475,20978.047,20041.163,19138.168,18267.444,17427.415,16616.546,15833.350,15076.381,14344.243,13635.588,12949.112,12283.559,11637.720,11010.430,10400.567,9807.053,9228.849,8664.953,8114.404,7576.271,7049.659,6533.702,6027.563,5530.432,5041.523,4560.072,4085.338,3616.594,3153.134,2694.265,2239.306,1787.586,1338.447,891.234,445.300,0.000
0.000,87.575,175.041,262.283,349.185,435.634,521.518,606.727,691.155,774.697,857.255,938.732,1019.035,1098.079,1175.781,1252.064,1326.856,1400.092,1471.712,1541.660,1609.890,1676.359,1741.032,1803.880,1864.880,1924.014,1981.273,2036.651,2090.151,2141.780,2191.552,2239.484,2285.602,2329.934,2372.517,2413.388,2452.592,2490.178,2526.198,2560.708,2593.768,2625.443,2655.798,2684.903,2712.831,2739.656,2765.456,2790.310,2814.298,2837.502,2860.007,2881.897,2903.259,2924.179,2944.745,2965.046,2985.168,3005.203,3025.237,3045.361,3065.662,3086.230,3107.152,3128.517,3150.412,3172.925,3196.142,3220.148,3245.030,3270.873,3297.760,3325.775,3355.001,3385.520,3417.414,3450.765,3485.652,3522.156,3560.355,3600.330,3642.157,3685.916,3731.684,3779.539,3829.557,3881.816,3936.393,3993.365,4052.809,4114.803,4179.424,4246.749,4316.858,4389.829,4465.742,4544.678,4626.718,4711.945,4800.442,4892.295,4987.590,5086.416,5188.864,5295.026,5404.997,5518.875,5636.759,5758.752,5884.962,6015.498,6150.474,6290.008,6434.222,6583.244,6737.206,6896.246,7060.509,7230.145,7405.312,7586.176,7772.909,7965.693,8164.719,8370.188,8582.312,8801.314,9027.428,9260.903,9502.000,9750.996,10008.182,10273.868,10548.380,10832.065,11125.286,11428.432,11741.911,12066.158,12401.630,12748.814,13108.223,13480.400,13865.920,14265.389,14679.449,15108.777,15554.086,16016.130,16495.699,16993.629,17510.792,18048.107,18606.536,19187.082,19790.794,20418.764,21072.125,21752.051,22459.757,23196.493,23963.544,24762.226,25593.880,26459.873,27361.592,28300.441,29277.838,30295.222,31354.054,32455.826,33602.086,34794.470,36034.748,37324.909,38667.276,40064.681,41520.731,43040.212,44629.702,46298.524,48060.140,49933.691,51942.545,54090.448,56207.676,57085.292,57513.375,57747.230,57880.698,57952.502,57979.559,57968.271,57918.142,57821.624,57660.060,57391.460,56914.620,55954.756,53662.144,51332.188,49147.785,47105.664,45181.231,43354.226,41610.362,39939.717,38335.271,36791.903,35305.742,33873.741,32493.398,31162.569,29879.345,28641.965,27448.765,26298.139,25188.515,24118.349,23086.110,22090.287,21129.379,20201.907,19306.407,18441.443,17605.604,16797.506,16015.799,15259.169,14526.333,13816.048,13127.109,12458.347,11808.630,11176.867,10562.000,9963.009,9378.906,8808.740,8251.590,7706.563,7172.799,6649.463,6135.745,5630.860,5134.044,4644.554,4161.664,3684.667,3212.869,2745.591,2282.163,1821.928,1364.235,908.442,453.909,0.000
0.000,91.850,183.583,275.077,366.207,456.852,546.894,636.215,724.701,812.242,898.731,984.065,1068.148,1150.886,1232.192,1311.984,1390.187,1466.729,1541.548,1614.587,1685.795,1755.127,1822.546,1888.023,1951.532,2013.058,2072.588,2130.120,2185.655,2239.203,2290.778,2340.400,2388.097,2433.900,2477.847,2519.980,2560.346,2598.998,2635.991,2671.386,2705.247,2737.642,2768.641,2798.318,2826.751,2854.019,2880.203,2905.387,2929.656,2953.097,2975.799,2997.852,3019.345,3040.371,3061.021,3081.388,3101.565,3121.644,3141.719,3161.883,3182.229,3202.848,3223.834,3245.277,3267.270,3289.903,3313.266,3337.448,3362.539,3388.625,3415.795,3444.135,3473.732,3504.668,3537.031,3570.902,3606.366,3643.505,3682.399,3723.131,3765.782,3810.431,3857.158,3906.042,3957.164,4010.601,4066.433,4124.738,4185.596,4249.084,4315.282,4384.269,4456.125,4530.930,4608.766,4689.713,4773.855,4861.274,4952.056,5046.286,5144.051,5245.442,5350.548,5459.463,5572.281,5689.100,5810.020,5935.145,6064.580,6198.434,6336.820,6479.856,6627.664,6780.367,6938.098,7100.994,7269.195,7442.850,7622.114,7807.149,7998.123,8195.216,8398.613,8608.511,8825.114,9048.639,9279.316,9517.383,9763.094,10016.716,10278.530,10548.834,10827.941,11116.184,11413.912,11721.495,12039.324,12367.812,12707.395,13058.535,13421.716,13797.452,14186.286,14588.787,15005.558,15437.231,15884.473,16347.983,16828.497,17326.783,17843.648,18379.935,18936.520,19514.319,20114.282,20737.391,21384.664,22057.149,22755.920,23482.079,24236.749,25021.070,25836.196,26683.287,27563.512,28478.034,29428.016,30414.613,31438.975,32502.251,33605.599,34750.200,35937.284,37168.170,38444.319,39767.400,41139.372,42562.561,44039.665,45573.509,47166.000,48814.734,50502.890,52171.466,53655.172,54620.295,55221.138,55594.995,55823.199,55949.887,55997.594,55975.510,55882.803,55708.419,55427.290,54991.297,54312.419,53242.447,51614.666,49786.246,47934.503,46122.965,44369.900,42678.053,41045.477,39469.201,37946.353,36474.445,35051.368,33675.318,32344.712,31058.120,29814.204,28611.681,27449.295,26325.800,25239.947,24190.482,23176.139,22195.650,21247.741,20331.135,19444.564,18586.766,17756.490,16952.505,16173.597,15418.575,14686.275,13975.557,13285.312,12614.459,11961.947,11326.754,10707.890,10104.394,9515.334,8939.804,8376.927,7825.854,7285.758,6755.836,6235.309,5723.418,5219.422,4722.600,4232.247,3747.673,3268.199,2793.162,2321.907,1853.789,1388.169,924.415,461.901,0.000
0.000,96.266,192.407,288.292,383.788,478.767,573.100,666.663,759.335,850.997,941.537,1030.844,1118.815,1205.351,1290.360,1373.754,1455.453,1535.382,1613.475,1689.671,1763.917,1836.166,1906.379,1974.525,2040.578,2104.522,2166.345,2226.044,2283.623,2339.091,2392.465,2443.767,2493.028,2540.280,2585.566,2628.929,2670.422,2710.100,2748.022,2784.255,2818.865,2851.925,2883.510,2913.699,2942.574,2970.219,2996.719,3022.164,3046.644,3070.250,3093.076,3115.216,3136.765,3157.820,3178.477,3198.834,3218.987,3239.034,3259.072,3279.199,3299.512,3320.106,3341.079,3362.525,3384.540,3407.218,3430.652,3454.936,3480.161,3506.419,3533.800,3562.394,3592.289,3623.574,3656.334,3690.658,3726.630,3764.335,3803.857,3845.279,3888.685,3934.157,3981.777,4031.625,4083.784,4138.333,4195.353,4254.924,4317.128,4382.043,4449.750,4520.330,4593.865,4670.434,4750.121,4833.007,4919.177,5008.714,5101.704,5198.233,5298.388,5402.261,5509.941,5621.521,5737.097,5856.766,5980.627,6108.783,6241.340,6378.405,6520.092,6666.515,6817.794,6974.054,7135.423,7302.035,7474.030,7651.552,7834.754,8023.793,8218.834,8420.051,8627.624,8841.744,9062.611,9290.433,9525.431,9767.836,10017.893,10275.857,10541.999,10816.604,11099.972,11392.418,11694.278,12005.903,12327.663,12659.950,13003.177,13357.778,13724.210,14102.957,14494.524,14899.447,15318.284,15751.625,16200.088,16664.318,17144.992,17642.816,18158.527,18692.890,19246.703,19820.789,20416.000,21033.214,21673.333,22337.280,23025.995,23740.433,24481.559,25250.343,26047.752,26874.751,27732.289,28621.296,29542.677,30497.306,31486.019,32509.611,33568.831,34664.381,35796.914,36967.028,38175.249,39422.003,40707.526,42031.678,43393.523,44790.428,46216.144,47656.820,49083.224,50437.710,51621.563,52519.856,53156.144,53588.658,53867.443,54026.477,54085.635,54053.583,53929.351,53702.173,53349.599,52834.241,52101.552,51088.210,49768.115,48263.947,46681.361,45082.160,43497.743,41943.016,40424.720,38945.695,37506.948,36108.620,34750.440,33431.930,32152.501,30911.487,29708.164,28541.756,27411.432,26316.318,25255.491,24227.987,23232.808,22268.924,21335.282,20430.809,19554.422,18705.031,17881.545,17082.877,16307.948,15555.691,14825.054,14115.002,13424.520,12752.616,12098.315,11460.671,10838.759,10231.676,9638.546,9058.514,8490.749,7934.439,7388.797,6853.053,6326.460,5808.285,5297.814,4794.349,4297.205,3805.712,3319.210,2837.052,2358.597,1883.215,1410.282,939.178,469.288,0.000
0.000,100.832,201.531,301.956,401.965,501.421,600.188,698.132,795.124,891.039,985.755,1079.156,1171.131,1261.575,1350.391,1437.484,1522.771,1606.172,1687.616,1767.040,1844.387,1919.609,1992.665,2063.522,2132.154,2198.543,2262.679,2324.560,2384.189,2441.578,2496.745,2549.716,2600.522,2649.201,2695.796,2740.356,2782.937,2823.597,2862.402,2899.420,2934.724,2968.390,3000.500,3031.136,3060.386,3088.337,3115.082,3140.715,3165.329,3189.023,3211.895,3234.043,3255.569,3276.572,3297.156,3317.421,3337.469,3357.402,3377.323,3397.332,3417.530,3438.019,3458.898,3480.268,3502.226,3524.871,3548.300,3572.608,3597.892,3624.246,3651.763,3680.537,3710.658,3742.217,3775.304,3810.008,3846.417,3884.618,3924.698,3966.742,4010.835,4057.062,4105.506,4156.250,4209.377,4264.970,4323.111,4383.881,4447.362,4513.635,4582.783,4654.887,4730.030,4808.292,4889.759,4974.511,5062.635,5154.215,5249.336,5348.085,5450.551,5556.823,5666.992,5781.152,5899.396,6021.822,6148.529,6279.619,6415.196,6555.367,6700.244,6849.939,7004.572,7164.264,7329.142,7499.336,7674.983,7856.225,8043.210,8236.090,8435.027,8640.188,8851.749,9069.894,9294.814,9526.712,9765.800,10012.299,10266.443,10528.477,10798.660,11077.263,11364.571,11660.884,11966.519,12281.809,12607.104,12942.772,13289.201,13646.798,14015.992,14397.232,14790.991,15197.763,15618.069,16052.450,16501.475,16965.736,17445.851,17942.463,18456.238,18987.868,19538.067,20107.570,20697.135,21307.534,21939.557,22594.006,23271.688,23973.419,24700.009,25452.262,26230.969,27036.900,27870.793,28733.352,29625.231,30547.026,31499.264,32482.388,33496.744,34542.558,35619.907,36728.681,37868.510,39038.659,40237.831,41463.836,42713.008,43979.176,45251.916,46513.717,47735.966,48875.031,49873.918,50681.797,51295.274,51736.378,52031.756,52203.250,52265.183,52224.131,52079.135,51821.612,51434.985,50894.818,50171.649,49241.058,48105.987,46820.438,45445.226,44026.983,42596.326,41171.997,39765.152,38382.387,37027.611,35703.143,34410.344,33149.972,31922.389,30727.682,29565.733,28436.268,27338.884,26273.071,25238.231,24233.686,23258.696,22312.467,21394.159,20502.896,19637.776,18797.875,17982.257,17189.976,16420.084,15671.633,14943.683,14235.300,13545.564,12873.566,12218.413,11579.229,10955.154,10345.348,9748.989,9165.272,8593.410,8032.637,7482.200,6941.368,6409.422,5885.661,5369.396,4859.953,4356.671,3858.901,3366.000,2877.340,2392.298,1910.259,1430.612,952.754,476.083,0.000
0.000,105.558,210.974,316.096,420.775,524.862,628.213,730.685,832.141,932.447,1031.473,1129.096,1225.198,1319.667,1412.399,1503.295,1592.265,1679.226,1764.103,1846.828,1927.344,2005.597,2081.546,2155.157,2226.403,2295.265,2361.735,2425.810,2487.495,2546.804,2603.758,2658.383,2710.714,2760.792,2808.665,2854.385,2898.011,2939.608,2979.243,3016.990,3052.928,3087.138,3119.706,3150.720,3180.272,3208.456,3235.370,3261.111,3285.781,3309.481,3332.316,3354.389,3375.806,3396.674,3417.099,3437.187,3457.044,3476.778,3496.495,3516.301,3536.302,3556.601,3577.304,3598.514,3620.333,3642.864,3666.206,3690.459,3715.723,3742.095,3769.671,3798.547,3828.819,3860.577,3893.917,3928.928,3965.702,4004.327,4044.893,4087.488,4132.198,4179.109,4228.307,4279.878,4333.905,4390.473,4449.665,4511.564,4576.253,4643.816,4714.335,4787.892,4864.572,4944.456,5027.629,5114.175,5204.179,5297.725,5394.901,5495.792,5600.488,5709.078,5821.653,5938.305,6059.130,6184.222,6313.681,6447.607,6586.104,6729.277,6877.235,7030.091,7187.961,7350.964,7519.224,7692.868,7872.030,8056.848,8247.464,8444.028,8646.695,8855.627,9070.994,9292.972,9521.745,9757.508,10000.462,10250.820,10508.805,10774.650,11048.599,11330.911,11621.855,11921.715,12230.789,12549.388,12877.843,13216.498,13565.715,13925.873,14297.370,14680.623,15076.068,15484.163,15905.382,16340.225,16789.207,17252.869,17731.769,18226.487,18737.621,19265.788,19811.621,20375.770,20958.896,21561.672,22184.779,22828.900,23494.717,24182.907,24894.133,25629.043,26388.253,27172.350,27981.871,28817.300,29679.051,30567.455,31482.743,32425.024,33394.258,34390.222,35412.463,36460.228,37532.364,38627.164,39742.133,40873.617,42016.241,43162.050,44299.280,45410.777,46472.456,47453.052,48317.771,49038.598,49607.212,50030.240,50320.351,50489.970,50548.092,50498.993,50341.815,50070.522,49674.281,49138.772,48449.554,47598.780,46594.750,45467.020,44252.564,42984.682,41689.055,40383.981,39082.005,37791.601,36518.484,35266.524,34038.356,32835.764,31659.945,30511.664,29391.366,28299.248,27235.313,26199.400,25191.220,24210.371,23256.361,22328.621,21426.515,20549.358,19696.421,18866.941,18060.127,17275.172,16511.252,15767.538,15043.195,14337.392,13649.296,12978.084,12322.941,11683.061,11057.651,10445.929,9847.129,9260.496,8685.290,8120.786,7566.273,7021.051,6484.437,5955.759,5434.355,4919.579,4410.791,3907.363,3408.676,2914.118,2423.085,1934.978,1449.204,965.173,482.300,0.000
0.000,110.454,220.755,330.743,440.256,549.138,657.233,764.390,870.462,975.305,1078.784,1180.764,1281.122,1379.739,1476.503,1571.311,1664.066,1754.680,1843.075,1929.180,2012.931,2094.277,2173.172,2249.580,2323.476,2394.840,2463.663,2529.945,2593.691,2654.917,2713.646,2769.909,2823.743,2875.192,2924.307,2971.146,3015.771,3058.252,3098.662,3137.079,3173.587,3208.273,3241.227,3272.545,3302.323,3330.660,3357.660,3383.427,3408.067,3431.687,3454.398,3476.308,3497.529,3518.172,3538.347,3558.168,3577.745,3597.191,3616.615,3636.129,3655.843,3675.866,3696.305,3717.269,3738.864,3761.195,3784.367,3808.483,3833.645,3859.953,3887.509,3916.409,3946.752,3978.634,4012.149,4047.392,4084.455,4123.431,4164.410,4207.483,4252.737,4300.261,4350.143,4402.469,4457.326,4514.798,4574.971,4637.930,4703.758,4772.539,4844.358,4919.298,4997.443,5078.877,5163.685,5251.951,5343.759,5439.197,5538.350,5641.305,5748.151,5858.977,5973.874,6092.934,6216.250,6343.919,6476.036,6612.703,6754.021,6900.093,7051.028,7206.935,7367.928,7534.124,7705.642,7882.609,8065.152,8253.405,8447.507,8647.603,8853.840,9066.376,9285.373,9511.000,9743.433,9982.858,10229.467,10483.460,10745.051,11014.459,11291.916,11577.664,11871.957,12175.061,12487.255,12808.832,13140.096,13481.370,13832.987,14195.301,14568.676,14953.497,15350.164,15759.093,16180.719,16615.493,17063.883,17526.374,18003.467,18495.679,19003.540,19527.594,20068.396,20626.510,21202.508,21796.964,22410.452,23043.542,23696.796,24370.759,25065.954,25782.876,26521.982,27283.680,28068.319,28876.177,29707.441,30562.196,31440.395,32341.840,33266.142,34212.676,35180.526,36168.400,37174.512,38196.422,39230.800,40273.098,41317.090,42354.264,43373.095,44358.330,45290.664,46147.551,46906.082,47548.150,48065.249,48457.513,48729.917,48888.651,48938.675,48882.383,48719.049,48444.819,48053.285,47536.879,46889.465,46110.217,45207.680,44200.811,43113.822,41970.630,40791.749,39593.396,38387.824,37184.075,35988.754,34806.677,33641.356,32495.355,31370.536,30268.238,29189.393,28134.622,27104.293,26098.568,25117.446,24160.782,23228.316,22319.692,21434.469,20572.141,19732.142,18913.861,18116.651,17339.832,16582.705,15844.550,15124.637,14422.229,13736.584,13066.960,12412.617,11772.821,11146.841,10533.955,9933.452,9344.626,8766.784,8199.245,7641.334,7092.390,6551.761,6018.807,5492.896,4973.404,4459.719,3951.235,3447.352,2947.481,2451.036,1957.434,1466.102,976.465,487.954,0.000
0.000,115.530,230.897,345.928,460.452,574.302,687.311,799.319,910.168,1019.705,1127.785,1234.268,1339.019,1441.913,1542.832,1641.665,1738.311,1832.677,1924.679,2014.243,2101.302,2185.803,2267.698,2346.950,2423.532,2497.425,2568.622,2637.121,2702.931,2766.070,2826.563,2884.445,2939.754,2992.541,3042.859,3090.771,3136.346,3179.656,3220.779,3259.801,3296.810,3331.899,3365.165,3396.706,3426.627,3455.034,3482.034,3507.738,3532.258,3555.708,3578.202,3599.856,3620.786,3641.109,3660.942,3680.401,3699.604,3718.667,3737.706,3756.835,3776.170,3795.824,3815.909,3836.538,3857.819,3879.864,3902.779,3926.671,3951.646,3977.808,4005.260,4034.103,4064.438,4096.362,4129.975,4165.372,4202.648,4241.899,4283.216,4326.692,4372.417,4420.481,4470.974,4523.984,4579.599,4637.904,4698.987,4762.934,4829.829,4899.758,4972.806,5049.057,5128.596,5211.507,5297.876,5387.788,5481.327,5578.580,5679.634,5784.575,5893.491,6006.472,6123.609,6244.991,6370.713,6500.868,6635.553,6774.866,6918.908,7067.780,7221.587,7380.438,7544.443,7713.716,7888.374,8068.538,8254.333,8445.887,8643.335,8846.814,9056.469,9272.449,9494.908,9724.009,9959.918,10202.812,10452.873,10710.291,10975.264,11248.002,11528.721,11817.648,12115.021,12421.087,12736.105,13060.346,13394.094,13737.644,14091.305,14455.399,14830.261,15216.241,15613.702,16023.023,16444.593,16878.820,17326.120,17786.926,18261.683,18750.843,19254.873,19774.243,20309.434,20860.926,21429.203,22014.745,22618.025,23239.505,23879.629,24538.819,25217.466,25915.921,26634.489,27373.415,28132.869,28912.939,29713.606,30534.727,31376.008,32236.976,33116.935,34014.924,34929.644,35859.377,36801.870,37754.182,38712.481,39671.781,40625.611,41565.636,42481.285,43359.524,44185.026,44941.078,45611.497,46183.283,46648.712,47005.214,47253.704,47396.581,47436.099,47373.333,47207.691,46936.928,46557.667,46066.501,45461.722,44745.460,43925.470,43015.257,42031.824,40992.822,39914.476,38810.599,37692.397,36568.704,35446.370,34330.667,33225.634,32134.363,31059.210,30001.961,28963.950,27946.156,26949.266,25973.730,25019.805,24087.580,23177.011,22287.936,21420.097,20573.153,19746.693,18940.252,18153.313,17385.322,16635.693,15903.815,15189.056,14490.772,13808.306,13140.995,12488.174,11849.175,11223.330,10609.978,10008.457,9418.115,8838.303,8268.381,7707.717,7155.684,6611.664,6075.046,5545.229,5021.616,4503.620,3990.657,3482.151,2977.532,2476.234,1977.694,1481.355,986.662,493.061,0.000
0.000,120.798,241.421,361.686,481.408,600.410,718.514,835.548,951.345,1065.742,1178.583,1289.719,1399.009,1506.317,1611.520,1714.499,1815.148,1913.368,2009.070,2102.177,2192.620,2280.340,2365.291,2447.432,2526.737,2603.188,2676.776,2747.502,2815.379,2880.424,2942.666,3002.143,3058.899,3112.987,3164.466,3213.403,3259.871,3303.949,3345.721,3385.278,3422.713,3458.127,3491.621,3523.302,3553.279,3581.664,3608.572,3634.120,3658.425,3681.607,3703.787,3725.086,3745.627,3765.531,3784.922,3803.922,3822.652,3841.234,3859.789,3878.437,3897.297,3916.487,3936.124,3956.323,3977.199,3998.865,4021.433,4045.014,4069.714,4095.643,4122.906,4151.608,4181.851,4213.737,4247.366,4282.838,4320.249,4359.696,4401.275,4445.078,4491.199,4539.729,4590.760,4644.380,4700.679,4759.746,4821.667,4886.530,4954.421,5025.426,5099.631,5177.120,5257.981,5342.297,5430.154,5521.637,5616.832,5715.826,5818.703,5925.552,6036.461,6151.517,6270.810,6394.432,6522.473,6655.027,6792.190,6934.057,7080.727,7232.301,7388.880,7550.571,7717.480,7889.719,8067.400,8250.641,8439.562,8634.288,8834.946,9041.669,9254.595,9473.865,9699.627,9932.035,10171.246,10417.426,10670.748,10931.389,11199.538,11475.386,11759.139,12051.005,12351.205,12659.969,12977.535,13304.153,13640.083,13985.595,14340.970,14706.502,15082.493,15469.259,15867.128,16276.438,16697.537,17130.785,17576.552,18035.218,18507.169,18992.800,19492.511,20006.704,20535.785,21080.155,21640.214,22216.350,22808.941,23418.345,24044.897,24688.902,25350.626,26030.288,26728.050,27444.005,28178.164,28930.438,29700.624,30488.375,31293.183,32114.336,32950.887,33801.596,34664.871,35538.682,36420.462,37306.973,38194.144,39076.881,39948.848,40802.258,41627.722,42414.260,43149.609,43820.976,44416.255,44925.459,45341.762,45661.565,45883.728,46008.477,46036.403,45967.745,45802.033,45538.110,45174.526,44710.307,44146.033,43485.006,42734.063,41903.508,41005.989,40054.956,39063.338,38042.737,37003.078,35952.595,34897.981,33844.614,32796.782,31757.885,30730.613,29717.076,28718.921,27737.413,26773.509,25827.903,24901.078,23993.333,23104.815,22235.541,21385.418,20554.259,19741.797,18947.700,18171.575,17412.987,16671.455,15946.472,15237.500,14543.981,13865.342,13200.996,12550.348,11912.796,11287.735,10674.557,10072.656,9481.427,8900.267,8328.579,7765.767,7211.243,6664.422,6124.725,5591.577,5064.412,4542.666,4025.780,3513.201,3004.379,2498.769,1995.828,1495.017,995.799,497.638,0.000
0.000,126.270,252.353,378.052,503.172,627.521,750.912,873.160,994.086,1113.517,1231.288,1347.239,1461.220,1573.088,1682.710,1789.962,1894.731,1996.912,2096.413,2193.151,2287.054,2378.062,2466.124,2551.202,2633.268,2712.303,2788.300,2861.263,2931.204,2998.147,3062.121,3123.167,3181.336,3236.684,3289.276,3339.183,3386.485,3431.265,3473.616,3513.631,3551.414,3587.068,3620.704,3652.433,3682.372,3710.641,3737.359,3762.650,3786.638,3809.451,3831.213,3852.054,3872.102,3891.484,3910.329,3928.764,3946.918,3964.916,3982.886,4000.951,4019.235,4037.862,4056.952,4076.625,4097.001,4118.195,4140.322,4163.498,4187.834,4213.441,4240.428,4268.902,4298.968,4330.731,4364.295,4399.759,4437.225,4476.790,4518.551,4562.605,4609.045,4657.965,4709.457,4763.614,4820.524,4880.278,4942.964,5008.671,5077.485,5149.493,5224.783,5303.439,5385.548,5471.196,5560.468,5653.449,5750.226,5850.884,5955.510,6064.190,6177.012,6294.063,6415.433,6541.211,6671.487,6806.355,6945.907,7090.237,7239.444,7393.623,7552.876,7717.305,7887.014,8062.110,8242.703,8428.906,8620.834,8818.607,9022.347,9232.179,9448.236,9670.651,9899.565,10135.121,10377.469,10626.764,10883.167,11146.846,11417.973,11696.729,11983.300,12277.882,12580.678,12891.896,13211.757,13540.487,13878.323,14225.508,14582.298,14948.955,15325.751,15712.969,16110.898,16519.837,16940.094,17371.983,17815.826,18271.951,18740.689,19222.377,19717.350,20225.946,20748.498,21285.332,21836.765,22403.101,22984.624,23581.598,24194.253,24822.785,25467.344,26128.027,26804.866,27497.816,28206.742,28931.400,29671.421,30426.286,31195.300,31977.559,32771.910,33576.901,34390.727,35211.153,36035.424,36860.170,37681.274,38493.750,39291.607,40067.757,40813.983,41521.048,42179.006,42777.766,43307.862,43761.283,44132.041,44416.266,44611.854,44717.870,44733.955,44659.862,44495.228,44239.589,43892.653,43454.799,42927.729,42315.099,41622.900,40859.358,40034.309,39158.317,38241.833,37294.586,36325.239,35341.274,34349.005,33353.688,32359.655,31370.446,30388.942,29417.470,28457.901,27511.722,26580.103,25663.941,24763.911,23880.493,23014.001,22164.613,21332.384,20517.266,19719.126,18937.752,18172.869,17424.147,16691.211,15973.646,15271.003,14582.810,13908.569,13247.768,12599.878,11964.362,11340.673,10728.259,10126.565,9535.033,8953.105,8380.225,7815.837,7259.387,6710.323,6168.099,5632.170,5101.994,4577.035,4056.759,3540.635,3028.134,2518.733,2011.909,1507.141,1003.912,501.704,0.000
0.000,131.959,263.718,395.065,525.794,655.700,784.580,912.240,1038.488,1163.139,1286.018,1406.955,1525.789,1642.369,1756.553,1868.212,1977.224,2083.479,2186.880,2287.341,2384.785,2479.149,2570.383,2658.446,2743.309,2824.955,2903.379,2978.584,3050.588,3119.414,3185.099,3247.686,3307.230,3363.793,3417.445,3468.264,3516.333,3561.745,3604.596,3644.990,3683.033,3718.837,3752.521,3784.202,3814.004,3842.053,3868.477,3893.406,3916.971,3939.306,3960.542,3980.816,4000.260,4019.010,4037.199,4054.962,4072.431,4089.738,4107.015,4124.391,4141.996,4159.956,4178.398,4197.444,4217.220,4237.843,4259.435,4282.112,4305.989,4331.182,4357.802,4385.959,4415.761,4447.316,4480.728,4516.103,4553.540,4593.141,4635.006,4679.231,4725.912,4775.145,4827.024,4881.640,4939.087,4999.454,5062.831,5129.308,5198.972,5271.912,5348.213,5427.963,5511.248,5598.155,5688.768,5783.174,5881.458,5983.706,6090.004,6200.439,6315.096,6434.065,6557.431,6685.284,6817.713,6954.810,7096.665,7243.371,7395.022,7551.715,7713.546,7880.615,8053.023,8230.873,8414.271,8603.325,8798.146,8998.847,9205.544,9418.359,9637.414,9862.838,10094.760,10333.316,10578.647,10830.897,11090.214,11356.755,11630.680,11912.153,12201.346,12498.439,12803.615,13117.066,13438.989,13769.590,14109.080,14457.679,14815.613,15183.116,15560.428,15947.797,16345.477,16753.729,17172.818,17603.015,18044.594,18497.833,18963.009,19440.402,19930.288,20432.939,20948.619,21477.582,22020.068,22576.299,23146.475,23730.766,24329.308,24942.195,25569.472,26211.122,26867.059,27537.115,28221.025,28918.410,29628.759,30351.405,31085.503,31829.992,32583.563,33344.613,34111.196,34880.955,35651.060,36418.123,37178.116,37926.285,38657.090,39364.165,40040.358,40677.865,41268.495,41804.081,42276.983,42680.585,43009.643,43260.376,43430.304,43517.933,43522.407,43443.233,43280.133,43033.063,42702.387,42289.194,41795.670,41225.445,40583.766,39877.399,39114.257,38302.858,37451.781,36569.224,35662.714,34738.950,33803.770,32862.175,31918.399,30975.997,30037.930,29106.650,28184.176,27272.153,26371.914,25484.518,24610.796,23751.380,22906.731,22077.165,21262.867,20463.917,19680.297,18911.910,18158.585,17420.094,16696.154,15986.440,15290.587,14608.199,13938.855,13282.109,12637.500,12004.548,11382.766,10771.653,10170.704,9579.408,8997.251,8423.715,7858.284,7300.437,6749.659,6205.431,5667.239,5134.570,4606.911,4083.753,3564.589,3048.913,2536.221,2026.011,1517.783,1011.037,505.276,0.000
0.000,137.879,275.543,412.767,549.330,685.012,819.599,952.882,1084.656,1214.725,1342.901,1469.003,1592.861,1714.315,1833.213,1949.419,2062.803,2173.251,2280.659,2384.936,2486.005,2583.797,2678.262,2769.357,2857.055,2941.339,3022.203,3099.656,3173.716,3244.412,3311.782,3375.876,3436.753,3494.481,3549.135,3600.800,3649.566,3695.532,3738.801,3779.483,3817.694,3853.553,3887.184,3918.713,3948.272,3975.994,4002.013,4026.467,4049.496,4071.238,4091.833,4111.423,4130.150,4148.152,4165.571,4182.547,4199.217,4215.721,4232.194,4248.772,4265.588,4282.774,4300.461,4318.777,4337.849,4357.801,4378.756,4400.836,4424.160,4448.844,4475.004,4502.752,4532.200,4563.459,4596.634,4631.832,4669.158,4708.713,4750.598,4794.914,4841.757,4891.225,4943.413,4998.413,5056.321,5117.226,5181.220,5248.393,5318.834,5392.631,5469.871,5550.642,5635.030,5723.122,5815.004,5910.761,6010.478,6114.242,6222.138,6334.251,6450.668,6571.475,6696.760,6826.608,6961.109,7100.351,7244.425,7393.421,7547.430,7706.546,7870.864,8040.478,8215.488,8395.992,8582.092,8773.891,8971.495,9175.011,9384.551,9600.228,9822.158,10050.460,10285.257,10526.675,10774.845,11029.899,11291.976,11561.219,11837.773,12121.789,12413.425,12712.841,13020.203,13335.684,13659.460,13991.714,14332.634,14682.413,15041.250,15409.351,15786.922,16174.180,16571.342,16978.631,17396.270,17824.489,18263.515,18713.576,19174.899,19647.707,20132.219,20628.644,21137.181,21658.016,22191.315,22737.225,23295.864,23867.317,24451.632,25048.810,25658.797,26281.477,26916.657,27564.061,28223.309,28893.907,29575.223,30266.472,30966.684,31674.684,32389.049,33108.077,33829.740,34551.635,35270.931,35984.309,36687.909,37377.285,38047.370,38692.492,39306.426,39882.534,40413.976,40894.004,41316.301,41675.304,41966.421,42186.123,42331.868,42401.949,42395.293,42311.303,42149.771,41910.895,41595.387,41204.662,40741.049,40207.980,39610.052,38952.949,38243.195,37487.809,36693.940,35868.549,35018.172,34148.774,33265.682,32373.572,31476.497,30577.937,29680.851,28787.742,27900.711,27021.509,26151.583,25292.116,24444.062,23608.179,22785.050,21975.107,21178.652,20395.875,19626.863,18871.619,18130.070,17402.078,16687.446,15985.932,15297.249,14621.074,13957.054,13304.810,12663.941,12034.026,11414.630,10805.306,10205.594,9615.029,9033.139,8459.445,7893.467,7334.722,6782.724,6236.987,5697.025,5162.350,4632.478,4106.924,3585.204,3066.833,2551.329,2038.212,1527.000,1017.213,508.373,0.000
0.000,144.045,287.858,431.202,573.838,715.532,856.056,995.184,1132.702,1268.397,1402.070,1533.529,1662.592,1789.090,1912.862,2033.762,2151.654,2266.418,2377.944,2486.137,2590.916,2692.210,2789.967,2884.144,2974.713,3061.659,3144.978,3224.680,3300.788,3373.333,3442.359,3507.922,3570.084,3628.921,3684.514,3736.954,3786.339,3832.774,3876.371,3917.248,3955.528,3991.337,4024.807,4056.074,4085.276,4112.554,4138.052,4161.913,4184.284,4205.313,4225.146,4243.932,4261.818,4278.952,4295.481,4311.550,4327.303,4342.886,4358.439,4374.103,4390.017,4406.318,4423.140,4440.617,4458.879,4478.055,4498.272,4519.654,4542.324,4566.402,4592.006,4619.253,4648.255,4679.126,4711.975,4746.910,4784.038,4823.462,4865.286,4909.611,4956.536,5006.159,5058.577,5113.885,5172.176,5233.543,5298.080,5365.874,5437.018,5511.598,5589.704,5671.423,5756.842,5846.047,5939.123,6036.158,6137.235,6242.441,6351.860,6465.577,6583.678,6706.248,6833.373,6965.139,7101.632,7242.940,7389.151,7540.352,7696.634,7858.087,8024.802,8196.872,8374.390,8557.453,8746.157,8940.601,9140.885,9347.111,9559.382,9777.808,10002.495,10233.556,10471.103,10715.255,10966.130,11223.852,11488.546,11760.343,12039.373,12325.776,12619.689,12921.259,13230.633,13547.962,13873.404,14207.117,14549.268,14900.022,15259.551,15628.031,16005.641,16392.560,16788.972,17195.062,17611.014,18037.014,18473.246,18919.890,19377.123,19845.115,20324.028,20814.013,21315.207,21827.729,22351.679,22887.130,23434.126,23992.675,24562.741,25144.242,25737.035,26340.914,26955.593,27580.700,28215.757,28860.172,29513.217,30174.009,30841.488,31514.392,32191.225,32870.230,33549.347,34226.181,34897.955,35561.478,36213.105,36848.721,37463.731,38053.092,38611.379,39132.901,39611.874,40042.634,40419.869,40738.838,40995.526,41186.715,41309.969,41363.559,41346.355,41257.742,41097.570,40866.167,40564.406,40193.810,39756.675,39256.157,38696.294,38081.928,37418.540,36712.015,35968.393,35193.630,34393.420,33573.059,32737.376,31890.694,31036.840,30179.156,29320.545,28463.501,27610.157,26762.322,25921.518,25089.017,24265.869,23452.926,22650.873,21860.241,21081.431,20314.726,19560.308,18818.267,18088.619,17371.306,16666.212,15973.168,15291.962,14622.336,13964.003,13316.645,12679.918,12053.456,11436.876,10829.778,10231.751,9642.369,9061.203,8487.811,7921.750,7362.570,6809.816,6263.033,5721.764,5185.549,4653.927,4126.438,3602.621,3082.014,2564.157,2048.589,1534.850,1022.479,511.015,0.000
0.000,150.471,300.696,450.417,599.381,747.337,894.041,1039.254,1182.744,1324.288,1463.670,1600.688,1735.148,1866.869,1995.683,2121.432,2243.975,2363.184,2478.944,2591.156,2699.733,2804.606,2905.717,3003.024,3096.501,3186.131,3271.916,3353.867,3432.009,3506.381,3577.030,3644.017,3707.412,3767.295,3823.757,3876.894,3926.813,3973.627,4017.455,4058.424,4096.664,4132.312,4165.508,4196.394,4225.119,4251.831,4276.681,4299.823,4321.410,4341.597,4360.540,4378.394,4395.312,4411.451,4426.963,4442.000,4456.713,4471.251,4485.764,4500.395,4515.289,4530.588,4546.432,4562.957,4580.299,4598.591,4617.963,4638.543,4660.458,4683.830,4708.781,4735.429,4763.891,4794.282,4826.713,4861.297,4898.139,4937.347,4979.025,5023.276,5070.201,5119.899,5172.468,5228.004,5286.602,5348.355,5413.358,5481.699,5553.470,5628.761,5707.660,5790.253,5876.629,5966.874,6061.074,6159.313,6261.678,6368.252,6479.121,6594.369,6714.079,6838.337,6967.227,7100.834,7239.242,7382.537,7530.804,7684.131,7842.603,8006.309,8175.336,8349.774,8529.713,8715.244,8906.458,9103.452,9306.318,9515.153,9730.055,9951.123,10178.459,10412.166,10652.350,10899.116,11152.575,11412.839,11680.020,11954.237,12235.607,12524.252,12820.298,13123.870,13435.099,13754.117,14081.059,14416.063,14759.270,15110.821,15470.860,15839.535,16216.993,16603.382,16998.849,17403.545,17817.613,18241.200,18674.445,19117.483,19570.442,20033.442,20506.590,20989.982,21483.696,21987.791,22502.300,23027.232,23562.559,24108.218,24664.100,25230.044,25805.830,26391.170,26985.699,27588.960,28200.396,28819.332,29444.963,30076.333,30712.315,31351.590,31992.623,32633.635,33272.576,33907.094,34534.511,35151.792,35755.534,36341.955,36906.904,37445.903,37954.205,38426.899,38859.042,39245.819,39582.709,39865.638,40091.093,40256.185,40358.662,40396.873,40369.723,40276.623,40117.472,39892.660,39603.111,39250.341,38836.520,38364.511,37837.865,37260.751,36637.840,35974.136,35274.798,34544.968,33789.623,33013.469,32220.865,31415.784,30601.800,29782.088,28959.451,28136.333,27314.861,26496.862,25683.902,24877.310,24078.202,23287.508,22505.988,21734.257,20972.795,20221.969,19482.039,18753.175,18035.468,17328.936,16633.533,15949.160,15275.666,14612.861,13960.516,13318.370,12686.132,12063.488,11450.104,10845.626,10249.685,9661.898,9081.874,8509.208,7943.492,7384.306,6831.231,6283.839,5741.699,5204.379,4671.445,4142.458,3616.982,3094.578,2574.804,2057.223,1541.392,1026.872,513.222,0.000
0.000,157.177,314.089,470.462,626.025,780.510,933.654,1085.204,1234.912,1382.538,1527.855,1670.646,1810.705,1947.840,2081.871,2212.633,2339.977,2463.766,2583.881,2700.218,2812.686,2921.213,3025.742,3126.229,3222.647,3314.985,3403.243,3487.439,3567.600,3643.769,3716.002,3784.364,3848.932,3909.793,3967.046,4020.795,4071.156,4118.249,4162.204,4203.154,4241.240,4276.608,4309.405,4339.785,4367.903,4393.917,4417.988,4440.276,4460.945,4480.157,4498.074,4514.860,4530.678,4545.687,4560.050,4573.924,4587.466,4600.833,4614.178,4627.652,4641.404,4655.581,4670.327,4685.785,4702.094,4719.390,4737.808,4757.479,4778.533,4801.097,4825.293,4851.244,4879.070,4908.886,4940.809,4974.949,5011.417,5050.321,5091.767,5135.860,5182.702,5232.393,5285.033,5340.718,5399.545,5461.608,5527.000,5595.813,5668.138,5744.065,5823.682,5907.078,5994.339,6085.552,6180.801,6280.174,6383.753,6491.624,6603.870,6720.575,6841.822,6967.695,7098.275,7233.648,7373.895,7519.101,7669.349,7824.723,7985.306,8151.184,8322.441,8499.164,8681.438,8869.351,9062.989,9262.442,9467.799,9679.149,9896.585,10120.199,10350.084,10586.335,10829.049,11078.322,11334.254,11596.945,11866.498,12143.015,12426.601,12717.364,13015.411,13320.853,13633.801,13954.369,14282.669,14618.818,14962.932,15315.129,15675.525,16044.239,16421.389,16807.089,17201.455,17604.600,18016.631,18437.653,18867.763,19307.054,19755.606,20213.491,20680.765,21157.471,21643.631,22139.246,22644.291,23158.712,23682.416,24215.275,24757.112,25307.699,25866.744,26433.891,27008.703,27590.653,28179.117,28773.357,29372.506,29975.554,30581.331,31188.487,31795.472,32400.515,33001.603,33596.458,34182.522,34756.939,35316.550,35857.897,36377.240,36870.594,37333.795,37762.577,38152.681,38499.973,38800.570,39050.949,39248.038,39389.269,39472.600,39496.512,39459.987,39362.490,39203.956,38984.800,38705.938,38368.815,37975.437,37528.380,37030.773,36486.236,35898.792,35272.745,34612.546,33922.665,33207.476,32471.165,31717.662,30950.604,30173.306,29388.761,28599.643,27808.322,27016.883,26227.147,25440.694,24658.884,23882.879,23113.660,22352.049,21598.724,20854.234,20119.011,19393.385,18677.596,17971.798,17276.076,16590.448,15914.876,15249.271,14593.498,13947.384,13310.720,12683.266,12064.756,11454.901,10853.391,10259.897,9674.078,9095.576,8524.025,7959.047,7400.258,6847.264,6299.669,5757.068,5219.056,4685.221,4155.152,3628.432,3104.644,2583.370,2064.191,1546.686,1030.433,515.012,0.000
0.000,164.180,328.075,491.393,653.843,815.139,975.001,1133.156,1289.341,1443.301,1594.791,1743.581,1889.453,2032.201,2171.637,2307.584,2439.884,2568.395,2692.991,2813.563,2930.016,3042.278,3150.287,3254.002,3353.396,3448.460,3539.198,3625.629,3707.788,3785.723,3859.494,3929.174,3994.849,4056.613,4114.572,4168.841,4219.542,4266.807,4310.773,4351.586,4389.395,4424.353,4456.620,4486.359,4513.733,4538.911,4562.062,4583.355,4602.963,4621.056,4637.806,4653.383,4667.958,4681.699,4694.773,4707.347,4719.583,4731.645,4743.691,4755.878,4768.361,4781.291,4794.818,4809.089,4824.246,4840.432,4857.783,4876.434,4896.520,4918.169,4941.508,4966.662,4993.752,5022.898,5054.216,5087.821,5123.824,5162.336,5203.463,5247.313,5293.988,5343.590,5396.220,5451.975,5510.952,5573.247,5638.952,5708.161,5780.965,5857.454,5937.717,6021.841,6109.915,6202.023,6298.251,6398.685,6503.408,6612.504,6726.056,6844.147,6966.858,7094.272,7226.472,7363.537,7505.551,7652.594,7804.747,7962.092,8124.710,8292.683,8466.093,8645.021,8829.551,9019.764,9215.743,9417.571,9625.333,9839.113,10058.994,10285.063,10517.405,10756.106,11001.254,11252.937,11511.243,11776.260,12048.079,12326.791,12612.485,12905.255,13205.192,13512.390,13826.940,14148.938,14478.476,14815.649,15160.548,15513.266,15873.894,16242.523,16619.239,17004.128,17397.271,17798.745,18208.624,18626.971,19053.844,19489.293,19933.354,20386.052,20847.396,21317.378,21795.967,22283.112,22778.731,23282.712,23794.905,24315.122,24843.124,25378.623,25921.265,26470.633,27026.230,27587.473,28153.681,28724.066,29297.718,29873.590,30450.488,31027.050,31601.731,32172.793,32738.277,33296.002,33843.541,34378.226,34897.138,35397.125,35874.816,36326.666,36749.007,37138.111,37490.284,37801.952,38069.755,38290.636,38461.907,38581.298,38646.986,38657.600,38612.221,38510.376,38352.031,38137.605,37867.972,37544.480,37168.961,36743.721,36271.524,35755.534,35199.247,34606.399,33980.863,33326.552,32647.327,31946.921,31228.879,30496.520,29752.910,29000.850,28242.873,27481.255,26718.020,25954.959,25193.643,24435.443,23681.547,22932.970,22190.579,21455.100,20727.135,20007.172,19295.598,18592.710,17898.722,17213.775,16537.944,15871.247,15213.646,14565.062,13925.368,13294.407,12671.983,12057.877,11451.840,10853.604,10262.880,9679.361,9102.728,8532.646,7968.770,7410.744,6858.207,6310.788,5768.110,5229.791,4695.446,4164.683,3637.112,3112.335,2589.955,2069.574,1550.789,1033.201,516.405,0.000
0.000,171.499,342.692,513.267,682.912,851.321,1018.194,1183.242,1346.180,1506.737,1664.654,1819.683,1971.594,2120.168,2265.203,2406.515,2543.937,2677.318,2806.525,2931.445,3051.982,3168.058,3279.612,3386.602,3489.005,3586.811,3680.029,3768.684,3852.815,3932.476,4007.734,4078.670,4145.377,4207.959,4266.531,4321.217,4372.150,4419.470,4463.326,4503.873,4541.270,4575.682,4607.279,4636.232,4662.716,4686.910,4708.991,4729.139,4747.535,4764.359,4779.791,4794.010,4807.194,4819.519,4831.161,4842.291,4853.080,4863.698,4874.308,4885.074,4896.155,4907.710,4919.891,4932.850,4946.735,4961.691,4977.859,4995.378,5014.385,5035.012,5057.388,5081.641,5107.895,5136.271,5166.889,5199.864,5235.311,5273.340,5314.061,5357.581,5404.004,5453.434,5505.972,5561.716,5620.765,5683.213,5749.156,5818.685,5891.893,5968.870,6049.705,6134.486,6223.299,6316.231,6413.367,6514.791,6620.587,6730.837,6845.625,6965.031,7089.137,7218.023,7351.770,7490.457,7634.165,7782.973,7936.959,8096.203,8260.783,8430.778,8606.266,8787.325,8974.034,9166.471,9364.713,9568.839,9778.927,9995.055,10217.301,10445.742,10680.458,10921.525,11169.022,11423.026,11683.617,11950.871,12224.867,12505.681,12793.391,13088.073,13389.805,13698.661,14014.718,14338.049,14668.727,15006.824,15352.409,15705.551,16066.315,16434.762,16810.952,17194.939,17586.772,17986.494,18394.143,18809.746,19233.322,19664.879,20104.411,20551.900,21007.308,21470.579,21941.636,22420.374,22906.662,23400.334,23901.188,24408.981,24923.420,25444.161,25970.799,26502.863,27039.807,27580.999,28125.718,28673.136,29222.313,29772.181,30321.536,30869.020,31413.115,31952.124,32484.164,33007.156,33518.816,34016.659,34498.000,34959.968,35399.529,35813.521,36198.699,36551.797,36869.590,37148.970,37387.017,37581.066,37728.768,37828.125,37877.521,37875.740,37821.966,37715.789,37557.204,37346.620,37084.857,36773.156,36413.175,36006.982,35557.020,35066.073,34537.201,33973.671,33378.878,32756.270,32109.269,31441.214,30755.307,30054.575,29341.844,28619.725,27890.608,27156.659,26419.828,25681.858,24944.298,24208.512,23475.695,22746.884,22022.973,21304.725,20592.782,19887.676,19189.843,18499.627,17817.292,17143.028,16476.960,15819.155,15169.623,14528.331,13895.200,13270.113,12652.922,12043.445,11441.475,10846.780,10259.109,9678.190,9103.736,8535.445,7973.002,7416.081,6864.347,6317.456,5775.057,5236.794,4702.302,4171.215,3643.162,3117.769,2594.657,2073.448,1553.761,1035.213,517.421,0.000
0.000,179.155,357.983,536.147,713.315,889.158,1063.357,1235.600,1405.585,1573.021,1737.633,1899.156,2057.345,2211.967,2362.809,2509.676,2652.391,2790.795,2924.751,3054.138,3178.857,3298.829,3413.992,3524.305,3629.745,3730.307,3826.004,3916.865,4002.935,4084.276,4160.962,4233.083,4300.740,4364.048,4423.130,4478.122,4529.166,4576.416,4620.029,4660.171,4697.013,4730.732,4761.506,4789.520,4814.959,4838.011,4858.864,4877.708,4894.733,4910.130,4924.086,4936.790,4948.427,4959.183,4969.239,4978.776,4987.971,4996.999,5006.031,5015.236,5024.780,5034.824,5045.529,5057.048,5069.536,5083.140,5098.006,5114.277,5132.091,5151.585,5172.890,5196.137,5221.452,5248.959,5278.778,5311.028,5345.825,5383.280,5423.505,5466.607,5512.694,5561.868,5614.231,5669.884,5728.925,5791.449,5857.551,5927.325,6000.862,6078.253,6159.587,6244.952,6334.433,6428.118,6526.091,6628.435,6735.234,6846.570,6962.523,7083.175,7208.606,7338.895,7474.120,7614.361,7759.695,7910.198,8065.948,8227.021,8393.493,8565.439,8742.935,8926.054,9114.871,9309.460,9509.894,9716.245,9928.586,10146.988,10371.524,10602.264,10839.278,11082.635,11332.405,11588.655,11851.454,12120.868,12396.962,12679.800,12969.447,13265.964,13569.412,13879.850,14197.334,14521.921,14853.662,15192.609,15538.807,15892.301,16253.130,16621.330,16996.931,17379.957,17770.427,18168.351,18573.732,18986.560,19406.819,19834.476,20269.486,20711.788,21161.301,21617.926,22081.537,22551.985,23029.090,23512.639,24002.380,24498.020,24999.221,25505.589,26016.675,26531.961,27050.860,27572.705,28096.738,28622.107,29147.852,29672.897,30196.041,30715.944,31231.123,31739.938,32240.588,32731.103,33209.345,33673.007,34119.622,34546.580,34951.147,35330.499,35681.760,36002.053,36288.551,36538.540,36749.472,36919.021,37045.131,37126.050,37160.356,37146.977,37085.202,36974.682,36815.437,36607.860,36352.713,36051.132,35704.615,35315.012,34884.495,34415.521,33910.787,33373.171,32805.667,32211.329,31593.206,30954.292,30297.484,29625.543,28941.072,28246.498,27544.064,26835.823,26123.641,25409.205,24694.025,23979.446,23266.658,22556.706,21850.500,21148.826,20452.357,19761.660,19077.208,18399.384,17728.493,17064.770,16408.382,15759.438,15117.991,14484.050,13857.577,13238.496,12626.696,12022.034,11424.340,10833.418,10249.049,9670.994,9098.998,8532.789,7972.081,7416.575,6865.964,6319.927,5778.141,5240.269,4705.974,4174.908,3646.723,3121.064,2597.573,2075.893,1555.659,1036.509,518.078,0.000
0.000,187.172,373.993,560.101,745.141,928.762,1110.620,1290.383,1467.726,1642.341,1813.932,1982.219,2146.938,2307.845,2464.712,2617.333,2765.521,2909.109,3047.954,3181.929,3310.933,3434.884,3553.719,3667.400,3775.905,3879.233,3977.401,4070.444,4158.415,4241.382,4319.430,4392.656,4461.171,4525.102,4584.582,4639.758,4690.785,4737.826,4781.052,4820.640,4856.774,4889.641,4919.432,4946.343,4970.571,4992.313,5011.770,5029.141,5044.628,5058.429,5070.743,5081.767,5091.695,5100.719,5109.032,5116.819,5124.265,5131.553,5138.859,5146.358,5154.223,5162.619,5171.711,5181.659,5192.621,5204.747,5218.189,5233.091,5249.597,5267.844,5287.968,5310.102,5334.373,5360.908,5389.830,5421.258,5455.309,5492.098,5531.737,5574.334,5619.997,5668.830,5720.937,5776.417,5835.370,5897.891,5964.076,6034.018,6107.810,6185.542,6267.302,6353.178,6443.257,6537.624,6636.363,6739.559,6847.292,6959.644,7076.695,7198.525,7325.214,7456.838,7593.475,7735.202,7882.094,8034.227,8191.674,8354.509,8522.806,8696.637,8876.074,9061.186,9252.045,9448.718,9651.276,9859.786,10074.313,10294.924,10521.683,10754.654,10993.899,11239.480,11491.457,11749.888,12014.829,12286.337,12564.465,12849.264,13140.784,13439.073,13744.176,14056.135,14374.988,14700.774,15033.524,15373.267,15720.029,16073.828,16434.681,16802.595,17177.574,17559.613,17948.700,18344.813,18747.922,19157.984,19574.944,19998.734,20429.271,20866.452,21310.156,21760.242,22216.544,22678.865,23146.984,23620.642,24099.545,24583.356,25071.692,25564.118,26060.147,26559.222,27060.724,27563.954,28068.133,28572.390,29075.756,29577.158,30075.405,30569.187,31057.065,31537.464,32008.668,32468.822,32915.926,33347.847,33762.324,34156.981,34529.355,34876.919,35197.116,35487.406,35745.303,35968.427,36154.548,36301.635,36407.886,36471.767,36492.036,36467.757,36398.313,36283.415,36123.104,35917.756,35668.078,35375.105,35040.192,34664.997,34251.454,33801.748,33318.267,32803.558,32260.282,31691.155,31098.905,30486.229,29855.748,29209.986,28551.338,27882.057,27204.241,26519.830,25830.602,25138.177,24444.020,23749.445,23055.628,22363.611,21674.309,20988.523,20306.945,19630.169,18958.696,18292.942,17633.246,16979.878,16333.043,15692.885,15059.498,14432.924,13813.165,13200.179,12593.892,11994.195,11400.951,10813.997,10233.145,9658.187,9088.898,8525.032,7966.333,7412.527,6863.331,6318.451,5777.584,5240.420,4706.640,4175.919,3647.929,3122.335,2598.800,2076.983,1556.540,1037.127,518.396,0.000
0.000,195.574,390.770,585.202,778.488,970.251,1160.125,1347.751,1532.786,1714.897,1893.770,2069.106,2240.624,2408.064,2571.185,2729.769,2883.619,3032.560,3176.439,3315.128,3448.521,3576.534,3699.106,3816.198,3927.791,4033.890,4134.515,4229.711,4319.536,4404.068,4483.401,4557.642,4626.915,4691.356,4751.110,4806.338,4857.205,4903.889,4946.573,4985.447,5020.706,5052.552,5081.187,5106.820,5129.659,5149.914,5167.796,5183.518,5197.288,5209.318,5219.814,5228.984,5237.031,5244.156,5250.558,5256.432,5261.970,5267.361,5272.787,5278.431,5284.468,5291.073,5298.413,5306.654,5315.956,5326.476,5338.368,5351.780,5366.858,5383.743,5402.574,5423.484,5446.606,5472.065,5499.988,5530.496,5563.706,5599.735,5638.696,5680.699,5725.851,5774.259,5826.026,5881.252,5940.036,6002.476,6068.666,6138.702,6212.673,6290.671,6372.785,6459.102,6549.707,6644.687,6744.124,6848.101,6956.700,7070.001,7188.084,7311.026,7438.906,7571.800,7709.783,7852.931,8001.317,8155.014,8314.094,8478.629,8648.687,8824.340,9005.654,9192.697,9385.535,9584.232,9788.853,9999.459,10216.111,10438.870,10667.794,10902.937,11144.356,11392.104,11646.230,11906.785,12173.815,12447.364,12727.474,13014.183,13307.528,13607.543,13914.255,14227.692,14547.876,14874.823,15208.548,15549.058,15896.357,16250.441,16611.300,16978.918,17353.271,17734.326,18122.042,18516.366,18917.234,19324.573,19738.291,20158.286,20584.437,21016.604,21454.628,21898.328,22347.497,22801.900,23261.273,23725.319,24193.703,24666.048,25141.934,25620.891,26102.394,26585.861,27070.641,27556.016,28041.189,28525.280,29007.321,29486.244,29960.883,30429.961,30892.089,31345.762,31789.354,32221.119,32639.197,33041.616,33426.303,33791.100,34133.785,34452.091,34743.745,35006.495,35238.149,35436.615,35599.939,35726.342,35814.248,35862.318,35869.468,35834.887,35758.047,35638.713,35476.947,35273.108,35027.849,34742.118,34417.140,34054.404,33655.643,33222.804,32758.015,32263.547,31741.770,31195.116,30626.035,30036.961,29430.277,28808.287,28173.198,27527.099,26871.951,26209.580,25541.675,24869.785,24195.321,23519.563,22843.662,22168.648,21495.435,20824.829,20157.534,19494.162,18835.234,18181.192,17532.404,16889.169,16251.722,15620.240,14994.847,14375.621,13762.594,13155.758,12555.070,11960.453,11371.800,10788.977,10211.826,9640.169,9073.805,8512.518,7956.074,7404.225,6856.714,6313.268,5773.607,5237.441,4704.474,4174.402,3646.914,3121.696,2598.430,2076.793,1556.460,1037.102,518.393,0.000
0.000,204.387,408.368,611.529,813.459,1013.755,1212.023,1407.882,1600.961,1790.907,1977.383,2160.070,2338.671,2512.907,2682.524,2847.291,3007.000,3161.467,3310.533,3454.065,3591.953,3724.112,3850.482,3971.025,4085.726,4194.595,4297.660,4394.970,4486.595,4572.621,4653.152,4728.309,4798.227,4863.052,4922.946,4978.079,5028.634,5074.800,5116.773,5154.759,5188.967,5219.609,5246.905,5271.073,5292.334,5310.913,5327.032,5340.915,5352.781,5362.852,5371.347,5378.481,5384.468,5389.517,5393.835,5397.626,5401.089,5404.418,5407.805,5411.438,5415.497,5420.162,5425.607,5431.999,5439.506,5448.288,5458.500,5470.297,5483.826,5499.231,5516.653,5536.229,5558.091,5582.371,5609.192,5638.680,5670.952,5706.127,5744.318,5785.637,5830.192,5878.088,5929.431,5984.320,6042.856,6105.136,6171.256,6241.308,6315.385,6393.576,6475.972,6562.657,6653.719,6749.242,6849.308,6954.000,7063.398,7177.582,7296.630,7420.619,7549.626,7683.726,7822.992,7967.498,8117.315,8272.515,8433.167,8599.339,8771.100,8948.514,9131.646,9320.562,9515.321,9715.984,9922.611,10135.259,10353.983,10578.837,10809.871,11047.136,11290.679,11540.545,11796.775,12059.409,12328.483,12604.032,12886.084,13174.667,13469.803,13771.511,14079.805,14394.696,14716.187,15044.279,15378.966,15720.235,16068.068,16422.439,16783.314,17150.653,17524.405,17904.509,18290.895,18683.482,19082.176,19486.868,19897.438,20313.745,20735.637,21162.936,21595.447,22032.952,22475.207,22921.940,23372.850,23827.601,24285.823,24747.105,25210.993,25676.985,26144.528,26613.014,27081.773,27550.068,28017.093,28481.967,28943.724,29401.316,29853.599,30299.339,30737.201,31165.750,31583.450,31988.666,32379.665,32754.630,33111.663,33448.801,33764.037,34055.340,34320.679,34558.058,34765.539,34941.281,35083.567,35190.840,35261.722,35295.047,35289.872,35245.500,35161.483,35037.637,34874.040,34671.040,34429.242,34149.514,33832.967,33480.946,33095.007,32676.897,32228.520,31751.908,31249.189,30722.546,30174.189,29606.324,29021.120,28420.686,27807.056,27182.165,26547.847,25905.816,25257.672,24604.890,23948.827,23290.720,22631.692,21972.752,21314.806,20658.659,20005.020,19354.511,18707.669,18064.955,17426.758,16793.401,16165.145,15542.193,14924.698,14312.767,13706.458,13105.794,12510.760,11921.306,11337.353,10758.796,10185.504,9617.322,9054.076,8495.574,7941.607,7391.951,6846.368,6304.611,5766.419,5231.523,4699.646,4170.504,3643.807,3119.257,2596.555,2075.395,1555.471,1036.472,518.086,0.000
0.000,213.640,426.844,639.166,850.166,1059.411,1266.481,1470.963,1672.464,1870.604,2065.024,2255.384,2441.366,2622.676,2799.044,2970.224,3135.999,3296.174,3450.584,3599.090,3741.581,3877.970,4008.197,4132.228,4250.054,4361.686,4467.163,4566.542,4659.902,4747.342,4828.975,4904.936,4975.372,5040.445,5100.329,5155.210,5205.285,5250.757,5291.840,5328.751,5361.715,5390.960,5416.718,5439.222,5458.706,5475.409,5489.564,5501.407,5511.172,5519.089,5525.388,5530.295,5534.033,5536.821,5538.875,5540.405,5541.618,5542.718,5543.901,5545.360,5547.284,5549.857,5553.257,5557.658,5563.229,5570.136,5578.538,5588.591,5600.446,5614.251,5630.148,5648.276,5668.770,5691.761,5717.378,5745.745,5776.982,5811.207,5848.536,5889.080,5932.949,5980.248,6031.083,6085.554,6143.762,6205.804,6271.775,6341.768,6415.876,6494.189,6576.794,6663.778,6755.227,6851.224,6951.852,7057.192,7167.323,7282.325,7402.274,7527.246,7657.317,7792.560,7933.047,8078.850,8230.039,8386.682,8548.847,8716.600,8890.004,9069.123,9254.020,9444.752,9641.379,9843.957,10052.539,10267.179,10487.926,10714.827,10947.928,11187.271,11432.896,11684.840,11943.136,12207.814,12478.901,12756.420,13040.388,13330.821,13627.727,13931.113,14240.976,14557.312,14880.108,15209.347,15545.003,15887.044,16235.431,16590.116,16951.042,17318.144,17691.345,18070.560,18455.690,18846.624,19243.240,19645.397,20052.943,20465.707,20883.500,21306.114,21733.317,22164.856,22600.454,23039.802,23482.567,23928.378,24376.831,24827.487,25279.859,25733.420,26187.593,26641.749,27095.201,27547.202,27996.942,28443.541,28886.044,29323.422,29754.564,30178.278,30593.286,30998.225,31391.646,31772.019,32137.737,32487.123,32818.440,33129.903,33419.700,33686.006,33927.008,34140.930,34326.059,34480.772,34603.560,34693.059,34748.067,34767.569,34750.751,34697.015,34605.990,34477.536,34311.750,34108.965,33869.749,33594.897,33285.424,32942.547,32567.673,32162.374,31728.364,31267.472,30781.613,30272.759,29742.912,29194.074,28628.227,28047.305,27453.183,26847.659,26232.440,25609.139,24979.265,24344.222,23705.308,23063.716,22420.533,21776.747,21133.248,20490.833,19850.212,19212.011,18576.777,17944.983,17317.035,16693.275,16073.985,15459.391,14849.669,14244.948,13645.315,13050.816,12461.461,11877.226,11298.057,10723.873,10154.568,9590.010,9030.050,8474.518,7923.226,7375.972,6832.542,6292.706,5756.224,5222.848,4692.319,4164.371,3638.732,3115.123,2593.262,2072.861,1553.628,1035.271,517.494,0.000
0.000,223.364,446.258,668.205,888.730,1107.371,1323.674,1537.199,1747.522,1954.240,2156.967,2355.340,2549.022,2737.699,2921.085,3098.921,3270.976,3437.048,3596.964,3750.581,3897.783,4038.485,4172.628,4300.180,4421.138,4535.521,4643.375,4744.767,4839.788,4928.547,5011.173,5087.813,5158.629,5223.798,5283.509,5337.966,5387.379,5431.969,5471.964,5507.600,5539.115,5566.754,5590.763,5611.390,5628.885,5643.497,5655.476,5665.069,5672.523,5678.079,5681.979,5684.458,5685.751,5686.085,5685.684,5684.769,5683.553,5682.246,5681.053,5680.173,5679.800,5680.123,5681.326,5683.587,5687.079,5691.972,5698.428,5706.607,5716.662,5728.743,5742.996,5759.561,5778.575,5800.171,5824.478,5851.622,5881.725,5914.905,5951.278,5990.956,6034.050,6080.667,6130.909,6184.881,6242.680,6304.405,6370.151,6440.011,6514.076,6592.437,6675.181,6762.394,6854.161,6950.565,7051.688,7157.610,7268.409,7384.165,7504.952,7630.845,7761.919,7898.244,8039.893,8186.935,8339.437,8497.466,8661.088,8830.365,9005.359,9186.132,9372.740,9565.239,9763.685,9968.129,10178.621,10395.208,10617.935,10846.844,11081.973,11323.358,11571.032,11825.023,12085.357,12352.054,12625.132,12904.602,13190.472,13482.744,13781.415,14086.476,14397.913,14715.703,15039.818,15370.224,15706.877,16049.724,16398.707,16753.756,17114.791,17481.724,17854.454,18232.868,18616.842,19006.238,19400.902,19800.668,20205.349,20614.746,21028.637,21446.781,21868.915,22294.753,22723.984,23156.269,23591.240,24028.498,24467.609,24908.103,25349.470,25791.159,26232.573,26673.064,27111.936,27548.435,27981.749,28411.004,28835.262,29253.515,29664.688,30067.632,30461.127,30843.880,31214.530,31571.646,31913.738,32239.260,32546.622,32834.203,33100.363,33343.462,33561.881,33754.039,33918.420,34053.590,34158.226,34231.133,34271.263,34277.737,34249.856,34187.112,34089.202,33956.027,33787.701,33584.550,33347.106,33076.103,32772.471,32437.320,32071.925,31677.710,31256.226,30809.125,30338.141,29845.064,29331.710,28799.907,28251.467,27688.171,27111.748,26523.868,25926.123,25320.028,24707.006,24088.389,23465.418,22839.237,22210.897,21581.358,20951.491,20322.083,19693.836,19067.377,18443.258,17821.960,17203.901,16589.436,15978.864,15372.430,14770.330,14172.713,13579.687,12991.319,12407.643,11828.657,11254.330,10684.602,10119.388,9558.581,9002.050,8449.648,7901.207,7356.547,6815.470,6277.768,5743.219,5211.593,4682.649,4156.140,3631.811,3109.398,2588.637,2069.256,1550.980,1033.532,516.632,0.000
0.000,233.592,466.679,698.746,929.285,1157.797,1383.795,1606.809,1826.384,2042.087,2253.506,2460.255,2661.972,2858.326,3049.013,3233.758,3412.319,3584.484,3750.073,3908.939,4060.962,4206.058,4344.170,4475.272,4599.365,4716.477,4826.663,4930.003,5026.597,5116.571,5200.066,5277.246,5348.288,5413.386,5472.747,5526.589,5575.143,5618.645,5657.342,5691.486,5721.332,5747.141,5769.175,5787.699,5802.977,5815.274,5824.852,5831.973,5836.894,5839.872,5841.159,5841.000,5839.641,5837.319,5834.267,5830.713,5826.880,5822.985,5819.239,5815.847,5813.009,5810.921,5809.769,5809.737,5811.004,5813.740,5818.112,5824.283,5832.409,5842.643,5855.131,5870.016,5887.437,5907.528,5930.420,5956.239,5985.107,6017.145,6052.469,6091.191,6133.422,6179.268,6228.835,6282.225,6339.536,6400.866,6466.310,6535.962,6609.911,6688.249,6771.061,6858.433,6950.450,7047.194,7148.746,7255.185,7366.590,7483.036,7604.599,7731.353,7863.369,8000.719,8143.472,8291.695,8445.454,8604.815,8769.840,8940.589,9117.123,9299.498,9487.769,9681.990,9882.210,10088.477,10300.838,10519.333,10744.004,10974.885,11212.011,11455.409,11705.106,11961.122,12223.475,12492.176,12767.233,13048.648,13336.417,13630.531,13930.974,14237.724,14550.753,14870.022,15195.489,15527.101,15864.796,16208.505,16558.147,16913.632,17274.859,17641.716,18014.078,18391.808,18774.755,19162.754,19555.625,19953.171,20355.179,20761.416,21171.633,21585.556,22002.894,22423.328,22846.516,23272.089,23699.651,24128.772,24558.993,24989.817,25420.714,25851.109,26280.390,26707.897,27132.923,27554.711,27972.453,28385.283,28792.281,29192.465,29584.794,29968.167,30341.420,30703.329,31052.615,31387.943,31707.932,32011.157,32296.165,32561.481,32805.622,33027.114,33224.509,33396.400,33541.444,33658.376,33746.036,33803.377,33829.491,33823.619,33785.163,33713.700,33608.984,33470.959,33299.754,33095.688,32859.265,32591.168,32292.253,31963.538,31606.185,31221.491,30810.865,30375.809,29917.901,29438.767,28940.067,28423.474,27890.649,27343.233,26782.828,26210.983,25629.187,25038.858,24441.340,23837.896,23229.707,22617.869,22003.395,21387.216,20770.179,20153.055,19536.539,18921.251,18307.745,17696.507,17087.960,16482.472,15880.352,15281.862,14687.211,14096.568,13510.057,12927.766,12349.747,11776.017,11206.566,10641.353,10080.315,9523.361,8970.383,8421.250,7875.817,7333.918,6795.377,6260.002,5727.589,5197.926,4670.788,4145.945,3623.157,3102.180,2582.761,2064.646,1547.576,1031.288,515.518,0.000
0.000,244.362,488.179,730.897,971.971,1210.864,1447.053,1680.033,1909.317,2134.439,2354.961,2570.469,2780.579,2984.937,3183.220,3375.141,3560.443,3738.905,3910.339,4074.593,4231.548,4381.118,4523.250,4657.923,4785.146,4904.956,5017.419,5122.627,5220.695,5311.763,5395.989,5473.554,5544.652,5609.496,5668.310,5721.333,5768.813,5811.005,5848.175,5880.593,5908.533,5932.273,5952.092,5968.272,5981.092,5990.833,5997.772,6002.184,6004.341,6004.512,6002.960,5999.944,5995.717,5990.528,5984.619,5978.227,5971.583,5964.910,5958.427,5952.345,5946.871,5942.203,5938.536,5936.056,5934.945,5935.379,5937.528,5941.555,5947.621,5955.880,5966.481,5979.569,5995.282,6013.758,6035.127,6059.517,6087.052,6117.850,6152.031,6189.705,6230.984,6275.975,6324.782,6377.508,6434.251,6495.108,6560.175,6629.544,6703.305,6781.547,6864.358,6951.822,7044.021,7141.039,7242.956,7349.849,7461.795,7578.871,7701.149,7828.704,7961.605,8099.922,8243.722,8393.071,8548.034,8708.674,8875.051,9047.224,9225.248,9409.180,9599.070,9794.968,9996.921,10204.974,10419.166,10639.537,10866.120,11098.946,11338.043,11583.433,11835.135,12093.162,12357.523,12628.222,12905.258,13188.621,13478.298,13774.269,14076.505,14384.971,14699.625,15020.415,15347.282,15680.157,16018.961,16363.605,16713.991,17070.007,17431.530,17798.428,18170.551,18547.739,18929.814,19316.587,19707.850,20103.379,20502.932,20906.249,21313.051,21723.035,22135.879,22551.236,22968.735,23387.978,23808.542,24229.971,24651.780,25073.451,25494.431,25914.130,26331.918,26747.128,27159.044,27566.912,27969.925,28367.232,28757.930,29141.066,29515.633,29880.577,30234.789,30577.113,30906.348,31221.249,31520.536,31802.898,32067.006,32311.517,32535.092,32736.406,32914.162,33067.110,33194.059,33293.897,33365.604,33408.272,33421.111,33403.472,33354.848,33274.891,33163.412,33020.389,32845.971,32640.471,32404.370,32138.309,31843.080,31519.622,31169.002,30792.406,30391.121,29966.521,29520.046,29053.183,28567.453,28064.391,27545.527,27012.377,26466.425,25909.113,25341.831,24765.911,24182.619,23593.151,22998.631,22400.107,21798.553,21194.866,20589.871,19984.320,19378.893,18774.206,18170.807,17569.183,16969.763,16372.919,15778.971,15188.190,14600.799,14016.981,13436.876,12860.586,12288.180,11719.694,11155.133,10594.476,10037.675,9484.659,8935.336,8389.594,7847.304,7308.318,6772.476,6239.603,5709.513,5182.007,4656.879,4133.912,3612.883,3093.562,2575.712,2059.094,1543.462,1028.569,514.166,0.000
0.000,255.711,510.835,764.775,1016.944,1266.764,1513.674,1757.130,1996.610,2231.616,2461.677,2686.352,2905.231,3117.938,3324.132,3523.508,3715.796,3900.765,4078.221,4248.006,4410.001,4564.122,4710.320,4848.579,4978.917,5101.382,5216.054,5323.038,5422.465,5514.491,5599.294,5677.070,5748.037,5812.424,5870.479,5922.457,5968.630,6009.272,6044.669,6075.110,6100.890,6122.304,6139.651,6153.228,6163.334,6170.264,6174.312,6175.767,6174.916,6172.039,6167.413,6161.307,6153.988,6145.712,6136.732,6127.294,6117.636,6107.990,6098.580,6089.625,6081.336,6073.919,6067.571,6062.483,6058.841,6056.824,6056.605,6058.350,6062.223,6068.379,6076.969,6088.139,6102.030,6118.779,6138.518,6161.376,6187.476,6216.939,6249.881,6286.417,6326.655,6370.704,6418.668,6470.648,6526.744,6587.051,6651.665,6720.677,6794.178,6872.255,6954.995,7042.482,7134.798,7232.025,7334.242,7441.525,7553.952,7671.597,7794.533,7922.830,8056.559,8195.786,8340.580,8491.003,8647.118,8808.987,8976.667,9150.216,9329.686,9515.131,9706.598,9904.135,10107.784,10317.587,10533.580,10755.797,10984.267,11219.016,11460.066,11707.432,11961.128,12221.160,12487.528,12760.229,13039.251,13324.577,13616.183,13914.037,14218.100,14528.324,14844.652,15167.020,15495.352,15829.564,16169.560,16515.234,16866.467,17223.129,17585.077,17952.156,18324.193,18701.005,19082.391,19468.134,19858.003,20251.745,20649.092,21049.757,21453.432,21859.786,22268.468,22679.106,23091.298,23504.622,23918.626,24332.832,24746.731,25159.784,25571.420,25981.032,26387.980,26791.585,27191.131,27585.862,27974.981,28357.647,28732.979,29100.051,29457.892,29805.493,30141.799,30465.720,30776.127,31071.860,31351.734,31614.543,31859.071,32084.097,32288.411,32470.821,32630.170,32765.344,32875.292,32959.035,33015.682,33044.444,33044.641,33015.722,32957.263,32868.983,32750.745,32602.563,32424.600,32217.170,31980.735,31715.900,31423.406,31104.122,30759.035,30389.235,29995.906,29580.307,29143.761,28687.635,28213.327,27722.250,27215.819,26695.436,26162.480,25618.294,25064.180,24501.387,23931.109,23354.479,22772.563,22186.362,21596.812,21004.776,20411.052,19816.373,19221.403,18626.748,18032.948,17440.491,16849.803,16261.261,15675.192,15091.873,14511.540,13934.383,13360.556,12790.175,12223.323,11660.049,11100.376,10544.295,9991.776,9442.764,8897.182,8354.933,7815.904,7279.965,6746.969,6216.757,5689.158,5163.989,4641.057,4120.161,3601.092,3083.634,2567.565,2052.658,1538.683,1025.407,512.591,0.000
0.000,267.684,534.734,800.508,1064.371,1325.704,1583.902,1838.380,2088.578,2333.962,2574.027,2808.302,3036.351,3257.773,3472.206,3679.329,3878.858,4070.553,4254.210,4429.671,4596.814,4755.559,4905.860,5047.711,5181.140,5306.207,5423.006,5531.658,5632.312,5725.143,5810.347,5888.145,5958.771,6022.481,6079.541,6130.231,6174.842,6213.674,6247.032,6275.226,6298.572,6317.386,6331.986,6342.687,6349.807,6353.657,6354.547,6352.783,6348.664,6342.487,6334.538,6325.102,6314.454,6302.863,6290.590,6277.890,6265.009,6252.187,6239.655,6227.638,6216.353,6206.009,6196.810,6188.951,6182.620,6178.001,6175.268,6174.592,6176.136,6180.059,6186.512,6195.644,6207.597,6222.507,6240.508,6261.729,6286.294,6314.323,6345.934,6381.239,6420.349,6463.370,6510.407,6561.561,6616.931,6676.611,6740.697,6809.280,6882.449,6960.291,7042.892,7130.335,7222.702,7320.074,7422.528,7530.141,7642.988,7761.143,7884.677,8013.660,8148.161,8288.246,8433.980,8585.425,8742.643,8905.693,9074.630,9249.510,9430.384,9617.301,9810.307,10009.447,10214.760,10426.283,10644.049,10868.088,11098.425,11335.080,11578.070,11827.405,12083.091,12345.128,12613.510,12888.224,13169.252,13456.566,13750.132,14049.908,14355.844,14667.879,14985.944,15309.961,15639.840,15975.480,16316.770,16663.586,17015.791,17373.236,17735.758,18103.179,18475.307,18851.935,19232.838,19617.775,20006.488,20398.702,20794.120,21192.429,21593.292,21996.354,22401.237,22807.538,23214.833,23622.672,24030.581,24438.056,24844.567,25249.557,25652.437,26052.585,26449.352,26842.052,27229.966,27612.339,27988.383,28357.272,28718.143,29070.099,29412.206,29743.497,30062.969,30369.593,30662.311,30940.041,31201.687,31446.140,31672.286,31879.018,32065.242,32229.888,32371.921,32490.355,32584.260,32652.780,32695.139,32710.653,32698.746,32658.950,32590.920,32494.436,32369.410,32215.887,32034.050,31824.213,31586.824,31322.459,31031.815,30715.704,30375.043,30010.841,29624.193,29216.260,28788.262,28341.460,27877.146,27396.625,26901.209,26392.200,25870.881,25338.506,24796.293,24245.418,23687.005,23122.127,22551.796,21976.969,21398.539,20817.338,20234.136,19649.642,19064.507,18479.320,17894.616,17310.873,16728.521,16147.934,15569.443,14993.330,14419.837,13849.164,13281.475,12716.897,12155.523,11597.416,11042.610,10491.111,9942.903,9397.944,8856.171,8317.503,7781.839,7249.064,6719.045,6191.637,5666.683,5144.014,4623.451,4104.806,3587.883,3072.480,2558.389,2045.395,1533.281,1021.827,510.808,0.000
0.000,280.327,559.968,838.232,1114.436,1387.911,1658.005,1924.089,2185.563,2441.852,2692.416,2936.752,3174.394,3404.916,3627.936,3843.112,4050.148,4248.792,4438.837,4620.117,4792.514,4955.950,5110.386,5255.826,5392.308,5519.908,5638.736,5748.930,5850.661,5944.123,6029.536,6107.141,6177.199,6239.986,6295.795,6344.930,6387.706,6424.445,6455.476,6481.133,6501.753,6517.673,6529.232,6536.766,6540.610,6541.094,6538.545,6533.284,6525.627,6515.883,6504.354,6491.335,6477.112,6461.967,6446.169,6429.983,6413.663,6397.456,6381.600,6366.326,6351.857,6338.407,6326.184,6315.386,6306.207,6298.830,6293.436,6290.195,6289.274,6290.832,6295.023,6301.996,6311.893,6324.852,6341.007,6360.486,6383.415,6409.913,6440.098,6474.082,6511.975,6553.884,6599.911,6650.158,6704.723,6763.701,6827.185,6895.266,6968.032,7045.570,7127.964,7215.298,7307.652,7405.106,7507.735,7615.617,7728.825,7847.432,7971.508,8101.122,8236.341,8377.231,8523.854,8676.272,8834.545,8998.729,9168.879,9345.048,9527.285,9715.637,9910.147,10110.857,10317.804,10531.021,10750.538,10976.379,11208.567,11447.117,11692.039,11943.341,12201.020,12465.072,12735.482,13012.231,13295.291,13584.627,13880.196,14181.944,14489.810,14803.724,15123.603,15449.355,15780.877,16118.053,16460.756,16808.844,17162.165,17520.549,17883.815,18251.764,18624.182,19000.840,19381.491,19765.870,20153.695,20544.663,20938.455,21334.730,21733.127,22133.262,22534.731,22937.107,23339.940,23742.756,24145.054,24546.312,24945.979,25343.477,25738.203,26129.523,26516.776,26899.270,27276.286,27647.073,28010.848,28366.802,28714.092,29051.847,29379.168,29695.128,29998.778,30289.143,30565.231,30826.037,31070.544,31297.732,31506.585,31696.097,31865.280,32013.176,32138.862,32241.464,32320.166,32374.220,32402.953,32405.781,32382.217,32331.873,32254.474,32149.857,32017.980,31858.920,31672.876,31460.169,31221.234,30956.627,30667.006,30353.137,30015.876,29656.165,29275.020,28873.518,28452.792,28014.008,27558.365,27087.076,26601.358,26102.424,25591.471,25069.672,24538.170,23998.071,23450.435,22896.278,22336.560,21772.195,21204.035,20632.879,20059.470,19484.494,18908.581,18332.308,17756.198,17180.724,16606.307,16033.324,15462.104,14892.932,14326.056,13761.682,13199.979,12641.084,12085.099,11532.099,10982.128,10435.204,9891.320,9350.450,8812.541,8277.525,7745.315,7215.806,6688.881,6164.406,5642.237,5122.218,4604.182,4087.953,3573.350,3060.181,2548.250,2037.357,1527.295,1017.857,508.829,0.000
0.000,293.690,586.639,878.101,1167.338,1453.629,1736.271,2014.589,2287.934,2555.692,2817.284,3072.170,3319.855,3559.885,3791.855,4015.405,4230.224,4436.049,4632.668,4819.913,4997.667,5165.854,5324.448,5473.460,5612.944,5742.993,5863.733,5975.325,6077.961,6171.859,6257.263,6334.439,6403.675,6465.272,6519.551,6566.841,6607.482,6641.823,6670.218,6693.025,6710.604,6723.317,6731.523,6735.579,6735.839,6732.655,6726.369,6717.319,6705.838,6692.249,6676.868,6660.001,6641.949,6623.001,6603.439,6583.535,6563.551,6543.743,6524.356,6505.625,6487.780,6471.039,6455.614,6441.707,6429.516,6419.226,6411.020,6405.071,6401.546,6400.607,6402.408,6407.099,6414.823,6425.718,6439.918,6457.552,6478.744,6503.614,6532.279,6564.852,6601.440,6642.151,6687.087,6736.348,6790.031,6848.230,6911.039,6978.546,7050.840,7128.006,7210.128,7297.287,7389.564,7487.037,7589.782,7697.873,7811.384,7930.386,8054.948,8185.138,8321.023,8462.666,8610.130,8763.473,8922.754,9088.028,9259.349,9436.767,9620.330,9810.081,10006.063,10208.314,10416.868,10631.756,10853.004,11080.633,11314.661,11555.099,11801.954,12055.225,12314.908,12580.990,12853.450,13132.262,13417.391,13708.793,14006.416,14310.196,14620.064,14935.935,15257.718,15585.305,15918.582,16257.417,16601.668,16951.178,17305.776,17665.275,18029.475,18398.157,18771.088,19148.014,19528.668,19912.761,20299.987,20690.021,21082.516,21477.106,21873.405,22271.005,22669.474,23068.362,23467.192,23865.467,24262.666,24658.241,25051.623,25442.218,25829.406,26212.540,26590.952,26963.944,27330.795,27690.758,28043.058,28386.899,28721.459,29045.892,29359.334,29660.896,29949.676,30224.754,30485.200,30730.077,30958.444,31169.366,31361.912,31535.171,31688.254,31820.302,31930.495,32018.064,32082.293,32122.532,32138.206,32128.819,32093.966,32033.333,31946.709,31833.987,31695.164,31530.351,31339.765,31123.733,30882.685,30617.157,30327.781,30015.281,29680.464,29324.212,28947.476,28551.262,28136.621,27704.644,27256.445,26793.153,26315.904,25825.832,25324.056,24811.675,24289.763,23759.361,23221.471,22677.052,22127.021,21572.243,21013.536,20451.664,19887.342,19321.233,18753.946,18186.043,17618.034,17050.383,16483.506,15917.773,15353.514,14791.015,14230.525,13672.253,13116.377,12563.036,12012.343,11464.379,10919.197,10376.826,9837.270,9300.510,8766.507,8235.203,7706.521,7180.369,6656.641,6135.215,5615.958,5098.725,4583.361,4069.703,3557.579,3046.811,2537.212,2028.594,1520.763,1013.520,506.667,0.000
0.000,307.830,614.858,920.278,1223.294,1523.126,1819.017,2110.240,2396.096,2675.926,2949.108,3215.066,3473.270,3723.238,3964.541,4196.799,4419.688,4632.933,4836.316,5029.669,5212.876,5385.869,5548.630,5701.185,5843.604,5975.998,6098.515,6211.338,6314.684,6408.798,6493.951,6570.437,6638.571,6698.685,6751.127,6796.254,6834.436,6866.050,6891.475,6911.096,6925.298,6934.467,6938.986,6939.234,6935.586,6928.412,6918.075,6904.930,6889.325,6871.598,6852.080,6831.091,6808.942,6785.933,6762.358,6738.495,6714.618,6690.987,6667.854,6645.461,6624.043,6603.822,6585.014,6567.826,6552.456,6539.094,6527.924,6519.121,6512.854,6509.284,6508.567,6510.853,6516.286,6525.005,6537.141,6552.825,6572.180,6595.326,6622.379,6653.449,6688.647,6728.076,6771.839,6820.035,6872.759,6930.106,6992.167,7059.030,7130.783,7207.510,7289.293,7376.214,7468.352,7565.782,7668.582,7776.825,7890.581,8009.923,8134.917,8265.632,8402.131,8544.477,8692.732,8846.954,9007.199,9173.521,9345.973,9524.602,9709.454,9900.572,10097.996,10301.762,10511.900,10728.439,10951.402,11180.808,11416.669,11658.994,11907.784,12163.036,12424.737,12692.871,12967.410,13248.322,13535.565,13829.085,14128.823,14434.707,14746.657,15064.577,15388.365,15717.902,16053.059,16393.692,16739.643,17090.740,17446.795,17807.605,18172.949,18542.591,18916.276,19293.732,19674.666,20058.770,20445.713,20835.146,21226.698,21619.978,22014.576,22410.056,22805.965,23201.825,23597.136,23991.378,24384.006,24774.452,25162.129,25546.424,25926.701,26302.304,26672.554,27036.748,27394.163,27744.055,28085.660,28418.191,28740.847,29052.807,29353.236,29641.285,29916.094,30176.795,30422.517,30652.386,30865.532,31061.095,31238.228,31396.104,31533.926,31650.926,31746.380,31819.610,31869.997,31896.981,31900.072,31878.859,31833.011,31762.284,31666.526,31545.681,31399.789,31228.989,31033.518,30813.712,30570.000,30302.904,30013.034,29701.080,29367.808,29014.052,28640.703,28248.707,27839.049,27412.747,26970.845,26514.400,26044.473,25562.126,25068.410,24564.357,24050.977,23529.253,23000.130,22464.519,21923.288,21377.262,20827.223,20273.902,19717.985,19160.110,18600.869,18040.803,17480.411,16920.145,16360.413,15801.580,15243.971,14687.873,14133.533,13581.165,13030.947,12483.025,11937.515,11394.507,10854.061,10316.212,9780.973,9248.335,8718.268,8190.723,7665.633,7142.917,6622.478,6104.205,5587.974,5073.652,4561.095,4050.149,3540.652,3032.438,2525.331,2019.153,1513.719,1008.842,504.333,0.000
0.000,322.807,644.746,964.944,1282.541,1596.695,1906.589,2211.437,2510.489,2803.035,3088.408,3365.991,3635.220,3895.581,4146.620,4387.936,4619.190,4840.100,5050.439,5250.041,5438.792,5616.634,5783.560,5939.613,6084.880,6219.495,6343.629,6457.491,6561.327,6655.411,6740.042,6815.547,6882.272,6940.580,6990.850,7033.471,7068.843,7097.371,7119.466,7135.540,7146.005,7151.271,7151.748,7147.836,7139.935,7128.432,7113.712,7096.148,7076.103,7053.933,7029.982,7004.583,6978.059,6950.723,6922.876,6894.808,6866.798,6839.114,6812.016,6785.752,6760.559,6736.665,6714.291,6693.645,6674.928,6658.333,6644.045,6632.242,6623.091,6616.756,6613.393,6613.152,6616.177,6622.606,6632.571,6646.201,6663.620,6684.945,6710.292,6739.773,6773.493,6811.557,6854.067,6901.120,6952.811,7009.232,7070.473,7136.623,7207.767,7283.989,7365.370,7451.989,7543.925,7641.254,7744.051,7852.387,7966.333,8085.959,8211.333,8342.520,8479.583,8622.585,8771.584,8926.640,9087.805,9255.135,9428.678,9608.481,9794.590,9987.045,10185.883,10391.139,10602.841,10821.015,11045.681,11276.855,11514.547,11758.762,12009.496,12266.741,12530.483,12800.696,13077.351,13360.407,13649.814,13945.514,14247.438,14555.507,14869.629,15189.702,15515.609,15847.223,16184.400,16526.983,16874.802,17227.668,17585.377,17947.711,18314.429,18685.277,19059.981,19438.248,19819.764,20204.198,20591.197,20980.387,21371.376,21763.746,22157.062,22550.866,22944.677,23337.994,23730.294,24121.031,24509.640,24895.532,25278.099,25656.712,26030.720,26399.454,26762.225,27118.327,27467.033,27807.602,28139.276,28461.282,28772.835,29073.138,29361.385,29636.761,29898.449,30145.627,30377.479,30593.189,30791.956,30972.987,31135.514,31278.789,31402.096,31504.755,31586.127,31645.623,31682.708,31696.907,31687.811,31655.085,31598.468,31517.781,31412.930,31283.905,31130.787,30953.746,30753.039,30529.013,30282.099,30012.811,29721.741,29409.552,29076.976,28724.806,28353.885,27965.106,27559.395,27137.711,26701.034,26250.355,25786.674,25310.985,24824.279,24327.527,23821.681,23307.669,22786.386,22258.695,21725.421,21187.349,20645.225,20099.748,19551.578,19001.328,18449.566,17896.820,17343.571,16790.259,16237.282,15685.001,15133.733,14583.763,14035.337,13488.668,12943.936,12401.290,11860.851,11322.710,10786.936,10253.570,9722.630,9194.116,8668.005,8144.257,7622.813,7103.600,6586.531,6071.503,5558.403,5047.107,4537.478,4029.375,3522.644,3017.128,2512.662,2009.075,1506.194,1003.842,501.837,0.000
0.000,338.687,676.434,1012.295,1345.339,1674.655,1999.362,2318.611,2631.593,2937.544,3235.749,3525.548,3806.337,4077.572,4338.769,4589.509,4829.436,5058.258,5275.746,5481.732,5676.111,5858.833,6029.907,6189.393,6337.401,6474.088,6599.653,6714.337,6818.413,6912.188,6995.998,7070.200,7135.177,7191.325,7239.057,7278.797,7310.977,7336.035,7354.413,7366.551,7372.892,7373.873,7369.928,7361.484,7348.962,7332.774,7313.322,7290.997,7266.183,7239.249,7210.555,7180.447,7149.260,7117.319,7084.933,7052.402,7020.014,6988.044,6956.756,6926.404,6897.231,6869.469,6843.340,6819.057,6796.824,6776.834,6759.273,6744.320,6732.146,6722.911,6716.774,6713.883,6714.382,6718.409,6726.096,6737.569,6752.952,6772.362,6795.913,6823.715,6855.874,6892.492,6933.669,6979.502,7030.084,7085.507,7145.859,7211.228,7281.697,7357.348,7438.262,7524.519,7616.193,7713.362,7816.097,7924.470,8038.551,8158.409,8284.110,8415.718,8553.296,8696.905,8846.604,9002.449,9164.494,9332.791,9507.388,9688.332,9875.666,10069.429,10269.655,10476.379,10689.626,10909.421,11135.782,11368.720,11608.244,11854.354,12107.045,12366.304,12632.112,12904.439,13183.251,13468.500,13760.131,14058.080,14362.270,14672.613,14989.010,15311.347,15639.500,15973.329,16312.679,16657.381,17007.249,17362.082,17721.660,18085.748,18454.088,18826.409,19202.417,19581.797,19964.218,20349.324,20736.742,21126.073,21516.901,21908.786,22301.267,22693.860,23086.062,23477.345,23867.164,24254.948,24640.110,25022.040,25400.111,25773.675,26142.067,26504.604,26860.588,27209.304,27550.026,27882.012,28204.509,28516.758,28817.987,29107.420,29384.280,29647.783,29897.150,30131.606,30350.381,30552.719,30737.876,30905.129,31053.777,31183.148,31292.603,31381.540,31449.403,31495.681,31519.921,31521.726,31500.762,31456.765,31389.542,31298.974,31185.020,31047.719,30887.190,30703.632,30497.328,30268.635,30017.990,29745.902,29452.950,29139.779,28807.092,28455.647,28086.248,27699.742,27297.005,26878.944,26446.482,26000.556,25542.106,25072.072,24591.385,24100.964,23601.708,23094.494,22580.170,22059.556,21533.433,21002.552,20467.621,19929.312,19388.255,18845.038,18300.210,17754.278,17207.708,16660.929,16114.327,15568.253,15023.020,14478.907,13936.157,13394.981,12855.560,12318.044,11782.556,11249.190,10718.019,10189.088,9662.422,9138.025,8615.882,8095.959,7578.205,7062.554,6548.927,6037.228,5527.354,5019.187,4512.601,4007.462,3503.624,3000.940,2499.253,1998.401,1498.220,998.540,499.191,0.000
0.000,355.544,710.068,1062.547,1411.972,1757.358,2097.750,2432.232,2759.932,3080.027,3391.750,3694.393,3987.310,4269.924,4541.724,4802.267,5051.184,5288.172,5512.999,5725.502,5925.581,6113.200,6288.386,6451.219,6601.835,6740.419,6867.202,6982.456,7086.490,7179.647,7262.299,7334.843,7397.698,7451.298,7496.094,7532.545,7561.121,7582.292,7596.533,7604.320,7606.123,7602.409,7593.640,7580.268,7562.739,7541.486,7516.932,7489.491,7459.560,7427.528,7393.767,7358.638,7322.490,7285.655,7248.456,7211.199,7174.180,7137.681,7101.973,7067.315,7033.952,7002.122,6972.050,6943.949,6918.026,6894.477,6873.488,6855.238,6839.898,6827.629,6818.589,6812.926,6810.783,6812.297,6817.598,6826.813,6840.063,6857.464,6879.129,6905.166,6935.679,6970.770,7010.536,7055.074,7104.475,7158.829,7218.223,7282.743,7352.471,7427.489,7507.875,7593.707,7685.061,7782.010,7884.627,7992.983,8107.145,8227.182,8353.158,8485.139,8623.184,8767.354,8917.708,9074.300,9237.183,9406.409,9582.025,9764.076,9952.604,10147.647,10349.239,10557.411,10772.188,10993.592,11221.640,11456.341,11697.700,11945.717,12200.381,12461.677,12729.581,13004.062,13285.077,13572.576,13866.498,14166.772,14473.315,14786.031,15104.812,15429.538,15760.074,16096.268,16437.957,16784.957,17137.072,17494.085,17855.763,18221.852,18592.082,18966.160,19343.776,19724.595,20108.264,20494.408,20882.629,21272.508,21663.603,22055.452,22447.567,22839.442,23230.546,23620.329,24008.220,24393.626,24775.935,25154.516,25528.722,25897.886,26261.328,26618.349,26968.242,27310.285,27643.745,27967.881,28281.947,28585.189,28876.852,29156.178,29422.412,29674.804,29912.609,30135.091,30341.530,30531.219,30703.473,30857.629,30993.053,31109.141,31205.326,31281.082,31335.926,31369.424,31381.198,31370.923,31338.339,31283.248,31205.520,31105.095,30981.983,30836.270,30668.113,30477.744,30265.466,30031.654,29776.752,29501.269,29205.776,28890.904,28557.333,28205.792,27837.054,27451.925,27051.241,26635.862,26206.664,25764.533,25310.358,24845.029,24369.427,23884.420,23390.860,22889.577,22381.376,21867.034,21347.297,20822.876,20294.450,19762.657,19228.102,18691.349,18152.925,17613.318,17072.980,16532.322,15991.721,15451.518,14912.017,14373.492,13836.181,13300.294,12766.007,12233.472,11702.812,11174.123,10647.480,10122.932,9600.508,9080.216,8562.045,8045.969,7531.941,7019.903,6509.781,6001.487,5494.925,4989.983,4486.544,3984.480,3483.656,2983.928,2485.149,1987.166,1489.822,992.955,496.402,0.000
0.000,373.458,745.808,1115.938,1482.753,1845.186,2202.204,2552.816,2896.081,3231.111,3557.083,3873.238,4178.888,4473.416,4756.284,5027.026,5285.257,5530.668,5763.024,5982.166,6188.005,6380.521,6559.761,6725.830,6878.894,7019.169,7146.922,7262.461,7366.134,7458.326,7539.449,7609.942,7670.263,7720.891,7762.314,7795.034,7819.556,7836.390,7846.047,7849.034,7845.857,7837.011,7822.989,7804.269,7781.322,7754.605,7724.564,7691.630,7656.220,7618.740,7579.576,7539.103,7497.682,7455.658,7413.360,7371.105,7329.196,7287.922,7247.559,7208.370,7170.605,7134.504,7100.296,7068.195,7038.410,7011.136,6986.562,6964.867,6946.220,6930.783,6918.712,6910.156,6905.255,6904.145,6906.956,6913.812,6924.832,6940.132,6959.822,6984.009,7012.794,7046.279,7084.560,7127.728,7175.876,7229.091,7287.460,7351.066,7419.989,7494.311,7574.107,7659.456,7750.431,7847.105,7949.549,8057.832,8172.022,8292.186,8418.388,8550.692,8689.157,8833.843,8984.807,9142.105,9305.787,9475.905,9652.505,9835.631,10025.323,10221.620,10424.555,10634.157,10850.450,11073.454,11303.184,11539.649,11782.851,12032.786,12289.443,12552.803,12822.840,13099.516,13382.788,13672.599,13968.884,14271.566,14580.556,14895.751,15217.037,15544.284,15877.349,16216.071,16560.275,16909.768,17264.339,17623.761,17987.783,18356.140,18728.542,19104.682,19484.229,19866.831,20252.115,20639.683,21029.117,21419.973,21811.788,22204.073,22596.318,22987.990,23378.535,23767.376,24153.916,24537.540,24917.612,25293.478,25664.468,26029.898,26389.069,26741.268,27085.775,27421.858,27748.780,28065.798,28372.167,28667.141,28949.976,29219.931,29476.274,29718.281,29945.239,30156.452,30351.242,30528.951,30688.945,30830.621,30953.406,31056.760,31140.185,31203.223,31245.464,31266.545,31266.158,31244.050,31200.026,31133.954,31045.765,30935.454,30803.085,30648.785,30472.753,30275.251,30056.609,29817.219,29557.535,29278.070,28979.392,28662.120,28326.919,27974.497,27605.596,27220.992,26821.486,26407.897,25981.060,25541.816,25091.012,24629.490,24158.086,23677.624,23188.911,22692.736,22189.863,21681.029,21166.945,20648.288,20125.704,19599.804,19071.165,18540.328,18007.798,17474.044,16939.500,16404.565,15869.601,15334.938,14800.874,14267.672,13735.567,13204.763,12675.434,12147.731,11621.775,11097.663,10575.470,10055.248,9537.028,9020.822,8506.624,7994.409,7484.138,6975.757,6469.196,5964.375,5461.203,4959.575,4459.380,3960.496,3462.794,2966.140,2470.392,1975.404,1481.025,987.103,493.480,0.000
0.000,392.517,783.829,1172.727,1558.024,1938.562,2313.221,2680.928,3040.667,3391.482,3732.486,4062.866,4381.887,4688.894,4983.317,5264.669,5532.549,5786.641,6026.710,6252.603,6464.247,6661.639,6844.849,7014.016,7169.334,7311.060,7439.497,7554.997,7657.953,7748.791,7827.971,7895.976,7953.313,8000.502,8038.078,8066.584,8086.568,8098.580,8103.168,8100.877,8092.245,8077.804,8058.072,8033.559,8004.761,7972.160,7936.223,7897.402,7856.135,7812.840,7767.923,7721.771,7674.757,7627.235,7579.546,7532.015,7484.951,7438.649,7393.390,7349.443,7307.060,7266.484,7227.944,7191.660,7157.838,7126.675,7098.360,7073.070,7050.976,7032.238,7017.010,7005.440,6997.667,6993.824,6994.041,6998.439,7007.135,7020.243,7037.872,7060.125,7087.103,7118.905,7155.624,7197.351,7244.176,7296.185,7353.462,7416.089,7484.146,7557.710,7636.858,7721.665,7812.204,7908.546,8010.762,8118.920,8233.086,8353.327,8479.705,8612.284,8751.122,8896.280,9047.812,9205.773,9370.216,9541.189,9718.738,9902.907,10093.737,10291.264,10495.520,10706.534,10924.330,11148.927,11380.337,11618.568,11863.621,12115.491,12374.163,12639.618,12911.825,13190.745,13476.330,13768.520,14067.246,14372.424,14683.962,15001.751,15325.668,15655.579,15991.329,16332.751,16679.659,17031.850,17389.102,17751.173,18117.802,18488.706,18863.582,19242.105,19623.927,20008.678,20395.962,20785.363,21176.440,21568.728,21961.739,22354.959,22747.853,23139.865,23530.411,23918.893,24304.685,24687.148,25065.620,25439.424,25807.869,26170.248,26525.843,26873.925,27213.759,27544.604,27865.713,28176.340,28475.741,28763.173,29037.902,29299.203,29546.361,29778.676,29995.467,30196.072,30379.852,30546.194,30694.517,30824.269,30934.934,31026.037,31097.142,31147.857,31177.839,31186.795,31174.483,31140.718,31085.371,31008.371,30909.708,30789.433,30647.659,30484.562,30300.375,30095.396,29869.981,29624.543,29359.549,29075.518,28773.020,28452.667,28115.114,27761.049,27391.195,27006.301,26607.136,26194.487,25769.152,25331.934,24883.639,24425.071,23957.023,23480.280,22995.609,22503.759,22005.456,21501.402,20992.273,20478.715,19961.341,19440.737,18917.452,18392.003,17864.876,17336.519,16807.349,16277.748,15748.068,15218.625,14689.707,14161.570,13634.441,13108.518,12583.974,12060.953,11539.575,11019.939,10502.116,9986.160,9472.105,8959.963,8449.731,7941.388,7434.898,6930.211,6427.263,5925.977,5426.267,4928.035,4431.173,3935.566,3441.092,2947.621,2455.018,1963.143,1471.852,980.998,490.431,0.000
0.000,412.818,824.323,1233.202,1638.163,2037.949,2431.345,2817.188,3194.381,3561.891,3918.764,4264.129,4597.200,4917.281,5223.770,5516.157,5794.028,6057.058,6305.017,6537.762,6755.234,6957.456,7144.527,7316.617,7473.961,7616.856,7745.651,7860.745,7962.579,8051.630,8128.407,8193.445,8247.299,8290.540,8323.751,8347.520,8362.441,8369.106,8368.106,8360.023,8345.432,8324.898,8298.973,8268.195,8233.089,8194.160,8151.900,8106.781,8059.259,8009.771,7958.737,7906.558,7853.618,7800.283,7746.902,7693.808,7641.317,7589.730,7539.332,7490.395,7443.175,7397.917,7354.851,7314.198,7276.164,7240.948,7208.735,7179.704,7154.022,7131.850,7113.341,7098.638,7087.880,7081.198,7078.719,7080.561,7086.841,7097.669,7113.151,7133.389,7158.482,7188.525,7223.611,7263.827,7309.261,7359.998,7416.118,7477.704,7544.832,7617.580,7696.021,7780.229,7870.277,7966.233,8068.167,8176.148,8290.239,8410.506,8537.012,8669.818,8808.985,8954.569,9106.626,9265.211,9430.375,9602.167,9780.633,9965.815,10157.754,10356.487,10562.044,10774.455,10993.742,11219.923,11453.012,11693.014,11939.929,12193.751,12454.465,12722.047,12996.465,13277.679,13565.638,13860.278,14161.526,14469.296,14783.489,15103.991,15430.675,15763.398,16102.000,16446.304,16796.115,17151.221,17511.389,17876.365,18245.875,18619.623,18997.291,19378.537,19762.995,20150.278,20539.971,20931.636,21324.811,21719.008,22113.713,22508.392,22902.481,23295.398,23686.536,24075.266,24460.938,24842.884,25220.419,25592.839,25959.429,26319.459,26672.189,27016.874,27352.761,27679.095,27995.120,28300.085,28593.241,28873.849,29141.182,29394.524,29633.178,29856.467,30063.735,30254.352,30427.717,30583.259,30720.443,30838.769,30937.775,31017.045,31076.202,31114.921,31132.921,31129.976,31105.909,31060.600,30993.983,30906.049,30796.845,30666.478,30515.110,30342.961,30150.308,29937.481,29704.865,29452.895,29182.055,28892.876,28585.928,28261.825,27921.213,27564.769,27193.198,26807.227,26407.601,25995.077,25570.422,25134.407,24687.803,24231.376,23765.884,23292.074,22810.677,22322.406,21827.953,21327.985,20823.146,20314.050,19801.283,19285.402,18766.932,18246.368,17724.171,17200.772,16676.569,16151.930,15627.190,15102.656,14578.603,14055.278,13532.901,13011.663,12491.731,11973.244,11456.322,10941.058,10427.524,9915.774,9405.840,8897.738,8391.463,7886.999,7384.311,6883.352,6384.061,5886.367,5390.186,4895.424,4401.980,3909.743,3418.594,2928.410,2439.060,1950.410,1462.322,974.654,487.262,0.000
0.000,434.467,867.503,1297.677,1723.584,2143.857,2557.175,2962.280,3357.980,3743.164,4116.803,4477.962,4825.802,5159.584,5478.673,5782.535,6070.742,6342.967,6598.984,6838.663,7061.965,7268.943,7459.728,7634.530,7793.629,7937.368,8066.148,8180.420,8280.679,8367.458,8441.323,8502.863,8552.689,8591.424,8619.704,8638.168,8647.458,8648.213,8641.065,8626.639,8605.549,8578.395,8545.763,8508.222,8466.324,8420.602,8371.570,8319.722,8265.532,8209.456,8151.928,8093.362,8034.154,7974.680,7915.299,7856.350,7798.155,7741.020,7685.235,7631.075,7578.797,7528.648,7480.860,7435.653,7393.233,7353.798,7317.532,7284.613,7255.206,7229.471,7207.556,7189.604,7175.750,7166.124,7160.849,7160.042,7163.816,7172.277,7185.531,7203.675,7226.807,7255.018,7288.398,7327.035,7371.013,7420.413,7475.315,7535.799,7601.940,7673.812,7751.489,7835.043,7924.544,8020.061,8121.662,8229.412,8343.378,8463.623,8590.209,8723.196,8862.645,9008.612,9161.153,9320.322,9486.170,9658.745,9838.093,10024.258,10217.280,10417.194,10624.032,10837.824,11058.591,11286.351,11521.117,11762.895,12011.685,12267.478,12530.258,12800.002,13076.677,13360.239,13650.634,13947.799,14251.657,14562.117,14879.077,15202.419,15532.011,15867.703,16209.329,16556.705,16909.629,17267.878,17631.209,17999.358,18372.039,18748.942,19129.735,19514.060,19901.536,20291.754,20684.284,21078.666,21474.415,21871.020,22267.946,22664.631,23060.487,23454.904,23847.247,24236.860,24623.066,25005.168,25382.453,25754.190,26119.637,26478.040,26828.637,27170.661,27503.339,27825.901,28137.579,28437.611,28725.244,28999.740,29260.373,29506.437,29737.248,29952.148,30150.505,30331.718,30495.221,30640.483,30767.011,30874.353,30962.103,31029.896,31077.418,31104.402,31110.632,31095.945,31060.228,31003.424,30925.531,30826.598,30706.733,30566.094,30404.896,30223.405,30021.939,29800.864,29560.596,29301.595,29024.364,28729.447,28417.424,28088.909,27744.544,27385.001,27010.970,26623.161,26222.299,25809.117,25384.355,24948.756,24503.058,24047.997,23584.296,23112.671,22633.817,22148.415,21657.124,21160.580,20659.395,20154.155,19645.417,19133.714,18619.544,18103.379,17585.660,17066.797,16547.171,16027.133,15507.005,14987.078,14467.618,13948.862,13431.018,12914.272,12398.784,11884.688,11372.099,10861.107,10351.782,9844.176,9338.320,8834.230,8331.902,7831.320,7332.451,6835.250,6339.659,5845.609,5353.019,4861.800,4371.852,3883.070,3395.339,2908.539,2422.545,1937.228,1452.453,968.083,483.979,0.000
0.000,457.583,913.604,1366.502,1814.747,2256.850,2691.374,3116.954,3532.300,3936.208,4327.572,4705.388,5068.761,5416.904,5749.149,6064.939,6363.833,6645.504,6909.733,7156.407,7385.515,7597.140,7791.454,7968.714,8129.248,8273.456,8401.793,8514.771,8612.947,8696.916,8767.303,8824.760,8869.957,8903.577,8926.311,8938.854,8941.899,8936.134,8922.238,8900.881,8872.716,8838.381,8798.498,8753.667,8704.469,8651.464,8595.190,8536.163,8474.875,8411.801,8347.387,8282.063,8216.235,8150.288,8084.591,8019.487,7955.306,7892.358,7830.936,7771.315,7713.758,7658.509,7605.802,7555.856,7508.876,7465.058,7424.587,7387.635,7354.367,7324.939,7299.498,7278.183,7261.126,7248.454,7240.287,7236.738,7237.917,7243.929,7254.874,7270.849,7291.946,7318.254,7349.862,7386.854,7429.311,7477.312,7530.936,7590.259,7655.354,7726.295,7803.153,7885.998,7974.899,8069.925,8171.140,8278.611,8392.402,8512.575,8639.193,8772.316,8912.002,9058.309,9211.292,9371.004,9537.497,9710.820,9891.018,10078.135,10272.211,10473.284,10681.384,10896.540,11118.776,11348.109,11584.553,11828.113,12078.789,12336.573,12601.448,12873.390,13152.366,13438.331,13731.230,14030.997,14337.553,14650.806,14970.650,15296.963,15629.609,15968.433,16313.265,16663.912,17020.166,17381.796,17748.549,18120.152,18496.305,18876.689,19260.955,19648.733,20039.623,20433.202,20829.017,21226.588,21625.411,22024.951,22424.647,22823.912,23222.133,23618.670,24012.861,24404.021,24791.442,25174.399,25552.147,25923.929,26288.972,26646.495,26995.711,27335.827,27666.051,27985.592,28293.667,28589.502,28872.337,29141.428,29396.049,29635.502,29859.112,30066.237,30256.267,30428.627,30582.783,30718.239,30834.545,30931.295,31008.134,31064.750,31100.886,31116.336,31110.943,31084.609,31037.284,30968.973,30879.736,30769.684,30638.981,30487.842,30316.533,30125.368,29914.705,29684.952,29436.557,29170.006,28885.826,28584.576,28266.847,27933.260,27584.459,27221.108,26843.891,26453.505,26050.657,25636.062,25210.435,24774.494,24328.951,23874.512,23411.873,22941.715,22464.707,21981.496,21492.711,20998.959,20500.823,19998.860,19493.602,18985.553,18475.191,17962.962,17449.287,16934.557,16419.134,15903.352,15387.518,14871.911,14356.781,13842.357,13328.836,12816.397,12305.190,11795.345,11286.970,10780.152,10274.957,9771.434,9269.613,8769.507,8271.113,7774.415,7279.381,6785.965,6294.113,5803.756,5314.816,4827.207,4340.831,3855.585,3371.361,2888.039,2405.500,1923.616,1442.258,961.293,480.586,0.000
0.000,482.297,962.886,1440.064,1912.160,2377.550,2834.673,3282.042,3718.258,4142.021,4552.138,4947.532,5327.245,5690.445,6036.425,6364.608,6674.542,6965.901,7238.479,7492.185,7727.038,7943.162,8140.775,8320.187,8481.784,8626.026,8753.434,8864.588,8960.112,9040.668,9106.950,9159.679,9199.588,9227.426,9243.945,9249.899,9246.035,9233.096,9211.810,9182.891,9147.037,9104.927,9057.215,9004.538,8947.505,8886.703,8822.696,8756.020,8687.188,8616.689,8544.987,8472.522,8399.711,8326.951,8254.613,8183.052,8112.599,8043.568,7976.254,7910.937,7847.876,7787.319,7729.496,7674.627,7622.915,7574.553,7529.724,7488.597,7451.335,7418.089,7389.004,7364.214,7343.849,7328.032,7316.879,7310.500,7309.001,7312.483,7321.043,7334.774,7353.765,7378.104,7407.874,7443.157,7484.031,7530.574,7582.861,7640.966,7704.960,7774.915,7850.900,7932.983,8021.233,8115.715,8216.494,8323.636,8437.203,8557.257,8683.861,8817.073,8956.952,9103.555,9256.938,9417.153,9584.254,9758.288,9939.302,10127.341,10322.445,10524.650,10733.991,10950.496,11174.189,11405.090,11643.211,11888.558,12141.133,12400.928,12667.926,12942.104,13223.427,13511.852,13807.322,14109.771,14419.117,14735.269,15058.117,15387.536,15723.388,16065.513,16413.736,16767.861,17127.670,17492.928,17863.372,18238.719,18618.660,19002.863,19390.968,19782.588,20177.308,20574.688,20974.256,21375.514,21777.933,22180.955,22583.997,22986.443,23387.654,23786.961,24183.672,24577.071,24966.420,25350.960,25729.916,26102.497,26467.902,26825.318,27173.928,27512.913,27841.456,28158.743,28463.973,28756.356,29035.119,29299.510,29548.804,29782.302,29999.338,30199.281,30381.541,30545.567,30690.852,30816.937,30923.410,31009.911,31076.130,31121.811,31146.753,31150.806,31133.878,31095.928,31036.974,30957.082,30856.375,30735.024,30593.253,30431.334,30249.585,30048.369,29828.091,29589.196,29332.170,29057.529,28765.824,28457.635,28133.567,27794.250,27440.330,27072.474,26691.358,26297.671,25892.108,25475.364,25048.139,24611.127,24165.016,23710.488,23248.209,22778.835,22303.004,21821.336,21334.432,20842.870,20347.204,19847.967,19345.663,18840.772,18333.746,17825.012,17314.968,16803.985,16292.407,15780.551,15268.708,14757.143,14246.094,13735.775,13226.376,12718.063,12210.981,11705.253,11200.977,10698.238,10197.097,9697.597,9199.768,8703.620,8209.149,7716.336,7225.150,6735.547,6247.469,5760.852,5275.619,4791.683,4308.951,3827.322,3346.688,2866.934,2387.943,1909.591,1431.751,954.294,477.088,0.000
0.000,508.754,1015.639,1518.791,2016.386,2506.649,2987.879,3458.459,3916.870,4361.705,4791.677,5205.629,5602.540,5981.524,6341.842,6682.893,7004.219,7305.497,7586.537,7847.279,8087.779,8308.207,8508.837,8690.037,8852.262,8996.040,9121.967,9230.697,9322.929,9399.402,9460.887,9508.175,9542.076,9563.404,9572.980,9571.619,9560.131,9539.313,9509.946,9472.795,9428.599,9378.080,9321.931,9260.820,9195.390,9126.255,9054.001,8979.188,8902.347,8823.984,8744.577,8664.577,8584.414,8504.489,8425.184,8346.855,8269.840,8194.454,8120.995,8049.742,7980.955,7914.880,7851.748,7791.773,7735.158,7682.094,7632.758,7587.317,7545.930,7508.745,7475.900,7447.528,7423.755,7404.698,7390.468,7381.174,7376.915,7377.790,7383.891,7395.309,7412.128,7434.432,7462.302,7495.815,7535.048,7580.075,7630.969,7687.801,7750.640,7819.555,7894.615,7975.885,8063.432,8157.321,8257.615,8364.378,8477.674,8597.562,8724.104,8857.359,8997.387,9144.243,9297.983,9458.662,9626.331,9801.040,9982.837,10171.765,10367.868,10571.182,10781.743,10999.580,11224.718,11457.179,11696.975,11944.116,12198.601,12460.427,12729.576,13006.026,13289.743,13580.684,13878.794,14184.005,14496.236,14815.394,15141.368,15474.032,15813.245,16158.845,16510.652,16868.465,17232.064,17601.204,17975.616,18355.009,18739.065,19127.440,19519.760,19915.627,20314.611,20716.252,21120.063,21525.524,21932.084,22339.164,22746.152,23152.407,23557.262,23960.018,24359.951,24756.314,25148.333,25535.217,25916.156,26290.325,26656.887,27014.996,27363.803,27702.459,28030.117,28345.937,28649.095,28938.781,29214.206,29474.609,29719.256,29947.448,30158.523,30351.861,30526.884,30683.065,30819.923,30937.032,31034.017,31110.560,31166.401,31201.335,31215.214,31207.949,31179.508,31129.914,31059.246,30967.637,30855.271,30722.384,30569.260,30396.227,30203.660,29991.973,29761.618,29513.085,29246.895,28963.599,28663.776,28348.027,28016.976,27671.264,27311.547,26938.491,26552.774,26155.076,25746.083,25326.478,24896.943,24458.155,24010.779,23555.474,23092.884,22623.636,22148.344,21667.601,21181.980,20692.033,20198.287,19701.249,19201.399,18699.191,18195.055,17689.395,17182.587,16674.984,16166.911,15658.667,15150.526,14642.739,14135.530,13629.101,13123.631,12619.276,12116.170,11614.428,11114.144,10615.392,10118.231,9622.700,9128.823,8636.607,8146.046,7657.121,7169.797,6684.030,6199.764,5716.933,5235.460,4755.260,4276.242,3798.305,3321.343,2845.244,2369.893,1895.167,1420.942,947.093,473.489,0.000
0.000,537.116,1072.182,1603.159,2128.047,2644.910,3151.888,3647.220,4129.258,4596.474,5047.482,5481.039,5896.054,6291.589,6666.868,7021.270,7354.333,7665.743,7955.334,8223.078,8469.078,8693.561,8896.863,9079.423,9241.770,9384.514,9508.331,9613.961,9702.187,9773.833,9829.752,9870.818,9897.917,9911.941,9913.782,9904.323,9884.439,9854.985,9816.800,9770.697,9717.465,9657.867,9592.637,9522.476,9448.059,9370.028,9288.993,9205.535,9120.206,9033.524,8945.983,8858.046,8770.150,8682.705,8596.097,8510.689,8426.819,8344.805,8264.946,8187.518,8112.783,8040.984,7972.348,7907.089,7845.404,7787.481,7733.493,7683.602,7637.964,7596.720,7560.007,7527.950,7500.671,7478.282,7460.890,7448.599,7441.504,7439.699,7443.273,7452.309,7466.892,7487.100,7513.009,7544.696,7582.231,7625.688,7675.135,7730.641,7792.273,7860.098,7934.182,8014.589,8101.384,8194.631,8294.391,8400.728,8513.703,8633.378,8759.813,8893.066,9033.197,9180.262,9334.318,9495.419,9663.617,9838.964,10021.508,10211.295,10408.366,10612.763,10824.521,11043.671,11270.242,11504.253,11745.723,11994.660,12251.068,12514.942,12786.269,13065.027,13351.184,13644.699,13945.516,14253.570,14568.780,14891.052,15220.277,15556.327,15899.059,16248.310,16603.898,16965.618,17333.245,17706.529,18085.196,18468.946,18857.454,19250.363,19647.292,20047.826,20451.522,20857.905,21266.467,21676.670,22087.940,22499.675,22911.238,23321.960,23731.142,24138.057,24541.947,24942.030,25337.497,25727.520,26111.252,26487.829,26856.378,27216.014,27565.853,27905.010,28232.604,28547.767,28849.645,29137.405,29410.240,29667.370,29908.053,30131.585,30337.303,30524.595,30692.896,30841.694,30970.537,31079.026,31166.826,31233.658,31279.310,31303.627,31306.518,31287.953,31247.960,31186.628,31104.099,31000.573,30876.299,30731.578,30566.755,30382.222,30178.408,29955.783,29714.849,29456.141,29180.222,28887.678,28579.119,28255.173,27916.484,27563.706,27197.509,26818.563,26427.546,26025.138,25612.015,25188.851,24756.315,24315.065,23865.752,23409.009,22945.460,22475.709,22000.344,21519.934,21035.025,20546.144,20053.793,19558.454,19060.581,18560.605,18058.934,17555.948,17052.003,16547.432,16042.540,15537.608,15032.896,14528.637,14025.042,13522.299,13020.575,12520.016,12020.745,11522.868,11026.471,10531.623,10038.373,9546.758,9056.795,8568.489,8081.829,7596.793,7113.347,6631.443,6151.024,5672.023,5194.363,4717.961,4242.724,3768.553,3295.344,2822.985,2351.361,1880.353,1409.840,939.695,469.791,0.000
0.000,567.561,1132.873,1693.696,2247.840,2793.183,3327.694,3849.453,4356.663,4847.674,5320.985,5775.262,6209.338,6622.225,7013.109,7381.352,7726.488,8048.220,8346.412,8621.079,8872.380,9100.604,9306.164,9489.579,9651.464,9792.518,9913.514,10015.283,10098.704,10164.694,10214.199,10248.180,10267.611,10273.465,10266.711,10248.306,10219.193,10180.291,10132.497,10076.678,10013.674,9944.289,9869.298,9789.440,9705.418,9617.903,9527.531,9434.903,9340.588,9245.121,9149.007,9052.720,8956.704,8861.377,8767.129,8674.325,8583.306,8494.390,8407.875,8324.036,8243.133,8165.404,8091.076,8020.355,7953.437,7890.503,7831.721,7777.251,7727.239,7681.824,7641.136,7605.296,7574.418,7548.611,7527.976,7512.611,7502.608,7498.054,7499.033,7505.627,7517.913,7535.966,7559.860,7589.665,7625.450,7667.284,7715.233,7769.363,7829.738,7896.424,7969.483,8048.979,8134.974,8227.529,8326.708,8432.571,8545.180,8664.595,8790.875,8924.081,9064.270,9211.501,9365.829,9527.310,9695.998,9871.944,10055.199,10245.809,10443.819,10649.271,10862.202,11082.646,11310.632,11546.185,11789.323,12040.058,12298.397,12564.336,12837.866,13118.967,13407.609,13703.752,14007.344,14318.321,14636.604,14962.100,15294.700,15634.278,15980.689,16333.771,16693.339,17059.187,17431.086,17808.783,18191.998,18580.426,18973.731,19371.551,19773.492,20179.129,20588.002,20999.623,21413.465,21828.970,22245.544,22662.558,23079.351,23495.225,23909.451,24321.267,24729.883,25134.478,25534.208,25928.202,26315.575,26695.420,27066.821,27428.855,27780.594,28121.115,28449.498,28764.840,29066.256,29352.883,29623.887,29878.472,30115.879,30335.395,30536.355,30718.149,30880.221,31022.077,31143.284,31243.476,31322.350,31379.671,31415.271,31429.048,31420.968,31391.058,31339.413,31266.183,31171.581,31055.873,30919.378,30762.461,30585.537,30389.057,30173.514,29939.434,29687.373,29417.914,29131.665,28829.250,28511.313,28178.512,27831.513,27470.990,27097.624,26712.095,26315.086,25907.274,25489.332,25061.926,24625.712,24181.337,23729.431,23270.612,22805.481,22334.621,21858.597,21377.953,20893.211,20404.874,19913.419,19419.302,18922.954,18424.783,17925.173,17424.483,16923.047,16421.178,15919.161,15417.261,14915.719,14414.752,13914.557,13415.308,12917.159,12420.244,11924.676,11430.550,10937.945,10446.920,9957.520,9469.773,8983.691,8499.274,8016.509,7535.368,7055.815,6577.800,6101.264,5626.138,5152.346,4679.802,4208.414,3738.083,3268.704,2800.167,2332.359,1865.160,1398.449,932.103,465.996,0.000
0.000,600.292,1198.110,1790.993,2376.537,2952.414,3516.403,4066.405,4600.466,5116.793,5613.765,6089.949,6544.103,6975.179,7382.330,7764.901,8122.431,8454.647,8761.448,9042.904,9299.238,9530.818,9738.140,9921.817,10082.565,10221.184,10338.552,10435.604,10513.328,10572.742,10614.894,10640.843,10651.656,10648.395,10632.113,10603.846,10564.608,10515.388,10457.141,10390.794,10317.234,10237.315,10151.849,10061.612,9967.340,9869.731,9769.445,9667.103,9563.290,9458.557,9353.420,9248.362,9143.834,9040.258,8938.029,8837.512,8739.049,8642.958,8549.532,8459.048,8371.759,8287.901,8207.693,8131.339,8059.028,7990.937,7927.227,7868.050,7813.549,7763.855,7719.091,7679.373,7644.810,7615.503,7591.549,7573.039,7560.059,7552.692,7551.017,7555.109,7565.042,7580.887,7602.712,7630.584,7664.569,7704.731,7751.134,7803.840,7862.912,7928.411,8000.399,8078.936,8164.083,8255.902,8354.452,8459.795,8571.990,8691.098,8817.178,8950.290,9090.493,9237.844,9392.401,9554.219,9723.355,9899.861,10083.788,10275.186,10474.102,10680.578,10894.656,11116.371,11345.755,11582.837,11827.636,12080.169,12340.444,12608.463,12884.219,13167.694,13458.862,13757.688,14064.121,14378.099,14699.548,15028.375,15364.475,15707.722,16057.973,16415.066,16778.816,17149.017,17525.436,17907.819,18295.881,18689.313,19087.773,19490.890,19898.259,20309.446,20723.979,21141.351,21561.021,21982.411,22404.904,22827.849,23250.555,23672.297,24092.314,24509.810,24923.957,25333.896,25738.741,26137.580,26529.482,26913.495,27288.658,27654.000,28008.548,28351.333,28681.393,28997.785,29299.584,29585.893,29855.849,30108.630,30343.459,30559.607,30756.404,30933.238,31089.560,31224.889,31338.815,31430.996,31501.165,31549.127,31574.762,31578.020,31558.924,31517.564,31454.098,31368.746,31261.791,31133.569,30984.471,30814.934,30625.439,30416.509,30188.698,29942.593,29678.808,29397.978,29100.758,28787.815,28459.831,28117.493,27761.495,27392.534,27011.303,26618.496,26214.801,25800.896,25377.454,24945.133,24504.581,24056.431,23601.300,23139.786,22672.473,22199.923,21722.677,21241.257,20756.163,20267.871,19776.836,19283.489,18788.238,18291.468,17793.538,17294.786,16795.526,16296.048,15796.619,15297.486,14798.871,14300.976,13803.981,13308.047,12813.313,12319.901,11827.913,11337.435,10848.533,10361.261,9875.653,9391.730,8909.501,8428.959,7950.084,7472.847,6997.205,6523.108,6050.492,5579.288,5109.417,4640.792,4173.320,3706.901,3241.431,2776.799,2312.892,1849.591,1386.775,924.322,462.105,0.000
0.000,635.532,1268.338,1895.710,2515.002,3123.661,3719.249,4299.472,4862.199,5405.483,5927.575,6426.933,6902.233,7352.371,7776.463,8173.847,8544.072,8886.893,9202.259,9490.303,9751.327,9985.789,10194.286,10377.536,10536.367,10671.699,10784.526,10875.902,10946.931,10998.749,11032.512,11049.388,11050.545,11037.142,11010.320,10971.201,10920.876,10860.403,10790.805,10713.064,10628.122,10536.878,10440.187,10338.860,10233.665,10125.327,10014.529,9901.911,9788.076,9673.585,9558.966,9444.709,9331.271,9219.077,9108.523,8999.975,8893.775,8790.236,8689.650,8592.289,8498.400,8408.215,8321.948,8239.795,8161.939,8088.548,8019.779,7955.777,7896.676,7842.601,7793.667,7749.985,7711.655,7678.774,7651.429,7629.707,7613.689,7603.449,7599.063,7600.600,7608.129,7621.715,7641.422,7667.314,7699.452,7737.897,7782.708,7833.945,7891.668,7955.935,8026.806,8104.340,8188.594,8279.630,8377.507,8482.283,8594.019,8712.773,8838.607,8971.578,9111.748,9259.174,9413.914,9576.026,9745.567,9922.590,10107.151,10299.299,10499.084,10706.553,10921.748,11144.709,11375.471,11614.065,11860.515,12114.842,12377.057,12647.166,12925.166,13211.044,13504.778,13806.336,14115.672,14432.728,14757.432,15089.696,15429.418,15776.475,16130.727,16492.011,16860.146,17234.925,17616.116,18003.461,18396.676,18795.445,19199.422,19608.230,20021.456,20438.655,20859.342,21282.999,21709.064,22136.943,22565.996,22995.547,23424.880,23853.238,24279.827,24703.817,25124.339,25540.494,25951.350,26355.951,26753.316,27142.444,27522.323,27891.929,28250.240,28596.233,28928.900,29247.249,29550.310,29837.148,30106.863,30358.602,30591.563,30804.999,30998.229,31170.635,31321.673,31450.872,31557.840,31642.263,31703.906,31742.617,31758.322,31751.025,31720.807,31667.825,31592.304,31494.536,31374.877,31233.738,31071.586,30888.933,30686.335,30464.384,30223.706,29964.950,29688.793,29395.925,29087.051,28762.887,28424.153,28071.571,27705.866,27327.756,26937.954,26537.168,26126.092,25705.409,25275.791,24837.894,24392.355,23939.797,23480.823,23016.017,22545.942,22071.140,21592.134,21109.420,20623.477,20134.757,19643.692,19150.687,18656.128,18160.376,17663.768,17166.618,16669.220,16171.843,15674.735,15178.121,14682.208,14187.179,13693.199,13200.413,12708.947,12218.909,11730.390,11243.463,10758.186,10274.601,9792.736,9312.603,8834.204,8357.524,7882.541,7409.219,6937.511,6467.362,5998.707,5531.472,5065.577,4600.932,4137.444,3675.012,3213.528,2752.884,2292.963,1833.649,1374.819,916.351,458.120,0.000
0.000,673.533,1344.057,2008.585,2664.204,3308.103,3937.607,4550.203,5143.567,5715.583,6264.358,6788.237,7285.810,7755.915,8197.637,8610.309,8993.497,9346.996,9670.817,9965.171,10230.452,10467.224,10676.198,10858.218,11014.240,11145.313,11252.568,11337.190,11400.414,11443.501,11467.733,11474.393,11464.760,11440.095,11401.639,11350.601,11288.154,11215.432,11133.524,11043.473,10946.275,10842.875,10734.172,10621.011,10504.193,10384.468,10262.541,10139.071,10014.673,9889.923,9765.355,9641.466,9518.716,9397.532,9278.310,9161.416,9047.186,8935.931,8827.939,8723.473,8622.777,8526.075,8433.574,8345.461,8261.913,8183.089,8109.139,8040.198,7976.394,7917.843,7864.653,7816.926,7774.755,7738.229,7707.429,7682.436,7663.321,7650.156,7643.008,7641.941,7647.018,7658.300,7675.846,7699.714,7729.962,7766.646,7809.824,7859.549,7915.881,7978.874,8048.585,8125.071,8208.389,8298.597,8395.754,8499.918,8611.148,8729.503,8855.043,8987.828,9127.917,9275.371,9430.249,9592.609,9762.509,9940.007,10125.158,10318.017,10518.634,10727.059,10943.340,11167.518,11399.633,11639.719,11887.807,12143.919,12408.073,12680.279,12960.538,13248.843,13545.177,13849.513,14161.810,14482.015,14810.061,15145.866,15489.329,15840.334,16198.744,16564.400,16937.121,17316.704,17702.919,18095.506,18494.181,18898.625,19308.490,19723.392,20142.913,20566.597,20993.949,21424.436,21857.484,22292.476,22728.754,23165.616,23602.318,24038.073,24472.052,24903.387,25331.170,25754.456,26172.267,26583.595,26987.407,27382.648,27768.248,28143.127,28506.204,28856.400,29192.649,29513.906,29819.150,30107.399,30377.710,30629.193,30861.015,31072.407,31262.670,31431.178,31577.386,31700.833,31801.143,31878.027,31931.284,31960.803,31966.558,31948.611,31907.104,31842.260,31754.378,31643.826,31511.036,31356.503,31180.771,30984.434,30768.128,30532.520,30278.309,30006.217,29716.982,29411.358,29090.104,28753.985,28403.765,28040.204,27664.058,27276.072,26876.981,26467.504,26048.349,25620.204,25183.741,24739.612,24288.449,23830.864,23367.448,22898.769,22425.372,21947.781,21466.497,20981.995,20494.731,20005.133,19513.609,19020.543,18526.295,18031.202,17535.579,17039.718,16543.890,16048.343,15553.305,15058.982,14565.561,14073.210,13582.074,13092.285,12603.953,12117.172,11632.021,11148.561,10666.839,10186.886,9708.722,9232.350,8757.764,8284.942,7813.857,7344.465,6876.716,6410.550,5945.898,5482.683,5020.821,4560.221,4100.785,3642.413,3184.995,2728.420,2272.573,1817.334,1362.582,908.193,454.041,0.000
0.000,714.578,1425.827,2130.448,2825.226,3507.063,4173.018,4820.335,5446.475,6049.136,6626.272,7176.106,7697.137,8188.146,8648.191,9076.605,9472.984,9837.175,10169.264,10469.556,10738.555,10976.948,11185.581,11365.439,11517.624,11643.336,11743.854,11820.513,11874.693,11907.796,11921.236,11916.426,11894.764,11857.624,11806.349,11742.243,11666.566,11580.529,11485.292,11381.960,11271.584,11155.157,11033.618,10907.850,10778.681,10646.889,10513.198,10378.283,10242.774,10107.254,9972.264,9838.306,9705.840,9575.295,9447.064,9321.509,9198.961,9079.727,8964.087,8852.297,8744.593,8641.190,8542.287,8448.063,8358.684,8274.302,8195.055,8121.072,8052.469,7989.354,7931.828,7879.982,7833.903,7793.670,7759.358,7731.039,7708.778,7692.639,7682.683,7678.969,7681.553,7690.490,7705.834,7727.639,7755.958,7790.843,7832.347,7880.523,7935.422,7997.100,8065.610,8141.007,8223.346,8312.683,8409.076,8512.583,8623.261,8741.170,8866.369,8998.920,9138.882,9286.316,9441.282,9603.843,9774.056,9951.982,10137.679,10331.204,10532.612,10741.955,10959.285,11184.648,11418.087,11659.643,11909.348,12167.233,12433.320,12707.623,12990.151,13280.903,13579.867,13887.021,14202.333,14525.753,14857.223,15196.665,15543.986,15899.074,16261.796,16631.999,17009.508,17394.120,17785.609,18183.719,18588.164,18998.625,19414.753,19836.159,20262.421,20693.073,21127.614,21565.496,22006.130,22448.883,22893.074,23337.978,23782.822,24226.788,24669.013,25108.587,25544.560,25975.940,26401.697,26820.771,27232.068,27634.476,28026.860,28408.078,28776.982,29132.430,29473.292,29798.459,30106.854,30397.438,30669.220,30921.265,31152.702,31362.733,31550.637,31715.776,31857.602,31975.659,32069.585,32139.116,32184.084,32204.421,32200.153,32171.399,32118.366,32041.350,31940.726,31816.943,31670.519,31502.033,31312.115,31101.449,30870.752,30620.776,30352.300,30066.119,29763.044,29443.891,29109.481,28760.630,28398.150,28022.843,27635.498,27236.889,26827.772,26408.887,25980.950,25544.656,25100.681,24649.673,24192.259,23729.042,23260.599,22787.484,22310.225,21829.328,21345.271,20858.510,20369.475,19878.574,19386.189,18892.681,18398.385,17903.615,17408.664,16913.800,16419.271,15925.304,15432.106,14939.864,14448.745,13958.897,13470.452,12983.522,12498.204,12014.577,11532.706,11052.639,10574.412,10098.046,9623.549,9150.917,8680.133,8211.172,7743.995,7278.555,6814.795,6352.651,5892.048,5432.906,4975.136,4518.646,4063.335,3609.098,3155.827,2703.406,2251.719,1800.645,1350.062,899.844,449.866,0.000
0.000,758.984,1514.279,2262.233,2999.289,3722.028,4427.210,5111.810,5773.050,6408.425,7015.722,7593.033,8138.765,8651.642,9130.701,9575.284,9985.028,10359.850,10699.926,11005.674,11277.728,11516.921,11724.251,11900.867,12048.039,12167.137,12259.605,12326.948,12370.704,12392.433,12393.694,12376.040,12340.999,12290.065,12224.691,12146.282,12056.188,11955.702,11846.056,11728.417,11603.893,11473.525,11338.291,11199.110,11056.840,10912.280,10766.172,10619.209,10472.028,10325.221,10179.333,10034.866,9892.283,9752.007,9614.428,9479.902,9348.755,9221.284,9097.762,8978.435,8863.530,8753.253,8647.789,8547.311,8451.972,8361.914,8277.265,8198.143,8124.655,8056.898,7994.964,7938.935,7888.888,7844.894,7807.019,7775.327,7749.876,7730.722,7717.920,7711.520,7711.574,7718.130,7731.238,7750.945,7777.300,7810.351,7850.146,7896.734,7950.165,8010.489,8077.759,8152.026,8233.345,8321.769,8417.355,8520.159,8630.240,8747.656,8872.467,9004.735,9144.520,9291.884,9446.891,9609.602,9780.079,9958.384,10144.579,10338.724,10540.877,10751.096,10969.434,11195.944,11430.675,11673.670,11924.970,12184.609,12452.616,12729.013,13013.814,13307.025,13608.641,13918.649,14237.022,14563.719,14898.688,15241.860,15593.148,15952.446,16319.630,16694.553,17077.045,17466.909,17863.923,18267.834,18678.359,19095.181,19517.950,19946.276,20379.731,20817.847,21260.110,21705.965,22154.808,22605.989,23058.806,23512.511,23966.302,24419.330,24870.694,25319.444,25764.583,26205.069,26639.820,27067.714,27487.597,27898.287,28298.582,28687.269,29063.127,29424.940,29771.505,30101.645,30414.213,30708.107,30982.278,31235.738,31467.574,31676.949,31863.117,32025.421,32163.306,32276.318,32364.111,32426.441,32463.178,32474.294,32459.870,32420.086,32355.220,32265.646,32151.818,32014.275,31853.626,31670.541,31465.747,31240.020,30994.169,30729.037,30445.487,30144.396,29826.651,29493.139,29144.743,28782.337,28406.784,28018.928,27619.598,27209.596,26789.705,26360.679,25923.250,25478.122,25025.969,24567.441,24103.159,23633.716,23159.677,22681.581,22199.940,21715.240,21227.938,20738.468,20247.238,19754.631,19261.007,18766.700,18272.023,17777.265,17282.694,16788.557,16295.077,15802.462,15310.894,14820.541,14331.551,13844.053,13358.160,12873.969,12391.559,11910.995,11432.327,10955.591,10480.811,10007.995,9537.141,9068.236,8601.255,8136.162,7672.912,7211.450,6751.715,6293.635,5837.131,5382.119,4928.505,4476.194,4025.080,3575.058,3126.014,2677.833,2230.394,1783.577,1337.256,891.305,445.596,0.000
0.000,807.111,1610.125,2404.992,3187.767,3954.670,4702.126,5426.809,6125.677,6796.001,7435.388,8041.792,8613.524,9149.254,9648.006,10109.144,10532.361,10917.659,11265.328,11575.919,11850.223,12089.237,12294.141,12466.270,12607.083,12718.143,12801.084,12857.595,12889.393,12898.209,12885.766,12853.764,12803.873,12737.716,12656.863,12562.825,12457.047,12340.904,12215.703,12082.678,11942.988,11797.723,11647.902,11494.476,11338.328,11180.280,11021.091,10861.463,10702.044,10543.428,10386.163,10230.750,10077.648,9927.276,9780.016,9636.217,9496.196,9360.240,9228.610,9101.544,8979.255,8861.937,8749.766,8642.900,8541.482,8445.641,8355.495,8271.148,8192.697,8120.230,8053.826,7993.558,7939.492,7891.690,7850.211,7815.107,7786.429,7764.226,7748.544,7739.428,7736.921,7741.066,7751.907,7769.486,7793.845,7825.030,7863.084,7908.052,7959.980,8018.916,8084.909,8158.008,8238.265,8325.735,8420.470,8522.528,8631.966,8748.842,8873.217,9005.152,9144.710,9291.954,9446.948,9609.757,9780.446,9959.079,10145.721,10340.435,10543.285,10754.331,10973.633,11201.249,11437.231,11681.631,11934.495,12195.864,12465.773,12744.252,13031.323,13326.999,13631.284,13944.172,14265.645,14595.672,14934.208,15281.193,15636.550,16000.182,16371.971,16751.780,17139.445,17534.778,17937.562,18347.551,18764.466,19187.992,19617.782,20053.446,20494.554,20940.634,21391.167,21845.587,22303.278,22763.573,23225.754,23689.046,24152.622,24615.597,25077.035,25535.942,25991.273,26441.935,26886.784,27324.636,27754.268,28174.426,28583.832,28981.190,29365.201,29734.564,30087.996,30424.237,30742.064,31040.301,31317.831,31573.606,31806.659,32016.112,32201.182,32361.193,32495.575,32603.877,32685.762,32741.012,32769.528,32771.332,32746.558,32695.453,32618.372,32515.768,32388.189,32236.266,32060.708,31862.286,31641.832,31400.221,31138.365,30857.202,30557.689,30240.792,29907.479,29558.713,29195.445,28818.611,28429.127,28027.886,27615.753,27193.566,26762.130,26322.222,25874.585,25419.931,24958.939,24492.256,24020.498,23544.248,23064.059,22580.455,22093.931,21604.951,21113.954,20621.350,20127.523,19632.833,19137.614,18642.177,18146.809,17651.775,17157.318,16663.660,16171.004,15679.531,15189.405,14700.771,14213.756,13728.470,13245.009,12763.450,12283.858,11806.280,11330.754,10857.300,10385.928,9916.638,9449.414,8984.233,8521.059,8059.850,7600.552,7143.102,6687.433,6233.465,5781.116,5330.294,4880.904,4432.843,3986.004,3540.277,3095.545,2651.691,2208.592,1766.124,1324.159,882.571,441.228,0.000
0.000,859.367,1714.174,2559.916,3392.214,4206.878,4999.955,5767.784,6507.030,7214.719,7888.263,8525.470,9124.555,9684.139,10203.241,10681.264,11117.973,11513.481,11868.213,12182.883,12458.460,12696.139,12897.306,13063.510,13196.428,13297.838,13369.587,13413.572,13431.708,13425.912,13398.085,13350.092,13283.753,13200.827,13103.009,12991.921,12869.105,12736.025,12594.062,12444.512,12288.591,12127.435,11962.100,11793.568,11622.747,11450.475,11277.527,11104.612,10932.382,10761.435,10592.315,10425.520,10261.503,10100.676,9943.410,9790.044,9640.884,9496.204,9356.254,9221.257,9091.412,8966.902,8847.887,8734.512,8626.907,8525.188,8429.459,8339.814,8256.335,8179.099,8108.172,8043.618,7985.493,7933.846,7888.728,7850.181,7818.248,7792.968,7774.380,7762.522,7757.430,7759.140,7767.689,7783.114,7805.452,7834.744,7871.028,7914.345,7964.739,8022.253,8086.934,8158.828,8237.987,8324.462,8418.305,8519.572,8628.320,8744.609,8868.499,9000.051,9139.330,9286.401,9441.328,9604.181,9775.026,9953.931,10140.964,10336.193,10539.686,10751.508,10971.724,11200.397,11437.586,11683.350,11937.740,12200.807,12472.593,12753.135,13042.464,13340.602,13647.563,13963.349,14287.953,14621.354,14963.516,15314.391,15673.911,16041.988,16418.518,16803.371,17196.393,17597.406,18006.201,18422.539,18846.148,19276.721,19713.911,20157.333,20606.557,21061.109,21520.466,21984.054,22451.247,22921.365,23393.669,23867.363,24341.592,24815.438,25287.927,25758.021,26224.624,26686.587,27142.703,27591.719,28032.338,28463.225,28883.018,29290.333,29683.777,30061.959,30423.500,30767.050,31091.295,31394.975,31676.894,31935.936,32171.070,32381.366,32566.001,32724.271,32855.591,32959.504,33035.685,33083.939,33104.203,33096.546,33061.163,32998.372,32908.608,32792.417,32650.443,32483.423,32292.171,32077.573,31840.572,31582.155,31303.343,31005.183,30688.732,30355.051,30005.196,29640.213,29261.127,28868.938,28464.622,28049.118,27623.334,27188.142,26744.374,26292.827,25834.258,25369.387,24898.895,24423.428,23943.595,23459.970,22973.094,22483.472,21991.583,21497.870,21002.750,20506.609,20009.809,19512.683,19015.541,18518.667,18022.323,17526.749,17032.163,16538.762,16046.725,15556.209,15067.357,14580.290,14095.116,13611.925,13130.792,12651.777,12174.928,11700.275,11227.841,10757.632,10289.646,9823.866,9360.268,8898.817,8439.467,7982.167,7526.852,7073.455,6621.898,6172.098,5723.963,5277.398,4832.302,4388.568,3946.084,3504.736,3064.405,2624.968,2186.301,1748.277,1310.767,873.638,436.761,0.000
0.000,916.214,1827.341,2728.357,3614.391,4480.787,5323.170,6137.500,6920.119,7667.785,8377.698,9047.514,9675.354,10259.795,10799.868,11295.029,11745.144,12150.458,12511.562,12829.363,13105.042,13340.021,13535.927,13694.553,13817.822,13907.756,13966.443,13996.009,13998.588,13976.306,13931.254,13865.475,13780.949,13679.585,13563.205,13433.547,13292.257,13140.883,12980.883,12813.617,12640.355,12462.275,12280.469,12095.947,11909.637,11722.393,11534.998,11348.167,11162.554,10978.754,10797.305,10618.700,10443.380,10271.747,10104.161,9940.946,9782.394,9628.766,9480.294,9337.187,9199.629,9067.786,8941.805,8821.813,8707.927,8600.248,8498.864,8403.858,8315.296,8233.243,8157.754,8088.879,8026.661,7971.143,7922.360,7880.348,7845.139,7816.764,7795.252,7780.634,7772.938,7772.193,7778.431,7791.682,7811.978,7839.354,7873.843,7915.484,7964.314,8020.376,8083.712,8154.368,8232.391,8317.831,8410.740,8511.173,8619.186,8734.840,8858.193,8989.311,9128.257,9275.099,9429.904,9592.743,9763.686,9942.803,10130.168,10325.853,10529.930,10742.470,10963.543,11193.219,11431.564,11678.643,11934.516,12199.241,12472.869,12755.446,13047.013,13347.602,13657.236,13975.929,14303.684,14640.492,14986.330,15341.159,15704.924,16077.551,16458.945,16848.990,17247.544,17654.439,18069.477,18492.429,18923.033,19360.988,19805.956,20257.555,20715.360,21178.896,21647.638,22121.009,22598.373,23079.037,23562.247,24047.185,24532.968,25018.647,25503.208,25985.568,26464.579,26939.031,27407.651,27869.112,28322.035,28764.998,29196.544,29615.191,30019.443,30407.803,30778.789,31130.942,31462.848,31773.151,32060.562,32323.883,32562.012,32773.958,32958.850,33115.949,33244.648,33344.486,33415.144,33456.451,33468.382,33451.056,33404.733,33329.809,33226.809,33096.375,32939.259,32756.314,32548.474,32316.748,32062.202,31785.948,31489.127,31172.901,30838.440,30486.908,30119.459,29737.224,29341.308,28932.782,28512.680,28081.995,27641.679,27192.637,26735.730,26271.775,25801.542,25325.759,24845.110,24360.236,23871.741,23380.186,22886.099,22389.970,21892.255,21393.377,20893.729,20393.675,19893.550,19393.660,18894.291,18395.699,17898.121,17401.769,16906.835,16413.493,15921.894,15432.173,14944.449,14458.820,13975.373,13494.177,13015.287,12538.746,12064.581,11592.808,11123.432,10656.446,10191.832,9729.561,9269.597,8811.892,8356.391,7903.032,7451.743,7002.445,6555.056,6109.482,5665.628,5223.392,4782.666,4343.338,3905.294,3468.413,3032.573,2597.648,2163.510,1730.028,1297.070,864.503,432.191,0.000
0.000,978.180,1950.669,2911.854,3856.300,4778.823,5674.571,6539.083,7368.339,8158.803,8907.449,9611.776,10269.812,10880.105,11441.711,11954.167,12417.465,12832.015,13198.610,13518.382,13792.763,14023.440,14212.315,14361.461,14473.083,14549.477,14593.001,14606.035,14590.958,14550.120,14485.824,14400.302,14295.709,14174.104,14037.450,13887.603,13726.310,13555.211,13375.837,13189.610,12997.851,12801.780,12602.519,12401.102,12198.473,11995.498,11792.964,11591.588,11392.021,11194.850,11000.606,10809.770,10622.771,10439.995,10261.787,10088.455,9920.273,9757.485,9600.305,9448.925,9303.512,9164.213,9031.157,8904.456,8784.209,8670.501,8563.405,8462.987,8369.302,8282.397,8202.316,8129.095,8062.765,8003.357,7950.896,7905.406,7866.909,7835.427,7810.980,7793.591,7783.280,7780.069,7783.982,7795.044,7813.281,7838.722,7871.396,7911.337,7958.579,8013.161,8075.122,8144.506,8221.357,8305.724,8397.658,8497.214,8604.446,8719.415,8842.182,8972.812,9111.370,9257.925,9412.548,9575.312,9746.290,9925.557,10113.191,10309.267,10513.864,10727.058,10948.926,11179.544,11418.986,11667.324,11924.627,12190.961,12466.388,12750.963,13044.737,13347.754,13660.048,13981.645,14312.560,14652.797,15002.346,15361.183,15729.264,16106.531,16492.903,16888.277,17292.525,17705.492,18126.995,18556.817,18994.706,19440.374,19893.491,20353.685,20820.534,21293.567,21772.262,22256.037,22744.252,23236.204,23731.124,24228.173,24726.444,25224.957,25722.656,26218.413,26711.027,27199.223,27681.658,28156.925,28623.557,29080.035,29524.799,29956.256,30372.795,30772.800,31154.669,31516.824,31857.733,32175.926,32470.014,32738.700,32980.800,33195.250,33381.125,33537.641,33664.169,33760.236,33825.530,33859.903,33863.369,33836.103,33778.433,33690.842,33573.950,33428.509,33255.392,33055.577,32830.132,32580.202,32306.991,32011.748,31695.747,31360.279,31006.633,30636.089,30249.904,29849.303,29435.476,29009.569,28572.679,28125.853,27670.088,27206.325,26735.452,26258.306,25775.670,25288.279,24796.817,24301.922,23804.187,23304.164,22802.363,22299.254,21795.274,21290.823,20786.269,20281.949,19778.172,19275.220,18773.346,18272.783,17773.737,17276.395,16780.922,16287.464,15796.147,15307.082,14820.362,14336.065,13854.252,13374.972,12898.260,12424.139,11952.617,11483.694,11017.358,10553.586,10092.345,9633.594,9177.282,8723.351,8271.735,7822.359,7375.144,6930.003,6486.842,6045.563,5606.062,5168.231,4731.956,4297.121,3863.604,3431.283,3000.028,2569.712,2140.202,1711.363,1283.061,855.158,427.518,0.000
0.000,1045.867,2085.350,3112.162,4120.221,5103.746,6057.342,6976.074,7855.523,8691.832,9481.734,10222.566,10912.270,11549.381,12133.003,12662.785,13138.877,13561.894,13932.869,14253.203,14524.620,14749.117,14928.911,15066.396,15164.095,15224.618,15250.619,15244.767,15209.707,15148.037,15062.286,14954.892,14828.193,14684.411,14525.651,14353.889,14170.980,13978.649,13778.501,13572.018,13360.566,13145.404,12927.679,12708.444,12488.657,12269.186,12050.821,11834.273,11620.186,11409.137,11201.643,10998.169,10799.127,10604.885,10415.770,10232.069,10054.037,9881.896,9715.842,9556.043,9402.650,9255.787,9115.566,8982.079,8855.407,8735.617,8622.766,8516.902,8418.065,8326.288,8241.597,8164.018,8093.568,8030.264,7974.119,7925.147,7883.360,7848.769,7821.385,7801.222,7788.291,7782.608,7784.189,7793.052,7809.219,7832.711,7863.554,7901.776,7947.408,8000.485,8061.043,8129.124,8204.769,8288.026,8378.945,8477.579,8583.984,8698.220,8820.347,8950.434,9088.546,9234.755,9389.134,9551.758,9722.705,9902.055,10089.888,10286.286,10491.332,10705.110,10927.704,11159.195,11399.667,11649.199,11907.871,12175.756,12452.928,12739.453,13035.393,13340.803,13655.732,13980.217,14314.288,14657.963,15011.247,15374.129,15746.584,16128.568,16520.015,16920.840,17330.931,17750.149,18178.326,18615.260,19060.716,19514.418,19976.048,20445.245,20921.597,21404.641,21893.856,22388.663,22888.420,23392.415,23899.868,24409.922,24921.647,25434.031,25945.981,26456.321,26963.794,27467.060,27964.702,28455.224,28937.066,29408.602,29868.158,30314.018,30744.441,31157.679,31551.989,31925.660,32277.024,32604.483,32906.525,33181.746,33428.862,33646.729,33834.354,33990.905,34115.720,34208.314,34268.379,34295.792,34290.608,34253.059,34183.553,34082.662,33951.116,33789.787,33599.681,33381.918,33137.715,32868.369,32575.237,32259.720,31923.242,31567.232,31193.116,30802.294,30396.138,29975.975,29543.083,29098.687,28643.952,28179.981,27707.815,27228.432,26742.747,26251.615,25755.832,25256.136,24753.211,24247.689,23740.152,23231.137,22721.135,22210.598,21699.937,21189.529,20679.715,20170.805,19663.080,19156.791,18652.165,18149.404,17648.686,17150.169,16653.991,16160.268,15669.104,15180.580,14694.765,14211.713,13731.463,13254.041,12779.461,12307.725,11838.823,11372.738,10909.438,10448.886,9991.034,9535.825,9083.198,8633.079,8185.393,7740.054,7296.972,6856.050,6417.187,5980.277,5545.208,5111.865,4680.129,4249.877,3820.982,3393.316,2966.747,2541.140,2116.361,1692.270,1268.730,845.599,422.736,0.000
0.000,1119.967,2232.753,3331.293,4408.766,5458.707,6475.107,7452.498,8386.017,9271.458,10105.300,10884.716,11607.575,12272.418,12878.431,13425.408,13913.701,14344.175,14718.148,15037.343,15303.824,15519.945,15688.287,15811.611,15892.801,15934.819,15940.655,15913.293,15855.675,15770.668,15661.046,15529.468,15378.464,15210.426,15027.604,14832.100,14625.870,14410.729,14188.348,13960.265,13727.889,13492.508,13255.292,13017.306,12779.513,12542.782,12307.896,12075.558,11846.397,11620.974,11399.790,11183.287,10971.858,10765.848,10565.560,10371.259,10183.176,10001.510,9826.432,9658.091,9496.611,9342.097,9194.638,9054.306,8921.163,8795.255,8676.622,8565.293,8461.292,8364.634,8275.332,8193.395,8118.828,8051.633,7991.812,7939.366,7894.295,7856.602,7826.287,7803.354,7787.807,7779.653,7778.901,7785.563,7799.652,7821.186,7850.185,7886.673,7930.677,7982.226,8041.356,8108.104,8182.511,8264.622,8354.486,8452.156,8557.686,8671.138,8792.573,8922.059,9059.665,9205.465,9359.534,9521.951,9692.797,9872.156,10060.114,10256.759,10462.179,10676.464,10899.706,11131.994,11373.420,11624.072,11884.040,12153.409,12432.262,12720.677,13018.729,13326.486,13644.010,13971.354,14308.562,14655.669,15012.694,15379.646,15756.515,16143.275,16539.880,16946.263,17362.329,17787.959,18223.004,18667.280,19120.568,19582.611,20053.107,20531.708,21018.016,21511.578,22011.881,22518.351,23030.345,23547.150,24067.976,24591.953,25118.128,25645.461,26172.820,26698.984,27222.638,27742.375,28256.698,28764.021,29262.678,29750.930,30226.974,30688.960,31134.999,31563.192,31971.640,32358.475,32721.874,33060.093,33371.479,33654.500,33907.762,34130.024,34320.216,34477.449,34601.024,34690.438,34745.388,34765.773,34751.693,34703.445,34621.519,34506.590,34359.506,34181.276,33973.054,33736.117,33471.850,33181.722,32867.263,32530.042,32171.647,31793.665,31397.669,30985.192,30557.730,30116.717,29663.529,29199.472,28725.780,28243.614,27754.060,27258.132,26756.770,26250.847,25741.168,25228.473,24713.442,24196.697,23678.810,23160.297,22641.631,22123.239,21605.507,21088.785,20573.386,20059.590,19547.647,19037.778,18530.181,18025.025,17522.459,17022.611,16525.589,16031.482,15540.364,15052.293,14567.308,14085.440,13606.703,13131.102,12658.628,12189.262,11722.976,11259.732,10799.482,10342.172,9887.738,9436.110,8987.210,8540.955,8097.256,7656.015,7217.133,6780.505,6346.017,5913.558,5483.007,5054.242,4627.138,4201.565,3777.391,3354.482,2932.701,2511.911,2091.969,1672.735,1254.066,835.817,417.843,0.000
0.000,1201.277,2394.451,3571.559,4724.930,5847.315,6932.007,7972.938,8964.755,9902.870,10783.496,11603.649,12361.141,13054.551,13683.184,14247.024,14746.676,15183.307,15558.581,15874.593,16133.808,16338.990,16493.142,16599.444,16661.188,16681.732,16664.442,16612.654,16529.632,16418.538,16282.411,16124.141,15946.463,15751.943,15542.981,15321.801,15090.463,14850.861,14604.733,14353.665,14099.102,13842.354,13584.607,13326.931,13070.286,12815.536,12563.450,12314.715,12069.941,11829.669,11594.373,11364.473,11140.334,10922.274,10710.571,10505.462,10307.150,10115.809,9931.583,9754.595,9584.945,9422.713,9267.964,9120.750,8981.108,8849.065,8724.641,8607.844,8498.682,8397.152,8303.251,8216.971,8138.302,8067.234,8003.754,7947.852,7899.516,7858.737,7825.506,7799.817,7781.664,7771.048,7767.968,7772.431,7784.442,7804.014,7831.162,7865.904,7908.264,7958.267,8015.945,8081.334,8154.471,8235.401,8324.170,8420.832,8525.441,8638.057,8758.745,8887.572,9024.610,9169.935,9323.625,9485.762,9656.432,9835.724,10023.728,10220.537,10426.247,10640.955,10864.759,11097.759,11340.054,11591.744,11852.926,12123.698,12404.155,12694.388,12994.484,13304.527,13624.593,13954.752,14295.063,14645.578,15006.335,15377.362,15758.668,16150.246,16552.073,16964.099,17386.255,17818.440,18260.527,18712.355,19173.726,19644.401,20124.101,20612.493,21109.199,21613.778,22125.731,22644.492,23169.425,23699.815,24234.870,24773.707,25315.356,25858.750,26402.724,26946.009,27487.235,28024.923,28557.493,29083.264,29600.458,30107.209,30601.576,31081.553,31545.092,31990.118,32414.556,32816.357,33193.522,33544.133,33866.379,34158.580,34419.212,34646.923,34840.557,34999.157,35121.981,35208.505,35258.429,35271.676,35248.392,35188.945,35093.915,34964.091,34800.452,34604.159,34376.532,34119.030,33833.225,33520.779,33183.416,32822.895,32440.990,32039.460,31620.038,31184.409,30734.196,30270.954,29796.156,29311.196,28817.379,28315.923,27807.959,27294.536,26776.617,26255.089,25730.763,25204.377,24676.606,24148.060,23619.290,23090.796,22563.025,22036.378,21511.213,20987.850,20466.570,19947.622,19431.223,18917.563,18406.805,17899.088,17394.528,16893.222,16395.247,15900.664,15409.515,14921.832,14437.628,13956.906,13479.658,13005.863,12535.490,12068.500,11604.843,11144.462,10687.292,10233.261,9782.289,9334.293,8889.178,8446.849,8007.204,7570.136,7135.533,6703.279,6273.254,5845.335,5419.396,4995.306,4572.933,4152.140,3732.792,3314.747,2897.863,2481.999,2067.007,1652.742,1239.058,825.805,412.835,0.000
0.000,1290.717,2572.262,3835.629,5072.165,6273.720,7432.792,8542.636,9597.354,10591.952,11522.365,12385.464,13179.030,13901.721,14553.010,15133.129,15642.995,16084.141,16458.640,16769.027,17018.232,17209.495,17346.302,17432.309,17471.274,17466.999,17423.272,17343.815,17232.250,17092.057,16926.555,16738.884,16531.987,16308.613,16071.306,15822.415,15564.098,15298.322,15026.884,14751.410,14473.372,14194.095,13914.771,13636.466,13360.131,13086.613,12816.664,12550.946,12290.043,12034.467,11784.665,11541.024,11303.878,11073.516,10850.183,10634.084,10425.393,10224.252,10030.779,9845.066,9667.185,9497.192,9335.125,9181.010,9034.863,8896.687,8766.480,8644.233,8529.930,8423.553,8325.079,8234.484,8151.744,8076.834,8009.726,7950.398,7898.825,7854.987,7818.863,7790.439,7769.701,7756.637,7751.243,7753.515,7763.453,7781.064,7806.357,7839.347,7880.050,7928.491,7984.697,8048.701,8120.538,8200.252,8287.889,8383.499,8487.138,8598.867,8718.751,8846.858,8983.263,9128.044,9281.282,9443.064,9613.479,9792.620,9980.583,10177.469,10383.379,10598.417,10822.691,11056.308,11299.378,11552.010,11814.313,12086.396,12368.368,12660.333,12962.392,13274.645,13597.184,13930.095,14273.457,14627.339,14991.800,15366.887,15752.632,16149.051,16556.140,16973.877,17402.213,17841.074,18290.358,18749.926,19219.608,19699.188,20188.409,20686.965,21194.494,21710.578,22234.734,22766.410,23304.979,23849.735,24399.882,24954.535,25512.709,26073.314,26635.153,27196.914,27757.168,28314.370,28866.852,29412.829,29950.405,30477.579,30992.253,31492.253,31975.346,32439.261,32881.721,33300.467,33693.298,34058.097,34392.864,34695.753,34965.088,35199.394,35397.410,35558.106,35680.689,35764.612,35809.574,35815.525,35782.660,35711.423,35602.494,35456.784,35275.423,35059.740,34811.244,34531.597,34222.586,33886.092,33524.058,33138.461,32731.278,32304.463,31859.927,31399.514,30924.991,30438.037,29940.232,29433.057,28917.889,28396.004,27868.577,27336.686,26801.316,26263.362,25723.639,25182.881,24641.749,24100.837,23560.677,23021.741,22484.452,21949.179,21416.248,20885.947,20358.523,19834.190,19313.131,18795.501,18281.426,17771.013,17264.345,16761.485,16262.479,15767.355,15276.127,14788.796,14305.349,13825.762,13350.000,12878.018,12409.764,11945.174,11484.179,11026.702,10572.660,10121.962,9674.514,9230.213,8788.954,8350.627,7915.117,7482.305,7052.068,6624.281,6198.813,5775.534,5354.307,4934.995,4517.460,4101.557,3687.144,3274.075,2862.203,2451.378,2041.453,1632.274,1223.693,815.555,407.708,0.000
0.000,1389.358,2768.295,4126.595,5454.462,6742.709,7982.923,9167.597,10290.232,11345.394,12328.744,13237.025,14068.030,14820.547,15494.282,16089.781,16608.350,17051.959,17423.165,17725.023,17960.997,18134.879,18250.707,18312.681,18325.088,18292.231,18218.364,18107.643,17964.076,17791.487,17593.497,17373.501,17134.663,16879.910,16611.934,16333.201,16045.956,15752.237,15453.884,15152.556,14849.741,14546.768,14244.823,13944.960,13648.112,13355.100,13066.646,12783.384,12505.863,12234.560,11969.885,11712.191,11461.775,11218.887,10983.739,10756.499,10537.307,10326.273,10123.481,9928.991,9742.847,9565.074,9395.684,9234.675,9082.038,8937.753,8801.794,8674.130,8554.726,8443.542,8340.538,8245.675,8158.909,8080.200,8009.507,7946.794,7892.023,7845.163,7806.182,7775.054,7751.756,7736.269,7728.579,7728.675,7736.552,7752.208,7775.648,7806.881,7845.921,7892.786,7947.501,8010.097,8080.607,8159.072,8245.536,8340.051,8442.673,8553.461,8672.483,8799.807,8935.512,9079.677,9232.386,9393.732,9563.806,9742.708,9930.539,10127.406,10333.418,10548.687,10773.327,11007.458,11251.196,11504.664,11767.983,12041.273,12324.657,12618.252,12922.178,13236.549,13561.473,13897.057,14243.399,14600.587,14968.703,15347.815,15737.979,16139.235,16551.606,16975.094,17409.678,17855.312,18311.920,18779.394,19257.590,19746.323,20245.362,20754.429,21273.189,21801.247,22338.144,22883.348,23436.247,23996.147,24562.258,25133.695,25709.465,26288.461,26869.459,27451.105,28031.918,28610.281,29184.438,29752.500,30312.442,30862.113,31399.250,31921.487,32426.384,32911.448,33374.166,33812.043,34222.638,34603.603,34952.725,35267.959,35547.457,35789.601,35993.016,36156.587,36279.465,36361.074,36401.115,36399.562,36356.666,36272.949,36149.200,35986.468,35786.048,35549.459,35278.426,34974.841,34640.737,34278.247,33889.564,33476.907,33042.486,32588.473,32116.972,31630.003,31129.489,30617.236,30094.938,29564.164,29026.365,28482.869,27934.893,27383.542,26829.816,26274.617,25718.754,25162.952,24607.855,24054.037,23502.001,22952.193,22405.001,21860.763,21319.768,20782.268,20248.472,19718.556,19192.667,18670.921,18153.410,17640.202,17131.344,16626.867,16126.781,15631.083,15139.756,14652.770,14170.083,13691.643,13217.390,12747.254,12281.157,11819.015,11360.736,10906.223,10455.374,10008.080,9564.229,9123.705,8686.387,8252.149,7820.866,7392.406,6966.634,6543.415,6122.609,5704.075,5287.670,4873.249,4460.663,4049.765,3640.404,3232.429,2825.686,2420.023,2015.284,1611.315,1207.958,805.058,402.458,0.000
0.000,1498.447,2985.009,4448.055,5876.458,7259.829,8588.709,9854.732,11050.734,12170.820,13210.380,14166.068,15035.746,15818.402,16514.054,17123.652,17648.969,18092.506,18457.389,18747.272,18966.243,19118.729,19209.400,19243.077,19224.645,19158.971,19050.835,18904.865,18725.491,18516.910,18283.058,18027.599,17753.916,17465.115,17164.029,16853.230,16535.044,16211.562,15884.661,15556.015,15227.114,14899.283,14573.688,14251.358,13933.196,13619.990,13312.423,13011.089,12716.495,12429.077,12149.202,11877.178,11613.262,11357.662,11110.548,10872.052,10642.272,10421.282,10209.129,10005.842,9811.430,9625.887,9449.194,9281.323,9122.236,8971.888,8830.228,8697.203,8572.754,8456.823,8349.352,8250.279,8159.547,8077.098,8002.877,7936.833,7878.916,7829.081,7787.286,7753.495,7727.673,7709.795,7699.836,7697.778,7703.609,7717.322,7738.916,7768.393,7805.763,7851.043,7904.252,7965.419,8034.574,8111.757,8197.012,8290.389,8391.943,8501.736,8619.835,8746.312,8881.246,9024.718,9176.819,9337.643,9507.287,9685.855,9873.456,10070.202,10276.209,10491.599,10716.494,10951.023,11195.315,11449.502,11713.717,11988.095,12272.772,12567.884,12873.562,13189.940,13517.145,13855.303,14204.532,14564.944,14936.642,15319.721,15714.259,16120.326,16537.970,16967.223,17408.095,17860.569,18324.601,18800.116,19287.002,19785.107,20294.233,20814.133,21344.505,21884.986,22435.143,22994.470,23562.380,24138.195,24721.141,25310.339,25904.793,26503.388,27104.877,27707.873,28310.843,28912.101,29509.805,30101.955,30686.392,31260.807,31822.750,32369.645,32898.819,33407.523,33892.976,34352.406,34783.093,35182.422,35547.926,35877.332,36168.598,36419.940,36629.855,36797.135,36920.870,37000.455,37035.588,37026.272,36972.812,36875.816,36736.192,36555.137,36334.131,36074.909,35779.438,35449.880,35088.547,34697.863,34280.307,33838.377,33374.545,32891.223,32390.732,31875.285,31346.965,30807.719,30259.352,29703.525,29141.757,28575.431,28005.796,27433.978,26860.988,26287.725,25714.990,25143.490,24573.847,24006.607,23442.242,22881.162,22323.719,21770.212,21220.892,20675.968,20135.609,19599.952,19069.101,18543.133,18022.100,17506.032,16994.939,16488.815,15987.634,15491.362,14999.946,14513.326,14031.430,13554.179,13081.484,12613.248,12149.371,11689.744,11234.255,10782.785,10335.212,9891.410,9451.249,9014.597,8581.317,8151.272,7724.320,7300.319,6879.122,6460.583,6044.552,5630.880,5219.414,4810.000,4402.486,3996.713,3592.527,3189.769,2788.282,2387.905,1988.479,1589.845,1191.841,794.306,397.080,0.000
0.000,1619.444,3225.283,4804.218,6343.564,7831.533,9257.464,10612.017,11887.300,13076.936,14176.071,15181.324,16090.706,16903.500,17620.140,18242.080,18771.666,19212.026,19566.951,19840.792,20038.356,20164.797,20225.510,20226.026,20171.910,20068.664,19921.652,19736.024,19516.671,19268.183,18994.830,18700.547,18388.937,18063.277,17726.531,17381.366,17030.170,16675.074,16317.971,15960.538,15604.254,15250.418,14900.167,14554.491,14214.251,13880.188,13552.939,13233.046,12920.969,12617.089,12321.727,12035.139,11757.535,11489.078,11229.888,10980.055,10739.637,10508.663,10287.145,10075.072,9872.418,9679.144,9495.199,9320.523,9155.051,8998.709,8851.423,8713.113,8583.698,8463.100,8351.239,8248.034,8153.411,8067.296,7989.617,7920.309,7859.309,7806.558,7762.004,7725.599,7697.299,7677.068,7664.874,7660.691,7664.499,7676.286,7696.043,7723.770,7759.471,7803.158,7854.848,7914.566,7982.342,8058.212,8142.220,8234.414,8334.851,8443.593,8560.708,8686.269,8820.358,8963.060,9114.467,9274.678,9443.796,9621.931,9809.196,10005.710,10211.599,10426.991,10652.020,10886.822,11131.538,11386.313,11651.293,11926.627,12212.465,12508.959,12816.259,13134.515,13463.877,13804.488,14156.491,14520.021,14895.205,15282.164,15681.006,16091.828,16514.708,16949.711,17396.878,17856.229,18327.753,18811.411,19307.129,19814.792,20334.240,20865.264,21407.601,21960.921,22524.830,23098.854,23682.436,24274.925,24875.569,25483.503,26097.741,26717.165,27340.513,27966.372,28593.163,29219.139,29842.370,30460.745,31071.966,31673.554,32262.856,32837.065,33393.241,33928.346,34439.287,34922.969,35376.345,35796.485,36180.625,36526.231,36831.030,37093.058,37310.669,37482.553,37607.739,37685.589,37715.802,37698.406,37633.766,37522.578,37365.872,37165.012,36921.677,36637.850,36315.777,35957.927,35566.942,35145.578,34696.650,34222.972,33727.315,33212.359,32680.666,32134.652,31576.577,31008.530,30432.430,29850.027,29262.905,28672.491,28080.065,27486.766,26893.604,26301.471,25711.150,25123.322,24538.580,23957.434,23380.320,22807.607,22239.604,21676.566,21118.700,20566.169,20019.099,19477.582,18941.677,18411.419,17886.819,17367.865,16854.528,16346.763,15844.508,15347.691,14856.229,14370.027,13888.983,13412.988,12941.924,12475.670,12014.099,11557.079,11104.475,10656.146,10211.952,9771.747,9335.384,8902.715,8473.587,8047.849,7625.346,7205.922,6789.420,6375.683,5964.551,5555.864,5149.463,4745.185,4342.868,3942.350,3543.468,3146.058,2749.955,2354.995,1961.014,1567.847,1175.327,783.290,391.569,0.000
0.000,1754.072,3492.503,5200.025,6862.123,8465.366,9997.706,11448.698,12809.655,14073.713,15235.819,16292.646,17242.464,18084.983,18821.177,19453.129,19983.879,20417.289,20757.924,21010.938,21181.961,21276.982,21302.229,21264.043,21168.760,21022.603,20831.584,20601.432,20337.532,20044.892,19728.123,19391.435,19038.644,18673.186,18298.137,17916.239,17529.924,17141.343,16752.386,16364.711,15979.767,15598.812,15222.936,14853.077,14490.039,14134.506,13787.055,13448.168,13118.244,12797.608,12486.520,12185.183,11893.751,11612.334,11341.003,11079.797,10828.729,10587.784,10356.930,10136.118,9925.282,9724.347,9533.229,9351.836,9180.071,9017.832,8865.017,8721.521,8587.241,8462.075,8345.920,8238.679,8140.258,8050.564,7969.512,7897.020,7833.012,7777.416,7730.168,7691.208,7660.484,7637.947,7623.560,7617.286,7619.102,7628.985,7646.922,7672.908,7706.942,7749.033,7799.193,7857.445,7923.817,7998.343,8081.066,8172.035,8271.304,8378.938,8495.004,8619.580,8752.747,8894.595,9045.220,9204.724,9373.215,9550.808,9737.624,9933.790,10139.437,10354.704,10579.733,10814.672,11059.673,11314.893,11580.492,11856.633,12143.483,12441.209,12749.980,13069.967,13401.338,13744.260,14098.900,14465.416,14843.964,15234.691,15637.736,16053.226,16481.274,16921.978,17375.415,17841.642,18320.689,18812.556,19317.210,19834.579,20364.547,20906.948,21461.562,22028.105,22606.224,23195.487,23795.375,24405.274,25024.463,25652.103,26287.225,26928.719,27575.321,28225.600,28877.943,29530.543,30181.393,30828.269,31468.732,32100.122,32719.571,33324.011,33910.205,34474.782,35014.288,35525.244,36004.223,36447.915,36853.212,37217.268,37537.552,37811.894,38038.496,38215.944,38343.204,38419.611,38444.863,38419.017,38342.493,38216.073,38040.919,37818.565,37550.918,37240.236,36889.087,36500.301,36076.905,35622.048,35138.930,34630.734,34100.569,33551.416,32986.101,32407.262,31817.340,31218.570,30612.985,30002.417,29388.510,28772.727,28156.366,27540.570,26926.340,26314.548,25705.951,25101.196,24500.837,23905.342,23315.101,22730.436,22151.607,21578.820,21012.232,20451.958,19898.072,19350.620,18809.614,18275.042,17746.871,17225.044,16709.493,16200.129,15696.855,15199.561,14708.127,14222.426,13742.324,13267.681,12798.351,12334.185,11875.030,11420.730,10971.126,10526.058,10085.364,9648.880,9216.440,8787.880,8363.033,7941.730,7523.805,7109.090,6697.416,6288.613,5882.512,5478.945,5077.742,4678.734,4281.751,3886.622,3493.180,3101.252,2710.671,2321.265,1932.865,1545.300,1158.402,771.999,385.921,0.000
0.000,1904.364,3790.670,5641.314,7439.606,9170.190,10819.397,12375.531,13829.044,15172.595,16401.016,17511.163,18501.728,19373.011,20126.695,20765.641,21293.711,21715.625,22036.836,22263.413,22401.927,22459.323,22442.782,22359.577,22216.928,22021.869,21781.139,21501.099,21187.665,20846.284,20481.912,20099.028,19701.643,19293.332,18877.261,18456.220,18032.662,17608.727,17186.279,16766.938,16352.097,15942.956,15540.539,15145.716,14759.219,14381.661,14013.546,13655.288,13307.214,12969.583,12642.589,12326.371,12021.023,11726.595,11443.104,11170.536,10908.851,10657.989,10417.871,10188.403,9969.482,9760.992,9562.813,9374.819,9196.881,9028.867,8870.646,8722.088,8583.064,8453.449,8333.117,8221.953,8119.842,8026.675,7942.349,7866.767,7799.839,7741.481,7691.614,7650.169,7617.082,7592.297,7575.765,7567.444,7567.301,7575.308,7591.447,7615.706,7648.080,7688.573,7737.196,7793.966,7858.912,7932.065,8013.466,8103.164,8201.215,8307.681,8422.634,8546.151,8678.317,8819.224,8968.973,9127.669,9295.426,9472.365,9658.613,9854.303,10059.577,10274.581,10499.467,10734.394,10979.528,11235.036,11501.092,11777.877,12065.571,12364.361,12674.435,12995.982,13329.194,13674.262,14031.375,14400.719,14782.479,15176.832,15583.948,16003.988,16437.100,16883.419,17343.063,17816.128,18302.688,18802.788,19316.440,19843.619,20384.260,20938.247,21505.409,22085.514,22678.259,23283.264,23900.057,24528.071,25166.626,25814.921,26472.017,27136.827,27808.096,28484.386,29164.064,29845.278,30525.946,31203.741,31876.082,32540.123,33192.761,33830.647,34450.208,35047.690,35619.215,36160.856,36668.722,37139.058,37568.339,37953.356,38291.281,38579.718,38816.710,39000.743,39130.729,39205.984,39226.209,39191.487,39102.286,38959.471,38764.326,38518.568,38224.349,37884.239,37501.183,37078.435,36619.478,36127.926,35607.434,35061.613,34493.956,33907.784,33306.207,32692.101,32068.095,31436.570,30799.665,30159.288,29517.129,28874.676,28233.234,27593.935,26957.759,26325.549,25698.020,25075.778,24459.328,23849.085,23245.387,22648.501,22058.631,21475.927,20900.492,20332.386,19771.630,19218.217,18672.108,18133.243,17601.539,17076.896,16559.200,16048.321,15544.120,15046.450,14555.154,14070.070,13591.031,13117.866,12650.399,12188.453,11731.848,11280.405,10833.940,10392.273,9955.220,9522.597,9094.223,8669.915,8249.490,7832.766,7419.563,7009.699,6602.994,6199.268,5798.342,5400.038,5004.176,4610.580,4219.072,3829.476,3441.615,3055.313,2670.394,2286.684,1904.006,1522.187,1141.051,760.424,380.132,0.000
0.000,2072.739,4124.536,6135.004,8084.866,9956.474,11734.261,13405.102,14958.522,16386.755,17684.649,18849.441,19880.470,20778.853,21547.184,22189.277,22709.966,23114.953,23410.689,23604.278,23703.357,23715.966,23650.388,23514.967,23317.937,23067.258,22770.481,22434.656,22066.267,21671.208,21254.780,20821.709,20376.179,19921.872,19462.009,18999.399,18536.477,18075.345,17617.814,17165.432,16719.518,16281.189,15851.384,15430.886,15020.341,14620.274,14231.107,13853.169,13486.710,13131.911,12788.891,12457.722,12138.427,11830.994,11535.378,11251.507,10979.287,10718.607,10469.337,10231.340,10004.466,9788.562,9583.468,9389.022,9205.061,9031.423,8867.946,8714.474,8570.851,8436.926,8312.556,8197.600,8091.925,7995.405,7907.919,7829.356,7759.609,7698.582,7646.184,7602.334,7566.956,7539.987,7521.368,7511.049,7508.989,7515.154,7529.520,7552.069,7582.793,7621.691,7668.771,7724.048,7787.546,7859.296,7939.339,8027.722,8124.502,8229.741,8343.512,8465.895,8596.977,8736.853,8885.627,9043.410,9210.320,9386.484,9572.036,9767.117,9971.876,10186.469,10411.058,10645.815,10890.914,11146.538,11412.877,11690.124,11978.479,12278.145,12589.331,12912.247,13247.109,13594.130,13953.526,14325.513,14710.304,15108.108,15519.129,15943.564,16381.599,16833.409,17299.155,17778.977,18272.995,18781.304,19303.968,19841.014,20392.431,20958.159,21538.088,22132.043,22739.782,23360.982,23995.232,24642.022,25300.727,25970.596,26650.736,27340.096,28037.447,28741.364,29450.206,30162.092,30874.883,31586.157,32293.195,32992.967,33682.123,34357.003,35013.661,35647.903,36255.353,36831.545,37372.034,37872.519,38328.974,38737.759,39095.708,39400.178,39649.058,39840.752,39974.139,40048.528,40063.635,40019.562,39916.811,39756.310,39539.454,39268.138,38944.776,38572.292,38154.072,37693.881,37195.748,36663.847,36102.373,35515.435,34906.966,34280.665,33639.952,32987.951,32327.481,31661.061,30990.927,30319.049,29647.148,28976.721,28309.061,27645.276,26986.310,26332.959,25685.889,25045.649,24412.684,23787.350,23169.921,22560.600,21959.529,21366.797,20782.445,20206.472,19638.844,19079.495,18528.332,17985.241,17450.091,16922.732,16403.003,15890.732,15385.737,14887.830,14396.816,13912.499,13434.676,12963.143,12497.696,12038.129,11584.235,11135.809,10692.645,10254.538,9821.286,9392.685,8968.536,8548.638,8132.793,7720.805,7312.479,6907.622,6506.041,6107.546,5711.947,5319.057,4928.688,4540.654,4154.772,3770.857,3388.726,3008.198,2629.090,2251.222,1874.415,1498.488,1123.262,748.558,374.196,0.000
0.000,2262.076,4499.768,6689.352,8808.446,10836.655,12756.164,14552.201,16213.310,17731.394,19101.537,20321.653,21392.046,22314.950,23094.131,23734.556,24242.181,24623.805,24886.985,25039.967,25091.592,25051.154,24928.211,24732.362,24473.014,24159.184,23799.333,23401.260,22972.046,22518.032,22044.843,21557.423,21060.088,20556.585,20050.147,19543.555,19039.188,18539.074,18044.932,17558.212,17080.130,16611.696,16153.742,15706.946,15271.848,14848.873,14438.345,14040.500,13655.496,13283.429,12924.337,12578.212,12245.004,11924.631,11616.982,11321.923,11039.302,10768.950,10510.688,10264.329,10029.678,9806.538,9594.710,9393.994,9204.192,9025.109,8856.554,8698.340,8550.285,8412.216,8283.964,8165.367,8056.273,7956.537,7866.021,7784.598,7712.147,7648.557,7593.726,7547.560,7509.974,7480.894,7460.252,7447.991,7444.062,7448.425,7461.049,7481.912,7510.999,7548.308,7593.842,7647.613,7709.644,7779.964,7858.612,7945.635,8041.090,8145.041,8257.561,8378.731,8508.642,8647.393,8795.089,8951.847,9117.792,9293.054,9477.775,9672.104,9876.198,10090.222,10314.349,10548.762,10793.647,11049.203,11315.631,11593.143,11881.955,12182.290,12494.377,12818.448,13154.742,13503.499,13864.961,14239.375,14626.983,15028.029,15442.753,15871.390,16314.167,16771.301,17242.999,17729.449,18230.823,18747.267,19278.902,19825.814,20388.053,20965.624,21558.479,22166.512,22789.550,23427.339,24079.541,24745.714,25425.301,26117.618,26821.834,27536.952,28261.788,28994.951,29734.814,30479.490,31226.801,31974.250,32718.994,33457.819,34187.126,34902.925,35600.850,36276.203,36924.020,37539.187,38116.576,38651.215,39138.463,39574.163,39954.761,40277.359,40539.711,40740.175,40877.638,40951.438,40961.315,40907.381,40790.147,40610.563,40370.098,40070.806,39715.375,39307.132,38849.987,38348.323,37806.844,37230.402,36623.840,35991.851,35338.875,34669.027,33986.058,33293.345,32593.891,31890.342,31185.012,30479.911,29776.771,29077.076,28382.087,27692.870,27010.313,26335.153,25667.989,25009.300,24359.460,23718.753,23087.381,22465.475,21853.107,21250.297,20657.018,20073.205,19498.758,18933.552,18377.436,17830.240,17291.778,16761.851,16240.248,15726.750,15221.132,14723.165,14232.615,13749.247,13272.825,12803.112,12339.872,11882.869,11431.872,10986.648,10546.967,10112.604,9683.332,9258.932,8839.183,8423.870,8012.778,7605.697,7202.417,6802.734,6406.443,6013.343,5623.233,5235.918,4851.201,4468.889,4088.790,3710.712,3334.467,2959.866,2586.723,2214.852,1844.067,1474.184,1105.019,736.388,368.110,0.000
0.000,2475.819,4923.140,7314.237,9622.971,11825.611,13901.628,15834.331,17611.240,19224.105,20668.598,21943.751,23051.286,23994.966,24780.043,25412.863,25900.643,26251.364,26473.760,26577.314,26572.210,26469.187,26279.304,26013.638,25682.979,25297.558,24866.855,24399.478,23903.116,23384.545,22849.673,22303.611,21750.749,21194.838,20639.067,20086.135,19538.318,18997.523,18465.342,17943.092,17431.854,16932.505,16445.748,15972.132,15512.078,15065.894,14633.792,14215.900,13812.279,13422.926,13047.790,12686.778,12339.761,12006.579,11687.052,11380.978,11088.143,10808.319,10541.273,10286.765,10044.554,9814.397,9596.053,9389.284,9193.855,9009.538,8836.108,8673.352,8521.060,8379.031,8247.075,8125.008,8012.658,7909.860,7816.460,7732.313,7657.285,7591.251,7534.095,7485.714,7446.011,7414.902,7392.310,7378.170,7372.426,7375.032,7385.950,7405.153,7432.622,7468.350,7512.338,7564.594,7625.139,7694.001,7771.218,7856.837,7950.913,8053.512,8164.709,8284.586,8413.237,8550.762,8697.274,8852.892,9017.745,9191.971,9375.718,9569.143,9772.412,9985.699,10209.187,10443.070,10687.549,10942.835,11209.144,11486.706,11775.754,12076.530,12389.284,12714.271,13051.755,13402.002,13765.284,14141.875,14532.054,14936.098,15354.285,15786.890,16234.184,16696.429,17173.881,17666.780,18175.351,18699.801,19240.309,19797.026,20370.070,20959.516,21565.389,22187.659,22826.232,23480.936,24151.512,24837.604,25538.740,26254.317,26983.585,27725.622,28479.313,29243.326,30016.076,30795.696,31579.999,32366.440,33152.077,33933.531,34706.954,35468.011,36211.877,36933.277,37626.552,38285.797,38905.035,39478.449,40000.624,40466.776,40872.903,41215.856,41493.307,41703.642,41845.830,41919.295,41923.818,41859.510,41726.834,41526.697,41260.568,40930.611,40539.785,40091.873,39591.423,39043.587,38453.910,37828.089,37171.750,36490.277,35788.683,35071.539,34342.943,33606.518,32865.436,32122.446,31379.912,30639.857,29903.994,29173.768,28450.386,27734.845,27027.961,26330.389,25642.647,24965.129,24298.127,23641.840,22996.385,22361.816,21738.125,21125.255,20523.104,19931.538,19350.389,18779.465,18218.555,17667.427,17125.840,16593.540,16070.266,15555.752,15049.726,14551.916,14062.048,13579.849,13105.047,12637.370,12176.553,11722.330,11274.441,10832.627,10396.636,9966.218,9541.128,9121.124,8705.971,8295.433,7889.282,7487.292,7089.242,6694.912,6304.087,5916.556,5532.109,5150.539,4771.642,4395.218,4021.065,3648.988,3278.790,2910.278,2543.259,2177.542,1812.937,1449.255,1086.308,723.908,361.867,0.000
0.000,2718.078,5402.766,8021.530,10543.646,12941.260,15190.489,17272.352,19173.322,20885.312,22405.138,23733.617,24874.550,25833.769,26618.408,27236.427,27696.397,28007.499,28179.646,28223.608,28151.055,27974.408,27706.528,27360.279,26948.096,26481.626,25971.485,25427.138,24856.874,24267.859,23666.216,23057.145,22445.027,21833.541,21225.759,20624.234,20031.081,19448.038,18876.523,18317.683,17772.433,17241.489,16725.399,16224.565,15739.269,15269.685,14815.899,14377.924,13955.706,13549.139,13158.075,12782.326,12421.678,12075.890,11744.705,11427.851,11125.047,10836.006,10560.434,10298.038,10048.528,9811.614,9587.012,9374.442,9173.634,8984.323,8806.255,8639.182,8482.869,8337.091,8201.631,8076.285,7960.859,7855.170,7759.046,7672.327,7594.863,7526.515,7467.157,7416.671,7374.951,7341.903,7317.441,7301.493,7293.995,7294.894,7304.147,7321.721,7347.593,7381.753,7424.196,7474.930,7533.973,7601.351,7677.101,7761.269,7853.911,7955.094,8064.893,8183.394,8310.691,8446.889,8592.104,8746.459,8910.089,9083.138,9265.761,9458.122,9660.396,9872.766,10095.426,10328.582,10572.448,10827.247,11093.213,11370.591,11659.633,11960.600,12273.765,12599.406,12937.811,13289.274,13654.096,14032.585,14425.052,14831.811,15253.181,15689.478,16141.017,16608.112,17091.068,17590.181,18105.735,18637.998,19187.216,19753.611,20337.372,20938.652,21557.558,22194.146,22848.409,23520.267,24209.558,24916.023,25639.290,26378.858,27134.077,27904.125,28687.984,29484.408,30291.887,31108.612,31932.427,32760.778,33590.661,34418.564,35240.412,36051.522,36846.581,37619.657,38364.272,39073.545,39740.425,40358.004,40919.872,41420.454,41855.241,42220.863,42515.009,42736.233,42883.715,42957.051,42956.104,42880.950,42731.924,42509.762,42215.804,41852.224,41422.221,40930.099,40381.193,39781.646,39138.081,38457.258,37745.767,37009.802,36255.025,35486.493,34708.650,33925.347,33139.892,32355.098,31573.343,30796.621,30026.593,29264.631,28511.858,27769.177,27037.307,26316.805,25608.086,24911.447,24227.079,23555.085,22895.492,22248.260,21613.296,20990.457,20379.563,19780.401,19192.731,18616.292,18050.804,17495.975,16951.504,16417.079,15892.388,15377.113,14870.937,14373.542,13884.613,13403.838,12930.907,12465.518,12007.369,11556.168,11111.624,10673.454,10241.382,9815.134,9394.446,8979.055,8568.707,8163.151,7762.144,7365.445,6972.818,6584.033,6198.864,5817.086,5438.482,5062.837,4689.937,4319.574,3951.541,3585.634,3221.652,2859.395,2498.665,2139.266,1781.004,1423.685,1067.116,711.106,355.464,0.000
0.000,2993.745,5948.346,8825.513,11588.874,14205.360,16646.792,18891.356,20924.486,22738.798,24333.151,25711.173,26879.683,27847.323,28623.582,29218.242,29641.236,29902.827,30013.971,29986.692,29834.285,29571.176,29212.454,28773.207,28267.876,27709.762,27110.741,26481.155,25829.849,25164.285,24490.696,23814.254,23139.226,22469.116,21806.790,21154.581,20514.375,19887.686,19275.712,18679.390,18099.433,17536.368,16990.563,16462.253,15951.559,15458.510,14983.051,14525.065,14084.376,13660.767,13253.980,12863.730,12489.710,12131.593,11789.042,11461.709,11149.245,10851.296,10567.510,10297.538,10041.037,9797.669,9567.105,9349.026,9143.120,8949.089,8766.644,8595.509,8435.420,8286.124,8147.382,8018.967,7900.664,7792.273,7693.602,7604.477,7524.731,7454.213,7392.783,7340.313,7296.686,7261.798,7235.555,7217.876,7208.691,7207.939,7215.572,7231.553,7255.854,7288.460,7329.363,7378.570,7436.094,7501.962,7576.209,7658.881,7750.034,7849.735,7958.060,8075.098,8200.944,8335.709,8479.509,8632.474,8794.743,8966.468,9147.808,9338.936,9540.035,9751.298,9972.931,10205.149,10448.179,10702.260,10967.641,11244.583,11533.357,11834.245,12147.541,12473.546,12812.576,13164.952,13531.005,13911.076,14305.511,14714.664,15138.892,15578.559,16034.026,16505.656,16993.811,17498.845,18021.104,18560.923,19118.619,19694.488,20288.800,20901.793,21533.663,22184.559,22854.573,23543.731,24251.979,24979.170,25725.048,26489.236,27271.206,28070.262,28885.512,29715.830,30559.823,31415.784,32281.637,33154.876,34032.490,34910.890,35785.817,36652.265,37504.419,38335.623,39138.431,39904.756,40626.160,41294.288,41901.402,42440.904,42907.700,43298.284,43610.558,43843.476,43996.645,44069.981,44063.481,43977.141,43811.027,43565.499,43241.537,42841.139,42367.660,41825.996,41222.499,40564.623,39860.420,39118.013,38345.181,37549.072,36736.061,35911.705,35080.769,34247.289,33414.653,32585.683,31762.716,30947.668,30142.105,29347.288,28564.219,27793.681,27036.269,26292.418,25562.425,24846.469,24144.628,23456.898,22783.199,22123.393,21477.290,20844.655,20225.223,19618.696,19024.758,18443.072,17873.288,17315.049,16767.990,16231.743,15705.937,15190.205,14684.181,14187.501,13699.807,13220.748,12749.978,12287.157,11831.953,11384.043,10943.110,10508.843,10080.941,9659.109,9243.061,8832.517,8427.203,8026.854,7631.208,7240.011,6853.016,6469.980,6090.664,5714.836,5342.267,4972.733,4606.015,4241.895,3880.160,3520.600,3163.008,2807.178,2452.907,2099.996,1748.244,1397.454,1047.430,697.976,348.897,0.000
0.000,3308.571,6571.389,9743.338,12781.028,15644.575,18300.032,20721.877,22894.561,24812.350,26477.616,27898.374,29085.829,30052.418,30810.529,31371.911,31747.685,31948.826,31986.958,31875.163,31628.494,31263.856,30799.224,30252.559,29640.798,28979.189,28280.966,27557.318,26817.530,26069.206,25318.522,24570.465,23829.044,23097.465,22378.285,21673.527,20984.778,20313.265,19659.918,19025.420,18410.251,17814.718,17238.984,16683.096,16147.000,15630.558,15133.566,14655.763,14196.844,13756.467,13334.263,12929.841,12542.794,12172.705,11819.153,11481.713,11159.960,10853.474,10561.842,10284.656,10021.519,9772.045,9535.858,9312.596,9101.910,8903.465,8716.937,8542.022,8378.425,8225.868,8084.088,7952.835,7831.874,7720.985,7619.961,7528.608,7446.749,7374.216,7310.858,7256.534,7211.119,7174.499,7146.570,7127.245,7116.445,7114.105,7120.169,7134.596,7157.355,7188.424,7227.795,7275.471,7331.462,7395.796,7468.504,7549.633,7639.240,7737.391,7844.164,7959.649,8083.946,8217.166,8359.430,8510.872,8671.637,8841.882,9021.773,9211.490,9411.225,9621.181,9841.573,10072.629,10314.588,10567.703,10832.240,11108.476,11396.700,11697.216,12010.339,12336.395,12675.724,13028.678,13395.620,13776.922,14172.967,14584.150,15010.871,15453.536,15912.559,16388.357,16881.347,17391.946,17920.566,18467.612,19033.477,19618.538,20223.152,20847.646,21492.314,22157.410,22843.135,23549.630,24276.961,25025.112,25793.963,26583.275,27392.669,28221.605,29069.344,29934.925,30817.115,31714.362,32624.732,33545.838,34474.746,35407.871,36340.853,37268.428,38184.300,39081.048,39950.106,40781.893,41566.150,42292.539,42951.470,43534.965,44037.255,44454.884,44786.317,45031.309,45190.237,45263.568,45251.513,45153.916,44970.356,44700.479,44344.520,43903.951,43382.106,42784.557,42119.021,41394.776,40621.818,39810.060,38968.748,38106.130,37229.338,36344.402,35456.345,34569.307,33686.674,32811.200,31945.106,31090.175,30247.819,29419.146,28605.000,27806.011,27022.623,26255.126,25503.678,24768.323,24049.013,23345.620,22657.951,21985.756,21328.739,20686.570,20058.887,19445.306,18845.426,18258.832,17685.101,17123.805,16574.515,16036.801,15510.237,14994.401,14488.877,13993.255,13507.133,13030.120,12561.832,12101.894,11649.943,11205.624,10768.591,10338.510,9915.053,9497.905,9086.758,8681.313,8281.279,7886.373,7496.320,7110.853,6729.710,6352.637,5979.384,5609.710,5243.377,4880.152,4519.808,4162.120,3806.869,3453.838,3102.815,2753.590,2405.955,2059.705,1714.636,1370.546,1027.237,684.508,342.162,0.000
0.000,3669.166,7285.323,10795.458,14147.369,17291.933,20186.950,22801.633,25119.618,27138.521,28866.696,30318.998,31512.975,32466.136,33194.364,33711.365,34028.955,34158.042,34110.095,33898.750,33540.936,33056.809,32468.331,31797.328,31063.915,30285.596,29477.004,28650.033,27814.179,26976.941,26144.199,25320.541,24509.539,23713.957,22935.922,22177.051,21438.553,20721.307,20025.925,19352.794,18702.127,18073.981,17468.295,16884.904,16323.561,15783.952,15265.707,14768.414,14291.625,13834.871,13397.660,12979.490,12579.853,12198.234,11834.125,11487.019,11156.417,10841.828,10542.774,10258.790,9989.422,9734.234,9492.804,9264.727,9049.614,8847.092,8656.807,8478.421,8311.611,8156.074,8011.522,7877.682,7754.300,7641.135,7537.965,7444.580,7360.787,7286.407,7221.275,7165.240,7118.165,7079.928,7050.417,7029.536,7017.201,7013.339,7017.890,7030.807,7052.055,7081.609,7119.457,7165.599,7220.046,7282.819,7353.954,7433.494,7521.496,7618.028,7723.170,7837.011,7959.655,8091.215,8231.817,8381.598,8540.709,8709.311,8887.579,9075.699,9273.872,9482.309,9701.236,9930.892,10171.531,10423.418,10686.835,10962.075,11249.447,11549.275,11861.895,12187.661,12526.937,12880.104,13247.557,13629.702,14026.962,14439.768,14868.567,15313.811,15775.967,16255.507,16752.907,17268.649,17803.214,18357.083,18930.727,19524.612,20139.184,20774.870,21432.070,22111.148,22812.426,23536.170,24282.585,25051.796,25843.836,26658.629,27495.968,28355.494,29236.662,30138.713,31060.625,32001.062,32958.310,33930.188,34913.945,35906.123,36902.392,37897.358,38884.340,39855.165,40800.024,41707.501,42564.916,43359.129,44077.833,44711.062,45252.286,45698.474,46049.296,46305.970,46470.183,46543.288,46525.831,46417.393,46216.740,45922.281,45532.856,45048.789,44473.016,43811.873,43075.031,42274.432,41422.819,40532.476,39614.447,38678.202,37731.610,36781.082,35831.774,34887.801,33952.427,33028.231,32117.236,31221.013,30340.765,29477.392,28631.544,27803.660,26994.009,26202.709,25429.758,24675.052,23938.398,23219.534,22518.140,21833.845,21166.242,20514.892,19879.336,19259.095,18653.678,18062.589,17485.329,16921.396,16370.293,15831.528,15304.614,14789.077,14284.448,13790.271,13306.099,12831.500,12366.053,11909.346,11460.985,11020.584,10587.769,10162.180,9743.467,9331.291,8925.324,8525.248,8130.756,7741.548,7357.336,6977.837,6602.779,6231.895,5864.926,5501.621,5141.732,4785.020,4431.250,4080.190,3731.615,3385.303,3041.036,2698.599,2357.780,2018.369,1680.159,1342.946,1006.526,670.695,335.253,0.000
0.000,4082.784,8105.302,12005.832,15721.096,19188.887,22354.259,25178.154,27643.833,29755.509,31531.749,32998.054,34181.058,35104.919,35789.571,36250.388,36498.903,36544.482,36396.836,36069.033,35579.934,34954.380,34220.247,33404.816,32532.265,31622.628,30691.794,29752.024,28812.630,27880.621,26961.252,26058.445,25175.120,24313.430,23474.944,22660.771,21871.667,21108.100,20370.312,19658.361,18972.155,18311.480,17676.026,17065.399,16479.146,15916.759,15377.693,14861.375,14367.209,13894.586,13442.890,13011.502,12599.804,12207.186,11833.045,11476.791,11137.847,10815.651,10509.660,10219.347,9944.203,9683.741,9437.491,9205.004,8985.853,8779.628,8585.940,8404.421,8234.719,8076.506,7929.468,7793.313,7667.764,7552.565,7447.473,7352.264,7266.732,7190.683,7123.942,7066.346,7017.749,6978.018,6947.036,6924.697,6910.911,6905.599,6908.697,6920.152,6939.925,6967.987,7004.324,7048.933,7101.822,7163.013,7232.539,7310.442,7396.782,7491.625,7595.052,7707.155,7828.040,7957.821,8096.631,8244.608,8401.909,8568.700,8745.163,8931.491,9127.893,9334.588,9551.814,9779.822,10018.876,10269.256,10531.259,10805.195,11091.393,11390.195,11701.961,12027.067,12365.908,12718.891,13086.443,13469.008,13867.043,14281.023,14711.437,15158.790,15623.599,16106.394,16607.714,17128.107,17668.128,18228.334,18809.284,19411.531,20035.621,20682.085,21351.436,22044.158,22760.703,23501.476,24266.829,25057.046,25872.330,26712.789,27578.410,28469.045,29384.378,30323.893,31286.834,32272.149,33278.425,34303.797,35345.829,36401.357,37466.277,38535.278,39601.509,40656.185,41688.228,42684.041,43627.722,44502.038,45290.453,45979.923,46563.087,47038.146,47407.124,47673.782,47841.915,47914.241,47891.796,47773.752,47557.597,47239.720,46816.510,46286.015,45649.989,44915.594,44095.517,43205.837,42263.299,41283.342,40279.141,39261.413,38238.624,37217.361,36202.699,35198.535,34207.851,33232.921,32275.461,31336.751,30417.716,29518.998,28641.010,27783.969,26947.934,26132.834,25338.488,24564.620,23810.883,23076.867,22362.113,21666.122,20988.365,20328.291,19685.333,19058.914,18448.449,17853.358,17273.059,16706.975,16154.541,15615.198,15088.401,14573.617,14070.327,13578.026,13096.223,12624.445,12162.231,11709.138,11264.735,10828.607,10400.355,9979.590,9565.940,9159.044,8758.556,8364.138,7975.466,7592.226,7214.115,6840.836,6472.107,6107.649,5747.195,5390.482,5037.256,4687.270,4340.281,3996.052,3654.352,3314.953,2977.632,2642.171,2308.353,1975.965,1644.796,1314.639,985.285,656.529,328.169,0.000
0.000,4556.678,9047.289,13401.499,17542.331,21388.303,24863.098,27912.949,30522.121,32708.010,34506.822,35960.507,37108.393,37983.027,38608.744,39001.856,39171.945,39124.317,38863.924,38400.819,37755.615,36960.774,36053.729,35069.714,34038.012,32981.190,31915.876,30854.018,29804.096,28772.085,27762.187,26777.334,25819.554,24890.211,23990.183,23119.977,22279.818,21469.708,20689.479,19938.819,19217.308,18524.437,17859.626,17222.240,16611.601,16027.000,15467.709,14932.980,14422.065,13934.209,13468.666,13024.694,12601.566,12198.568,11815.004,11450.197,11103.491,10774.251,10461.867,10165.750,9885.336,9620.085,9369.481,9133.031,8910.267,8700.744,8504.039,8319.752,8147.506,7986.944,7837.730,7699.550,7572.109,7455.129,7348.354,7251.545,7164.480,7086.954,7018.778,6959.782,6909.808,6868.716,6836.380,6812.688,6797.541,6790.857,6792.566,6802.610,6820.947,6847.543,6882.383,6925.460,6976.782,7036.368,7104.249,7180.469,7265.086,7358.168,7459.796,7570.065,7689.080,7816.962,7953.843,8099.869,8255.198,8420.004,8594.472,8778.805,8973.217,9177.940,9393.218,9619.314,9856.504,10105.084,10365.362,10637.668,10922.348,11219.763,11530.297,11854.351,12192.343,12544.713,12911.919,13294.439,13692.770,14107.428,14538.949,14987.886,15454.811,15940.313,16444.995,16969.475,17514.383,18080.357,18668.046,19278.096,19911.158,20567.874,21248.874,21954.774,22686.163,23443.595,24227.581,25038.580,25876.981,26743.092,27637.121,28559.156,29509.143,30486.853,31491.845,32523.421,33580.561,34661.831,35765.270,36888.215,38027.061,39176.917,40331.141,41480.714,42613.497,43713.515,44760.662,45731.580,46602.721,47355.768,47982.648,48484.534,48867.892,49140.725,49310.054,49380.557,49353.948,49228.809,49000.763,48663.086,48208.049,47629.383,46925.958,46105.636,45186.264,44190.773,43141.890,42059.162,40958.091,39850.427,38744.874,37647.813,36563.913,35496.588,34448.333,33420.962,32415.769,31433.651,30475.192,29540.726,28630.384,27744.129,26881.786,26043.071,25227.601,24434.921,23664.509,22915.798,22188.180,21481.019,20793.655,20125.419,19475.630,18843.608,18228.673,17630.151,17047.379,16479.702,15926.484,15387.098,14860.939,14347.415,13845.956,13356.007,12877.035,12408.523,11949.973,11500.906,11060.860,10629.390,10206.069,9790.484,9382.240,8980.955,8586.263,8197.808,7815.251,7438.262,7066.525,6699.732,6337.587,5979.803,5626.103,5276.215,4929.878,4586.837,4246.844,3909.655,3575.033,3242.747,2912.570,2584.278,2257.651,1932.472,1608.529,1285.609,963.504,642.005,320.905,0.000
0.000,5096.649,10125.695,15010.567,19658.458,23958.934,27796.923,31088.475,33823.751,36047.652,37827.097,39228.841,40309.072,41110.155,41660.636,41976.470,42062.843,41917.069,41533.895,40914.892,40081.138,39079.602,37964.432,36782.570,35569.174,34348.561,33136.840,31944.441,30778.034,29641.845,28538.505,27469.602,26436.022,25438.172,24476.116,23549.672,22658.475,21802.015,20979.673,20190.746,19434.460,18709.993,18016.480,17353.030,16718.734,16112.671,15533.916,14981.548,14454.653,13952.332,13473.700,13017.891,12584.065,12171.401,11779.109,11406.423,11052.607,10716.952,10398.780,10097.441,9812.314,9542.808,9288.358,9048.430,8822.515,8610.132,8410.825,8224.165,8049.745,7887.185,7736.126,7596.232,7467.188,7348.701,7240.498,7142.323,7053.944,6975.142,6905.719,6845.491,6794.296,6751.982,6718.415,6693.479,6677.069,6669.095,6669.483,6678.172,6695.113,6720.274,6753.633,6795.182,6844.926,6902.884,6969.086,7043.575,7126.409,7217.657,7317.401,7425.736,7542.770,7668.627,7803.441,7947.361,8100.551,8263.189,8435.468,8617.594,8809.791,9012.298,9225.369,9449.278,9684.314,9930.783,10189.010,10459.341,10742.137,11037.784,11346.684,11669.262,12005.966,12357.261,12723.640,13105.614,13503.719,13918.514,14350.581,14800.524,15268.969,15756.565,16263.982,16791.909,17341.053,17912.139,18505.904,19123.096,19764.473,20430.793,21122.814,21841.286,22586.945,23360.504,24162.648,24994.018,25855.206,26746.738,27669.062,28622.527,29607.370,30623.686,31671.400,32750.229,33859.631,34998.728,36166.203,37360.136,38577.759,39815.076,41066.273,42322.839,43572.298,44796.591,45970.520,47061.552,48033.706,48858.371,49527.772,50049.999,50439.722,50711.694,50877.533,50944.494,50915.136,50787.280,50554.071,50204.325,49723.740,49098.049,48319.376,47395.300,46353.723,45229.715,44054.963,42853.983,41644.311,40438.029,39243.347,38065.837,36909.298,35776.331,34668.706,33587.609,32533.795,31507.695,30509.487,29539.149,28596.494,27681.202,26792.843,25930.894,25094.761,24283.787,23497.270,22734.470,21994.622,21276.944,20580.642,19904.917,19248.974,18612.022,17993.282,17391.987,16807.386,16238.748,15685.359,15146.527,14621.584,14109.880,13610.793,13123.720,12648.080,12183.317,11728.896,11284.302,10849.042,10422.642,10004.647,9594.622,9192.148,8796.823,8408.261,8026.092,7649.959,7279.520,6914.444,6554.413,6199.119,5848.267,5501.569,5158.748,4819.533,4483.665,4150.887,3820.952,3493.620,3168.652,2845.819,2524.892,2205.649,1887.872,1571.342,1255.847,941.175,627.115,313.459,0.000
0.000,5704.232,11348.288,16856.637,22122.024,26992.081,31277.223,34820.320,37636.805,39831.806,41525.135,42818.756,43788.977,44487.971,44947.271,45180.649,45186.008,44947.352,44439.844,43643.882,42574.629,41312.273,39942.057,38527.214,37107.830,35707.341,34338.805,33009.216,31722.124,30479.145,29280.798,28126.980,27017.217,25950.814,24926.933,23944.641,23002.935,22100.763,21237.035,20410.631,19620.415,18865.233,18143.929,17455.346,16798.332,16171.748,15574.471,15005.395,14463.441,13947.557,13456.719,12989.934,12546.244,12124.725,11724.487,11344.676,10984.475,10643.101,10319.807,10013.884,9724.653,9451.471,9193.728,8950.845,8722.277,8507.504,8306.042,8117.429,7941.233,7777.049,7624.495,7483.216,7352.878,7233.171,7123.807,7024.517,6935.053,6855.188,6784.712,6723.433,6671.177,6627.787,6593.122,6567.057,6549.484,6540.307,6539.447,6546.839,6562.431,6586.187,6618.083,6658.108,6706.266,6762.575,6827.064,6899.775,6980.765,7070.105,7167.876,7274.176,7389.115,7512.817,7645.420,7787.078,7937.957,8098.240,8268.125,8447.825,8637.572,8837.611,9048.207,9269.642,9502.217,9746.251,10002.084,10270.076,10550.606,10844.079,11150.919,11471.575,11806.518,12156.245,12521.280,12902.168,13299.484,13713.829,14145.831,14596.145,15065.454,15554.466,16063.920,16594.576,17147.222,17722.669,18321.749,18945.314,19594.232,20269.384,20971.659,21701.950,22461.147,23250.132,24069.769,24920.898,25804.325,26720.808,27671.050,28655.685,29675.262,30730.230,31820.918,32947.512,34110.020,35308.227,36541.622,37809.274,39109.633,40440.181,41796.822,43172.815,44556.962,45930.684,47263.885,48510.971,49612.715,50516.742,51220.552,51748.429,52129.746,52389.232,52544.319,52605.173,52575.243,52451.523,52224.339,51876.837,51384.982,50720.157,49858.674,48802.970,47604.142,46319.955,44994.844,43658.100,42327.768,41014.681,39725.317,38463.577,37231.818,36031.453,34863.286,33727.721,32624.866,31554.615,30516.689,29510.672,28536.032,27592.140,26678.288,25793.706,24937.566,24109.002,23307.118,22530.994,21779.698,21052.295,20347.848,19665.426,19004.114,18363.007,17741.222,17137.897,16552.192,15983.295,15430.418,14892.801,14369.710,13860.441,13364.316,12880.684,12408.921,11948.430,11498.638,11058.996,10628.981,10208.089,9795.841,9391.777,8995.458,8606.461,8224.383,7848.838,7479.455,7115.876,6757.760,6404.778,6056.613,5712.959,5373.521,5038.015,4706.163,4377.700,4052.364,3729.905,3410.075,3092.635,2777.350,2463.990,2152.330,1842.147,1533.222,1225.341,918.289,611.855,305.829,0.000
0.000,6371.999,12706.601,18945.684,24980.941,30610.170,35499.597,39278.809,42071.382,44117.674,45622.930,46732.126,47540.171,48105.548,48459.904,48612.934,48553.281,48246.597,47634.371,46646.304,45261.389,43652.992,41964.519,40276.634,38627.850,37034.451,35502.131,34031.822,32622.454,31272.186,29978.960,28740.720,27555.491,26421.395,25336.644,24299.525,23308.383,22361.609,21457.632,20594.912,19771.935,18987.216,18239.297,17526.750,16848.178,16202.216,15587.537,15002.851,14446.910,13918.504,13416.469,12939.684,12487.074,12057.605,11650.292,11264.191,10898.404,10552.074,10224.387,9914.572,9621.896,9345.665,9085.222,8839.948,8609.258,8392.601,8189.457,7999.338,7821.787,7656.373,7502.696,7360.379,7229.072,7108.448,6998.204,6898.059,6807.754,6727.049,6655.724,6593.579,6540.433,6496.120,6460.493,6433.422,6414.792,6404.502,6402.470,6408.627,6422.918,6445.303,6475.755,6514.263,6560.829,6615.468,6678.208,6749.093,6828.178,6915.534,7011.244,7115.406,7228.131,7349.547,7479.793,7619.026,7767.416,7925.151,8092.433,8269.482,8456.535,8653.845,8861.686,9080.349,9310.145,9551.407,9804.486,10069.758,10347.620,10638.492,10942.822,11261.080,11593.764,11941.399,12304.537,12683.760,13079.681,13492.942,13924.218,14374.214,14843.669,15333.353,15844.071,16376.659,16931.985,17510.949,18114.480,18743.536,19399.100,20082.179,20793.799,21535.001,22306.837,23110.363,23946.634,24816.697,25721.579,26662.286,27639.789,28655.018,29708.852,30802.114,31935.560,33109.878,34325.674,35583.469,36883.676,38226.556,39612.128,41039.963,42508.742,44015.311,45552.678,47105.876,48643.892,50106.214,51389.880,52375.741,53089.646,53593.785,53941.957,54171.511,54305.672,54356.968,54329.470,54219.565,54015.263,53694.047,53219.550,52539.299,51592.596,50354.191,48940.380,47451.613,45946.880,44456.358,42994.561,41568.212,40180.290,38831.983,37523.611,36255.056,35025.963,33835.832,32684.055,31569.942,30492.726,29451.570,28445.579,27473.800,26535.235,25628.847,24753.570,23908.316,23091.983,22303.466,21541.659,20805.464,20093.798,19405.595,18739.811,18095.427,17471.453,16866.930,16280.928,15712.552,15160.938,14625.258,14104.715,13598.547,13106.024,12626.446,12159.145,11703.485,11258.857,10824.677,10400.394,9985.476,9579.419,9181.741,8791.981,8409.699,8034.475,7665.908,7303.611,6947.217,6596.372,6250.737,5909.987,5573.806,5241.894,4913.958,4589.716,4268.898,3951.237,3636.477,3324.370,3014.670,2707.142,2401.553,2097.674,1795.283,1494.158,1194.082,894.841,596.221,298.011,0.000
0.000,7077.170,14160.441,21238.570,28245.900,34968.079,40832.208,44723.961,47252.268,48944.611,50116.818,50946.688,51534.076,51934.197,52173.919,52257.966,52167.658,51851.466,51204.838,50045.689,48171.771,46073.951,43986.586,41987.170,40092.725,38300.751,36603.733,34993.803,33464.018,32008.543,30622.516,29301.851,28043.054,26843.073,25699.186,24608.915,23569.966,22580.182,21637.517,20740.011,19885.778,19072.998,18299.912,17564.818,16866.069,16202.075,15571.302,14972.274,14403.570,13863.824,13351.731,12866.041,12405.558,11969.144,11555.715,11164.239,10793.738,10443.282,10111.991,9799.033,9503.621,9225.013,8962.506,8715.441,8483.196,8265.186,8060.863,7869.712,7691.249,7525.023,7370.612,7227.622,7095.686,6974.461,6863.632,6762.906,6672.010,6590.697,6518.737,6455.922,6402.061,6356.985,6320.539,6292.587,6273.010,6261.703,6258.579,6263.566,6276.605,6297.655,6326.686,6363.685,6408.652,6461.600,6522.559,6591.569,6668.687,6753.983,6847.541,6949.460,7059.852,7178.847,7306.586,7443.228,7588.948,7743.937,7908.401,8082.565,8266.673,8460.984,8665.781,8881.362,9108.050,9346.187,9596.138,9858.292,10133.063,10420.890,10722.237,11037.598,11367.495,11712.480,12073.135,12450.078,12843.955,13255.453,13685.290,14134.222,14603.043,15092.587,15603.724,16137.365,16694.460,17276.000,17883.012,18516.562,19177.751,19867.716,20587.623,21338.667,22122.067,22939.060,23790.899,24678.844,25604.155,26568.091,27571.900,28616.816,29704.058,30834.827,32010.314,33231.714,34500.244,35817.178,37183.896,38601.945,40073.116,41599.511,43183.534,44827.620,46533.121,48296.748,50100.037,51880.497,53465.190,54506.998,55168.789,55595.375,55873.040,56049.429,56150.135,56187.797,56166.344,56082.242,55923.346,55664.792,55260.138,54625.178,53618.534,52081.174,50351.970,48599.670,46885.173,45226.395,43626.437,42083.874,40596.230,39161.059,37776.211,36439.840,35150.339,33906.263,32706.269,31549.074,30433.412,29358.024,28321.640,27322.979,26360.741,25433.619,24540.296,23679.454,22849.782,22049.977,21278.754,20534.851,19817.030,19124.086,18454.844,17808.169,17182.962,16578.163,15992.752,15425.751,14876.222,14343.266,13826.024,13323.678,12835.443,12360.575,11898.363,11448.131,11009.234,10581.059,10163.022,9754.569,9355.170,8964.323,8581.546,8206.383,7838.398,7477.176,7122.318,6773.444,6430.191,6092.211,5759.170,5430.746,5106.631,4786.528,4470.150,4157.220,3847.470,3540.640,3236.477,2934.735,2635.176,2337.564,2041.670,1747.269,1454.140,1162.063,870.824,580.209,290.004,0.000
0.000,7776.244,15619.428,23602.265,31796.022,40184.051,48137.207,51532.574,53269.135,54291.701,54953.067,55403.755,55715.274,55923.276,56043.643,56077.390,56007.964,55786.825,55287.890,54159.926,51306.170,48484.597,45920.878,43592.931,41455.355,39472.344,37618.520,35875.935,34231.591,32675.793,31201.073,29801.500,28472.207,27209.084,26008.559,24867.451,23782.869,22752.143,21772.768,20842.380,19958.730,19119.668,18323.135,17567.157,16849.839,16169.365,15523.994,14912.062,14331.975,13782.214,13261.330,12767.944,12300.745,11858.486,11439.989,11044.134,10669.863,10316.176,9982.129,9666.831,9369.442,9089.172,8825.276,8577.057,8343.856,8125.058,7920.086,7728.398,7549.490,7382.888,7228.151,7084.868,6952.657,6831.162,6720.055,6619.030,6527.806,6446.126,6373.751,6310.467,6256.076,6210.401,6173.283,6144.582,6124.172,6111.946,6107.813,6111.697,6123.538,6143.291,6170.924,6206.423,6249.785,6301.024,6360.167,6427.254,6502.342,6585.501,6676.816,6776.385,6884.323,7000.759,7125.838,7259.721,7402.585,7554.624,7716.049,7887.090,8067.994,8259.030,8460.484,8672.664,8895.902,9130.550,9376.985,9635.609,9906.849,10191.162,10489.032,10800.972,11127.527,11469.275,11826.829,12200.836,12591.982,13000.991,13428.625,13875.692,14343.040,14831.563,15342.198,15875.931,16433.796,17016.872,17626.286,18263.214,18928.879,19624.547,20351.530,21111.181,21904.889,22734.078,23600.205,24504.747,25449.207,26435.099,27463.955,28537.315,29656.733,30823.787,32040.090,33307.321,34627.275,36001.932,37433.575,38924.960,40479.584,42102.086,43798.869,45579.061,47455.925,49448.381,51579.366,53850.830,56083.603,57018.462,57483.310,57746.047,57905.554,58003.180,58057.788,58077.887,58066.011,58019.860,57931.237,57781.794,57531.200,57082.929,56175.409,54000.278,51786.983,49710.297,47768.166,45938.064,44201.403,42545.133,40960.241,39440.378,37980.921,36578.362,35229.913,33933.249,32686.340,31487.336,30334.500,29226.158,28160.674,27136.435,26151.840,25205.304,24295.256,23420.143,22578.433,21768.626,20989.251,20238.875,19516.104,18819.588,18148.022,17500.151,16874.764,16270.702,15686.855,15122.161,14575.606,14046.224,13533.095,13035.342,12552.132,12082.674,11626.216,11182.043,10749.478,10327.877,9916.630,9515.156,9122.905,8739.352,8364.000,7996.377,7636.032,7282.535,6935.478,6594.472,6259.142,5929.133,5604.104,5283.727,4967.688,4655.686,4347.429,4042.637,3741.038,3442.369,3146.377,2852.813,2561.436,2272.011,1984.307,1698.098,1413.162,1129.280,846.236,563.816,281.808,0.000
0.000,8408.383,16938.766,25755.046,35151.876,45834.902,60000.000,60000.000,60000.000,60000.000,60000.000,60000.000,60000.000,60000.000,60000.000,60000.000,60000.000,60000.000,60000.000,60000.000,54408.474,50637.511,47619.549,45008.504,42663.629,40514.982,38522.327,36660.107,34910.924,33262.289,31704.832,30231.236,28835.579,27512.906,26258.943,25069.909,23942.387,22873.238,21859.537,20898.537,19987.638,19124.370,18306.383,17531.432,16797.379,16102.182,15443.896,14820.668,14230.736,13672.425,13144.146,12644.392,12171.737,11724.831,11302.399,10903.239,10526.215,10170.257,9834.360,9517.576,9219.015,8937.842,8673.271,8424.567,8191.041,7972.047,7766.980,7575.276,7396.408,7229.884,7075.246,6932.066,6799.948,6678.525,6567.456,6466.426,6375.145,6293.346,6220.786,6157.240,6102.507,6056.404,6018.767,5989.450,5968.326,5955.283,5950.227,5953.078,5963.776,5982.271,6008.532,6042.540,6084.294,6133.804,6191.097,6256.214,6329.210,6410.155,6499.133,6596.245,6701.605,6815.344,6937.607,7068.558,7208.377,7357.259,7515.420,7683.093,7860.529,8048.004,8245.809,8454.260,8673.695,8904.478,9146.995,9401.660,9668.914,9949.229,10243.105,10551.076,10873.709,11211.605,11565.406,11935.788,12323.473,12729.222,13153.842,13598.187,14063.161,14549.715,15058.854,15591.638,16149.180,16732.652,17343.280,17982.352,18651.210,19351.255,20083.946,20850.795,21653.368,22493.280,23372.194,24291.813,25253.881,26260.177,27312.512,28412.733,29562.723,30764.419,32019.825,33331.062,34700.423,36130.483,37624.252,39185.434,40818.826,42530.982,44331.341,46234.321,48263.562,50461.836,52918.481,55860.025,60000.000,60000.000,60000.000,60000.000,60000.000,60000.000,60000.000,60000.000,60000.000,60000.000,60000.000,60000.000,60000.000,60000.000,60000.000,55957.748,53085.654,50686.694,48539.497,46556.699,44696.423,42935.488,41259.723,39659.818,38129.284,36663.345,35258.291,33911.087,32619.124,31380.064,30191.738,29052.089,27959.128,26910.917,25905.558,24941.184,24015.968,23128.116,22275.874,21457.536,20671.443,19915.986,19189.613,18490.827,17818.192,17170.328,16545.917,15943.698,15362.470,14801.090,14258.469,13733.574,13225.424,12733.088,12255.684,11792.377,11342.375,10904.928,10479.327,10064.900,9661.009,9267.051,8882.457,8506.682,8139.215,7779.566,7427.273,7081.895,6743.014,6410.231,6083.163,5761.449,5444.742,5132.708,4825.030,4521.401,4221.527,3925.125,3631.921,3341.650,3054.057,2768.893,2485.915,2204.887,1925.579,1647.763,1371.220,1095.728,821.073,547.041,273.420,0.000
0.000,8918.524,17972.210,27327.281,37221.539,48003.682,60000.000,60000.000,60000.000,60000.000,60000.000,60000.000,60000.000,60000.000,60000.000,60000.000,60000.000,60000.000,60000.000,60000.000,55690.285,52037.532,48911.442,46158.070,43675.868,41401.847,39295.940,37331.508,35489.997,33757.919,32125.060,30583.384,29126.340,27748.411,26444.810,25211.285,24043.983,22939.354,21894.093,20905.098,19969.436,19084.333,18247.151,17455.386,16706.656,15998.698,15329.366,14696.622,14098.535,13533.279,12999.128,12494.448,12017.702,11567.439,11142.292,10740.976,10362.282,10005.075,9668.289,9350.924,9052.042,8770.764,8506.268,8257.784,8024.592,7806.018,7601.435,7410.256,7231.934,7065.959,6911.858,6769.191,6637.547,6516.549,6405.845,6305.112,6214.052,6132.391,6059.879,5996.285,5941.404,5895.047,5857.047,5827.254,5805.537,5791.781,5785.889,5787.781,5797.392,5814.671,5839.585,5872.115,5912.256,5960.020,6015.431,6078.529,6149.370,6228.022,6314.571,6409.117,6511.774,6622.674,6741.965,6869.810,7006.390,7151.905,7306.572,7470.627,7644.327,7827.949,8021.791,8226.176,8441.448,8667.979,8906.164,9156.428,9419.225,9695.039,9984.386,10287.819,10605.924,10939.326,11288.690,11654.723,12038.179,12439.855,12860.601,13301.315,13762.953,14246.525,14753.099,15283.809,15839.848,16422.476,17033.021,17672.878,18343.513,19046.463,19783.332,20555.798,21365.602,22214.556,23104.532,24037.462,25015.338,26040.200,27114.144,28239.315,29417.915,30652.214,31944.573,33297.486,34713.647,36196.059,37748.211,39374.349,41079.910,42872.226,44761.689,46763.758,48902.532,51217.209,53772.892,56670.848,60000.000,60000.000,60000.000,60000.000,60000.000,60000.000,60000.000,60000.000,60000.000,60000.000,60000.000,60000.000,60000.000,60000.000,60000.000,56745.209,53911.413,51411.604,49146.755,47053.180,45092.505,43241.108,41483.810,39810.378,38213.566,36687.976,35229.373,33834.255,32499.592,31222.657,30000.913,28831.954,27713.463,26643.189,25618.935,24638.561,23699.974,22801.138,21940.075,21114.867,20323.663,19564.678,18836.198,18136.579,17464.250,16817.709,16195.528,15596.348,15018.878,14461.893,13924.232,13404.797,12902.549,12416.504,11945.733,11489.358,11046.552,10616.530,10198.553,9791.923,9395.979,9010.097,8633.687,8266.191,7907.080,7555.855,7212.040,6875.186,6544.863,6220.667,5902.209,5589.121,5281.051,4977.662,4678.632,4383.653,4092.428,3804.671,3520.108,3238.473,2959.510,2682.968,2408.606,2136.188,1865.482,1596.264,1328.312,1061.407,795.335,529.884,264.842,0.000
0.000,9293.503,18704.272,28360.329,38403.320,48958.287,60000.000,60000.000,60000.000,60000.000,60000.000,60000.000,60000.000,60000.000,60000.000,60000.000,60000.000,60000.000,60000.000,60000.000,56315.193,52910.983,49830.740,47036.620,44480.107,42120.799,39928.309,37880.237,35959.909,34154.624,32454.420,30851.236,29338.344,27909.963,26560.995,25286.853,24083.337,22946.552,21872.853,20858.810,19901.180,18996.895,18143.041,17336.859,16575.730,15857.176,15178.850,14538.536,13934.137,13363.680,12825.302,12317.252,11837.881,11385.641,10959.079,10556.830,10177.618,9820.242,9483.581,9166.587,8868.276,8587.731,8324.093,8076.562,7844.390,7626.879,7423.379,7233.284,7056.029,6891.091,6737.981,6596.246,6465.468,6345.257,6235.254,6135.128,6044.575,5963.313,5891.088,5827.666,5772.834,5726.402,5688.199,5658.070,5635.884,5621.523,5614.886,5615.892,5624.474,5640.581,5664.175,5695.239,5733.765,5779.764,5833.260,5894.292,5962.914,6039.197,6123.223,6215.093,6314.921,6422.841,6538.999,6663.561,6796.709,6938.643,7089.583,7249.767,7419.456,7598.928,7788.489,7988.463,8199.203,8421.085,8654.514,8899.923,9157.777,9428.572,9712.839,10011.144,10324.093,10652.331,10996.547,11357.475,11735.897,12132.647,12548.611,12984.733,13442.017,13921.528,14424.398,14951.829,15505.093,16085.539,16694.591,17333.755,18004.618,18708.851,19448.208,20224.528,21039.737,21895.840,22794.924,23739.156,24730.773,25772.084,26865.465,28013.358,29218.269,30482.780,31809.567,33201.428,34661.347,36192.586,37798.835,39484.446,41254.797,43116.831,45079.884,47156.881,49365.923,51731.820,54285.183,57050.525,60000.000,60000.000,60000.000,60000.000,60000.000,60000.000,60000.000,60000.000,60000.000,60000.000,60000.000,60000.000,60000.000,60000.000,60000.000,57111.797,54403.371,51901.794,49583.028,47417.091,45379.676,43453.031,41624.462,39884.774,38227.106,36646.125,35137.490,33697.505,32322.888,31010.626,29757.883,28561.944,27420.183,26330.048,25289.052,24294.773,23344.856,22437.020,21569.054,20738.831,19944.301,19183.503,18454.559,17755.677,17085.150,16441.359,15822.765,15227.911,14655.417,14103.982,13572.374,13059.431,12564.059,12085.225,11621.955,11173.333,10738.495,10316.627,9906.963,9508.778,9121.393,8744.164,8376.484,8017.782,7667.516,7325.174,6990.273,6662.354,6340.982,6025.744,5716.249,5412.124,5113.011,4818.572,4528.483,4242.433,3960.125,3681.271,3405.597,3132.837,2862.735,2595.040,2329.512,2065.915,1804.019,1543.601,1284.440,1026.318,769.024,512.346,256.074,0.000
0.000,9551.218,19191.046,29006.447,39073.124,49426.145,60000.000,60000.000,60000.000,60000.000,60000.000,60000.000,60000.000,60000.000,60000.000,60000.000,60000.000,60000.000,60000.000,60000.000,56659.557,53460.550,50464.029,47677.702,45087.304,42673.126,40416.473,38301.459,36315.038,34446.529,32687.061,31029.118,29466.178,27992.459,26602.732,25292.192,24056.375,22891.095,21792.405,20756.574,19780.064,18859.524,17991.776,17173.810,16402.778,15675.989,14990.904,14345.129,13736.410,13162.627,12621.791,12112.031,11631.598,11178.851,10752.251,10350.363,9971.843,9615.434,9279.963,8964.334,8667.526,8388.584,8126.620,7880.803,7650.361,7434.576,7232.778,7044.344,6868.694,6705.291,6553.637,6413.267,6283.753,6164.700,6055.741,5956.538,5866.782,5786.187,5714.493,5651.464,5596.884,5550.558,5512.313,5481.994,5459.465,5444.606,5437.317,5437.513,5445.126,5460.103,5482.407,5512.018,5548.927,5593.144,5644.693,5703.612,5769.953,5843.787,5925.196,6014.281,6111.155,6215.951,6328.817,6449.918,6579.436,6717.574,6864.551,7020.608,7186.006,7361.029,7545.983,7741.197,7947.028,8163.858,8392.097,8632.187,8884.601,9149.845,9428.462,9721.031,10028.176,10350.557,10688.887,11043.922,11416.473,11807.403,12217.636,12648.156,13100.011,13574.321,14072.277,14595.146,15144.277,15721.104,16327.147,16964.017,17633.423,18337.168,19077.157,19855.392,20673.980,21535.126,22441.136,23394.408,24397.435,25452.795,26563.148,27731.227,28959.839,30251.859,31610.242,33038.034,34538.415,36114.752,37770.703,39510.369,41338.517,43260.883,45284.548,47418.310,49672.745,52059.178,54585.626,57246.111,60000.000,60000.000,60000.000,60000.000,60000.000,60000.000,60000.000,60000.000,60000.000,60000.000,60000.000,60000.000,60000.000,60000.000,60000.000,57298.712,54688.638,52209.386,49866.730,47652.778,45556.413,43567.247,41676.629,39877.574,38164.409,36532.397,34977.447,33495.895,32084.353,30739.615,29458.600,28238.317,27075.849,25968.349,24913.038,23907.215,22948.258,22033.633,21160.898,20327.708,19531.818,18771.085,18043.467,17347.026,16679.922,16040.415,15426.862,14837.708,14271.490,13726.829,13202.428,12697.067,12209.597,11738.939,11284.078,10844.064,10417.999,10005.041,9604.401,9215.333,8837.138,8469.156,8110.767,7761.387,7420.463,7087.476,6761.934,6443.371,6131.347,5825.446,5525.272,5230.448,4940.617,4655.436,4374.583,4097.744,3824.622,3554.930,3288.394,3024.749,2763.738,2505.115,2248.638,1994.074,1741.196,1489.780,1239.608,990.466,742.142,494.428,247.116,0.000
0.000,9720.324,19502.247,29401.287,39456.586,49673.170,60000.000,60000.000,60000.000,60000.000,60000.000,60000.000,60000.000,60000.000,60000.000,60000.000,60000.000,60000.000,60000.000,60000.000,56862.532,53807.706,50887.225,48122.986,45518.437,43068.107,40763.202,38594.310,36552.502,34629.657,32818.463,31112.300,29505.115,27991.307,26565.642,25223.188,23959.273,22769.460,21649.529,20595.462,19603.442,18669.841,17791.224,16964.337,16186.108,15453.640,14764.205,14115.238,13504.332,12929.230,12387.817,11878.115,11398.275,10946.569,10521.384,10121.215,9744.656,9390.401,9057.228,8744.001,8449.662,8173.226,7913.776,7670.458,7442.479,7229.102,7029.640,6843.457,6669.962,6508.606,6358.881,6220.316,6092.475,5974.957,5867.389,5769.431,5680.767,5601.109,5530.195,5467.784,5413.659,5367.623,5329.501,5299.137,5276.392,5261.147,5253.299,5252.761,5259.466,5273.358,5294.401,5322.572,5357.864,5400.283,5449.852,5506.610,5570.609,5641.917,5720.615,5806.804,5900.598,6002.127,6111.540,6229.000,6354.692,6488.816,6631.593,6783.265,6944.093,7114.362,7294.380,7484.480,7685.019,7896.386,8118.994,8353.292,8599.758,8858.907,9131.292,9417.503,9718.175,10033.988,10365.669,10713.997,11079.807,11463.989,11867.500,12291.361,12736.662,13204.571,13696.335,14213.285,14756.840,15328.515,15929.923,16562.781,17228.911,17930.252,18668.852,19446.881,20266.624,21130.491,22041.004,23000.804,24012.640,25079.367,26203.932,27389.367,28638.775,29955.321,31342.220,32802.734,34340.173,35957.911,37659.423,39448.336,41328.500,43304.065,45379.493,47559.384,49847.826,52246.706,54752.147,57348.328,60000.000,60000.000,60000.000,60000.000,60000.000,60000.000,60000.000,60000.000,60000.000,60000.000,60000.000,60000.000,60000.000,60000.000,60000.000,57394.498,54843.223,52380.569,50021.959,47771.147,45626.256,43583.254,41637.600,39784.880,38020.975,36342.046,34744.468,33224.753,31779.505,30405.387,29099.105,27857.407,26677.090,25555.011,24488.096,23473.357,22507.899,21588.932,20713.775,19879.866,19084.760,18326.134,17601.782,16909.619,16247.677,15614.097,15007.133,14425.139,13866.570,13329.977,12813.999,12317.360,11838.864,11377.388,10931.883,10501.362,10084.902,9681.638,9290.756,8911.494,8543.136,8185.011,7836.486,7496.967,7165.894,6842.740,6527.008,6218.228,5915.957,5619.774,5329.281,5044.103,4763.878,4488.267,4216.945,3949.599,3685.933,3425.662,3168.513,2914.222,2662.535,2413.206,2165.997,1920.678,1677.022,1434.809,1193.824,953.855,714.694,476.133,237.970,0.000
0.000,9827.833,19696.332,29639.871,39678.761,49809.951,60000.000,60000.000,60000.000,60000.000,60000.000,60000.000,60000.000,60000.000,60000.000,60000.000,60000.000,60000.000,60000.000,60000.000,56982.906,54020.588,51154.275,48408.701,45795.495,43317.831,40974.106,38760.287,36671.233,34701.388,32845.105,31096.794,29450.982,27902.339,26445.685,25076.003,23788.445,22578.339,21441.199,20372.732,19368.841,18425.633,17539.415,16706.696,15924.182,15188.777,14497.571,13847.834,13237.012,12662.718,12122.721,11614.940,11137.435,10688.398,10266.146,9869.112,9495.838,9144.968,8815.242,8505.488,8214.616,7941.615,7685.544,7445.531,7220.765,7010.492,6814.015,6630.687,6459.906,6301.117,6153.803,6017.490,5891.735,5776.134,5670.311,5573.920,5486.647,5408.199,5338.314,5276.748,5223.284,5177.724,5139.891,5109.628,5086.797,5071.276,5062.962,5061.768,5067.626,5080.480,5100.292,5127.038,5160.710,5201.316,5248.875,5303.426,5365.020,5433.724,5509.618,5592.803,5683.390,5781.509,5887.308,6000.950,6122.617,6252.510,6390.849,6537.875,6693.851,6859.059,7033.811,7218.438,7413.301,7618.790,7835.321,8063.345,8303.348,8555.849,8821.407,9100.623,9394.141,9702.654,10026.904,10367.686,10725.857,11102.331,11498.093,11914.195,12351.768,12812.022,13296.254,13805.854,14342.309,14907.208,15502.254,16129.261,16790.168,17487.038,18222.066,18997.584,19816.061,20680.104,21592.462,22556.019,23573.790,24648.913,25784.634,26984.294,28251.307,29589.134,31001.258,32491.150,34062.237,35717.867,37461.275,39295.539,41223.526,43247.780,45370.317,47592.198,49912.700,52327.840,54828.032,57395.087,60000.000,60000.000,60000.000,60000.000,60000.000,60000.000,60000.000,60000.000,60000.000,60000.000,60000.000,60000.000,60000.000,60000.000,60000.000,57436.133,54909.312,52447.877,50069.599,47783.843,45594.489,43502.224,41505.979,39603.738,37792.954,36070.757,34434.055,32879.591,31403.992,30003.803,28675.517,27415.619,26220.607,25087.030,24011.508,22990.753,22021.591,21100.965,20225.954,19393.774,18601.779,17847.463,17128.463,16442.548,15787.622,15161.716,14562.982,13989.689,13440.216,12913.047,12406.762,11920.036,11451.628,11000.380,10565.206,10145.095,9739.099,9346.330,8965.959,8597.208,8239.351,7891.703,7553.625,7224.515,6903.808,6590.973,6285.507,5986.941,5694.828,5408.747,5128.301,4853.112,4582.822,4317.091,4055.595,3798.024,3544.084,3293.493,3045.978,2801.279,2559.145,2319.333,2081.608,1845.741,1611.512,1378.702,1147.099,916.495,686.685,457.467,228.638,0.000
0.000,9894.674,19815.376,29783.105,39808.638,49887.871,60000.000,60000.000,60000.000,60000.000,60000.000,60000.000,60000.000,60000.000,60000.000,60000.000,60000.000,60000.000,60000.000,60000.000,57048.542,54137.528,51300.677,48562.161,45937.144,43433.772,41055.284,38801.697,36670.974,34659.794,32764.031,30979.063,29299.974,27721.690,26239.083,24847.040,23540.526,22314.628,21164.589,20085.832,19073.982,18124.873,17234.560,16399.315,15615.630,14880.212,14189.976,13542.037,12933.702,12362.460,11825.974,11322.068,10848.718,10404.046,9986.307,9593.878,9225.257,8879.046,8553.951,8248.770,7962.390,7693.776,7441.970,7206.084,6985.293,6778.835,6586.002,6406.140,6238.640,6082.943,5938.529,5804.917,5681.666,5568.366,5464.642,5370.146,5284.563,5207.601,5138.994,5078.502,5025.906,4981.006,4943.629,4913.614,4890.825,4875.139,4866.454,4864.683,4869.756,4881.617,4900.228,4925.565,4957.618,4996.394,5041.914,5094.212,5153.340,5219.363,5292.362,5372.433,5459.688,5554.255,5656.280,5765.924,5883.369,6008.814,6142.477,6284.598,6435.438,6595.280,6764.433,6943.228,7132.027,7331.219,7541.222,7762.489,7995.506,8240.798,8498.927,8770.501,9056.171,9356.637,9672.655,10005.033,10354.644,10722.422,11109.374,11516.582,11945.208,12396.502,12871.804,13372.558,13900.311,14456.724,15043.579,15662.786,16316.392,17006.582,17735.693,18506.216,19320.799,20182.253,21093.553,22057.832,23078.379,24158.628,25302.140,26512.587,27793.716,29149.315,30583.163,32098.975,33700.327,35390.578,37172.763,39049.475,41022.696,43093.578,45262.117,47526.657,49883.145,52324.075,54837.146,57404.018,60000.000,60000.000,60000.000,60000.000,60000.000,60000.000,60000.000,60000.000,60000.000,60000.000,60000.000,60000.000,60000.000,60000.000,60000.000,57440.791,54910.126,52432.177,50024.907,47700.360,45465.892,43325.461,41280.666,39331.476,37476.710,35714.359,34041.805,32455.983,30953.507,29530.764,28184.006,26909.418,25703.174,24561.488,23480.653,22457.067,21487.259,20567.902,19695.827,18868.023,18081.644,17334.007,16622.587,15945.017,15299.075,14682.688,14093.913,13530.939,12992.075,12475.743,11980.473,11504.894,11047.728,10607.783,10183.949,9775.187,9380.532,8999.080,8629.988,8272.468,7925.783,7589.244,7262.203,6944.057,6634.236,6332.207,6037.469,5749.549,5468.002,5192.409,4922.373,4657.518,4397.489,4141.947,3890.572,3643.058,3399.113,3158.456,2920.821,2685.951,2453.597,2223.522,1995.493,1769.287,1544.685,1321.474,1099.446,878.397,658.126,438.433,219.123,0.000
0.000,9935.488,19887.394,29868.533,39884.814,49932.895,60000.000,60000.000,60000.000,60000.000,60000.000,60000.000,60000.000,60000.000,60000.000,60000.000,60000.000,60000.000,60000.000,60000.000,57073.770,54180.366,51348.824,48602.226,45957.275,43424.976,41011.729,38720.428,36551.378,34503.007,32572.404,30755.713,29048.437,27445.660,25942.226,24532.873,23212.333,21975.416,20817.069,19732.413,18716.782,17765.735,16875.067,16040.818,15259.270,14526.938,13840.571,13197.136,12593.811,12027.973,11497.185,10999.188,10531.886,10093.338,9681.744,9295.437,8932.876,8592.631,8273.381,7973.900,7693.056,7429.798,7183.157,6952.232,6736.192,6534.267,6345.744,6169.964,6006.318,5854.243,5713.217,5582.761,5462.430,5351.818,5250.548,5158.275,5074.682,4999.479,4932.403,4873.212,4821.688,4777.636,4740.879,4711.260,4688.641,4672.903,4663.941,4661.670,4666.019,4676.934,4694.375,4718.317,4748.752,4785.684,4829.133,4879.135,4935.737,4999.004,5069.015,5145.865,5229.664,5320.538,5418.630,5524.101,5637.128,5757.908,5886.659,6023.616,6169.039,6323.208,6486.429,6659.034,6841.381,7033.856,7236.879,7450.901,7676.408,7913.925,8164.018,8427.295,8704.412,8996.076,9303.047,9626.146,9966.255,10324.325,10701.380,11098.525,11516.948,11957.931,12422.854,12913.205,13430.584,13976.717,14553.461,15162.812,15806.915,16488.076,17208.765,17971.628,18779.490,19635.365,20542.454,21504.147,22524.015,23605.805,24753.416,25970.878,27262.309,28631.872,30083.701,31621.823,33250.051,34971.852,36790.188,38707.325,40724.586,42842.058,45058.208,47369.410,49769.343,52248.306,54792.543,57383.865,60000.000,60000.000,60000.000,60000.000,60000.000,60000.000,60000.000,60000.000,60000.000,60000.000,60000.000,60000.000,60000.000,60000.000,60000.000,57416.965,54858.324,52345.937,49897.661,47527.005,45243.494,43053.325,40960.040,38965.106,37068.388,35268.519,33563.198,31949.425,30423.696,28982.162,27620.761,26335.320,25121.639,23975.562,22893.022,21870.082,20902.961,19988.050,19121.922,18301.344,17523.268,16784.834,16083.364,15416.357,14781.476,14176.547,13599.541,13048.574,12521.892,12017.864,11534.975,11071.817,10627.078,10199.542,9788.076,9391.624,9009.205,8639.905,8282.872,7937.310,7602.478,7277.683,6962.275,6655.649,6357.238,6066.506,5782.956,5506.115,5235.543,4970.822,4711.558,4457.381,4207.937,3962.893,3721.932,3484.752,3251.066,3020.598,2793.087,2568.278,2345.930,2125.807,1907.684,1691.341,1476.565,1263.146,1050.882,839.574,629.024,419.040,209.429,0.000
0.000,9959.885,19930.179,29918.820,39929.191,49958.895,60000.000,60000.000,60000.000,60000.000,60000.000,60000.000,60000.000,60000.000,60000.000,60000.000,60000.000,60000.000,60000.000,60000.000,57066.207,54161.396,51312.104,48540.741,45864.873,43297.265,40846.385,38517.085,36311.296,34228.665,32267.093,30423.195,28692.662,27070.565,25551.584,24130.201,22800.840,21557.974,20396.209,19310.338,18295.382,17346.612,16459.565,15630.045,14854.128,14128.148,13448.696,12812.600,12216.920,11658.934,11136.117,10646.137,10186.837,9756.223,9352.452,8973.823,8618.762,8285.817,7973.646,7681.010,7406.761,7149.843,6909.275,6684.155,6473.646,6276.976,6093.433,5922.355,5763.136,5615.212,5478.065,5351.216,5234.225,5126.686,5028.224,4938.499,4857.195,4784.025,4718.728,4661.064,4610.818,4567.797,4531.824,4502.747,4480.427,4464.746,4455.601,4452.907,4456.595,4466.609,4482.910,4505.475,4534.292,4569.366,4610.716,4658.376,4712.393,4772.830,4839.764,4913.288,4993.509,5080.550,5174.553,5275.675,5384.090,5499.993,5623.596,5755.133,5894.859,6043.051,6200.012,6366.068,6541.575,6726.916,6922.507,7128.796,7346.268,7575.444,7816.888,8071.210,8339.066,8621.162,8918.264,9231.196,9560.848,9908.180,10274.229,10660.115,11067.046,11496.331,11949.379,12427.715,12932.988,13466.975,14031.600,14628.936,15261.221,15930.868,16640.475,17392.836,18190.949,19038.026,19937.497,20893.012,21908.437,22987.847,24135.505,25355.837,26653.385,28032.749,29498.504,31055.096,32706.701,34457.055,36309.244,38265.444,40326.620,42492.170,44759.516,47123.654,49576.687,52107.389,54700.931,57338.925,60000.000,60000.000,60000.000,60000.000,60000.000,60000.000,60000.000,60000.000,60000.000,60000.000,60000.000,60000.000,60000.000,60000.000,60000.000,57368.800,54760.359,52195.709,49692.954,47266.693,44927.970,42684.550,40541.330,38500.811,36563.529,34728.465,32993.394,31355.189,29810.071,28353.825,26981.966,25689.880,24472.930,23326.537,22246.238,21227.733,20266.913,19359.876,18502.937,17692.634,16925.722,16199.171,15510.155,14856.046,14234.402,13642.955,13079.602,12542.392,12029.519,11539.308,11070.205,10620.771,10189.673,9775.673,9377.623,8994.455,8625.180,8268.877,7924.690,7591.820,7269.525,6957.112,6653.934,6359.388,6072.907,5793.963,5522.059,5256.730,4997.537,4744.070,4495.939,4252.778,4014.241,3779.999,3549.740,3323.170,3100.005,2879.976,2662.826,2448.309,2236.186,2026.229,1818.217,1611.937,1407.180,1203.743,1001.428,800.043,599.394,399.295,199.559,0.000
0.000,9973.874,19954.616,29947.379,39954.236,49973.494,60000.000,60000.000,60000.000,60000.000,60000.000,60000.000,60000.000,60000.000,60000.000,60000.000,60000.000,60000.000,60000.000,60000.000,57029.693,54086.959,51197.524,48383.854,45664.321,43052.954,40559.607,38190.394,35948.240,33833.461,31844.324,29977.542,28228.700,26592.614,25063.620,23635.800,22303.157,21059.751,19899.789,18817.697,17808.157,16866.142,15986.922,15166.070,14399.461,13683.257,13013.900,12388.096,11802.800,11255.198,10742.698,10262.904,9813.610,9392.784,8998.550,8629.181,8283.084,7958.792,7654.952,7370.316,7103.733,6854.141,6620.562,6402.091,6197.895,6007.205,5829.309,5663.553,5509.331,5366.087,5233.307,5110.516,4997.279,4893.194,4797.893,4711.038,4632.318,4561.451,4498.179,4442.266,4393.501,4351.692,4316.667,4288.275,4266.380,4250.865,4241.630,4238.590,4241.677,4250.836,4266.029,4287.231,4314.431,4347.634,4386.858,4432.133,4483.508,4541.043,4604.811,4674.904,4751.427,4834.499,4924.259,5020.860,5124.473,5235.287,5353.512,5479.376,5613.129,5755.043,5905.417,6064.570,6232.854,6410.646,6598.357,6796.428,7005.340,7225.610,7457.796,7702.504,7960.386,8232.149,8518.554,8820.425,9138.655,9474.206,9828.124,10201.535,10595.662,11011.829,11451.469,11916.136,12407.513,12927.423,13477.843,14060.915,14678.957,15334.479,16030.197,16769.043,17554.180,18389.013,19277.199,20222.651,21229.538,22302.283,23445.543,24664.181,25963.221,27347.785,28822.995,30393.851,32065.066,33840.857,35724.687,37718.950,39824.608,42040.776,44364.281,46789.211,49306.522,51903.748,54564.939,57270.925,60000.000,60000.000,60000.000,60000.000,60000.000,60000.000,60000.000,60000.000,60000.000,60000.000,60000.000,60000.000,60000.000,60000.000,60000.000,57297.926,54618.685,51983.700,49411.896,46919.013,44517.343,42215.796,40020.169,37933.548,35956.741,34088.726,32327.052,30668.209,29107.933,27641.470,26263.779,24969.698,23754.069,22611.829,21538.078,20528.125,19577.514,18682.040,17837.757,17040.976,16288.262,15576.420,14902.487,14263.719,13657.578,13081.716,12533.964,12012.317,11514.926,11040.079,10586.197,10151.819,9735.594,9336.273,8952.699,8583.800,8228.583,7886.126,7555.573,7236.130,6927.057,6627.665,6337.312,6055.401,5781.371,5514.700,5254.898,5001.507,4754.095,4512.258,4275.616,4043.806,3816.492,3593.351,3374.079,3158.387,2946.000,2736.655,2530.102,2326.099,2124.417,1924.834,1727.135,1531.111,1336.562,1143.292,951.107,759.821,569.249,379.208,189.518,0.000
0.000,9980.996,19967.031,29961.845,39966.881,49980.846,60000.000,60000.000,60000.000,60000.000,60000.000,60000.000,60000.000,60000.000,60000.000,60000.000,60000.000,60000.000,60000.000,60000.000,56965.636,53959.269,51007.247,48132.914,45355.706,42690.742,40148.833,37736.800,35457.977,33312.801,31299.403,29414.166,27652.213,26007.819,24474.744,23046.495,21716.527,20478.386,19325.816,18252.830,17253.748,16323.229,15456.275,14648.232,13894.779,13191.921,12535.966,11923.510,11351.420,10816.811,10317.030,9849.640,9412.398,9003.244,8620.285,8261.778,7926.123,7611.848,7317.596,7042.121,6784.274,6542.999,6317.322,6106.345,5909.241,5725.248,5553.665,5393.843,5245.186,5107.145,4979.214,4860.925,4751.851,4651.598,4559.804,4476.137,4400.293,4331.995,4270.990,4217.048,4169.962,4129.544,4095.627,4068.061,4046.715,4031.474,4022.239,4018.929,4021.475,4029.824,4043.938,4063.794,4089.379,4120.698,4157.767,4200.618,4249.294,4303.855,4364.372,4430.934,4503.641,4582.611,4667.977,4759.889,4858.513,4964.033,5076.652,5196.595,5324.103,5459.445,5602.909,5754.812,5915.495,6085.328,6264.714,6454.089,6653.922,6864.725,7087.047,7321.486,7568.687,7829.349,8104.228,8394.144,8699.983,9022.706,9363.357,9723.066,10103.058,10504.667,10929.339,11378.645,11854.293,12358.140,12892.204,13458.682,14059.959,14698.630,15377.513,16099.666,16868.407,17687.325,18560.296,19491.497,20485.407,21546.811,22680.787,23892.683,25188.072,26572.689,28052.328,29632.708,31319.288,33117.024,35030.069,37061.401,39212.389,41482.313,43867.847,46362.577,48956.591,51636.250,54384.218,57179.855,60000.000,60000.000,60000.000,60000.000,60000.000,60000.000,60000.000,60000.000,60000.000,60000.000,60000.000,60000.000,60000.000,60000.000,60000.000,57204.266,54432.830,51708.615,49052.048,46480.276,44006.777,41641.328,39390.232,37256.719,35241.431,33342.932,31558.182,29882.978,28312.315,26840.689,25462.340,24171.432,22962.195,21829.016,20766.514,19769.576,18833.383,17953.422,17125.487,16345.670,15610.349,14916.181,14260.076,13639.189,13050.898,12492.789,11962.640,11458.405,10978.203,10520.298,10083.094,9665.117,9265.011,8881.520,8513.489,8159.846,7819.601,7491.839,7175.710,6870.425,6575.254,6289.516,6012.579,5743.853,5482.788,5228.870,4981.619,4740.587,4505.351,4275.516,4050.709,3830.581,3614.800,3403.053,3195.045,2990.496,2789.137,2590.714,2394.985,2201.716,2010.685,1821.677,1634.485,1448.907,1264.751,1081.825,899.946,718.931,538.605,358.789,179.312,0.000
0.000,9983.080,19970.668,29966.089,39970.596,49983.009,60000.000,60000.000,60000.000,60000.000,60000.000,60000.000,60000.000,60000.000,60000.000,60000.000,60000.000,60000.000,60000.000,60000.000,56873.606,53777.279,50739.344,47784.927,44934.942,42205.587,39608.310,37150.138,34834.228,32660.537,30626.509,28727.708,26958.384,25311.935,23781.286,22359.168,21038.340,19811.733,18672.556,17614.366,16631.097,15717.085,14867.063,14076.157,13339.870,12654.060,12014.921,11418.959,10862.969,10344.015,9859.404,9406.669,8983.549,8587.972,8218.039,7872.006,7548.276,7245.381,6961.974,6696.818,6448.775,6216.799,5999.930,5797.282,5608.041,5431.457,5266.842,5113.560,4971.026,4838.702,4716.094,4602.744,4498.236,4402.184,4314.236,4234.068,4161.385,4095.916,4037.415,3985.660,3940.447,3901.595,3868.941,3842.340,3821.663,3806.801,3797.655,3794.147,3796.211,3803.795,3816.861,3835.385,3859.357,3888.779,3923.669,3964.054,4009.978,4061.496,4118.679,4181.611,4250.389,4325.127,4405.953,4493.012,4586.465,4686.489,4793.283,4907.061,5028.061,5156.541,5292.783,5437.092,5589.803,5751.275,5921.902,6102.107,6292.352,6493.134,6704.993,6928.515,7164.334,7413.137,7675.668,7952.737,8245.219,8554.068,8880.317,9225.090,9589.610,9975.208,10383.333,10815.561,11273.616,11759.371,12274.875,12822.361,13404.268,14023.257,14682.234,15384.366,16133.106,16932.216,17785.782,18698.234,19674.364,20719.331,21838.657,23038.216,24324.199,25703.051,27181.375,28765.795,30462.756,32278.256,34217.508,36284.507,38481.515,40808.484,43262.429,45836.833,48521.153,51300.539,54155.886,57064.295,60000.000,60000.000,60000.000,60000.000,60000.000,60000.000,60000.000,60000.000,60000.000,60000.000,60000.000,60000.000,60000.000,60000.000,60000.000,57086.351,54199.821,51365.976,48607.527,45943.411,43388.329,40952.698,38642.922,36461.894,34409.582,32483.652,30680.048,28993.504,27417.968,25946.952,24573.790,23291.838,22094.612,20975.887,19929.753,18950.653,18033.397,17173.163,16365.488,15606.256,14891.678,14218.272,13582.843,12982.459,12414.431,11876.297,11365.795,10880.854,10419.572,9980.204,9561.146,9160.926,8778.186,8411.680,8060.255,7722.853,7398.491,7086.267,6785.342,6494.941,6214.345,5942.887,5679.946,5424.947,5177.351,4936.657,4702.399,4474.137,4251.463,4033.991,3821.362,3613.234,3409.288,3209.222,3012.748,2819.596,2629.509,2442.240,2257.556,2075.234,1895.057,1716.820,1540.323,1365.374,1191.787,1019.379,847.974,677.397,507.479,338.051,168.946,0.000
0.000,9980.655,19966.471,29961.247,39966.407,49980.592,60000.000,60000.000,60000.000,60000.000,60000.000,60000.000,60000.000,60000.000,60000.000,60000.000,60000.000,60000.000,60000.000,60000.000,56751.536,53536.939,50387.978,47332.580,44393.636,41588.457,38928.803,36421.347,34068.405,31868.774,29818.564,27911.964,26141.882,24500.469,22979.524,21570.793,20266.185,19057.913,17938.587,16901.269,15939.490,15047.261,14219.056,13449.797,12734.827,12069.881,11451.063,10874.809,10337.869,9837.272,9370.307,8934.498,8527.581,8147.491,7792.335,7460.384,7150.054,6859.897,6588.581,6334.889,6097.704,5875.999,5668.830,5475.334,5294.713,5126.237,4969.234,4823.084,4687.218,4561.115,4444.292,4336.309,4236.758,4145.268,4061.496,3985.131,3915.885,3853.498,3797.732,3748.371,3705.220,3668.104,3636.864,3611.361,3591.472,3577.089,3568.119,3564.485,3566.124,3572.985,3585.031,3602.240,3624.600,3652.115,3684.800,3722.681,3765.800,3814.210,3867.978,3927.185,3991.925,4062.305,4138.450,4220.498,4308.603,4402.937,4503.690,4611.069,4725.303,4846.641,4975.354,5111.738,5256.116,5408.836,5570.278,5740.853,5921.009,6111.229,6312.039,6524.008,6747.755,6983.950,7233.323,7496.664,7774.834,8068.768,8379.485,8708.096,9055.807,9423.938,9813.930,10227.354,10665.930,11131.539,11626.238,12152.285,12712.150,13308.541,13944.431,14623.075,15348.043,16123.244,16952.957,17841.854,18795.031,19818.018,20916.800,22097.814,23367.924,24734.385,26204.748,27786.741,29488.056,31316.081,33277.518,35377.890,37620.939,40007.906,42536.746,45201.333,47990.773,50888.959,53874.546,56921.456,60000.000,60000.000,60000.000,60000.000,60000.000,60000.000,60000.000,60000.000,60000.000,60000.000,60000.000,60000.000,60000.000,60000.000,60000.000,56941.353,53914.190,50948.029,48068.780,45297.643,42650.586,40138.384,37767.059,35538.564,33451.578,31502.291,29685.114,27993.292,26419.387,24955.659,23594.339,22327.835,21148.856,20050.501,19026.299,18070.234,17176.743,16340.701,15557.406,14822.552,14132.200,13482.756,12870.935,12293.742,11748.443,11232.541,10743.758,10280.009,9839.392,9420.161,9020.721,8639.609,8275.481,7927.103,7593.342,7273.154,6965.576,6669.721,6384.770,6109.965,5844.604,5588.038,5339.663,5098.920,4865.286,4638.277,4417.439,4202.350,3992.612,3787.857,3587.734,3391.918,3200.100,3011.989,2827.311,2645.805,2467.224,2291.333,2117.908,1946.734,1777.607,1610.329,1444.709,1280.565,1117.717,955.993,795.224,635.244,475.891,317.005,158.427,0.000
0.000,9973.070,19953.313,29946.022,39953.194,49972.951,60000.000,60000.000,60000.000,60000.000,60000.000,60000.000,60000.000,60000.000,60000.000,60000.000,60000.000,60000.000,60000.000,60000.000,56595.622,53231.000,49943.104,46763.846,43718.646,40825.898,38097.206,35538.166,33149.410,30927.738,28867.173,26959.879,25196.899,23568.734,22065.759,20678.520,19397.931,18215.394,17122.869,16112.899,15178.612,14313.702,13512.404,12769.459,12080.079,11439.906,10844.979,10291.696,9776.784,9297.265,8850.432,8433.820,8045.184,7682.479,7343.839,7027.561,6732.092,6456.008,6198.011,5956.911,5731.617,5521.132,5324.538,5140.997,4969.737,4810.049,4661.282,4522.841,4394.175,4274.780,4164.192,4061.987,3967.773,3881.193,3801.918,3729.647,3664.106,3605.046,3552.237,3505.472,3464.565,3429.347,3399.667,3375.392,3356.404,3342.598,3333.887,3330.196,3331.464,3337.643,3348.699,3364.607,3385.359,3410.955,3441.410,3476.751,3517.015,3562.254,3612.531,3667.922,3728.517,3794.420,3865.747,3942.631,4025.219,4113.676,4208.182,4308.936,4416.156,4530.080,4650.970,4779.107,4914.802,5058.390,5210.235,5370.734,5540.315,5719.447,5908.636,6108.432,6319.433,6542.290,6777.709,7026.458,7289.376,7567.374,7861.446,8172.678,8502.256,8851.475,9221.755,9614.648,10031.857,10475.252,10946.884,11449.010,11984.113,12554.927,13164.462,13816.036,14513.308,15260.309,16061.482,16921.717,17846.390,18841.397,19913.183,21068.765,22315.731,23662.225,25116.884,26688.730,28386.989,30220.814,32198.884,34328.863,36616.682,39065.664,41675.494,44441.128,47351.759,50390.061,53531.931,56746.997,60000.000,60000.000,60000.000,60000.000,60000.000,60000.000,60000.000,60000.000,60000.000,60000.000,60000.000,60000.000,60000.000,60000.000,60000.000,56764.904,53567.616,50443.247,47422.024,44527.915,41778.126,39183.353,36748.541,34473.919,32356.087,30389.043,28565.064,26875.415,25310.894,23862.230,22520.357,21276.600,20122.779,19051.270,18055.024,17127.565,16262.966,15455.823,14701.219,13994.682,13332.156,12709.957,12124.742,11573.475,11053.401,10562.011,10097.028,9656.376,9238.163,8840.664,8462.303,8101.638,7757.351,7428.233,7113.175,6811.159,6521.246,6242.575,5974.349,5715.835,5466.353,5225.276,4992.021,4766.048,4546.855,4333.975,4126.973,3925.443,3729.005,3537.304,3350.007,3166.802,2987.393,2811.504,2638.872,2469.249,2302.399,2138.100,1976.138,1816.309,1658.419,1502.279,1347.710,1194.538,1042.592,891.711,741.733,592.501,443.863,295.667,147.762,0.000
0.000,9958.312,19927.689,29916.335,39927.396,49958.019,60000.000,60000.000,60000.000,60000.000,60000.000,60000.000,60000.000,60000.000,60000.000,60000.000,60000.000,60000.000,60000.000,60000.000,56399.972,52848.371,49389.638,46061.115,42891.281,39899.370,37096.061,34484.815,32063.458,29825.734,27762.662,25863.640,24117.275,22511.995,21036.456,19679.804,18431.840,17283.090,16224.834,15249.097,14348.616,13516.799,12747.676,12035.845,11376.421,10764.992,10197.566,9670.537,9180.638,8724.914,8300.686,7905.524,7537.222,7193.776,6873.363,6574.323,6295.142,6034.441,5790.960,5563.548,5351.153,5152.811,4967.640,4794.833,4633.647,4483.404,4343.480,4213.303,4092.348,3980.131,3876.211,3780.181,3691.669,3610.334,3535.861,3467.967,3406.388,3350.887,3301.247,3257.272,3218.782,3185.620,3157.640,3134.716,3116.736,3103.601,3095.228,3091.546,3092.497,3098.034,3108.125,3122.747,3141.892,3165.560,3193.764,3226.529,3263.891,3305.898,3352.610,3404.099,3460.449,3521.759,3588.139,3659.714,3736.624,3819.024,3907.085,4000.997,4100.965,4207.218,4320.000,4439.583,4566.260,4700.351,4842.203,4992.193,5150.733,5318.269,5495.284,5682.307,5879.911,6088.720,6309.413,6542.730,6789.480,7050.542,7326.879,7619.544,7929.687,8258.570,8607.578,8978.230,9372.197,9791.317,10237.616,10713.331,11220.931,11763.145,12342.996,12963.832,13629.364,14343.709,15111.439,15937.621,16827.881,17788.446,18826.204,19948.747,21164.409,22482.279,23912.189,25464.642,27150.671,28981.593,30968.610,33122.237,35451.479,37962.763,40658.601,43536.058,46585.181,49787.668,53116.164,56534.618,60000.000,60000.000,60000.000,60000.000,60000.000,60000.000,60000.000,60000.000,60000.000,60000.000,60000.000,60000.000,60000.000,60000.000,60000.000,56550.678,53148.176,49835.389,46648.244,43613.977,40750.779,38068.505,35569.996,33252.660,31109.998,29132.935,27310.903,25632.641,24086.786,22662.261,21348.521,20135.698,19014.667,17977.060,17015.253,16122.331,15292.034,14518.713,13797.272,13123.114,12492.100,11900.491,11344.918,10822.335,10329.990,9865.393,9426.285,9010.618,8616.535,8242.341,7886.496,7547.596,7224.355,6915.603,6620.263,6337.351,6065.962,5805.264,5554.493,5312.943,5079.962,4854.950,4637.348,4426.640,4222.347,4024.025,3831.257,3643.659,3460.868,3282.548,3108.382,2938.073,2771.343,2607.928,2447.581,2290.067,2135.164,1982.661,1832.357,1684.058,1537.582,1392.752,1249.398,1107.357,966.469,826.579,687.539,549.200,411.418,274.052,136.959,0.000
0.000,9932.488,19882.796,29864.232,39882.038,49931.729,60000.000,60000.000,60000.000,60000.000,60000.000,60000.000,60000.000,60000.000,60000.000,60000.000,60000.000,60000.000,60000.000,60000.000,56155.915,52372.906,48706.007,45199.752,41886.062,38784.321,35902.945,33241.679,30793.989,28549.204,26494.241,24614.891,22896.727,21325.687,19888.444,18572.591,17366.736,16260.503,15244.500,14310.266,13450.192,12657.450,11925.912,11250.087,10625.043,10046.355,9510.048,9012.545,8550.624,8121.381,7722.196,7350.698,7004.743,6682.387,6381.869,6101.585,5840.080,5596.029,5368.222,5155.559,4957.032,4771.722,4598.789,4437.463,4287.039,4146.871,4016.368,3894.987,3782.230,3677.641,3580.801,3491.325,3408.863,3333.090,3263.713,3200.462,3143.089,3091.370,3045.102,3004.098,2968.192,2937.232,2911.085,2889.629,2872.760,2860.386,2852.426,2848.815,2849.498,2854.431,2863.583,2876.934,2894.474,2916.203,2942.135,2972.291,3006.707,3045.425,3088.503,3136.008,3188.019,3244.627,3305.937,3372.065,3443.144,3519.317,3600.747,3687.610,3780.102,3878.435,3982.842,4093.577,4210.917,4335.163,4466.643,4605.715,4752.766,4908.218,5072.532,5246.207,5429.787,5623.866,5829.090,6046.166,6275.863,6519.023,6776.569,7049.509,7338.951,7646.110,7972.320,8319.054,8687.933,9080.745,9499.468,9946.294,10423.651,10934.235,11481.044,12067.419,12697.082,13374.192,14103.395,14889.890,15739.493,16658.714,17654.836,18735.991,19911.240,21190.640,22585.280,24107.286,25769.749,27586.541,29571.972,31740.216,34104.431,36675.481,39460.237,42459.444,45665.334,49059.334,52610.481,56275.322,60000.000,60000.000,60000.000,60000.000,60000.000,60000.000,60000.000,60000.000,60000.000,60000.000,60000.000,60000.000,60000.000,60000.000,60000.000,56289.662,52639.065,49101.954,45721.669,42529.068,39542.626,36770.021,34210.424,31856.890,29698.483,27721.986,25913.169,24257.669,22741.569,21351.737,20076.007,18903.252,17823.384,16827.309,15906.865,15054.742,14264.403,13530.004,12846.324,12208.691,11612.925,11055.279,10532.394,10041.249,9579.126,9143.576,8732.390,8343.569,7975.304,7625.955,7294.030,6978.174,6677.151,6389.835,6115.194,5852.287,5600.248,5358.286,5125.670,4901.730,4685.847,4477.450,4276.012,4081.042,3892.090,3708.732,3530.579,3357.266,3188.453,3023.822,2863.075,2705.934,2552.138,2401.438,2253.603,2108.413,1965.659,1825.145,1686.680,1550.087,1415.193,1281.834,1149.851,1019.090,889.404,760.649,632.685,505.373,378.581,252.176,126.025,0.000
0.000,9888.844,19806.777,29775.760,39804.795,49886.859,60000.000,60000.000,60000.000,60000.000,60000.000,60000.000,60000.000,60000.000,60000.000,60000.000,60000.000,60000.000,60000.000,60000.000,55850.798,51781.360,47861.773,44145.876,40668.958,37448.979,34489.804,31785.062,29321.721,27082.969,25050.331,23205.095,21529.199,20005.738,18619.204,17355.556,16202.194,15147.875,14182.598,13297.484,12484.656,11737.121,11048.672,10413.788,9827.557,9285.596,8783.992,8319.243,7888.211,7488.079,7116.314,6770.631,6448.973,6149.478,5870.462,5610.398,5367.902,5141.715,4930.691,4733.788,4550.056,4378.626,4218.707,4069.573,3930.562,3801.067,3680.534,3568.453,3464.357,3367.820,3278.449,3195.885,3119.799,3049.891,2985.884,2927.527,2874.590,2826.863,2784.156,2746.297,2713.129,2684.512,2660.321,2640.444,2624.783,2613.251,2605.776,2602.295,2602.757,2607.121,2615.359,2627.452,2643.388,2663.171,2686.811,2714.328,2745.755,2781.132,2820.511,2863.955,2911.537,2963.342,3019.466,3080.019,3145.121,3214.908,3289.531,3369.153,3453.956,3544.137,3639.915,3741.525,3849.227,3963.300,4084.051,4211.815,4346.954,4489.863,4640.974,4800.754,4969.715,5148.415,5337.463,5537.523,5749.322,5973.656,6211.397,6463.502,6731.023,7015.115,7317.053,7638.242,7980.236,8344.755,8733.706,9149.208,9593.617,10069.563,10579.983,11128.163,11717.790,12353.006,13038.474,13779.450,14581.874,15452.457,16398.795,17429.486,18554.253,19784.073,21131.300,22609.753,24234.759,26023.091,27992.740,30162.426,32550.725,35174.649,38047.554,41176.256,44557.462,48173.915,51991.139,55956.203,60000.000,60000.000,60000.000,60000.000,60000.000,60000.000,60000.000,60000.000,60000.000,60000.000,60000.000,60000.000,60000.000,60000.000,60000.000,55968.931,52016.512,48211.751,44607.483,41238.089,38120.740,35258.649,32644.922,30266.136,28105.215,26143.526,24362.297,22743.488,21270.285,19927.319,18700.734,17578.143,16548.538,15602.165,14730.399,13925.617,13181.081,12490.831,11849.586,11252.661,10695.892,10175.573,9688.396,9231.406,8801.953,8397.662,8016.396,7656.229,7315.423,6992.406,6685.755,6394.176,6116.496,5851.642,5598.640,5356.598,5124.700,4902.197,4688.403,4482.687,4284.468,4093.210,3908.418,3729.635,3556.437,3388.430,3225.250,3066.555,2912.031,2761.379,2614.324,2470.607,2329.983,2192.223,2057.112,1924.447,1794.033,1665.687,1539.235,1414.511,1291.357,1169.618,1049.150,929.811,811.463,693.973,577.214,461.057,345.379,230.057,114.971,0.000
0.000,9816.111,19679.708,29627.235,39674.523,49810.911,60000.000,60000.000,60000.000,60000.000,60000.000,60000.000,60000.000,60000.000,60000.000,60000.000,60000.000,60000.000,60000.000,60000.000,55465.933,51039.991,46813.883,42853.066,39194.972,35852.899,32822.306,30087.132,27624.958,25410.723,23419.134,21626.080,20009.366,18549.002,17227.226,16028.390,14938.774,13946.379,13040.715,12212.607,11454.021,10757.911,10118.076,9529.057,8986.027,8484.713,8021.320,7592.471,7195.153,6826.672,6484.615,6166.814,5871.320,5596.376,5340.395,5101.943,4879.720,4672.548,4479.356,4299.171,4131.106,3974.355,3828.179,3691.905,3564.920,3446.659,3336.610,3234.300,3139.299,3051.210,2969.672,2894.354,2824.952,2761.188,2702.807,2649.580,2601.292,2557.752,2518.784,2484.229,2453.944,2427.800,2405.681,2387.485,2373.121,2362.511,2355.586,2352.289,2352.574,2356.403,2363.750,2374.595,2388.931,2406.759,2428.089,2452.939,2481.338,2513.324,2548.944,2588.256,2631.327,2678.234,2729.066,2783.922,2842.915,2906.168,2973.819,3046.019,3122.935,3204.750,3291.662,3383.890,3481.671,3585.264,3694.954,3811.046,3933.876,4063.811,4201.248,4346.621,4500.404,4663.114,4835.318,5017.633,5210.735,5415.368,5632.344,5862.559,6106.998,6366.745,6642.999,6937.084,7250.469,7584.783,7941.836,8323.648,8732.474,9170.838,9641.572,10147.862,10693.301,11281.951,11918.415,12607.926,13356.446,14170.782,15058.727,16029.216,17092.508,18260.384,19546.362,20965.918,22536.677,24278.541,26213.668,28366.204,30761.552,33424.977,36379.193,39640.660,43214.422,47087.779,51223.990,55558.361,60000.000,60000.000,60000.000,60000.000,60000.000,60000.000,60000.000,60000.000,60000.000,60000.000,60000.000,60000.000,60000.000,60000.000,60000.000,55569.570,51246.337,47121.107,43258.489,39695.144,36443.691,33499.018,30844.597,28457.648,26312.855,24384.757,22649.165,21083.874,19668.941,18386.706,17221.660,16160.251,15190.668,14302.627,13487.166,12736.468,12043.702,11402.884,10808.761,10256.709,9742.647,9262.963,8814.452,8394.265,7999.860,7628.965,7279.543,6949.767,6637.990,6342.729,6062.642,5796.514,5543.242,5301.826,5071.351,4850.987,4639.973,4437.612,4243.267,4056.353,3876.329,3702.699,3535.007,3372.829,3215.773,3063.477,2915.604,2771.840,2631.894,2495.493,2362.383,2232.325,2105.097,1980.487,1858.298,1738.343,1620.444,1504.435,1390.155,1277.452,1166.181,1056.204,947.385,839.596,732.711,626.610,521.174,416.288,311.838,207.714,103.805,0.000
0.000,9695.891,19468.709,29378.951,39455.152,49682.262,60000.000,60000.000,60000.000,60000.000,60000.000,60000.000,60000.000,60000.000,60000.000,60000.000,60000.000,60000.000,60000.000,60000.000,54972.956,50098.810,45500.735,41257.576,37405.016,33945.397,30859.456,28116.276,25680.342,23515.927,21589.502,19870.833,18333.302,16953.804,15712.442,14592.144,13578.282,12658.307,11821.437,11058.376,10361.089,9722.606,9136.855,8598.532,8102.984,7646.118,7224.319,6834.389,6473.484,6139.075,5828.899,5540.936,5273.369,5024.567,4793.062,4577.526,4376.760,4189.679,4015.298,3852.722,3701.138,3559.807,3428.052,3305.260,3190.867,3084.360,2985.271,2893.169,2807.661,2728.387,2655.019,2587.255,2524.818,2467.457,2414.940,2367.057,2323.616,2284.442,2249.375,2218.273,2191.004,2167.451,2147.512,2131.091,2118.106,2108.488,2102.174,2099.112,2099.260,2102.584,2109.059,2118.670,2131.408,2147.274,2166.276,2188.433,2213.769,2242.319,2274.126,2309.240,2347.723,2389.646,2435.087,2484.137,2536.897,2593.480,2654.009,2718.622,2787.470,2860.719,2938.547,3021.155,3108.756,3201.588,3299.906,3403.991,3514.147,3630.708,3754.035,3884.526,4022.612,4168.766,4323.505,4487.395,4661.057,4845.170,5040.483,5247.820,5468.088,5702.288,5951.529,6217.039,6500.181,6802.471,7125.601,7471.463,7842.174,8240.116,8667.971,9128.772,9625.953,10163.423,10745.643,11377.717,12065.513,12815.799,13636.404,14536.423,15526.446,16618.843,17828.083,19171.103,20667.700,22340.918,24217.366,26327.327,28704.446,31384.638,34403.686,37792.859,41571.853,45738.837,50258.709,55053.262,60000.000,60000.000,60000.000,60000.000,60000.000,60000.000,60000.000,60000.000,60000.000,60000.000,60000.000,60000.000,60000.000,60000.000,60000.000,55063.034,50278.193,45767.897,41610.282,37840.376,34459.945,31449.230,28776.902,26407.122,24303.925,22433.618,20765.876,19274.050,17935.059,16729.072,15639.122,14650.710,13751.441,12930.698,12179.364,11489.585,10854.575,10268.446,9726.073,9222.978,8755.235,8319.392,7912.399,7531.558,7174.472,6839.008,6523.259,6225.518,5944.255,5678.090,5425.780,5186.202,4958.340,4741.270,4534.153,4336.225,4146.788,3965.204,3790.891,3623.312,3461.975,3306.428,3156.254,3011.068,2870.513,2734.259,2602.001,2473.454,2348.353,2226.452,2107.520,1991.340,1877.712,1766.444,1657.357,1550.283,1445.062,1341.542,1239.579,1139.037,1039.784,941.694,844.647,748.526,653.219,558.617,464.614,371.106,277.990,185.166,92.536,0.000
0.000,9498.746,19120.287,28964.707,39084.872,49462.986,60000.000,60000.000,60000.000,60000.000,60000.000,60000.000,60000.000,60000.000,60000.000,60000.000,60000.000,60000.000,60000.000,60000.000,54327.093,48881.579,43832.698,39271.524,35222.163,31664.270,28553.906,25838.244,23464.280,21383.222,19552.204,17934.546,16499.309,15220.582,14076.710,13049.587,12124.032,11287.269,10528.492,9838.519,9209.510,8634.731,8108.374,7625.404,7181.437,6772.639,6395.641,6047.477,5725.522,5427.448,5151.183,4894.876,4656.873,4435.690,4229.991,4038.576,3860.358,3694.357,3539.685,3395.536,3261.179,3135.946,3019.233,2910.488,2809.206,2714.927,2627.231,2545.734,2470.083,2399.959,2335.066,2275.135,2219.920,2169.196,2122.757,2080.415,2042.000,2007.354,1976.337,1948.820,1924.687,1903.835,1886.170,1871.609,1860.079,1851.518,1845.869,1843.087,1843.135,1845.981,1851.604,1859.990,1871.132,1885.029,1901.690,1921.130,1943.371,1968.444,1996.387,2027.245,2061.072,2097.931,2137.893,2181.037,2227.453,2277.242,2330.514,2387.390,2448.006,2512.507,2581.055,2653.826,2731.013,2812.826,2899.493,2991.264,3088.413,3191.235,3300.056,3415.231,3537.146,3666.225,3802.933,3947.776,4101.313,4264.157,4436.981,4620.529,4815.621,5023.162,5244.158,5479.724,5731.101,5999.672,6286.984,6594.770,6924.980,7279.812,7661.750,8073.617,8518.625,9000.449,9523.309,10092.069,10712.367,11390.762,12134.924,12953.868,13858.242,14860.679,15976.234,17222.908,18622.283,20200.234,21987.705,24021.432,26344.392,29005.550,32058.146,35555.312,39541.355,44037.049,49018.774,54395.984,60000.000,60000.000,60000.000,60000.000,60000.000,60000.000,60000.000,60000.000,60000.000,60000.000,60000.000,60000.000,60000.000,60000.000,60000.000,54404.390,49035.534,44062.048,39574.415,35596.195,32106.556,29061.136,26406.751,24090.114,22062.214,20280.033,18706.797,17311.527,16068.313,14955.548,13955.198,13052.185,12233.851,11489.527,10810.177,10188.109,9616.746,9090.434,8604.290,8154.080,7736.112,7347.158,6984.382,6645.284,6327.653,6029.526,5749.156,5484.983,5235.609,4999.781,4776.370,4564.359,4362.828,4170.941,3987.943,3813.146,3645.920,3485.695,3331.945,3184.190,3041.990,2904.939,2772.665,2644.823,2521.094,2401.185,2284.822,2171.752,2061.739,1954.563,1850.019,1747.915,1648.072,1550.319,1454.499,1360.461,1268.063,1177.171,1087.657,999.401,912.284,826.197,741.033,656.687,573.062,490.060,407.587,325.552,243.863,162.434,81.175,0.000
0.000,9178.805,18548.986,28274.718,38456.644,49084.810,60000.000,60000.000,60000.000,60000.000,60000.000,60000.000,60000.000,60000.000,60000.000,60000.000,60000.000,60000.000,60000.000,60000.000,53453.848,47267.734,41676.979,36773.691,32547.880,28935.657,25853.706,23218.571,20955.378,19000.548,17301.623,15815.921,14508.897,13352.599,12324.329,11405.568,10581.105,9838.362,9166.865,8557.829,8003.834,7498.573,7036.650,6613.425,6224.878,5867.518,5538.293,5234.525,4953.853,4694.193,4453.691,4230.701,4023.751,3831.524,3652.839,3486.632,3331.948,3187.920,3053.768,2928.782,2812.319,2703.796,2602.681,2508.490,2420.783,2339.155,2263.241,2192.704,2127.237,2066.559,2010.414,1958.566,1910.801,1866.924,1826.754,1790.127,1756.896,1726.923,1700.087,1676.275,1655.385,1637.329,1622.024,1609.400,1599.391,1591.943,1587.009,1584.548,1584.527,1586.920,1591.708,1598.879,1608.425,1620.348,1634.654,1651.356,1670.474,1692.034,1716.069,1742.619,1771.729,1803.455,1837.859,1875.008,1914.982,1957.867,2003.760,2052.766,2105.002,2160.596,2219.687,2282.430,2348.993,2419.557,2494.323,2573.508,2657.350,2746.110,2840.070,2939.539,3044.859,3156.398,3274.563,3399.800,3532.598,3673.495,3823.085,3982.022,4151.027,4330.902,4522.535,4726.913,4945.138,5178.438,5428.193,5695.950,5983.457,6292.687,6625.882,6985.595,7374.748,7796.699,8255.327,8755.130,9301.362,9900.186,10558.881,11286.095,12092.177,12989.590,13993.444,15122.183,16398.449,17850.175,19511.921,21426.425,23646.247,26235.118,29268.116,32828.954,37001.256,41849.266,47383.376,53511.909,60000.000,60000.000,60000.000,60000.000,60000.000,60000.000,60000.000,60000.000,60000.000,60000.000,60000.000,60000.000,60000.000,60000.000,60000.000,53519.007,47397.529,41870.379,37029.179,32863.486,29309.009,26282.076,23698.932,21484.455,19574.878,17917.604,16469.861,15197.060,14071.241,13069.733,12174.070,11369.117,10642.392,9983.527,9383.854,8836.079,8334.019,7872.409,7446.733,7053.099,6688.136,6348.909,6032.850,5737.708,5461.494,5202.452,4959.020,4729.811,4513.580,4309.217,4115.723,3932.197,3757.827,3591.880,3433.687,3282.645,3138.203,2999.856,2867.147,2739.655,2616.994,2498.809,2384.775,2274.592,2167.980,2064.685,1964.466,1867.106,1772.396,1680.147,1590.179,1502.326,1416.433,1332.350,1249.941,1169.076,1089.631,1011.490,934.542,858.682,783.809,709.827,636.642,564.167,492.314,421.001,350.145,279.668,209.492,139.539,69.733,0.000
0.000,8667.488,17622.134,27128.534,37382.176,48419.609,60000.000,60000.000,60000.000,60000.000,60000.000,60000.000,60000.000,60000.000,60000.000,60000.000,60000.000,60000.000,60000.000,60000.000,52220.575,45058.543,38833.812,33598.410,29260.041,25676.812,22706.732,20227.007,18138.167,16362.030,14837.886,13518.687,12367.837,11356.668,10462.527,9667.342,8956.553,8318.310,7742.884,7222.208,6749.538,6319.195,5926.354,5566.892,5237.264,4934.399,4655.628,4398.619,4161.321,3941.929,3738.843,3550.645,3376.068,3213.982,3063.377,2923.341,2793.058,2671.789,2558.868,2453.691,2355.711,2264.432,2179.402,2100.211,2026.483,1957.879,1894.085,1834.818,1779.817,1728.846,1681.686,1638.140,1598.025,1561.176,1527.441,1496.682,1468.773,1443.600,1421.058,1401.053,1383.501,1368.324,1355.454,1344.831,1336.401,1330.117,1325.940,1323.834,1323.773,1325.735,1329.702,1335.665,1343.618,1353.561,1365.501,1379.448,1395.418,1413.434,1433.522,1455.718,1480.059,1506.592,1535.367,1566.445,1599.891,1635.777,1674.185,1715.205,1758.934,1805.480,1854.962,1907.510,1963.265,2022.381,2085.027,2151.388,2221.664,2296.076,2374.864,2458.290,2546.641,2640.232,2739.408,2844.547,2956.067,3074.424,3200.123,3333.723,3475.839,3627.157,3788.436,3960.522,4144.361,4341.009,4551.654,4777.633,5020.457,5281.840,5563.732,5868.364,6198.299,6556.494,6946.383,7371.971,7837.966,8349.934,8914.503,9539.632,10234.952,11012.220,11885.922,12874.072,13999.286,15290.220,16783.492,18526.200,20579.145,23020.635,25950.314,29491.186,33785.492,38975.415,45153.572,52268.280,60000.000,60000.000,60000.000,60000.000,60000.000,60000.000,60000.000,60000.000,60000.000,60000.000,60000.000,60000.000,60000.000,60000.000,60000.000,52274.121,45165.219,38992.789,33808.472,29519.606,25983.972,23059.287,20622.512,18573.970,16835.319,15345.729,14058.073,12935.710,11949.958,11078.180,10302.341,9607.936,8983.190,8418.456,7905.760,7438.459,7010.973,6618.582,6257.267,5923.583,5614.561,5327.628,5060.541,4811.340,4578.302,4359.905,4154.802,3961.797,3779.821,3607.922,3445.242,3291.012,3144.538,3005.194,2872.411,2745.674,2624.514,2508.505,2397.255,2290.408,2187.637,2088.642,1993.147,1900.896,1811.656,1725.208,1641.353,1559.903,1480.685,1403.537,1328.309,1254.860,1183.059,1112.781,1043.910,976.337,909.957,844.674,780.393,717.026,654.488,592.699,531.579,471.056,411.056,351.508,292.345,233.500,174.907,116.502,58.220,0.000
0.000,7869.013,16143.530,25235.107,35523.919,47211.451,60000.000,60000.000,60000.000,60000.000,60000.000,60000.000,60000.000,60000.000,60000.000,60000.000,60000.000,60000.000,60000.000,60000.000,50369.915,41912.065,35001.333,29526.118,25217.088,21804.848,19069.438,16844.600,15008.299,13471.568,12169.256,11053.163,10087.157,9243.774,8501.839,7844.796,7259.532,6735.525,6264.238,5838.668,5453.010,5102.411,4782.778,4490.631,4222.992,3977.296,3751.317,3543.119,3351.005,3173.483,3009.236,2857.097,2716.026,2585.098,2463.484,2350.440,2245.299,2147.459,2056.375,1971.557,1892.560,1818.979,1750.448,1686.632,1627.229,1571.961,1520.575,1472.840,1428.547,1387.501,1349.528,1314.466,1282.169,1252.503,1225.344,1200.580,1178.111,1157.843,1139.693,1123.583,1109.445,1097.218,1086.846,1078.281,1071.478,1066.400,1063.014,1061.294,1061.216,1062.764,1065.923,1070.685,1077.047,1085.007,1094.570,1105.746,1118.547,1132.992,1149.102,1166.905,1186.432,1207.721,1230.811,1255.753,1282.597,1311.405,1342.239,1375.174,1410.289,1447.670,1487.413,1529.624,1574.416,1621.916,1672.258,1725.593,1782.083,1841.907,1905.260,1972.353,2043.420,2118.718,2198.525,2283.149,2372.930,2468.240,2569.489,2677.133,2791.675,2913.673,3043.750,3182.597,3330.989,3489.795,3659.989,3842.675,4039.100,4250.680,4479.035,4726.021,4993.775,5284.776,5601.913,5948.574,6328.761,6747.237,7209.718,7723.124,8295.917,8938.548,9664.076,10489.013,11434.510,12528.029,13805.717,15315.822,17123.569,19318.029,22021.374,25400.027,29674.147,35113.355,41987.230,50407.646,60000.000,60000.000,60000.000,60000.000,60000.000,60000.000,60000.000,60000.000,60000.000,60000.000,60000.000,60000.000,60000.000,60000.000,60000.000,50412.270,41996.452,35127.111,29692.342,25422.532,22048.026,19348.638,17157.914,15353.654,13846.762,12571.990,11481.068,10537.826,9714.784,8990.775,8349.268,7777.189,7264.073,6801.446,6382.373,6001.129,5652.938,5333.787,5040.279,4769.516,4519.009,4286.612,4070.459,3868.925,3680.583,3504.178,3338.600,3182.866,3036.099,2897.518,2766.422,2642.181,2524.229,2412.054,2305.195,2203.230,2105.779,2012.494,1923.059,1837.183,1754.601,1675.069,1598.364,1524.279,1452.625,1383.224,1315.915,1250.547,1186.978,1125.080,1064.729,1005.813,948.225,891.865,836.638,782.457,729.238,676.902,625.373,574.581,524.456,474.934,425.952,377.449,329.367,281.651,234.243,187.092,140.144,93.346,46.648,0.000
0.000,6665.034,13847.867,22144.445,32266.941,44902.275,60000.000,60000.000,60000.000,60000.000,60000.000,60000.000,60000.000,60000.000,60000.000,60000.000,60000.000,60000.000,60000.000,60000.000,47347.026,37218.477,29733.352,24287.658,20277.366,17256.078,14921.599,13073.687,11578.894,10346.723,9314.451,8437.596,7683.901,7029.484,6456.313,5950.530,5501.314,5100.083,4739.943,4415.285,4121.495,3854.738,3611.795,3389.943,3186.863,3000.560,2829.313,2671.625,2526.190,2391.858,2267.621,2152.582,2045.946,1947.006,1855.129,1769.748,1690.353,1616.486,1547.733,1483.722,1424.113,1368.599,1316.903,1268.770,1223.970,1182.293,1143.547,1107.558,1074.165,1043.224,1014.600,988.172,963.829,941.470,921.000,902.336,885.400,870.124,856.442,844.298,833.639,824.419,816.595,810.131,804.995,801.156,798.592,797.281,797.206,798.354,800.715,804.282,809.052,815.025,822.204,830.597,840.213,851.065,863.171,876.551,891.228,907.231,924.590,943.342,963.528,985.190,1008.380,1033.151,1059.564,1087.684,1117.585,1149.344,1183.049,1218.794,1256.683,1296.829,1339.355,1384.396,1432.099,1482.627,1536.155,1592.877,1653.007,1716.777,1784.446,1856.295,1932.639,2013.822,2100.229,2192.285,2290.464,2395.295,2507.371,2627.355,2755.996,2894.139,3042.744,3202.901,3375.859,3563.055,3766.147,3987.062,4228.056,4491.783,4781.394,5100.658,5454.124,5847.343,6287.151,6782.081,7342.916,7983.483,8721.798,9581.745,10595.594,11807.865,13281.338,15106.588,17417.166,20413.437,24397.742,29816.646,37274.360,47375.075,60000.000,60000.000,60000.000,60000.000,60000.000,60000.000,60000.000,60000.000,60000.000,60000.000,60000.000,60000.000,60000.000,60000.000,60000.000,47378.516,37281.221,29826.880,24411.279,20430.180,17436.996,15129.362,13306.892,11836.015,10626.136,9614.456,8756.441,8019.802,7380.643,6820.935,6326.836,5887.553,5494.543,5140.957,4821.238,4530.826,4265.944,4023.433,3800.631,3595.276,3405.434,3229.438,3065.846,2913.405,2771.014,2637.711,2512.643,2395.056,2284.280,2179.717,2080.832,1987.146,1898.226,1813.684,1733.166,1656.354,1582.958,1512.714,1445.381,1380.739,1318.588,1258.742,1201.032,1145.301,1091.406,1039.213,988.599,939.451,891.661,845.131,799.769,755.490,712.213,669.861,628.365,587.658,547.676,508.359,469.652,431.499,393.850,356.656,319.868,283.441,247.333,211.499,175.898,140.490,105.235,70.094,35.029,0.000
0.000,4943.255,10438.460,17227.865,26497.127,40130.707,60000.000,60000.000,60000.000,60000.000,60000.000,60000.000,60000.000,60000.000,60000.000,60000.000,60000.000,60000.000,60000.000,60000.000,41799.715,29881.472,22425.949,17613.809,14348.656,12020.516,10287.213,8949.678,7886.891,7022.008,6304.259,5698.900,5181.404,4733.986,4343.437,3999.740,3695.154,3423.595,3180.213,2961.085,2763.000,2583.303,2419.774,2270.542,2134.016,2008.831,1893.814,1787.945,1690.337,1600.210,1516.878,1439.735,1368.245,1301.927,1240.356,1183.147,1129.959,1080.481,1034.436,991.571,951.658,914.492,879.885,847.666,817.681,789.788,763.859,739.776,717.432,696.730,677.578,659.897,643.611,628.652,614.957,602.471,591.141,580.920,571.766,563.641,556.508,550.337,545.100,540.772,537.331,534.758,533.037,532.153,532.095,532.854,534.424,536.800,539.979,543.963,548.752,554.353,560.771,568.015,576.097,585.029,594.829,605.515,617.108,629.632,643.113,657.583,673.073,689.620,707.266,726.053,746.031,767.252,789.775,813.663,838.986,865.819,894.245,924.355,956.248,990.032,1025.826,1063.761,1103.979,1146.637,1191.909,1239.984,1291.075,1345.414,1403.258,1464.897,1530.648,1600.870,1675.963,1756.377,1842.616,1935.256,2034.946,2142.429,2258.553,2384.299,2520.797,2669.369,2831.562,3009.202,3204.465,3419.963,3658.864,3925.051,4223.340,4559.782,4942.092,5380.270,5887.515,6481.613,7187.102,8038.751,9087.370,10409.855,12127.294,14438.837,17686.757,22481.139,29918.497,41818.299,60000.000,60000.000,60000.000,60000.000,60000.000,60000.000,60000.000,60000.000,60000.000,60000.000,60000.000,60000.000,60000.000,60000.000,60000.000,41820.579,29923.044,22487.922,17695.730,14449.934,12140.438,10424.950,9104.309,8057.411,7207.346,6503.296,5910.477,5404.343,4967.098,4585.532,4249.639,3951.695,3685.642,3446.657,3230.851,3035.051,2856.637,2693.430,2543.597,2405.586,2278.074,2159.922,2050.147,1947.896,1852.422,1763.072,1679.267,1600.497,1526.309,1456.299,1390.106,1327.406,1267.907,1211.348,1157.491,1106.120,1057.042,1010.078,965.066,921.860,880.323,840.331,801.771,764.537,728.533,693.669,659.864,627.039,595.125,564.054,533.766,504.202,475.309,447.036,419.335,392.163,365.476,339.234,313.399,287.937,262.811,237.989,213.439,189.131,165.036,141.124,117.369,93.743,70.218,46.770,23.373,0.000
0.000,2669.527,5734.854,9831.429,16362.995,29123.425,60000.000,60000.000,60000.000,60000.000,60000.000,60000.000,60000.000,60000.000,60000.000,60000.000,60000.000,60000.000,60000.000,60000.000,29970.366,18081.752,12475.169,9392.979,7482.940,6190.130,5257.068,4550.935,3996.999,3550.174,3181.697,2872.360,2608.849,2381.640,2183.733,2009.864,1855.992,1718.959,1596.258,1485.870,1386.148,1295.733,1213.492,1138.471,1069.861,1006.971,949.204,896.045,847.044,801.807,759.988,721.281,685.415,652.148,621.266,592.575,565.903,541.094,518.008,496.518,476.509,457.879,440.532,424.384,409.356,395.377,382.383,370.314,359.118,348.744,339.147,330.288,322.127,314.632,307.771,301.514,295.837,290.716,286.129,282.058,278.483,275.391,272.766,270.597,268.871,267.580,266.716,266.271,266.240,266.618,267.401,268.589,270.178,272.170,274.566,277.368,280.579,284.204,288.248,292.719,297.623,302.972,308.774,315.042,321.791,329.034,336.788,345.072,353.906,363.311,373.314,383.939,395.216,407.177,419.858,433.295,447.531,462.611,478.585,495.507,513.437,532.440,552.588,573.961,596.645,620.736,646.340,673.574,702.569,733.469,766.435,801.647,839.307,879.642,922.907,969.391,1019.424,1073.380,1131.691,1194.851,1263.436,1338.116,1419.678,1509.054,1607.354,1715.917,1836.368,1970.706,2121.422,2291.658,2485.441,2708.028,2966.414,3270.123,3632.478,4072.695,4619.561,5318.186,6243.337,7527.873,9429.323,12502.664,18100.196,29979.624,60000.000,60000.000,60000.000,60000.000,60000.000,60000.000,60000.000,60000.000,60000.000,60000.000,60000.000,60000.000,60000.000,60000.000,60000.000,29980.760,18102.461,12506.043,9433.793,7533.402,6249.886,5325.708,4628.001,4081.992,3642.564,3280.927,2977.855,2720.022,2497.899,2304.486,2134.523,1983.978,1849.705,1729.211,1620.494,1521.923,1432.159,1350.089,1274.777,1205.435,1141.391,1082.066,1026.962,975.648,927.746,882.925,840.893,801.394,764.198,729.102,695.924,664.501,634.686,606.346,579.364,553.630,529.046,505.523,482.980,461.343,440.544,420.519,401.213,382.572,364.548,347.095,330.173,313.743,297.770,282.219,267.061,252.266,237.806,223.658,209.797,196.200,182.847,169.716,156.790,144.051,131.480,119.061,106.778,94.617,82.563,70.600,58.716,46.896,35.128,23.398,11.693,0.000
0.000,0.000,0.000,0.000,0.000,0.000,0.000,0.000,0.000,0.000,0.000,0.000,0.000,0.000,0.000,0.000,0.000,0.000,0.000,0.000,0.000,0.000,0.000,0.000,0.000,0.000,0.000,0.000,0.000,0.000,0.000,0.000,0.000,0.000,0.000,0.000,0.000,0.000,0.000,0.000,0.000,0.000,0.000,0.000,0.000,0.000,0.000,0.000,0.000,0.000,0.000,0.000,0.000,0.000,0.000,0.000,0.000,0.000,0.000,0.000,0.000,0.000,0.000,0.000,0.000,0.000,0.000,0.000,0.000,0.000,0.000,0.000,0.000,0.000,0.000,0.000,0.000,0.000,0.000,0.000,0.000,0.000,0.000,0.000,0.000,0.000,0.000,0.000,0.000,0.000,0.000,0.000,0.000,0.000,0.000,0.000,0.000,0.000,0.000,0.000,0.000,0.000,0.000,0.000,0.000,0.000,0.000,0.000,0.000,0.000,0.000,0.000,0.000,0.000,0.000,0.000,0.000,0.000,0.000,0.000,0.000,0.000,0.000,0.000,0.000,0.000,0.000,0.000,0.000,0.000,0.000,0.000,0.000,0.000,0.000,0.000,0.000,0.000,0.000,0.000,0.000,0.000,0.000,0.000,0.000,0.000,0.000,0.000,0.000,0.000,0.000,0.000,0.000,0.000,0.000,0.000,0.000,0.000,0.000,0.000,0.000,0.000,0.000,0.000,0.000,0.000,0.000,0.000,0.000,0.000,0.000,0.000,0.000,0.000,0.000,0.000,0.000,0.000,0.000,0.000,0.000,0.000,0.000,0.000,0.000,0.000,0.000,0.000,0.000,0.000,0.000,0.000,0.000,0.000,0.000,0.000,0.000,0.000,0.000,0.000,0.000,0.000,0.000,0.000,0.000,0.000,0.000,0.000,0.000,0.000,0.000,0.000,0.000,0.000,0.000,0.000,0.000,0.000,0.000,0.000,0.000,0.000,0.000,0.000,0.000,0.000,0.000,0.000,0.000,0.000,0.000,0.000,0.000,0.000,0.000,0.000,0.000,0.000,0.000,0.000,0.000,0.000,0.000,0.000,0.000,0.000,0.000,0.000,0.000,0.000,0.000,0.000,0.000,0.000,0.000,0.000
