0.000,0.000,0.000,0.000,0.000,0.000,0.000,0.000,0.000,0.000,0.000,0.000,0.000,0.000,0.000,0.000,0.000,0.000,0.000,0.000,0.000,0.000,0.000,0.000,0.000,0.000,0.000,0.000,0.000,0.000,0.000,0.000,0.000,0.000,0.000,0.000,0.000,0.000,0.000,0.000,0.000,0.000,0.000,0.000,0.000,0.000,0.000,0.000,0.000,0.000,0.000,0.000,0.000,0.000,0.000,0.000,0.000,0.000,0.000,0.000,0.000,0.000,0.000,0.000,0.000,0.000,0.000,0.000,0.000,0.000,0.000,0.000,0.000,0.000,0.000,0.000,0.000,0.000,0.000,0.000,0.000,0.000,0.000,0.000,0.000,0.000,0.000,0.000,0.000,0.000,0.000,0.000,0.000,0.000,0.000,0.000,0.000,0.000,0.000,0.000,0.000,0.000,0.000,0.000,0.000,0.000,0.000,0.000,0.000,0.000,0.000,0.000,0.000,0.000,0.000,0.000,0.000,0.000,0.000,0.000,0.000,0.000,0.000,0.000,0.000,0.000,0.000,0.000,0.000,0.000,0.000,0.000,0.000,0.000,0.000,0.000,0.000,0.000,0.000,0.000,0.000,0.000,0.000,0.000,0.000,0.000,0.000,0.000,0.000,0.000,0.000,0.000,0.000,0.000,0.000,0.000,0.000,0.000,0.000,0.000,0.000,0.000,0.000,0.000,0.000,0.000,0.000,0.000,0.000,0.000,0.000,0.000,0.000,0.000,0.000,0.000,0.000,0.000,0.000,0.000,0.000,0.000,0.000,0.000,0.000,0.000,0.000,0.000,0.000,0.000,0.000,0.000,0.000,0.000,0.000,0.000,0.000,0.000,0.000,0.000,0.000,0.000,0.000,0.000,0.000,0.000,0.000,0.000,0.000,0.000,0.000,0.000,0.000,0.000,0.000,0.000,0.000,0.000,0.000,0.000,0.000,0.000,0.000,0.000,0.000,0.000,0.000,0.000,0.000,0.000,0.000,0.000,0.000,0.000,0.000,0.000,0.000,0.000,0.000,0.000,0.000,0.000,0.000,0.000,0.000,0.000,0.000,0.000,0.000,0.000,0.000,0.000,0.000,0.000,0.000,0.000
0.000,0.000,0.000,0.000,0.000,0.000,0.000,0.000,0.000,0.000,0.000,0.000,0.000,0.000,0.000,0.000,0.000,0.000,0.000,0.000,0.000,0.000,0.000,0.000,0.000,0.000,0.000,0.000,0.000,0.000,0.000,0.000,1.419,2.838,4.256,5.673,7.088,8.500,9.908,11.313,12.713,14.109,15.499,16.883,18.261,19.632,20.997,22.355,23.705,25.047,26.382,27.708,29.027,30.337,31.639,32.933,34.218,35.495,36.763,38.023,39.274,40.517,41.751,42.977,44.195,45.403,46.604,47.795,48.978,50.152,51.318,52.474,53.622,54.760,55.889,57.009,58.119,59.219,60.310,61.390,62.459,63.518,64.566,65.602,66.627,67.640,68.641,69.628,70.603,71.565,72.512,73.444,74.363,75.265,76.152,77.023,77.878,78.715,79.534,80.335,81.118,81.881,82.625,83.349,84.051,84.732,85.392,86.029,86.643,87.233,87.800,88.342,88.859,89.351,89.816,90.254,90.665,91.049,91.404,91.731,92.028,92.295,92.533,92.739,92.915,93.059,93.171,93.250,93.296,93.309,93.288,93.233,93.144,93.019,92.858,92.663,92.431,92.162,91.857,91.515,91.135,90.717,90.262,89.767,89.235,88.663,88.052,87.402,86.713,85.983,85.213,84.404,83.554,82.663,81.732,80.760,79.747,78.694,77.599,76.464,75.287,74.070,72.813,71.515,70.176,68.798,67.379,65.922,64.426,62.892,61.320,59.711,58.067,56.388,54.676,52.932,51.157,49.353,47.522,45.667,43.791,41.895,39.984,38.061,36.131,34.197,32.265,30.340,28.430,26.540,24.676,22.848,21.064,19.329,17.654,16.045,14.510,13.056,11.686,10.407,9.220,8.126,7.125,6.215,5.393,4.654,3.994,3.406,2.885,2.427,2.025,1.675,1.372,1.113,0.894,0.711,0.561,0.438,0.340,0.262,0.201,0.153,0.116,0.088,0.067,0.050,0.038,0.028,0.021,0.016,0.011,0.008,0.006,0.004,0.003,0.002,0.001,0.001,0.000,0.000,0.000,0.000,0.000,0.000,0.000,0.000,0.000,0.000,0.000,0.000,0.000,0.000,0.000,0.000,0.000,0.000
0.000,0.000,0.000,0.000,0.000,0.000,0.000,0.000,0.000,0.000,0.000,0.000,0.000,0.000,0.000,0.000,0.000,0.000,0.000,0.000,0.000,0.000,0.000,0.000,0.000,0.000,0.000,0.000,0.000,0.000,0.000,0.000,2.841,5.680,8.519,11.354,14.186,17.012,19.830,22.642,25.445,28.237,31.019,33.790,36.547,39.292,42.023,44.739,47.441,50.128,52.798,55.453,58.091,60.713,63.318,65.907,68.478,71.033,73.571,76.092,78.595,81.082,83.552,86.004,88.440,90.859,93.260,95.645,98.011,100.361,102.693,105.006,107.303,109.580,111.840,114.080,116.302,118.503,120.685,122.846,124.987,127.105,129.202,131.276,133.327,135.353,137.355,139.332,141.282,143.206,145.101,146.968,148.805,150.612,152.386,154.129,155.839,157.514,159.154,160.757,162.323,163.851,165.340,166.787,168.193,169.557,170.876,172.151,173.380,174.562,175.696,176.781,177.816,178.799,179.730,180.608,181.431,182.198,182.910,183.563,184.158,184.694,185.169,185.583,185.934,186.222,186.446,186.605,186.698,186.724,186.683,186.573,186.393,186.144,185.824,185.432,184.968,184.431,183.821,183.136,182.376,181.541,180.629,179.641,178.575,177.431,176.210,174.909,173.529,172.070,170.531,168.910,167.210,165.428,163.565,161.620,159.594,157.486,155.296,153.024,150.671,148.236,145.719,143.121,140.443,137.685,134.847,131.930,128.937,125.866,122.721,119.502,116.211,112.851,109.423,105.932,102.379,98.768,95.103,91.389,87.632,83.836,80.009,76.158,72.290,68.416,64.545,60.689,56.859,53.070,49.335,45.670,42.091,38.613,35.253,32.027,28.950,26.034,23.291,20.729,18.353,16.165,14.165,12.347,10.707,9.233,7.917,6.747,5.711,4.799,3.999,3.303,2.702,2.187,1.753,1.391,1.093,0.852,0.659,0.507,0.388,0.296,0.225,0.171,0.129,0.097,0.073,0.054,0.041,0.030,0.022,0.016,0.011,0.008,0.006,0.004,0.002,0.001,0.000,0.000,0.000,0.000,0.000,0.000,0.000,0.000,0.000,0.000,0.000,0.000,0.000,0.000,0.000,0.000,0.000,0.000
0.000,0.000,0.000,0.000,0.000,0.000,0.000,0.000,0.000,0.000,0.000,0.000,0.000,0.000,0.000,0.000,0.000,0.000,0.000,0.000,0.000,0.000,0.000,0.000,0.000,0.000,0.000,0.000,0.000,0.000,0.000,0.000,4.265,8.530,12.793,17.050,21.302,25.545,29.778,34.000,38.208,42.401,46.578,50.738,54.879,58.999,63.099,67.178,71.233,75.266,79.275,83.260,87.221,91.156,95.067,98.952,102.812,106.647,110.457,114.240,117.998,121.731,125.437,129.119,132.774,136.405,140.009,143.588,147.140,150.666,154.166,157.640,161.086,164.505,167.896,171.259,174.593,177.898,181.173,184.418,187.630,190.811,193.958,197.071,200.150,203.192,206.197,209.165,212.092,214.980,217.825,220.628,223.386,226.098,228.763,231.380,233.946,236.461,238.923,241.330,243.682,245.976,248.210,250.384,252.495,254.542,256.524,258.438,260.283,262.058,263.761,265.390,266.943,268.420,269.818,271.136,272.373,273.525,274.594,275.575,276.469,277.274,277.988,278.610,279.138,279.571,279.908,280.147,280.287,280.327,280.265,280.101,279.832,279.458,278.978,278.391,277.695,276.890,275.974,274.947,273.807,272.554,271.186,269.703,268.104,266.389,264.555,262.604,260.533,258.343,256.033,253.602,251.049,248.376,245.580,242.661,239.620,236.456,233.169,229.760,226.227,222.572,218.795,214.895,210.875,206.734,202.474,198.096,193.601,188.991,184.269,179.435,174.494,169.448,164.301,159.056,153.719,148.295,142.789,137.209,131.562,125.858,120.105,114.314,108.499,102.672,96.848,91.046,85.282,79.577,73.953,68.433,63.041,57.801,52.739,47.880,43.245,38.856,34.728,30.876,27.308,24.026,21.029,18.310,15.858,13.660,11.699,9.957,8.417,7.061,5.872,4.838,3.945,3.182,2.540,2.006,1.570,1.218,0.939,0.720,0.550,0.418,0.317,0.240,0.181,0.136,0.102,0.076,0.057,0.042,0.031,0.022,0.016,0.012,0.008,0.005,0.003,0.001,0.000,0.000,0.000,0.000,0.000,0.000,0.000,0.000,0.000,0.000,0.000,0.000,0.000,0.000,0.000,0.000,0.000,0.000
0.000,0.000,0.000,0.000,0.000,0.000,0.000,0.000,0.000,0.000,0.000,0.000,0.000,0.000,0.000,0.000,0.000,0.000,0.000,0.000,0.000,0.000,0.000,0.000,0.000,0.000,0.000,0.000,0.000,0.000,0.000,0.000,5.696,11.391,17.082,22.768,28.445,34.111,39.763,45.399,51.018,56.616,62.193,67.746,73.274,78.775,84.248,89.692,95.105,100.488,105.839,111.158,116.443,121.695,126.915,132.100,137.252,142.369,147.452,152.501,157.516,162.497,167.444,172.356,177.234,182.079,186.888,191.663,196.404,201.110,205.781,210.416,215.014,219.577,224.103,228.591,233.040,237.451,241.822,246.151,250.439,254.684,258.884,263.040,267.148,271.209,275.220,279.181,283.089,286.942,290.741,294.482,298.163,301.783,305.341,308.834,312.260,315.617,318.904,322.118,325.257,328.319,331.303,334.205,337.023,339.757,342.402,344.958,347.422,349.792,352.066,354.241,356.316,358.288,360.155,361.915,363.566,365.106,366.533,367.845,369.039,370.114,371.068,371.900,372.606,373.185,373.636,373.956,374.144,374.199,374.117,373.899,373.542,373.045,372.406,371.623,370.696,369.622,368.401,367.032,365.512,363.840,362.016,360.039,357.906,355.617,353.172,350.569,347.807,344.886,341.803,338.560,335.155,331.588,327.857,323.963,319.906,315.684,311.298,306.748,302.034,297.157,292.116,286.911,281.546,276.019,270.333,264.489,258.489,252.335,246.030,239.577,232.979,226.240,219.366,212.361,205.232,197.985,190.628,183.171,175.623,167.997,160.304,152.559,144.778,136.980,129.184,121.413,113.691,106.046,98.507,91.105,83.872,76.843,70.052,63.533,57.318,51.435,45.909,40.756,35.991,31.615,27.626,24.015,20.766,17.858,15.268,12.971,10.943,9.158,7.595,6.234,5.060,4.059,3.218,2.525,1.962,1.514,1.160,0.885,0.672,0.510,0.386,0.291,0.219,0.165,0.123,0.092,0.069,0.051,0.037,0.027,0.020,0.014,0.009,0.006,0.003,0.001,0.000,0.000,0.000,0.000,0.000,0.000,0.000,0.000,0.000,0.000,0.000,0.000,0.000,0.000,0.000,0.000,0.000,0.000
0.000,0.000,0.000,0.000,0.000,0.000,0.000,0.000,0.000,0.000,0.000,0.000,0.000,0.000,0.000,0.000,0.000,0.000,0.000,0.000,0.000,0.000,0.000,0.000,0.000,0.000,0.000,0.000,0.000,0.000,0.000,0.000,7.133,14.265,21.393,28.513,35.622,42.717,49.795,56.853,63.888,70.898,77.880,84.832,91.752,98.639,105.490,112.304,119.081,125.818,132.516,139.172,145.787,152.360,158.892,165.381,171.827,178.231,184.591,190.909,197.184,203.417,209.606,215.753,221.857,227.918,233.937,239.912,245.844,251.732,257.576,263.376,269.131,274.840,280.503,286.120,291.688,297.207,302.677,308.096,313.462,318.774,324.031,329.232,334.374,339.457,344.477,349.434,354.326,359.150,363.904,368.587,373.195,377.727,382.181,386.554,390.843,395.046,399.161,403.185,407.115,410.949,414.684,418.318,421.847,425.269,428.582,431.783,434.868,437.836,440.684,443.408,446.007,448.476,450.815,453.020,455.088,457.018,458.806,460.449,461.946,463.293,464.490,465.532,466.418,467.145,467.711,468.114,468.352,468.422,468.322,468.051,467.607,466.986,466.188,465.211,464.053,462.712,461.186,459.474,457.574,455.484,453.203,450.730,448.064,445.202,442.144,438.888,435.434,431.779,427.924,423.867,419.608,415.145,410.478,405.607,400.530,395.249,389.761,384.068,378.170,372.066,365.758,359.246,352.530,345.614,338.497,331.181,323.670,315.966,308.072,299.991,291.729,283.290,274.679,265.904,256.971,247.890,238.670,229.321,219.857,210.291,200.639,190.920,181.151,171.357,161.562,151.794,142.084,132.465,122.976,113.654,104.543,95.686,87.129,78.915,71.088,63.684,56.737,50.271,44.301,38.833,33.860,29.371,25.342,21.746,18.551,15.724,13.230,11.038,9.118,7.447,6.005,4.778,3.752,2.914,2.242,1.714,1.304,0.988,0.747,0.564,0.425,0.320,0.240,0.180,0.135,0.101,0.075,0.055,0.040,0.029,0.021,0.015,0.010,0.006,0.003,0.001,0.000,0.000,0.000,0.000,0.000,0.000,0.000,0.000,0.000,0.000,0.000,0.000,0.000,0.000,0.000,0.000,0.000,0.000
0.000,0.000,0.000,0.000,0.000,0.000,0.000,0.000,0.000,0.000,0.000,0.000,0.000,0.000,0.000,0.000,0.000,0.000,0.000,0.000,0.000,0.000,0.000,0.000,0.000,0.000,0.000,0.000,0.000,0.000,0.000,0.000,8.579,17.157,25.730,34.293,42.842,51.375,59.886,68.374,76.833,85.261,93.656,102.015,110.335,118.613,126.849,135.040,143.185,151.282,159.331,167.331,175.280,183.179,191.028,198.825,206.570,214.265,221.907,229.498,237.037,244.525,251.961,259.346,266.680,273.962,281.193,288.372,295.498,302.573,309.595,316.563,323.478,330.338,337.143,343.891,350.582,357.214,363.787,370.298,376.747,383.131,389.449,395.700,401.879,407.988,414.022,419.980,425.860,431.658,437.373,443.001,448.541,453.989,459.343,464.600,469.756,474.809,479.756,484.594,489.319,493.930,498.421,502.790,507.033,511.149,515.133,518.982,522.693,526.262,529.687,532.964,536.089,539.060,541.874,544.526,547.015,549.337,551.488,553.466,555.268,556.891,558.331,559.586,560.654,561.531,562.214,562.702,562.991,563.078,562.961,562.639,562.108,561.365,560.410,559.239,557.850,556.241,554.411,552.357,550.076,547.568,544.831,541.862,538.661,535.225,531.553,527.644,523.496,519.107,514.478,509.605,504.490,499.129,493.524,487.673,481.575,475.230,468.638,461.798,454.712,447.378,439.798,431.973,423.903,415.590,407.036,398.244,389.215,379.953,370.461,360.745,350.808,340.658,330.300,319.742,308.993,298.063,286.963,275.706,264.306,252.780,241.147,229.427,217.643,205.823,193.996,182.195,170.457,158.823,147.338,136.050,125.012,114.278,103.906,93.951,84.469,75.509,67.114,59.315,52.133,45.573,39.628,34.280,29.498,25.244,21.476,18.151,15.223,12.650,10.398,8.434,6.738,5.297,4.100,3.136,2.380,1.797,1.353,1.017,0.764,0.574,0.431,0.323,0.242,0.182,0.136,0.101,0.075,0.055,0.040,0.029,0.021,0.015,0.010,0.006,0.003,0.001,0.000,0.000,0.000,0.000,0.000,0.000,0.000,0.000,0.000,0.000,0.000,0.000,0.000,0.000,0.000,0.000,0.000,0.000
0.000,0.000,0.000,0.000,0.000,0.000,0.000,0.000,0.000,0.000,0.000,0.000,0.000,0.000,0.000,0.000,0.000,0.000,0.000,0.000,0.000,0.000,0.000,0.000,0.000,0.000,0.000,0.000,0.000,0.000,0.000,0.000,10.036,20.070,30.097,40.113,50.114,60.094,70.049,79.974,89.867,99.724,109.540,119.313,129.040,138.719,148.346,157.921,167.441,176.905,186.312,195.661,204.951,214.182,223.353,232.463,241.513,250.503,259.432,268.300,277.109,285.857,294.544,303.172,311.740,320.247,328.695,337.082,345.408,353.674,361.878,370.019,378.098,386.114,394.065,401.950,409.768,417.518,425.199,432.807,440.344,447.805,455.188,462.493,469.716,476.855,483.908,490.872,497.744,504.522,511.203,517.782,524.258,530.628,536.887,543.032,549.061,554.969,560.753,566.410,571.936,577.327,582.578,587.688,592.651,597.464,602.124,606.626,610.966,615.141,619.148,622.981,626.637,630.113,633.406,636.510,639.422,642.139,644.658,646.973,649.084,650.984,652.672,654.143,655.395,656.424,657.227,657.801,658.143,658.249,658.118,657.745,657.129,656.266,655.153,653.789,652.170,650.295,648.160,645.764,643.103,640.177,636.983,633.518,629.781,625.770,621.484,616.920,612.076,606.953,601.547,595.857,589.883,583.623,577.076,570.242,563.119,555.708,548.007,540.017,531.738,523.170,514.313,505.169,495.739,486.024,476.026,465.748,455.193,444.365,433.267,421.904,410.283,398.409,386.290,373.935,361.354,348.558,335.559,322.373,309.015,295.505,281.863,268.113,254.282,240.400,226.501,212.624,198.812,185.112,171.577,158.264,145.238,132.565,120.316,108.561,97.370,86.807,76.927,67.772,59.367,51.720,44.820,38.639,33.139,28.267,23.970,20.189,16.866,13.950,11.393,9.158,7.221,5.573,4.218,3.154,2.346,1.742,1.295,0.964,0.718,0.536,0.401,0.300,0.224,0.168,0.125,0.093,0.069,0.051,0.037,0.027,0.020,0.014,0.010,0.006,0.003,0.001,0.000,0.000,0.000,0.000,0.000,0.000,0.000,0.000,0.000,0.000,0.000,0.000,0.000,0.000,0.000,0.000,0.000,0.000
0.000,0.000,0.000,0.000,0.000,0.000,0.000,0.000,0.000,0.000,0.000,0.000,0.000,0.000,0.000,0.000,0.000,0.000,0.000,0.000,0.000,0.000,0.000,0.000,0.000,0.000,0.000,0.000,0.000,0.000,0.000,0.000,11.504,23.006,34.501,45.982,57.445,68.884,80.293,91.669,103.006,114.301,125.548,136.745,147.889,158.976,170.005,180.972,191.875,202.714,213.486,224.192,234.829,245.397,255.897,266.327,276.687,286.978,297.199,307.351,317.434,327.447,337.392,347.267,357.074,366.812,376.482,386.082,395.613,405.074,414.466,423.786,433.035,442.211,451.313,460.341,469.292,478.165,486.959,495.671,504.300,512.843,521.298,529.663,537.935,546.111,554.189,562.165,570.036,577.799,585.450,592.987,600.406,607.702,614.872,621.913,628.819,635.588,642.216,648.697,655.029,661.206,667.224,673.079,678.767,684.284,689.624,694.784,699.759,704.545,709.138,713.532,717.725,721.711,725.486,729.045,732.386,735.503,738.392,741.050,743.471,745.653,747.591,749.282,750.721,751.905,752.830,753.493,753.890,754.018,753.873,753.452,752.752,751.769,750.501,748.945,747.098,744.956,742.518,739.780,736.739,733.395,729.743,725.781,721.508,716.922,712.020,706.799,701.259,695.398,689.214,682.704,675.869,668.707,661.216,653.395,645.244,636.763,627.949,618.804,609.327,599.519,589.380,578.911,568.113,556.989,545.539,533.768,521.678,509.273,496.557,483.537,470.217,456.606,442.712,428.543,414.112,399.430,384.512,369.373,354.032,338.509,322.828,307.014,291.097,275.113,259.097,243.094,227.152,211.326,195.676,180.270,165.182,150.493,136.289,122.659,109.689,97.463,86.051,75.510,65.872,57.144,49.312,42.338,36.166,30.731,25.959,21.777,18.112,14.896,12.070,9.588,7.418,5.559,4.044,2.916,2.107,1.532,1.121,0.825,0.610,0.453,0.337,0.251,0.187,0.140,0.104,0.077,0.057,0.042,0.031,0.023,0.017,0.012,0.008,0.005,0.003,0.001,0.000,0.000,0.000,0.000,0.000,0.000,0.000,0.000,0.000,0.000,0.000,0.000,0.000,0.000,0.000,0.000,0.000,0.000
0.000,0.000,0.000,0.000,0.000,0.000,0.000,0.000,0.000,0.000,0.000,0.000,0.000,0.000,0.000,0.000,0.000,0.000,0.000,0.000,0.000,0.000,0.000,0.000,0.000,0.000,0.000,0.000,0.000,0.000,0.000,0.000,12.987,25.971,38.946,51.907,64.845,77.756,90.633,103.471,116.265,129.009,141.699,154.332,166.903,179.409,191.848,204.216,216.512,228.734,240.880,252.949,264.941,276.855,288.690,300.446,312.124,323.723,335.243,346.684,358.047,369.332,380.539,391.668,402.721,413.695,424.593,435.412,446.153,456.816,467.401,477.905,488.330,498.672,508.932,519.108,529.198,539.201,549.114,558.936,568.664,578.296,587.830,597.261,606.589,615.808,624.917,633.911,642.788,651.543,660.173,668.674,677.041,685.271,693.359,701.302,709.093,716.730,724.207,731.519,738.663,745.633,752.424,759.031,765.450,771.675,777.703,783.527,789.143,794.545,799.730,804.691,809.425,813.926,818.189,822.209,825.983,829.504,832.769,835.772,838.509,840.976,843.169,845.082,846.712,848.054,849.105,849.859,850.314,850.466,850.310,849.843,849.061,847.960,846.538,844.791,842.716,840.309,837.567,834.488,831.068,827.304,823.194,818.736,813.927,808.763,803.244,797.366,791.128,784.527,777.562,770.231,762.532,754.464,746.025,737.215,728.031,718.474,708.544,698.238,687.558,676.504,665.076,653.275,641.102,628.560,615.650,602.375,588.740,574.747,560.402,545.710,530.679,515.315,499.628,483.628,467.327,450.738,433.876,416.759,399.405,381.839,364.083,346.168,328.125,309.991,291.807,273.622,255.488,237.466,219.625,202.043,184.806,168.009,151.755,136.154,121.316,107.349,94.347,82.381,71.496,61.701,52.970,45.253,38.473,32.544,27.371,22.858,18.916,15.459,12.411,9.708,7.307,5.204,3.487,2.361,1.635,1.157,0.833,0.606,0.444,0.328,0.243,0.180,0.134,0.100,0.075,0.055,0.041,0.030,0.022,0.016,0.012,0.008,0.006,0.004,0.002,0.001,0.000,0.000,0.000,0.000,0.000,0.000,0.000,0.000,0.000,0.000,0.000,0.000,0.000,0.000,0.000,0.000,0.000,0.000
0.000,0.000,0.000,0.000,0.000,0.000,0.000,0.000,0.000,0.000,0.000,0.000,0.000,0.000,0.000,0.000,0.000,0.000,0.000,0.000,0.000,0.000,0.000,0.000,0.000,0.000,0.000,0.000,0.000,0.000,0.000,0.000,14.485,28.967,43.439,57.893,72.323,86.721,101.080,115.394,129.658,143.865,158.011,172.092,186.102,200.039,213.899,227.679,241.377,254.991,268.520,281.963,295.318,308.586,321.764,334.854,347.856,360.770,373.596,386.333,398.983,411.546,424.023,436.413,448.716,460.934,473.065,485.109,497.068,508.940,520.724,532.419,544.026,555.542,566.966,578.297,589.533,600.672,611.712,622.651,633.485,644.213,654.832,665.338,675.728,685.998,696.146,706.167,716.056,725.811,735.426,744.899,754.223,763.394,772.408,781.259,789.943,798.455,806.789,814.940,822.903,830.673,838.244,845.611,852.767,859.709,866.430,872.925,879.188,885.214,890.997,896.531,901.812,906.834,911.590,916.077,920.289,924.220,927.865,931.219,934.277,937.033,939.484,941.624,943.448,944.953,946.132,946.981,947.497,947.675,947.511,947.000,946.138,944.922,943.347,941.411,939.108,936.437,933.392,929.972,926.173,921.990,917.423,912.467,907.119,901.378,895.240,888.703,881.765,874.423,866.674,858.518,849.953,840.976,831.586,821.781,811.561,800.925,789.871,778.399,766.510,754.203,741.479,728.339,714.783,700.814,686.433,671.645,656.452,640.860,624.872,608.494,591.735,574.602,557.104,539.253,521.060,502.540,483.709,464.584,445.188,425.543,405.677,385.618,365.402,345.068,324.660,304.229,283.834,263.539,243.422,223.569,204.078,185.060,166.639,148.949,132.131,116.322,101.649,88.210,76.063,65.219,55.641,47.251,39.948,33.616,28.132,23.379,19.243,15.620,12.413,9.532,6.898,4.466,2.339,1.404,0.917,0.630,0.446,0.321,0.234,0.172,0.127,0.094,0.070,0.052,0.039,0.029,0.021,0.016,0.011,0.008,0.006,0.004,0.003,0.002,0.001,0.000,0.000,0.000,0.000,0.000,0.000,0.000,0.000,0.000,0.000,0.000,0.000,0.000,0.000,0.000,0.000,0.000,0.000,0.000
0.000,0.000,0.000,0.000,0.000,0.000,0.000,0.000,0.000,0.000,0.000,0.000,0.000,0.000,0.000,0.000,0.000,0.000,0.000,0.000,0.000,0.000,0.000,0.000,0.000,0.000,0.000,0.000,0.000,0.000,0.000,0.000,16.001,31.999,47.985,63.951,79.888,95.789,111.647,127.454,143.202,158.888,174.504,190.046,205.508,220.888,236.181,251.385,266.496,281.514,296.436,311.261,325.989,340.619,355.150,369.582,383.917,398.153,412.292,426.333,440.278,454.126,467.878,481.535,495.098,508.565,521.937,535.215,548.397,561.484,574.475,587.369,600.165,612.862,625.458,637.951,650.341,662.624,674.799,686.862,698.811,710.643,722.355,733.944,745.405,756.734,767.928,778.984,789.895,800.658,811.268,821.720,832.009,842.130,852.077,861.846,871.431,880.826,890.025,899.023,907.814,916.392,924.751,932.885,940.787,948.453,955.875,963.048,969.966,976.622,983.010,989.125,994.960,1000.508,1005.765,1010.725,1015.380,1019.727,1023.758,1027.468,1030.851,1033.903,1036.617,1038.988,1041.011,1042.681,1043.993,1044.941,1045.521,1045.729,1045.559,1045.006,1044.067,1042.737,1041.012,1038.887,1036.359,1033.424,1030.078,1026.318,1022.139,1017.538,1012.512,1007.057,1001.172,994.851,988.093,980.896,973.255,965.169,956.635,947.651,938.216,928.326,917.980,907.177,895.916,884.194,872.012,859.369,846.263,832.697,818.668,804.180,789.232,773.826,757.965,741.652,724.890,707.684,690.038,671.960,653.456,634.536,615.207,595.482,575.374,554.898,534.069,512.908,491.436,469.676,447.658,425.412,402.974,380.385,357.692,334.948,312.214,289.561,267.071,244.838,222.972,201.601,180.870,160.943,141.996,124.212,107.763,92.786,79.363,67.502,57.146,48.183,40.470,33.853,28.176,23.293,19.066,15.372,12.093,9.111,6.292,3.425,0.000,0.000,0.000,0.000,0.000,0.000,0.000,0.000,0.000,0.000,0.000,0.000,0.000,0.000,0.000,0.000,0.000,0.000,0.000,0.000,0.000,0.000,0.000,0.000,0.000,0.000,0.000,0.000,0.000,0.000,0.000,0.000,0.000,0.000,0.000,0.000,0.000,0.000,0.000,0.000,0.000,0.000
0.000,0.000,0.000,0.000,0.000,0.000,0.000,0.000,0.000,0.000,0.000,0.000,0.000,0.000,0.000,0.000,0.000,0.000,0.000,0.000,0.000,0.000,0.000,0.000,0.000,0.000,0.000,0.000,0.000,0.000,0.000,0.000,17.537,35.070,52.589,70.086,87.550,104.973,122.348,139.664,156.915,174.095,191.196,208.215,225.144,241.981,258.720,275.360,291.897,308.329,324.655,340.873,356.984,372.985,388.878,404.662,420.337,435.905,451.364,466.718,481.965,497.106,512.142,527.074,541.903,556.627,571.249,585.767,600.181,614.491,628.697,642.797,656.790,670.676,684.452,698.117,711.668,725.104,738.422,751.618,764.690,777.635,790.449,803.129,815.670,828.068,840.318,852.417,864.359,876.139,887.752,899.193,910.457,921.537,932.428,943.123,953.618,963.905,973.979,983.833,993.461,1002.856,1012.011,1020.921,1029.578,1037.976,1046.108,1053.967,1061.548,1068.842,1075.843,1082.545,1088.941,1095.025,1100.789,1106.227,1111.334,1116.102,1120.525,1124.597,1128.312,1131.664,1134.646,1137.254,1139.481,1141.322,1142.770,1143.821,1144.469,1144.709,1144.536,1143.945,1142.931,1141.490,1139.616,1137.305,1134.553,1131.356,1127.709,1123.608,1119.050,1114.030,1108.546,1102.593,1096.167,1089.267,1081.887,1074.027,1065.682,1056.849,1047.527,1037.712,1027.403,1016.596,1005.291,993.485,981.177,968.365,955.048,941.226,926.898,912.064,896.723,880.877,864.527,847.675,830.322,812.472,794.128,775.294,755.976,736.180,715.914,695.185,674.005,652.384,630.336,607.876,585.021,561.790,538.206,514.294,490.081,465.600,440.889,415.987,390.945,365.814,340.660,315.556,290.586,265.853,241.476,217.596,194.382,172.030,150.763,130.825,112.453,95.850,81.134,68.311,57.284,47.886,39.915,33.165,27.439,22.559,18.365,14.716,11.480,8.531,5.735,2.941,0.000,0.000,0.000,0.000,0.000,0.000,0.000,0.000,0.000,0.000,0.000,0.000,0.000,0.000,0.000,0.000,0.000,0.000,0.000,0.000,0.000,0.000,0.000,0.000,0.000,0.000,0.000,0.000,0.000,0.000,0.000,0.000,0.000,0.000,0.000,0.000,0.000,0.000,0.000,0.000,0.000,0.000
0.000,0.000,0.001,0.001,0.001,0.001,0.001,0.001,0.000,0.000,0.000,0.000,0.000,0.000,0.000,0.000,0.000,0.000,0.000,0.000,0.000,0.000,0.000,0.000,0.000,0.000,0.000,0.000,0.000,0.000,0.000,0.000,19.095,38.185,57.259,76.307,95.319,114.285,133.196,152.041,170.813,189.505,208.109,226.620,245.033,263.341,281.541,299.631,317.606,335.465,353.206,370.829,388.333,405.717,422.980,440.125,457.151,474.058,490.848,507.522,524.079,540.522,556.851,573.066,589.169,605.160,621.038,636.805,652.459,668.001,683.430,698.744,713.944,729.027,743.992,758.837,773.559,788.157,802.626,816.965,831.170,845.238,859.164,872.944,886.575,900.051,913.367,926.520,939.502,952.309,964.937,977.377,989.625,1001.674,1013.518,1025.151,1036.565,1047.755,1058.714,1069.433,1079.908,1090.129,1100.091,1109.786,1119.207,1128.347,1137.197,1145.752,1154.004,1161.945,1169.568,1176.866,1183.831,1190.457,1196.736,1202.661,1208.226,1213.422,1218.245,1222.685,1226.738,1230.396,1233.653,1236.502,1238.938,1240.954,1242.543,1243.701,1244.421,1244.698,1244.526,1243.900,1242.814,1241.263,1239.243,1236.748,1233.774,1230.315,1226.368,1221.928,1216.991,1211.553,1205.609,1199.156,1192.191,1184.709,1176.707,1168.182,1159.130,1149.548,1139.435,1128.785,1117.599,1105.871,1093.602,1080.787,1067.427,1053.519,1039.061,1024.053,1008.495,992.384,975.723,958.511,940.749,922.438,903.581,884.181,864.240,843.764,822.757,801.226,779.178,756.622,733.568,710.027,686.013,661.541,636.628,611.294,585.562,559.456,533.005,506.241,479.202,451.928,424.468,396.877,369.217,341.563,314.001,286.636,259.593,233.025,207.120,182.109,158.270,135.927,115.424,97.069,81.047,67.353,55.818,46.181,38.156,31.467,25.869,21.149,17.128,13.652,10.584,7.800,5.179,2.606,0.000,0.000,0.000,0.000,0.000,0.000,0.000,0.000,0.000,0.000,0.000,0.000,0.000,0.000,0.000,0.000,0.000,0.000,0.000,0.000,0.000,0.000,0.000,0.000,0.000,0.000,0.000,0.000,0.000,0.000,0.000,0.000,0.000,0.000,0.000,0.000,0.000,0.000,0.000,0.000,0.000,0.000
0.000,0.001,0.002,0.003,0.003,0.003,0.002,0.001,0.000,0.000,0.000,0.000,0.000,0.000,0.000,0.000,0.000,0.000,0.000,0.000,0.000,0.000,0.000,0.000,0.000,0.000,0.000,0.000,0.000,0.000,0.000,0.000,20.676,41.347,62.001,82.624,103.207,123.737,144.205,164.601,184.914,205.138,225.264,245.285,265.197,284.993,304.670,324.223,343.651,362.950,382.120,401.159,420.067,438.844,457.490,476.005,494.391,512.647,530.777,548.780,566.657,584.410,602.040,619.548,636.934,654.199,671.343,688.367,705.270,722.053,738.714,755.252,771.667,787.957,804.120,820.155,836.058,851.827,867.459,882.951,898.299,913.499,928.548,943.440,958.171,972.735,987.129,1001.345,1015.380,1029.225,1042.877,1056.327,1069.571,1082.600,1095.409,1107.989,1120.334,1132.438,1144.291,1155.888,1167.219,1178.278,1189.057,1199.548,1209.742,1219.634,1229.213,1238.473,1247.406,1256.003,1264.257,1272.159,1279.703,1286.880,1293.682,1300.103,1306.133,1311.766,1316.995,1321.811,1326.208,1330.179,1333.716,1336.813,1339.464,1341.660,1343.396,1344.665,1345.462,1345.779,1345.612,1344.954,1343.799,1342.142,1339.978,1337.301,1334.106,1330.387,1326.142,1321.363,1316.048,1310.191,1303.788,1296.835,1289.328,1281.263,1272.637,1263.444,1253.683,1243.350,1232.442,1220.955,1208.887,1196.234,1182.995,1169.168,1154.749,1139.738,1124.133,1107.932,1091.135,1073.740,1055.749,1037.160,1017.975,998.194,977.821,956.857,935.306,913.171,890.459,867.174,843.325,818.920,793.968,768.482,742.475,715.961,688.959,661.487,633.568,605.227,576.492,547.396,517.974,488.267,458.322,428.192,397.939,367.635,337.364,307.229,277.354,247.897,219.057,191.096,164.351,139.251,116.298,95.996,78.667,64.265,52.476,42.884,35.076,28.691,23.429,19.049,15.353,12.185,9.410,6.909,4.576,2.304,0.000,0.000,0.000,0.000,0.000,0.000,0.000,0.000,0.000,0.000,0.000,0.000,0.000,0.000,0.000,0.000,0.000,0.000,0.000,0.000,0.000,0.000,0.000,0.000,0.000,0.000,0.000,0.000,0.000,0.000,0.000,0.000,0.000,0.000,0.000,0.000,0.000,0.000,0.000,0.000,0.000,0.000
0.000,0.002,0.004,0.006,0.006,0.005,0.004,0.002,0.000,0.000,0.000,0.000,0.000,0.000,0.000,0.000,0.000,0.000,0.000,0.000,0.000,0.000,0.000,0.000,0.000,0.000,0.000,0.000,0.000,0.000,0.000,0.000,22.285,44.563,66.821,89.045,111.223,133.343,155.393,177.361,199.238,221.014,242.681,264.233,285.662,306.964,328.133,349.166,370.060,390.813,411.424,431.893,452.217,472.399,492.437,512.334,532.090,551.707,571.185,590.527,609.734,628.806,647.747,666.556,685.234,703.783,722.202,740.493,758.654,776.687,794.590,812.362,830.003,847.510,864.882,882.116,899.210,916.162,932.967,949.622,966.124,982.468,998.650,1014.665,1030.508,1046.173,1061.655,1076.948,1092.045,1106.941,1121.629,1136.102,1150.352,1164.374,1178.158,1191.698,1204.986,1218.015,1230.775,1243.259,1255.460,1267.367,1278.975,1290.272,1301.252,1311.906,1322.225,1332.201,1341.825,1351.088,1359.983,1368.500,1376.632,1384.369,1391.704,1398.627,1405.132,1411.210,1416.853,1422.052,1426.801,1431.092,1434.917,1438.268,1441.139,1443.521,1445.409,1446.795,1447.673,1448.036,1447.877,1447.190,1445.970,1444.210,1441.905,1439.048,1435.634,1431.657,1427.114,1421.998,1416.305,1410.029,1403.167,1395.713,1387.664,1379.014,1369.762,1359.900,1349.428,1338.340,1326.633,1314.305,1301.351,1287.769,1273.555,1258.709,1243.227,1227.106,1210.346,1192.944,1174.900,1156.213,1136.881,1116.905,1096.286,1075.024,1053.121,1030.579,1007.402,983.593,959.157,934.100,908.429,882.152,855.280,827.823,799.794,771.209,742.084,712.438,682.294,651.675,620.611,589.131,557.271,525.070,492.572,459.828,426.896,393.843,360.746,327.700,294.823,262.261,230.214,198.952,168.860,140.485,114.571,91.989,73.393,58.590,46.959,37.820,30.588,24.804,20.119,16.270,13.059,10.330,7.963,5.854,3.914,2.036,0.000,0.000,0.000,0.000,0.000,0.000,0.000,0.000,0.000,0.000,0.000,0.000,0.000,0.000,0.000,0.000,0.000,0.000,0.000,0.000,0.000,0.000,0.000,0.000,0.000,0.000,0.000,0.000,0.000,0.000,0.000,0.000,0.000,0.000,0.000,0.000,0.000,0.000,0.000,0.000,0.000,0.000
0.000,0.004,0.007,0.009,0.010,0.009,0.007,0.004,0.000,0.000,0.000,0.000,0.000,0.000,0.000,0.000,0.000,0.000,0.000,0.000,0.000,0.000,0.000,0.000,0.000,0.000,0.000,0.000,0.000,0.000,0.000,0.000,23.922,47.836,71.727,95.580,119.381,143.117,166.773,190.339,213.803,237.155,260.386,283.488,306.454,329.279,351.958,374.487,396.864,419.086,441.152,463.062,484.816,506.414,527.857,549.147,570.283,591.270,612.108,632.799,653.344,673.746,694.007,714.127,734.107,753.949,773.654,793.221,812.651,831.944,851.099,870.116,888.992,907.727,926.318,944.763,963.060,981.205,999.195,1017.026,1034.693,1052.193,1069.521,1086.670,1103.637,1120.415,1136.998,1153.379,1169.553,1185.512,1201.249,1216.756,1232.027,1247.053,1261.826,1276.338,1290.582,1304.548,1318.228,1331.613,1344.694,1357.463,1369.910,1382.027,1393.804,1405.233,1416.302,1427.005,1437.331,1447.272,1456.819,1465.961,1474.690,1482.998,1490.875,1498.312,1505.300,1511.831,1517.897,1523.488,1528.597,1533.215,1537.334,1540.947,1544.044,1546.619,1548.665,1550.173,1551.137,1551.550,1551.404,1550.694,1549.412,1547.552,1545.108,1542.073,1538.442,1534.210,1529.370,1523.918,1517.847,1511.153,1503.831,1495.876,1487.283,1478.049,1468.167,1457.635,1446.448,1434.602,1422.094,1408.920,1395.076,1380.559,1365.367,1349.496,1332.943,1315.707,1297.784,1279.174,1259.874,1239.884,1219.202,1197.829,1175.764,1153.007,1129.561,1105.427,1080.608,1055.108,1028.930,1002.081,974.568,946.397,917.579,888.124,858.045,827.357,796.076,764.220,731.811,698.873,665.433,631.520,597.167,562.411,527.294,491.863,456.169,420.272,384.239,348.152,312.107,276.229,240.686,205.723,171.723,139.318,109.559,84.031,64.355,49.766,38.968,30.864,24.665,19.827,15.979,12.860,10.285,8.119,6.260,4.633,3.192,1.925,0.923,0.679,0.714,0.858,1.043,1.239,1.431,1.611,1.775,1.917,2.036,2.130,2.196,2.234,2.242,2.220,2.168,2.086,1.975,1.836,1.671,1.482,1.270,1.040,0.794,0.536,0.270,0.000,0.000,0.000,0.000,0.000,0.000,0.000,0.000,0.000,0.000,0.000,0.000,0.000,0.000,0.000
0.000,0.006,0.011,0.014,0.015,0.014,0.011,0.006,0.000,0.000,0.000,0.000,0.000,0.000,0.000,0.000,0.000,0.000,0.000,0.000,0.000,0.000,0.000,0.000,0.000,0.000,0.000,0.000,0.000,0.000,0.000,0.000,25.590,51.171,76.727,102.239,127.693,153.073,178.365,203.555,228.631,253.583,278.400,303.074,327.599,351.967,376.174,400.216,424.092,447.798,471.334,494.700,517.896,540.923,563.782,586.475,609.004,631.372,653.579,675.630,697.525,719.266,740.856,762.298,783.590,804.736,825.736,846.590,867.299,887.863,908.281,928.553,948.677,968.650,988.473,1008.141,1027.652,1047.002,1066.189,1085.207,1104.053,1122.722,1141.208,1159.505,1177.609,1195.513,1213.210,1230.694,1247.957,1264.992,1281.792,1298.348,1314.652,1330.696,1346.472,1361.970,1377.182,1392.100,1406.713,1421.012,1434.987,1448.630,1461.931,1474.880,1487.466,1499.681,1511.514,1522.957,1533.998,1544.627,1554.837,1564.615,1573.954,1582.842,1591.272,1599.232,1606.714,1613.708,1620.206,1626.197,1631.675,1636.628,1641.049,1644.930,1648.262,1651.037,1653.246,1654.883,1655.938,1656.406,1656.278,1655.548,1654.208,1652.251,1649.671,1646.462,1642.617,1638.131,1632.996,1627.208,1620.761,1613.649,1605.867,1597.410,1588.273,1578.451,1567.939,1556.734,1544.830,1532.223,1518.910,1504.886,1490.148,1474.692,1458.514,1441.612,1423.983,1405.623,1386.530,1366.703,1346.139,1324.836,1302.795,1280.013,1256.490,1232.226,1207.223,1181.483,1155.006,1127.797,1099.859,1071.198,1041.820,1011.731,980.943,949.463,917.305,884.482,851.011,816.909,782.196,746.896,711.034,674.638,637.738,600.370,562.572,524.384,485.852,447.025,407.960,368.715,329.362,289.982,250.682,211.619,173.063,135.562,100.357,70.254,50.254,37.167,28.297,22.015,17.389,13.868,11.115,8.910,7.107,5.603,4.326,3.229,2.296,1.550,1.088,1.078,1.320,1.676,2.076,2.482,2.875,3.241,3.571,3.858,4.099,4.288,4.422,4.499,4.516,4.472,4.367,4.203,3.980,3.700,3.367,2.986,2.560,2.096,1.601,1.081,0.544,0.000,0.000,0.000,0.000,0.000,0.000,0.000,0.000,0.000,0.000,0.000,0.000,0.000,0.000,0.000
0.000,0.009,0.016,0.021,0.023,0.022,0.017,0.009,0.000,0.000,0.000,0.000,0.000,0.000,0.000,0.000,0.000,0.000,0.000,0.000,0.000,0.000,0.000,0.000,0.000,0.000,0.000,0.000,0.000,0.000,0.000,0.000,27.293,54.576,81.829,109.033,136.172,163.228,190.185,217.029,243.745,270.323,296.751,323.021,349.125,375.056,400.811,426.385,451.776,476.982,502.003,526.838,551.490,575.958,600.246,624.355,648.288,672.047,695.635,719.056,742.310,765.402,788.333,811.105,833.721,856.181,878.487,900.639,922.638,944.484,966.177,987.715,1009.098,1030.323,1051.388,1072.291,1093.029,1113.598,1133.995,1154.214,1174.251,1194.102,1213.760,1233.220,1252.475,1271.518,1290.344,1308.944,1327.311,1345.437,1363.313,1380.932,1398.285,1415.362,1432.154,1448.653,1464.849,1480.732,1496.292,1511.519,1526.403,1540.934,1555.102,1568.896,1582.306,1595.321,1607.931,1620.126,1631.894,1643.226,1654.110,1664.537,1674.496,1683.977,1692.970,1701.464,1709.450,1716.918,1723.857,1730.259,1736.113,1741.411,1746.143,1750.300,1753.874,1756.855,1759.235,1761.006,1762.159,1762.687,1762.583,1761.837,1760.443,1758.394,1755.682,1752.301,1748.244,1743.505,1738.078,1731.955,1725.132,1717.602,1709.360,1700.400,1690.718,1680.307,1669.163,1657.282,1644.658,1631.287,1617.165,1602.288,1586.650,1570.249,1553.081,1535.143,1516.430,1496.940,1476.670,1455.617,1433.779,1411.155,1387.742,1363.540,1338.547,1312.763,1286.189,1258.826,1230.676,1201.740,1172.024,1141.530,1110.265,1078.236,1045.451,1011.920,977.653,942.664,906.968,870.583,833.528,795.823,757.493,718.566,679.068,639.032,598.492,557.484,516.046,474.218,432.040,389.551,346.787,303.780,260.548,217.096,173.417,129.564,86.088,46.397,29.253,20.365,15.044,11.518,9.013,7.146,5.706,4.562,3.633,2.862,2.213,1.664,1.213,0.891,0.802,1.228,1.811,2.451,3.103,3.741,4.347,4.907,5.411,5.849,6.216,6.504,6.708,6.825,6.851,6.786,6.629,6.380,6.042,5.619,5.114,4.535,3.889,3.185,2.432,1.642,0.827,0.000,0.000,0.000,0.000,0.000,0.000,0.000,0.000,0.000,0.000,0.000,0.000,0.000,0.000,0.000
0.000,0.013,0.024,0.032,0.035,0.033,0.025,0.014,0.000,0.000,0.000,0.000,0.000,0.000,0.000,0.000,0.000,0.000,0.000,0.000,0.000,0.000,0.000,0.000,0.000,0.000,0.000,0.000,0.000,0.000,0.000,0.000,29.034,58.055,87.042,115.975,144.834,173.600,202.254,230.782,259.168,287.399,315.464,343.355,371.061,398.578,425.900,453.024,479.948,506.670,533.191,559.511,585.632,611.555,637.284,662.820,688.168,713.331,738.310,763.111,787.737,812.189,836.471,860.586,884.535,908.321,931.944,955.405,978.706,1001.847,1024.826,1047.643,1070.297,1092.785,1115.107,1137.258,1159.236,1181.037,1202.657,1224.091,1245.334,1266.381,1287.226,1307.862,1328.283,1348.482,1368.451,1388.182,1407.668,1426.900,1445.869,1464.566,1482.982,1501.108,1518.933,1536.448,1553.642,1570.506,1587.029,1603.199,1619.007,1634.441,1649.491,1664.145,1678.392,1692.222,1705.623,1718.583,1731.092,1743.138,1754.711,1765.800,1776.392,1786.478,1796.046,1805.086,1813.587,1821.538,1828.930,1835.751,1841.993,1847.644,1852.696,1857.138,1860.961,1864.156,1866.714,1868.626,1869.884,1870.478,1870.402,1869.646,1868.202,1866.065,1863.224,1859.675,1855.409,1850.420,1844.700,1838.244,1831.046,1823.098,1814.396,1804.933,1794.704,1783.704,1771.926,1759.367,1746.020,1731.882,1716.947,1701.212,1684.670,1667.319,1649.155,1630.173,1610.370,1589.742,1568.287,1546.000,1522.880,1498.923,1474.129,1448.494,1422.019,1394.702,1366.543,1337.543,1307.702,1277.022,1245.507,1213.161,1179.988,1145.994,1111.187,1075.575,1039.170,1001.984,964.030,925.325,885.887,845.736,804.895,763.388,721.242,678.485,635.149,591.263,546.861,501.971,456.621,410.831,364.607,317.932,270.744,222.889,174.013,123.238,68.058,0.000,0.000,0.000,0.000,0.000,0.000,0.000,0.000,0.000,0.000,0.000,0.000,0.000,0.000,0.000,0.000,1.221,2.248,3.215,4.145,5.033,5.866,6.632,7.318,7.915,8.414,8.805,9.084,9.244,9.282,9.196,8.984,8.649,8.193,7.621,6.938,6.154,5.278,4.323,3.302,2.230,1.124,0.000,0.000,0.000,0.000,0.000,0.000,0.000,0.000,0.000,0.000,0.000,0.000,0.000,0.000,0.000
0.000,0.019,0.036,0.048,0.053,0.049,0.038,0.021,0.000,0.000,0.000,0.000,0.000,0.000,0.000,0.000,0.000,0.000,0.000,0.000,0.000,0.000,0.000,0.000,0.000,0.000,0.000,0.000,0.000,0.000,0.000,0.000,30.815,61.615,92.377,123.078,153.694,184.206,214.593,244.838,274.925,304.839,334.569,364.105,393.439,422.563,451.474,480.168,508.642,536.898,564.934,592.753,620.357,647.748,674.930,701.907,728.681,755.258,781.641,807.834,833.840,859.665,885.309,910.778,936.072,961.194,986.145,1010.928,1035.543,1059.989,1084.267,1108.376,1132.314,1156.080,1179.671,1203.084,1226.316,1249.364,1272.221,1294.885,1317.349,1339.607,1361.654,1383.482,1405.085,1426.454,1447.582,1468.461,1489.082,1509.436,1529.514,1549.306,1568.802,1587.992,1606.866,1625.413,1643.623,1661.483,1678.984,1696.114,1712.862,1729.215,1745.162,1760.692,1775.792,1790.452,1804.658,1818.399,1831.663,1844.439,1856.714,1868.477,1879.716,1890.419,1900.575,1910.173,1919.201,1927.648,1935.503,1942.755,1949.393,1955.408,1960.789,1965.525,1969.606,1973.023,1975.767,1977.827,1979.195,1979.863,1979.820,1979.059,1977.571,1975.348,1972.383,1968.668,1964.196,1958.959,1952.950,1946.162,1938.590,1930.225,1921.062,1911.096,1900.320,1888.728,1876.314,1863.074,1849.002,1834.093,1818.342,1801.744,1784.294,1765.988,1746.821,1726.790,1705.889,1684.116,1661.467,1637.937,1613.525,1588.226,1562.039,1534.962,1506.992,1478.128,1448.369,1417.715,1386.167,1353.726,1320.394,1286.174,1251.070,1215.087,1178.233,1140.514,1101.941,1062.525,1022.279,981.218,939.358,896.720,853.323,809.191,764.348,718.820,672.636,625.821,578.403,530.404,481.841,432.722,383.034,332.733,281.719,229.794,176.576,121.357,62.922,0.000,0.000,0.000,0.000,0.000,0.000,0.000,0.000,0.000,0.000,0.000,0.000,0.000,0.000,0.000,0.000,1.410,2.745,4.017,5.232,6.382,7.455,8.438,9.319,10.084,10.722,11.224,11.582,11.789,11.841,11.734,11.468,11.043,10.464,9.735,8.866,7.866,6.749,5.529,4.224,2.853,1.438,0.000,0.000,0.000,0.000,0.000,0.000,0.000,0.000,0.000,0.000,0.000,0.000,0.000,0.000,0.000
0.000,0.029,0.054,0.071,0.079,0.074,0.058,0.032,0.000,0.000,0.000,0.000,0.000,0.000,0.000,0.000,0.000,0.000,0.000,0.000,0.000,0.000,0.000,0.000,0.000,0.000,0.000,0.000,0.000,0.000,0.000,0.000,32.641,65.265,97.845,130.355,162.770,195.067,227.224,259.222,291.043,322.672,354.097,385.306,416.291,447.046,477.567,507.850,537.893,567.699,597.267,626.599,655.700,684.572,713.221,741.649,769.862,797.865,825.662,853.258,880.657,907.864,934.883,961.716,988.366,1014.836,1041.129,1067.245,1093.186,1118.951,1144.541,1169.954,1195.190,1220.247,1245.122,1269.811,1294.313,1318.621,1342.732,1366.641,1390.341,1413.826,1437.091,1460.128,1482.928,1505.485,1527.789,1549.833,1571.606,1593.099,1614.303,1635.207,1655.800,1676.072,1696.012,1715.609,1734.851,1753.726,1772.223,1790.329,1808.032,1825.322,1842.183,1858.605,1874.575,1890.079,1905.107,1919.644,1933.679,1947.199,1960.190,1972.643,1984.542,1995.876,2006.634,2016.802,2026.370,2035.324,2043.654,2051.348,2058.395,2064.784,2070.503,2075.542,2079.891,2083.539,2086.476,2088.692,2090.178,2090.924,2090.922,2090.161,2088.634,2086.332,2083.246,2079.369,2074.693,2069.211,2062.914,2055.796,2047.850,2039.069,2029.446,2018.975,2007.650,1995.466,1982.414,1968.491,1953.691,1938.007,1921.436,1903.971,1885.607,1866.340,1846.165,1825.078,1803.073,1780.147,1756.296,1731.514,1705.800,1679.149,1651.559,1623.027,1593.550,1563.125,1531.753,1499.430,1466.159,1431.938,1396.769,1360.655,1323.598,1285.603,1246.675,1206.822,1166.052,1124.374,1081.802,1038.348,994.029,948.861,902.866,856.063,808.477,760.130,711.049,661.257,610.778,559.630,507.826,455.368,402.237,348.386,293.722,238.083,181.208,122.732,62.287,0.000,0.000,0.000,0.000,0.000,0.000,0.000,0.000,0.000,0.000,0.000,0.000,0.000,0.000,0.000,0.000,1.673,3.305,4.880,6.386,7.810,9.137,10.352,11.438,12.383,13.171,13.792,14.236,14.495,14.563,14.436,14.113,13.596,12.888,11.995,10.928,9.699,8.324,6.821,5.213,3.522,1.775,0.000,0.000,0.000,0.000,0.000,0.000,0.000,0.000,0.000,0.000,0.000,0.000,0.000,0.000,0.000
0.000,0.042,0.079,0.105,0.117,0.111,0.087,0.048,0.000,0.000,0.000,0.000,0.000,0.000,0.000,0.000,0.000,0.000,0.000,0.000,0.000,0.000,0.000,0.000,0.000,0.000,0.000,0.000,0.000,0.000,0.000,0.000,34.515,69.011,103.456,137.822,172.081,206.206,240.173,273.962,307.553,340.930,374.079,406.989,439.653,472.062,504.214,536.106,567.738,599.111,630.226,661.087,691.698,722.065,752.191,782.083,811.747,841.187,870.409,899.419,928.223,956.824,985.227,1013.436,1041.455,1069.286,1096.931,1124.393,1151.673,1178.770,1205.686,1232.418,1258.966,1285.328,1311.501,1337.482,1363.268,1388.853,1414.233,1439.403,1464.356,1489.086,1513.585,1537.847,1561.863,1585.625,1609.123,1632.349,1655.292,1677.943,1700.291,1722.325,1744.033,1765.406,1786.430,1807.094,1827.387,1847.294,1866.805,1885.905,1904.583,1922.826,1940.619,1957.951,1974.807,1991.174,2007.039,2022.389,2037.211,2051.490,2065.214,2078.370,2090.945,2102.925,2114.298,2125.051,2135.171,2144.646,2153.464,2161.612,2169.079,2175.852,2181.920,2187.273,2191.899,2195.786,2198.925,2201.306,2202.917,2203.749,2203.793,2203.039,2201.477,2199.100,2195.898,2191.863,2186.987,2181.261,2174.679,2167.232,2158.914,2149.717,2139.634,2128.658,2116.784,2104.004,2090.314,2075.705,2060.173,2043.712,2026.316,2007.979,1988.697,1968.464,1947.275,1925.125,1902.009,1877.922,1852.860,1826.818,1799.793,1771.780,1742.776,1712.777,1681.779,1649.781,1616.780,1582.774,1547.762,1511.744,1474.720,1436.691,1397.659,1357.628,1316.602,1274.587,1231.590,1187.619,1142.687,1096.805,1049.987,1002.251,953.614,904.097,853.720,802.507,750.482,697.667,644.085,589.753,534.684,478.879,422.328,364.995,306.819,247.701,187.510,126.118,63.508,0.000,0.000,0.000,0.000,0.000,0.000,0.000,0.000,0.000,0.000,0.000,0.000,0.000,0.000,0.000,0.000,1.978,3.924,5.813,7.625,9.339,10.936,12.398,13.706,14.843,15.793,16.543,17.082,17.398,17.486,17.340,16.960,16.345,15.501,14.434,13.157,11.683,10.030,8.223,6.286,4.248,2.142,0.000,0.000,0.000,0.000,0.000,0.000,0.000,0.000,0.000,0.000,0.000,0.000,0.000,0.000,0.000
0.000,0.061,0.115,0.154,0.173,0.166,0.132,0.073,0.000,0.000,0.000,0.000,0.000,0.000,0.000,0.000,0.000,0.000,0.000,0.000,0.000,0.000,0.000,0.000,0.000,0.000,0.000,0.000,0.000,0.000,0.000,0.000,36.443,72.863,109.226,145.498,181.647,217.646,253.467,289.087,324.486,359.645,394.552,429.193,463.561,497.649,531.455,564.976,598.214,631.170,663.848,696.253,728.388,760.261,791.879,823.246,854.371,885.260,915.919,946.354,976.573,1006.579,1036.379,1065.976,1095.375,1124.579,1153.590,1182.411,1211.042,1239.485,1267.740,1295.806,1323.680,1351.363,1378.850,1406.139,1433.224,1460.103,1486.769,1513.217,1539.440,1565.432,1591.184,1616.689,1641.939,1666.924,1691.635,1716.062,1740.194,1764.021,1787.532,1810.715,1833.558,1856.050,1878.178,1899.930,1921.291,1942.250,1962.794,1982.908,2002.579,2021.793,2040.537,2058.796,2076.556,2093.804,2110.525,2126.705,2142.330,2157.386,2171.859,2185.735,2199.001,2211.642,2223.645,2234.997,2245.684,2255.693,2265.011,2273.626,2281.524,2288.694,2295.123,2300.800,2305.712,2309.849,2313.199,2315.751,2317.496,2318.421,2318.518,2317.776,2316.187,2313.739,2310.426,2306.236,2301.163,2295.198,2288.332,2280.558,2271.869,2262.256,2251.713,2240.233,2227.808,2214.433,2200.100,2184.803,2168.537,2151.294,2133.070,2113.857,2093.651,2072.447,2050.237,2027.018,2002.783,1977.528,1951.247,1923.936,1895.590,1866.205,1835.776,1804.298,1771.768,1738.183,1703.540,1667.835,1631.067,1593.234,1554.335,1514.371,1473.343,1431.253,1388.103,1343.899,1298.646,1252.352,1205.026,1156.680,1107.326,1056.981,1005.660,953.383,900.171,846.045,791.029,735.145,678.417,620.864,562.502,503.339,443.376,382.599,320.983,258.489,195.082,130.765,65.640,0.000,0.000,0.000,0.000,0.000,0.000,0.000,0.000,0.000,0.000,0.000,0.000,0.000,0.000,0.000,0.000,2.317,4.603,6.827,8.964,10.988,12.876,14.603,16.150,17.496,18.623,19.513,20.155,20.537,20.649,20.487,20.047,19.331,18.342,17.090,15.587,13.848,11.896,9.757,7.461,5.044,2.543,0.000,0.000,0.000,0.000,0.000,0.000,0.000,0.000,0.000,0.000,0.000,0.000,0.000,0.000,0.000
0.000,0.088,0.165,0.224,0.254,0.248,0.201,0.114,0.000,0.000,0.000,0.000,0.000,0.000,0.000,0.000,0.000,0.000,0.000,0.000,0.000,0.000,0.000,0.000,0.000,0.000,0.000,0.000,0.000,0.000,0.000,0.000,38.429,76.832,115.168,153.400,191.494,229.415,267.137,304.632,341.878,378.856,415.552,451.955,488.054,523.846,559.328,594.499,629.362,663.918,698.174,732.135,765.808,799.201,832.320,865.175,897.772,930.120,962.227,994.099,1025.743,1057.167,1088.374,1119.371,1150.163,1180.751,1211.141,1241.334,1271.331,1301.134,1330.743,1360.156,1389.373,1418.392,1447.209,1475.821,1504.224,1532.413,1560.383,1588.126,1615.638,1642.910,1669.933,1696.701,1723.204,1749.431,1775.374,1801.022,1826.363,1851.386,1876.080,1900.433,1924.431,1948.063,1971.314,1994.173,2016.625,2038.656,2060.252,2081.399,2102.082,2122.288,2142.002,2161.208,2179.892,2198.038,2215.633,2232.662,2249.108,2264.958,2280.197,2294.810,2308.783,2322.101,2334.751,2346.717,2357.985,2368.542,2378.375,2387.469,2395.812,2403.391,2410.192,2416.204,2421.414,2425.810,2429.380,2432.114,2434.000,2435.026,2435.184,2434.461,2432.849,2430.337,2426.916,2422.577,2417.310,2411.108,2403.961,2395.862,2386.803,2376.776,2365.773,2353.787,2340.810,2326.838,2311.861,2295.874,2278.870,2260.842,2241.785,2221.692,2200.557,2178.375,2155.139,2130.844,2105.484,2079.052,2051.545,2022.956,1993.280,1962.512,1930.647,1897.679,1863.605,1828.420,1792.120,1754.701,1716.160,1676.496,1635.704,1593.786,1550.740,1506.567,1461.269,1414.849,1367.312,1318.663,1268.912,1218.066,1166.139,1113.144,1059.098,1004.017,947.922,890.836,832.781,773.782,713.862,653.046,591.355,528.809,465.420,401.198,336.151,270.289,203.637,136.262,68.302,0.000,0.000,0.000,0.000,0.000,0.000,0.000,0.000,0.000,0.000,0.000,0.000,0.000,0.000,0.000,0.000,2.689,5.344,7.932,10.420,12.779,14.980,16.996,18.803,20.376,21.695,22.741,23.498,23.953,24.095,23.918,23.419,22.596,21.455,20.004,18.257,16.232,13.953,11.451,8.761,5.925,2.988,0.000,0.000,0.000,0.000,0.000,0.000,0.000,0.000,0.000,0.000,0.000,0.000,0.000,0.000,0.000
0.000,0.124,0.235,0.322,0.372,0.372,0.311,0.183,0.000,0.000,0.000,0.000,0.000,0.000,0.000,0.000,0.000,0.000,0.000,0.000,0.000,0.000,0.000,0.000,0.000,0.000,0.000,0.000,0.000,0.000,0.000,0.000,40.480,80.928,121.299,161.552,201.646,241.544,281.216,320.631,359.767,398.603,437.124,475.317,513.177,550.697,587.877,624.717,661.221,697.394,733.243,768.774,803.997,838.920,873.553,907.905,941.986,975.804,1009.369,1042.688,1075.770,1108.621,1141.248,1173.657,1205.853,1237.840,1269.621,1301.200,1332.577,1363.754,1394.731,1425.508,1456.083,1486.454,1516.618,1546.570,1576.308,1605.826,1635.117,1664.176,1692.994,1721.565,1749.880,1777.930,1805.706,1833.196,1860.392,1887.281,1913.851,1940.092,1965.990,1991.533,2016.708,2041.500,2065.897,2089.884,2113.446,2136.570,2159.240,2181.441,2203.159,2224.377,2245.080,2265.253,2284.881,2303.946,2322.435,2340.330,2357.617,2374.280,2390.303,2405.671,2420.368,2434.380,2447.692,2460.288,2472.154,2483.274,2493.635,2503.223,2512.024,2520.024,2527.210,2533.569,2539.087,2543.753,2547.554,2550.479,2552.514,2553.650,2553.875,2553.179,2551.550,2548.979,2545.456,2540.971,2535.515,2529.079,2521.654,2513.232,2503.804,2493.363,2481.900,2469.408,2455.880,2441.308,2425.685,2409.005,2391.260,2372.443,2352.550,2331.572,2309.503,2286.338,2262.070,2236.692,2210.199,2182.583,2153.841,2123.965,2092.950,2060.789,2027.477,1993.009,1957.378,1920.580,1882.610,1843.463,1803.134,1761.621,1718.919,1675.027,1629.943,1583.665,1536.195,1487.533,1437.684,1386.650,1334.440,1281.061,1226.522,1170.838,1114.023,1056.093,997.070,936.974,875.830,813.664,750.503,686.376,621.311,555.338,488.486,420.785,352.268,282.982,212.989,142.387,71.323,0.000,0.000,0.000,0.000,0.000,0.000,0.000,0.000,0.000,0.000,0.000,0.000,0.000,0.000,0.000,0.000,3.097,6.156,9.139,12.009,14.733,17.275,19.606,21.696,23.518,25.048,26.266,27.152,27.691,27.871,27.683,27.122,26.189,24.886,23.222,21.212,18.875,16.239,13.337,10.211,6.909,3.486,0.000,0.000,0.000,0.000,0.000,0.000,0.000,0.000,0.000,0.000,0.000,0.000,0.000,0.000,0.000
0.000,0.172,0.330,0.458,0.540,0.558,0.489,0.308,0.000,0.000,0.000,0.000,0.000,0.000,0.000,0.000,0.000,0.000,0.000,0.000,0.000,0.000,0.000,0.000,0.000,0.000,0.000,0.000,0.000,0.000,0.000,0.000,42.602,85.165,127.639,169.977,212.133,254.067,295.741,337.126,378.196,418.929,459.309,499.327,538.973,578.246,617.145,655.674,693.837,731.641,769.096,806.210,842.994,879.459,915.616,951.476,987.050,1022.349,1057.381,1092.158,1126.687,1160.978,1195.036,1228.869,1262.482,1295.879,1329.065,1362.044,1394.815,1427.381,1459.743,1491.899,1523.848,1555.588,1587.116,1618.428,1649.518,1680.383,1711.015,1741.408,1771.553,1801.444,1831.070,1860.423,1889.493,1918.267,1946.737,1974.889,2002.711,2030.191,2057.315,2084.071,2110.444,2136.419,2161.984,2187.121,2211.817,2236.055,2259.821,2283.099,2305.871,2328.123,2349.838,2371.000,2391.591,2411.596,2430.998,2449.781,2467.928,2485.423,2502.249,2518.391,2533.831,2548.555,2562.546,2575.788,2588.267,2599.967,2610.873,2620.969,2630.241,2638.677,2646.260,2652.978,2658.817,2663.764,2667.805,2670.930,2673.125,2674.378,2674.679,2674.016,2672.377,2669.753,2666.133,2661.507,2655.866,2649.199,2641.499,2632.755,2622.961,2612.106,2600.184,2587.186,2573.104,2557.931,2541.661,2524.285,2505.796,2486.187,2465.453,2443.585,2420.578,2396.423,2371.116,2344.649,2317.016,2288.210,2258.224,2227.052,2194.689,2161.125,2126.357,2090.376,2053.178,2014.755,1975.101,1934.211,1892.080,1848.702,1804.072,1758.188,1711.045,1662.641,1612.975,1562.047,1509.858,1456.411,1401.710,1345.762,1288.575,1230.162,1170.536,1109.712,1047.711,984.555,920.269,854.882,788.423,720.928,652.431,582.974,512.599,441.353,369.294,296.489,223.027,149.022,74.619,0.000,0.000,0.000,0.000,0.000,0.000,0.000,0.000,0.000,0.000,0.000,0.000,0.000,0.000,0.000,0.000,3.545,7.047,10.463,13.752,16.873,19.790,22.465,24.866,26.962,28.726,30.133,31.164,31.799,32.025,31.830,31.210,30.162,28.688,26.796,24.502,21.825,18.796,15.451,11.839,8.016,4.046,0.000,0.000,0.000,0.000,0.000,0.000,0.000,0.000,0.000,0.000,0.000,0.000,0.000,0.000,0.000
0.000,0.236,0.456,0.641,0.773,0.830,0.779,0.559,0.000,0.000,0.000,0.000,0.000,0.000,0.000,0.000,0.000,0.000,0.000,0.000,0.000,0.000,0.000,0.000,0.000,0.000,0.000,0.000,0.000,0.000,0.000,0.000,44.801,89.558,134.210,178.705,222.991,267.021,310.756,354.162,397.212,439.883,482.160,524.031,565.493,606.542,647.181,687.416,727.253,766.703,805.776,844.484,882.840,920.857,958.547,995.925,1033.001,1069.789,1106.300,1142.544,1178.532,1214.272,1249.773,1285.041,1320.083,1354.905,1389.510,1423.901,1458.081,1492.052,1525.814,1559.366,1592.706,1625.833,1658.743,1691.432,1723.895,1756.126,1788.119,1819.866,1851.359,1882.590,1913.549,1944.227,1974.612,2004.693,2034.458,2063.896,2092.992,2121.735,2150.109,2178.100,2205.694,2232.877,2259.632,2285.943,2311.795,2337.172,2362.057,2386.433,2410.284,2433.592,2456.341,2478.513,2500.091,2521.057,2541.395,2561.086,2580.114,2598.461,2616.110,2633.045,2649.247,2664.701,2679.390,2693.297,2706.406,2718.701,2730.166,2740.786,2750.546,2759.430,2767.425,2774.514,2780.686,2785.925,2790.218,2793.554,2795.917,2797.298,2797.682,2797.059,2795.418,2792.747,2789.036,2784.274,2778.451,2771.557,2763.584,2754.522,2744.362,2733.095,2720.713,2707.208,2692.573,2676.798,2659.877,2641.802,2622.567,2602.162,2580.583,2557.821,2533.869,2508.720,2482.368,2454.805,2426.025,2396.020,2364.783,2332.307,2298.585,2263.610,2227.375,2189.872,2151.094,2111.033,2069.684,2027.038,1983.089,1937.831,1891.257,1843.362,1794.142,1743.591,1691.708,1638.489,1583.934,1528.044,1470.821,1412.271,1352.400,1291.218,1228.737,1164.974,1099.946,1033.677,966.193,897.524,827.705,756.775,684.778,611.763,537.786,462.909,387.207,310.766,233.689,156.101,78.148,0.000,0.000,0.000,0.000,0.000,0.000,0.000,0.000,0.000,0.000,0.000,0.000,0.000,0.000,0.000,0.000,4.038,8.027,11.920,15.668,19.227,22.554,25.607,28.350,30.748,32.771,34.391,35.583,36.329,36.611,36.417,35.738,34.572,32.918,30.784,28.183,25.136,21.675,17.839,13.683,9.272,4.682,0.000,0.000,0.000,0.000,0.000,0.000,0.000,0.000,0.000,0.000,0.000,0.000,0.000,0.000,0.000
0.000,0.317,0.616,0.878,1.082,1.209,1.238,1.151,0.958,0.880,0.822,0.754,0.669,0.564,0.441,0.303,0.154,0.000,0.000,0.000,0.000,0.000,0.000,0.000,0.000,0.000,0.000,0.000,0.000,0.000,0.000,0.000,47.089,94.124,141.037,187.768,234.256,280.451,326.308,371.790,416.868,461.519,505.728,549.486,592.788,635.636,678.035,719.992,761.518,802.625,843.327,883.639,923.576,963.153,1002.385,1041.288,1079.876,1118.162,1156.160,1193.882,1231.337,1268.538,1305.492,1342.208,1378.692,1414.950,1450.988,1486.807,1522.412,1557.803,1592.981,1627.946,1662.695,1697.227,1731.538,1765.623,1799.477,1833.095,1866.469,1899.592,1932.454,1965.047,1997.362,2029.387,2061.110,2092.521,2123.606,2154.353,2184.748,2214.776,2244.423,2273.675,2302.515,2330.929,2358.898,2386.408,2413.441,2439.980,2466.008,2491.508,2516.460,2540.849,2564.655,2587.861,2610.448,2632.398,2653.694,2674.315,2694.246,2713.466,2731.960,2749.708,2766.692,2782.896,2798.301,2812.890,2826.647,2839.555,2851.597,2862.757,2873.019,2882.367,2890.786,2898.262,2904.779,2910.322,2914.879,2918.436,2920.979,2922.495,2922.972,2922.398,2920.760,2918.049,2914.252,2909.358,2903.358,2896.242,2887.999,2878.620,2868.096,2856.418,2843.577,2829.566,2814.375,2797.997,2780.424,2761.648,2741.662,2720.458,2698.029,2674.367,2649.466,2623.317,2595.914,2567.249,2537.315,2506.103,2473.607,2439.819,2404.731,2368.335,2330.623,2291.586,2251.218,2209.509,2166.451,2122.036,2076.256,2029.103,1980.569,1930.648,1879.332,1826.615,1772.492,1716.959,1660.013,1601.653,1541.879,1480.693,1418.102,1354.112,1288.734,1221.983,1153.878,1084.440,1013.698,941.683,868.435,793.996,718.418,641.759,564.085,485.472,406.008,325.793,244.944,163.593,81.891,0.000,0.000,0.000,0.000,0.000,0.000,0.000,0.000,0.000,0.000,0.000,0.000,0.000,0.000,0.000,0.000,4.581,9.108,13.525,17.780,21.821,25.600,29.070,32.191,34.923,37.233,39.089,40.464,41.337,41.687,41.502,40.768,39.482,37.641,35.250,32.320,28.872,24.935,20.554,15.787,10.709,5.411,0.000,0.000,0.000,0.000,0.000,0.000,0.000,0.000,0.000,0.000,0.000,0.000,0.000,0.000,0.000
0.000,0.418,0.815,1.172,1.469,1.688,1.816,1.847,1.802,1.741,1.653,1.528,1.359,1.148,0.898,0.617,0.314,0.000,0.000,0.000,0.000,0.000,0.000,0.000,0.000,0.000,0.000,0.000,0.000,0.000,0.000,0.000,49.474,98.884,148.151,197.204,245.976,294.409,342.452,390.068,437.223,483.897,530.075,575.748,620.917,665.585,709.760,753.454,796.681,839.455,881.796,923.719,965.244,1006.388,1047.169,1087.605,1127.711,1167.504,1206.997,1246.204,1285.138,1323.810,1362.228,1400.403,1438.342,1476.050,1513.534,1550.796,1587.841,1624.668,1661.280,1697.674,1733.851,1769.807,1805.537,1841.039,1876.305,1911.331,1946.107,1980.627,2014.881,2048.860,2082.553,2115.948,2149.034,2181.799,2214.228,2246.309,2278.027,2309.366,2340.312,2370.850,2400.961,2430.630,2459.841,2488.574,2516.814,2544.540,2571.737,2598.385,2624.464,2649.958,2674.846,2699.110,2722.731,2745.689,2767.965,2789.540,2810.396,2830.513,2849.872,2868.454,2886.241,2903.214,2919.356,2934.648,2949.071,2962.610,2975.246,2986.963,2997.743,3007.571,3016.430,3024.305,3031.180,3037.041,3041.874,3045.663,3048.395,3050.057,3050.635,3050.118,3048.492,3045.747,3041.870,3036.851,3030.678,3023.342,3014.832,3005.139,2994.253,2982.165,2968.866,2954.347,2938.600,2921.617,2903.390,2883.910,2863.170,2841.163,2817.881,2793.315,2767.459,2740.304,2711.844,2682.070,2650.974,2618.549,2584.786,2549.677,2513.214,2475.388,2436.190,2395.611,2353.641,2310.273,2265.495,2219.299,2171.675,2122.614,2072.106,2020.142,1966.713,1911.811,1855.430,1797.561,1738.200,1677.343,1614.989,1551.137,1485.790,1418.953,1350.635,1280.850,1209.614,1136.951,1062.888,987.459,910.705,832.675,753.426,673.024,591.544,509.073,425.713,341.575,256.787,171.490,85.839,0.000,0.000,0.000,0.000,0.000,0.000,0.000,0.000,0.000,0.000,0.000,0.000,0.000,0.000,0.000,0.000,5.182,10.303,15.300,20.114,24.687,28.964,32.896,36.433,39.535,42.163,44.283,45.864,46.883,47.317,47.149,46.367,44.961,42.928,40.267,36.988,33.106,28.649,23.662,18.207,12.368,6.256,0.000,0.000,0.000,0.000,0.000,0.000,0.000,0.000,0.000,0.000,0.000,0.000,0.000,0.000,0.000
0.000,0.538,1.054,1.526,1.934,2.260,2.491,2.622,2.662,2.629,2.524,2.345,2.093,1.770,1.387,0.954,0.486,0.000,0.000,0.000,0.000,0.000,0.000,0.000,0.000,0.000,0.000,0.000,0.000,0.000,0.000,0.000,51.970,103.862,155.587,207.058,258.202,308.951,359.251,409.060,458.344,507.083,555.265,602.883,649.942,696.448,742.413,787.856,832.792,877.242,921.227,964.767,1007.886,1050.603,1092.938,1134.912,1176.543,1217.849,1258.845,1299.547,1339.968,1380.120,1420.014,1459.659,1499.065,1538.237,1577.181,1615.901,1654.401,1692.682,1730.744,1768.587,1806.209,1843.608,1880.779,1917.717,1954.417,1990.872,2027.074,2063.014,2098.683,2134.071,2169.166,2203.957,2238.430,2272.574,2306.373,2339.813,2372.880,2405.556,2437.828,2469.677,2501.086,2532.038,2562.515,2592.500,2621.972,2650.913,2679.304,2707.127,2734.360,2760.984,2786.980,2812.327,2837.007,2860.997,2884.279,2906.832,2928.636,2949.672,2969.919,2989.359,3007.970,3025.735,3042.634,3058.648,3073.758,3087.946,3101.194,3113.485,3124.800,3135.124,3144.439,3152.728,3159.976,3166.168,3171.288,3175.321,3178.253,3180.071,3180.760,3180.308,3178.702,3175.930,3171.980,3166.840,3160.500,3152.948,3144.175,3134.169,3122.923,3110.426,3096.669,3081.642,3065.339,3047.749,3028.865,3008.679,2987.183,2964.369,2940.228,2914.754,2887.937,2859.771,2830.247,2799.358,2767.094,2733.448,2698.410,2661.973,2624.126,2584.861,2544.167,2502.036,2458.456,2413.418,2366.909,2318.921,2269.442,2218.459,2165.963,2111.943,2056.386,1999.283,1940.624,1880.399,1818.602,1755.224,1690.262,1623.713,1555.576,1485.854,1414.554,1341.687,1267.269,1191.321,1113.872,1034.955,954.615,872.904,789.884,705.628,620.221,533.760,446.355,358.131,269.227,179.794,89.994,0.000,0.000,0.000,0.000,0.000,0.000,0.000,0.000,0.000,0.000,0.000,0.000,0.000,0.000,0.000,0.000,5.847,11.625,17.264,22.697,27.858,32.687,37.128,41.127,44.638,47.618,50.032,51.845,53.031,53.566,53.430,52.608,51.086,48.858,45.919,42.272,37.926,32.905,27.247,21.016,14.306,7.246,0.000,0.000,0.000,0.000,0.000,0.000,0.000,0.000,0.000,0.000,0.000,0.000,0.000,0.000,0.000
0.000,0.682,1.339,1.947,2.483,2.928,3.267,3.491,3.597,3.590,3.470,3.238,2.897,2.455,1.926,1.325,0.676,0.000,0.000,0.000,0.000,0.000,0.000,0.000,0.000,0.000,0.000,0.000,0.000,0.000,0.000,0.000,54.592,109.089,163.386,217.384,270.996,324.147,376.777,428.841,480.306,531.153,581.371,630.960,679.928,728.287,776.055,823.253,869.905,916.035,961.668,1006.830,1051.544,1095.837,1139.731,1183.247,1226.408,1269.233,1311.738,1353.942,1395.858,1437.501,1478.881,1520.009,1560.893,1601.543,1641.961,1682.155,1722.126,1761.877,1801.407,1840.717,1879.805,1918.666,1957.298,1995.695,2033.851,2071.758,2109.408,2146.793,2183.901,2220.722,2257.245,2293.456,2329.343,2364.892,2400.087,2434.914,2469.356,2503.398,2537.021,2570.210,2602.944,2635.207,2666.979,2698.242,2728.974,2759.157,2788.771,2817.795,2846.209,2873.991,2901.122,2927.579,2953.343,2978.392,3002.705,3026.261,3049.039,3071.018,3092.178,3112.497,3131.956,3150.534,3168.212,3184.969,3200.786,3215.643,3229.523,3242.406,3254.275,3265.111,3274.897,3283.616,3291.251,3297.787,3303.208,3307.497,3310.641,3312.625,3313.435,3313.058,3311.479,3308.688,3304.671,3299.416,3292.913,3285.150,3276.116,3265.802,3254.197,3241.291,3227.076,3211.542,3194.681,3176.483,3156.941,3136.045,3113.789,3090.164,3065.161,3038.773,3010.991,2981.807,2951.214,2919.202,2885.763,2850.889,2814.569,2776.795,2737.557,2696.844,2654.647,2610.955,2565.755,2519.037,2470.789,2420.998,2369.652,2316.738,2262.242,2206.151,2148.452,2089.132,2028.180,1965.581,1901.327,1835.406,1767.811,1698.536,1627.577,1554.935,1480.612,1404.616,1326.962,1247.670,1166.766,1084.285,1000.273,914.785,827.887,739.658,650.191,559.591,467.982,375.498,282.289,188.519,94.362,0.000,0.000,0.000,0.000,0.000,0.000,0.000,0.000,0.000,0.000,0.000,0.000,0.000,0.000,0.000,0.000,6.586,13.092,19.443,25.561,31.373,36.813,41.815,46.325,50.288,53.660,56.400,58.474,59.852,60.507,60.418,59.567,57.937,55.517,52.297,48.269,43.436,37.808,31.414,24.311,16.597,8.424,0.000,0.000,0.000,0.000,0.000,0.000,0.000,0.000,0.000,0.000,0.000,0.000,0.000,0.000,0.000
0.000,0.851,1.673,2.440,3.125,3.705,4.161,4.478,4.648,4.667,4.531,4.241,3.804,3.230,2.537,1.747,0.891,0.000,0.000,0.000,0.000,0.000,0.000,0.000,0.000,0.000,0.000,0.000,0.000,0.000,0.000,0.000,57.357,114.599,171.601,228.245,284.432,340.077,395.115,449.498,503.195,556.188,608.473,660.055,710.947,761.170,810.747,859.706,908.076,955.886,1003.168,1049.950,1096.262,1142.131,1187.584,1232.647,1277.341,1321.689,1365.710,1409.422,1452.842,1495.984,1538.860,1581.482,1623.859,1665.998,1707.907,1749.589,1791.048,1832.286,1873.303,1914.099,1954.672,1995.018,2035.132,2075.010,2114.644,2154.026,2193.149,2232.002,2270.575,2308.855,2346.832,2384.490,2421.818,2458.799,2495.418,2531.659,2567.506,2602.940,2637.945,2672.501,2706.590,2740.192,2773.288,2805.857,2837.880,2869.334,2900.199,2930.453,2960.075,2989.044,3017.337,3044.933,3071.808,3097.943,3123.313,3147.899,3171.676,3194.624,3216.721,3237.945,3258.275,3277.690,3296.169,3313.691,3330.236,3345.783,3360.314,3373.809,3386.248,3397.615,3407.889,3417.054,3425.092,3431.986,3437.721,3442.280,3445.648,3447.809,3448.749,3448.456,3446.913,3444.110,3440.032,3434.669,3428.008,3420.038,3410.747,3400.126,3388.165,3374.852,3360.180,3344.138,3326.717,3307.910,3287.707,3266.099,3243.080,3218.639,3192.769,3165.462,3136.709,3106.503,3074.834,3041.693,3007.073,2970.963,2933.353,2894.235,2853.598,2811.430,2767.721,2722.459,2675.631,2627.225,2577.227,2525.625,2472.402,2417.546,2361.039,2302.868,2243.015,2181.466,2118.205,2053.217,1986.487,1918.003,1847.753,1775.726,1701.916,1626.318,1548.932,1469.763,1388.820,1306.123,1221.695,1135.572,1047.798,958.431,867.539,775.208,681.538,586.643,490.655,393.722,296.008,197.690,98.955,0.000,0.000,0.000,0.000,0.000,0.000,0.000,0.000,0.000,0.000,0.000,0.000,0.000,0.000,0.000,0.000,7.406,14.723,21.863,28.741,35.275,41.389,47.014,52.086,56.549,60.354,63.457,65.822,67.417,68.214,68.191,67.326,65.601,62.998,59.500,55.091,49.757,43.491,36.301,28.225,19.353,9.854,0.000,0.000,0.000,0.000,0.000,0.000,0.000,0.000,0.000,0.000,0.000,0.000,0.000,0.000,0.000
0.000,1.048,2.064,3.016,3.873,4.608,5.196,5.617,5.855,5.901,5.747,5.395,4.849,4.125,3.244,2.237,1.142,0.000,0.000,0.000,0.000,0.000,0.000,0.000,0.000,0.000,0.000,0.000,0.000,0.000,0.000,0.000,60.290,120.438,180.293,239.719,298.598,356.837,414.363,471.130,527.107,582.282,636.659,690.250,743.077,795.168,846.556,897.275,947.360,996.848,1045.774,1094.174,1142.081,1189.525,1236.538,1283.146,1329.376,1375.250,1420.792,1466.019,1510.950,1555.600,1599.982,1644.109,1687.990,1731.634,1775.047,1818.233,1861.197,1903.941,1946.464,1988.766,2030.844,2072.695,2114.314,2155.695,2196.832,2237.715,2278.335,2318.682,2358.745,2398.512,2437.969,2477.103,2515.899,2554.341,2592.412,2630.097,2667.377,2704.234,2740.649,2776.604,2812.077,2847.049,2881.498,2915.405,2948.746,2981.501,3013.647,3045.162,3076.022,3106.207,3135.691,3164.454,3192.470,3219.718,3246.175,3271.817,3296.620,3320.564,3343.623,3365.778,3387.003,3407.279,3426.582,3444.892,3462.187,3478.447,3493.649,3507.776,3520.806,3532.720,3543.500,3553.128,3561.584,3568.853,3574.915,3579.757,3583.360,3585.710,3586.792,3586.591,3585.094,3582.287,3578.156,3572.690,3565.876,3557.703,3548.159,3537.234,3524.918,3511.200,3496.070,3479.520,3461.540,3442.121,3421.254,3398.932,3375.145,3349.885,3323.143,3294.913,3265.184,3233.948,3201.197,3166.922,3131.112,3093.760,3054.854,3014.384,2972.340,2928.709,2883.480,2836.641,2788.177,2738.075,2686.320,2632.897,2577.790,2520.983,2462.457,2402.194,2340.178,2276.389,2210.808,2143.416,2074.197,2003.133,1930.207,1855.406,1778.717,1700.133,1619.647,1537.260,1452.979,1366.817,1278.796,1188.950,1097.321,1003.967,908.962,812.392,714.365,615.003,514.450,412.867,310.431,207.337,103.788,0.000,0.000,0.000,0.000,0.000,0.000,0.000,0.000,0.000,0.000,0.000,0.000,0.000,0.000,0.000,0.000,8.319,16.537,24.555,32.276,39.610,46.471,52.784,58.477,63.491,67.773,71.278,73.966,75.805,76.769,76.832,75.972,74.168,71.398,67.637,62.858,57.027,50.112,42.087,32.946,22.741,11.642,0.000,0.000,0.000,0.000,0.000,0.000,0.000,0.000,0.000,0.000,0.000,0.000,0.000,0.000,0.000
0.000,1.280,2.521,3.689,4.747,5.661,6.401,6.941,7.258,7.337,7.167,6.745,6.077,5.180,4.081,2.818,1.439,0.000,0.000,0.000,0.000,0.000,0.000,0.000,0.000,0.000,0.000,0.000,0.000,0.000,0.000,0.000,63.418,126.659,189.541,251.900,313.602,374.539,434.638,493.850,552.152,609.540,666.027,721.637,776.401,830.359,883.552,936.022,987.815,1038.972,1089.536,1139.547,1189.042,1238.058,1286.627,1334.780,1382.546,1429.949,1477.014,1523.762,1570.210,1616.377,1662.275,1707.919,1753.316,1798.478,1843.410,1888.118,1932.604,1976.871,2020.920,2064.748,2108.353,2151.732,2194.879,2237.788,2280.451,2322.859,2365.003,2406.871,2448.452,2489.732,2530.699,2571.337,2611.629,2651.562,2691.116,2730.274,2769.018,2807.328,2845.185,2882.568,2919.457,2955.830,2991.665,3026.940,3061.632,3095.719,3129.177,3161.983,3194.113,3225.544,3256.251,3286.209,3315.396,3343.788,3371.359,3398.085,3423.944,3448.910,3472.960,3496.070,3518.218,3539.379,3559.532,3578.654,3596.722,3613.715,3629.611,3644.390,3658.030,3670.512,3681.816,3691.923,3700.815,3708.473,3714.879,3720.016,3723.868,3726.419,3727.653,3727.555,3726.112,3723.308,3719.132,3713.569,3706.608,3698.237,3688.443,3677.218,3664.548,3650.426,3634.839,3617.780,3599.239,3579.207,3557.674,3534.634,3510.076,3483.992,3456.375,3427.215,3396.504,3364.233,3330.394,3294.977,3257.972,3219.370,3179.160,3137.332,3093.873,3048.773,3002.017,2953.593,2903.485,2851.681,2798.161,2742.911,2685.913,2627.148,2566.595,2504.234,2440.047,2374.009,2306.098,2236.294,2164.573,2090.915,2015.298,1937.703,1858.113,1776.513,1692.894,1607.250,1519.582,1429.898,1338.216,1244.565,1148.987,1051.538,952.291,851.337,748.790,644.779,539.461,433.008,325.617,217.499,108.881,0.000,0.000,0.000,0.000,0.000,0.000,0.000,0.000,0.000,0.000,0.000,0.000,0.000,0.000,0.000,0.000,9.337,18.559,27.555,36.214,44.434,52.122,59.193,65.571,71.191,75.996,79.941,82.986,85.099,86.253,86.424,85.590,83.729,80.815,76.818,71.698,65.402,57.864,49.004,38.740,27.030,13.974,0.000,0.000,0.000,0.000,0.000,0.000,0.000,0.000,0.000,0.000,0.000,0.000,0.000,0.000,0.000
0.000,1.549,3.055,4.475,5.768,6.892,7.811,8.492,8.904,9.026,8.842,8.344,7.538,6.440,5.083,3.515,1.797,0.000,0.000,0.000,0.000,0.000,0.000,0.000,0.000,0.000,0.000,0.000,0.000,0.000,0.000,0.000,66.778,133.335,199.443,264.909,329.574,393.322,456.076,517.791,578.455,638.078,696.683,754.311,811.006,866.820,921.804,976.012,1029.498,1082.311,1134.500,1186.111,1237.186,1287.766,1337.886,1387.582,1436.882,1485.815,1534.407,1582.679,1630.652,1678.343,1725.767,1772.937,1819.865,1866.559,1913.026,1959.271,2005.297,2051.107,2096.701,2142.076,2187.230,2232.160,2276.859,2321.320,2365.535,2409.495,2453.189,2496.606,2539.733,2582.556,2625.061,2667.232,2709.053,2750.506,2791.573,2832.237,2872.476,2912.272,2951.603,2990.447,3028.784,3066.590,3103.843,3140.519,3176.594,3212.046,3246.849,3280.978,3314.410,3347.119,3379.079,3410.266,3440.655,3470.220,3498.935,3526.777,3553.719,3579.736,3604.804,3628.899,3651.995,3674.069,3695.096,3715.055,3733.920,3751.670,3768.282,3783.735,3798.007,3811.076,3822.923,3833.528,3842.872,3850.935,3857.699,3863.146,3867.260,3870.024,3871.422,3871.438,3870.058,3867.267,3863.052,3857.399,3850.296,3841.731,3831.692,3820.168,3807.148,3792.622,3776.579,3759.011,3739.907,3719.260,3697.059,3673.296,3647.964,3621.052,3592.554,3562.460,3530.761,3497.449,3462.515,3425.950,3387.743,3347.884,3306.363,3263.169,3218.290,3171.712,3123.422,3073.406,3021.650,2968.136,2912.846,2855.764,2796.868,2736.139,2673.554,2609.091,2542.726,2474.434,2404.189,2331.964,2257.734,2181.472,2103.151,2022.747,1940.237,1855.600,1768.819,1679.882,1588.783,1495.523,1400.114,1302.579,1202.957,1101.300,997.680,892.192,784.951,676.097,565.795,454.237,341.635,228.225,114.259,0.000,0.000,0.000,0.000,0.000,0.000,0.000,0.000,0.000,0.000,0.000,0.000,0.000,0.000,0.000,0.000,10.474,20.818,30.902,40.604,49.809,58.412,66.318,73.448,79.731,85.110,89.536,92.971,95.385,96.753,97.053,96.267,94.373,91.345,87.150,81.739,75.042,66.958,57.341,45.992,32.674,17.228,0.000,0.000,0.000,0.000,0.000,0.000,0.000,0.000,0.000,0.000,0.000,0.000,0.000,0.000,0.000
0.000,1.864,3.677,5.392,6.960,8.332,9.465,10.315,10.847,11.029,10.836,10.258,9.294,7.962,6.300,4.365,2.234,0.000,0.000,0.000,0.000,0.000,0.000,0.000,0.000,0.000,0.000,0.000,0.000,0.000,0.000,0.000,70.421,140.556,210.126,278.894,346.678,413.352,478.839,543.107,606.160,668.025,728.745,788.377,846.985,904.632,961.385,1017.310,1072.467,1126.916,1180.713,1233.909,1286.552,1338.685,1390.350,1441.581,1492.414,1542.876,1592.996,1642.797,1692.300,1741.523,1790.483,1839.192,1887.662,1935.902,1983.919,2031.719,2079.304,2126.676,2173.835,2220.780,2267.506,2314.010,2360.285,2406.324,2452.118,2497.657,2542.930,2587.924,2632.626,2677.022,2721.095,2764.831,2808.211,2851.217,2893.830,2936.031,2977.799,3019.114,3059.951,3100.291,3140.110,3179.383,3218.087,3256.198,3293.691,3330.541,3366.723,3402.210,3436.976,3470.996,3504.243,3536.691,3568.313,3599.083,3628.975,3657.962,3686.018,3713.117,3739.233,3764.340,3788.412,3811.426,3833.355,3854.176,3873.863,3892.395,3909.746,3925.895,3940.820,3954.497,3966.907,3978.029,3987.842,3996.328,4003.466,4009.238,4013.628,4016.617,4018.190,4018.331,4017.024,4014.254,4010.008,4004.272,3997.033,3988.279,3977.998,3966.178,3952.809,3937.880,3921.382,3903.303,3883.636,3862.371,3839.499,3815.012,3788.901,3761.157,3731.772,3700.738,3668.046,3633.687,3597.651,3559.930,3520.514,3479.392,3436.554,3391.987,3345.679,3297.617,3247.787,3196.174,3142.763,3087.534,3030.469,2971.549,2910.753,2848.057,2783.437,2716.868,2648.323,2577.774,2505.191,2430.543,2353.799,2274.928,2193.897,2110.676,2025.233,1937.541,1847.575,1755.315,1660.746,1563.861,1464.664,1363.170,1259.409,1153.432,1045.306,935.125,823.008,709.102,593.585,476.663,358.572,239.575,119.951,0.000,0.000,0.000,0.000,0.000,0.000,0.000,0.000,0.000,0.000,0.000,0.000,0.000,0.000,0.000,0.000,11.747,23.344,34.645,45.509,55.806,65.419,74.247,82.201,89.207,95.207,100.154,104.011,106.752,108.356,108.806,108.088,106.186,103.077,98.731,93.097,86.097,77.609,67.430,55.229,40.456,22.268,0.000,0.000,0.000,0.000,0.000,0.000,0.000,0.000,0.000,0.000,0.000,0.000,0.000,0.000,0.000
0.000,2.229,4.401,6.461,8.352,10.018,11.406,12.465,13.147,13.411,13.224,12.563,11.423,9.820,7.793,5.412,2.774,0.000,0.000,0.000,0.000,0.000,0.000,0.000,0.000,0.000,0.000,0.000,0.000,0.000,0.000,0.000,74.410,148.446,221.755,294.048,365.117,434.829,503.120,569.977,635.427,699.524,762.337,823.946,884.432,943.880,1002.369,1059.978,1116.778,1172.838,1228.219,1282.981,1337.175,1390.849,1444.047,1496.809,1549.169,1601.160,1652.809,1704.142,1755.180,1805.943,1856.447,1906.706,1956.731,2006.532,2056.116,2105.487,2154.650,2203.605,2252.351,2300.887,2349.210,2397.313,2445.190,2492.833,2540.233,2587.379,2634.259,2680.860,2727.168,2773.167,2818.841,2864.173,2909.145,2953.737,2997.930,3041.703,3085.034,3127.901,3170.280,3212.150,3253.485,3294.261,3334.453,3374.034,3412.980,3451.263,3488.858,3525.737,3561.873,3597.239,3631.807,3665.549,3698.439,3730.448,3761.548,3791.713,3820.915,3849.126,3876.320,3902.469,3927.547,3951.529,3974.387,3996.097,4016.633,4035.971,4054.086,4070.955,4086.555,4100.862,4113.855,4125.513,4135.815,4144.740,4152.268,4158.381,4163.061,4166.289,4168.050,4168.326,4167.102,4164.362,4160.093,4154.281,4146.911,4137.973,4127.454,4115.341,4101.625,4086.295,4069.340,4050.751,4030.519,4008.634,3985.088,3959.872,3932.978,3904.397,3874.120,3842.141,3808.448,3773.035,3735.892,3697.009,3656.377,3613.984,3569.820,3523.874,3476.132,3426.580,3375.204,3321.988,3266.915,3209.967,3151.123,3090.363,3027.663,2962.998,2896.343,2827.668,2756.943,2684.138,2609.218,2532.148,2452.891,2371.411,2287.669,2201.626,2113.244,2022.488,1929.322,1833.716,1735.646,1635.095,1532.054,1426.530,1318.543,1208.134,1095.367,980.331,863.147,743.968,622.983,500.418,376.532,251.618,125.995,0.000,0.000,0.000,0.000,0.000,0.000,0.000,0.000,0.000,0.000,0.000,0.000,0.000,0.000,0.000,0.000,13.175,26.179,38.840,50.998,62.508,73.239,83.078,91.932,99.724,106.395,111.900,116.208,119.297,121.153,121.767,121.133,119.244,116.085,111.635,105.853,98.673,89.977,79.564,67.058,51.667,31.394,0.000,0.000,0.000,0.000,0.000,0.000,0.000,0.000,0.000,0.000,0.000,0.000,0.000,0.000,0.000
0.000,2.652,5.242,7.703,9.974,11.988,13.684,14.999,15.874,16.254,16.092,15.354,14.023,12.106,9.645,6.719,3.451,0.000,0.000,0.000,0.000,0.000,0.000,0.000,0.000,0.000,0.000,0.000,0.000,0.000,0.000,0.000,78.836,157.172,234.551,310.620,385.146,458.002,529.147,598.604,666.435,732.731,797.594,861.130,923.447,984.646,1044.827,1104.078,1162.484,1220.121,1277.060,1333.363,1389.088,1444.288,1499.008,1553.291,1607.173,1660.689,1713.867,1766.735,1819.314,1871.624,1923.682,1975.502,2027.096,2078.472,2129.639,2180.601,2231.360,2281.918,2332.274,2382.426,2432.368,2482.096,2531.602,2580.877,2629.911,2678.694,2727.211,2775.450,2823.395,2871.029,2918.337,2965.299,3011.897,3058.110,3103.916,3149.296,3194.225,3238.680,3282.638,3326.074,3368.963,3411.277,3452.992,3494.081,3534.516,3574.270,3613.315,3651.622,3689.164,3725.911,3761.835,3796.908,3831.100,3864.382,3896.725,3928.101,3958.481,3987.837,4016.141,4043.363,4069.478,4094.457,4118.273,4140.900,4162.311,4182.482,4201.386,4218.999,4235.297,4250.257,4263.855,4276.069,4286.878,4296.260,4304.196,4310.666,4315.651,4319.132,4321.092,4321.515,4320.384,4317.684,4313.400,4307.518,4300.025,4290.907,4280.153,4267.751,4253.690,4237.959,4220.548,4201.448,4180.649,4158.142,4133.918,4107.970,4080.288,4050.864,4019.690,3986.758,3952.060,3915.586,3877.328,3837.275,3795.420,3751.749,3706.254,3658.921,3609.737,3558.689,3505.762,3450.938,3394.200,3335.529,3274.904,3212.301,3147.696,3081.063,3012.373,2941.593,2868.693,2793.635,2716.383,2636.896,2555.133,2471.050,2384.601,2295.740,2204.421,2110.598,2014.225,1915.262,1813.670,1709.420,1602.490,1492.874,1380.578,1265.632,1148.090,1028.034,905.585,780.898,654.175,525.659,395.638,264.443,132.434,0.000,0.000,0.000,0.000,0.000,0.000,0.000,0.000,0.000,0.000,0.000,0.000,0.000,0.000,0.000,0.000,14.784,29.367,43.553,57.158,70.015,81.979,92.927,102.760,111.400,118.788,124.886,129.667,133.119,135.236,136.022,135.480,133.614,130.427,125.911,120.048,112.799,104.094,93.819,81.795,67.779,51.649,34.697,27.076,22.724,19.699,17.292,15.205,13.302,11.509,9.786,8.108,6.459,4.831,3.214,1.606,0.000
0.000,3.142,6.213,9.143,11.858,14.286,16.352,17.982,19.105,19.648,19.547,18.749,17.216,14.944,11.966,8.372,4.312,0.000,0.000,0.000,0.000,0.000,0.000,0.000,0.000,0.000,0.000,0.000,0.000,0.000,0.000,0.000,83.830,166.969,248.813,328.937,407.089,483.171,557.189,629.221,699.383,767.813,834.654,900.046,964.124,1027.012,1088.825,1149.668,1209.634,1268.810,1327.272,1385.089,1442.322,1499.028,1555.256,1611.049,1666.447,1721.485,1776.192,1830.597,1884.721,1938.586,1992.207,2045.600,2098.776,2151.744,2204.512,2257.082,2309.458,2361.641,2413.630,2465.420,2517.008,2568.387,2619.549,2670.485,2721.183,2771.632,2821.818,2871.727,2921.341,2970.645,3019.620,3068.247,3116.505,3164.374,3211.831,3258.854,3305.418,3351.500,3397.073,3442.113,3486.592,3530.484,3573.761,3616.395,3658.357,3699.619,3740.152,3779.925,3818.910,3857.076,3894.394,3930.833,3966.363,4000.954,4034.575,4067.198,4098.791,4129.325,4158.771,4187.100,4214.282,4240.289,4265.093,4288.666,4310.981,4332.011,4351.730,4370.113,4387.134,4402.769,4416.993,4429.785,4441.121,4450.980,4459.341,4466.184,4471.489,4475.237,4477.410,4477.992,4476.965,4474.314,4470.023,4464.079,4456.467,4447.175,4436.191,4423.502,4409.097,4392.967,4375.100,4355.487,4334.119,4310.986,4286.082,4259.396,4230.922,4200.650,4168.573,4134.683,4098.971,4061.430,4022.049,3980.820,3937.733,3892.778,3845.943,3797.217,3746.585,3694.035,3639.550,3583.113,3524.707,3464.310,3401.901,3337.456,3270.947,3202.347,3131.625,3058.747,2983.676,2906.374,2826.799,2744.906,2660.647,2573.973,2484.830,2393.163,2298.917,2202.035,2102.460,2000.137,1895.015,1787.046,1676.195,1562.436,1445.760,1326.179,1203.732,1078.494,950.575,820.133,687.379,552.577,416.044,278.154,139.323,0.000,0.000,0.000,0.000,0.000,0.000,0.000,0.000,0.000,0.000,0.000,0.000,0.000,0.000,0.000,0.000,16.601,32.966,48.866,64.088,78.442,91.766,103.927,114.821,124.368,132.517,139.234,144.504,148.324,150.702,151.654,151.199,149.356,146.145,141.581,135.672,128.421,119.819,109.858,98.554,86.028,72.746,60.078,50.896,44.133,38.791,34.270,30.236,26.500,22.954,19.531,16.189,12.902,9.651,6.423,3.208,0.000
0.000,3.705,7.332,10.803,14.038,16.954,19.465,21.486,22.927,23.698,23.712,22.887,21.160,18.497,14.911,10.493,5.427,0.000,0.000,0.000,0.000,0.000,0.000,0.000,0.000,0.000,0.000,0.000,0.000,0.000,0.000,0.000,89.588,178.179,264.965,349.436,431.360,510.704,587.559,662.088,734.483,804.942,873.657,940.807,1006.557,1071.053,1134.427,1196.799,1258.273,1318.941,1378.888,1438.186,1496.902,1555.093,1612.812,1670.104,1727.010,1783.565,1839.801,1895.745,1951.420,2006.846,2062.042,2117.020,2171.792,2226.367,2280.752,2334.951,2388.965,2442.796,2496.440,2549.895,2603.155,2656.213,2709.059,2761.685,2814.078,2866.225,2918.113,2969.724,3021.042,3072.050,3122.727,3173.054,3223.010,3272.572,3321.717,3370.421,3418.659,3466.404,3513.632,3560.315,3606.424,3651.932,3696.811,3741.029,3784.558,3827.368,3869.428,3910.706,3951.173,3990.798,4029.547,4067.391,4104.297,4140.234,4175.170,4209.075,4241.917,4273.664,4304.287,4333.755,4362.037,4389.104,4414.927,4439.477,4462.724,4484.643,4505.204,4524.382,4542.151,4558.485,4573.360,4586.751,4598.635,4608.990,4617.795,4625.028,4630.668,4634.698,4637.098,4637.850,4636.938,4634.345,4630.057,4624.057,4616.334,4606.872,4595.661,4582.688,4567.941,4551.412,4533.088,4512.961,4491.022,4467.262,4441.672,4414.245,4384.973,4353.847,4320.861,4286.005,4249.273,4210.656,4170.145,4127.732,4083.406,4037.158,3988.977,3938.850,3886.764,3832.706,3776.658,3718.605,3658.526,3596.401,3532.208,3465.919,3397.509,3326.946,3254.198,3179.228,3101.997,3022.463,2940.578,2856.294,2769.557,2680.310,2588.492,2494.041,2396.889,2296.967,2194.206,2088.536,1979.888,1868.198,1753.407,1635.471,1514.358,1390.057,1262.589,1132.008,998.413,861.959,722.861,581.402,437.936,292.885,146.731,0.000,0.000,0.000,0.000,0.000,0.000,0.000,0.000,0.000,0.000,0.000,0.000,0.000,0.000,0.000,0.000,18.663,37.046,54.878,71.911,87.929,102.752,116.234,128.270,138.783,147.728,155.083,160.844,165.026,167.650,168.750,168.360,166.520,163.269,158.645,152.689,145.440,136.947,127.281,116.570,105.065,93.256,81.996,72.317,64.140,57.077,50.775,44.980,39.521,34.286,29.203,24.224,19.314,14.451,9.620,4.806,0.000
0.000,4.348,8.613,12.708,16.546,20.037,23.082,25.584,27.434,28.521,28.729,27.942,26.053,22.981,18.697,13.268,6.905,0.000,0.000,0.000,0.000,0.000,0.000,0.000,0.000,0.000,0.000,0.000,0.000,0.000,0.000,0.000,96.421,191.322,283.605,372.707,458.482,541.038,620.611,697.487,771.956,844.290,914.738,983.519,1050.828,1116.834,1181.687,1245.516,1308.435,1370.544,1431.932,1492.677,1552.846,1612.501,1671.694,1730.473,1788.878,1846.946,1904.709,1962.195,2019.425,2076.421,2133.201,2189.776,2246.159,2302.359,2358.380,2414.227,2469.902,2525.403,2580.728,2635.874,2690.832,2745.597,2800.158,2854.505,2908.624,2962.503,3016.124,3069.472,3122.530,3175.277,3227.694,3279.758,3331.449,3382.743,3433.615,3484.039,3533.989,3583.440,3632.362,3680.728,3728.508,3775.674,3822.194,3868.038,3913.175,3957.574,4001.201,4044.026,4086.016,4127.138,4167.360,4206.647,4244.968,4282.290,4318.580,4353.804,4387.931,4420.929,4452.764,4483.405,4512.822,4540.983,4567.857,4593.414,4617.625,4640.461,4661.893,4681.894,4700.437,4717.495,4733.043,4747.056,4759.510,4770.382,4779.648,4787.289,4793.282,4797.608,4800.248,4801.184,4800.398,4797.874,4793.596,4787.549,4779.719,4770.094,4758.659,4745.405,4730.318,4713.389,4694.609,4673.966,4651.454,4627.062,4600.783,4572.610,4542.534,4510.548,4476.644,4440.816,4403.056,4363.355,4321.706,4278.101,4232.528,4184.979,4135.444,4083.909,4030.362,3974.789,3917.174,3857.499,3795.745,3731.891,3665.912,3597.783,3527.475,3454.955,3380.188,3303.137,3223.758,3142.006,3057.830,2971.175,2881.983,2790.190,2695.727,2598.520,2498.493,2395.564,2289.648,2180.659,2068.509,1953.112,1834.386,1712.260,1586.673,1457.588,1324.995,1188.922,1049.449,906.717,760.941,612.420,461.546,308.799,154.742,0.000,0.000,0.000,0.000,0.000,0.000,0.000,0.000,0.000,0.000,0.000,0.000,0.000,0.000,0.000,0.000,21.014,41.692,61.710,80.778,98.647,115.116,130.033,143.289,154.818,164.583,172.580,178.824,183.344,186.185,187.395,187.033,185.155,181.823,177.101,171.053,163.756,155.296,145.793,135.421,124.443,113.252,102.364,92.264,83.056,74.625,66.795,59.405,52.331,45.479,38.783,32.197,25.686,19.227,12.801,6.396,0.000
0.000,5.078,10.068,14.879,19.414,23.576,27.259,30.349,32.721,34.241,34.759,34.115,32.145,28.691,23.640,16.983,8.926,0.000,0.000,0.000,0.000,0.000,0.000,0.000,0.000,0.000,0.000,0.000,0.000,0.000,0.000,0.000,104.854,207.220,305.614,399.542,489.107,574.684,656.734,735.709,812.019,886.021,958.019,1028.274,1097.008,1164.411,1230.645,1295.850,1360.147,1423.642,1486.425,1548.578,1610.170,1671.264,1731.913,1792.165,1852.061,1911.639,1970.928,2029.957,2088.749,2147.324,2205.698,2263.884,2321.894,2379.735,2437.412,2494.929,2552.286,2609.482,2666.514,2723.377,2780.063,2836.565,2892.871,2948.970,3004.849,3060.492,3115.882,3171.004,3225.836,3280.360,3334.554,3388.395,3441.861,3494.925,3547.563,3599.749,3651.453,3702.650,3753.308,3803.400,3852.893,3901.758,3949.963,3997.476,4044.264,4090.293,4135.532,4179.945,4223.499,4266.161,4307.895,4348.668,4388.445,4427.192,4464.874,4501.457,4536.908,4571.193,4604.278,4636.130,4666.716,4696.004,4723.963,4750.560,4775.766,4799.550,4821.882,4842.734,4862.079,4879.887,4896.133,4910.791,4923.837,4935.246,4944.995,4953.061,4959.424,4964.062,4966.956,4968.088,4967.440,4964.995,4960.737,4954.650,4946.721,4936.936,4925.283,4911.749,4896.323,4878.996,4859.757,4838.597,4815.508,4790.481,4763.508,4734.583,4703.697,4670.844,4636.016,4599.208,4560.411,4519.618,4476.822,4432.015,4385.187,4336.328,4285.430,4232.480,4177.465,4120.372,4061.184,3999.883,3936.451,3870.866,3803.103,3733.136,3660.933,3586.463,3509.688,3430.568,3349.057,3265.106,3178.661,3089.663,2998.045,2903.739,2806.667,2706.747,2603.888,2497.998,2388.975,2276.713,2161.105,2042.039,1919.406,1793.103,1663.035,1529.127,1391.332,1249.639,1104.096,954.819,802.011,645.984,487.166,326.106,163.467,0.000,0.000,0.000,0.000,0.000,0.000,0.000,0.000,0.000,0.000,0.000,0.000,0.000,0.000,0.000,0.000,23.713,47.016,69.518,90.875,110.803,129.078,145.541,160.091,172.672,183.268,191.896,198.591,203.410,206.416,207.683,207.288,205.311,201.835,196.944,190.730,183.292,174.744,165.228,154.926,144.079,132.985,121.981,111.353,101.226,91.598,82.397,73.538,64.939,56.533,48.269,40.106,32.015,23.974,15.967,7.979,0.000
0.000,5.902,11.711,17.334,22.668,27.610,32.046,35.850,38.882,40.983,41.970,41.636,39.739,36.014,30.199,22.108,11.818,0.000,0.000,0.000,0.000,0.000,0.000,0.000,0.000,0.000,0.000,0.000,0.000,0.000,0.000,0.000,115.865,227.234,332.289,430.992,524.020,612.205,696.324,777.031,854.867,930.269,1003.596,1075.141,1145.147,1213.820,1281.330,1347.824,1413.427,1478.246,1542.377,1605.898,1668.882,1731.390,1793.477,1855.189,1916.568,1977.650,2038.466,2099.042,2159.402,2219.564,2279.544,2339.356,2399.008,2458.508,2517.862,2577.070,2636.133,2695.050,2753.815,2812.424,2870.868,2929.137,2987.220,3045.105,3102.777,3160.220,3217.416,3274.347,3330.993,3387.332,3443.342,3499.000,3554.280,3609.157,3663.603,3717.592,3771.093,3824.079,3876.517,3928.377,3979.628,4030.237,4080.171,4129.396,4177.878,4225.583,4272.476,4318.521,4363.684,4407.928,4451.219,4493.520,4534.795,4575.008,4614.124,4652.107,4688.922,4724.533,4758.905,4792.005,4823.797,4854.249,4883.327,4910.999,4937.232,4961.996,4985.259,5006.992,5027.165,5045.750,5062.721,5078.049,5091.709,5103.676,5113.928,5122.439,5129.188,5134.155,5137.318,5138.660,5138.162,5135.805,5131.576,5125.457,5117.434,5107.495,5095.626,5081.816,5066.053,5048.327,5028.629,5006.949,4983.280,4957.613,4929.942,4900.258,4868.555,4834.828,4799.068,4761.270,4721.428,4679.534,4635.582,4589.563,4541.470,4491.294,4439.024,4384.650,4328.160,4269.539,4208.772,4145.842,4080.730,4013.413,3943.866,3872.064,3797.973,3721.561,3642.789,3561.614,3477.990,3391.863,3303.176,3211.865,3117.859,3021.081,2921.447,2818.863,2713.231,2604.440,2492.374,2376.907,2257.908,2135.239,2008.758,1878.325,1743.804,1605.073,1462.034,1314.625,1162.843,1006.761,846.558,682.540,515.172,345.079,173.049,0.000,0.000,0.000,0.000,0.000,0.000,0.000,0.000,0.000,0.000,0.000,0.000,0.000,0.000,0.000,0.000,26.836,53.161,78.499,102.439,124.653,144.899,163.018,178.920,192.574,203.989,213.212,220.308,225.360,228.461,229.707,229.199,227.040,223.332,218.182,211.700,204.003,195.221,185.506,175.034,164.013,152.677,141.266,129.980,118.936,108.176,97.688,87.436,77.376,67.466,57.669,47.957,38.305,28.697,19.118,9.555,0.000
0.000,6.822,13.551,20.088,26.330,32.169,37.486,42.145,45.997,48.862,50.530,50.744,49.184,45.450,39.051,29.442,16.245,0.000,0.000,0.000,0.000,0.000,0.000,0.000,0.000,0.000,0.000,0.000,0.000,0.000,0.000,0.000,131.469,253.722,365.533,468.388,564.094,654.161,739.736,821.680,900.644,977.130,1051.530,1124.158,1195.270,1265.075,1333.750,1401.442,1468.275,1534.360,1599.787,1664.638,1728.982,1792.881,1856.387,1919.547,1982.402,2044.985,2107.327,2169.455,2231.389,2293.149,2354.748,2416.200,2477.512,2538.692,2599.743,2660.665,2721.460,2782.123,2842.650,2903.034,2963.265,3023.334,3083.228,3142.933,3202.433,3261.712,3320.751,3379.530,3438.029,3496.223,3554.091,3611.606,3668.743,3725.475,3781.773,3837.608,3892.951,3947.769,4002.032,4055.707,4108.760,4161.158,4212.866,4263.850,4314.072,4363.498,4412.091,4459.814,4506.631,4552.503,4597.395,4641.267,4684.084,4725.807,4766.400,4805.824,4844.044,4881.023,4916.723,4951.109,4984.146,5015.799,5046.032,5074.813,5102.108,5127.884,5152.110,5174.753,5195.785,5215.176,5232.896,5248.919,5263.218,5275.767,5286.541,5295.517,5302.671,5307.982,5311.430,5312.995,5312.658,5310.403,5306.211,5300.067,5291.958,5281.869,5269.788,5255.704,5239.604,5221.479,5201.320,5179.119,5154.866,5128.555,5100.178,5069.730,5037.203,5002.592,4965.892,4927.096,4886.198,4843.193,4798.074,4750.834,4701.466,4649.961,4596.311,4540.505,4482.530,4422.375,4360.024,4295.460,4228.664,4159.614,4088.285,4014.651,3938.679,3860.335,3779.578,3696.366,3610.649,3522.372,3431.474,3337.886,3241.534,3142.334,3040.193,2935.009,2826.672,2715.058,2600.032,2481.450,2359.155,2232.979,2102.746,1968.272,1829.371,1685.865,1537.591,1384.417,1226.268,1063.149,895.184,722.658,546.053,366.080,183.682,0.000,0.000,0.000,0.000,0.000,0.000,0.000,0.000,0.000,0.000,0.000,0.000,0.000,0.000,0.000,0.000,30.482,60.317,88.911,115.769,140.518,162.902,182.772,200.065,214.783,226.978,236.732,244.148,249.344,252.442,253.567,252.844,250.398,246.352,240.830,233.960,225.871,216.702,206.607,195.752,184.319,172.499,160.477,148.410,136.405,124.521,112.779,101.175,89.691,78.308,67.005,55.763,44.566,33.400,22.257,11.126,0.000
0.000,7.843,15.592,23.149,30.413,37.272,43.605,49.276,54.126,57.969,60.576,61.657,60.832,57.577,51.135,40.381,23.725,0.000,0.000,0.000,0.000,0.000,0.000,0.000,0.000,0.000,0.000,0.000,0.000,0.000,0.000,0.000,156.401,290.828,407.970,513.221,610.150,700.996,787.212,869.784,949.418,1026.634,1101.832,1175.327,1247.370,1318.170,1387.896,1456.693,1524.684,1591.972,1658.649,1724.790,1790.465,1855.731,1920.640,1985.237,2049.560,2113.643,2177.514,2241.198,2304.716,2368.084,2431.317,2494.424,2557.415,2620.294,2683.065,2745.727,2808.279,2870.717,2933.034,2995.223,3057.274,3119.176,3180.914,3242.475,3303.841,3364.994,3425.914,3486.581,3546.973,3607.064,3666.831,3726.247,3785.284,3843.915,3902.109,3959.837,4017.066,4073.764,4129.898,4185.434,4240.337,4294.572,4348.102,4400.890,4452.901,4504.095,4554.436,4603.883,4652.401,4699.948,4746.486,4791.977,4836.381,4879.659,4921.772,4962.682,5002.350,5040.738,5077.807,5113.521,5147.842,5180.734,5212.161,5242.087,5270.479,5297.302,5322.522,5346.109,5368.029,5388.254,5406.752,5423.497,5438.458,5451.612,5462.931,5472.391,5479.969,5485.642,5489.390,5491.192,5491.030,5488.885,5484.740,5478.580,5470.390,5460.157,5447.868,5433.511,5417.075,5398.551,5377.929,5355.202,5330.361,5303.400,5274.313,5243.092,5209.733,5174.230,5136.579,5096.775,5054.811,5010.684,4964.387,4915.915,4865.261,4812.417,4757.376,4700.127,4640.660,4578.963,4515.020,4448.817,4380.334,4309.550,4236.441,4160.979,4083.132,4002.866,3920.140,3834.909,3747.122,3656.724,3563.649,3467.826,3369.176,3267.609,3163.026,3055.316,2944.358,2830.013,2712.132,2590.549,2465.081,2335.530,2201.681,2063.302,1920.152,1771.983,1618.552,1459.637,1295.058,1124.720,948.652,767.073,580.459,389.600,195.632,0.000,0.000,0.000,0.000,0.000,0.000,0.000,0.000,0.000,0.000,0.000,0.000,0.000,0.000,0.000,0.000,34.791,68.740,101.093,131.253,158.800,183.479,205.169,223.856,239.594,252.489,262.673,270.297,275.515,278.486,279.364,278.301,275.443,270.934,264.913,257.521,248.897,239.187,228.541,217.116,205.076,192.584,179.791,166.830,153.800,140.768,127.771,114.827,101.937,89.099,76.303,63.543,50.808,38.093,25.390,12.694,0.000
0.000,8.963,17.836,26.521,34.920,42.925,50.415,57.257,63.297,68.348,72.184,74.513,74.946,72.924,67.562,57.241,38.287,0.000,0.000,0.000,0.000,0.000,0.000,0.000,0.000,0.000,0.000,0.000,0.000,0.000,0.000,0.000,203.438,345.420,462.558,566.691,662.652,752.874,838.788,921.329,1001.151,1078.737,1154.458,1228.605,1301.410,1373.067,1443.737,1513.552,1582.628,1651.064,1718.943,1786.339,1853.316,1919.930,1986.228,2052.252,2118.040,2183.621,2249.024,2314.272,2379.382,2444.372,2509.252,2574.034,2638.723,2703.324,2767.838,2832.264,2896.601,2960.842,3024.980,3089.007,3152.911,3216.680,3280.299,3343.752,3407.022,3470.088,3532.930,3595.526,3657.852,3719.883,3781.593,3842.953,3903.936,3964.512,4024.649,4084.316,4143.479,4202.104,4260.158,4317.603,4374.405,4430.525,4485.926,4540.569,4594.417,4647.429,4699.565,4750.787,4801.053,4850.324,4898.557,4945.714,4991.752,5036.632,5080.312,5122.753,5163.913,5203.754,5242.235,5279.319,5314.965,5349.136,5381.795,5412.905,5442.430,5470.335,5496.585,5521.147,5543.988,5565.076,5584.381,5601.874,5617.524,5631.306,5643.192,5653.158,5661.179,5667.232,5671.295,5673.349,5673.374,5671.351,5667.262,5661.094,5652.830,5642.457,5629.963,5615.335,5598.564,5579.640,5558.553,5535.297,5509.863,5482.246,5452.440,5420.439,5386.239,5349.835,5311.223,5270.398,5227.358,5182.096,5134.610,5084.893,5032.941,4978.746,4922.303,4863.601,4802.631,4739.383,4673.842,4605.994,4535.821,4463.301,4388.411,4311.125,4231.410,4149.233,4064.552,3977.322,3887.492,3795.003,3699.789,3601.777,3500.882,3397.011,3290.059,3179.907,3066.423,2949.458,2828.846,2704.400,2575.914,2443.157,2305.874,2163.784,2016.582,1863.941,1705.523,1540.988,1370.021,1192.374,1007.922,816.754,619.275,416.329,209.281,0.000,0.000,0.000,0.000,0.000,0.000,0.000,0.000,0.000,0.000,0.000,0.000,0.000,0.000,0.000,0.000,39.960,78.788,115.509,149.401,180.011,207.112,230.646,250.675,267.335,280.800,291.269,298.946,304.031,306.720,307.201,305.651,302.238,297.123,290.461,282.403,273.097,262.691,251.333,239.173,226.359,213.036,199.337,185.377,171.252,157.029,142.756,128.464,114.167,99.876,85.593,71.318,57.049,42.784,28.523,14.262,0.000
0.000,10.182,20.279,30.198,39.846,49.118,57.904,66.078,73.494,79.985,85.342,89.311,91.561,91.653,88.988,82.769,72.199,58.292,55.009,55.516,57.691,60.814,64.640,69.120,74.317,80.398,87.660,96.638,108.334,124.822,150.971,199.898,312.105,425.094,530.442,628.676,721.285,809.498,894.220,976.116,1055.684,1133.312,1209.304,1283.905,1357.317,1429.708,1501.220,1571.974,1642.071,1711.602,1780.644,1849.262,1917.518,1985.460,2053.135,2120.580,2187.829,2254.912,2321.852,2388.671,2455.386,2522.011,2588.556,2655.031,2721.439,2787.785,2854.068,2920.286,2986.436,3052.510,3118.501,3184.398,3250.190,3315.862,3381.399,3446.783,3511.995,3577.015,3641.820,3706.388,3770.692,3834.707,3898.405,3961.757,4024.732,4087.300,4149.428,4211.082,4272.228,4332.831,4392.853,4452.258,4511.009,4569.065,4626.388,4682.937,4738.673,4793.553,4847.537,4900.583,4952.649,5003.693,5053.672,5102.543,5150.265,5196.794,5242.090,5286.108,5328.807,5370.147,5410.085,5448.581,5485.595,5521.087,5555.019,5587.352,5618.049,5647.072,5674.387,5699.958,5723.752,5745.735,5765.877,5784.145,5800.511,5814.946,5827.423,5837.915,5846.398,5852.849,5857.246,5859.566,5859.790,5857.900,5853.879,5847.710,5839.378,5828.870,5816.174,5801.278,5784.171,5764.845,5743.290,5719.500,5693.469,5665.189,5634.657,5601.867,5566.815,5529.499,5489.914,5448.058,5403.928,5357.519,5308.830,5257.855,5204.591,5149.033,5091.174,5031.008,4968.525,4903.716,4836.569,4767.069,4695.199,4620.941,4544.271,4465.164,4383.589,4299.510,4212.890,4123.682,4031.834,3937.287,3839.975,3739.821,3636.739,3530.633,3421.392,3308.892,3192.991,3073.530,2950.330,2823.186,2691.867,2556.113,2415.628,2270.082,2119.103,1962.278,1799.157,1629.259,1452.095,1267.201,1074.216,872.985,663.732,447.267,225.198,0.000,0.000,0.000,0.000,0.000,0.000,0.000,0.000,0.000,0.000,0.000,0.000,0.000,0.000,0.000,0.000,46.282,90.977,132.797,170.888,204.799,234.386,259.710,280.955,298.364,312.207,322.761,330.291,335.049,337.271,337.177,334.970,330.839,324.962,317.507,308.632,298.493,287.239,275.015,261.966,248.230,233.938,219.211,204.156,188.860,173.394,157.811,142.148,126.432,110.680,94.904,79.110,63.303,47.486,31.663,15.833,0.000
0.000,11.497,22.914,34.168,45.171,55.830,66.042,75.696,84.664,92.802,99.941,105.881,110.388,113.193,114.022,112.699,109.494,106.003,106.270,109.408,114.481,120.975,128.678,137.578,147.813,159.678,173.675,190.637,211.962,240.085,279.290,336.688,420.211,512.682,605.766,696.661,784.734,870.079,952.987,1033.779,1112.750,1190.154,1266.208,1341.099,1414.986,1488.006,1560.276,1631.899,1702.962,1773.545,1843.714,1913.528,1983.042,2052.300,2121.343,2190.205,2258.916,2327.504,2395.988,2464.389,2532.722,2600.998,2669.227,2737.415,2805.566,2873.681,2941.759,3009.798,3077.790,3145.730,3213.606,3281.409,3349.125,3416.737,3484.230,3551.585,3618.781,3685.796,3752.608,3819.191,3885.519,3951.564,4017.296,4082.687,4147.703,4212.312,4276.480,4340.172,4403.352,4465.983,4528.026,4589.443,4650.194,4710.239,4769.536,4828.044,4885.721,4942.523,4998.407,5053.330,5107.248,5160.117,5211.893,5262.531,5311.987,5360.216,5407.175,5452.820,5497.107,5539.992,5581.434,5621.388,5659.814,5696.671,5731.917,5765.513,5797.421,5827.602,5856.018,5882.634,5907.414,5930.325,5951.333,5970.406,5987.515,6002.629,6015.720,6026.762,6035.728,6042.596,6047.341,6049.943,6050.381,6048.636,6044.690,6038.529,6030.135,6019.497,6006.602,5991.439,5973.996,5954.266,5932.240,5907.912,5881.276,5852.327,5821.059,5787.470,5751.557,5713.317,5672.747,5629.846,5584.611,5537.042,5487.135,5434.888,5380.298,5323.362,5264.074,5202.430,5138.421,5072.040,5003.276,4932.115,4858.544,4782.544,4704.093,4623.167,4539.736,4453.768,4365.223,4274.057,4180.218,4083.647,3984.278,3882.034,3776.827,3668.558,3557.114,3442.367,3324.168,3202.351,3076.724,2947.067,2813.131,2674.627,2531.225,2382.544,2228.147,2067.535,1900.136,1725.309,1542.347,1350.509,1149.078,937.494,715.584,483.922,244.285,0.000,0.000,0.000,0.000,0.000,0.000,0.000,0.000,0.000,0.000,0.000,0.000,0.000,0.000,0.000,0.000,54.213,106.079,153.868,196.620,233.984,266.007,292.948,315.169,333.063,347.015,357.389,364.522,368.719,370.256,369.383,366.329,361.301,354.493,346.081,336.233,325.108,312.855,299.619,285.538,270.743,255.357,239.491,223.245,206.703,189.936,172.999,155.935,138.776,121.546,104.263,86.940,69.586,52.210,34.817,17.412,0.000
0.000,12.900,25.729,38.412,50.871,63.023,74.780,86.046,96.716,106.676,115.799,123.948,130.982,136.779,141.276,144.578,147.143,150.026,154.730,161.437,169.928,180.008,191.606,204.793,219.778,236.933,256.844,280.401,308.937,344.428,389.606,447.579,519.641,599.972,683.642,767.875,851.364,933.588,1014.405,1093.842,1172.000,1248.999,1324.968,1400.028,1474.291,1547.857,1620.818,1693.255,1765.240,1836.839,1908.108,1979.099,2049.857,2120.422,2190.828,2261.106,2331.284,2401.382,2471.421,2541.417,2611.383,2681.329,2751.261,2821.185,2891.102,2961.013,3030.915,3100.803,3170.670,3240.508,3310.305,3380.049,3449.725,3519.317,3588.807,3658.173,3727.395,3796.450,3865.313,3933.957,4002.355,4070.477,4138.293,4205.771,4272.878,4339.579,4405.839,4471.621,4536.887,4601.599,4665.716,4729.199,4792.006,4854.093,4915.420,4975.941,5035.613,5094.392,5152.230,5209.085,5264.910,5319.658,5373.284,5425.741,5476.984,5526.966,5575.641,5622.962,5668.886,5713.367,5756.359,5797.818,5837.703,5875.968,5912.573,5947.475,5980.635,6012.012,6041.568,6069.265,6095.067,6118.938,6140.845,6160.754,6178.633,6194.452,6208.183,6219.797,6229.268,6236.571,6241.683,6244.581,6245.246,6243.658,6239.799,6233.653,6225.205,6214.441,6201.350,6185.919,6168.140,6148.004,6125.503,6100.631,6073.384,6043.756,6011.744,5977.346,5940.558,5901.381,5859.813,5815.852,5769.499,5720.752,5669.612,5616.076,5560.144,5501.814,5441.082,5377.944,5312.396,5244.430,5174.037,5101.207,5025.927,4948.179,4867.945,4785.201,4699.920,4612.071,4521.615,4428.511,4332.707,4234.146,4132.762,4028.479,3921.210,3810.855,3697.299,3580.412,3460.043,3336.018,3208.140,3076.178,2939.866,2798.896,2652.907,2501.477,2344.112,2180.228,2009.137,1830.027,1641.949,1443.817,1234.433,1012.601,777.388,528.671,268.059,0.000,0.000,0.000,0.000,0.000,0.000,0.000,0.000,0.000,0.000,0.000,0.000,0.000,0.000,0.000,0.000,64.517,125.301,180.038,227.813,268.598,302.803,331.009,353.823,371.819,385.519,395.383,401.817,405.177,405.777,403.898,399.787,393.669,385.748,376.211,365.228,352.962,339.562,325.171,309.922,293.941,277.343,260.233,242.706,224.843,206.713,188.373,169.869,151.237,132.506,113.697,94.829,75.915,56.967,37.993,19.001,0.000
0.000,14.385,28.709,42.907,56.911,70.652,84.055,97.044,109.538,121.452,132.701,143.203,152.894,161.746,169.811,177.280,184.563,192.320,201.285,211.784,223.894,237.635,253.066,270.338,289.710,311.582,336.530,365.359,399.154,439.300,487.370,544.657,611.120,684.278,761.354,840.273,919.741,999.029,1077.767,1155.790,1233.049,1309.556,1385.357,1460.511,1535.083,1609.141,1682.746,1755.959,1828.836,1901.426,1973.778,2045.932,2117.925,2189.792,2261.562,2333.260,2404.910,2476.530,2548.136,2619.743,2691.360,2762.994,2834.652,2906.335,2978.046,3049.780,3121.535,3193.305,3265.079,3336.850,3408.604,3480.327,3552.003,3623.614,3695.141,3766.562,3837.855,3908.994,3979.954,4050.707,4121.222,4191.471,4261.421,4331.037,4400.286,4469.132,4537.537,4605.462,4672.869,4739.717,4805.964,4871.568,4936.486,5000.673,5064.085,5126.676,5188.401,5249.212,5309.063,5367.905,5425.693,5482.376,5537.908,5592.240,5645.324,5697.112,5747.556,5796.608,5844.220,5890.346,5934.939,5977.953,6019.343,6059.064,6097.072,6133.324,6167.779,6200.393,6231.128,6259.945,6286.805,6311.671,6334.509,6355.284,6373.964,6390.517,6404.912,6417.121,6427.118,6434.877,6440.373,6443.585,6444.491,6443.072,6439.309,6433.187,6424.689,6413.804,6400.519,6384.822,6366.705,6346.160,6323.179,6297.758,6269.892,6239.576,6206.809,6171.589,6133.915,6093.787,6051.204,6006.168,5958.679,5908.739,5856.347,5801.505,5744.213,5684.471,5622.278,5557.631,5490.527,5420.961,5348.927,5274.416,5197.416,5117.914,5035.892,4951.329,4864.201,4774.478,4682.124,4587.099,4489.355,4388.838,4285.481,4179.211,4069.943,3957.578,3842.003,3723.087,3600.679,3474.604,3344.662,3210.616,3072.191,2929.067,2780.864,2627.130,2467.327,2300.805,2126.775,1944.272,1752.105,1548.810,1332.601,1101.379,852.909,585.445,299.327,0.000,0.000,0.000,0.000,0.000,0.000,0.000,0.000,0.000,0.000,0.000,0.000,0.000,0.000,0.000,0.000,78.585,150.621,213.237,266.079,309.887,345.707,374.578,397.416,415.001,427.992,436.943,442.322,444.532,443.918,440.782,435.389,427.975,418.753,407.913,395.632,382.070,367.377,351.692,335.145,317.856,299.935,281.482,262.587,243.327,223.771,203.976,183.989,163.849,143.587,123.228,102.795,82.302,61.765,41.196,20.604,0.000
0.000,15.943,31.836,47.624,63.251,78.661,93.796,108.597,123.006,136.967,150.429,163.355,175.734,187.597,199.043,210.275,221.621,233.521,246.428,260.648,276.366,293.714,312.841,333.947,357.318,383.342,412.539,445.573,483.258,526.511,576.210,632.881,696.261,765.063,837.657,912.598,988.811,1065.575,1142.438,1219.135,1295.521,1371.529,1447.138,1522.356,1597.209,1671.729,1745.953,1819.921,1893.671,1967.241,2040.666,2113.977,2187.204,2260.375,2333.513,2406.639,2479.772,2552.926,2626.115,2699.350,2772.637,2845.983,2919.391,2992.861,3066.391,3139.980,3213.619,3287.303,3361.020,3434.760,3508.508,3582.249,3655.965,3729.638,3803.245,3876.765,3950.174,4023.444,4096.549,4169.458,4242.142,4314.568,4386.703,4458.511,4529.956,4601.000,4671.604,4741.729,4811.333,4880.373,4948.807,5016.590,5083.678,5150.022,5215.579,5280.298,5344.134,5407.037,5468.958,5529.847,5589.655,5648.332,5705.828,5762.092,5817.074,5870.724,5922.992,5973.828,6023.183,6071.007,6117.253,6161.872,6204.818,6246.042,6285.501,6323.148,6358.941,6392.836,6424.791,6454.766,6482.721,6508.620,6532.423,6554.097,6573.607,6590.921,6606.007,6618.837,6629.383,6637.618,6643.517,6647.058,6648.220,6646.981,6643.325,6637.234,6628.694,6617.691,6604.214,6588.251,6569.795,6548.837,6525.371,6499.394,6470.899,6439.886,6406.353,6370.298,6331.723,6290.628,6247.015,6200.886,6152.244,6101.090,6047.428,5991.261,5932.589,5871.416,5807.742,5741.566,5672.889,5601.707,5528.015,5451.809,5373.078,5291.812,5207.995,5121.611,5032.636,4941.043,4846.802,4749.873,4650.213,4547.768,4442.477,4334.270,4223.066,4108.767,3991.265,3870.432,3746.118,3618.154,3486.339,3350.438,3210.177,3065.231,2915.215,2759.665,2598.021,2429.596,2253.537,2068.768,1873.914,1667.175,1446.170,1207.718,947.656,661.019,343.855,0.000,0.000,0.000,0.000,0.000,0.000,0.000,0.000,0.000,0.000,0.000,0.000,0.000,0.000,0.000,0.000,99.241,185.424,256.291,313.479,359.272,395.683,424.310,446.397,462.919,474.652,482.222,486.148,486.862,484.731,480.072,473.159,464.236,453.517,441.196,427.450,412.438,396.308,379.195,361.224,342.511,323.161,303.269,282.920,262.190,241.144,219.840,198.324,176.637,154.811,132.875,110.852,88.760,66.615,44.433,22.223,0.000
0.000,17.564,35.090,52.533,69.849,86.996,103.929,120.609,136.998,153.062,168.782,184.153,199.197,213.975,228.607,243.279,258.255,273.855,290.402,308.170,327.371,348.190,370.820,395.489,422.482,452.156,484.952,521.396,562.075,607.584,658.411,714.762,776.377,842.490,912.084,984.159,1057.877,1132.607,1207.898,1283.450,1359.068,1434.634,1510.080,1585.375,1660.510,1735.490,1810.328,1885.046,1959.667,2034.214,2108.712,2183.183,2257.649,2332.131,2406.647,2481.213,2555.842,2630.547,2705.338,2780.221,2855.202,2930.284,3005.468,3080.752,3156.133,3231.606,3307.164,3382.796,3458.492,3534.238,3610.020,3685.819,3761.618,3837.395,3913.128,3988.793,4064.365,4139.814,4215.113,4290.230,4365.134,4439.790,4514.163,4588.216,4661.912,4735.211,4808.072,4880.454,4952.312,5023.604,5094.284,5164.306,5233.622,5302.185,5369.946,5436.855,5502.863,5567.918,5631.970,5694.966,5756.856,5817.587,5877.106,5935.361,5992.300,6047.870,6102.020,6154.697,6205.850,6255.428,6303.380,6349.657,6394.209,6436.987,6477.945,6517.035,6554.212,6589.431,6622.649,6653.824,6682.914,6709.880,6734.685,6757.291,6777.663,6795.768,6811.573,6825.049,6836.166,6844.898,6851.219,6855.106,6856.537,6855.492,6851.952,6845.901,6837.324,6826.207,6812.540,6796.311,6777.513,6756.139,6732.182,6705.640,6676.508,6644.786,6610.473,6573.570,6534.078,6492.000,6447.339,6400.098,6350.282,6297.895,6242.942,6185.427,6125.354,6062.728,5997.551,5929.826,5859.555,5786.737,5711.370,5633.452,5552.976,5469.934,5384.313,5296.101,5205.276,5111.817,5015.694,4916.875,4815.317,4710.972,4603.785,4493.688,4380.605,4264.446,4145.106,4022.463,3896.375,3766.680,3633.182,3495.657,3353.837,3207.409,3055.994,2899.138,2736.287,2566.757,2389.686,2203.971,2008.163,1800.296,1577.603,1336.011,1069.235,767.286,415.134,0.000,0.000,0.000,0.000,0.000,0.000,0.000,0.000,0.000,0.000,0.000,0.000,0.000,0.000,0.000,0.000,133.003,235.616,313.122,372.385,418.166,453.579,480.726,501.095,515.784,525.633,531.309,533.350,532.201,528.236,521.777,513.100,502.448,490.035,476.054,460.678,444.064,426.356,407.684,388.168,367.920,347.038,325.614,303.730,281.456,258.858,235.988,212.896,189.621,166.197,142.653,119.013,95.297,71.523,47.707,23.862,0.000
0.000,19.240,38.452,57.603,76.662,95.597,114.380,132.986,151.395,169.595,187.585,205.386,223.041,240.627,258.264,276.123,294.418,313.400,333.328,354.439,376.948,401.058,426.977,454.937,485.209,518.107,553.998,593.284,636.385,683.686,735.463,791.783,852.430,916.905,984.536,1054.617,1126.511,1199.690,1273.749,1348.387,1423.393,1498.620,1573.971,1649.388,1724.834,1800.293,1875.761,1951.241,2026.741,2102.274,2177.854,2253.495,2329.212,2405.018,2480.926,2556.948,2633.092,2709.368,2785.781,2862.337,2939.036,3015.881,3092.869,3169.997,3247.261,3324.652,3402.163,3479.781,3557.493,3635.286,3713.141,3791.041,3868.966,3946.892,4024.798,4102.655,4180.438,4258.116,4335.661,4413.038,4490.214,4567.154,4643.821,4720.176,4796.180,4871.792,4946.968,5021.666,5095.840,5169.443,5242.431,5314.752,5386.360,5457.204,5527.232,5596.394,5664.636,5731.907,5798.152,5863.319,5927.353,5990.200,6051.804,6112.112,6171.069,6228.619,6284.711,6339.287,6392.296,6443.684,6493.399,6541.388,6587.600,6631.984,6674.491,6715.073,6753.682,6790.271,6824.796,6857.213,6887.478,6915.552,6941.394,6964.966,6986.233,7005.159,7021.712,7035.859,7047.572,7056.822,7063.585,7067.835,7069.551,7068.711,7065.298,7059.295,7050.687,7039.460,7025.604,7009.109,6989.966,6968.170,6943.716,6916.600,6886.820,6854.377,6819.271,6781.504,6741.078,6697.998,6652.268,6603.895,6552.883,6499.241,6442.973,6384.087,6322.589,6258.486,6191.783,6122.485,6050.597,5976.121,5899.059,5819.409,5737.170,5652.337,5564.900,5474.849,5382.170,5286.842,5188.842,5088.140,4984.701,4878.480,4769.427,4657.483,4542.575,4424.622,4303.526,4179.176,4051.439,3920.162,3785.165,3646.237,3503.129,3355.548,3203.140,3045.482,2882.057,2712.227,2535.190,2349.920,2155.062,1948.768,1728.390,1489.864,1226.280,923.950,549.476,0.000,0.000,0.000,0.000,0.000,0.000,0.000,0.000,0.000,0.000,0.000,0.000,0.000,0.000,0.000,0.000,197.220,311.010,388.310,444.907,487.572,519.894,544.084,561.642,573.659,580.964,584.208,583.919,580.531,574.412,565.874,555.187,542.588,528.285,512.467,495.299,476.934,457.510,437.153,415.976,394.085,371.574,348.530,325.030,301.142,276.927,252.439,227.722,202.817,177.758,152.573,127.287,101.922,76.495,51.023,25.520,0.000
0.000,20.959,41.901,62.804,83.647,104.410,125.079,145.641,166.092,186.436,206.690,226.887,247.085,267.368,287.852,308.690,330.064,352.183,375.262,399.513,425.141,452.347,481.337,512.335,545.586,581.363,619.961,661.692,706.853,755.697,808.382,864.917,925.128,988.670,1055.075,1123.836,1194.466,1266.539,1339.701,1413.674,1488.249,1563.269,1638.621,1714.229,1790.038,1866.017,1942.144,2018.410,2094.811,2171.349,2248.029,2324.858,2401.843,2478.992,2556.312,2633.810,2711.491,2789.361,2867.422,2945.675,3024.121,3102.757,3181.581,3260.585,3339.765,3419.110,3498.610,3578.251,3658.020,3737.899,3817.871,3897.916,3978.012,4058.135,4138.259,4218.358,4298.403,4378.362,4458.204,4537.895,4617.400,4696.680,4775.698,4854.413,4932.784,5010.767,5088.320,5165.395,5241.946,5317.925,5393.282,5467.968,5541.932,5615.120,5687.481,5758.960,5829.503,5899.054,5967.559,6034.961,6101.204,6166.231,6229.984,6292.409,6353.446,6413.041,6471.135,6527.672,6582.597,6635.854,6687.389,6737.147,6785.074,6831.118,6875.228,6917.352,6957.442,6995.450,7031.327,7065.029,7096.512,7125.733,7152.651,7177.226,7199.421,7219.200,7236.528,7251.374,7263.707,7273.499,7280.722,7285.353,7287.369,7286.748,7283.473,7277.525,7268.892,7257.559,7243.515,7226.751,7207.260,7185.037,7160.077,7132.378,7101.939,7068.761,7032.846,6994.197,6952.819,6908.717,6861.898,6812.370,6760.139,6705.216,6647.608,6587.325,6524.376,6458.769,6390.514,6319.617,6246.086,6169.928,6091.145,6009.742,5925.719,5839.076,5749.806,5657.905,5563.360,5466.158,5366.279,5263.699,5158.388,5050.309,4939.417,4825.659,4708.973,4589.285,4466.509,4340.544,4211.270,4078.549,3942.221,3802.095,3657.949,3509.520,3356.495,3198.501,3035.088,2865.706,2689.675,2506.145,2314.025,2111.888,1897.821,1669.196,1422.410,1153.004,858.942,562.517,435.172,368.468,327.369,298.924,277.642,260.900,247.326,236.173,227.062,219.890,214.851,212.605,214.798,225.603,256.707,344.964,423.015,484.343,531.514,567.485,594.517,614.254,627.917,636.438,640.548,640.833,637.779,631.786,623.198,612.307,599.370,584.611,568.228,550.399,531.282,511.023,489.752,467.587,444.637,421.001,396.768,372.019,346.826,321.255,295.363,269.200,242.811,216.234,189.501,162.642,135.681,108.639,81.534,54.383,27.201,0.000
0.000,22.713,45.419,68.106,90.763,113.383,135.960,158.495,180.996,203.478,225.972,248.520,271.189,294.062,317.253,340.898,365.157,390.209,416.239,443.440,471.999,502.108,533.962,567.769,603.744,642.122,683.141,727.038,774.030,824.286,877.897,934.848,995.002,1058.107,1123.828,1191.790,1261.619,1332.972,1405.549,1479.105,1553.439,1628.399,1703.866,1779.752,1855.993,1932.545,2009.376,2086.464,2163.797,2241.368,2319.175,2397.216,2475.493,2554.008,2632.764,2711.763,2791.007,2870.497,2950.232,3030.213,3110.435,3190.894,3271.586,3352.501,3433.633,3514.968,3596.495,3678.200,3760.067,3842.076,3924.209,4006.444,4088.757,4171.124,4253.518,4335.909,4418.267,4500.561,4582.756,4664.816,4746.705,4828.383,4909.811,4990.946,5071.744,5152.162,5232.153,5311.669,5390.661,5469.080,5546.873,5623.989,5700.375,5775.975,5850.735,5924.599,5997.509,6069.409,6140.241,6209.945,6278.465,6345.739,6411.709,6476.316,6539.500,6601.202,6661.363,6719.925,6776.829,6832.016,6885.431,6937.016,6986.716,7034.476,7080.243,7123.963,7165.586,7205.060,7242.338,7277.372,7310.116,7340.525,7368.558,7394.172,7417.331,7437.995,7456.130,7471.703,7484.681,7495.037,7502.742,7507.771,7510.102,7509.713,7506.585,7500.702,7492.048,7480.611,7466.380,7449.347,7429.504,7406.847,7381.373,7353.080,7321.969,7288.041,7251.300,7211.752,7169.401,7124.255,7076.323,7025.615,6972.140,6915.910,6856.934,6795.226,6730.796,6663.657,6593.819,6521.294,6446.092,6368.222,6287.693,6204.510,6118.679,6030.202,5939.080,5845.310,5748.886,5649.799,5548.035,5443.575,5336.397,5226.469,5113.757,4998.213,4879.787,4758.414,4634.020,4506.518,4375.805,4241.762,4104.249,3963.104,3818.138,3669.126,3515.810,3357.881,3194.979,3026.671,2852.445,2671.688,2483.674,2287.546,2082.350,1867.162,1641.558,1407.037,1171.012,956.150,809.866,711.472,642.216,590.803,550.855,518.738,492.331,470.400,452.278,437.739,426.999,420.861,421.075,431.005,456.376,503.052,551.894,594.702,629.499,656.529,676.630,690.699,699.539,703.835,704.163,701.009,694.785,685.844,674.490,660.988,645.573,628.451,609.804,589.799,568.584,546.293,523.048,498.961,474.132,448.654,422.609,396.074,369.116,341.795,314.167,286.277,258.167,229.876,201.433,172.866,144.199,115.452,86.644,57.789,28.904,0.000
0.000,24.492,48.987,73.482,97.975,122.468,146.966,171.479,196.025,220.629,245.330,270.179,295.244,320.609,346.382,372.687,399.666,427.477,456.284,486.258,517.574,550.406,584.937,621.350,659.838,700.596,743.820,789.691,838.370,889.972,944.551,1002.085,1062.463,1125.498,1190.942,1258.511,1327.917,1398.883,1471.158,1544.527,1618.811,1693.863,1769.567,1845.829,1922.582,1999.772,2077.360,2155.317,2233.623,2312.263,2391.228,2470.512,2550.110,2630.020,2710.241,2790.769,2871.605,2952.744,3034.185,3115.924,3197.955,3280.272,3362.866,3445.729,3528.849,3612.214,3695.809,3779.619,3863.626,3947.809,4032.149,4116.621,4201.201,4285.862,4370.576,4455.311,4540.037,4624.720,4709.323,4793.811,4878.143,4962.279,5046.177,5129.793,5213.083,5295.998,5378.492,5460.515,5542.014,5622.940,5703.237,5782.851,5861.727,5939.808,6017.037,6093.355,6168.704,6243.022,6316.250,6388.327,6459.192,6528.783,6597.039,6663.897,6729.295,6793.173,6855.468,6916.120,6975.066,7032.248,7087.605,7141.079,7192.611,7242.146,7289.626,7334.997,7378.205,7419.198,7457.926,7494.338,7528.388,7560.029,7589.218,7615.911,7640.068,7661.652,7680.625,7696.953,7710.603,7721.546,7729.754,7735.200,7737.862,7737.718,7734.748,7728.936,7720.268,7708.730,7694.312,7677.007,7656.807,7633.709,7607.711,7578.812,7547.014,7512.321,7474.736,7434.267,7390.922,7344.709,7295.639,7243.724,7188.977,7131.409,7071.036,7007.871,6941.930,6873.226,6801.773,6727.588,6650.682,6571.070,6488.762,6403.770,6316.102,6225.765,6132.765,6037.104,5938.781,5837.793,5734.131,5627.785,5518.736,5406.965,5292.441,5175.130,5054.990,4931.969,4806.007,4677.032,4544.960,4409.692,4271.116,4129.099,3983.489,3834.110,3680.762,3523.214,3361.202,3194.430,3022.567,2845.258,2662.146,2472.924,2277.462,2076.073,1870.086,1662.971,1462.260,1281.494,1136.927,1025.570,939.428,871.412,816.422,771.038,733.027,700.977,674.065,651.939,634.692,622.914,617.785,621.120,634.904,659.152,686.995,713.269,735.460,752.715,764.995,772.597,775.932,775.429,771.490,764.483,754.734,742.537,728.148,711.799,693.694,674.019,652.939,630.604,607.148,582.696,557.360,531.241,504.433,477.021,449.081,420.683,391.889,362.757,333.334,303.666,273.791,243.743,213.553,183.245,152.841,122.362,91.824,61.242,30.630,0.000
0.000,26.289,52.590,78.908,105.249,131.623,158.045,184.532,211.110,237.813,264.684,291.779,319.168,346.935,375.178,404.014,433.571,463.990,495.418,528.009,561.921,597.315,634.353,673.201,714.026,756.992,802.259,849.969,900.243,953.163,1008.761,1067.015,1127.835,1191.080,1256.561,1324.061,1393.353,1464.214,1536.436,1609.834,1684.248,1759.543,1835.608,1912.352,1989.703,2067.604,2146.012,2224.891,2304.216,2383.968,2464.130,2544.693,2625.646,2706.984,2788.701,2870.792,2953.250,3036.073,3119.253,3202.784,3286.658,3370.868,3455.402,3540.250,3625.399,3710.834,3796.539,3882.497,3968.689,4055.093,4141.686,4228.444,4315.340,4402.347,4489.433,4576.568,4663.717,4750.845,4837.915,4924.889,5011.724,5098.379,5184.811,5270.972,5356.818,5442.297,5527.361,5611.957,5696.033,5779.534,5862.404,5944.587,6026.025,6106.659,6186.428,6265.273,6343.131,6419.940,6495.638,6570.160,6643.443,6715.423,6786.035,6855.216,6922.899,6989.022,7053.520,7116.329,7177.386,7236.627,7293.992,7349.418,7402.845,7454.214,7503.467,7550.545,7595.395,7637.960,7678.188,7716.029,7751.431,7784.349,7814.736,7842.547,7867.742,7890.279,7910.122,7927.235,7941.585,7953.139,7961.871,7967.754,7970.763,7970.876,7968.075,7962.343,7953.665,7942.028,7927.424,7909.843,7889.281,7865.734,7839.201,7809.683,7777.184,7741.706,7703.258,7661.847,7617.483,7570.177,7519.942,7466.791,7410.740,7351.805,7290.001,7225.346,7157.858,7087.553,7014.451,6938.570,6859.925,6778.535,6694.414,6607.578,6518.040,6425.812,6330.904,6233.324,6133.077,6030.165,5924.588,5816.339,5705.411,5591.790,5475.456,5356.385,5234.547,5109.903,4982.407,4852.004,4718.631,4582.212,4442.662,4299.881,4153.759,4004.171,3850.975,3694.023,3533.150,3368.193,3198.997,3025.441,2847.483,2665.242,2479.143,2290.167,2100.269,1912.973,1733.980,1571.012,1431.114,1314.763,1218.801,1139.262,1072.637,1016.205,967.991,926.637,891.279,861.467,837.123,818.518,806.233,800.990,803.180,811.872,823.890,836.151,846.593,854.120,858.283,859.007,856.412,850.705,842.132,830.942,817.375,801.659,784.002,764.594,743.611,721.212,697.542,672.733,646.907,620.174,592.636,564.385,535.504,506.072,476.158,445.826,415.131,384.126,352.856,321.360,289.676,257.833,225.858,193.777,161.607,129.368,97.074,64.740,32.379,0.000
0.000,28.097,56.213,84.361,112.555,140.812,169.153,197.604,226.195,254.967,283.967,313.254,342.898,372.981,403.595,434.849,466.860,499.754,533.665,568.733,605.100,642.910,682.310,723.447,766.464,811.501,858.690,908.144,959.956,1014.187,1070.857,1129.945,1191.382,1255.056,1320.822,1388.512,1457.945,1528.941,1601.329,1674.949,1749.662,1825.346,1901.897,1979.228,2057.267,2135.958,2215.252,2295.113,2375.510,2456.419,2537.822,2619.703,2702.051,2784.854,2868.103,2951.791,3035.909,3120.449,3205.404,3290.763,3376.519,3462.659,3549.173,3636.046,3723.264,3810.811,3898.670,3986.822,4075.245,4163.916,4252.813,4341.907,4431.171,4520.576,4610.090,4699.679,4789.309,4878.941,4968.538,5058.058,5147.459,5236.697,5325.726,5414.499,5502.966,5591.077,5678.780,5766.020,5852.742,5938.890,6024.406,6109.231,6193.304,6276.564,6358.949,6440.394,6520.837,6600.212,6678.454,6755.496,6831.272,6905.716,6978.759,7050.335,7120.377,7188.818,7255.590,7320.627,7383.864,7445.234,7504.673,7562.118,7617.504,7670.770,7721.856,7770.702,7817.249,7861.441,7903.224,7942.544,7979.348,8013.589,8045.218,8074.189,8100.459,8123.987,8144.733,8162.662,8177.738,8189.930,8199.209,8205.547,8208.919,8209.304,8206.683,8201.038,8192.354,8180.621,8165.828,8147.969,8127.038,8103.033,8075.954,8045.803,8012.584,7976.304,7936.971,7894.594,7849.185,7800.758,7749.328,7694.911,7637.524,7577.185,7513.915,7447.733,7378.660,7306.718,7231.927,7154.309,7073.886,6990.678,6904.705,6815.987,6724.542,6630.386,6533.536,6434.004,6331.802,6226.938,6119.418,6009.246,5896.419,5780.934,5662.782,5541.948,5418.414,5292.155,5163.142,5031.338,4896.699,4759.175,4618.708,4475.234,4328.683,4178.978,4026.043,3869.800,3710.184,3547.149,3380.690,3210.878,3037.904,2862.167,2684.394,2505.823,2328.437,2155.209,1990.165,1837.907,1702.169,1583.952,1482.110,1394.534,1318.977,1253.457,1196.388,1146.583,1103.218,1065.790,1034.070,1008.058,987.890,973.680,965.207,961.521,960.805,961.115,960.907,959.156,955.281,949.010,940.273,929.117,915.657,900.041,882.427,862.979,841.856,819.210,795.183,769.907,743.508,716.097,687.782,658.659,628.818,598.340,567.301,535.770,503.809,471.475,438.819,405.886,372.717,339.348,305.812,272.136,238.344,204.457,170.492,136.467,102.393,68.284,34.150,0.000
0.000,29.908,59.842,89.822,119.867,150.002,180.253,210.651,241.232,272.041,303.127,334.553,366.386,398.705,431.601,465.172,499.526,534.780,571.053,608.473,647.169,687.269,728.905,772.206,817.298,864.299,913.318,964.449,1017.764,1073.311,1131.104,1191.124,1253.317,1317.595,1383.847,1451.938,1521.725,1593.062,1665.806,1739.823,1814.990,1891.200,1968.356,2046.379,2125.199,2204.758,2285.010,2365.915,2447.440,2529.559,2612.249,2695.494,2779.277,2863.585,2948.406,3033.729,3119.544,3205.840,3292.607,3379.835,3467.510,3555.621,3644.154,3733.094,3822.425,3912.129,4002.187,4092.579,4183.281,4274.270,4365.519,4457.001,4548.687,4640.545,4732.542,4824.644,4916.812,5009.009,5101.193,5193.323,5285.354,5377.240,5468.934,5560.386,5651.544,5742.357,5832.769,5922.725,6012.167,6101.036,6189.272,6276.813,6363.597,6449.560,6534.637,6618.761,6701.866,6783.884,6864.748,6944.388,7022.735,7099.719,7175.270,7249.319,7321.795,7392.629,7461.750,7529.089,7594.578,7658.148,7719.731,7779.262,7836.674,7891.903,7944.886,7995.560,8043.865,8089.742,8133.135,8173.986,8212.244,8247.855,8280.771,8310.946,8338.332,8362.887,8384.572,8403.348,8419.180,8432.035,8441.883,8448.696,8452.448,8453.119,8450.688,8445.137,8436.454,8424.625,8409.643,8391.500,8370.193,8345.720,8318.082,8287.282,8253.326,8216.223,8175.980,8132.612,8086.131,8036.553,7983.896,7928.178,7869.419,7807.641,7742.865,7675.117,7604.418,7530.795,7454.273,7374.877,7292.631,7207.562,7119.694,7029.051,6935.656,6839.531,6740.698,6639.175,6534.980,6428.129,6318.635,6206.507,6091.755,5974.383,5854.391,5731.779,5606.538,5478.660,5348.129,5214.929,5079.036,4940.424,4799.064,4654.926,4507.978,4358.192,4205.548,4050.038,3891.677,3730.520,3566.682,3400.370,3231.932,3061.922,2891.189,2720.989,2553.095,2389.860,2234.120,2088.800,1956.185,1837.216,1731.578,1638.188,1555.662,1482.625,1417.871,1360.425,1309.548,1264.723,1225.622,1192.055,1163.891,1140.931,1122.742,1108.499,1096.989,1086.895,1077.062,1066.616,1054.971,1041.774,1026.845,1010.125,991.628,971.419,949.590,926.246,901.501,875.468,848.256,819.974,790.722,760.596,729.686,698.074,665.838,633.050,599.774,566.072,531.997,497.599,462.925,428.012,392.898,357.613,322.186,286.642,250.999,215.277,179.491,143.654,107.777,71.870,35.942,0.000
0.000,31.718,63.468,95.275,127.165,159.167,191.313,223.637,256.182,288.993,322.124,355.634,389.594,424.078,459.174,494.972,531.573,569.082,607.611,647.274,688.187,730.468,774.232,819.594,866.664,915.543,966.324,1019.084,1073.882,1130.756,1189.719,1250.754,1313.819,1378.846,1445.746,1514.414,1584.735,1656.588,1729.855,1804.422,1880.186,1957.049,2034.926,2113.741,2193.432,2273.941,2355.223,2437.237,2519.949,2603.331,2687.360,2772.015,2857.278,2943.134,3029.568,3116.567,3204.119,3292.212,3380.832,3469.967,3559.604,3649.728,3740.323,3831.374,3922.862,4014.769,4107.073,4199.752,4292.782,4386.139,4479.794,4573.717,4667.880,4762.247,4856.786,4951.458,5046.226,5141.049,5235.884,5330.689,5425.416,5520.018,5614.444,5708.645,5802.566,5896.152,5989.347,6082.093,6174.329,6265.996,6357.029,6447.365,6536.938,6625.683,6713.530,6800.413,6886.260,6971.003,7054.569,7136.888,7217.885,7297.490,7375.629,7452.230,7527.219,7600.523,7672.070,7741.787,7809.603,7875.447,7939.248,8000.936,8060.444,8117.703,8172.648,8225.215,8275.340,8322.962,8368.021,8410.460,8450.223,8487.255,8521.507,8552.928,8581.472,8607.094,8629.753,8649.410,8666.027,8679.571,8690.012,8697.320,8701.470,8702.440,8700.210,8694.762,8686.082,8674.160,8658.986,8640.555,8618.863,8593.911,8565.699,8534.234,8499.521,8461.571,8420.395,8376.008,8328.425,8277.664,8223.745,8166.689,8106.520,8043.261,7976.939,7907.580,7835.213,7759.864,7681.564,7600.341,7516.226,7429.248,7339.436,7246.820,7151.427,7053.286,6952.424,6848.865,6742.634,6633.753,6522.243,6408.123,6291.409,6172.116,6050.255,5925.835,5798.863,5669.343,5537.277,5402.666,5265.506,5125.796,4983.535,4838.722,4691.364,4541.476,4389.087,4234.248,4077.043,3917.604,3756.132,3592.927,3428.425,3263.244,3098.247,2934.597,2773.797,2617.677,2468.275,2327.568,2197.101,2077.664,1969.287,1871.443,1783.300,1703.934,1632.456,1568.092,1510.206,1458.301,1412.000,1371.004,1335.034,1303.753,1276.669,1253.079,1232.091,1212.745,1194.158,1175.602,1156.538,1136.591,1115.528,1093.221,1069.619,1044.721,1018.565,991.207,962.719,933.179,902.669,871.270,839.062,806.122,772.524,738.337,703.626,668.450,632.867,596.927,560.678,524.162,487.417,450.477,413.374,376.135,338.782,301.335,263.813,226.229,188.596,150.924,113.221,75.496,37.754,0.000
0.000,33.521,67.080,100.705,134.429,168.284,202.306,236.535,271.014,305.791,340.923,376.469,412.496,449.080,486.300,524.244,563.004,602.678,643.368,685.178,728.213,772.578,818.379,865.716,914.685,965.375,1017.864,1072.219,1128.489,1186.707,1246.882,1309.003,1373.038,1438.934,1506.619,1576.011,1647.015,1719.534,1793.470,1868.728,1945.216,2022.850,2101.555,2181.262,2261.912,2343.451,2425.834,2509.023,2592.983,2677.685,2763.105,2849.219,2936.009,3023.458,3111.549,3200.267,3289.599,3379.529,3470.044,3561.130,3652.771,3744.951,3837.653,3930.860,4024.551,4118.708,4213.306,4308.323,4403.733,4499.510,4595.623,4692.044,4788.739,4885.674,4982.813,5080.117,5177.546,5275.060,5372.611,5470.157,5567.648,5665.034,5762.265,5859.286,5956.042,6052.477,6148.530,6244.143,6339.252,6433.794,6527.703,6620.914,6713.358,6804.965,6895.667,6985.390,7074.063,7161.613,7247.965,7333.045,7416.777,7499.086,7579.896,7659.130,7736.714,7812.570,7886.623,7958.798,8029.019,8097.213,8163.306,8227.226,8288.901,8348.261,8405.238,8459.764,8511.773,8561.202,8607.987,8652.071,8693.393,8731.899,8767.534,8800.249,8829.994,8856.724,8880.394,8900.965,8918.398,8932.660,8943.718,8951.542,8956.107,8957.391,8955.372,8950.033,8941.362,8929.347,8913.978,8895.253,8873.168,8847.723,8818.923,8786.773,8751.282,8712.462,8670.325,8624.889,8576.171,8524.192,8468.974,8410.542,8348.921,8284.139,8216.225,8145.210,8071.124,7994.001,7913.872,7830.773,7744.736,7655.796,7563.988,7469.345,7371.902,7271.692,7168.748,7063.101,6954.783,6843.823,6730.249,6614.089,6495.368,6374.110,6250.336,6124.069,5995.327,5864.129,5730.492,5594.434,5455.972,5315.128,5171.925,5026.392,4878.568,4728.506,4576.278,4421.983,4265.758,4107.791,3948.342,3787.764,3626.530,3465.271,3304.803,3146.156,2990.577,2839.493,2694.409,2556.738,2427.593,2307.628,2197.012,2095.519,2002.664,1917.834,1840.389,1769.727,1705.315,1646.695,1593.481,1545.324,1501.881,1462.761,1427.479,1395.432,1365.919,1338.201,1311.581,1285.454,1259.338,1232.870,1205.795,1177.949,1149.234,1119.605,1089.056,1057.605,1025.288,992.152,958.253,923.649,888.399,852.562,816.197,779.359,742.101,704.472,666.518,628.283,589.805,551.120,512.259,473.250,434.120,394.889,355.577,316.200,276.770,237.299,197.796,158.268,118.721,79.158,39.583,0.000
0.000,35.314,70.670,106.102,141.645,177.335,213.213,249.319,285.702,322.411,359.501,397.034,435.075,473.696,512.973,552.990,593.831,635.589,678.357,722.229,767.302,813.671,861.429,910.668,961.471,1013.918,1068.075,1124.002,1181.740,1241.317,1302.745,1366.014,1431.102,1497.966,1566.551,1636.790,1708.608,1781.924,1856.658,1932.728,2010.057,2088.572,2168.206,2248.897,2330.590,2413.237,2496.795,2581.225,2666.494,2752.573,2839.436,2927.061,3015.426,3104.515,3194.308,3284.790,3375.945,3467.758,3560.212,3653.292,3746.982,3841.263,3936.118,4031.527,4127.470,4223.924,4320.866,4418.272,4516.115,4614.365,4712.993,4811.967,4911.253,5010.814,5110.615,5210.613,5310.769,5411.037,5511.372,5611.727,5712.052,5812.294,5912.401,6012.317,6111.984,6211.343,6310.333,6408.891,6506.952,6604.451,6701.319,6797.488,6892.886,6987.441,7081.081,7173.731,7265.315,7355.758,7444.983,7532.910,7619.463,7704.562,7788.128,7870.082,7950.345,8028.837,8105.480,8180.194,8252.901,8323.525,8391.989,8458.217,8522.135,8583.669,8642.749,8699.303,8753.263,8804.563,8853.138,8898.925,8941.864,8981.897,9018.968,9053.024,9084.015,9111.893,9136.613,9158.134,9176.415,9191.423,9203.122,9211.485,9216.483,9218.094,9216.297,9211.076,9202.417,9190.308,9174.743,9155.716,9133.227,9107.277,9077.872,9045.017,9008.725,8969.008,8925.881,8879.364,8829.477,8776.242,8719.686,8659.834,8596.718,8530.366,8460.812,8388.090,8312.235,8233.284,8151.272,8066.240,7978.224,7887.266,7793.404,7696.677,7597.125,7494.787,7389.703,7281.910,7171.447,7058.350,6942.656,6824.401,6703.617,6580.339,6454.601,6326.433,6195.869,6062.940,5927.678,5790.119,5650.299,5508.258,5364.044,5217.712,5069.330,4918.982,4766.775,4612.845,4457.368,4300.571,4142.748,3984.277,3825.641,3667.443,3510.431,3355.497,3203.670,3056.078,2913.862,2778.078,2649.567,2528.874,2416.219,2311.537,2214.558,2124.883,2042.055,1965.612,1895.113,1830.153,1770.359,1715.375,1664.840,1618.356,1575.470,1535.661,1498.354,1462.956,1428.901,1395.680,1362.868,1330.126,1297.199,1263.902,1230.112,1195.753,1160.785,1125.196,1088.993,1052.198,1014.842,976.962,938.600,899.798,860.600,821.048,781.181,741.041,700.663,660.081,619.327,578.428,537.410,496.295,455.103,413.849,372.550,331.215,289.854,248.475,207.081,165.679,124.268,82.852,41.429,0.000
0.000,37.093,74.232,111.454,148.798,186.304,224.014,261.972,300.228,338.832,377.840,417.313,457.316,497.917,539.190,581.213,624.068,667.838,712.609,758.470,805.507,853.809,903.459,954.538,1007.123,1061.283,1117.078,1174.558,1233.764,1294.719,1357.434,1421.907,1488.118,1556.037,1625.619,1696.812,1769.554,1843.781,1919.425,1996.417,2074.693,2154.188,2234.845,2316.608,2399.427,2483.257,2568.059,2653.795,2740.434,2827.947,2916.309,3005.496,3095.488,3186.264,3277.807,3370.099,3463.123,3556.863,3651.301,3746.421,3842.205,3938.634,4035.689,4133.348,4231.591,4330.394,4429.732,4529.579,4629.907,4730.686,4831.885,4933.471,5035.407,5137.656,5240.180,5342.937,5445.884,5548.975,5652.163,5755.397,5858.627,5961.799,6064.857,6167.743,6270.399,6372.761,6474.768,6576.353,6677.449,6777.989,6877.900,6977.111,7075.550,7173.140,7269.807,7365.471,7460.056,7553.482,7645.668,7736.533,7825.996,7913.974,8000.386,8085.148,8168.178,8249.393,8328.711,8406.050,8481.328,8554.465,8625.381,8693.997,8760.236,8824.021,8885.277,8943.931,8999.912,9053.150,9103.578,9151.131,9195.746,9237.362,9275.921,9311.369,9343.653,9372.723,9398.533,9421.040,9440.203,9455.985,9468.353,9477.275,9482.725,9484.678,9483.115,9478.017,9469.373,9457.171,9441.404,9422.069,9399.165,9372.695,9342.666,9309.086,9271.967,9231.325,9187.177,9139.545,9088.451,9033.921,8975.983,8914.668,8850.007,8782.036,8710.790,8636.307,8558.627,8477.790,8393.837,8306.812,8216.757,8123.718,8027.738,7928.863,7827.138,7722.609,7615.320,7505.316,7392.643,7277.345,7159.467,7039.051,6916.140,6790.779,6663.011,6532.878,6400.426,6265.698,6128.743,5989.610,5848.352,5705.031,5559.713,5412.476,5263.412,5112.631,4960.268,4806.486,4651.488,4495.525,4338.909,4182.022,4025.334,3869.411,3714.919,3562.628,3413.390,3268.105,3127.668,2992.893,2864.441,2742.769,2628.108,2520.484,2419.756,2325.670,2237.901,2156.099,2079.902,2008.959,1942.927,1881.466,1824.222,1770.818,1720.839,1673.834,1629.317,1586.799,1545.807,1505.910,1466.733,1427.966,1389.362,1350.730,1311.933,1272.873,1233.489,1193.744,1153.625,1113.128,1072.268,1031.061,989.533,947.712,905.627,863.306,820.782,778.081,735.233,692.261,649.189,606.039,562.828,519.574,476.290,432.987,389.674,346.359,303.046,259.739,216.438,173.145,129.857,86.572,43.288,0.000
0.000,38.855,77.760,116.754,155.880,195.180,234.697,274.479,314.576,355.039,395.926,437.296,479.212,521.741,564.954,608.924,653.728,699.445,746.156,793.940,842.879,893.053,944.537,997.407,1051.729,1107.567,1164.975,1223.999,1284.674,1347.023,1411.060,1476.783,1544.179,1613.226,1683.890,1756.128,1829.891,1905.128,1981.781,2059.795,2139.113,2219.680,2301.447,2384.363,2468.385,2553.472,2639.585,2726.693,2814.762,2903.767,2993.683,3084.484,3176.152,3268.665,3362.005,3456.155,3551.095,3646.808,3743.277,3840.484,3938.409,4037.033,4136.336,4236.295,4336.888,4438.091,4539.877,4642.219,4745.088,4848.453,4952.281,5056.537,5161.184,5266.184,5371.496,5477.078,5582.883,5688.866,5794.976,5901.162,6007.372,6113.548,6219.634,6325.570,6431.293,6536.740,6641.846,6746.542,6850.759,6954.424,7057.466,7159.809,7261.378,7362.094,7461.877,7560.648,7658.325,7754.826,7850.066,7943.961,8036.427,8127.377,8216.727,8304.389,8390.277,8474.306,8556.390,8636.442,8714.378,8790.115,8863.567,8934.654,9003.295,9069.409,9132.919,9193.748,9251.823,9307.069,9359.418,9408.801,9455.152,9498.410,9538.513,9575.404,9609.029,9639.337,9666.278,9689.809,9709.887,9726.474,9739.536,9749.041,9754.960,9757.271,9755.952,9750.986,9742.360,9730.064,9714.091,9694.439,9671.108,9644.102,9613.429,9579.099,9541.128,9499.531,9454.328,9405.544,9353.203,9297.335,9237.971,9175.143,9108.888,9039.243,8966.250,8889.949,8810.384,8727.599,8641.642,8552.559,8460.399,8365.211,8267.046,8165.954,8061.986,7955.194,7845.629,7733.344,7618.389,7500.817,7380.681,7258.031,7132.921,7005.402,6875.529,6743.355,6608.935,6472.328,6333.595,6192.798,6050.008,5905.301,5758.764,5610.492,5460.597,5309.211,5156.488,5002.611,4847.800,4692.320,4536.485,4380.673,4225.329,4070.970,3918.191,3767.651,3620.061,3476.155,3336.647,3202.185,3073.303,2950.390,2833.671,2723.217,2618.971,2520.773,2428.397,2341.573,2260.012,2183.413,2111.469,2043.867,1980.279,1920.357,1863.729,1809.998,1758.752,1709.575,1662.068,1615.860,1570.620,1526.066,1481.964,1438.127,1394.409,1350.701,1306.927,1263.032,1218.983,1174.764,1130.368,1085.799,1041.066,996.184,951.168,906.039,860.814,815.514,770.155,724.757,679.334,633.899,588.467,543.046,497.644,452.268,406.921,361.607,316.325,271.075,225.852,180.655,135.478,90.314,45.157,0.000
0.000,40.599,81.250,121.997,162.883,203.952,245.251,286.828,328.735,371.023,413.750,456.975,500.758,545.167,590.268,636.131,682.829,730.437,779.029,828.680,879.465,931.458,984.728,1039.344,1095.367,1152.856,1211.859,1272.418,1334.566,1398.327,1463.714,1530.729,1599.364,1669.604,1741.421,1814.784,1889.654,1965.987,2043.738,2122.861,2203.307,2285.031,2367.988,2452.136,2537.434,2623.846,2711.338,2799.879,2889.439,2979.993,3071.515,3163.984,3257.379,3351.679,3446.865,3542.919,3639.823,3737.557,3836.105,3935.445,4035.560,4136.428,4238.028,4340.338,4443.332,4546.987,4651.275,4756.168,4861.634,4967.642,5074.158,5181.146,5288.567,5396.381,5504.547,5613.021,5721.754,5830.698,5939.803,6049.016,6158.280,6267.539,6376.731,6485.797,6594.670,6703.286,6811.575,6919.469,7026.893,7133.775,7240.037,7345.604,7450.394,7554.328,7657.323,7759.295,7860.160,7959.830,8058.221,8155.242,8250.807,8344.826,8437.208,8527.865,8616.708,8703.644,8788.586,8871.444,8952.130,9030.555,9106.632,9180.277,9251.404,9319.930,9385.773,9448.856,9509.099,9566.426,9620.766,9672.046,9720.199,9765.158,9806.862,9845.250,9880.267,9911.858,9939.974,9964.568,9985.596,10003.020,10016.804,10026.914,10033.323,10036.006,10034.943,10030.115,10021.510,10009.118,9992.934,9972.955,9949.183,9921.624,9890.286,9855.183,9816.329,9773.745,9727.452,9677.477,9623.847,9566.595,9505.755,9441.363,9373.459,9302.085,9227.284,9149.103,9067.589,8982.791,8894.761,8803.551,8709.215,8611.806,8511.382,8407.998,8301.711,8192.580,8080.662,7966.016,7848.700,7728.775,7606.300,7481.335,7353.942,7224.182,7092.118,6957.814,6821.338,6682.758,6542.147,6399.582,6255.148,6108.935,5961.044,5811.587,5660.694,5508.509,5355.203,5200.972,5046.046,4890.692,4735.223,4580.001,4425.442,4272.017,4120.250,3970.712,3824.000,3680.722,3541.460,3406.743,3277.013,3152.602,3033.724,2920.474,2812.843,2710.737,2613.998,2522.424,2435.779,2353.812,2276.254,2202.824,2133.225,2067.143,2004.248,1944.192,1886.619,1831.174,1777.513,1725.312,1674.281,1624.163,1574.739,1525.830,1477.289,1429.000,1380.876,1332.853,1284.882,1236.933,1188.987,1141.033,1093.068,1045.094,997.118,949.146,901.189,853.256,805.358,757.503,709.700,661.956,614.277,566.667,519.127,471.660,424.263,376.934,329.670,282.464,235.309,188.199,141.122,94.071,47.034,0.000
0.000,42.322,84.699,127.176,169.799,212.614,255.668,299.012,342.697,386.776,431.306,476.346,521.955,568.198,615.139,662.846,711.388,760.835,811.257,862.724,915.307,969.074,1024.089,1080.414,1138.109,1197.225,1257.807,1319.897,1383.524,1448.712,1515.476,1583.819,1653.741,1725.229,1798.264,1872.821,1948.871,2026.379,2105.308,2185.619,2267.272,2350.229,2434.451,2519.901,2606.545,2694.349,2783.283,2873.317,2964.426,3056.584,3149.769,3243.957,3339.130,3435.266,3532.347,3630.355,3729.270,3829.074,3929.747,4031.271,4133.624,4236.785,4340.733,4445.445,4550.893,4657.054,4763.899,4871.398,4979.518,5088.229,5197.493,5307.275,5417.534,5528.229,5639.316,5750.749,5862.481,5974.460,6086.634,6198.948,6311.345,6423.765,6536.146,6648.424,6760.532,6872.402,6983.963,7095.143,7205.865,7316.054,7425.631,7534.514,7642.622,7749.871,7856.174,7961.445,8065.595,8168.536,8270.175,8370.423,8469.186,8566.372,8661.888,8755.639,8847.533,8937.475,9025.373,9111.132,9194.661,9275.868,9354.662,9430.954,9504.655,9575.678,9643.940,9709.356,9771.846,9831.331,9887.733,9940.980,9991.000,10037.725,10081.089,10121.031,10157.492,10190.415,10219.750,10245.448,10267.464,10285.756,10300.290,10311.030,10317.948,10321.019,10320.222,10315.539,10306.957,10294.468,10278.066,10257.751,10233.523,10205.393,10173.368,10137.463,10097.697,10054.090,10006.669,9955.460,9900.496,9841.812,9779.444,9713.433,9643.822,9570.657,9493.986,9413.858,9330.327,9243.446,9153.272,9059.860,8963.271,8863.564,8760.802,8655.045,8546.358,8434.804,8320.448,8203.356,8083.594,7961.228,7836.326,7708.956,7579.189,7447.094,7312.743,7176.212,7037.577,6896.918,6754.318,6609.868,6463.663,6315.807,6166.414,6015.609,5863.532,5710.343,5556.220,5401.367,5246.018,5090.440,4934.936,4779.849,4625.565,4472.511,4321.151,4171.978,4025.502,3882.233,3742.655,3607.208,3476.265,3350.114,3228.953,3112.887,3001.940,2896.060,2795.140,2699.026,2607.531,2520.445,2437.537,2358.558,2283.245,2211.320,2142.489,2076.450,2012.894,1951.512,1892.005,1834.091,1777.512,1722.036,1667.460,1613.613,1560.351,1507.557,1455.138,1403.019,1351.144,1299.473,1247.973,1196.623,1145.411,1094.327,1043.368,992.531,941.817,891.228,840.766,790.432,740.228,690.154,640.209,590.392,540.699,491.126,441.666,392.312,343.055,293.886,244.792,195.761,146.781,97.837,48.915,0.000
0.000,44.023,88.104,132.288,176.624,221.159,265.942,311.023,356.456,402.293,448.591,495.408,542.803,590.838,639.576,689.082,739.421,790.661,842.868,896.108,950.446,1005.946,1062.670,1120.675,1180.015,1240.739,1302.890,1366.506,1431.618,1498.248,1566.412,1636.119,1707.367,1780.153,1854.462,1930.276,2007.571,2086.322,2166.499,2248.069,2331.001,2415.261,2500.817,2587.637,2675.692,2764.950,2855.386,2946.974,3039.688,3133.505,3228.404,3324.365,3421.366,3519.388,3618.414,3718.423,3819.398,3921.319,4024.168,4127.923,4232.565,4338.071,4444.418,4551.583,4659.539,4768.260,4877.717,4987.879,5098.714,5210.187,5322.262,5434.900,5548.062,5661.704,5775.781,5890.245,6005.048,6120.136,6235.455,6350.949,6466.558,6582.221,6697.873,6813.448,6928.877,7044.090,7159.013,7273.571,7387.685,7501.276,7614.262,7726.560,7838.084,7948.746,8058.457,8167.129,8274.667,8380.979,8485.971,8589.548,8691.613,8792.070,8890.822,8987.770,9082.818,9175.868,9266.821,9355.581,9442.052,9526.137,9607.743,9686.776,9763.142,9836.753,9907.519,9975.354,10040.172,10101.892,10160.434,10215.720,10267.677,10316.233,10361.320,10402.874,10440.833,10475.139,10505.740,10532.583,10555.624,10574.819,10590.131,10601.526,10608.974,10612.448,10611.928,10607.397,10598.841,10586.252,10569.626,10548.961,10524.264,10495.540,10462.803,10426.069,10385.357,10340.692,10292.101,10239.615,10183.268,10123.099,10059.149,9991.460,9920.080,9845.060,9766.451,9684.307,9598.686,9509.647,9417.250,9321.557,9222.634,9120.546,9015.360,8907.145,8795.969,8681.904,8565.020,8445.390,8323.087,8198.185,8070.760,7940.887,7808.645,7674.113,7537.372,7398.505,7257.599,7114.744,6970.034,6823.569,6675.455,6525.808,6374.751,6222.420,6068.967,5914.556,5759.374,5603.630,5447.554,5291.411,5135.490,4980.115,4825.642,4672.457,4520.973,4371.619,4224.836,4081.055,3940.688,3804.107,3671.630,3543.512,3419.933,3301.003,3186.763,3077.193,2972.221,2871.732,2775.578,2683.583,2595.552,2511.270,2430.505,2353.012,2278.534,2206.807,2137.560,2070.525,2005.441,1942.060,1880.151,1819.505,1759.936,1701.281,1643.403,1586.184,1529.528,1473.357,1417.607,1362.229,1307.182,1252.438,1197.972,1143.768,1089.812,1036.095,982.608,929.346,876.303,823.474,770.853,718.434,666.210,614.174,562.317,510.628,459.098,407.711,356.457,305.319,254.282,203.329,152.443,101.605,50.797,0.000
0.000,45.702,91.462,137.331,183.355,229.584,276.068,322.859,370.009,417.572,465.604,514.162,563.305,613.094,663.588,714.851,766.947,819.938,873.889,928.861,984.917,1042.117,1100.518,1160.175,1221.139,1283.456,1347.167,1412.308,1478.910,1546.996,1616.583,1687.680,1760.294,1834.420,1910.052,1987.177,2065.777,2145.832,2227.320,2310.214,2394.489,2480.117,2567.071,2655.324,2744.850,2835.623,2927.619,3020.816,3115.189,3210.720,3307.386,3405.168,3504.048,3604.006,3705.025,3807.085,3910.169,4014.257,4119.329,4225.366,4332.346,4440.247,4549.046,4658.717,4769.235,4880.572,4992.698,5105.581,5219.189,5333.486,5448.434,5563.995,5680.126,5796.783,5913.920,6031.487,6149.434,6267.707,6386.249,6505.003,6623.906,6742.895,6861.903,6980.863,7099.703,7218.350,7336.727,7454.757,7572.358,7689.449,7805.944,7921.756,8036.797,8150.976,8264.201,8376.376,8487.408,8597.198,8705.649,8812.662,8918.136,9021.971,9124.066,9224.318,9322.626,9418.888,9513.002,9604.867,9694.382,9781.447,9865.963,9947.834,10026.961,10103.252,10176.613,10246.954,10314.186,10378.224,10438.983,10496.385,10550.351,10600.806,10647.681,10690.907,10730.421,10766.163,10798.077,10826.110,10850.215,10870.348,10886.469,10898.544,10906.542,10910.435,10910.204,10905.831,10897.302,10884.610,10867.751,10846.727,10821.541,10792.203,10758.728,10721.133,10679.441,10633.678,10583.874,10530.063,10472.282,10410.574,10344.981,10275.553,10202.340,10125.395,10044.776,9960.542,9872.753,9781.475,9686.774,9588.716,9487.373,9382.815,9275.115,9164.348,9050.590,8933.917,8814.408,8692.141,8567.197,8439.657,8309.605,8177.124,8042.300,7905.220,7765.974,7624.654,7481.356,7336.178,7189.224,7040.605,6890.434,6738.836,6585.945,6431.904,6276.871,6121.017,5964.533,5807.626,5650.527,5493.489,5336.791,5180.735,5025.651,4871.887,4719.812,4569.804,4422.245,4277.508,4135.947,3997.880,3863.586,3733.288,3607.153,3485.291,3367.752,3254.539,3145.605,3040.866,2940.204,2843.478,2750.520,2661.146,2575.155,2492.333,2412.457,2335.294,2260.609,2188.167,2117.739,2049.106,1982.062,1916.418,1852.002,1788.664,1726.272,1664.710,1603.882,1543.707,1484.118,1425.057,1366.479,1308.348,1250.631,1193.304,1136.347,1079.742,1023.474,967.528,911.894,856.559,801.511,746.738,692.227,637.965,583.937,530.129,476.523,423.102,369.849,316.742,263.762,210.887,158.097,105.367,52.676,0.000
0.000,47.356,94.774,142.301,189.989,237.886,286.045,334.516,383.354,432.611,482.345,532.610,583.466,634.971,687.185,740.168,793.982,848.687,904.344,961.014,1018.755,1077.623,1137.675,1198.960,1261.529,1325.426,1390.689,1457.355,1525.453,1595.007,1666.036,1738.552,1812.562,1888.068,1965.066,2043.550,2123.507,2204.922,2287.778,2372.055,2457.731,2544.787,2633.197,2722.941,2813.996,2906.340,2999.952,3094.811,3190.897,3288.192,3386.676,3486.331,3587.139,3689.082,3792.143,3896.302,4001.543,4107.847,4215.192,4323.561,4432.930,4543.277,4654.579,4766.811,4879.945,4993.954,5108.806,5224.471,5340.912,5458.095,5575.981,5694.530,5813.697,5933.439,6053.707,6174.451,6295.618,6417.153,6538.998,6661.093,6783.373,6905.774,7028.227,7150.661,7273.003,7395.177,7517.104,7638.703,7759.891,7880.581,8000.687,8120.118,8238.781,8356.583,8473.427,8589.216,8703.849,8817.228,8929.248,9039.808,9148.802,9256.127,9361.675,9465.342,9567.021,9666.605,9763.988,9859.065,9951.730,10041.880,10129.411,10214.220,10296.208,10375.276,10451.326,10524.265,10593.999,10660.440,10723.500,10783.095,10839.145,10891.571,10940.300,10985.262,11026.391,11063.623,11096.900,11126.169,11151.379,11172.485,11189.447,11202.228,11210.797,11215.127,11215.196,11210.986,11202.486,11189.688,11172.588,11151.189,11125.496,11095.521,11061.280,11022.792,10980.082,10933.179,10882.116,10826.929,10767.660,10704.354,10637.058,10565.823,10490.707,10411.765,10329.060,10242.656,10152.618,10059.017,9961.923,9861.411,9757.555,9650.432,9540.123,9426.706,9310.265,9190.883,9068.644,8943.635,8815.943,8685.657,8552.866,8417.662,8280.140,8140.393,7998.520,7854.622,7708.802,7561.166,7411.828,7260.905,7108.520,6954.806,6799.902,6643.959,6487.139,6329.618,6171.586,6013.251,5854.838,5696.592,5538.777,5381.677,5225.595,5070.849,4917.768,4766.689,4617.948,4471.869,4328.760,4188.901,4052.533,3919.858,3791.030,3666.155,3545.292,3428.455,3315.618,3206.722,3101.675,3000.360,2902.639,2808.353,2717.331,2629.387,2544.326,2461.945,2382.040,2304.403,2228.834,2155.139,2083.133,2012.645,1943.520,1875.616,1808.807,1742.983,1678.050,1613.924,1550.534,1487.822,1425.735,1364.231,1303.272,1242.828,1182.871,1123.377,1064.324,1005.691,947.462,889.616,832.137,775.007,718.205,661.715,605.516,549.587,493.907,438.453,383.202,328.131,273.212,218.422,163.732,109.117,54.549,0.000
0.000,48.987,98.036,147.198,196.523,246.063,295.869,345.993,396.489,447.411,498.814,550.755,603.290,656.478,710.376,765.044,820.541,876.926,934.257,992.592,1051.987,1112.498,1174.175,1237.070,1301.228,1366.692,1433.502,1501.692,1571.292,1642.326,1714.814,1788.771,1864.207,1941.127,2019.532,2099.417,2180.777,2263.601,2347.876,2433.589,2520.722,2609.259,2699.181,2790.470,2883.108,2977.075,3072.355,3168.928,3266.779,3365.888,3466.239,3567.815,3670.600,3774.576,3879.727,3986.034,4093.481,4202.049,4311.717,4422.467,4534.276,4647.122,4760.981,4875.826,4991.632,5108.369,5226.007,5344.511,5463.848,5583.981,5704.869,5826.472,5948.746,6071.643,6195.116,6319.111,6443.575,6568.452,6693.680,6819.199,6944.943,7070.843,7196.831,7322.831,7448.769,7574.566,7700.141,7825.409,7950.285,8074.679,8198.501,8321.656,8444.050,8565.584,8686.159,8805.672,8924.021,9041.101,9156.806,9271.027,9383.657,9494.587,9603.705,9710.901,9816.065,9919.085,10019.851,10118.252,10214.178,10307.522,10398.173,10486.028,10570.979,10652.924,10731.762,10807.394,10879.724,10948.657,11014.103,11075.974,11134.186,11188.657,11239.312,11286.075,11328.879,11367.658,11402.351,11432.902,11459.260,11481.377,11499.212,11512.727,11521.889,11526.672,11527.052,11523.013,11514.543,11501.633,11484.283,11462.495,11436.275,11405.638,11370.600,11331.185,11287.417,11239.330,11186.959,11130.343,11069.528,11004.561,10935.495,10862.385,10785.291,10704.276,10619.404,10530.746,10438.372,10342.358,10242.780,10139.717,10033.250,9923.463,9810.441,9694.271,9575.041,9452.841,9327.763,9199.900,9069.345,8936.195,8800.547,8662.501,8522.156,8379.617,8234.988,8088.378,7939.897,7789.661,7637.789,7484.406,7329.644,7173.639,7016.539,6858.497,6699.681,6540.267,6380.445,6220.421,6060.415,5900.661,5741.410,5582.928,5425.495,5269.401,5114.944,4962.426,4812.142,4664.381,4519.414,4377.486,4238.814,4103.579,3971.923,3843.948,3719.717,3599.256,3482.553,3369.567,3260.227,3154.440,3052.091,2953.046,2857.158,2764.267,2674.204,2586.793,2501.853,2419.206,2338.673,2260.081,2183.268,2108.077,2034.366,1962.004,1890.873,1820.868,1751.895,1683.871,1616.726,1550.396,1484.827,1419.970,1355.785,1292.234,1229.284,1166.906,1105.071,1043.754,982.930,922.575,862.666,803.179,744.090,685.374,627.006,568.961,511.212,453.731,396.491,339.461,282.613,225.915,169.337,112.846,56.411,0.000
0.000,50.593,101.249,152.021,202.959,254.114,305.540,357.290,409.415,461.972,515.015,568.600,622.783,677.621,733.172,789.492,846.640,904.673,963.647,1023.619,1084.642,1146.769,1210.052,1274.537,1340.270,1407.294,1475.645,1545.359,1616.465,1688.989,1762.952,1838.372,1915.260,1993.624,2073.469,2154.795,2237.600,2321.877,2407.619,2494.815,2583.453,2673.522,2765.006,2857.891,2952.161,3047.803,3144.800,3243.137,3342.800,3443.772,3546.038,3649.583,3754.393,3860.449,3967.738,4076.241,4185.942,4296.822,4408.863,4522.044,4636.344,4751.740,4868.208,4985.723,5104.256,5223.779,5344.259,5465.665,5587.960,5711.106,5835.063,5959.788,6085.238,6211.363,6338.114,6465.437,6593.277,6721.575,6850.271,6979.300,7108.594,7238.084,7367.698,7497.359,7626.990,7756.508,7885.831,8014.871,8143.540,8271.744,8399.390,8526.381,8652.617,8777.996,8902.416,9025.771,9147.952,9268.852,9388.359,9506.361,9622.746,9737.400,9850.208,9961.053,10069.821,10176.395,10280.661,10382.503,10481.806,10578.457,10672.342,10763.351,10851.373,10936.301,11018.030,11096.455,11171.475,11242.994,11310.916,11375.148,11435.604,11492.198,11544.850,11593.484,11638.028,11678.413,11714.576,11746.459,11774.009,11797.175,11815.916,11830.192,11839.971,11845.223,11845.927,11842.065,11833.624,11820.599,11802.987,11780.794,11754.026,11722.700,11686.835,11646.454,11601.587,11552.268,11498.537,11440.436,11378.013,11311.321,11240.415,11165.355,11086.206,11003.034,10915.911,10824.910,10730.109,10631.586,10529.425,10423.711,10314.531,10201.973,10086.131,9967.096,9844.964,9719.832,9591.798,9460.961,9327.423,9191.287,9052.657,8911.639,8768.343,8622.877,8475.355,8325.892,8174.605,8021.618,7867.057,7711.053,7553.743,7395.269,7235.784,7075.445,6914.420,6752.888,6591.038,6429.072,6267.202,6105.654,5944.667,5784.489,5625.380,5467.606,5311.439,5157.149,5005.003,4855.257,4708.152,4563.909,4422.721,4284.753,4150.138,4018.973,3891.323,3767.222,3646.668,3529.637,3416.075,3305.908,3199.040,3095.361,2994.746,2897.057,2802.148,2709.866,2620.054,2532.555,2447.211,2363.871,2282.386,2202.617,2124.434,2047.715,1972.350,1898.239,1825.291,1753.425,1682.570,1612.659,1543.638,1475.454,1408.062,1341.419,1275.490,1210.237,1145.629,1081.634,1018.222,955.364,893.032,831.194,769.823,708.889,648.361,588.209,528.401,468.903,409.684,350.709,291.943,233.352,174.898,116.546,58.259,0.000
0.000,52.174,104.413,156.768,209.293,262.038,315.058,368.405,422.133,476.296,530.950,586.149,641.950,698.408,755.580,813.523,872.293,931.945,992.534,1054.116,1116.742,1180.465,1245.333,1311.392,1378.688,1447.262,1517.149,1588.387,1661.004,1735.028,1810.480,1887.381,1965.744,2045.580,2126.897,2209.698,2293.984,2379.755,2467.005,2555.728,2645.917,2737.563,2830.655,2925.183,3021.134,3118.497,3217.258,3317.406,3418.927,3521.809,3626.037,3731.598,3838.477,3946.661,4056.134,4166.880,4278.883,4392.124,4506.586,4622.248,4739.090,4857.089,4976.220,5096.458,5217.774,5340.141,5463.524,5587.892,5713.207,5839.431,5966.524,6094.441,6223.137,6352.563,6482.668,6613.396,6744.692,6876.495,7008.743,7141.368,7274.302,7407.474,7540.809,7674.227,7807.649,7940.991,8074.166,8207.084,8339.653,8471.777,8603.359,8734.298,8864.492,8993.834,9122.218,9249.532,9375.667,9500.508,9623.941,9745.848,9866.113,9984.615,10101.236,10215.854,10328.350,10438.603,10546.491,10651.895,10754.695,10854.771,10952.007,11046.285,11137.490,11225.511,11310.237,11391.558,11469.371,11543.572,11614.062,11680.746,11743.531,11802.329,11857.056,11907.631,11953.981,11996.034,12033.724,12066.990,12095.777,12120.034,12139.715,12154.782,12165.200,12170.939,12171.978,12168.298,12159.888,12146.741,12128.857,12106.241,12078.903,12046.860,12010.132,11968.746,11922.735,11872.135,11816.988,11757.342,11693.247,11624.759,11551.940,11474.852,11393.565,11308.151,11218.686,11125.249,11027.922,10926.791,10821.944,10713.472,10601.469,10486.030,10367.252,10245.237,10120.085,9991.899,9860.785,9726.850,9590.200,9450.948,9309.204,9165.081,9018.694,8870.162,8719.602,8567.138,8412.895,8257.001,8099.589,7940.795,7780.762,7619.637,7457.575,7294.738,7131.294,6967.422,6803.309,6639.153,6475.159,6311.546,6148.538,5986.371,5825.286,5665.528,5507.346,5350.985,5196.687,5044.683,4895.190,4748.405,4604.506,4463.644,4325.941,4191.493,4060.365,3932.595,3808.192,3687.143,3569.409,3454.931,3343.634,3235.425,3130.197,3027.835,2928.211,2831.195,2736.649,2644.435,2554.414,2466.452,2380.417,2296.182,2213.629,2132.646,2053.129,1974.984,1898.124,1822.470,1747.950,1674.499,1602.058,1530.575,1459.999,1390.285,1321.392,1253.280,1185.912,1119.251,1053.263,987.913,923.167,858.990,795.349,732.209,669.533,607.287,545.434,483.935,422.753,361.849,301.182,240.714,180.404,120.209,60.088,0.000
0.000,53.730,107.526,161.441,215.526,269.836,324.423,379.341,434.644,490.385,546.621,603.406,660.796,718.845,777.611,837.147,897.511,958.755,1020.934,1084.101,1148.309,1213.607,1280.042,1347.662,1416.508,1486.624,1558.044,1630.805,1704.938,1780.469,1857.423,1935.821,2015.679,2097.011,2179.827,2264.134,2349.936,2437.235,2526.032,2616.322,2708.103,2801.369,2896.113,2992.326,3090.002,3189.130,3289.701,3391.704,3495.128,3599.964,3706.198,3813.819,3922.815,4033.172,4144.875,4257.910,4372.261,4487.912,4604.843,4723.037,4842.471,4963.124,5084.971,5207.987,5332.144,5457.411,5583.757,5711.148,5839.547,5968.916,6099.211,6230.390,6362.404,6495.206,6628.741,6762.954,6897.788,7033.179,7169.064,7305.376,7442.042,7578.989,7716.140,7853.415,7990.730,8127.999,8265.132,8402.036,8538.617,8674.774,8810.407,8945.413,9079.683,9213.109,9345.578,9476.978,9607.191,9736.100,9863.585,9989.526,10113.798,10236.278,10356.841,10475.363,10591.716,10705.774,10817.413,10926.505,11032.926,11136.552,11237.259,11334.925,11429.431,11520.659,11608.493,11692.820,11773.530,11850.514,11923.671,11992.899,12058.102,12119.188,12176.069,12228.662,12276.887,12320.672,12359.947,12394.650,12424.722,12450.111,12470.769,12486.657,12497.738,12503.983,12505.368,12501.877,12493.497,12480.222,12462.053,12438.996,12411.063,12378.271,12340.645,12298.213,12251.010,12199.076,12142.456,12081.201,12015.365,11945.009,11870.197,11790.999,11707.488,11619.740,11527.838,11431.865,11331.910,11228.065,11120.423,11009.081,10894.140,10775.701,10653.868,10528.749,10400.451,10269.084,10134.761,9997.594,9857.700,9715.195,9570.197,9422.827,9273.207,9121.461,8967.715,8812.097,8654.739,8495.776,8335.345,8173.589,8010.654,7846.693,7681.861,7516.324,7350.250,7183.817,7017.211,6850.625,6684.258,6518.319,6353.024,6188.592,6025.251,5863.228,5702.751,5544.046,5387.333,5232.822,5080.710,4931.178,4784.386,4640.476,4499.563,4361.737,4227.066,4095.589,3967.326,3842.271,3720.398,3601.662,3486.004,3373.346,3263.601,3156.669,3052.442,2950.805,2851.642,2754.830,2660.249,2567.777,2477.297,2388.696,2301.865,2216.701,2133.109,2050.998,1970.286,1890.896,1812.758,1735.806,1659.982,1585.229,1511.495,1438.734,1366.898,1295.946,1225.835,1156.524,1087.975,1020.149,953.005,886.505,820.610,755.279,690.473,626.152,562.272,498.791,435.666,372.853,310.308,247.986,185.840,123.825,61.894,0.000
0.000,55.261,110.590,166.038,221.659,277.507,333.636,390.098,446.948,504.241,562.032,620.376,679.327,738.940,799.271,860.375,922.305,985.116,1048.861,1113.592,1179.360,1246.214,1314.201,1383.366,1453.753,1525.403,1598.352,1672.636,1748.287,1825.333,1903.800,1983.709,2065.081,2147.929,2232.269,2318.109,2405.457,2494.318,2584.696,2676.589,2770.000,2864.924,2961.359,3059.300,3158.740,3259.675,3362.097,3465.997,3571.368,3678.200,3786.484,3896.209,4007.364,4119.937,4233.916,4349.285,4466.032,4584.139,4703.588,4824.362,4946.439,5069.798,5194.415,5320.263,5447.316,5575.543,5704.912,5835.389,5966.936,6099.514,6233.080,6367.591,6502.998,6639.250,6776.293,6914.072,7052.525,7191.591,7331.202,7471.290,7611.781,7752.600,7893.667,8034.900,8176.212,8317.515,8458.715,8599.717,8740.423,8880.730,9020.533,9159.725,9298.195,9435.829,9572.511,9708.124,9842.545,9975.653,10107.323,10237.429,10365.843,10492.435,10617.075,10739.633,10859.977,10977.976,11093.497,11206.409,11316.582,11423.886,11528.191,11629.371,11727.299,11821.853,11912.912,12000.358,12084.073,12163.948,12239.872,12311.742,12379.456,12442.918,12502.036,12556.724,12606.898,12652.482,12693.404,12729.599,12761.006,12787.570,12809.243,12825.983,12837.752,12844.521,12846.265,12842.968,12834.617,12821.207,12802.739,12779.221,12750.667,12717.095,12678.533,12635.010,12586.565,12533.240,12475.085,12412.154,12344.505,12272.202,12195.316,12113.920,12028.093,11937.916,11843.476,11744.864,11642.173,11535.502,11424.949,11310.620,11192.620,11071.057,10946.042,10817.690,10686.114,10551.432,10413.763,10273.227,10129.947,9984.046,9835.650,9684.886,9531.882,9376.768,9219.679,9060.748,8900.112,8737.912,8574.291,8409.397,8243.379,8076.392,7908.596,7740.156,7571.244,7402.034,7232.709,7063.459,6894.478,6725.966,6558.128,6391.174,6225.316,6060.766,5897.737,5736.436,5577.065,5419.818,5264.875,5112.403,4962.549,4815.446,4671.201,4529.903,4391.619,4256.392,4124.246,3995.184,3869.191,3746.234,3626.265,3509.224,3395.036,3283.619,3174.879,3068.720,2965.039,2863.730,2764.687,2667.801,2572.970,2480.090,2389.064,2299.796,2212.197,2126.184,2041.677,1958.602,1876.891,1796.479,1717.306,1639.316,1562.454,1486.671,1411.917,1338.147,1265.314,1193.374,1122.284,1052.000,982.478,913.674,845.546,778.047,711.133,644.757,578.874,513.435,448.392,383.696,319.298,255.148,191.194,127.386,63.672,0.000
0.000,56.768,113.603,170.560,227.691,285.052,342.696,400.676,459.049,517.867,577.186,637.061,697.547,758.698,820.569,883.214,946.687,1011.041,1076.329,1142.602,1209.911,1278.303,1347.826,1418.524,1490.442,1563.618,1638.092,1713.899,1791.070,1869.637,1949.625,2031.059,2113.959,2198.344,2284.229,2371.627,2460.548,2551.000,2642.989,2736.519,2831.593,2928.212,3026.374,3126.079,3227.324,3330.104,3434.416,3540.253,3647.611,3756.480,3866.855,3978.726,4092.083,4206.916,4323.213,4440.962,4560.149,4680.758,4802.773,4926.176,5050.947,5177.063,5304.502,5433.238,5563.244,5694.488,5826.940,5960.565,6095.324,6231.179,6368.086,6506.000,6644.872,6784.651,6925.282,7066.707,7208.865,7351.691,7495.118,7639.075,7783.487,7928.276,8073.359,8218.654,8364.070,8509.515,8654.894,8800.110,8945.058,9089.635,9233.731,9377.234,9520.030,9662.002,9803.028,9942.985,10081.749,10219.192,10355.184,10489.593,10622.287,10753.130,10881.987,11008.721,11133.196,11255.273,11374.815,11491.684,11605.745,11716.860,11824.896,11929.719,12031.198,12129.203,12223.609,12314.290,12401.127,12484.001,12562.800,12637.413,12707.735,12773.665,12835.108,12891.971,12944.169,12991.623,13034.256,13072.001,13104.795,13132.580,13155.306,13172.930,13185.413,13192.725,13194.841,13191.743,13183.419,13169.866,13151.086,13127.086,13097.883,13063.497,13023.957,12979.296,12929.556,12874.782,12815.027,12750.348,12680.809,12606.479,12527.432,12443.746,12355.505,12262.797,12165.714,12064.353,11958.813,11849.198,11735.615,11618.173,11496.986,11372.168,11243.839,11112.118,10977.126,10838.989,10697.831,10553.781,10406.967,10257.521,10105.575,9951.262,9794.717,9636.078,9475.484,9313.074,9148.993,8983.385,8816.399,8648.185,8478.898,8308.696,8137.741,7966.198,7794.238,7622.036,7449.772,7277.632,7105.803,6934.480,6763.858,6594.137,6425.517,6258.197,6092.374,5928.244,5765.992,5605.796,5447.825,5292.232,5139.156,4988.720,4841.027,4696.163,4554.193,4415.164,4279.104,4146.024,4015.918,3888.761,3764.520,3643.143,3524.573,3408.738,3295.561,3184.959,3076.843,2971.121,2867.700,2766.485,2667.383,2570.302,2475.153,2381.849,2290.308,2200.450,2112.201,2025.490,1940.251,1856.419,1773.934,1692.739,1612.780,1534.003,1456.358,1379.795,1304.265,1229.720,1156.112,1083.395,1011.518,940.436,870.098,800.456,731.459,663.058,595.198,527.829,460.898,394.350,328.130,262.182,196.452,130.883,65.418,0.000
0.000,58.249,116.566,175.006,233.623,292.471,351.605,411.078,470.946,531.264,592.086,653.467,715.461,778.124,841.510,905.672,970.664,1036.538,1103.348,1171.143,1239.973,1309.888,1380.932,1453.152,1526.589,1601.286,1677.280,1754.607,1833.301,1913.393,1994.911,2077.880,2162.323,2248.260,2335.710,2424.687,2515.204,2607.273,2700.903,2796.099,2892.868,2991.213,3091.137,3192.641,3295.724,3400.387,3506.626,3614.438,3723.820,3834.767,3947.271,4061.328,4176.928,4294.062,4412.721,4532.893,4654.565,4777.722,4902.350,5028.430,5155.943,5284.868,5415.182,5546.860,5679.874,5814.195,5949.790,6086.625,6224.661,6363.859,6504.176,6645.565,6787.978,6931.361,7075.659,7220.813,7366.761,7513.437,7660.771,7808.692,7957.121,8105.980,8255.184,8404.646,8554.275,8703.975,8853.649,9003.195,9152.507,9301.477,9449.991,9597.934,9745.188,9891.629,10037.134,10181.574,10324.820,10466.738,10607.193,10746.049,10883.167,11018.406,11151.624,11282.680,11411.431,11537.731,11661.438,11782.407,11900.497,12015.564,12127.469,12236.071,12341.232,12442.819,12540.698,12634.739,12724.816,12810.806,12892.590,12970.053,13043.085,13111.580,13175.437,13234.561,13288.863,13338.259,13382.671,13422.026,13456.260,13485.313,13509.134,13527.675,13540.899,13548.773,13551.272,13548.379,13540.083,13526.378,13507.268,13482.764,13452.882,13417.645,13377.085,13331.237,13280.145,13223.859,13162.434,13095.934,13024.425,12947.981,12866.681,12780.608,12689.852,12594.507,12494.670,12390.443,12281.934,12169.252,12052.510,11931.825,11807.318,11679.110,11547.326,11412.093,11273.541,11131.800,10987.005,10839.289,10688.788,10535.641,10379.986,10221.964,10061.717,9899.388,9735.121,9569.063,9401.363,9232.172,9061.640,8889.924,8717.182,8543.573,8369.261,8194.413,8019.200,7843.795,7668.377,7493.125,7318.224,7143.861,6970.225,6797.505,6625.890,6455.570,6286.729,6119.550,5954.206,5790.864,5629.680,5470.797,5314.347,5160.444,5009.189,4860.663,4714.932,4572.045,4432.035,4294.916,4160.691,4029.346,3900.854,3775.178,3652.269,3532.070,3414.516,3299.535,3187.053,3076.989,2969.262,2863.789,2760.486,2659.272,2560.064,2462.785,2367.359,2273.710,2181.769,2091.468,2002.742,1915.529,1829.769,1745.405,1662.379,1580.640,1500.132,1420.804,1342.604,1265.481,1189.384,1114.260,1040.058,966.724,894.207,822.452,751.403,681.006,611.204,541.939,473.152,404.785,336.778,269.070,201.600,134.306,67.127,0.000
0.000,59.705,119.480,179.378,239.455,299.765,360.363,421.304,482.643,544.434,606.733,669.595,733.073,797.224,862.100,927.755,994.243,1061.617,1129.927,1199.225,1269.560,1340.979,1413.531,1487.260,1562.208,1638.418,1715.927,1794.773,1874.990,1956.611,2039.664,2124.177,2210.174,2297.679,2386.710,2477.286,2569.421,2663.130,2758.425,2855.314,2953.806,3053.907,3155.624,3258.959,3363.914,3470.493,3578.693,3688.516,3799.959,3913.019,4027.692,4143.973,4261.855,4381.331,4502.393,4625.030,4749.230,4874.980,5002.266,5131.070,5261.375,5393.159,5526.401,5661.075,5797.154,5934.609,6073.408,6213.515,6354.894,6497.503,6641.299,6786.236,6932.264,7079.329,7227.375,7376.342,7526.167,7676.782,7828.117,7980.096,8132.643,8285.673,8439.103,8592.841,8746.795,8900.865,9054.952,9208.950,9362.750,9516.239,9669.301,9821.817,9973.663,10124.713,10274.836,10423.901,10571.772,10718.310,10863.376,11006.828,11148.519,11288.304,11426.035,11561.564,11694.740,11825.414,11953.436,12078.655,12200.921,12320.087,12436.004,12548.527,12657.511,12762.815,12864.300,12961.830,13055.272,13144.499,13229.384,13309.808,13385.655,13456.815,13523.182,13584.657,13641.145,13692.560,13738.819,13779.848,13815.579,13845.950,13870.906,13890.400,13904.392,13912.848,13915.744,13913.062,13904.789,13890.923,13871.468,13846.435,13815.843,13779.717,13738.090,13691.001,13638.498,13580.634,13517.468,13449.067,13375.503,13296.854,13213.204,13124.643,13031.265,12933.169,12830.461,12723.248,12611.644,12495.765,12375.731,12251.666,12123.698,11991.955,11856.570,11717.677,11575.413,11429.916,11281.326,11129.786,10975.438,10818.427,10658.900,10497.003,10332.885,10166.695,9998.583,9828.703,9657.207,9484.251,9309.992,9134.588,8958.200,8780.991,8603.126,8424.773,8246.102,8067.287,7888.501,7709.923,7531.732,7354.110,7177.237,7001.296,6826.467,6652.930,6480.859,6310.425,6141.792,5975.116,5810.544,5648.211,5488.241,5330.743,5175.812,5023.529,4873.961,4727.156,4583.150,4441.966,4303.609,4168.074,4035.344,3905.391,3778.175,3653.652,3531.767,3412.460,3295.667,3181.319,3069.346,2959.674,2852.230,2746.940,2643.731,2542.531,2443.270,2345.880,2250.292,2156.445,2064.273,1973.718,1884.718,1797.218,1711.160,1626.490,1543.150,1461.088,1380.249,1300.578,1222.021,1144.523,1068.026,992.474,917.811,843.976,770.911,698.555,626.846,555.722,485.120,414.974,345.220,275.791,206.622,137.646,68.794,0.000
0.000,61.136,122.343,183.675,245.186,306.933,368.971,431.355,494.139,557.379,621.130,685.448,750.386,816.000,882.343,949.469,1017.431,1086.282,1156.073,1226.855,1298.677,1371.587,1445.632,1520.858,1597.307,1675.022,1754.042,1834.404,1916.144,1999.295,2083.889,2169.953,2257.515,2346.599,2437.226,2529.417,2623.189,2718.559,2815.541,2914.147,3014.388,3116.273,3219.810,3325.005,3431.864,3540.389,3650.584,3762.450,3875.988,3991.196,4108.073,4226.615,4346.818,4468.674,4592.179,4717.321,4844.092,4972.479,5102.468,5234.043,5367.187,5501.881,5638.102,5775.826,5915.026,6055.673,6197.735,6341.178,6485.964,6632.051,6779.398,6927.955,7077.673,7228.500,7380.376,7533.241,7687.030,7841.675,7997.104,8153.241,8310.005,8467.313,8625.076,8783.202,8941.594,9100.153,9258.773,9417.347,9575.762,9733.902,9891.646,10048.871,10205.448,10361.248,10516.134,10669.971,10822.616,10973.926,11123.756,11271.956,11418.376,11562.863,11705.264,11845.423,11983.183,12118.388,12250.881,12380.505,12507.102,12630.518,12750.599,12867.190,12980.141,13089.305,13194.535,13295.689,13392.627,13485.216,13573.324,13656.826,13735.600,13809.530,13878.506,13942.424,14001.185,14054.699,14102.879,14145.648,14182.934,14214.673,14240.808,14261.291,14276.080,14285.140,14288.445,14285.979,14277.727,14263.690,14243.872,14218.284,14186.948,14149.892,14107.150,14058.766,14004.789,13945.277,13880.293,13809.908,13734.199,13653.250,13567.148,13475.991,13379.877,13278.914,13173.211,13062.884,12948.052,12828.840,12705.374,12577.786,12446.209,12310.782,12171.643,12028.933,11882.799,11733.384,11580.837,11425.308,11266.946,11105.904,10942.333,10776.389,10608.226,10437.999,10265.866,10091.983,9916.509,9739.605,9561.432,9382.151,9201.926,9020.923,8839.308,8657.251,8474.920,8292.487,8110.127,7928.013,7746.320,7565.225,7384.903,7205.529,7027.276,6850.315,6674.812,6500.928,6328.819,6158.633,5990.507,5824.570,5660.939,5499.720,5341.004,5184.870,5031.384,4880.598,4732.549,4587.263,4444.753,4305.019,4168.053,4033.833,3902.332,3773.513,3647.331,3523.738,3402.678,3284.093,3167.922,3054.102,2942.566,2833.250,2726.088,2621.015,2517.966,2416.877,2317.686,2220.331,2124.753,2030.891,1938.689,1848.088,1759.031,1671.462,1585.324,1500.561,1417.116,1334.930,1253.948,1174.109,1095.353,1017.620,940.847,864.972,789.929,715.655,642.082,569.141,496.766,424.885,353.429,282.326,211.504,140.891,70.414,0.000
0.000,62.543,125.157,187.896,250.818,313.977,377.430,441.231,505.436,570.100,635.279,701.028,767.402,834.456,902.243,970.817,1040.232,1110.540,1181.792,1254.040,1327.332,1401.717,1477.242,1553.953,1631.893,1711.105,1791.630,1873.504,1956.766,2041.449,2127.587,2215.208,2304.343,2395.016,2487.251,2581.072,2676.497,2773.547,2872.236,2972.581,3074.593,3178.286,3283.669,3390.752,3499.541,3610.042,3722.261,3836.202,3951.866,4069.256,4188.371,4309.209,4431.768,4556.042,4682.028,4809.716,4939.098,5070.164,5202.900,5337.292,5473.324,5610.976,5750.227,5891.053,6033.430,6177.326,6322.712,6469.553,6617.810,6767.444,6918.411,7070.662,7224.148,7378.814,7534.603,7691.451,7849.294,8008.062,8167.682,8328.075,8489.160,8650.851,8813.057,8975.684,9138.632,9301.799,9465.077,9628.355,9791.516,9954.441,10117.005,10279.079,10440.532,10601.228,10761.027,10919.787,11077.361,11233.600,11388.351,11541.461,11692.771,11842.123,11989.356,12134.308,12276.816,12416.716,12553.844,12688.034,12819.123,12946.949,13071.349,13192.164,13309.235,13422.407,13531.527,13636.446,13737.018,13833.102,13924.560,14011.260,14093.076,14169.887,14241.576,14308.034,14369.159,14424.855,14475.032,14519.610,14558.512,14591.674,14619.034,14640.544,14656.158,14665.844,14669.572,14667.326,14659.094,14644.874,14624.672,14598.503,14566.388,14528.358,14484.450,14434.712,14379.195,14317.961,14251.078,14178.622,14100.674,14017.323,13928.663,13834.797,13735.829,13631.873,13523.046,13409.471,13291.273,13168.585,13041.539,12910.277,12774.938,12635.668,12492.614,12345.926,12195.755,12042.255,11885.582,11725.892,11563.342,11398.093,11230.303,11060.133,10887.746,10713.301,10536.962,10358.893,10179.256,9998.217,9815.940,9632.591,9448.336,9263.344,9077.782,8891.820,8705.628,8519.376,8333.237,8147.381,7961.980,7777.206,7593.229,7410.218,7228.340,7047.757,6868.630,6691.110,6515.347,6341.481,6169.642,5999.954,5832.528,5667.466,5504.856,5344.777,5187.294,5032.458,4880.312,4730.884,4584.191,4440.241,4299.031,4160.548,4024.772,3891.674,3761.220,3633.369,3508.076,3385.291,3264.961,3147.032,3031.446,2918.146,2807.073,2698.167,2591.370,2486.622,2383.865,2283.041,2184.092,2086.960,1991.589,1897.921,1805.899,1715.466,1626.564,1539.135,1453.119,1368.456,1285.084,1202.943,1121.967,1042.092,963.252,885.379,808.403,732.256,656.864,582.155,508.055,434.489,361.381,288.654,216.231,144.033,71.982,0.000
0.000,63.925,127.920,192.044,256.350,320.897,385.739,450.933,516.534,582.598,649.181,716.337,784.123,852.594,921.802,991.803,1062.649,1134.393,1207.088,1280.783,1355.529,1431.373,1508.365,1586.548,1665.969,1746.670,1828.693,1912.076,1996.857,2083.072,2170.755,2259.939,2350.651,2442.922,2536.776,2632.239,2729.332,2828.076,2928.491,3030.593,3134.398,3239.920,3347.173,3456.167,3566.912,3679.416,3793.687,3909.731,4027.553,4147.155,4268.539,4391.707,4516.656,4643.384,4771.887,4902.159,5034.193,5167.978,5303.504,5440.758,5579.723,5720.381,5862.713,6006.695,6152.302,6299.506,6448.275,6598.575,6750.369,6903.617,7058.275,7214.294,7371.624,7530.210,7689.994,7850.913,8012.900,8175.884,8339.791,8504.542,8670.052,8836.234,9002.995,9170.239,9337.864,9505.762,9673.826,9841.938,10009.980,10177.828,10345.353,10512.422,10678.899,10844.643,11009.509,11173.350,11336.012,11497.341,11657.179,11815.363,11971.731,12126.117,12278.353,12428.270,12575.696,12720.461,12862.393,13001.319,13137.069,13269.470,13398.355,13523.555,13644.905,13762.240,13875.402,13984.234,14088.582,14188.299,14283.241,14373.268,14458.248,14538.055,14612.565,14681.666,14745.249,14803.215,14855.469,14901.926,14942.510,14977.149,15005.783,15028.358,15044.829,15055.162,15059.327,15057.306,15049.090,15034.675,15014.069,14987.289,14954.357,14915.308,14870.181,14819.026,14761.899,14698.866,14629.999,14555.379,14475.093,14389.234,14297.903,14201.208,14099.262,13992.183,13880.097,13763.132,13641.422,13515.107,13384.329,13249.233,13109.971,12966.694,12819.558,12668.720,12514.341,12356.581,12195.604,12031.575,11864.658,11695.019,11522.827,11348.248,11171.450,10992.601,10811.870,10629.425,10445.435,10260.069,10073.496,9885.885,9697.407,9508.229,9318.523,9128.458,8938.205,8747.933,8557.813,8368.013,8178.703,7990.050,7802.219,7615.375,7429.677,7245.284,7062.347,6881.014,6701.425,6523.717,6348.013,6174.431,6003.079,5834.055,5667.444,5503.325,5341.762,5182.808,5026.507,4872.890,4721.981,4573.790,4428.321,4285.568,4145.518,4008.151,3873.438,3741.349,3611.846,3484.887,3360.428,3238.422,3118.820,3001.570,2886.620,2773.917,2663.406,2555.034,2448.746,2344.486,2242.200,2141.832,2043.326,1946.626,1851.674,1758.412,1666.782,1576.722,1488.172,1401.070,1315.351,1230.948,1147.795,1065.823,984.961,905.137,826.277,748.306,671.146,594.721,518.950,443.753,369.048,294.754,220.785,147.060,73.493,0.000
0.000,65.281,130.634,196.116,261.783,327.692,393.899,460.461,527.433,594.873,662.835,731.376,800.551,870.415,941.022,1012.427,1084.684,1157.845,1231.963,1307.087,1383.270,1460.559,1539.002,1618.647,1699.537,1781.718,1865.232,1950.118,2036.415,2124.161,2213.391,2304.138,2396.434,2490.308,2585.790,2682.904,2781.677,2882.130,2984.284,3088.160,3193.776,3301.148,3410.290,3521.217,3633.941,3748.473,3864.822,3982.996,4103.002,4224.846,4348.530,4474.058,4601.430,4730.646,4861.702,4994.594,5129.317,5265.863,5404.221,5544.379,5686.323,5830.035,5975.497,6122.686,6271.578,6422.145,6574.356,6728.178,6883.574,7040.503,7198.922,7358.782,7520.034,7682.620,7846.484,8011.560,8177.782,8345.077,8513.371,8682.581,8852.622,9023.406,9194.837,9366.816,9539.238,9711.996,9884.974,10058.056,10231.117,10404.030,10576.661,10748.875,10920.529,11091.477,11261.571,11430.654,11598.571,11765.158,11930.252,12093.685,12255.285,12414.880,12572.296,12727.354,12879.877,13029.685,13176.599,13320.438,13461.023,13598.175,13731.716,13861.471,13987.265,14108.927,14226.290,14339.189,14447.464,14550.959,14649.523,14743.011,14831.283,14914.205,14991.651,15063.501,15129.642,15189.969,15244.383,15292.796,15335.127,15371.303,15401.259,15424.941,15442.302,15453.304,15457.920,15456.130,15447.924,15433.301,15412.270,15384.848,15351.060,15310.942,15264.539,15211.901,15153.091,15088.177,15017.237,14940.356,14857.626,14769.148,14675.028,14575.380,14470.323,14359.985,14244.495,14123.993,13998.619,13868.520,13733.847,13594.753,13451.398,13303.942,13152.548,12997.383,12838.615,12676.413,12510.949,12342.394,12170.922,11996.707,11819.923,11640.744,11459.345,11275.900,11090.583,10903.570,10715.033,10525.146,10334.081,10142.013,9949.113,9755.554,9561.505,9367.140,9172.627,8978.137,8783.837,8589.896,8396.479,8203.751,8011.872,7821.003,7631.300,7442.912,7255.988,7070.670,6887.093,6705.386,6525.669,6348.055,6172.650,5999.546,5828.830,5660.577,5494.850,5331.706,5171.188,5013.333,4858.166,4705.704,4555.954,4408.917,4264.587,4122.949,3983.984,3847.667,3713.968,3582.854,3454.288,3328.230,3204.636,3083.464,2964.665,2848.193,2733.999,2622.033,2512.244,2404.580,2298.988,2195.416,2093.808,1994.109,1896.261,1800.206,1705.884,1613.233,1522.190,1432.689,1344.665,1258.046,1172.762,1088.741,1005.907,924.183,843.491,763.752,684.881,606.796,529.413,452.645,376.404,300.603,225.151,149.961,74.940,0.000
0.000,66.613,133.298,200.113,267.116,334.362,401.910,469.815,538.134,606.925,676.243,746.144,816.684,887.919,959.903,1032.692,1106.338,1180.896,1256.417,1332.953,1410.556,1489.273,1569.154,1650.247,1732.597,1816.248,1901.244,1987.627,2075.436,2164.710,2255.486,2347.798,2441.679,2537.163,2634.278,2733.052,2833.514,2935.687,3039.594,3145.258,3252.700,3361.938,3472.989,3585.869,3700.593,3817.174,3935.624,4055.953,4178.169,4302.281,4428.294,4556.211,4686.037,4817.772,4951.415,5086.963,5224.412,5363.756,5504.986,5648.091,5793.057,5939.870,6088.510,6238.957,6391.187,6545.173,6700.885,6858.290,7017.351,7178.029,7340.280,7504.056,7669.305,7835.973,8004.000,8173.322,8343.871,8515.573,8688.352,8862.126,9036.807,9212.305,9388.521,9565.356,9742.702,9920.446,10098.474,10276.662,10454.884,10633.008,10810.897,10988.409,11165.398,11341.713,11517.198,11691.693,11865.035,12037.055,12207.582,12376.442,12543.456,12708.444,12871.222,13031.608,13189.412,13344.450,13496.531,13645.468,13791.072,13933.156,14071.533,14206.019,14336.432,14462.592,14584.322,14701.451,14813.810,14921.234,15023.567,15120.655,15212.352,15298.518,15379.019,15453.730,15522.532,15585.315,15641.977,15692.425,15736.573,15774.346,15805.676,15830.508,15848.790,15860.487,15865.568,15864.014,15855.814,15840.970,15819.489,15791.392,15756.706,15715.469,15667.728,15613.539,15552.968,15486.087,15412.979,15333.735,15248.452,15157.236,15060.202,14957.469,14849.164,14735.422,14616.380,14492.185,14362.986,14228.938,14090.200,13946.936,13799.311,13647.495,13491.661,13331.983,13168.638,13001.804,12831.661,12658.389,12482.168,12303.181,12121.610,11937.634,11751.437,11563.198,11373.099,11181.319,10988.036,10793.430,10597.676,10400.952,10203.433,10005.292,9806.704,9607.840,9408.870,9209.964,9011.290,8813.012,8615.295,8418.300,8222.186,8027.107,7833.215,7640.656,7449.574,7260.105,7072.380,6886.523,6702.650,6520.871,6341.287,6163.990,5989.063,5816.580,5646.606,5479.197,5314.400,5152.252,4992.782,4836.011,4681.952,4530.610,4381.985,4236.069,4092.849,3952.307,3814.420,3679.162,3546.502,3416.407,3288.841,3163.766,3041.141,2920.924,2803.071,2687.536,2574.273,2463.233,2354.365,2247.619,2142.941,2040.276,1939.566,1840.755,1743.779,1648.577,1555.082,1463.227,1372.942,1284.155,1196.791,1110.772,1026.020,942.453,859.988,778.539,698.018,618.337,539.405,461.130,383.420,306.179,229.312,152.724,76.319,0.000
0.000,67.919,135.911,204.035,272.348,340.907,409.771,478.994,548.636,618.754,689.403,760.641,832.523,905.107,978.445,1052.595,1127.611,1203.545,1280.450,1358.380,1437.385,1517.516,1598.820,1681.347,1765.144,1850.256,1936.726,2024.598,2113.914,2204.712,2297.031,2390.907,2486.376,2583.471,2682.224,2782.664,2884.822,2988.724,3094.395,3201.860,3311.141,3422.259,3535.235,3650.085,3766.828,3885.479,4006.050,4128.556,4253.006,4379.411,4507.778,4638.113,4770.422,4904.706,5040.967,5179.205,5319.415,5461.594,5605.734,5751.827,5899.859,6049.816,6201.682,6355.437,6511.057,6668.517,6827.788,6988.836,7151.627,7316.121,7482.274,7650.038,7819.363,7990.194,8162.469,8336.125,8511.093,8687.299,8864.665,9043.107,9222.538,9402.863,9583.984,9765.798,9948.194,10131.058,10314.271,10497.707,10681.236,10864.721,11048.021,11230.990,11413.477,11595.324,11776.372,11956.453,12135.398,12313.032,12489.176,12663.649,12836.265,13006.835,13175.170,13341.075,13504.355,13664.815,13822.258,13976.485,14127.300,14274.506,14417.907,14557.311,14692.525,14823.361,14949.633,15071.162,15187.769,15299.283,15405.538,15506.373,15601.635,15691.177,15774.857,15852.546,15924.118,15989.458,16048.460,16101.024,16147.063,16186.497,16219.256,16245.281,16264.521,16276.936,16282.497,16281.183,16272.985,16257.903,16235.949,16207.142,16171.513,16129.102,16079.961,16024.149,15961.734,15892.795,15817.420,15735.704,15647.752,15553.676,15453.596,15347.640,15235.942,15118.644,14995.892,14867.841,14734.649,14596.479,14453.500,14305.882,14153.802,13997.438,13836.972,13672.588,13504.471,13332.807,13157.786,12979.596,12798.425,12614.465,12427.903,12238.928,12047.730,11854.496,11659.411,11462.661,11264.431,11064.904,10864.259,10662.679,10460.340,10257.419,10054.092,9850.531,9646.908,9443.391,9240.147,9037.341,8835.135,8633.686,8433.151,8233.681,8035.424,7838.523,7643.116,7449.335,7257.308,7067.154,6878.986,6692.911,6509.026,6327.422,6148.180,5971.373,5797.067,5625.318,5456.174,5289.675,5125.852,4964.731,4806.328,4650.654,4497.714,4347.505,4200.020,4055.248,3913.172,3773.773,3637.026,3502.904,3371.378,3242.415,3115.979,2992.035,2870.543,2751.461,2634.747,2520.355,2408.238,2298.346,2190.628,2085.029,1981.493,1879.961,1780.371,1682.658,1586.755,1492.593,1400.098,1309.193,1219.802,1131.842,1045.231,959.881,875.705,792.610,710.506,629.296,548.885,469.175,390.066,311.458,233.250,155.339,77.624,0.000
0.000,69.200,138.475,207.882,277.480,347.327,417.480,487.998,558.938,630.358,702.315,774.865,848.067,921.976,996.647,1072.137,1148.500,1225.790,1304.061,1383.366,1463.756,1545.283,1627.996,1711.944,1797.175,1883.735,1971.670,2061.023,2151.838,2244.155,2338.014,2433.452,2530.508,2629.215,2729.608,2831.720,2935.579,3041.217,3148.660,3257.935,3369.067,3482.079,3596.992,3713.829,3832.607,3953.344,4076.056,4200.758,4327.464,4456.184,4586.929,4719.707,4854.525,4991.387,5130.297,5271.255,5414.260,5559.310,5706.397,5855.516,6006.655,6159.802,6314.940,6472.050,6631.112,6792.100,6954.986,7119.739,7286.322,7454.697,7624.823,7796.649,7970.127,8145.201,8321.809,8499.888,8679.369,8860.176,9042.231,9225.449,9409.739,9595.008,9781.154,9968.071,10155.648,10343.767,10532.306,10721.134,10910.118,11099.119,11287.990,11476.579,11664.732,11852.285,12039.071,12224.919,12409.650,12593.085,12775.037,12955.317,13133.730,13310.082,13484.171,13655.797,13824.756,13990.841,14153.847,14313.567,14469.793,14622.321,14770.943,14915.458,15055.664,15191.364,15322.361,15448.468,15569.497,15685.267,15795.605,15900.342,15999.316,16092.372,16179.363,16260.153,16334.610,16402.612,16464.048,16518.816,16566.822,16607.983,16642.228,16669.492,16689.725,16702.885,16708.940,16707.871,16699.669,16684.334,16661.879,16632.325,16595.706,16552.065,16501.457,16443.943,16379.599,16308.507,16230.759,16146.459,16055.715,15958.648,15855.385,15746.060,15630.817,15509.804,15383.178,15251.100,15113.738,14971.265,14823.857,14671.696,14514.967,14353.859,14188.562,14019.269,13846.175,13669.476,13489.370,13306.053,13119.724,12930.580,12738.819,12544.637,12348.229,12149.790,11949.512,11747.586,11544.203,11339.548,11133.809,10927.168,10719.808,10511.907,10303.641,10095.186,9886.713,9678.390,9470.385,9262.861,9055.978,8849.891,8644.754,8440.717,8237.923,8036.511,7836.617,7638.368,7441.888,7247.295,7054.696,6864.197,6675.891,6489.869,6306.209,6124.984,5946.260,5770.092,5596.532,5425.620,5257.392,5091.874,4929.088,4769.050,4611.767,4457.244,4305.478,4156.465,4010.193,3866.648,3725.814,3587.668,3452.186,3319.343,3189.108,3061.449,2936.333,2813.721,2693.576,2575.854,2460.511,2347.500,2236.770,2128.270,2021.941,1917.726,1815.561,1715.381,1617.116,1520.695,1426.040,1333.074,1241.713,1151.873,1063.465,976.397,890.577,805.908,722.291,639.627,557.812,476.742,396.312,316.416,236.946,157.792,78.847,0.000
0.000,70.456,140.987,211.652,282.510,353.620,425.038,496.825,569.039,641.736,714.976,788.816,863.313,938.524,1014.506,1091.313,1169.003,1247.629,1327.246,1407.906,1489.664,1572.570,1656.675,1742.030,1828.682,1916.679,2006.067,2096.893,2189.199,2283.028,2378.421,2475.419,2574.058,2674.378,2776.412,2880.195,2985.761,3093.139,3202.360,3313.453,3426.444,3541.360,3658.223,3777.058,3897.885,4020.724,4145.593,4272.510,4401.490,4532.547,4665.691,4800.936,4938.288,5077.754,5219.340,5363.048,5508.880,5656.833,5806.904,5959.087,6113.373,6269.750,6428.204,6588.719,6751.272,6915.841,7082.399,7250.914,7421.352,7593.676,7767.842,7943.804,8121.511,8300.909,8481.936,8664.528,8848.614,9034.121,9220.968,9409.068,9598.332,9788.661,9979.955,10172.104,10364.994,10558.505,10752.512,10946.881,11141.475,11336.149,11530.753,11725.132,11919.123,12112.559,12305.267,12497.067,12687.777,12877.207,13065.164,13251.451,13435.867,13618.205,13798.259,13975.815,14150.663,14322.585,14491.366,14656.790,14818.638,14976.695,15130.745,15280.576,15425.975,15566.734,15702.649,15833.520,15959.152,16079.354,16193.943,16302.743,16405.583,16502.300,16592.741,16676.759,16754.220,16824.995,16888.966,16946.028,16996.081,17039.040,17074.828,17103.381,17124.644,17138.575,17145.141,17144.322,17136.109,17120.503,17097.519,17067.180,17029.521,16984.590,16932.443,16873.147,16806.782,16733.436,16653.206,16566.201,16472.538,16372.344,16265.752,16152.906,16033.957,15909.062,15778.387,15642.103,15500.385,15353.418,15201.387,15044.484,14882.904,14716.845,14546.508,14372.096,14193.812,14011.864,13826.457,13637.798,13446.094,13251.551,13054.375,12854.769,12652.936,12449.078,12243.393,12036.080,11827.331,11617.341,11406.300,11194.394,10981.807,10768.723,10555.320,10341.772,10128.253,9914.932,9701.975,9489.545,9277.800,9066.894,8856.979,8648.201,8440.700,8234.614,8030.074,7827.205,7626.127,7426.954,7229.792,7034.743,6841.899,6651.348,6463.167,6277.429,6094.200,5913.536,5735.487,5560.099,5387.407,5217.443,5050.231,4885.789,4724.132,4565.267,4409.198,4255.925,4105.443,3957.744,3812.814,3670.640,3531.203,3394.482,3260.452,3129.087,3000.356,2874.228,2750.666,2629.632,2511.085,2394.979,2281.266,2169.894,2060.807,1953.946,1849.247,1746.645,1646.066,1547.437,1450.678,1355.708,1262.439,1170.783,1080.645,991.931,904.539,818.371,733.319,649.279,566.141,483.794,402.128,321.029,240.382,160.072,79.983,0.000
0.000,71.686,143.448,215.346,287.438,359.784,432.443,505.474,578.936,652.887,727.386,802.491,878.259,954.749,1032.018,1110.121,1189.116,1269.057,1349.999,1431.997,1515.103,1599.371,1684.853,1771.598,1859.656,1949.077,2039.908,2132.194,2225.983,2321.316,2418.238,2516.788,2617.008,2718.937,2822.611,2928.067,3035.339,3144.461,3255.465,3368.381,3483.238,3600.065,3718.888,3839.731,3962.619,4087.573,4214.613,4343.760,4475.031,4608.442,4744.007,4881.738,5021.647,5163.742,5308.030,5454.517,5603.204,5754.093,5907.181,6062.464,6219.935,6379.583,6541.397,6705.360,6871.454,7039.655,7209.939,7382.275,7556.629,7732.966,7911.242,8091.412,8273.426,8457.228,8642.759,8829.953,9018.740,9209.045,9400.787,9593.879,9788.229,9983.739,10180.304,10377.814,10576.153,10775.197,10974.818,11174.879,11375.240,11575.750,11776.257,11976.598,12176.606,12376.109,12574.926,12772.872,12969.757,13165.384,13359.553,13552.056,13742.686,13931.226,14117.460,14301.167,14482.123,14660.103,14834.881,15006.230,15173.920,15337.725,15497.420,15652.779,15803.580,15949.606,16090.640,16226.472,16356.898,16481.716,16600.734,16713.766,16820.634,16921.165,17015.199,17102.582,17183.172,17256.835,17323.448,17382.897,17435.081,17479.911,17517.305,17547.197,17569.530,17584.259,17591.351,17590.787,17582.556,17566.661,17543.118,17511.952,17473.201,17426.915,17373.155,17311.993,17243.511,17167.804,17084.976,16995.141,16898.424,16794.957,16684.885,16568.357,16445.533,16316.581,16181.675,16040.995,15894.728,15743.067,15586.209,15424.356,15257.712,15086.487,14910.892,14731.140,14547.445,14360.024,14169.093,13974.868,13777.564,13577.398,13374.582,13169.330,12961.851,12752.353,12541.044,12328.125,12113.798,11898.259,11681.705,11464.324,11246.306,11027.835,10809.092,10590.254,10371.494,10152.982,9934.883,9717.361,9500.572,9284.669,9069.801,8856.112,8643.740,8432.820,8223.479,8015.841,7810.021,7606.132,7404.277,7204.554,7007.056,6811.866,6619.063,6428.718,6240.896,6055.654,5873.045,5693.113,5515.898,5341.433,5169.746,5000.859,4834.789,4671.550,4511.150,4353.594,4198.881,4047.010,3897.973,3751.761,3608.361,3467.758,3329.933,3194.863,3062.524,2932.888,2805.922,2681.592,2559.858,2440.680,2324.009,2209.795,2097.983,1988.514,1881.324,1776.344,1673.502,1572.720,1473.915,1377.002,1281.891,1188.487,1096.693,1006.406,917.523,829.935,743.532,658.201,573.827,490.293,407.480,325.269,243.537,162.164,81.026,0.000
0.000,72.890,145.858,218.962,292.262,365.819,439.693,513.943,588.628,663.807,739.540,815.885,892.902,970.648,1049.180,1128.556,1208.834,1290.068,1372.316,1455.630,1540.067,1625.679,1712.519,1800.638,1890.089,1980.919,2073.178,2166.915,2262.175,2359.003,2457.444,2557.542,2659.336,2762.870,2868.181,2975.307,3084.286,3195.153,3307.941,3422.683,3539.411,3658.155,3778.944,3901.804,4026.762,4153.841,4283.065,4414.455,4548.032,4683.813,4821.815,4962.052,5104.538,5249.284,5396.299,5545.589,5697.160,5851.014,6007.150,6165.567,6326.259,6489.218,6654.433,6821.890,6991.570,7163.455,7337.517,7513.731,7692.062,7872.475,8054.930,8239.380,8425.776,8614.064,8804.183,8996.068,9189.650,9384.853,9581.595,9779.788,9979.340,10180.150,10382.113,10585.116,10789.041,10993.762,11199.146,11405.055,11611.343,11817.856,12024.437,12230.919,12437.129,12642.887,12848.008,13052.300,13255.565,13457.599,13658.192,13857.130,14054.194,14249.160,14441.802,14631.887,14819.182,15003.452,15184.458,15361.963,15535.725,15705.508,15871.074,16032.186,16188.611,16340.119,16486.484,16627.484,16762.903,16892.530,17016.164,17133.607,17244.671,17349.178,17446.957,17537.847,17621.698,17698.370,17767.734,17829.670,17884.074,17930.850,17969.915,18001.198,18024.641,18040.197,18047.833,18047.527,18039.271,18023.068,17998.934,17966.897,17926.999,17879.292,17823.840,17760.720,17690.021,17611.842,17526.294,17433.496,17333.582,17226.692,17112.978,16992.599,16865.724,16732.530,16593.201,16447.927,16296.907,16140.343,15978.443,15811.420,15639.491,15462.875,15281.794,15096.472,14907.135,14714.009,14517.321,14317.296,14114.161,13908.139,13699.453,13488.324,13274.971,13059.608,12842.450,12623.704,12403.578,12182.274,11959.992,11736.926,11513.268,11289.205,11064.920,10840.592,10616.396,10392.501,10169.073,9946.274,9724.261,9503.184,9283.191,9064.424,8847.019,8631.107,8416.814,8204.260,7993.560,7784.820,7578.144,7373.627,7171.359,6971.423,6773.897,6578.850,6386.347,6196.447,6009.201,5824.657,5642.856,5463.832,5287.618,5114.238,4943.714,4776.063,4611.298,4449.428,4290.459,4134.394,3981.230,3830.964,3683.590,3539.096,3397.469,3258.692,3122.745,2989.604,2859.242,2731.627,2606.724,2484.493,2364.888,2247.862,2133.358,2021.320,1911.681,1804.372,1699.317,1596.438,1495.649,1396.859,1299.976,1204.898,1111.524,1019.747,929.455,840.535,752.869,666.340,580.823,496.197,412.335,329.109,246.393,164.056,81.969,0.000
0.000,74.069,148.215,222.499,296.982,371.724,446.786,522.229,598.111,674.493,751.436,828.997,907.237,986.214,1065.987,1146.614,1228.152,1310.658,1394.189,1478.800,1564.547,1651.484,1739.664,1829.141,1919.967,2012.192,2105.866,2201.039,2297.758,2396.070,2496.022,2597.657,2701.020,2806.152,2913.095,3021.889,3132.572,3245.181,3359.754,3476.323,3594.924,3715.589,3838.348,3963.231,4090.265,4219.478,4350.895,4484.540,4620.435,4758.599,4899.053,5041.813,5186.895,5334.311,5484.074,5636.191,5790.671,5947.517,6106.732,6268.315,6432.262,6598.569,6767.224,6938.217,7111.530,7287.146,7465.040,7645.187,7827.554,8012.107,8198.806,8387.607,8578.461,8771.314,8966.106,9162.772,9361.244,9561.444,9763.291,9966.696,10171.565,10377.798,10585.286,10793.917,11003.567,11214.110,11425.410,11637.325,11849.705,12062.394,12275.226,12488.032,12700.633,12912.843,13124.469,13335.314,13545.171,13753.828,13961.067,14166.666,14370.395,14572.020,14771.305,14968.007,15161.883,15352.684,15540.161,15724.063,15904.140,16080.141,16251.816,16418.917,16581.197,16738.416,16890.334,17036.718,17177.341,17311.982,17440.426,17562.467,17677.907,17786.559,17888.242,17982.787,18070.038,18149.846,18222.076,18286.604,18343.319,18392.121,18432.925,18465.654,18490.250,18506.663,18514.860,18514.817,18506.527,18489.994,18465.235,18432.282,18391.177,18341.978,18284.752,18219.581,18146.558,18065.789,17977.391,17881.492,17778.232,17667.759,17550.234,17425.826,17294.714,17157.083,17013.129,16863.054,16707.066,16545.379,16378.213,16205.793,16028.345,15846.102,15659.297,15468.166,15272.945,15073.871,14871.184,14665.117,14455.908,14243.791,14028.996,13811.754,13592.291,13370.831,13147.593,12922.793,12696.645,12469.355,12241.127,12012.162,11782.653,11552.791,11322.761,11092.744,10862.915,10633.446,10404.502,10176.243,9948.827,9722.403,9497.115,9273.106,9050.507,8829.450,8610.056,8392.444,8176.724,7963.003,7751.380,7541.950,7334.800,7130.011,6927.660,6727.817,6530.545,6335.904,6143.945,5954.718,5768.264,5584.622,5403.825,5225.901,5050.876,4878.770,4709.601,4543.383,4380.126,4219.838,4062.523,3908.182,3756.814,3608.414,3462.974,3320.482,3180.922,3044.277,2910.522,2779.630,2651.570,2526.303,2403.788,2283.976,2166.815,2052.245,1940.201,1830.611,1723.400,1618.484,1515.775,1415.178,1316.596,1219.924,1125.053,1031.871,940.260,850.101,761.269,673.639,587.081,501.465,416.656,332.522,248.927,165.733,82.803,0.000
0.000,75.220,150.518,225.956,301.595,377.496,453.721,530.330,607.384,684.944,763.069,841.821,921.260,1001.444,1082.434,1164.287,1247.062,1330.817,1415.610,1501.496,1588.533,1676.775,1766.278,1857.094,1949.278,2042.881,2137.955,2234.550,2332.715,2432.499,2533.950,2637.113,2742.035,2848.758,2957.326,3067.781,3180.163,3294.512,3410.866,3529.263,3649.737,3772.323,3897.054,4023.963,4153.079,4284.432,4418.049,4553.957,4692.179,4832.739,4975.658,5120.955,5268.648,5418.752,5571.282,5726.248,5883.659,6043.523,6205.843,6370.622,6537.857,6707.546,6879.680,7054.249,7231.239,7410.633,7592.409,7776.542,7963.003,8151.757,8342.767,8535.989,8731.375,8928.872,9128.421,9329.958,9533.414,9738.711,9945.768,10154.496,10364.800,10576.578,10789.722,11004.114,11219.633,11436.147,11653.519,11871.601,12090.243,12309.281,12528.548,12747.867,12967.054,13185.917,13404.257,13621.868,13838.536,14054.042,14268.158,14480.652,14691.285,14899.814,15105.989,15309.558,15510.265,15707.850,15902.052,16092.607,16279.252,16461.723,16639.758,16813.094,16981.473,17144.641,17302.346,17454.343,17600.391,17740.259,17873.719,18000.555,18120.560,18233.534,18339.288,18437.646,18528.441,18611.518,18686.737,18753.965,18813.088,18864.000,18906.612,18940.846,18966.638,18983.940,18992.714,18992.939,18984.606,18967.721,18942.302,18908.384,18866.011,18815.244,18756.156,18688.834,18613.375,18529.893,18438.510,18339.363,18232.599,18118.375,17996.863,17868.239,17732.692,17590.421,17441.632,17286.536,17125.355,16958.314,16785.646,16607.587,16424.378,16236.261,16043.483,15846.291,15644.935,15439.662,15230.723,15018.363,14802.830,14584.368,14363.218,14139.618,13913.803,13686.006,13456.452,13225.366,12992.966,12759.465,12525.071,12289.988,12054.416,11818.546,11582.567,11346.660,11111.004,10875.769,10641.121,10407.222,10174.225,9942.281,9711.532,9482.118,9254.170,9027.816,8803.175,8580.364,8359.490,8140.659,7923.966,7709.505,7497.361,7287.614,7080.339,6875.605,6673.476,6474.010,6277.261,6083.277,5892.103,5703.778,5518.339,5335.817,5156.239,4979.631,4806.014,4635.407,4467.825,4303.281,4141.783,3983.340,3827.954,3675.628,3526.357,3380.135,3236.954,3096.799,2959.651,2825.487,2694.279,2565.992,2440.587,2318.017,2198.230,2081.167,1966.762,1854.943,1745.632,1638.742,1534.181,1431.852,1331.650,1233.467,1137.188,1042.693,949.860,858.562,768.666,680.041,592.549,506.051,420.408,335.478,251.117,167.180,83.523,0.000
0.000,76.344,152.768,229.332,306.100,383.133,460.493,538.243,616.442,695.153,774.436,854.354,934.965,1016.332,1098.513,1181.568,1265.558,1350.539,1436.570,1523.710,1612.015,1701.542,1792.346,1884.483,1978.006,2072.970,2169.427,2267.428,2367.026,2468.268,2571.205,2675.885,2782.354,2890.658,3000.843,3112.951,3227.027,3343.110,3461.241,3581.461,3703.805,3828.312,3955.016,4083.952,4215.152,4348.648,4484.470,4622.646,4763.204,4906.167,5051.561,5199.407,5349.725,5502.532,5657.846,5815.679,5976.043,6138.947,6304.398,6472.400,6642.954,6816.057,6991.704,7169.888,7350.597,7533.814,7719.521,7907.693,8098.303,8291.318,8486.703,8684.415,8884.407,9086.626,9291.016,9497.512,9706.045,9916.539,10128.912,10343.074,10558.931,10776.380,10995.309,11215.602,11437.133,11659.769,11883.370,12107.787,12332.862,12558.430,12784.318,13010.344,13236.318,13462.042,13687.311,13911.910,14135.618,14358.206,14579.438,14799.072,15016.859,15232.544,15445.867,15656.564,15864.365,16069.000,16270.193,16467.667,16661.146,16850.353,17035.010,17214.841,17389.576,17558.945,17722.684,17880.533,18032.240,18177.558,18316.252,18448.091,18572.856,18690.339,18800.341,18902.675,18997.167,19083.654,19161.988,19232.031,19293.662,19346.772,19391.267,19427.065,19454.100,19472.322,19481.692,19482.189,19473.803,19456.542,19430.426,19395.490,19351.785,19299.372,19238.331,19168.751,19090.740,19004.413,18909.903,18807.353,18696.919,18578.769,18453.080,18320.044,18179.857,18032.731,17878.883,17718.537,17551.926,17379.289,17200.871,17016.922,16827.695,16633.446,16434.434,16230.921,16023.166,15811.431,15595.977,15377.063,15154.946,14929.881,14702.119,14471.908,14239.493,14005.113,13769.002,13531.392,13292.505,13052.563,12811.778,12570.358,12328.506,12086.418,11844.283,11602.287,11360.607,11119.415,10878.878,10639.157,10400.405,10162.770,9926.395,9691.417,9457.965,9226.165,8996.134,8767.985,8541.826,8317.757,8095.874,7876.266,7659.019,7444.209,7231.911,7022.192,6815.117,6610.743,6409.124,6210.309,6014.345,5821.272,5631.128,5443.948,5259.763,5078.601,4900.488,4725.447,4553.497,4384.656,4218.940,4056.360,3896.927,3740.646,3587.522,3437.552,3290.734,3147.059,3006.513,2869.078,2734.728,2603.433,2475.156,2349.853,2227.472,2107.955,1991.236,1877.241,1765.889,1657.091,1550.751,1446.768,1345.031,1245.427,1147.833,1052.126,958.173,865.842,774.992,685.484,597.173,509.912,423.552,337.946,252.940,168.382,84.120,0.000
0.000,77.441,154.962,232.626,310.496,388.634,467.102,545.964,625.282,705.117,785.532,866.588,948.347,1030.870,1114.218,1198.451,1283.629,1369.813,1457.060,1545.430,1634.982,1725.771,1817.857,1911.293,2006.137,2102.443,2200.265,2299.656,2400.669,2503.355,2607.764,2713.946,2821.950,2931.824,3043.614,3157.367,3273.126,3390.936,3510.839,3632.875,3757.085,3883.509,4012.183,4143.145,4276.430,4412.070,4550.098,4690.547,4833.444,4978.818,5126.695,5277.098,5430.052,5585.575,5743.687,5904.403,6067.738,6233.703,6402.308,6573.558,6747.457,6924.005,7103.200,7285.036,7469.502,7656.585,7846.268,8038.529,8233.343,8430.679,8630.501,8832.770,9037.439,9244.459,9453.771,9665.314,9879.019,10094.809,10312.603,10532.312,10753.840,10977.083,11201.931,11428.263,11655.953,11884.866,12114.857,12345.776,12577.461,12809.743,13042.444,13275.377,13508.345,13741.145,13973.565,14205.381,14436.364,14666.277,14894.874,15121.903,15347.104,15570.210,15790.950,16009.046,16224.218,16436.180,16644.643,16849.317,17049.910,17246.130,17437.685,17624.286,17805.646,17981.481,18151.512,18315.466,18473.076,18624.084,18768.238,18905.298,19035.032,19157.221,19271.655,19378.138,19476.487,19566.531,19648.113,19721.091,19785.337,19840.736,19887.190,19924.615,19952.941,19972.117,19982.102,19982.874,19974.426,19956.763,19929.910,19893.903,19848.795,19794.654,19731.562,19659.616,19578.926,19489.618,19391.831,19285.716,19171.438,19049.174,18919.113,18781.456,18636.414,18484.206,18325.064,18159.225,17986.936,17808.448,17624.021,17433.918,17238.405,17037.753,16832.236,16622.125,16407.697,16189.226,15966.985,15741.243,15512.272,15280.337,15045.699,14808.617,14569.343,14328.127,14085.211,13840.831,13595.221,13348.603,13101.198,12853.218,12604.869,12356.349,12107.852,11859.563,11611.663,11364.324,11117.713,10871.990,10627.308,10383.815,10141.651,9900.951,9661.843,9424.450,9188.888,8955.268,8723.693,8494.262,8267.070,8042.203,7819.743,7599.767,7382.347,7167.551,6955.441,6746.074,6539.505,6335.784,6134.957,5937.067,5742.154,5550.255,5361.403,5175.632,4992.969,4813.442,4637.077,4463.894,4293.917,4127.161,3963.644,3803.376,3646.368,3492.626,3342.151,3194.941,3050.987,2910.275,2772.786,2638.492,2507.360,2379.347,2254.404,2132.473,2013.486,1897.369,1784.038,1673.403,1565.361,1459.807,1356.625,1255.695,1156.889,1060.074,965.113,871.862,780.176,689.906,600.898,512.998,426.049,339.894,254.372,169.323,84.587,0.000
0.000,78.510,157.101,235.836,314.779,393.994,473.544,553.491,633.899,714.832,796.351,878.519,961.399,1045.052,1129.540,1214.926,1301.268,1388.629,1477.068,1566.645,1657.419,1749.450,1842.794,1937.510,2033.653,2131.281,2230.449,2331.211,2433.622,2537.734,2643.599,2751.268,2860.794,2972.224,3085.608,3200.993,3318.426,3437.952,3559.616,3683.462,3809.532,3937.866,4068.506,4201.490,4336.855,4474.638,4614.874,4757.595,4902.835,5050.623,5200.987,5353.955,5509.552,5667.800,5828.722,5992.335,6158.657,6327.701,6499.479,6674.000,6851.270,7031.291,7214.064,7399.585,7587.845,7778.835,7972.539,8168.938,8368.007,8569.719,8774.040,8980.931,9190.349,9402.245,9616.561,9833.238,10052.206,10273.392,10496.713,10722.081,10949.399,11178.563,11409.461,11641.973,11875.971,12111.316,12347.862,12585.456,12823.931,13063.116,13302.826,13542.870,13783.046,14023.144,14262.943,14502.213,14740.716,14978.206,15214.426,15449.115,15682.000,15912.804,16141.242,16367.023,16589.854,16809.434,17025.460,17237.627,17445.628,17649.154,17847.899,18041.557,18229.826,18412.406,18589.003,18759.328,18923.100,19080.046,19229.901,19372.411,19507.333,19634.435,19753.495,19864.309,19966.683,20060.438,20145.409,20221.447,20288.418,20346.202,20394.696,20433.813,20463.481,20483.645,20494.265,20495.316,20486.793,20468.702,20441.069,20403.933,20357.352,20301.395,20236.151,20161.721,20078.223,19985.790,19884.567,19774.715,19656.409,19529.836,19395.196,19252.700,19102.572,18945.045,18780.363,18608.777,18430.548,18245.942,18055.232,17858.696,17656.617,17449.278,17236.968,17019.975,16798.587,16573.093,16343.778,16110.928,15874.822,15635.739,15393.951,15149.727,14903.331,14655.018,14405.040,14153.643,13901.063,13647.532,13393.275,13138.507,12883.439,12628.274,12373.205,12118.422,11864.106,11610.429,11357.559,11105.656,10854.872,10605.353,10357.238,10110.662,9865.749,9622.620,9381.389,9142.163,8905.046,8670.132,8437.514,8207.275,7979.496,7754.253,7531.614,7311.648,7094.414,6879.970,6668.371,6459.667,6253.903,6051.126,5851.376,5654.692,5461.112,5270.670,5083.399,4899.332,4718.497,4540.922,4366.634,4195.657,4028.012,3863.718,3702.792,3545.245,3391.087,3240.320,3092.942,2948.945,2808.315,2671.028,2537.054,2406.354,2278.880,2154.573,2033.367,1915.185,1799.942,1687.541,1577.880,1470.844,1366.313,1264.159,1164.249,1066.441,970.588,876.540,784.144,693.239,603.665,515.260,427.857,341.289,255.389,169.987,84.914,0.000
0.000,79.550,159.182,238.960,318.949,399.212,479.814,560.819,642.290,724.292,806.887,890.140,974.113,1058.870,1144.472,1230.983,1318.464,1406.977,1496.582,1587.342,1679.315,1772.562,1867.143,1963.114,2060.536,2159.465,2259.958,2362.071,2465.861,2571.380,2678.683,2787.824,2898.854,3011.825,3126.788,3243.791,3362.885,3484.116,3607.531,3733.176,3861.095,3991.333,4123.931,4258.931,4396.372,4536.294,4678.733,4823.726,4971.308,5121.510,5274.364,5429.901,5588.147,5749.128,5912.868,6079.390,6248.711,6420.849,6595.817,6773.629,6954.291,7137.811,7324.190,7513.427,7705.516,7900.451,8098.218,8298.799,8502.174,8708.317,8917.195,9128.773,9343.009,9559.854,9779.254,10001.150,10225.475,10452.154,10681.107,10912.245,11145.472,11380.684,11617.767,11856.600,12097.055,12338.991,12582.259,12826.702,13072.152,13318.431,13565.353,13812.719,14060.323,14307.945,14555.360,14802.330,15048.606,15293.934,15538.047,15780.671,16021.523,16260.312,16496.742,16730.508,16961.300,17188.803,17412.700,17632.669,17848.386,18059.527,18265.768,18466.786,18662.263,18851.882,19035.332,19212.309,19382.515,19545.663,19701.472,19849.675,19990.015,20122.246,20246.139,20361.474,20468.049,20565.677,20654.184,20733.414,20803.226,20863.495,20914.113,20954.991,20986.053,21007.241,21018.514,21019.849,21011.238,20992.691,20964.234,20925.910,20877.777,20819.913,20752.409,20675.374,20588.931,20493.219,20388.394,20274.626,20152.099,20021.010,19881.572,19734.008,19578.553,19415.457,19244.974,19067.373,18882.928,18691.921,18494.641,18291.381,18082.439,17868.117,17648.715,17424.539,17195.891,16963.075,16726.390,16486.135,16242.603,15996.084,15746.863,15495.220,15241.426,14985.749,14728.448,14469.776,14209.978,13949.290,13687.943,13426.158,13164.149,12902.120,12640.271,12378.790,12117.860,11857.655,11598.343,11340.082,11083.025,10827.315,10573.092,10320.486,10069.620,9820.614,9573.578,9328.618,9085.833,8845.317,8607.158,8371.438,8138.236,7907.625,7679.673,7454.444,7231.999,7012.394,6795.684,6581.917,6371.143,6163.405,5958.748,5757.211,5558.836,5363.659,5171.719,4983.049,4797.686,4615.662,4437.009,4261.757,4089.935,3921.568,3756.681,3595.291,3437.416,3283.065,3132.242,2984.947,2841.169,2700.891,2564.087,2430.719,2300.743,2174.100,2050.725,1930.537,1813.450,1699.363,1588.168,1479.745,1373.968,1270.701,1169.802,1071.121,974.503,879.790,786.816,695.415,605.416,516.647,428.933,342.098,255.965,170.357,85.095,0.000
0.000,80.561,161.205,241.997,323.002,404.284,485.910,567.943,650.449,733.491,817.135,901.444,986.483,1072.315,1159.004,1246.614,1335.206,1424.845,1515.591,1607.507,1700.654,1795.093,1890.885,1988.090,2086.766,2186.974,2288.770,2392.213,2497.360,2604.267,2712.989,2823.582,2936.099,3050.594,3167.119,3285.725,3406.464,3529.386,3654.538,3781.970,3911.728,4043.858,4178.404,4315.411,4454.920,4596.974,4741.612,4888.872,5038.792,5191.407,5346.751,5504.857,5665.754,5829.472,5996.038,6165.475,6337.805,6513.049,6691.223,6872.342,7056.417,7243.457,7433.467,7626.448,7822.399,8021.314,8223.182,8427.990,8635.718,8846.343,9059.835,9276.161,9495.281,9717.148,9941.711,10168.911,10398.682,10630.952,10865.641,11102.661,11341.916,11583.301,11826.704,12072.003,12319.066,12567.752,12817.911,13069.382,13321.994,13575.566,13829.905,14084.810,14340.065,14595.448,14850.724,15105.645,15359.958,15613.394,15865.679,16116.526,16365.639,16612.716,16857.445,17099.507,17338.577,17574.325,17806.416,18034.511,18258.269,18477.349,18691.409,18900.108,19103.108,19300.076,19490.684,19674.608,19851.536,20021.163,20183.193,20337.344,20483.343,20620.934,20749.874,20869.931,20980.893,21082.564,21174.761,21257.320,21330.094,21392.953,21445.784,21488.493,21521.003,21543.252,21555.200,21556.822,21548.111,21529.077,21499.748,21460.172,21410.409,21350.541,21280.664,21200.894,21111.360,21012.211,20903.610,20785.735,20658.783,20522.962,20378.495,20225.620,20064.586,19895.654,19719.098,19535.199,19344.248,19146.544,18942.391,18732.100,18515.986,18294.366,18067.558,17835.885,17599.663,17359.212,17114.847,16866.880,16615.619,16361.366,16104.418,15845.066,15583.593,15320.276,15055.382,14789.174,14521.901,14253.809,13985.132,13716.096,13446.918,13177.809,12908.967,12640.584,12372.844,12105.922,11839.984,11575.189,11311.689,11049.626,10789.137,10530.351,10273.389,10018.367,9765.394,9514.572,9265.997,9019.762,8775.950,8534.643,8295.915,8059.838,7826.477,7595.896,7368.152,7143.303,6921.399,6702.493,6486.630,6273.858,6064.221,5857.761,5654.521,5454.542,5257.864,5064.527,4874.570,4688.033,4504.954,4325.368,4149.312,3976.819,3807.920,3642.642,3481.008,3323.038,3168.743,3018.129,2871.192,2727.921,2588.293,2452.277,2319.827,2190.889,2065.394,1943.264,1824.405,1708.715,1596.078,1486.370,1379.457,1275.194,1173.430,1074.007,976.760,881.521,788.114,696.363,606.088,517.106,429.233,342.285,256.074,170.415,85.119,0.000
0.000,81.543,163.169,244.945,326.936,409.209,491.828,574.860,658.371,742.425,827.088,912.424,998.500,1085.380,1173.128,1261.808,1351.484,1442.220,1534.080,1627.126,1721.420,1817.026,1914.004,2012.416,2112.323,2213.785,2316.861,2421.611,2528.094,2636.367,2746.487,2858.511,2972.495,3088.495,3206.563,3326.755,3449.122,3573.718,3700.593,3829.797,3961.379,4095.387,4231.870,4370.872,4512.439,4656.616,4803.443,4952.963,5105.215,5260.238,5418.069,5578.742,5742.291,5908.747,6078.141,6250.498,6425.845,6604.203,6785.593,6970.034,7157.538,7348.118,7541.781,7738.533,7938.374,8141.300,8347.307,8556.381,8768.506,8983.662,9201.823,9422.957,9647.025,9873.984,10103.786,10336.372,10571.679,10809.636,11050.164,11293.176,11538.577,11786.263,12036.121,12288.029,12541.853,12797.452,13054.673,13313.354,13573.319,13834.384,14096.352,14359.016,14622.155,14885.540,15148.928,15412.065,15674.685,15936.512,16197.258,16456.627,16714.309,16969.987,17223.337,17474.022,17721.703,17966.032,18206.656,18443.219,18675.362,18902.723,19124.941,19341.658,19552.515,19757.160,19955.245,20146.430,20330.384,20506.782,20675.315,20835.682,20987.597,21130.789,21265.001,21389.991,21505.536,21611.427,21707.476,21793.508,21869.372,21934.930,21990.066,22034.681,22068.694,22092.044,22104.687,22106.599,22097.772,22078.219,22047.971,22007.075,21955.598,21893.624,21821.257,21738.616,21645.840,21543.085,21430.523,21308.342,21176.750,21035.967,20886.229,20727.787,20560.906,20385.861,20202.942,20012.448,19814.685,19609.970,19398.626,19180.981,18957.368,18728.121,18493.579,18254.078,18009.954,17761.542,17509.173,17253.174,16993.868,16731.570,16466.591,16199.232,15929.789,15658.547,15385.785,15111.770,14836.762,14561.012,14284.760,14008.236,13731.662,13455.251,13179.204,12903.714,12628.968,12355.138,12082.392,11810.889,11540.778,11272.201,11005.292,10740.178,10476.978,10215.805,9956.765,9699.956,9445.474,9193.405,8943.833,8696.834,8452.480,8210.840,7971.978,7735.955,7502.827,7272.649,7045.472,6821.346,6600.319,6382.437,6167.745,5956.288,5748.110,5543.256,5341.769,5143.693,4949.073,4757.954,4570.379,4386.393,4206.038,4029.357,3856.387,3687.166,3521.726,3360.095,3202.292,3048.332,2898.219,2751.947,2609.500,2470.849,2335.954,2204.761,2077.200,1953.190,1832.637,1715.431,1601.452,1490.569,1382.637,1277.504,1175.010,1074.984,977.254,881.637,787.951,696.007,605.614,516.581,428.712,341.814,255.689,170.143,84.979,0.000
0.000,82.494,165.072,247.801,330.749,413.981,497.564,581.565,666.050,751.086,836.738,923.073,1010.156,1098.054,1186.831,1276.553,1367.284,1459.090,1552.036,1646.184,1741.598,1838.343,1936.481,2036.075,2137.186,2239.877,2344.208,2450.241,2558.035,2667.651,2779.145,2892.579,3008.008,3125.491,3245.082,3366.839,3490.816,3617.068,3745.646,3876.605,4009.995,4145.866,4284.270,4425.254,4568.866,4715.153,4864.159,5015.928,5170.504,5327.928,5488.238,5651.473,5817.670,5986.863,6159.084,6334.364,6512.730,6694.209,6878.825,7066.596,7257.543,7451.678,7649.014,7849.558,8053.314,8260.283,8470.460,8683.837,8900.402,9120.136,9343.016,9569.013,9798.092,10030.212,10265.326,10503.378,10744.308,10988.046,11234.515,11483.630,11735.295,11989.408,12245.856,12504.516,12765.255,13027.931,13292.388,13558.462,13825.974,14094.738,14364.550,14635.201,14906.462,15178.099,15449.859,15721.481,15992.690,16263.199,16532.710,16800.911,17067.482,17332.091,17594.397,17854.050,18110.690,18363.953,18613.468,18858.859,19099.746,19335.749,19566.486,19791.576,20010.642,20223.310,20429.212,20627.989,20819.287,21002.767,21178.099,21344.967,21503.068,21652.115,21791.838,21921.983,22042.314,22152.613,22252.681,22342.339,22421.424,22489.796,22547.331,22593.929,22629.505,22653.995,22667.355,22669.559,22660.602,22640.497,22609.276,22566.990,22513.710,22449.525,22374.542,22288.889,22192.712,22086.173,21969.456,21842.760,21706.302,21560.315,21405.050,21240.772,21067.761,20886.309,20696.723,20499.317,20294.420,20082.364,19863.494,19638.154,19406.698,19169.480,18926.856,18679.181,18426.811,18170.095,17909.384,17645.020,17377.340,17106.676,16833.349,16557.675,16279.961,16000.502,15719.586,15437.490,15154.481,14870.815,14586.738,14302.487,14018.285,13734.349,13450.883,13168.082,12886.131,12605.206,12325.472,12047.087,11770.199,11494.949,11221.468,10949.881,10680.305,10412.848,10147.614,9884.699,9624.193,9366.181,9110.742,8857.948,8607.871,8360.576,8116.122,7874.570,7635.973,7400.384,7167.853,6938.429,6712.159,6489.089,6269.267,6052.736,5839.545,5629.740,5423.367,5220.477,5021.117,4825.339,4633.194,4444.732,4260.005,4079.064,3901.956,3728.729,3559.425,3394.080,3232.727,3075.386,2922.072,2772.786,2627.519,2486.247,2348.933,2215.523,2085.950,1960.130,1837.963,1719.336,1604.122,1492.180,1383.357,1277.491,1174.409,1073.932,975.873,880.042,786.240,694.270,603.930,515.015,427.323,340.647,254.782,169.523,84.664,0.000
0.000,83.414,166.913,250.564,334.437,418.598,503.114,588.053,673.482,759.468,846.079,933.382,1021.442,1110.327,1200.104,1290.838,1382.595,1475.442,1569.443,1664.664,1761.171,1859.026,1958.296,2059.044,2161.333,2265.226,2370.786,2478.075,2587.155,2698.088,2810.933,2925.752,3042.602,3161.545,3282.637,3405.937,3531.502,3659.388,3789.650,3922.344,4057.522,4195.239,4335.547,4478.496,4624.137,4772.519,4923.689,5077.696,5234.584,5394.396,5557.177,5722.967,5891.804,6063.728,6238.773,6416.974,6598.360,6782.963,6970.807,7161.918,7356.316,7554.020,7755.043,7959.398,8167.091,8378.127,8592.506,8810.220,9031.263,9255.618,9483.265,9714.179,9948.327,10185.673,10426.170,10669.767,10916.405,11166.017,11418.527,11673.852,11931.899,12192.564,12455.737,12721.294,12989.103,13259.019,13530.888,13804.541,14079.798,14356.468,14634.347,14913.215,15192.844,15472.987,15753.388,16033.775,16313.865,16593.359,16871.947,17149.306,17425.100,17698.983,17970.598,18239.577,18505.543,18768.113,19026.895,19281.492,19531.505,19776.531,20016.165,20250.006,20477.652,20698.709,20912.787,21119.504,21318.487,21509.375,21691.821,21865.488,22030.058,22185.229,22330.714,22466.246,22591.578,22706.481,22810.747,22904.186,22986.632,23057.936,23117.971,23166.631,23203.830,23229.501,23243.600,23246.100,23236.997,23216.303,23184.055,23140.306,23085.130,23018.621,22940.892,22852.078,22752.331,22641.824,22520.748,22389.314,22247.752,22096.308,21935.247,21764.848,21585.409,21397.239,21200.662,20996.015,20783.641,20563.897,20337.145,20103.752,19864.092,19618.538,19367.468,19111.256,18850.277,18584.900,18315.493,18042.416,17766.020,17486.653,17204.652,16920.344,16634.048,16346.071,16056.709,15766.250,15474.966,15183.121,14890.967,14598.745,14306.682,14014.997,13723.898,13433.579,13144.227,12856.017,12569.115,12283.677,11999.849,11717.771,11437.570,11159.368,10883.280,10609.411,10337.860,10068.721,9802.079,9538.016,9276.607,9017.922,8762.027,8508.984,8258.852,8011.684,7767.535,7526.454,7288.489,7053.688,6822.097,6593.763,6368.731,6147.050,5928.767,5713.930,5502.592,5294.804,5090.622,4890.102,4693.303,4500.282,4311.101,4125.819,3944.496,3767.189,3593.952,3424.833,3259.874,3099.109,2942.562,2790.243,2642.150,2498.265,2358.556,2222.971,2091.442,1963.882,1840.190,1720.243,1603.908,1491.033,1381.457,1275.004,1171.491,1070.725,972.506,876.631,782.890,691.073,600.964,512.351,425.017,338.747,253.325,168.537,84.166,0.000
0.000,84.302,168.689,253.232,337.998,423.055,508.473,594.318,680.660,767.566,855.104,943.342,1032.348,1122.190,1212.935,1304.650,1397.403,1491.259,1586.287,1682.552,1780.120,1879.058,1979.430,2081.303,2184.740,2289.807,2396.568,2505.086,2615.425,2727.648,2841.817,2957.994,3076.241,3196.619,3319.187,3444.006,3571.134,3700.631,3832.555,3966.961,4103.907,4243.448,4385.639,4530.533,4678.185,4828.644,4981.962,5138.190,5297.374,5459.563,5624.801,5793.133,5964.602,6139.249,6317.111,6498.227,6682.631,6870.355,7061.430,7255.883,7453.739,7655.019,7859.742,8067.923,8279.573,8494.698,8713.303,8935.386,9160.940,9389.955,9622.414,9858.295,10097.569,10340.202,10586.151,10835.368,11087.797,11343.372,11602.022,11863.663,12128.206,12395.549,12665.581,12938.180,13213.213,13490.536,13769.992,14051.413,14334.615,14619.405,14905.574,15192.899,15481.144,15770.057,16059.375,16348.817,16638.089,16926.882,17214.873,17501.727,17787.093,18070.610,18351.902,18630.585,18906.262,19178.529,19446.973,19711.178,19970.718,20225.169,20474.102,20717.091,20953.713,21183.547,21406.179,21621.206,21828.233,22026.875,22216.766,22397.549,22568.888,22730.464,22881.975,23023.140,23153.698,23273.411,23382.059,23479.445,23565.395,23639.755,23702.393,23753.198,23792.083,23818.978,23833.837,23836.636,23827.368,23806.049,23772.716,23727.426,23670.257,23601.307,23520.697,23428.564,23325.072,23210.401,23084.752,22948.348,22801.431,22644.262,22477.118,22300.299,22114.116,21918.901,21714.994,21502.752,21282.543,21054.742,20819.734,20577.909,20329.662,20075.389,19815.489,19550.359,19280.392,19005.980,18727.506,18445.351,18159.884,17871.466,17580.450,17287.178,16991.979,16695.173,16397.066,16097.953,15798.115,15497.824,15197.336,14896.896,14596.736,14297.077,13998.128,13700.086,13403.137,13107.456,12813.208,12520.548,12229.619,11940.558,11653.491,11368.536,11085.805,10805.398,10527.411,10251.934,9979.049,9708.832,9441.354,9176.683,8914.879,8656.001,8400.104,8147.240,7897.457,7650.804,7407.327,7167.071,6930.082,6696.404,6466.085,6239.172,6015.714,5795.763,5579.374,5366.603,5157.509,4952.157,4750.610,4552.938,4359.210,4169.497,3983.869,3802.397,3625.146,3452.179,3283.551,3119.309,2959.486,2804.106,2653.175,2506.683,2364.601,2226.881,2093.454,1964.232,1839.105,1717.948,1600.616,1486.947,1376.766,1269.887,1166.110,1065.229,967.032,871.298,777.807,686.332,596.648,508.529,421.747,336.075,251.290,167.165,83.476,0.000
0.000,85.157,170.401,255.802,341.429,427.351,513.636,600.356,687.577,775.370,863.803,952.945,1042.865,1133.632,1225.313,1317.978,1411.694,1506.529,1602.552,1699.829,1798.428,1898.417,1999.861,2102.828,2207.384,2313.596,2421.528,2531.245,2642.815,2756.299,2871.764,2989.272,3108.887,3230.672,3354.689,3481.000,3609.667,3740.749,3874.309,4010.403,4149.092,4290.434,4434.485,4581.303,4730.943,4883.459,5038.905,5197.334,5358.797,5523.344,5691.024,5861.884,6035.971,6213.328,6393.998,6578.020,6765.434,6956.276,7150.579,7348.374,7549.690,7754.551,7962.982,8174.999,8390.619,8609.852,8832.706,9059.182,9289.280,9522.991,9760.303,10001.197,10245.649,10493.627,10745.093,11000.002,11258.300,11519.927,11784.811,12052.874,12324.027,12598.170,12875.194,13154.978,13437.391,13722.287,14009.509,14298.887,14590.238,14883.363,15178.051,15474.075,15771.193,16069.148,16367.666,16666.460,16965.226,17263.643,17561.377,17858.078,18153.381,18446.906,18738.262,19027.044,19312.836,19595.212,19873.738,20147.971,20417.464,20681.766,20940.422,21192.983,21438.996,21678.017,21909.607,22133.336,22348.785,22555.548,22753.234,22941.468,23119.893,23288.171,23445.985,23593.040,23729.061,23853.798,23967.022,24068.527,24158.131,24235.675,24301.023,24354.059,24394.694,24422.856,24438.500,24441.598,24432.147,24410.163,24375.686,24328.774,24269.510,24197.998,24114.361,24018.748,23911.325,23792.285,23661.839,23520.220,23367.684,23204.506,23030.980,22847.423,22654.165,22451.555,22239.958,22019.751,21791.324,21555.077,21311.417,21060.760,20803.523,20540.126,20270.993,19996.542,19717.189,19433.347,19145.421,18853.808,18558.897,18261.066,17960.683,17658.104,17353.671,17047.716,16740.555,16432.492,16123.817,15814.806,15505.723,15196.815,14888.320,14580.460,14273.446,13967.475,13662.734,13359.397,13057.626,12757.576,12459.388,12163.195,11869.120,11577.278,11287.775,11000.709,10716.172,10434.248,10155.015,9878.545,9604.905,9334.155,9066.356,8801.559,8539.815,8281.174,8025.681,7773.379,7524.312,7278.525,7036.059,6796.960,6561.273,6329.046,6100.330,5875.178,5653.647,5435.799,5221.699,5011.415,4805.022,4602.595,4404.217,4209.968,4019.934,3834.198,3652.840,3475.939,3303.564,3135.777,2972.628,2814.150,2660.362,2511.261,2366.826,2227.011,2091.747,1960.942,1834.483,1712.234,1594.040,1479.726,1369.104,1261.971,1158.113,1057.308,959.326,863.934,770.893,679.965,590.910,503.489,417.463,332.594,248.647,165.388,82.583,0.000
0.000,85.979,172.046,258.272,344.726,431.479,518.600,606.160,694.228,782.874,872.169,962.182,1052.983,1144.642,1237.227,1330.808,1425.455,1521.236,1618.221,1716.478,1816.076,1917.084,2019.568,2123.598,2229.242,2336.566,2445.638,2556.524,2669.293,2784.009,2900.738,3019.547,3140.501,3263.664,3389.101,3516.876,3647.052,3779.692,3914.859,4052.615,4193.020,4336.136,4482.023,4630.739,4782.342,4936.891,5094.442,5255.050,5418.770,5585.656,5755.758,5929.128,6105.816,6285.868,6469.330,6656.247,6846.661,7040.610,7238.134,7439.267,7644.041,7852.485,8064.626,8280.488,8500.088,8723.443,8950.563,9181.455,9416.123,9654.561,9896.763,10142.712,10392.390,10645.768,10902.812,11163.482,11427.726,11695.488,11966.699,12241.285,12519.158,12800.223,13084.371,13371.484,13661.429,13954.064,14249.231,14546.759,14846.463,15148.142,15451.583,15756.554,16062.807,16370.079,16678.091,16986.545,17295.127,17603.507,17911.336,18218.249,18523.868,18827.795,19129.619,19428.917,19725.250,20018.169,20307.216,20591.924,20871.818,21146.421,21415.252,21677.830,21933.679,22182.323,22423.297,22656.144,22880.418,23095.689,23301.542,23497.579,23683.423,23858.718,24023.128,24176.342,24318.074,24448.060,24566.061,24671.863,24765.278,24846.140,24914.307,24969.663,25012.114,25041.589,25058.039,25061.438,25051.784,25029.093,24993.408,24944.791,24883.327,24809.124,24722.313,24623.046,24511.501,24387.877,24252.397,24105.305,23946.872,23777.387,23597.163,23406.532,23205.846,22995.475,22775.806,22547.240,22310.192,22065.086,21812.356,21552.442,21285.788,21012.842,20734.048,20449.853,20160.696,19867.011,19569.226,19267.758,18963.016,18655.394,18345.278,18033.038,17719.029,17403.595,17087.064,16769.748,16451.944,16133.936,15815.992,15498.365,15181.295,14865.006,14549.710,14235.606,13922.878,13611.700,13302.235,12994.631,12689.028,12385.557,12084.336,11785.475,11489.078,11195.237,10904.039,10615.564,10329.884,10047.067,9767.173,9490.260,9216.381,8945.586,8677.918,8413.424,8152.144,7894.118,7639.388,7387.993,7139.975,6895.376,6654.241,6416.617,6182.556,5952.113,5725.347,5502.324,5283.114,5067.792,4856.442,4649.148,4446.003,4247.103,4052.546,3862.432,3676.858,3495.920,3319.706,3148.294,2981.751,2820.128,2663.454,2511.740,2364.968,2223.097,2086.059,1953.760,1826.077,1702.865,1583.956,1469.161,1358.276,1251.079,1147.339,1046.815,949.260,854.423,762.050,671.886,583.677,497.171,412.116,328.265,245.371,163.190,81.480,0.000
0.000,86.767,173.623,260.640,347.887,435.436,523.359,611.724,700.605,790.072,880.194,971.044,1062.692,1155.208,1248.663,1343.127,1438.671,1535.365,1633.278,1732.482,1833.045,1935.038,2038.529,2143.589,2250.287,2358.691,2468.870,2580.893,2694.828,2810.743,2928.706,3048.783,3171.044,3295.554,3422.379,3551.586,3683.241,3817.409,3954.154,4093.541,4235.633,4380.495,4528.187,4678.773,4832.313,4988.868,5148.497,5311.259,5477.212,5646.411,5818.913,5994.772,6174.039,6356.767,6543.004,6732.799,6926.197,7123.242,7323.976,7528.438,7736.664,7948.687,8164.539,8384.246,8607.833,8835.318,9066.719,9302.045,9541.304,9784.496,10031.619,10282.662,10537.610,10796.438,11059.117,11325.612,11595.874,11869.851,12147.479,12428.686,12713.389,13001.494,13292.896,13587.478,13885.110,14185.649,14488.940,14794.810,15103.073,15413.529,15725.959,16040.128,16355.784,16672.659,16990.464,17308.895,17627.628,17946.319,18264.608,18582.116,18898.447,19213.186,19525.903,19836.153,20143.474,20447.395,20747.429,21043.082,21333.854,21619.236,21898.718,22171.790,22437.943,22696.674,22947.485,23189.891,23423.417,23647.608,23862.021,24066.235,24259.851,24442.492,24613.805,24773.463,24921.164,25056.634,25179.623,25289.909,25387.295,25471.611,25542.713,25600.479,25644.814,25675.646,25692.926,25696.627,25686.748,25663.308,25626.350,25575.939,25512.165,25435.139,25344.997,25241.899,25126.029,24997.596,24856.834,24704.000,24539.376,24363.271,24176.012,23977.953,23769.466,23550.945,23322.800,23085.458,22839.360,22584.957,22322.713,22053.094,21776.572,21493.623,21204.721,20910.335,20610.932,20306.971,19998.902,19687.163,19372.185,19054.380,18734.150,18411.881,18087.943,17762.692,17436.465,17109.585,16782.356,16455.069,16127.996,15801.394,15475.507,15150.561,14826.768,14504.325,14183.419,13864.220,13546.888,13231.569,12918.402,12607.509,12299.008,11993.004,11689.594,11388.866,11090.903,10795.777,10503.556,10214.302,9928.070,9644.913,9364.877,9088.007,8814.342,8543.922,8276.784,8012.964,7752.498,7495.423,7241.778,6991.602,6744.938,6501.834,6262.339,6026.511,5794.412,5566.110,5341.681,5121.207,4904.778,4692.491,4484.452,4280.769,4081.556,3886.933,3697.015,3511.919,3331.755,3156.621,2986.605,2821.774,2662.177,2507.833,2358.738,2214.852,2076.108,1942.407,1813.619,1689.587,1570.126,1455.031,1344.077,1237.024,1133.619,1033.600,936.701,842.650,751.177,662.009,574.878,489.516,405.661,323.052,241.433,160.552,80.157,0.000
0.000,87.520,175.130,262.902,350.908,439.219,527.907,617.044,706.703,796.954,887.870,979.521,1071.981,1165.319,1259.609,1354.921,1451.327,1548.899,1647.706,1747.821,1849.315,1952.258,2056.722,2162.778,2270.495,2379.944,2491.196,2604.320,2719.388,2836.468,2955.629,3076.942,3200.476,3326.299,3454.479,3585.086,3718.186,3853.848,3992.139,4133.124,4276.871,4423.446,4572.914,4725.338,4880.784,5039.315,5200.993,5365.880,5534.037,5705.523,5880.398,6058.719,6240.542,6425.922,6614.912,6807.564,7003.928,7204.052,7407.981,7615.759,7827.426,8043.021,8262.577,8486.129,8713.702,8945.323,9181.011,9420.784,9664.652,9912.621,10164.692,10420.861,10681.117,10945.441,11213.809,11486.187,11762.536,12042.804,12326.935,12614.858,12906.495,13201.756,13500.539,13802.728,14108.198,14416.807,14728.400,15042.805,15359.837,15679.292,16000.950,16324.574,16649.907,16976.675,17304.583,17633.317,17962.543,18291.908,18621.037,18949.537,19276.994,19602.975,19927.031,20248.691,20567.473,20882.876,21194.389,21501.488,21803.641,22100.309,22390.950,22675.020,22951.978,23221.287,23482.417,23734.851,23978.085,24211.631,24435.020,24647.807,24849.567,25039.903,25218.442,25384.840,25538.783,25679.981,25808.176,25923.137,26024.662,26112.575,26186.728,26246.997,26293.285,26325.520,26343.652,26347.655,26337.529,26313.294,26274.995,26222.700,26156.501,26076.515,25982.881,25875.765,25755.360,25621.884,25475.579,25316.718,25145.597,24962.539,24767.892,24562.030,24345.347,24118.263,23881.213,23634.651,23379.048,23114.885,22842.654,22562.854,22275.987,21982.558,21683.071,21378.023,21067.910,20753.216,20434.416,20111.972,19786.334,19457.937,19127.199,18794.522,18460.290,18124.872,17788.616,17451.853,17114.897,16778.043,16441.570,16105.738,15770.792,15436.959,15104.452,14773.470,14444.194,14116.795,13791.429,13468.239,13147.359,12828.909,12512.999,12199.730,11889.194,11581.474,11276.645,10974.776,10675.926,10380.152,10087.504,9798.026,9511.761,9228.745,8949.014,8672.601,8399.538,8129.856,7863.586,7600.762,7341.416,7085.587,6833.316,6584.646,6339.629,6098.321,5860.786,5627.096,5397.330,5171.579,4949.942,4732.525,4519.446,4310.831,4106.813,3907.529,3713.120,3523.725,3339.477,3160.503,2986.914,2818.799,2656.226,2499.231,2347.819,2201.958,2061.580,1926.580,1796.819,1672.123,1552.291,1437.096,1326.290,1219.609,1116.776,1017.507,921.512,828.498,738.175,650.251,564.443,480.468,398.050,316.919,236.809,157.457,78.606,0.000
0.000,88.237,176.565,265.057,353.785,442.822,532.240,622.113,712.513,803.513,895.186,987.603,1080.839,1174.965,1270.053,1366.177,1463.409,1561.821,1661.487,1762.477,1864.866,1968.723,2074.124,2181.138,2289.838,2400.297,2512.586,2626.776,2742.940,2861.149,2981.474,3103.986,3228.757,3355.856,3485.356,3617.326,3751.837,3888.957,4028.758,4171.307,4316.674,4464.928,4616.136,4770.365,4927.683,5088.156,5251.850,5418.830,5589.159,5762.901,5940.119,6120.873,6305.223,6493.228,6684.945,6880.430,7079.737,7282.918,7490.023,7701.098,7916.191,8135.344,8358.596,8585.983,8817.540,9053.296,9293.276,9537.502,9785.990,10038.752,10295.794,10557.117,10822.715,11092.575,11366.677,11644.995,11927.492,12214.125,12504.838,12799.568,13098.240,13400.769,13707.056,14016.990,14330.448,14647.289,14967.362,15290.495,15616.503,15945.183,16276.313,16609.652,16944.940,17281.897,17620.224,17959.596,18299.672,18640.085,18980.449,19320.353,19659.368,19997.042,20332.901,20666.456,20997.194,21324.590,21648.102,21967.175,22281.245,22589.738,22892.077,23187.683,23475.978,23756.389,24028.351,24291.313,24544.736,24788.101,25020.910,25242.688,25452.986,25651.383,25837.488,26010.938,26171.404,26318.585,26452.213,26572.049,26677.884,26769.539,26846.862,26909.729,26958.040,26991.723,27010.730,27015.035,27004.638,26979.561,26939.851,26885.578,26816.837,26733.747,26636.453,26525.128,26399.969,26261.203,26109.085,25943.899,25765.955,25575.596,25373.187,25159.124,24933.828,24697.741,24451.330,24195.078,23929.486,23655.069,23372.351,23081.864,22784.143,22479.728,22169.152,21852.945,21531.632,21205.725,20875.726,20542.121,20205.383,19865.966,19524.309,19180.830,18835.929,18489.984,18143.357,17796.387,17449.396,17102.685,16756.537,16411.215,16066.966,15724.018,15382.584,15042.860,14705.028,14369.254,14035.690,13704.477,13375.743,13049.602,12726.160,12405.512,12087.744,11772.932,11461.145,11152.444,10846.883,10544.513,10245.374,9949.507,9656.945,9367.720,9081.860,8799.393,8520.343,8244.735,7972.598,7703.956,7438.842,7177.287,6919.329,6665.010,6414.379,6167.493,5924.417,5685.225,5450.000,5218.839,4991.850,4769.151,4550.873,4337.161,4128.165,3924.048,3724.974,3531.111,3342.624,3159.667,2982.381,2810.885,2645.268,2485.589,2331.863,2184.066,2042.131,1905.945,1775.356,1650.173,1530.172,1415.100,1304.682,1198.627,1096.629,998.377,903.555,811.848,722.942,636.528,552.303,469.971,389.242,309.835,231.475,153.891,76.820,0.000
0.000,88.918,177.927,267.102,356.516,446.242,536.354,626.925,718.030,809.742,902.135,995.281,1089.255,1184.131,1279.981,1376.880,1474.900,1574.117,1674.603,1776.431,1879.676,1984.412,2090.711,2198.646,2308.292,2419.723,2533.011,2648.229,2765.451,2884.751,3006.201,3129.874,3255.844,3384.183,3514.964,3648.260,3784.142,3922.683,4063.956,4208.031,4354.980,4504.875,4657.786,4813.783,4972.936,5135.315,5300.989,5470.025,5642.491,5818.455,5997.981,6181.134,6367.980,6558.578,6752.992,6951.281,7153.503,7359.715,7569.970,7784.322,8002.821,8225.513,8452.444,8683.656,8919.186,9159.071,9403.340,9652.021,9905.136,10162.702,10424.732,10691.230,10962.198,11237.629,11517.508,11801.814,12090.517,12383.579,12680.950,12982.573,13288.377,13598.281,13912.193,14230.005,14551.596,14876.831,15205.559,15537.613,15872.806,16210.937,16551.782,16895.099,17240.626,17588.077,17937.145,18287.501,18638.792,18990.641,19342.647,19694.386,20045.410,20395.246,20743.400,21089.355,21432.574,21772.501,22108.563,22440.171,22766.725,23087.616,23402.229,23709.943,24010.143,24302.216,24585.559,24859.580,25123.707,25377.384,25620.081,25851.294,26070.545,26277.391,26471.417,26652.246,26819.530,26972.959,27112.254,27237.169,27347.490,27443.035,27523.649,27589.208,27639.613,27674.791,27694.694,27699.299,27688.606,27662.639,27621.446,27565.099,27493.695,27407.355,27306.229,27190.494,27060.353,26916.043,26757.828,26586.004,26400.898,26202.867,25992.302,25769.618,25535.264,25289.710,25033.452,24767.008,24490.912,24205.714,23911.975,23610.263,23301.150,22985.209,22663.011,22335.119,22002.089,21664.463,21322.772,20977.528,20629.228,20278.349,19925.348,19570.659,19214.699,18857.858,18500.510,18143.002,17785.663,17428.800,17072.699,16717.627,16363.832,16011.542,15660.968,15312.306,14965.733,14621.412,14279.493,13940.109,13603.383,13269.425,12938.334,12610.199,12285.098,11963.101,11644.269,11328.657,11016.312,10707.274,10401.580,10099.261,9800.342,9504.850,9212.805,8924.226,8639.132,8357.543,8079.478,7804.958,7534.009,7266.657,7002.937,6742.886,6486.552,6233.990,5985.264,5740.450,5499.636,5262.923,5030.428,4802.281,4578.628,4359.630,4145.462,3936.310,3732.371,3533.844,3340.928,3153.816,2972.684,2797.685,2628.938,2466.525,2310.481,2160.789,2017.380,1880.135,1748.883,1623.412,1503.468,1388.770,1279.009,1173.860,1072.986,976.046,882.692,792.585,705.385,620.763,538.397,457.976,379.198,301.771,225.411,149.842,74.794,0.000
0.000,89.561,179.214,269.035,359.096,449.474,540.242,631.474,723.246,815.632,908.707,1002.544,1097.219,1192.806,1289.380,1387.015,1485.786,1585.768,1687.036,1789.664,1893.728,1999.301,2106.459,2215.277,2325.830,2438.193,2552.440,2668.647,2786.888,2907.239,3029.774,3154.569,3281.697,3411.235,3543.257,3677.837,3815.051,3954.973,4097.677,4243.237,4391.728,4543.224,4697.797,4855.521,5016.469,5180.714,5348.327,5519.381,5693.945,5872.091,6053.888,6239.404,6428.707,6621.864,6818.939,7019.999,7225.103,7434.315,7647.692,7865.292,8087.171,8313.380,8543.970,8778.987,9018.477,9262.478,9511.029,9764.161,10021.903,10284.278,10551.304,10822.994,11099.354,11380.383,11666.075,11956.412,12251.373,12550.924,12855.024,13163.618,13476.645,13794.028,14115.680,14441.497,14771.365,15105.152,15442.709,15783.873,16128.460,16476.268,16827.075,17180.637,17536.688,17894.940,18255.081,18616.774,18979.657,19343.342,19707.415,20071.436,20434.938,20797.428,21158.390,21517.280,21873.532,22226.560,22575.755,22920.494,23260.138,23594.038,23921.535,24241.970,24554.681,24859.014,25154.322,25439.972,25715.351,25979.865,26232.950,26474.066,26702.711,26918.412,27120.735,27309.283,27483.693,27643.643,27788.846,27919.049,28034.035,28133.619,28217.647,28285.993,28338.561,28375.278,28396.099,28401.001,28389.987,28363.081,28320.331,28261.812,28187.621,28097.882,27992.746,27872.395,27737.039,27586.919,27422.311,27243.522,27050.895,26844.806,26625.665,26393.916,26150.031,25894.513,25627.892,25350.721,25063.571,24767.032,24461.702,24148.192,23827.112,23499.075,23164.688,22824.553,22479.259,22129.382,21775.481,21418.098,21057.755,20694.950,20330.161,19963.842,19596.421,19228.306,18859.877,18491.493,18123.488,17756.175,17389.843,17024.761,16661.177,16299.319,15939.396,15581.600,15226.106,14873.073,14522.643,14174.947,13830.100,13488.205,13149.356,12813.632,12481.105,12151.837,11825.883,11503.287,11184.089,10868.323,10556.014,10247.187,9941.861,9640.050,9341.770,9047.031,8755.844,8468.222,8184.176,7903.721,7626.876,7353.662,7084.106,6818.243,6556.117,6297.779,6043.292,5792.734,5546.194,5303.779,5065.612,4831.836,4602.612,4378.119,4158.557,3944.141,3735.102,3531.677,3334.109,3142.633,2957.469,2778.814,2606.826,2441.616,2283.240,2131.692,1986.903,1848.741,1717.014,1591.481,1471.854,1357.813,1249.011,1145.083,1045.655,950.348,858.785,770.593,685.410,602.881,522.668,444.441,367.888,292.705,218.602,145.299,72.521,0.000
0.000,90.165,180.424,270.852,361.523,452.514,543.899,635.753,728.154,821.175,914.893,1009.382,1104.719,1200.978,1298.236,1396.568,1496.050,1596.759,1698.768,1802.156,1906.997,2013.369,2121.346,2231.006,2342.425,2455.678,2570.844,2687.997,2807.216,2928.576,3052.155,3178.028,3306.274,3436.968,3570.188,3706.010,3844.513,3985.772,4129.864,4276.866,4426.855,4579.907,4736.099,4895.507,5058.206,5224.274,5393.784,5566.812,5743.432,5923.718,6107.743,6295.579,6487.300,6682.974,6882.673,7086.463,7294.413,7506.589,7723.053,7943.869,8169.097,8398.794,8633.016,8871.816,9115.243,9363.344,9616.161,9873.734,10136.097,10403.279,10675.306,10952.196,11233.962,11520.612,11812.144,12108.550,12409.813,12715.907,13026.798,13342.439,13662.773,13987.732,14317.233,14651.180,14989.462,15331.954,15678.511,16028.973,16383.160,16740.871,17101.886,17465.959,17832.826,18202.193,18573.744,18947.136,19321.998,19697.932,20074.510,20451.276,20827.747,21203.407,21577.715,21950.101,22319.970,22686.700,23049.648,23408.151,23761.530,24109.089,24450.127,24783.937,25109.810,25427.042,25734.940,26032.827,26320.043,26595.955,26859.957,27111.478,27349.980,27574.966,27785.978,27982.599,28164.454,28331.208,28482.565,28618.270,28738.102,28841.875,28929.438,29000.666,29055.464,29093.765,29115.523,29120.719,29109.356,29081.459,29037.079,28976.289,28899.186,28805.895,28696.570,28571.393,28430.578,28274.375,28103.065,27916.970,27716.447,27501.891,27273.733,27032.445,26778.527,26512.518,26234.982,25946.512,25647.721,25339.239,25021.712,24695.790,24362.131,24021.389,23674.212,23321.243,22963.107,22600.415,22233.761,21863.714,21490.822,21115.610,20738.574,20360.188,19980.895,19601.115,19221.239,18841.635,18462.643,18084.579,17707.736,17332.383,16958.769,16587.119,16217.640,15850.521,15485.931,15124.024,14764.937,14408.794,14055.702,13705.758,13359.047,13015.642,12675.604,12338.989,12005.841,11676.197,11350.089,11027.538,10708.566,10393.185,10081.405,9773.235,9468.677,9167.736,8870.414,8576.715,8286.642,8000.202,7717.405,7438.267,7162.809,6891.058,6623.052,6358.840,6098.482,5842.053,5589.646,5341.369,5097.353,4857.752,4622.740,4392.517,4167.311,3947.367,3732.955,3524.357,3321.866,3125.771,2936.349,2753.848,2578.477,2410.384,2249.652,2096.290,1950.225,1811.310,1679.325,1553.991,1434.978,1321.919,1214.417,1112.063,1014.438,921.122,831.700,745.768,662.934,582.821,505.068,429.332,355.286,282.621,211.039,140.258,70.000,0.000
0.000,90.731,181.556,272.551,363.792,455.356,547.319,639.757,732.746,826.362,920.684,1015.785,1111.743,1208.634,1306.536,1405.525,1505.677,1607.070,1709.781,1813.887,1919.465,2026.592,2135.347,2245.807,2358.048,2472.151,2588.191,2706.249,2826.401,2948.727,3073.305,3200.213,3329.531,3461.337,3595.710,3732.729,3872.475,4015.025,4160.459,4308.857,4460.297,4614.860,4772.624,4933.669,5098.073,5265.915,5437.275,5612.231,5790.859,5973.239,6159.446,6349.558,6543.650,6741.798,6944.074,7150.553,7361.307,7576.405,7795.917,8019.911,8248.451,8481.601,8719.423,8961.975,9209.313,9461.488,9718.552,9980.548,10247.518,10519.499,10796.523,11078.615,11365.796,11658.081,11955.474,12257.977,12565.579,12878.263,13196.001,13518.755,13846.475,14179.100,14516.553,14858.747,15205.577,15556.922,15912.646,16272.590,16636.581,17004.420,17375.887,17750.742,18128.716,18509.515,18892.820,19278.281,19665.519,20054.126,20443.663,20833.657,21223.606,21612.974,22001.194,22387.668,22771.769,23152.839,23530.198,23903.139,24270.938,24632.854,24988.135,25336.020,25675.749,26006.568,26327.729,26638.504,26938.185,27226.091,27501.577,27764.031,28012.882,28247.605,28467.717,28672.782,28862.410,29036.256,29194.020,29335.441,29460.300,29568.413,29659.629,29733.831,29790.926,29830.850,29853.564,29859.048,29847.309,29818.372,29772.287,29709.126,29628.987,29531.992,29418.294,29288.076,29141.556,28978.986,28800.657,28606.900,28398.087,28174.632,27936.991,27685.660,27421.176,27144.112,26855.071,26554.690,26243.628,25922.561,25592.185,25253.197,24906.304,24552.207,24191.601,23825.168,23453.578,23077.479,22697.497,22314.235,21928.269,21540.147,21150.389,20759.484,20367.894,19976.050,19584.354,19193.180,18802.874,18413.757,18026.122,17640.240,17256.356,16874.694,16495.458,16118.830,15744.975,15374.040,15006.156,14641.438,14279.986,13921.889,13567.223,13216.050,12868.427,12524.395,12183.992,11847.246,11514.176,11184.798,10859.120,10537.147,10218.880,9904.315,9593.447,9286.272,8982.781,8682.968,8386.829,8094.361,7805.566,7520.450,7239.026,6961.314,6687.346,6417.164,6150.824,5888.398,5629.977,5375.673,5125.620,4879.980,4638.944,4402.733,4171.598,3945.822,3725.718,3511.621,3303.883,3102.860,2908.897,2722.313,2543.376,2372.287,2209.164,2054.030,1906.810,1767.334,1635.346,1510.517,1392.462,1280.755,1174.943,1074.561,979.137,888.206,801.311,718.012,637.886,560.530,485.563,412.626,341.382,271.513,202.719,134.716,67.232,0.000
0.000,91.256,182.606,274.129,365.900,457.997,550.497,643.477,737.014,831.186,926.069,1021.742,1118.280,1215.762,1314.266,1413.870,1514.650,1616.686,1720.056,1824.837,1931.109,2038.949,2148.438,2259.653,2372.674,2487.581,2604.452,2723.369,2844.410,2967.656,3093.187,3221.084,3351.427,3484.297,3619.776,3757.945,3898.885,4042.678,4189.405,4339.150,4491.992,4648.016,4807.302,4969.933,5135.992,5305.559,5478.718,5655.550,5836.137,6020.559,6208.898,6401.235,6597.649,6798.220,7003.027,7212.146,7425.655,7643.630,7866.145,8093.272,8325.082,8561.645,8803.028,9049.296,9300.510,9556.730,9818.011,10084.407,10355.964,10632.728,10914.737,11202.026,11494.621,11792.546,12095.815,12404.435,12718.406,13037.718,13362.352,13692.277,14027.453,14367.825,14713.328,15063.880,15419.383,15779.725,16144.775,16514.382,16888.375,17266.563,17648.729,18034.633,18424.008,18816.560,19211.966,19609.872,20009.893,20411.612,20814.575,21218.297,21622.256,22025.894,22428.620,22829.804,23228.786,23624.873,24017.340,24405.438,24788.393,25165.411,25535.684,25898.398,26252.734,26597.876,26933.021,27257.384,27570.202,27870.744,28158.316,28432.266,28691.987,28936.922,29166.563,29380.455,29578.195,29759.430,29923.854,30071.207,30201.272,30313.870,30408.856,30486.118,30545.572,30587.158,30610.841,30616.608,30604.464,30574.436,30526.573,30460.944,30377.645,30276.794,30158.540,30023.067,29870.590,29701.363,29515.686,29313.896,29096.381,28863.574,28615.955,28354.050,28078.430,27789.706,27488.529,27175.581,26851.571,26517.230,26173.304,25820.549,25459.722,25091.576,24716.857,24336.294,23950.601,23560.466,23166.553,22769.499,22369.907,21968.353,21565.378,21161.491,20757.167,20352.850,19948.952,19545.854,19143.907,18743.433,18344.727,17948.058,17553.668,17161.779,16772.588,16386.272,16002.991,15622.881,15246.067,14872.655,14502.737,14136.392,13773.685,13414.671,13059.394,12707.889,12360.180,12016.285,11676.215,11339.973,11007.559,10678.966,10354.184,10033.201,9716.001,9402.567,9092.882,8786.930,8484.695,8186.166,7891.332,7600.191,7312.746,7029.009,6749.001,6472.758,6200.328,5931.779,5667.196,5406.692,5150.403,4898.499,4651.183,4408.693,4171.310,3939.355,3713.188,3493.204,3279.828,3073.498,2874.645,2683.675,2500.939,2326.706,2161.138,2004.280,1856.049,1716.242,1584.554,1460.591,1343.897,1233.973,1130.297,1032.335,939.559,851.450,767.504,687.243,610.210,535.975,464.135,394.318,326.175,259.385,193.648,128.681,64.218,0.000
0.000,91.740,183.575,275.584,367.844,460.433,553.428,646.909,740.953,835.638,931.041,1027.242,1124.319,1222.350,1321.413,1421.588,1522.954,1625.589,1729.574,1834.987,1941.908,2050.417,2160.594,2272.520,2386.275,2501.940,2619.596,2739.324,2861.207,2985.325,3111.761,3240.598,3371.918,3505.804,3642.338,3781.606,3923.690,4068.675,4216.645,4367.683,4521.876,4679.308,4840.063,5004.227,5171.886,5343.125,5518.028,5696.682,5879.172,6065.582,6255.999,6450.506,6649.187,6852.128,7059.410,7271.116,7487.329,7708.128,7933.594,8163.805,8398.837,8638.766,8883.665,9133.605,9388.655,9648.881,9914.346,10185.108,10461.225,10742.748,11029.724,11322.194,11620.196,11923.759,12232.908,12547.658,12868.018,13193.987,13525.555,13862.702,14205.395,14553.589,14907.229,15266.240,15630.536,16000.010,16374.540,16753.983,17138.175,17526.929,17920.035,18317.255,18718.325,19122.952,19530.811,19941.546,20354.765,20770.044,21186.916,21604.883,22023.405,22441.901,22859.753,23276.302,23690.853,24102.672,24510.992,24915.013,25313.908,25706.827,26092.902,26471.255,26841.002,27201.264,27551.172,27889.875,28216.552,28530.416,28830.720,29116.765,29387.906,29643.552,29883.170,30106.286,30312.486,30501.408,30672.747,30826.245,30961.690,31078.913,31177.777,31258.181,31320.049,31363.330,31387.995,31394.035,31381.458,31350.290,31300.579,31232.389,31145.809,31040.953,30917.964,30777.019,30618.332,30442.155,30248.790,30038.585,29811.938,29569.302,29311.181,29038.135,28750.770,28449.741,28135.749,27809.527,27471.842,27123.483,26765.258,26397.980,26022.466,25639.529,25249.968,24854.564,24454.079,24049.246,23640.766,23229.313,22815.521,22399.990,21983.286,21565.936,21148.430,20731.224,20314.737,19899.358,19485.439,19073.305,18663.250,18255.540,17850.414,17448.087,17048.752,16652.577,16259.714,15870.292,15484.425,15102.209,14723.728,14349.049,13978.228,13611.308,13248.322,12889.294,12534.238,12183.160,11836.060,11492.931,11153.759,10818.529,10487.218,10159.803,9836.257,9516.552,9200.659,8888.551,8580.201,8275.585,7974.683,7677.480,7383.968,7094.149,6808.032,6525.642,6247.020,5972.223,5701.332,5434.453,5171.724,4913.316,4659.441,4410.356,4166.368,3927.836,3695.174,3468.845,3249.359,3037.252,2833.070,2637.332,2450.498,2272.926,2104.841,1946.313,1797.244,1657.389,1526.368,1403.704,1288.848,1181.209,1080.178,985.148,895.519,810.715,730.182,653.398,579.870,509.140,440.786,374.420,309.685,246.259,183.844,122.166,60.966,0.000
0.000,92.182,184.460,276.913,369.619,462.658,556.107,650.046,744.554,839.709,935.590,1032.276,1129.848,1228.384,1327.963,1428.666,1530.572,1633.762,1738.317,1844.316,1951.841,2060.972,2171.792,2284.382,2398.823,2515.199,2633.591,2754.083,2876.758,3001.699,3128.991,3258.717,3390.962,3525.811,3663.350,3803.664,3946.839,4092.962,4242.119,4394.397,4549.884,4708.668,4870.836,5036.476,5205.678,5378.530,5555.120,5735.537,5919.871,6108.211,6300.646,6497.264,6698.154,6903.404,7113.104,7327.338,7546.196,7769.762,7998.123,8231.361,8469.560,8712.802,8961.165,9214.728,9473.566,9737.752,10007.357,10282.448,10563.087,10849.337,11141.251,11438.880,11742.271,12051.461,12366.485,12687.368,13014.127,13346.773,13685.305,14029.713,14379.975,14736.057,15097.911,15465.476,15838.672,16217.406,16601.562,16991.008,17385.587,17785.120,18189.402,18598.202,19011.260,19428.285,19848.952,20272.903,20699.744,21129.040,21560.319,21993.066,22426.724,22860.690,23294.320,23726.924,24157.770,24586.082,25011.045,25431.807,25847.484,26257.163,26659.910,27054.776,27440.806,27817.047,28182.557,28536.415,28877.730,29205.652,29519.377,29818.156,30101.298,30368.180,30618.242,30850.992,31066.004,31262.914,31441.419,31601.268,31742.260,31864.237,31967.079,32050.696,32115.025,32160.028,32185.683,32191.986,32178.948,32146.594,32094.968,32024.128,31934.154,31825.152,31697.253,31550.625,31385.475,31202.051,31000.654,30781.637,30545.410,30292.443,30023.268,29738.475,29438.714,29124.688,28797.149,28456.892,28104.746,27741.568,27368.231,26985.617,26594.610,26196.085,25790.902,25379.900,24963.892,24543.657,24119.941,23693.452,23264.858,22834.787,22403.825,21972.518,21541.371,21110.850,20681.383,20253.362,19827.142,19403.046,18981.368,18562.367,18146.279,17733.312,17323.650,16917.454,16514.863,16116.001,15720.967,15329.850,14942.720,14559.633,14180.634,13805.754,13435.015,13068.427,12705.995,12347.711,11993.563,11643.533,11297.595,10955.721,10617.878,10284.028,9954.134,9628.157,9306.053,8987.784,8673.310,8362.595,8055.606,7752.316,7452.702,7156.753,6864.467,6575.856,6290.946,6009.784,5732.440,5459.013,5189.634,4924.472,4663.744,4407.721,4156.731,3911.172,3671.512,3438.293,3212.122,2993.661,2783.596,2582.597,2391.274,2210.108,2039.409,1879.276,1729.591,1590.040,1460.142,1339.302,1226.851,1122.085,1024.291,932.770,846.848,765.884,689.270,616.437,546.857,480.041,415.546,352.970,291.952,232.172,173.340,115.193,57.489,0.000
0.000,92.581,185.258,278.112,371.223,464.668,558.528,652.882,747.809,843.391,939.706,1036.834,1134.856,1233.852,1333.902,1435.087,1537.489,1641.188,1746.267,1852.805,1960.887,2070.593,2182.008,2295.213,2410.292,2527.329,2646.407,2767.613,2891.029,3016.741,3144.836,3275.399,3408.516,3544.275,3682.763,3824.068,3968.278,4115.483,4265.770,4419.230,4575.953,4736.030,4899.551,5066.607,5237.291,5411.694,5589.909,5772.027,5958.143,6148.349,6342.738,6541.403,6744.437,6951.934,7163.985,7380.685,7602.123,7828.393,8059.585,8295.789,8537.094,8783.588,9035.357,9292.485,9555.055,9823.148,10096.843,10376.213,10661.332,10952.267,11249.082,11551.839,11860.591,12175.387,12496.271,12823.279,13156.438,13495.770,13841.285,14192.984,14550.856,14914.878,15285.015,15661.215,16043.412,16431.523,16825.442,17225.048,17630.194,18040.710,18456.401,18877.040,19302.375,19732.119,20165.949,20603.509,21044.399,21488.183,21934.378,22382.457,22831.845,23281.920,23732.010,24181.394,24629.301,25074.912,25517.361,25955.741,26389.103,26816.467,27236.824,27649.149,28052.405,28445.556,28827.579,29197.472,29554.267,29897.042,30224.929,30537.120,30832.882,31111.550,31372.540,31615.342,31839.523,32044.718,32230.633,32397.028,32543.720,32670.568,32777.472,32864.361,32931.189,32977.932,33004.578,33011.132,32997.606,32964.025,32910.424,32836.854,32743.384,32630.103,32497.129,32344.615,32172.755,31981.787,31772.008,31543.773,31297.500,31033.677,30752.861,30455.678,30142.823,29815.051,29473.176,29118.060,28750.604,28371.737,27982.411,27583.584,27176.213,26761.244,26339.604,25912.196,25479.886,25043.507,24603.848,24161.657,23717.634,23272.435,22826.668,22380.898,21935.641,21491.375,21048.532,20607.507,20168.656,19732.301,19298.728,18868.195,18440.927,18017.125,17596.963,17180.592,16768.141,16359.720,15955.419,15555.313,15159.460,14767.903,14380.675,13997.794,13619.269,13245.098,12875.271,12509.770,12148.570,11791.637,11438.936,11090.425,10746.057,10405.784,10069.553,9737.312,9409.008,9084.585,8763.992,8447.178,8134.096,7824.704,7518.966,7216.855,6918.352,6623.455,6332.174,6044.540,5760.609,5480.465,5204.226,4932.056,4664.168,4400.837,4142.409,3889.317,3642.081,3401.326,3167.775,2942.237,2725.580,2518.681,2322.352,2137.252,1963.810,1802.162,1652.152,1513.357,1385.155,1266.786,1157.425,1056.223,962.345,874.990,793.400,716.866,644.724,576.357,511.197,448.725,388.476,330.035,273.044,217.185,162.184,107.797,53.803,0.000
0.000,92.936,185.970,279.181,372.651,466.458,560.684,655.409,750.713,846.676,943.379,1040.904,1139.331,1238.741,1339.217,1440.838,1543.688,1647.850,1753.404,1860.435,1969.024,2079.257,2191.217,2304.987,2420.653,2538.301,2658.014,2779.880,2903.985,3030.416,3159.259,3290.604,3424.538,3561.151,3700.531,3842.769,3987.956,4136.182,4287.540,4442.122,4600.019,4761.326,4926.137,5094.546,5266.647,5442.537,5622.310,5806.063,5993.894,6185.898,6382.173,6582.816,6787.926,6997.599,7211.934,7431.027,7654.978,7883.882,8117.836,8356.937,8601.280,8850.958,9106.066,9366.695,9632.934,9904.873,10182.598,10466.192,10755.735,11051.305,11352.977,11660.818,11974.894,12295.265,12621.984,12955.098,13294.646,13640.662,13993.167,14352.174,14717.685,15089.689,15468.164,15853.071,16244.357,16641.949,17045.757,17455.670,17871.554,18293.250,18720.571,19153.303,19591.200,20033.981,20481.329,20932.890,21388.264,21847.012,22308.643,22772.621,23238.355,23705.203,24172.466,24639.392,25105.170,25568.936,26029.771,26486.705,26938.722,27384.768,27823.752,28254.560,28676.067,29087.142,29486.669,29873.554,30246.742,30605.229,30948.072,31274.404,31583.436,31874.468,32146.886,32400.167,32633.872,32847.643,33041.198,33214.319,33366.844,33498.660,33609.692,33699.895,33769.244,33817.734,33845.368,33852.157,33838.118,33803.272,33747.648,33671.282,33574.225,33456.550,33318.351,33159.761,32980.953,32782.151,32563.641,32325.773,32068.972,31793.740,31500.662,31190.402,30863.703,30521.379,30164.314,29793.443,29409.752,29014.254,28607.987,28191.995,27767.318,27334.984,26895.992,26451.312,26001.874,25548.563,25092.218,24633.626,24173.520,23712.585,23251.451,22790.697,22330.854,21872.406,21415.789,20961.400,20509.593,20060.684,19614.955,19172.653,18733.997,18299.175,17868.352,17441.665,17019.231,16601.147,16187.490,15778.321,15373.683,14973.608,14578.113,14187.203,13800.873,13419.107,13041.882,12669.166,12300.920,11937.098,11577.650,11222.520,10871.649,10524.974,10182.431,9843.951,9509.468,9178.912,8852.218,8529.319,8210.152,7894.661,7582.791,7274.498,6969.748,6668.517,6370.796,6076.598,5785.957,5498.937,5215.639,4936.208,4660.845,4389.820,4123.486,3862.297,3606.824,3357.773,3115.993,2882.472,2658.313,2444.668,2242.640,2053.149,1876.794,1713.762,1563.822,1426.384,1300.610,1185.519,1080.076,983.254,894.076,811.627,735.064,663.608,596.540,533.194,472.959,415.282,359.677,305.722,253.058,201.384,150.445,100.025,49.934,0.000
0.000,93.246,186.592,280.116,373.900,468.025,562.572,657.622,753.256,849.555,946.602,1044.477,1143.262,1243.040,1343.893,1445.904,1549.155,1653.730,1759.711,1867.184,1976.233,2086.941,2199.395,2313.680,2429.882,2548.086,2668.381,2790.854,2915.593,3042.686,3172.223,3304.292,3438.985,3576.393,3716.606,3859.718,4005.820,4155.007,4307.372,4463.011,4622.018,4784.491,4950.525,5120.218,5293.669,5470.976,5652.239,5837.556,6027.030,6220.760,6418.848,6621.396,6828.506,7040.282,7256.825,7478.238,7704.624,7936.087,8172.728,8414.650,8661.955,8914.744,9173.118,9437.174,9707.012,9982.727,10264.414,10552.165,10846.070,11146.216,11452.686,11765.560,12084.913,12410.815,12743.332,13082.522,13428.437,13781.121,14140.611,14506.930,14880.096,15260.111,15646.967,16040.638,16441.086,16848.253,17262.063,17682.419,18109.199,18542.259,18981.424,19426.493,19877.228,20333.360,20794.578,21260.532,21730.826,22205.020,22682.619,23163.077,23645.792,24130.102,24615.283,25100.551,25585.056,26067.884,26548.062,27024.556,27496.274,27962.079,28420.791,28871.199,29312.073,29742.178,30160.291,30565.211,30955.785,31330.913,31689.572,32030.821,32353.817,32657.815,32942.177,33206.366,33449.945,33672.568,33873.975,34053.976,34212.443,34349.297,34464.498,34558.033,34629.908,34680.139,34708.748,34715.755,34701.181,34665.042,34607.356,34528.144,34427.434,34305.269,34161.717,33996.881,33810.904,33603.989,33376.400,33128.481,32860.654,32573.437,32267.440,31943.367,31602.015,31244.266,30871.079,30483.480,30082.545,29669.387,29245.142,28810.951,28367.951,27917.255,27459.947,26997.072,26529.625,26058.551,25584.737,25109.011,24632.143,24154.842,23677.761,23201.494,22726.582,22253.512,21782.725,21314.614,20849.529,20387.780,19929.639,19475.344,19025.102,18579.089,18137.455,17700.324,17267.799,16839.961,16416.874,15998.581,15585.113,15176.485,14772.699,14373.746,13979.606,13590.249,13205.635,12825.720,12450.449,12079.763,11713.597,11351.882,10994.543,10641.504,10292.685,9948.005,9607.380,9270.727,8937.964,8609.009,8283.783,7962.209,7644.217,7329.743,7018.731,6711.136,6406.928,6106.092,5808.639,5514.604,5224.061,4937.128,4653.981,4374.869,4100.135,3830.239,3565.783,3307.547,3056.510,2813.869,2581.018,2359.488,2150.809,1956.295,1776.810,1612.599,1463.291,1328.025,1205.640,1094.841,994.322,902.842,819.260,742.546,671.773,606.101,544.759,487.031,432.261,379.856,329.305,280.181,232.135,184.888,138.216,91.941,45.913,0.000
0.000,93.512,187.122,280.913,374.967,469.364,564.185,659.514,755.432,852.021,949.364,1047.542,1146.639,1246.736,1347.919,1450.269,1553.872,1658.811,1765.170,1873.035,1982.491,2093.624,2206.520,2321.266,2437.949,2556.657,2677.479,2800.503,2925.819,3053.517,3183.688,3316.424,3451.816,3589.957,3730.942,3874.864,4021.818,4171.901,4325.208,4481.837,4641.887,4805.456,4972.644,5143.552,5318.281,5496.932,5679.610,5866.417,6057.457,6252.836,6452.660,6657.035,6866.068,7079.865,7298.535,7522.187,7750.928,7984.867,8224.113,8468.774,8718.960,8974.778,9236.335,9503.738,9777.094,10056.506,10342.079,10633.913,10932.107,11236.758,11547.959,11865.802,12190.372,12521.751,12860.017,13205.240,13557.486,13916.812,14283.266,14656.889,15037.712,15425.752,15821.015,16223.494,16633.163,17049.983,17473.893,17904.811,18342.633,18787.229,19238.440,19696.078,20159.920,20629.707,21105.139,21585.876,22071.526,22561.651,23055.756,23553.290,24053.638,24556.123,25059.998,25564.446,26068.579,26571.434,27071.979,27569.109,28061.654,28548.386,29028.024,29499.248,29960.712,30411.059,30848.943,31273.044,31682.089,32074.871,32450.273,32807.274,33144.965,33462.560,33759.392,34034.917,34288.706,34520.436,34729.876,34916.879,35081.360,35223.288,35342.667,35439.526,35513.907,35565.855,35595.415,35602.619,35587.491,35550.043,35490.277,35408.192,35303.785,35177.066,35028.064,34856.840,34663.500,34448.210,34211.208,33952.816,33673.456,33373.652,33054.038,32715.364,32358.485,31984.359,31594.035,31188.639,30769.356,30337.411,29894.054,29440.540,28978.108,28507.975,28031.316,27549.255,27062.863,26573.143,26081.036,25587.412,25093.076,24598.762,24105.141,23612.822,23122.351,22634.220,22148.867,21666.681,21188.005,20713.139,20242.343,19775.844,19313.832,18856.469,18403.890,17956.202,17513.493,17075.826,16643.248,16215.788,15793.459,15376.259,14964.174,14557.180,14155.239,13758.308,13366.331,12979.246,12596.987,12219.477,11846.638,11478.384,11114.627,10755.275,10400.233,10049.404,9702.691,9359.992,9021.210,8686.245,8355.000,8027.380,7703.295,7382.659,7065.394,6751.429,6440.708,6133.187,5828.845,5527.683,5229.737,4935.086,4643.864,4356.283,4072.648,3793.399,3519.141,3250.700,2989.172,2735.975,2492.863,2261.884,2045.203,1844.771,1661.880,1496.837,1348.995,1217.039,1099.317,994.097,899.727,814.713,737.742,667.675,603.519,544.389,489.475,438.014,389.287,342.654,297.575,253.620,210.460,167.852,125.618,83.627,41.781,0.000
0.000,93.730,187.560,281.572,375.847,470.469,565.519,661.080,757.235,854.066,951.657,1050.090,1149.449,1249.817,1351.280,1453.921,1557.825,1663.077,1769.763,1877.968,1987.779,2099.283,2212.567,2327.720,2444.829,2563.985,2685.277,2808.794,2934.629,3062.874,3193.619,3326.960,3462.988,3601.801,3743.493,3888.160,4035.899,4186.810,4340.991,4498.542,4659.563,4824.157,4992.426,5164.474,5340.404,5520.324,5704.339,5892.556,6085.084,6282.031,6483.508,6689.626,6900.496,7116.231,7336.942,7562.745,7793.752,8030.080,8271.842,8519.153,8772.130,9030.886,9295.538,9566.200,9842.985,10126.008,10415.379,10711.210,11013.610,11322.685,11638.540,11961.277,12290.993,12627.782,12971.735,13322.935,13681.462,14047.386,14420.772,14801.674,15190.140,15586.203,15989.886,16401.198,16820.132,17246.666,17680.757,18122.342,18571.334,19027.621,19491.064,19961.490,20438.693,20922.429,21412.413,21908.314,22409.753,22916.295,23427.450,23942.663,24461.314,24982.710,25506.084,26030.590,26555.300,27079.204,27601.206,28120.129,28634.717,29143.642,29645.513,30138.885,30622.281,31094.205,31553.168,31997.707,32426.415,32837.960,33231.113,33604.760,33957.924,34289.770,34599.607,34886.888,35151.203,35392.259,35609.876,35803.957,35974.479,36121.470,36244.992,36345.129,36421.966,36475.588,36506.063,36513.440,36497.747,36458.987,36397.145,36312.189,36204.080,36072.781,35918.271,35740.557,35539.694,35315.797,35069.065,34799.790,34508.378,34195.359,33861.391,33507.268,33133.913,32742.371,32333.794,31909.427,31470.579,31018.608,30554.897,30080.825,29597.758,29107.022,28609.894,28107.588,27601.251,27091.954,26580.689,26068.370,25555.834,25043.840,24533.075,24024.158,23517.639,23014.009,22513.701,22017.097,21524.527,21036.279,20552.599,20073.697,19599.746,19130.892,18667.250,18208.911,17755.941,17308.387,16866.278,16429.623,15998.418,15572.643,15152.268,14737.250,14327.536,13923.064,13523.763,13129.556,12740.359,12356.081,11976.627,11601.897,11231.786,10866.188,10504.991,10148.083,9795.349,9446.672,9101.937,8761.026,8423.823,8090.213,7760.085,7433.329,7109.842,6789.527,6472.297,6158.076,5846.802,5538.437,5232.969,4930.423,4630.876,4334.475,4041.461,3752.209,3467.283,3187.498,2914.021,2648.470,2393.012,2150.382,1923.714,1716.035,1529.404,1364.149,1219.063,1092.047,980.700,882.694,795.950,718.700,649.465,587.027,530.359,478.572,430.840,386.351,344.300,303.970,264.783,226.314,188.275,150.475,112.800,75.183,37.589,0.000
0.000,93.902,187.903,282.088,376.539,471.338,566.568,662.313,758.657,855.681,953.471,1052.110,1151.682,1252.272,1353.964,1456.844,1560.998,1666.512,1773.471,1881.963,1992.076,2103.896,2217.514,2333.018,2450.497,2570.043,2691.746,2815.697,2941.991,3070.720,3201.978,3335.860,3472.462,3611.880,3754.212,3899.557,4048.014,4199.683,4354.666,4513.066,4674.984,4840.528,5009.801,5182.911,5359.965,5541.072,5726.342,5915.887,6109.817,6308.247,6511.290,6719.063,6931.681,7149.261,7371.922,7599.783,7832.963,8071.584,8315.766,8565.631,8821.301,9082.900,9350.548,9624.371,9904.488,10191.024,10484.098,10783.831,11090.343,11403.750,11724.169,12051.712,12386.491,12728.610,13078.174,13435.281,13800.024,14172.489,14552.757,14940.898,15336.976,15741.043,16153.140,16573.293,17001.517,17437.807,17882.142,18334.478,18794.750,19262.867,19738.709,20222.125,20712.928,21210.893,21715.752,22227.191,22744.843,23268.286,23797.034,24330.538,24868.171,25409.234,25952.942,26498.421,27044.707,27590.740,28135.362,28677.320,29215.266,29747.762,30273.293,30790.278,31297.086,31792.063,32273.551,32739.923,33189.610,33621.135,34033.137,34424.396,34793.857,35140.632,35464.010,35763.451,36038.571,36289.129,36515.008,36716.184,36892.713,37044.699,37172.279,37275.601,37354.810,37410.033,37441.372,37448.894,37432.631,37392.577,37328.691,37240.906,37129.135,36993.281,36833.259,36649.008,36440.510,36207.817,35951.067,35670.511,35366.528,35039.643,34690.537,34320.053,33929.188,33519.088,33091.028,32646.388,32186.629,31713.263,31227.826,30731.846,30226.827,29714.221,29195.418,28671.732,28144.389,27614.529,27083.200,26551.357,26019.867,25489.511,24960.990,24434.926,23911.871,23392.310,22876.667,22365.311,21858.559,21356.681,20859.904,20368.419,19882.381,19401.912,18927.109,18458.041,17994.754,17537.275,17085.611,16639.753,16199.676,15765.342,15336.703,14913.696,14496.251,14084.288,13677.720,13276.453,12880.385,12489.411,12103.417,11722.289,11345.905,10974.143,10606.875,10243.972,9885.303,9530.733,9180.129,8833.354,8490.273,8150.751,7814.652,7481.843,7152.194,6825.580,6501.878,6180.976,5862.770,5547.173,5234.116,4923.557,4615.497,4309.990,4007.177,3707.319,3410.862,3118.525,2831.437,2551.324,2280.742,2023.288,1783.570,1566.552,1375.821,1211.535,1071.281,951.586,848.925,760.193,682.833,614.807,554.520,500.722,452.425,408.797,369.051,332.327,297.662,264.204,231.325,198.627,165.887,133.002,99.945,66.729,33.396,0.000
0.000,94.025,188.151,282.460,377.037,471.965,567.327,663.208,759.690,856.859,954.799,1053.593,1153.328,1254.088,1355.958,1459.026,1563.378,1669.099,1776.279,1885.004,1995.362,2107.444,2221.338,2337.135,2454.926,2574.803,2696.857,2821.182,2947.873,3077.024,3208.730,3343.088,3480.196,3620.152,3763.056,3909.009,4058.111,4210.466,4366.177,4525.350,4688.090,4854.504,5024.702,5198.792,5376.887,5559.097,5745.537,5936.321,6131.566,6331.387,6535.905,6745.239,6959.510,7178.840,7403.353,7633.172,7868.425,8109.237,8355.736,8608.051,8866.311,9130.646,9401.186,9678.062,9961.405,10251.347,10548.018,10851.547,11162.066,11479.702,11804.583,12136.833,12476.576,12823.932,13179.018,13541.946,13912.825,14291.758,14678.841,15074.162,15477.804,15889.837,16310.322,16739.305,17176.822,17622.891,18077.511,18540.663,19012.304,19492.367,19980.755,20477.342,20981.963,21494.418,22014.460,22541.794,23076.074,23616.892,24163.775,24716.181,25273.488,25834.991,26399.891,26967.294,27536.202,28105.507,28673.989,29240.315,29803.039,30360.606,30911.364,31453.575,31985.435,32505.104,33010.729,33500.487,33972.618,34425.469,34857.524,35267.440,35654.070,36016.474,36353.923,36665.894,36952.051,37212.222,37446.376,37654.587,37837.010,37993.849,38125.333,38231.693,38313.141,38369.863,38401.996,38409.632,38392.805,38351.497,38285.638,38195.114,38079.777,37939.461,37773.994,37583.227,37367.050,37125.428,36858.420,36566.212,36249.142,35907.721,35542.647,35154.814,34745.306,34315.386,33866.472,33400.112,32917.944,32421.661,31912.980,31393.603,30865.190,30329.337,29787.559,29241.274,28691.797,28140.337,27587.996,27035.769,26484.552,25935.141,25388.245,24844.488,24304.415,23768.501,23237.157,22710.733,22189.528,21673.789,21163.723,20659.497,20161.242,19669.057,19183.016,18703.164,18229.525,17762.102,17300.880,16845.830,16396.905,15954.048,15517.188,15086.245,14661.131,14241.745,13827.984,13419.736,13016.882,12619.298,12226.856,11839.424,11456.864,11079.037,10705.798,10337.003,9972.501,9612.141,9255.771,8903.235,8554.377,8209.042,7867.069,7528.301,7192.579,6859.747,6529.647,6202.127,5877.038,5554.236,5233.588,4914.975,4598.301,4283.506,3970.588,3659.633,3350.881,3044.817,2742.346,2445.070,2155.727,1878.794,1621.027,1391.045,1196.029,1035.097,903.129,794.258,703.372,626.459,560.507,503.292,453.188,409.013,369.909,335.219,304.311,276.309,249.879,223.913,197.733,171.021,143.677,115.729,87.265,58.403,29.270,0.000
0.000,94.099,188.300,282.686,377.340,472.348,567.792,663.758,760.330,857.593,955.631,1054.530,1154.375,1255.254,1357.250,1460.453,1564.948,1670.824,1778.169,1887.071,1997.619,2109.905,2224.018,2340.050,2458.093,2578.239,2700.583,2825.219,2952.243,3081.750,3213.838,3348.606,3486.152,3626.576,3769.981,3916.468,4066.142,4219.107,4375.470,4535.337,4698.818,4866.022,5037.061,5212.048,5391.096,5574.322,5761.841,5953.774,6150.239,6351.357,6557.253,6768.050,6983.873,7204.850,7431.111,7662.785,7900.003,8142.898,8391.605,8646.259,8906.995,9173.952,9447.269,9727.084,10013.537,10306.768,10606.918,10914.128,11228.537,11550.287,11879.515,12216.359,12560.956,12913.440,13273.942,13642.591,14019.511,14404.820,14798.633,15201.059,15612.197,16032.138,16460.964,16898.744,17345.536,17801.382,18266.305,18740.313,19223.387,19715.487,20216.545,20726.459,21245.096,21772.279,22307.789,22851.358,23402.662,23961.316,24526.867,25098.785,25676.458,26259.184,26846.158,27436.470,28029.092,28622.873,29216.532,29808.656,30397.695,30981.969,31559.673,32128.895,32687.634,33233.828,33765.398,34280.284,34776.499,35252.174,35705.610,36135.317,36540.043,36918.791,37270.823,37595.650,37893.003,38162.811,38405.155,38620.240,38808.346,38969.804,39104.956,39214.134,39297.638,39355.715,39388.552,39396.264,39378.892,39336.401,39268.684,39175.572,39056.843,38912.237,38741.482,38544.313,38320.503,38069.900,37792.456,37488.268,37157.611,36800.967,36419.044,36012.790,35583.388,35132.242,34660.944,34171.240,33664.981,33144.081,32610.469,32066.046,31512.657,30952.058,30385.898,29815.712,29242.904,28668.754,28094.415,27520.920,26949.185,26380.018,25814.131,25252.140,24694.579,24141.906,23594.512,23052.725,22516.816,21987.011,21463.487,20946.385,20435.809,19931.832,19434.499,18943.831,18459.827,17982.464,17511.706,17047.496,16589.768,16138.442,15693.426,15254.621,14821.916,14395.194,13974.332,13559.199,13149.659,12745.571,12346.789,11953.164,11564.541,11180.765,10801.674,10427.104,10056.890,9690.862,9328.848,8970.673,8616.162,8265.136,7917.411,7572.805,7231.130,6892.197,6555.814,6221.785,5889.914,5559.998,5231.834,4905.219,4579.948,4255.824,3932.666,3610.331,3288.749,2968.006,2648.504,2331.279,2018.649,1715.437,1430.961,1180.796,982.348,829.864,712.030,619.080,543.968,481.875,429.543,384.757,346.010,312.310,283.049,257.922,236.726,218.772,201.681,183.878,164.715,144.079,122.099,98.993,75.000,50.356,25.284,0.000
0.000,94.124,188.350,282.762,377.444,472.481,567.957,663.958,760.568,857.874,955.959,1054.911,1154.816,1255.759,1357.828,1461.112,1565.696,1671.671,1779.124,1888.147,1998.828,2111.259,2225.531,2341.738,2459.971,2580.326,2702.896,2827.779,2955.070,3084.867,3217.270,3352.377,3490.290,3631.111,3774.942,3921.890,4072.059,4225.556,4382.490,4542.971,4707.110,4875.020,5046.813,5222.608,5402.520,5586.669,5775.174,5968.159,6165.746,6368.063,6575.234,6787.390,7004.660,7227.178,7455.077,7688.493,7927.563,8172.427,8423.224,8680.097,8943.191,9212.649,9488.619,9771.248,10060.684,10357.079,10660.581,10971.342,11289.515,11615.249,11948.697,12290.009,12639.335,12996.824,13362.622,13736.874,14119.719,14511.296,14911.737,15321.170,15739.715,16167.484,16604.583,17051.104,17507.129,17972.725,18447.944,18932.820,19427.364,19931.566,20445.388,20968.759,21501.577,22043.700,22594.938,23155.055,23723.759,24300.691,24885.426,25477.455,26076.184,26680.922,27290.866,27905.097,28522.568,29142.089,29762.322,30381.775,30998.792,31611.558,32218.105,32816.322,33403.979,33978.762,34538.317,35080.302,35602.449,36102.632,36578.925,37029.660,37453.462,37849.279,38216.372,38554.308,38862.921,39142.272,39392.597,39614.263,39807.718,39973.444,40111.928,40223.622,40308.928,40368.173,40401.597,40409.346,40391.464,40347.896,40278.494,40183.020,40061.159,39912.544,39736.771,39533.432,39302.151,39042.622,38754.655,38438.224,38093.510,37720.945,37321.238,36895.395,36444.712,35970.762,35475.350,34960.464,34428.218,33880.789,33320.358,32749.063,32168.956,31581.974,30989.916,30394.435,29797.030,29199.049,28601.693,28006.023,27412.971,26823.349,26237.860,25657.108,25081.606,24511.790,23948.021,23390.599,22839.766,22295.714,21758.591,21228.507,20705.533,20189.713,19681.063,19179.574,18685.217,18197.945,17717.692,17244.379,16777.915,16318.197,15865.111,15418.535,14978.340,14544.387,14116.533,13694.630,13278.523,12868.053,12463.057,12063.367,11668.813,11279.221,10894.412,10514.205,10138.417,9766.860,9399.344,9035.675,8675.655,8319.084,7965.756,7615.460,7267.983,6923.103,6580.591,6240.211,5901.716,5564.847,5229.330,4894.872,4561.155,4227.836,3894.537,3560.841,3226.294,2890.423,2552.803,2213.259,1872.467,1533.610,1206.800,919.007,722.852,590.107,496.159,426.164,371.630,327.610,291.107,260.246,233.848,211.220,192.106,176.742,165.944,160.413,154.235,145.241,133.202,118.509,101.671,83.163,63.401,42.745,21.513,0.000
0.000,94.099,188.300,282.687,377.346,472.361,567.819,663.803,760.400,857.696,955.777,1054.729,1154.638,1255.593,1357.681,1460.989,1565.608,1671.625,1779.130,1888.215,1998.970,2111.487,2225.858,2342.177,2460.539,2581.038,2703.770,2828.833,2956.324,3086.343,3218.990,3354.365,3492.573,3633.716,3777.899,3925.229,4075.814,4229.763,4387.187,4548.197,4712.908,4881.435,5053.894,5230.404,5411.087,5596.062,5785.456,5979.393,6178.002,6381.411,6589.752,6803.158,7021.764,7245.709,7475.131,7710.171,7950.974,8197.683,8450.447,8709.414,8974.735,9246.564,9525.055,9810.364,10102.648,10402.069,10708.785,11022.959,11344.754,11674.333,12011.860,12357.499,12711.415,13073.769,13444.726,13824.445,14213.085,14610.802,15017.747,15434.069,15859.910,16295.406,16740.684,17195.863,17661.052,18136.345,18621.824,19117.552,19623.574,20139.910,20666.557,21203.482,21750.617,22307.856,22875.050,23451.999,24038.447,24634.073,25238.484,25851.205,26471.668,27099.203,27733.020,28372.204,29015.694,29662.274,30310.557,30958.973,31605.764,32248.974,32886.453,33515.873,34134.743,34740.450,35330.313,35901.645,36451.835,36978.432,37479.233,37952.351,38396.271,38809.878,39192.454,39543.653,39863.454,40152.098,40410.029,40637.823,40836.135,41005.639,41146.993,41260.799,41347.578,41407.748,41441.613,41449.351,41431.014,41386.523,41315.676,41218.154,41093.537,40941.321,40760.944,40551.820,40313.382,40045.126,39746.673,39417.829,39058.640,38669.458,38250.977,37804.261,37330.743,36832.200,36310.701,35768.538,35208.146,34632.022,34042.653,33442.451,32833.708,32218.559,31598.967,30976.707,30353.372,29730.373,29108.950,28490.186,27875.016,27264.246,26658.561,26058.542,25464.672,24877.354,24296.916,23723.620,23157.673,22599.228,22048.399,21505.256,20969.839,20442.157,19922.192,19409.906,18905.237,18408.110,17918.431,17436.096,16960.987,16492.976,16031.927,15577.695,15130.129,14689.070,14254.355,13825.816,13403.279,12986.567,12575.500,12169.891,11769.553,11374.294,10983.920,10598.231,10217.027,9840.100,9467.243,9098.243,8732.881,8370.935,8012.176,7656.370,7303.273,6952.634,6604.190,6257.664,5912.763,5569.173,5226.551,4884.520,4542.656,4200.474,3857.401,3512.750,3165.661,2815.035,2459.415,2096.825,1724.630,1339.957,943.789,565.699,400.038,311.631,256.403,217.845,188.833,165.874,147.070,131.313,117.950,106.651,97.443,91.024,89.922,102.732,109.635,109.675,104.368,95.108,82.932,68.602,52.707,35.715,18.027,0.000
0.000,94.022,188.146,282.458,377.042,471.985,567.371,663.287,759.819,857.052,955.075,1053.973,1153.834,1254.745,1356.796,1460.074,1564.669,1670.671,1778.171,1887.259,1998.027,2110.569,2224.978,2341.347,2459.773,2580.351,2703.178,2828.354,2955.976,3086.147,3218.966,3354.537,3492.964,3634.353,3778.810,3926.443,4077.363,4231.681,4389.509,4550.962,4716.156,4885.208,5058.240,5235.371,5416.726,5602.429,5792.609,5987.395,6186.917,6391.310,6600.709,6815.252,7035.078,7260.331,7491.154,7727.696,7970.104,8218.530,8473.128,8734.055,9001.468,9275.528,9556.399,9844.244,10139.232,10441.531,10751.312,11068.748,11394.012,11727.282,12068.734,12418.545,12776.894,13143.960,13519.921,13904.954,14299.238,14702.946,15116.252,15539.323,15972.326,16415.421,16868.760,17332.488,17806.744,18291.651,18787.322,19293.854,19811.325,20339.793,20879.293,21429.831,21991.379,22563.876,23147.214,23741.239,24345.739,24960.438,25584.987,26218.953,26861.806,27512.909,28171.500,28836.677,29507.385,30182.392,30860.273,31539.393,32217.891,32893.671,33564.393,34227.485,34880.158,35519.451,36142.287,36745.556,37326.218,37881.416,38408.593,38905.592,39370.728,39802.828,40201.218,40565.690,40896.423,41193.909,41458.858,41692.119,41894.602,42067.222,42210.840,42326.233,42414.062,42474.852,42508.977,42516.655,42497.941,42452.731,42380.759,42281.615,42154.750,41999.500,41815.111,41600.779,41355.694,41079.102,40770.372,40429.077,40055.078,39648.599,39210.295,38741.290,38243.177,37717.990,37168.132,36596.276,36005.260,35397.975,34777.274,34145.893,33506.395,32861.137,32212.251,31561.639,30910.979,30261.736,29615.179,28972.398,28334.318,27701.726,27075.276,26455.512,25842.881,25237.741,24640.376,24051.006,23469.791,22896.845,22332.236,21775.997,21228.126,20688.595,20157.351,19634.320,19119.410,18612.512,18113.504,17622.253,17138.614,16662.434,16193.552,15731.800,15277.004,14828.985,14387.558,13952.536,13523.725,13100.930,12683.952,12272.588,11866.632,11465.875,11070.105,10679.107,10292.660,9910.542,9532.525,9158.378,8787.862,8420.734,8056.743,7695.630,7337.128,6980.953,6626.813,6274.393,5923.358,5573.344,5223.950,4874.725,4525.154,4174.631,3822.426,3467.625,3109.042,2745.066,2373.365,1990.302,1589.517,1157.981,662.805,0.000,0.000,0.000,0.000,0.000,0.000,0.000,0.000,0.000,0.000,0.000,0.000,0.000,0.000,50.977,71.917,79.480,79.508,74.643,66.361,55.622,43.117,29.388,14.883,0.000
0.000,93.894,187.890,282.073,376.531,471.348,566.611,662.405,758.818,855.936,953.846,1052.636,1152.393,1253.206,1355.163,1458.354,1562.868,1668.797,1776.231,1885.263,1995.984,2108.488,2222.871,2339.226,2457.650,2578.241,2701.096,2826.315,2953.999,3084.248,3217.166,3352.858,3491.428,3632.984,3777.635,3925.490,4076.661,4231.261,4389.406,4551.212,4716.797,4886.282,5059.789,5237.443,5419.369,5605.698,5796.558,5992.083,6192.409,6397.672,6608.013,6823.573,7044.498,7270.934,7503.032,7740.944,7984.824,8234.832,8491.126,8753.870,9023.231,9299.375,9582.475,9872.704,10170.238,10475.257,10787.942,11108.476,11437.046,11773.840,12119.048,12472.860,12835.472,13207.077,13587.870,13978.048,14377.804,14787.335,15206.834,15636.492,16076.499,16527.039,16988.292,17460.433,17943.628,18438.033,18943.795,19461.046,19989.903,20530.463,21082.802,21646.970,22222.986,22810.836,23410.462,24021.762,24644.576,25278.684,25923.789,26579.513,27245.376,27920.791,28605.037,29297.247,29996.384,30701.222,31410.314,32121.976,32834.258,33544.924,34251.439,34950.966,35640.383,36316.315,36975.212,37613.436,38227.405,38813.742,39369.433,39891.977,40379.487,40830.735,41245.136,41622.684,41963.848,42269.453,42540.563,42778.369,42984.106,43158.970,43304.071,43420.386,43508.738,43569.770,43603.937,43611.498,43592.515,43546.849,43474.169,43373.955,43245.511,43087.986,42900.398,42681.676,42430.710,42146.422,41827.852,41474.261,41085.240,40660.827,40201.596,39708.724,39184.001,38629.788,38048.918,37444.553,36820.042,36178.765,35524.018,34858.915,34186.326,33508.848,32828.785,32148.162,31468.729,30791.991,30119.227,29451.515,28789.756,28134.698,27486.950,26847.008,26215.264,25592.026,24977.523,24371.921,23775.332,23187.817,22609.399,22040.063,21479.765,20928.437,20385.984,19852.297,19327.246,18810.692,18302.481,17802.448,17310.421,16826.221,16349.660,15880.547,15418.684,14963.871,14515.902,14074.568,13639.658,13210.957,12788.247,12371.309,11959.918,11553.848,11152.871,10756.753,10365.257,9978.144,9595.167,9216.076,8840.615,8468.520,8099.520,7733.332,7369.665,7008.211,6648.646,6290.626,5933.778,5577.698,5221.937,4865.987,4509.266,4151.086,3790.610,3426.793,3058.277,2683.223,2299.024,1901.785,1485.372,1039.785,549.494,0.000,0.000,0.000,0.000,0.000,0.000,0.000,0.000,0.000,0.000,0.000,0.000,0.000,0.000,29.269,47.590,56.834,59.557,57.609,52.260,44.416,34.761,23.841,12.116,0.000
0.000,93.713,187.528,281.531,375.809,470.448,565.534,661.153,757.394,854.341,952.084,1050.711,1150.308,1250.965,1352.772,1455.818,1560.193,1665.989,1773.298,1882.211,1992.823,2105.227,2219.519,2335.795,2454.151,2574.686,2697.500,2822.692,2950.364,3080.619,3213.561,3349.296,3487.931,3629.574,3774.336,3922.328,4073.664,4228.460,4386.831,4548.897,4714.778,4884.599,5058.482,5236.557,5418.951,5605.797,5797.228,5993.381,6194.395,6400.410,6611.572,6828.026,7049.922,7277.411,7510.650,7749.796,7995.010,8246.455,8504.298,8768.711,9039.865,9317.938,9603.108,9895.557,10195.473,10503.043,10818.460,11141.917,11473.614,11813.751,12162.531,12520.161,12886.848,13262.804,13648.240,14043.370,14448.408,14863.571,15289.074,15725.132,16171.957,16629.762,17098.755,17579.139,18071.114,18574.868,19090.584,19618.433,20158.571,20711.139,21276.259,21854.027,22444.516,23047.763,23663.769,24292.489,24933.826,25587.622,26253.647,26931.589,27621.036,28321.463,29032.212,29752.469,30481.243,31217.333,31959.300,32705.432,33453.709,34201.772,34946.892,35685.953,36415.460,37131.562,37830.128,38506.868,39157.500,39777.964,40364.649,40914.608,41425.701,41896.664,42327.066,42717.208,43067.965,43380.615,43656.681,43897.793,44105.577,44281.571,44427.169,44543.582,44631.810,44692.627,44726.575,44733.959,44714.844,44669.058,44596.191,44495.606,44366.441,44207.629,44017.922,43795.928,43540.169,43249.156,42921.499,42556.034,42151.973,41709.067,41227.751,40709.240,40155.568,39569.521,38954.495,38314.298,37652.933,36974.394,36282.510,35580.836,34872.585,34160.601,33447.362,32734.994,32025.304,31319.811,30619.779,29926.252,29240.083,28561.960,27892.434,27231.931,26580.780,25939.221,25307.421,24685.484,24073.462,23471.362,22879.150,22296.763,21724.109,21161.072,20607.519,20063.298,19528.245,19002.181,18484.921,17976.269,17476.024,16983.977,16499.916,16023.624,15554.881,15093.461,14639.140,14191.687,13750.872,13316.460,12888.216,12465.902,12049.277,11638.098,11232.118,10831.088,10434.753,10042.858,9655.140,9271.329,8891.152,8514.327,8140.561,7769.554,7400.991,7034.541,6669.856,6306.564,5944.266,5582.524,5220.856,4858.718,4495.488,4130.436,3762.685,3391.159,3014.492,2630.910,2238.049,1832.707,1410.597,966.413,495.426,0.000,0.000,0.000,0.000,0.000,0.000,0.000,0.000,0.000,0.000,0.000,0.000,0.000,0.000,18.517,32.352,40.722,44.290,43.987,40.664,35.031,27.677,19.101,9.743,0.000
0.000,93.478,187.059,280.829,374.874,469.281,564.136,659.526,755.539,852.262,949.783,1048.189,1147.570,1248.015,1349.613,1452.455,1556.632,1662.235,1769.356,1878.089,1988.528,2100.768,2214.904,2331.034,2449.254,2569.665,2692.366,2817.459,2945.046,3075.231,3208.120,3343.820,3482.439,3624.087,3768.877,3916.920,4068.333,4223.232,4381.737,4543.968,4710.049,4880.104,5054.262,5232.652,5415.406,5602.659,5794.547,5991.212,6192.794,6399.440,6611.296,6828.515,7051.249,7279.657,7513.897,7754.134,8000.535,8253.268,8512.508,8778.432,9051.219,9331.055,9618.126,9912.624,10214.744,10524.685,10842.649,11168.844,11503.477,11846.763,12198.918,12560.163,12930.723,13310.822,13700.692,14100.564,14510.673,14931.255,15362.549,15804.793,16258.227,16723.088,17199.615,17688.042,18188.601,18701.518,19227.013,19765.296,20316.567,20881.014,21458.807,22050.097,22655.009,23273.642,23906.058,24552.280,25212.283,25885.981,26573.223,27273.776,27987.313,28713.390,29451.433,30200.709,30960.297,31729.056,32505.585,33288.180,34074.787,34862.950,35649.762,36431.830,37205.250,37965.624,38708.126,39427.638,40118.969,40777.146,41397.752,41977.241,42513.165,43004.253,43450.340,43852.188,44211.245,44529.405,44808.788,45051.571,45259.854,45435.577,45580.459,45695.965,45783.290,45843.348,45876.772,45883.913,45864.840,45819.344,45746.934,45646.843,45518.029,45359.185,45168.758,44944.981,44685.926,44389.592,44054.028,43677.490,43258.654,42796.842,42292.242,41746.084,41160.700,40539.444,39886.480,39206.475,38504.286,37784.679,37052.131,36310.699,35563.966,34815.024,34066.503,33320.606,32579.162,31843.669,31115.344,30395.167,29683.916,28982.197,28290.476,27609.099,26938.311,26278.275,25629.082,24990.766,24363.312,23746.661,23140.723,22545.379,21960.484,21385.874,20821.369,20266.777,19721.891,19186.498,18660.377,18143.300,17635.033,17135.342,16643.985,16160.721,15685.304,15217.489,14757.026,14303.666,13857.159,13417.251,12983.688,12556.215,12134.574,11718.505,11307.745,10902.026,10501.081,10104.636,9712.411,9324.122,8939.477,8558.176,8179.911,7804.361,7431.192,7060.055,6690.581,6322.376,5955.020,5588.055,5220.978,4853.228,4484.169,4113.071,3739.073,3361.148,2978.050,2588.249,2189.865,1780.644,1358.079,919.954,465.833,0.000,0.000,0.000,0.000,0.000,0.000,0.000,0.000,0.000,0.000,0.000,0.000,0.000,0.000,12.452,22.586,29.421,32.903,33.394,31.385,27.372,21.819,15.149,7.753,0.000
0.000,93.190,186.483,279.966,373.723,467.844,562.414,657.520,753.250,849.692,946.934,1045.064,1144.172,1244.346,1345.677,1448.256,1552.173,1657.522,1764.395,1872.884,1983.087,2095.096,2209.010,2324.925,2442.941,2563.156,2685.673,2810.593,2938.020,3068.059,3200.817,3336.402,3474.922,3616.491,3761.221,3909.227,4060.626,4215.537,4374.080,4536.379,4702.559,4872.747,5047.073,5225.670,5408.673,5596.218,5788.447,5985.502,6187.529,6394.678,6607.099,6824.949,7048.385,7277.569,7512.666,7753.846,8001.280,8255.145,8515.620,8782.889,9057.141,9338.566,9627.360,9923.725,10227.864,10539.984,10860.302,11189.032,11526.397,11872.624,12227.942,12592.586,12966.797,13350.817,13744.893,14149.276,14564.222,14989.988,15426.835,15875.027,16334.829,16806.508,17290.333,17786.568,18295.482,18817.337,19352.393,19900.903,20463.114,21039.261,21629.567,22234.239,22853.466,23487.408,24136.198,24799.935,25478.671,26172.406,26881.080,27604.554,28342.601,29094.883,29860.933,30640.125,31431.644,32234.447,33047.216,33868.303,34695.669,35526.809,36358.681,37187.630,38009.332,38818.776,39610.302,40377.750,41114.725,41815.008,42473.056,43084.503,43646.508,44157.866,44618.859,45030.948,45396.399,45717.936,45998.450,46240.792,46447.629,46621.355,46764.049,46877.450,46962.955,47021.619,47054.168,47060.996,47042.177,46997.462,46926.280,46827.728,46700.578,46543.263,46353.892,46130.268,45869.929,45570.241,45228.524,44842.256,44409.343,43928.453,43399.363,42823.250,42202.823,41542.223,40846.679,40122.039,39374.286,38609.165,37831.921,37047.178,36258.895,35470.392,34684.410,33903.183,33128.508,32361.819,31604.243,30856.659,30119.736,29393.972,28679.726,27977.242,27286.668,26608.074,25941.465,25286.795,24643.971,24012.868,23393.328,22785.173,22188.201,21602.197,21026.934,20462.172,19907.664,19363.158,18828.396,18303.117,17787.057,17279.950,16781.527,16291.522,15809.663,15335.683,14869.312,14410.277,13958.310,13513.139,13074.491,12642.093,12215.671,11794.948,11379.645,10969.481,10564.169,10163.421,9766.943,9374.433,8985.586,8600.084,8217.603,7837.805,7460.342,7084.846,6710.934,6338.195,5966.196,5594.465,5222.494,4849.719,4475.517,4099.181,3719.910,3336.780,2948.727,2554.527,2152.816,1742.162,1321.293,889.595,447.985,0.000,0.000,0.000,0.000,0.000,0.000,0.000,0.000,0.000,0.000,0.000,0.000,0.000,0.000,8.709,16.126,21.478,24.513,25.308,24.116,21.259,17.081,11.925,6.123,0.000
0.000,92.848,185.799,278.939,372.355,466.134,560.364,655.130,750.522,846.627,943.534,1041.330,1140.105,1239.950,1340.955,1443.210,1546.808,1651.840,1758.401,1866.583,1976.483,2088.197,2201.820,2317.453,2435.193,2555.142,2677.401,2802.073,2929.264,3059.078,3191.625,3327.012,3465.350,3606.754,3751.337,3899.215,4050.507,4205.334,4363.819,4526.085,4692.261,4862.476,5036.862,5215.555,5398.692,5586.412,5778.860,5976.182,6178.526,6386.046,6598.897,6817.239,7041.234,7271.048,7506.852,7748.819,7997.128,8251.961,8513.503,8781.946,9057.484,9340.316,9630.648,9928.686,10234.646,10548.746,10871.209,11202.263,11542.143,11891.088,12249.341,12617.153,12994.777,13382.474,13780.510,14189.153,14608.681,15039.371,15481.509,15935.384,16401.287,16879.514,17370.366,17874.141,18391.141,18921.670,19466.027,20024.511,20597.416,21185.030,21787.632,22405.489,23038.854,23687.959,24353.014,25034.196,25731.647,26445.464,27175.687,27922.291,28685.164,29464.097,30258.755,31068.654,31893.123,32731.262,33581.890,34443.481,35314.080,36191.211,37071.766,37951.888,38826.855,39690.996,40537.678,41359.425,42148.234,42896.138,43595.971,44242.189,44831.459,45362.785,45837.207,46257.254,46626.362,46948.371,47227.156,47466.384,47669.371,47839.016,47977.776,48087.672,48170.296,48226.842,48258.118,48264.561,48246.245,48202.887,48133.834,48038.059,47914.142,47760.255,47574.147,47353.143,47094.170,46793.820,46448.488,46054.599,45608.962,45109.240,44554.506,43945.752,43286.170,42581.024,41837.086,41061.854,40262.826,39446.973,38620.444,37788.460,36955.334,36124.557,35298.910,34480.580,33671.267,32872.277,32084.596,31308.955,30545.880,29795.730,29058.734,28335.010,27624.593,26927.448,26243.481,25572.557,24914.499,24269.105,23636.150,23015.386,22406.556,21809.388,21223.603,20648.915,20085.035,19531.668,18988.521,18455.297,17931.700,17417.433,16912.202,16415.710,15927.666,15447.776,14975.748,14511.292,14054.117,13603.933,13160.451,12723.380,12292.428,11867.305,11447.714,11033.360,10623.941,10219.155,9818.691,9422.236,9029.466,8640.053,8253.656,7869.924,7488.493,7108.984,6731.000,6354.121,5977.903,5601.874,5225.524,4848.303,4469.611,4088.791,3705.118,3317.795,2925.952,2528.665,2124.999,1714.121,1295.501,869.247,436.544,0.000,0.000,0.000,0.000,0.000,0.000,0.000,0.000,0.000,0.000,0.000,0.000,0.000,0.000,6.260,11.732,15.859,18.367,19.215,18.516,16.471,13.326,9.348,4.813,0.000
0.000,92.451,185.005,277.748,370.767,464.150,557.983,652.354,747.351,843.062,939.575,1036.980,1135.365,1234.821,1335.439,1437.310,1540.525,1645.179,1751.363,1859.174,1968.705,2080.055,2193.321,2308.600,2425.994,2545.603,2667.529,2791.878,2918.754,3048.265,3180.518,3315.624,3453.695,3594.846,3739.191,3886.850,4037.940,4192.586,4350.912,4513.043,4679.110,4849.243,5023.579,5202.253,5385.406,5573.180,5765.723,5963.183,6165.713,6373.469,6586.611,6805.301,7029.707,7259.999,7496.353,7738.948,7987.966,8243.596,8506.031,8775.466,9052.105,9336.155,9627.827,9927.338,10234.912,10550.777,10875.167,11208.321,11550.486,11901.912,12262.858,12633.588,13014.372,13405.487,13807.215,14219.847,14643.678,15079.010,15526.151,15985.415,16457.122,16941.598,17439.172,17950.180,18474.961,19013.855,19567.208,20135.364,20718.667,21317.459,21932.079,22562.857,23210.114,23874.160,24555.283,25253.753,25969.806,26703.644,27455.425,28225.246,29013.134,29819.029,30642.757,31484.007,32342.297,33216.925,34106.912,35010.931,35927.208,36853.406,37786.469,38722.453,39656.322,40581.759,41491.040,42375.055,43223.636,44026.296,44773.429,45457.728,46075.235,46625.469,47110.770,47535.323,47904.234,48222.829,48496.208,48728.994,48925.225,49088.326,49221.130,49325.920,49404.469,49458.088,49487.653,49493.635,49476.109,49434.760,49368.868,49277.293,49158.445,49010.243,48830.080,48614.782,48360.593,48063.201,47717.843,47319.543,46863.537,46345.934,45764.590,45120.031,44416.060,43659.630,42859.830,42026.541,41169.301,40296.602,39415.598,38532.093,37650.667,36774.866,35907.395,35050.289,34205.060,33372.807,32554.314,31750.114,30960.549,30185.805,29425.956,28680.975,27950.766,27235.175,26534.000,25847.005,25173.925,24514.476,23868.355,23235.247,22614.832,22006.780,21410.759,20826.435,20253.472,19691.535,19140.293,18599.413,18068.566,17547.426,17035.668,16532.973,16039.021,15553.497,15076.088,14606.481,14144.369,13689.442,13241.394,12799.917,12364.705,11935.449,11511.841,11093.569,10680.318,10271.771,9867.606,9467.494,9071.098,8678.078,8288.079,7900.740,7515.682,7132.518,6750.839,6370.220,5990.214,5610.350,5230.125,4849.010,4466.439,4081.808,3694.479,3303.778,2909.017,2509.518,2104.673,1694.041,1277.501,855.443,428.975,0.000,0.000,0.000,0.000,0.000,0.000,0.000,0.000,0.000,0.000,0.000,0.000,0.000,0.000,4.601,8.688,11.862,13.884,14.673,14.266,12.785,10.404,7.329,3.783,0.000
0.000,91.999,184.100,276.390,368.957,461.887,555.268,649.187,743.732,838.991,935.054,1032.008,1129.944,1228.951,1329.122,1430.546,1533.317,1637.528,1743.272,1850.645,1959.742,2070.659,2183.497,2298.352,2415.327,2534.522,2656.041,2779.989,2906.472,3035.597,3167.474,3302.214,3439.930,3580.738,3724.755,3872.099,4022.892,4177.258,4335.322,4497.213,4663.062,4833.004,5007.174,5185.712,5368.760,5556.465,5748.975,5946.442,6149.022,6356.875,6570.163,6789.053,7013.718,7244.332,7481.074,7724.128,7973.684,8229.935,8493.079,8763.321,9040.868,9325.935,9618.743,9919.516,10228.487,10545.894,10871.980,11206.998,11551.203,11904.861,12268.243,12641.626,13025.298,13419.551,13824.687,14241.014,14668.849,15108.514,15560.344,16024.677,16501.861,16992.251,17496.210,18014.108,18546.321,19093.232,19655.229,20232.703,20826.052,21435.675,22061.969,22705.334,23366.162,24044.843,24741.752,25457.252,26191.687,26945.373,27718.591,28511.581,29324.523,30157.526,31010.608,31883.667,32776.453,33688.518,34619.161,35567.349,36531.610,37509.893,38499.377,39496.223,40495.274,41489.696,42470.646,43427.064,44345.870,45212.857,46014.568,46740.879,47387.079,47953.857,48445.835,48869.774,49233.147,49543.216,49806.554,50028.854,50214.896,50368.613,50493.175,50591.081,50664.243,50714.054,50741.437,50746.884,50730.466,50691.847,50630.258,50544.479,50432.783,50292.882,50121.846,49916.019,49670.938,49381.280,49040.890,48642.961,48180.497,47647.181,47038.732,46354.593,45599.314,44782.544,43917.037,43016.193,42092.286,41155.622,40214.378,39274.807,38341.568,37418.071,36506.772,35609.411,34727.193,33860.923,33011.109,32178.033,31361.810,30562.424,29779.763,29013.640,28263.811,27529.989,26811.855,26109.066,25421.259,24748.064,24089.097,23443.974,22812.306,22193.705,21587.783,20994.156,20412.442,19842.266,19283.255,18735.041,18197.263,17669.563,17151.590,16642.997,16143.439,15652.580,15170.084,14695.619,14228.859,13769.476,13317.147,12871.549,12432.359,11999.256,11571.914,11150.011,10733.217,10321.203,9913.633,9510.165,9110.454,8714.144,8320.871,7930.261,7541.928,7155.475,6770.486,6386.533,6003.167,5619.922,5236.308,4851.818,4465.921,4078.069,3687.704,3294.262,2897.206,2496.046,2090.405,1680.084,1265.171,846.141,423.946,0.000,0.000,0.000,0.000,0.000,0.000,0.000,0.000,0.000,0.000,0.000,0.000,0.000,0.000,3.456,6.560,9.018,10.638,11.330,11.094,10.002,8.179,5.782,2.991,0.000
0.000,91.491,183.084,274.866,366.924,459.345,552.217,645.626,739.662,834.412,929.965,1026.410,1123.836,1222.335,1321.996,1422.913,1525.176,1628.880,1734.118,1840.986,1949.580,2059.997,2172.336,2286.696,2403.178,2521.885,2642.919,2766.388,2892.397,3021.054,3152.470,3286.758,3424.031,3564.406,3708.000,3854.934,4005.330,4159.315,4317.013,4478.557,4644.080,4813.715,4987.604,5165.885,5348.706,5536.213,5728.559,5925.897,6128.388,6336.194,6549.480,6768.419,6993.185,7223.958,7460.921,7704.263,7954.179,8210.868,8474.533,8745.384,9023.639,9309.516,9603.246,9905.061,10215.202,10533.916,10861.458,11198.089,11544.079,11899.704,12265.249,12641.006,13027.277,13424.372,13832.609,14252.317,14683.832,15127.501,15583.678,16052.731,16535.035,17030.974,17540.945,18065.351,18604.608,19159.140,19729.379,20315.768,20918.755,21538.796,22176.356,22831.899,23505.897,24198.820,24911.135,25643.307,26395.787,27169.017,27963.414,28779.368,29617.230,30477.300,31359.810,32264.902,33192.600,34142.772,35115.072,36108.867,37123.129,38156.283,39205.985,40268.815,41339.840,42412.055,43475.690,44517.554,45520.752,46465.490,47331.868,48104.873,48779.049,49357.731,49849.603,50265.440,50615.997,50910.956,51158.555,51365.576,51537.490,51678.648,51792.464,51881.572,51947.952,51993.030,52017.741,52022.577,52007.608,51972.486,51916.428,51838.172,51735.924,51607.260,51449.014,51257.130,51026.491,50750.737,50422.136,50031.594,49569.013,49024.290,48389.321,47661.085,46844.888,45955.061,45010.488,44029.856,43029.017,42020.250,41012.554,40012.295,39023.871,38050.257,37093.424,36154.635,35234.653,34333.887,33452.497,32590.457,31747.615,30923.721,30118.457,29331.454,28562.309,27810.591,27075.855,26357.644,25655.495,24968.944,24297.526,23640.781,22998.253,22369.492,21754.055,21151.506,20561.417,19983.370,19416.952,18861.761,18317.402,17783.486,17259.634,16745.473,16240.636,15744.761,15257.493,14778.482,14307.381,13843.847,13387.539,12938.119,12495.251,12058.597,11627.821,11202.586,10782.552,10367.375,9956.709,9550.202,9147.496,8748.224,8352.014,7958.483,7567.235,7177.867,6789.958,6403.075,6016.773,5630.590,5244.050,4856.667,4467.944,4077.382,3684.489,3288.795,2889.875,2487.380,2081.082,1670.929,1257.107,840.095,420.696,0.000,0.000,0.000,0.000,0.000,0.000,0.000,0.000,0.000,0.000,0.000,0.000,0.000,0.000,2.666,5.077,7.015,8.323,8.916,8.779,7.954,6.530,4.629,2.399,0.000
0.000,90.927,181.955,273.172,364.665,456.521,548.827,641.670,735.139,829.321,924.305,1020.181,1117.037,1214.966,1314.057,1414.402,1516.093,1619.226,1723.892,1830.189,1938.212,2048.058,2159.828,2273.619,2389.535,2507.677,2628.149,2751.059,2876.512,3004.618,3135.489,3269.237,3405.976,3545.824,3688.901,3835.328,3985.227,4138.726,4295.954,4457.041,4622.124,4791.338,4964.825,5142.728,5325.194,5512.373,5704.420,5901.492,6103.750,6311.362,6524.495,6743.325,6968.031,7198.795,7435.807,7679.259,7929.352,8186.288,8450.278,8721.538,9000.291,9286.764,9581.193,9883.819,10194.893,10514.670,10843.415,11181.399,11528.904,11886.218,12253.639,12631.474,13020.039,13419.660,13830.674,14253.428,14688.278,15135.593,15595.753,16069.149,16556.184,17057.274,17572.846,18103.341,18649.211,19210.924,19788.956,20383.799,20995.957,21625.944,22274.289,22941.528,23628.210,24334.890,25062.131,25810.501,26580.569,27372.903,28188.067,29026.610,29889.068,30775.945,31687.713,32624.784,33587.498,34576.090,35590.645,36631.039,37696.841,38787.171,39900.474,41034.174,42184.139,43343.870,44503.338,45647.499,46754.842,47797.190,48743.215,49568.335,50267.127,50849.006,51329.979,51726.942,52054.989,52326.589,52551.656,52737.920,52891.350,53016.532,53116.963,53195.287,53253.460,53292.868,53314.414,53318.569,53305.397,53274.560,53225.293,53156.363,53065.989,52951.733,52810.340,52637.528,52427.699,52173.595,51865.892,51492.855,51040.281,50492.284,49833.848,49056.246,48164.837,47183.115,46140.834,45064.607,43974.601,42884.777,41804.306,40739.005,39692.458,38666.795,37663.202,36682.256,35724.133,34788.744,33875.828,32985.006,32115.820,31267.759,30440.282,29632.824,28844.809,28075.658,27324.792,26591.635,25875.620,25176.187,24492.786,23824.883,23171.950,22533.476,21908.961,21297.918,20699.873,20114.363,19540.938,18979.159,18428.599,17888.839,17359.472,16840.099,16330.330,15829.781,15338.078,14854.850,14379.732,13912.367,13452.398,12999.471,12553.237,12113.345,11679.448,11251.194,10828.233,10410.211,9996.770,9587.549,9182.179,8780.286,8381.486,7985.390,7591.595,7199.691,6809.252,6419.846,6031.025,5642.335,5253.311,4863.483,4472.384,4079.553,3684.552,3286.979,2886.491,2482.835,2075.877,1665.648,1252.378,836.524,418.772,0.000,0.000,0.000,0.000,0.000,0.000,0.000,0.000,0.000,0.000,0.000,0.000,0.000,0.000,2.132,4.070,5.643,6.723,7.234,7.153,6.506,5.358,3.807,1.976,0.000
0.000,90.306,180.713,271.309,362.181,453.414,545.096,637.315,730.158,823.713,918.070,1013.317,1109.543,1206.840,1305.297,1405.008,1506.064,1608.559,1712.587,1818.245,1925.627,2034.833,2145.961,2259.111,2374.384,2491.885,2611.717,2733.987,2858.802,2986.273,3116.511,3249.629,3385.744,3524.973,3667.435,3813.254,3962.555,4115.464,4272.112,4432.632,4597.161,4765.836,4938.800,5116.198,5298.180,5484.898,5676.509,5873.172,6075.052,6282.318,6495.142,6713.703,6938.181,7168.766,7405.649,7649.028,7899.107,8156.096,8420.210,8691.670,8970.705,9257.550,9552.447,9855.647,10167.407,10487.992,10817.675,11156.740,11505.478,11864.190,12233.186,12612.786,13003.323,13405.137,13818.584,14244.027,14681.845,15132.427,15596.176,16073.509,16564.858,17070.666,17591.395,18127.520,18679.532,19247.938,19833.263,20436.048,21056.849,21696.243,22354.822,23033.195,23731.989,24451.847,25193.429,25957.408,26744.475,27555.330,28390.685,29251.260,30137.779,31050.970,31991.551,32960.231,33957.695,34984.587,36041.487,37128.873,38247.056,39396.075,40575.511,41784.170,43019.528,44276.755,45547.054,46814.972,48054.592,49225.830,50276.043,51158.668,51872.634,52441.679,52894.839,53257.823,53550.875,53789.193,53983.992,54143.523,54273.880,54379.580,54463.980,54529.564,54578.139,54610.973,54628.883,54632.294,54621.260,54595.472,54554.233,54496.411,54420.354,54323.765,54203.516,54055.378,53873.631,53650.510,53375.456,53034.144,52607.488,52071.258,51398.117,50565.829,49575.763,48472.440,47305.888,46113.952,44920.868,43740.867,42581.848,41447.964,40341.208,39262.350,38211.461,37188.218,36192.074,35222.357,34278.326,33359.207,32464.212,31592.554,30743.450,29916.132,29109.848,28323.861,27557.455,26809.935,26080.624,25368.868,24674.032,23995.502,23332.683,22685.000,22051.897,21432.836,20827.295,20234.771,19654.774,19086.831,18530.481,17985.276,17450.784,16926.579,16412.248,15907.388,15411.603,14924.506,14445.715,13974.855,13511.557,13055.452,12606.178,12163.374,11726.678,11295.730,10870.168,10449.628,10033.745,9622.145,9214.453,8810.285,8409.253,8010.956,7614.988,7220.930,6828.356,6436.829,6045.904,5655.127,5264.041,4872.191,4479.128,4084.418,3687.660,3288.498,2886.644,2481.903,2074.199,1663.609,1250.378,834.939,417.897,0.000,0.000,0.000,0.000,0.000,0.000,0.000,0.000,0.000,0.000,0.000,0.000,0.000,0.000,1.793,3.429,4.765,5.694,6.146,6.096,5.559,4.589,3.266,1.697,0.000
0.000,89.629,179.359,269.277,359.469,450.022,541.023,632.559,724.718,817.588,911.257,1005.814,1101.349,1197.952,1295.714,1394.726,1495.082,1596.874,1700.197,1805.147,1911.820,2020.313,2130.727,2243.161,2357.717,2474.498,2593.610,2715.159,2839.253,2966.003,3095.520,3227.919,3363.316,3501.830,3643.581,3788.692,3937.290,4089.503,4245.462,4405.301,4569.159,4737.174,4909.491,5086.258,5267.625,5453.745,5644.780,5840.889,6042.241,6249.006,6461.362,6679.488,6903.569,7133.798,7370.370,7613.488,7863.359,8120.199,8384.227,8655.672,8934.766,9221.752,9516.880,9820.406,10132.596,10453.723,10784.072,11123.933,11473.610,11833.415,12203.670,12584.709,12976.879,13380.537,13796.052,14223.809,14664.204,15117.649,15584.569,16065.407,16560.620,17070.683,17596.088,18137.344,18694.983,19269.551,19861.619,20471.776,21100.636,21748.831,22417.021,23105.886,23816.133,24548.493,25303.721,26082.603,26885.946,27714.586,28569.389,29451.245,30361.075,31299.828,32268.486,33268.059,34299.594,35364.170,36462.900,37596.928,38767.414,39975.497,41222.213,42508.308,43833.838,45197.307,46593.835,48011.372,49423.295,50776.017,51976.937,52918.101,53623.476,54150.628,54550.252,54858.998,55101.848,55295.662,55451.933,55578.633,55681.392,55764.251,55830.136,55881.169,55918.877,55944.318,55958.170,55960.780,55952.193,55932.152,55900.077,55855.017,55795.577,55719.788,55624.918,55507.182,55361.286,55179.722,54951.653,54661.169,54284.683,53787.583,53122.010,52233.713,51100.521,49825.627,48497.018,47165.193,45854.855,44576.829,43335.164,42130.750,40963.062,39830.979,38733.157,37668.203,36634.748,35631.477,34657.137,33710.538,32790.551,31896.101,31026.163,30179.762,29355.963,28553.874,27772.642,27011.449,26269.511,25546.078,24840.430,24151.876,23479.751,22823.421,22182.272,21555.715,20943.184,20344.133,19758.035,19184.383,18622.684,18072.463,17533.259,17004.625,16486.126,15977.336,15477.843,14987.241,14505.134,14031.132,13564.851,13105.911,12653.936,12208.555,11769.396,11336.089,10908.262,10485.544,10067.557,9653.924,9244.260,8838.175,8435.271,8035.145,7637.382,7241.560,6847.248,6454.005,6061.384,5668.932,5276.196,4882.726,4488.082,4091.847,3693.637,3293.124,2890.046,2484.241,2075.662,1664.408,1250.730,835.041,417.905,0.000,0.000,0.000,0.000,0.000,0.000,0.000,0.000,0.000,0.000,0.000,0.000,0.000,0.000,1.613,3.087,4.296,5.143,5.561,5.526,5.048,4.173,2.973,1.546,0.000
0.000,88.895,177.890,267.073,356.528,446.344,536.606,627.401,718.817,810.942,903.864,997.671,1092.453,1188.300,1285.303,1383.553,1483.143,1584.165,1686.716,1790.889,1896.782,2004.492,2114.118,2225.761,2339.523,2455.507,2573.819,2694.565,2817.854,2943.796,3072.503,3204.092,3338.678,3476.380,3617.320,3761.621,3909.412,4060.820,4215.978,4375.022,4538.090,4705.324,4876.869,5052.873,5233.490,5418.875,5609.189,5804.597,6005.268,6211.376,6423.100,6640.622,6864.132,7093.824,7329.899,7572.562,7822.026,8078.509,8342.238,8613.445,8892.369,9179.258,9474.369,9777.966,10090.321,10411.717,10742.446,11082.809,11433.119,11793.699,12164.884,12547.021,12940.470,13345.602,13762.805,14192.479,14635.040,15090.921,15560.569,16044.451,16543.050,17056.870,17586.435,18132.288,18694.996,19275.149,19873.359,20490.267,21126.537,21782.864,22459.969,23158.605,23879.557,24623.643,25391.718,26184.671,27003.432,27848.972,28722.306,29624.496,30556.659,31519.966,32515.657,33545.046,34609.538,35710.647,36850.026,38029.496,39251.102,40517.167,41830.368,43193.793,44610.939,46085.470,47620.216,49213.931,50851.684,52478.424,53937.953,54913.651,55552.843,55987.391,56296.812,56526.329,56702.110,56839.921,56949.687,57037.920,57109.041,57166.130,57211.372,57246.329,57272.111,57289.480,57298.924,57300.690,57294.809,57281.096,57259.134,57228.236,57187.385,57135.130,57069.429,56987.393,56884.862,56755.700,56590.538,56374.483,56082.798,55672.712,55068.994,54146.911,52767.463,51233.078,49691.982,48195.632,46757.274,45377.234,44052.085,42777.716,41550.267,40366.348,39223.029,38117.772,37048.359,36012.822,35009.395,34036.479,33092.603,32176.412,31286.643,30422.113,29581.713,28764.396,27969.172,27195.105,26441.306,25706.928,24991.170,24293.263,23612.478,22948.117,22299.514,21666.031,21047.056,20442.004,19850.311,19271.437,18704.860,18150.076,17606.601,17073.963,16551.706,16039.389,15536.578,15042.854,14557.804,14081.025,13612.120,13150.699,12696.375,12248.765,11807.489,11372.167,10942.420,10517.868,10098.129,9682.815,9271.536,8863.896,8459.492,8057.913,7658.741,7261.547,6865.896,6471.343,6077.436,5683.721,5289.740,4895.042,4499.188,4101.761,3702.381,3300.723,2896.533,2489.656,2080.053,1667.827,1253.231,836.675,418.711,0.000,0.000,0.000,0.000,0.000,0.000,0.000,0.000,0.000,0.000,0.000,0.000,0.000,0.000,1.573,3.010,4.191,5.019,5.431,5.400,4.936,4.082,2.909,1.512,0.000
0.000,88.104,176.307,264.697,353.359,442.379,531.844,621.840,712.454,803.774,895.888,988.884,1082.852,1177.880,1274.061,1371.484,1470.242,1570.429,1672.139,1775.467,1880.509,1987.363,2096.128,2206.905,2319.796,2434.904,2552.335,2672.195,2794.593,2919.640,3047.449,3178.134,3311.814,3448.607,3588.636,3732.025,3878.901,4029.395,4183.640,4341.772,4503.930,4670.259,4840.903,5016.013,5195.743,5380.252,5569.701,5764.257,5964.091,6169.380,6380.305,6597.051,6819.812,7048.783,7284.169,7526.180,7775.032,8030.947,8294.156,8564.897,8843.415,9129.963,9424.803,9728.207,10040.454,10361.835,10692.649,11033.208,11383.834,11744.860,12116.633,12499.512,12893.869,13300.092,13718.582,14149.758,14594.054,15051.920,15523.828,16010.266,16511.744,17028.794,17561.968,18111.844,18679.024,19264.138,19867.843,20490.824,21133.800,21797.522,22482.774,23190.381,23921.203,24676.145,25456.155,26262.230,27095.415,27956.815,28847.592,29768.976,30722.270,31708.863,32730.241,33788.007,34883.906,36019.861,37198.024,38420.850,39691.207,41012.533,42389.080,43826.281,45331.321,46914.025,48588.165,50372.918,52291.472,54348.353,56383.036,57245.915,57687.038,57949.453,58123.441,58247.554,58340.496,58412.371,58469.118,58514.463,58550.863,58579.994,58603.030,58620.802,58633.893,58642.705,58647.491,58648.382,58645.393,58638.427,58627.266,58611.548,58590.736,58564.060,58530.422,58488.247,58435.224,58367.838,58280.480,58163.601,57999.504,57751.681,57334.587,56517.770,54589.728,52647.709,50842.749,49168.699,47602.063,46123.498,44719.034,43378.624,42094.854,40862.075,39675.841,38532.545,37429.179,36363.177,35332.301,34334.567,33368.190,32431.549,31523.156,30641.632,29785.700,28954.163,28145.903,27359.868,26595.066,25850.561,25125.469,24418.950,23730.209,23058.491,22403.077,21763.281,21138.450,20527.959,19931.211,19347.633,18776.675,18217.808,17670.523,17134.328,16608.748,16093.321,15587.600,15091.149,14603.544,14124.367,13653.211,13189.674,12733.361,12283.879,11840.840,11403.857,10972.544,10546.513,10125.377,9708.742,9296.213,8887.388,8481.859,8079.210,7679.018,7280.850,6884.265,6488.812,6094.034,5699.468,5304.649,4909.117,4512.421,4114.133,3713.860,3311.260,2906.064,2498.100,2087.317,1673.809,1257.830,839.801,420.293,0.000,0.000,0.000,0.000,0.000,0.000,0.000,0.000,0.000,0.000,0.000,0.000,0.000,0.000,1.667,3.190,4.440,5.314,5.745,5.708,5.214,4.309,3.070,1.596,0.000
0.000,87.255,174.610,262.149,349.960,438.127,526.736,615.874,705.627,796.083,887.329,979.453,1072.544,1166.692,1261.986,1358.517,1456.379,1555.663,1656.464,1758.876,1862.997,1968.923,2076.753,2186.589,2298.531,2412.683,2529.151,2648.041,2769.463,2893.527,3020.346,3150.036,3282.714,3418.500,3557.516,3699.887,3845.742,3995.211,4148.428,4305.530,4466.658,4631.955,4801.568,4975.651,5154.356,5337.845,5526.280,5719.832,5918.671,6122.978,6332.934,6548.730,6770.558,6998.621,7233.123,7474.280,7722.309,7977.439,8239.904,8509.945,8787.814,9073.769,9368.077,9671.017,9982.875,10303.948,10634.544,10974.984,11325.597,11686.727,12058.733,12441.984,12836.866,13243.780,13663.141,14095.384,14540.961,15000.342,15474.017,15962.499,16466.321,16986.041,17522.240,18075.529,18646.545,19235.955,19844.457,20472.783,21121.701,21792.018,22484.581,23200.279,23940.050,24704.881,25495.810,26313.937,27160.423,28036.496,28943.461,29882.707,30855.716,31864.077,32909.507,33993.870,35119.217,36287.827,37502.278,38765.550,40081.173,41453.459,42887.866,44391.601,45974.650,47651.686,49445.973,51398.492,53593.227,56240.664,60000.000,60000.000,60000.000,60000.000,60000.000,60000.000,60000.000,60000.000,60000.000,60000.000,60000.000,60000.000,60000.000,60000.000,60000.000,60000.000,60000.000,60000.000,60000.000,60000.000,60000.000,60000.000,60000.000,60000.000,60000.000,60000.000,60000.000,60000.000,60000.000,60000.000,60000.000,60000.000,60000.000,60000.000,56426.260,53925.678,51863.091,50034.916,48359.417,46796.361,45322.690,43923.709,42589.321,41312.179,40086.683,38908.397,37773.687,36679.496,35623.189,34602.454,33615.230,32659.658,31734.042,30836.829,29966.581,29121.966,28301.742,27504.746,26729.893,25976.159,25242.584,24528.258,23832.326,23153.976,22492.440,21846.988,21216.927,20601.596,20000.364,19412.629,18837.815,18275.368,17724.758,17185.473,16657.019,16138.919,15630.710,15131.944,14642.182,14160.998,13687.973,13222.696,12764.764,12313.776,11869.338,11431.054,10998.535,10571.387,10149.216,9731.625,9318.215,8908.580,8502.307,8098.977,7698.162,7299.423,6902.315,6506.378,6111.150,5716.154,5320.914,4924.952,4527.797,4128.995,3728.120,3324.796,2918.714,2509.662,2097.553,1682.455,1264.619,844.487,422.688,0.000,0.000,0.000,0.000,0.000,0.000,0.000,0.000,0.000,0.000,0.000,0.000,0.000,0.000,1.907,3.645,5.065,6.051,6.529,6.474,5.903,4.871,3.467,1.801,0.000
0.000,86.349,172.798,259.430,346.331,433.587,521.283,609.503,698.336,787.868,878.186,969.376,1061.529,1154.732,1249.076,1344.652,1441.550,1539.864,1639.688,1741.115,1844.243,1949.168,2055.989,2164.806,2275.722,2388.838,2504.262,2622.098,2742.457,2865.450,2991.188,3119.789,3251.368,3386.048,3523.949,3665.198,3809.923,3958.254,4110.328,4266.281,4426.255,4590.393,4758.845,4931.763,5109.304,5291.628,5478.900,5671.291,5868.975,6072.132,6280.948,6495.614,6716.326,6943.287,7176.708,7416.803,7663.797,7917.920,8179.409,8448.513,8725.485,9010.589,9304.098,9606.296,9917.475,10237.940,10568.006,10908.000,11258.262,11619.145,11991.017,12374.258,12769.266,13176.455,13596.254,14029.113,14475.499,14935.902,15410.831,15900.818,16406.422,16928.223,17466.833,18022.891,18597.067,19190.063,19802.619,20435.510,21089.551,21765.603,22464.571,23187.408,23935.123,24708.782,25509.514,26338.511,27197.044,28086.461,29008.201,29963.798,30954.902,31983.285,33050.868,34159.746,35312.224,36510.870,37758.589,39058.733,40415.263,41832.997,43318.004,44878.230,46524.551,48272.587,50145.959,52182.174,54442.494,57021.146,60000.000,60000.000,60000.000,60000.000,60000.000,60000.000,60000.000,60000.000,60000.000,60000.000,60000.000,60000.000,60000.000,60000.000,60000.000,60000.000,60000.000,60000.000,60000.000,60000.000,60000.000,60000.000,60000.000,60000.000,60000.000,60000.000,60000.000,60000.000,60000.000,60000.000,60000.000,60000.000,60000.000,60000.000,57189.859,54765.989,52649.450,50748.974,49004.914,47380.497,45852.376,44404.980,43027.375,41711.521,40451.247,39241.649,38078.694,36958.987,35879.599,34837.959,33831.779,32858.998,31917.744,31006.303,30123.097,29266.667,28435.658,27628.808,26844.942,26082.955,25341.815,24620.551,23918.247,23234.041,22567.119,21916.709,21282.081,20662.540,20057.425,19466.108,18887.986,18322.486,17769.055,17227.164,16696.304,16175.982,15665.722,15165.063,14673.557,14190.767,13716.265,13249.633,12790.460,12338.340,11892.870,11453.654,11020.294,10592.394,10169.556,9751.381,9337.464,8927.398,8520.767,8117.149,7716.111,7317.212,6919.997,6524.004,6128.756,5733.767,5338.540,4942.574,4545.368,4146.428,3745.281,3341.492,2934.685,2524.580,2111.023,1694.033,1273.841,850.923,426.000,0.000,0.000,0.000,0.000,0.000,0.000,0.000,0.000,0.000,0.000,0.000,0.000,0.000,0.000,2.315,4.419,6.125,7.295,7.848,7.758,7.054,5.807,4.126,2.141,0.000
0.000,85.387,170.871,256.538,342.473,428.759,515.483,602.728,690.581,779.129,868.457,958.653,1049.805,1142.002,1235.332,1329.886,1425.756,1523.032,1621.810,1722.182,1824.245,1928.097,2033.833,2141.556,2251.367,2363.368,2477.664,2594.363,2713.573,2835.404,2959.970,3087.387,3217.771,3351.244,3487.927,3627.947,3771.433,3918.515,4069.329,4224.012,4382.707,4545.558,4712.716,4884.333,5060.566,5241.579,5427.535,5618.608,5814.974,6016.813,6224.314,6437.669,6657.076,6882.742,7114.878,7353.703,7599.443,7852.332,8112.612,8380.534,8656.355,8940.345,9232.782,9533.953,9844.157,10163.706,10492.920,10832.135,11181.698,11541.971,11913.331,12296.167,12690.891,13097.925,13517.713,13950.719,14397.426,14858.338,15333.984,15824.917,16331.714,16854.981,17395.356,17953.504,18530.127,19125.963,19741.786,20378.413,21036.706,21717.573,22421.974,23150.925,23905.502,24686.844,25496.160,26334.738,27203.946,28105.245,29040.195,30010.470,31017.865,32064.318,33151.927,34282.977,35459.980,36685.718,37963.311,39296.321,40688.891,42145.956,43673.561,45279.343,46973.251,48768.597,50683.464,52742.029,54973.603,57401.480,60000.000,60000.000,60000.000,60000.000,60000.000,60000.000,60000.000,60000.000,60000.000,60000.000,60000.000,60000.000,60000.000,60000.000,60000.000,60000.000,60000.000,60000.000,60000.000,60000.000,60000.000,60000.000,60000.000,60000.000,60000.000,60000.000,60000.000,60000.000,60000.000,60000.000,60000.000,60000.000,60000.000,60000.000,57567.378,55299.264,53220.133,51307.085,49531.316,47868.952,46302.021,44817.200,43404.476,42056.129,40766.035,39529.199,38341.440,37199.186,36099.324,35039.102,34016.059,33027.974,32072.824,31148.760,30254.078,29387.209,28546.697,27731.190,26939.428,26170.237,25422.518,24695.239,23987.436,23298.196,22626.665,21972.033,21333.534,20710.445,20102.077,19507.776,18926.919,18358.910,17803.182,17259.188,16726.403,16204.324,15692.462,15190.345,14697.517,14213.531,13737.953,13270.358,12810.329,12357.455,11911.331,11471.553,11037.723,10609.441,10186.308,9767.921,9353.876,8943.762,8537.163,8133.653,7732.798,7334.153,6937.260,6541.646,6146.824,5752.294,5357.538,4962.025,4565.216,4166.564,3765.533,3361.603,2954.304,2543.248,2128.171,1709.002,1285.927,859.447,430.416,0.000,0.000,0.000,0.000,0.000,0.000,0.000,0.000,0.000,0.000,0.000,0.000,0.000,0.000,2.937,5.591,7.723,9.160,9.810,9.657,8.747,7.180,5.089,2.637,0.000
0.000,84.366,168.830,253.475,338.385,423.644,509.337,595.548,682.363,769.866,858.145,947.285,1037.375,1128.501,1220.754,1314.221,1408.996,1505.167,1602.830,1702.078,1803.005,1905.709,2010.287,2116.839,2225.466,2336.270,2449.357,2564.833,2682.806,2803.387,2926.689,3052.827,3181.919,3314.084,3449.446,3588.131,3730.266,3875.985,4025.421,4178.713,4336.004,4497.439,4663.168,4833.345,5008.129,5187.681,5372.168,5561.764,5756.646,5956.996,6163.004,6374.864,6592.777,6816.949,7047.595,7284.936,7529.202,7780.628,8039.460,8305.951,8580.364,8862.970,9154.055,9453.908,9762.835,10081.152,10409.187,10747.280,11095.787,11455.078,11825.536,12207.564,12601.578,13008.015,13427.330,13859.999,14306.519,14767.411,15243.219,15734.513,16241.892,16765.984,17307.449,17866.978,18445.303,19043.192,19661.454,20300.945,20962.566,21647.273,22356.078,23090.052,23850.331,24638.126,25454.721,26301.487,27179.886,28091.481,29037.944,30021.071,31042.790,32105.182,33210.496,34361.175,35559.884,36809.550,38113.413,39475.103,40898.730,42389.026,43951.538,45592.869,47320.985,49145.489,51077.600,53129.115,55308.560,57611.218,60000.000,60000.000,60000.000,60000.000,60000.000,60000.000,60000.000,60000.000,60000.000,60000.000,60000.000,60000.000,60000.000,60000.000,60000.000,60000.000,60000.000,60000.000,60000.000,60000.000,60000.000,60000.000,60000.000,60000.000,60000.000,60000.000,60000.000,60000.000,60000.000,60000.000,60000.000,60000.000,60000.000,60000.000,57780.553,55643.821,53625.087,51728.355,49944.825,48262.557,46670.201,45158.031,43717.965,42343.302,41028.432,39768.584,38559.639,37397.992,36280.445,35204.137,34166.488,33165.151,32197.984,31263.024,30358.464,29482.634,28633.991,27811.104,27012.640,26237.358,25484.103,24751.789,24039.405,23345.998,22670.673,22012.588,21370.947,20744.999,20134.031,19537.368,18954.367,18384.416,17826.930,17281.348,16747.136,16223.776,15710.771,15207.641,14713.920,14229.157,13752.911,13284.751,12824.257,12371.014,11924.613,11484.650,11050.723,10622.432,10199.377,9781.155,9367.360,8957.584,8551.407,8148.407,7748.145,7350.177,6954.037,6559.250,6165.317,5771.722,5377.924,4983.361,4587.448,4189.578,3789.130,3385.482,2978.031,2566.232,2149.656,1728.071,1301.553,870.605,436.245,0.000,0.000,0.000,0.000,0.000,0.000,0.000,0.000,0.000,0.000,0.000,0.000,0.000,0.000,3.840,7.287,10.016,11.813,12.578,12.314,11.101,9.076,6.415,3.318,0.000
0.000,83.289,166.675,250.240,334.068,418.242,502.846,587.965,673.681,760.081,847.250,935.273,1024.238,1114.232,1205.342,1297.659,1391.272,1486.272,1582.751,1680.803,1780.523,1882.006,1985.350,2090.654,2198.019,2307.547,2419.342,2533.510,2650.159,2769.400,2891.345,3016.109,3143.810,3274.567,3408.504,3545.745,3686.420,3830.660,3978.600,4130.380,4286.141,4446.029,4610.194,4778.792,4951.980,5129.921,5312.784,5500.742,5693.974,5892.663,6096.999,6307.178,6523.402,6745.880,6974.828,7210.470,7453.036,7702.765,7959.906,8224.714,8497.456,8778.407,9067.854,9366.094,9673.435,9990.199,10316.718,10653.340,11000.427,11358.354,11727.513,12108.315,12501.186,12906.571,13324.938,13756.772,14202.584,14662.907,15138.302,15629.356,16136.684,16660.934,17202.787,17762.961,18342.210,18941.332,19561.167,20202.605,20866.586,21554.109,22266.229,23004.070,23768.826,24561.768,25384.251,26237.721,27123.725,28043.917,29000.071,29994.092,31028.025,32104.075,33224.619,34392.225,35609.674,36879.987,38206.452,39592.664,41042.565,42560.499,44151.257,45820.112,47572.773,49415.144,51352.632,53388.490,55520.435,57734.875,60000.000,60000.000,60000.000,60000.000,60000.000,60000.000,60000.000,60000.000,60000.000,60000.000,60000.000,60000.000,60000.000,60000.000,60000.000,60000.000,60000.000,60000.000,60000.000,60000.000,60000.000,60000.000,60000.000,60000.000,60000.000,60000.000,60000.000,60000.000,60000.000,60000.000,60000.000,60000.000,60000.000,60000.000,57911.163,55870.620,53908.365,52036.828,50257.555,48566.801,46958.813,45427.435,43966.783,42571.470,41236.645,39957.951,38731.470,37553.666,36421.334,35331.560,34281.683,33269.267,32292.077,31348.057,30435.310,29552.087,28696.768,27867.851,27063.942,26283.744,25526.048,24789.726,24073.723,23377.051,22698.782,22038.044,21394.017,20765.924,20153.033,19554.650,18970.114,18398.801,17840.110,17293.472,16758.338,16234.185,15720.506,15216.815,14722.640,14237.524,13761.022,13292.701,12832.136,12378.911,11932.615,11492.845,11059.197,10631.271,10208.668,9790.987,9377.824,8968.769,8563.409,8161.319,7762.064,7365.197,6970.254,6576.751,6184.184,5792.022,5399.703,5006.632,4612.177,4215.662,3816.374,3413.562,3006.454,2594.293,2176.397,1752.266,1321.749,885.259,443.988,0.000,0.000,0.000,0.000,0.000,0.000,0.000,0.000,0.000,0.000,0.000,0.000,0.000,0.000,5.138,9.702,13.244,15.500,16.378,15.922,14.267,11.609,8.177,4.220,0.000
0.000,82.155,164.406,246.834,329.523,412.555,496.012,579.979,664.538,749.775,835.773,922.619,1010.397,1099.195,1189.100,1280.201,1372.586,1466.347,1561.574,1658.361,1756.802,1856.991,1959.027,2063.006,2169.030,2277.200,2387.620,2500.395,2615.633,2733.443,2853.939,2977.234,3103.446,3232.694,3365.100,3500.790,3639.893,3782.540,3928.866,4079.010,4233.113,4391.323,4553.789,4720.666,4892.113,5068.293,5249.376,5435.534,5626.947,5823.799,6026.282,6234.593,6448.933,6669.515,6896.555,7130.278,7370.918,7618.714,7873.918,8136.787,8407.591,8686.609,8974.131,9270.456,9575.897,9890.780,10215.442,10550.237,10895.530,11251.705,11619.159,11998.311,12389.593,12793.461,13210.391,13640.879,14085.446,14544.639,15019.031,15509.222,16015.846,16539.567,17081.085,17641.139,18220.506,18820.009,19440.516,20082.948,20748.279,21437.544,22151.841,22892.339,23660.281,24456.996,25283.899,26142.505,27034.435,27961.425,28925.340,29928.179,30972.093,32059.393,33192.563,34374.279,35607.411,36895.042,38240.472,39647.217,41119.002,42659.730,44273.409,45964.023,47735.259,49590.025,51529.566,53551.977,55649.938,57807.887,60000.000,60000.000,60000.000,60000.000,60000.000,60000.000,60000.000,60000.000,60000.000,60000.000,60000.000,60000.000,60000.000,60000.000,60000.000,60000.000,60000.000,60000.000,60000.000,60000.000,60000.000,60000.000,60000.000,60000.000,60000.000,60000.000,60000.000,60000.000,60000.000,60000.000,60000.000,60000.000,60000.000,60000.000,57993.617,56019.354,54101.232,52253.421,50482.222,48788.804,47171.405,45626.765,44150.969,42739.912,41389.538,40095.963,38855.527,37664.812,36520.651,35420.107,34360.472,33339.245,32354.117,31402.959,30483.803,29594.831,28734.358,27900.825,27092.787,26308.896,25547.902,24808.639,24090.016,23391.016,22710.682,22048.119,21402.483,20772.981,20158.863,19559.417,18973.973,18401.890,17842.561,17295.405,16759.868,16235.417,15721.540,15217.747,14723.561,14238.521,13762.180,13294.104,12833.865,12381.047,11935.241,11496.041,11063.047,10635.860,10214.084,9797.319,9385.166,8977.219,8573.066,8172.288,7774.453,7379.116,6985.814,6594.063,6203.354,5813.146,5422.860,5031.871,4639.504,4245.015,3847.590,3446.337,3040.281,2628.389,2209.619,1783.042,1348.059,904.777,454.477,0.000,0.000,0.000,0.000,0.000,0.000,0.000,0.000,0.000,0.000,0.000,0.000,0.000,0.000,7.011,13.140,17.760,20.567,21.516,20.731,18.440,14.917,10.464,5.388,0.000
0.000,80.965,162.024,243.258,324.751,406.582,488.835,571.592,654.936,738.950,823.718,909.325,995.855,1083.395,1172.031,1261.851,1352.943,1445.397,1539.304,1634.756,1731.846,1830.669,1931.320,2033.899,2138.503,2245.235,2354.196,2465.493,2579.232,2695.523,2814.476,2936.207,3060.831,3188.468,3319.239,3453.271,3590.690,3731.628,3876.220,4024.605,4176.923,4333.323,4493.953,4658.968,4828.528,5002.795,5181.939,5366.134,5555.559,5750.400,5950.848,6157.100,6369.360,6587.841,6812.760,7044.344,7282.827,7528.451,7781.469,8042.141,8310.738,8587.542,8872.844,9166.949,9470.172,9782.842,10105.301,10437.905,10781.027,11135.053,11500.389,11877.457,12266.697,12668.573,13083.568,13512.187,13954.961,14412.448,14885.230,15373.923,15879.172,16401.657,16942.095,17501.241,18079.894,18678.898,19299.146,19941.585,20607.218,21297.111,22012.401,22754.293,23524.077,24323.128,25152.916,26015.014,26911.109,27843.010,28812.657,29822.137,30873.690,31969.721,33112.813,34305.730,35551.425,36853.036,38213.871,39637.380,41127.100,42686.562,44319.128,46027.754,47814.600,49680.453,51623.884,53640.098,55719.561,57846.771,60000.000,60000.000,60000.000,60000.000,60000.000,60000.000,60000.000,60000.000,60000.000,60000.000,60000.000,60000.000,60000.000,60000.000,60000.000,60000.000,60000.000,60000.000,60000.000,60000.000,60000.000,60000.000,60000.000,60000.000,60000.000,60000.000,60000.000,60000.000,60000.000,60000.000,60000.000,60000.000,60000.000,60000.000,58044.078,56112.157,54224.074,52393.766,50629.542,48935.290,47311.803,45757.875,44271.099,42848.406,41486.419,40181.670,38930.739,37730.328,36577.308,35468.742,34401.885,33374.186,32383.282,31426.981,30503.261,29610.245,28746.201,27909.520,27098.714,26312.399,25549.289,24808.186,24087.974,23387.609,22706.115,22042.575,21396.131,20765.973,20151.336,19551.501,18965.784,18393.538,17834.146,17287.022,16751.604,16227.357,15713.765,15210.332,14716.582,14232.051,13756.291,13288.866,12829.352,12377.332,11932.398,11494.146,11062.180,10636.104,10215.526,9800.051,9389.283,8982.824,8580.268,8181.200,7785.197,7391.817,7000.604,6611.078,6222.729,5835.013,5447.342,5059.072,4669.490,4277.796,3883.084,3484.316,3080.297,2669.665,2250.901,1822.419,1382.812,931.398,469.173,0.000,0.000,0.000,0.000,0.000,0.000,0.000,0.000,0.000,0.000,0.000,0.000,0.000,0.000,9.769,18.089,24.093,27.497,28.389,27.051,23.846,19.159,13.375,6.867,0.000
0.000,79.718,159.528,239.513,319.752,400.326,481.318,562.807,644.877,727.609,811.087,895.395,980.616,1066.835,1154.139,1242.613,1332.347,1423.427,1515.946,1609.993,1705.661,1803.044,1902.237,2003.338,2106.445,2211.657,2319.078,2428.812,2540.964,2655.645,2772.963,2893.034,3015.972,3141.896,3270.928,3403.192,3538.816,3677.930,3820.669,3967.171,4117.578,4272.034,4430.691,4593.703,4761.228,4933.429,5110.477,5292.545,5479.812,5672.464,5870.693,6074.696,6284.679,6500.852,6723.437,6952.658,7188.753,7431.965,7682.545,7940.758,8206.876,8481.181,8763.969,9055.545,9356.227,9666.347,9986.251,10316.298,10656.864,11008.341,11371.137,11745.681,12132.418,12531.819,12944.371,13370.590,13811.012,14266.204,14736.759,15223.302,15726.490,16247.015,16785.609,17343.041,17920.127,18517.729,19136.760,19778.188,20443.042,21132.415,21847.473,22589.455,23359.686,24159.583,24990.661,25854.542,26752.971,27687.815,28661.083,29674.935,30731.691,31833.841,32984.054,34185.185,35440.270,36752.512,38125.259,39561.952,41066.033,42640.813,44289.260,46013.683,47815.294,49693.605,51645.657,53665.140,55741.542,57859.670,60000.000,60000.000,60000.000,60000.000,60000.000,60000.000,60000.000,60000.000,60000.000,60000.000,60000.000,60000.000,60000.000,60000.000,60000.000,60000.000,60000.000,60000.000,60000.000,60000.000,60000.000,60000.000,60000.000,60000.000,60000.000,60000.000,60000.000,60000.000,60000.000,60000.000,60000.000,60000.000,60000.000,60000.000,58070.659,56161.319,54289.416,52468.374,50707.307,49011.494,47383.188,45822.439,44327.806,42896.909,41526.825,40214.372,38956.287,37749.349,36590.451,35476.643,34405.148,33373.376,32378.913,31419.525,30493.140,29597.840,28731.852,27893.534,27081.362,26293.925,25529.911,24788.099,24067.352,23366.609,22684.878,22021.229,21374.790,20744.741,20130.310,19530.767,18945.424,18373.627,17814.755,17268.217,16733.448,16209.911,15697.088,15194.483,14701.617,14218.028,13743.269,13276.905,12818.512,12367.678,11923.997,11487.070,11056.503,10631.907,10212.893,9799.076,9390.066,8985.470,8584.893,8187.929,7794.163,7403.164,7014.485,6627.655,6242.173,5857.500,5473.048,5088.167,4702.128,4314.092,3923.085,3527.948,3127.282,2719.380,2302.157,1873.123,1429.520,968.918,490.849,0.000,0.000,0.000,0.000,0.000,0.000,0.000,0.000,0.000,0.000,0.000,0.000,0.000,0.000,13.979,25.357,33.031,36.943,37.497,35.242,30.737,24.502,17.012,8.707,0.000
0.000,78.415,156.922,235.600,314.529,393.790,473.462,553.626,634.363,715.756,797.884,880.832,964.683,1049.520,1135.428,1222.493,1310.803,1400.444,1491.506,1584.079,1678.254,1774.125,1871.786,1971.333,2072.863,2176.476,2282.274,2390.360,2500.839,2613.819,2729.410,2847.725,2968.879,3092.989,3220.177,3350.566,3484.282,3621.457,3762.224,3906.719,4055.086,4207.467,4364.014,4524.879,4690.222,4860.205,5034.998,5214.774,5399.712,5589.998,5785.823,5987.386,6194.892,6408.552,6628.586,6855.222,7088.695,7329.250,7577.141,7832.632,8095.995,8367.515,8647.490,8936.225,9234.041,9541.271,9858.265,10185.383,10523.005,10871.525,11231.357,11602.931,11986.699,12383.133,12792.729,13216.006,13653.508,14105.808,14573.508,15057.238,15557.667,16075.495,16611.466,17166.360,17741.007,18336.282,18953.115,19592.492,20255.460,20943.134,21656.702,22397.431,23166.676,23965.884,24796.607,25660.509,26559.376,27495.130,28469.834,29485.711,30545.149,31650.715,32805.165,34011.441,35272.672,36592.159,37973.339,39419.728,40934.813,42521.899,44183.865,45922.821,47739.631,49633.299,51600.224,53633.424,55721.895,57850.398,60000.000,60000.000,60000.000,60000.000,60000.000,60000.000,60000.000,60000.000,60000.000,60000.000,60000.000,60000.000,60000.000,60000.000,60000.000,60000.000,60000.000,60000.000,60000.000,60000.000,60000.000,60000.000,60000.000,60000.000,60000.000,60000.000,60000.000,60000.000,60000.000,60000.000,60000.000,60000.000,60000.000,60000.000,58077.355,56173.236,54304.160,52483.341,50720.217,49020.658,47387.543,45821.472,44321.419,42885.291,41510.346,40193.498,38931.523,37721.207,36559.421,35443.183,34369.679,33336.276,32340.523,31380.146,30453.039,29557.253,28690.988,27852.574,27040.468,26253.238,25489.555,24748.185,24027.976,23327.857,22646.826,21983.946,21338.337,20709.173,20095.679,19497.119,18912.802,18342.072,17784.306,17238.912,16705.325,16183.006,15671.438,15170.127,14678.595,14196.382,13723.043,13258.146,12801.271,12352.009,11909.959,11474.727,11045.926,10623.172,10206.086,9794.288,9387.398,8985.035,8586.812,8192.335,7801.203,7413.000,7027.291,6643.622,6261.508,5880.426,5499.804,5119.004,4737.302,4353.857,3967.669,3577.516,3181.862,2778.727,2365.485,1938.604,1493.377,1024.001,525.336,0.000,0.000,0.000,0.000,0.000,0.000,0.000,0.000,0.000,0.000,0.000,0.000,0.000,0.000,20.792,36.332,45.739,49.753,49.419,45.690,39.364,31.102,21.466,10.949,0.000
0.000,77.056,154.204,231.519,309.083,386.974,465.270,544.052,623.400,703.393,784.114,865.642,948.062,1031.455,1115.905,1201.498,1288.318,1376.454,1465.992,1557.021,1649.633,1743.920,1839.974,1937.891,2037.767,2139.702,2243.795,2350.148,2458.867,2570.057,2683.829,2800.294,2919.565,3041.760,3166.999,3295.404,3427.102,3562.222,3700.897,3843.263,3989.461,4139.635,4293.934,4452.511,4615.524,4783.136,4955.515,5132.834,5315.272,5503.014,5696.252,5895.183,6100.011,6310.950,6528.217,6752.042,6982.660,7220.315,7465.262,7717.765,7978.098,8246.546,8523.405,8808.985,9103.607,9407.606,9721.331,10045.146,10379.432,10724.585,11081.023,11449.177,11829.502,12222.475,12628.594,13048.383,13482.391,13931.194,14395.400,14875.646,15372.607,15886.991,16419.547,16971.067,17542.388,18134.397,18748.035,19384.299,20044.252,20729.024,21439.820,22177.925,22944.716,23741.664,24570.348,25432.461,26329.825,27264.398,28238.290,29253.774,30313.298,31419.498,32575.207,33783.463,35047.504,36370.761,37756.821,39209.375,40732.117,42328.582,44001.909,45754.481,47587.435,49500.004,51488.726,53546.588,55662.308,57820.055,60000.000,60000.000,60000.000,60000.000,60000.000,60000.000,60000.000,60000.000,60000.000,60000.000,60000.000,60000.000,60000.000,60000.000,60000.000,60000.000,60000.000,60000.000,60000.000,60000.000,60000.000,60000.000,60000.000,60000.000,60000.000,60000.000,60000.000,60000.000,60000.000,60000.000,60000.000,60000.000,60000.000,60000.000,58065.634,56150.294,54270.900,52440.933,50669.952,48963.828,47325.369,45755.055,44251.731,42813.167,41436.497,40118.520,38855.919,37645.391,36483.740,35367.924,34295.078,33262.528,32267.788,31308.556,30382.702,29488.258,28623.405,27786.461,26975.871,26190.194,25428.093,24688.327,23969.741,23271.258,22591.873,21930.648,21286.700,20659.203,20047.380,19450.496,18867.861,18298.818,17742.747,17199.055,16667.182,16146.589,15636.764,15137.213,14647.462,14167.056,13695.553,13232.526,12777.561,12330.253,11890.207,11457.037,11030.363,10609.808,10195.003,9785.578,9381.163,8981.389,8585.883,8194.267,7806.153,7421.144,7038.828,6658.769,6280.510,5903.554,5527.360,5151.325,4774.761,4396.866,4016.676,3632.997,3244.292,2848.499,2442.719,2022.647,1581.543,1108.475,586.530,0.000,0.000,0.000,0.000,0.000,0.000,0.000,0.000,0.000,0.000,0.000,0.000,0.000,0.000,32.864,53.449,63.847,66.920,64.744,58.742,49.932,39.082,26.805,13.623,0.000
0.000,75.643,151.375,227.274,303.416,379.881,456.746,534.089,611.990,690.527,769.780,849.831,930.759,1012.647,1095.578,1179.634,1264.902,1351.466,1439.412,1528.830,1619.809,1712.440,1806.814,1903.026,2001.171,2101.347,2203.653,2308.190,2415.062,2524.374,2636.234,2750.754,2868.045,2988.225,3111.411,3237.725,3367.294,3500.244,3636.708,3776.820,3920.722,4068.556,4220.471,4376.618,4537.154,4702.242,4872.048,5046.746,5226.512,5411.533,5601.998,5798.104,6000.056,6208.065,6422.350,6643.138,6870.665,7105.176,7346.924,7596.174,7853.198,8118.284,8391.728,8673.837,8964.936,9265.358,9575.454,9895.589,10226.145,10567.519,10920.129,11284.409,11660.817,12049.829,12451.947,12867.696,13297.628,13742.324,14202.393,14678.478,15171.255,15681.438,16209.781,16757.080,17324.179,17911.971,18521.402,19153.480,19809.274,20489.924,21196.645,21930.734,22693.581,23486.672,24311.601,25170.083,26063.961,26995.220,27966.002,28978.618,30035.562,31139.531,32293.432,33500.395,34763.783,36087.183,37474.392,38929.379,40456.197,42058.859,43741.115,45506.120,47355.933,49290.812,51308.287,53402.040,55560.781,57767.543,60000.000,60000.000,60000.000,60000.000,60000.000,60000.000,60000.000,60000.000,60000.000,60000.000,60000.000,60000.000,60000.000,60000.000,60000.000,60000.000,60000.000,60000.000,60000.000,60000.000,60000.000,60000.000,60000.000,60000.000,60000.000,60000.000,60000.000,60000.000,60000.000,60000.000,60000.000,60000.000,60000.000,60000.000,58034.997,56091.581,54188.461,52339.855,50555.207,48839.773,47195.547,45622.206,44117.891,42679.811,41304.662,39988.923,38729.039,37521.539,36363.105,35250.610,34181.131,33151.952,32160.559,31204.631,30282.025,29390.764,28529.028,27695.130,26887.516,26104.746,25345.483,24608.491,23892.615,23196.784,22519.994,21861.311,21219.857,20594.808,19985.392,19390.878,18810.579,18243.843,17690.053,17148.622,16618.993,16100.633,15593.032,15095.704,14608.180,14130.008,13660.754,13199.997,12747.328,12302.349,11864.675,11433.927,11009.731,10591.725,10179.545,9772.836,9371.239,8974.400,8581.960,8193.560,7808.831,7427.398,7048.873,6672.851,6298.906,5926.581,5555.382,5184.760,4814.096,4442.673,4069.633,3693.922,3314.182,2928.587,2534.525,2127.950,1701.848,1241.940,712.352,0.000,0.000,0.000,0.000,0.000,0.000,0.000,0.000,0.000,0.000,0.000,0.000,0.000,0.000,57.222,80.763,89.289,89.350,83.904,74.611,62.547,48.492,33.054,16.739,0.000
0.000,74.175,148.438,222.864,297.531,372.515,447.892,523.741,600.138,677.161,754.890,833.403,912.781,993.104,1074.453,1156.911,1240.562,1325.489,1411.779,1499.517,1588.794,1679.697,1772.318,1866.750,1963.088,2061.426,2161.864,2264.502,2369.441,2476.786,2586.644,2699.124,2814.339,2932.402,3053.432,3177.548,3304.876,3435.542,3569.676,3707.414,3848.893,3994.255,4143.649,4297.224,4455.136,4617.547,4784.623,4956.534,5133.459,5315.580,5503.087,5696.177,5895.052,6099.923,6311.009,6528.535,6752.737,6983.859,7222.153,7467.883,7721.322,7982.756,8252.480,8530.804,8818.048,9114.549,9420.655,9736.733,10063.162,10400.343,10748.691,11108.642,11480.653,11865.203,12262.792,12673.948,13099.222,13539.197,13994.483,14465.723,14953.596,15458.817,15982.142,16524.368,17086.342,17668.958,18273.165,18899.974,19550.456,20225.754,20927.086,21655.755,22413.153,23200.772,24020.214,24873.200,25761.583,26687.362,27652.697,28659.922,29711.565,30810.366,31959.295,33161.572,34420.683,35740.392,37124.748,38578.071,40104.912,41709.977,43397.965,45173.296,47039.657,48999.267,51051.764,53192.640,55411.318,57689.361,60000.000,60000.000,60000.000,60000.000,60000.000,60000.000,60000.000,60000.000,60000.000,60000.000,60000.000,60000.000,60000.000,60000.000,60000.000,60000.000,60000.000,60000.000,60000.000,60000.000,60000.000,60000.000,60000.000,60000.000,60000.000,60000.000,60000.000,60000.000,60000.000,60000.000,60000.000,60000.000,60000.000,60000.000,57982.876,55992.749,54051.748,52175.124,50371.620,48644.939,46995.329,45420.873,43918.414,42484.169,41114.113,39804.212,38550.558,37349.443,36197.393,35091.180,34027.817,33004.555,32018.861,31068.407,30151.051,29264.823,28407.908,27578.634,26775.455,25996.943,25241.774,24508.721,23796.642,23104.473,22431.225,21775.968,21137.836,20516.015,19909.737,19318.282,18740.970,18177.156,17626.230,17087.614,16560.755,16045.129,15540.233,15045.586,14560.727,14085.212,13618.614,13160.519,12710.526,12268.247,11833.304,11405.327,10983.955,10568.834,10159.614,9755.951,9357.502,8963.928,8574.888,8190.041,7809.042,7431.541,7057.180,6685.587,6316.378,5949.143,5583.450,5218.823,4854.738,4490.603,4125.730,3759.301,3390.310,3017.479,2639.134,2253.022,1856.150,1445.216,1021.004,615.077,437.045,341.864,282.256,240.520,209.021,184.020,163.482,146.225,131.554,119.122,108.980,101.926,100.804,115.277,123.105,123.214,117.299,106.927,93.261,77.163,59.293,40.182,20.283,0.000
0.000,72.654,145.393,218.293,291.430,364.878,438.713,513.012,587.849,663.302,739.449,816.368,894.136,972.834,1052.541,1133.339,1215.309,1298.536,1383.102,1469.094,1556.599,1645.705,1736.501,1829.079,1923.532,2019.956,2118.445,2219.100,2322.021,2427.312,2535.077,2645.425,2758.466,2874.314,2993.085,3114.898,3239.875,3368.142,3499.830,3635.069,3773.999,3916.759,4063.496,4214.358,4369.500,4529.083,4693.270,4862.231,5036.143,5215.188,5399.554,5589.436,5785.035,5986.561,6194.232,6408.271,6628.913,6856.401,7090.986,7332.931,7582.507,7839.999,8105.702,8379.923,8662.983,8955.217,9256.972,9568.614,9890.522,10223.093,10566.745,10921.911,11289.047,11668.631,12061.164,12467.171,12887.203,13321.842,13771.696,14237.408,14719.655,15219.152,15736.652,16272.952,16828.895,17405.375,18003.339,18623.792,19267.806,19936.518,20631.145,21352.984,22103.423,22883.950,23696.163,24541.777,25422.645,26340.762,27298.291,28297.571,29341.145,30431.778,31572.486,32766.558,34017.594,35329.530,36706.676,38153.744,39675.864,41278.591,42967.845,44749.771,46630.416,48615.070,50707.044,52905.571,55202.570,57578.610,60000.000,60000.000,60000.000,60000.000,60000.000,60000.000,60000.000,60000.000,60000.000,60000.000,60000.000,60000.000,60000.000,60000.000,60000.000,60000.000,60000.000,60000.000,60000.000,60000.000,60000.000,60000.000,60000.000,60000.000,60000.000,60000.000,60000.000,60000.000,60000.000,60000.000,60000.000,60000.000,60000.000,60000.000,57903.864,55844.960,53850.897,51937.574,50111.571,48373.456,46720.435,45148.075,43651.307,42224.973,40864.090,39563.979,38320.307,37129.091,35986.692,34889.780,33835.321,32820.539,31842.902,30900.091,29989.982,29110.625,28260.228,27437.143,26639.847,25866.934,25117.103,24389.144,23681.936,22994.433,22325.661,21674.707,21040.718,20422.893,19820.478,19232.765,18659.083,18098.800,17551.315,17016.060,16492.492,15980.094,15478.374,14986.860,14505.099,14032.657,13569.114,13114.066,12667.122,12227.903,11796.041,11371.177,10952.963,10541.054,10135.115,9734.816,9339.829,8949.833,8564.506,8183.528,7806.580,7433.339,7063.479,6696.669,6332.569,5970.826,5611.076,5252.932,4895.982,4539.784,4183.858,3827.676,3470.668,3112.234,2751.816,2389.115,2024.728,1661.938,1311.491,1002.348,791.313,648.213,546.691,470.846,411.585,363.610,323.714,289.895,260.893,235.978,214.896,197.937,186.037,179.997,173.188,163.182,149.724,133.259,114.359,93.562,71.341,48.103,24.212,0.000
0.000,71.079,142.242,213.563,285.116,356.974,429.213,501.906,575.129,648.957,723.465,798.732,874.832,951.846,1029.851,1108.927,1189.155,1270.617,1353.396,1437.575,1523.240,1610.479,1699.379,1790.030,1882.524,1976.954,2073.416,2172.007,2272.826,2375.974,2481.557,2589.680,2700.453,2813.986,2930.396,3049.799,3172.317,3298.073,3427.197,3559.818,3696.073,3836.101,3980.045,4128.054,4280.281,4436.884,4598.026,4763.874,4934.605,5110.398,5291.439,5477.922,5670.047,5868.022,6072.062,6282.390,6499.239,6722.849,6953.471,7191.365,7436.802,7690.064,7951.443,8221.247,8499.794,8787.416,9084.459,9391.287,9708.278,10035.827,10374.348,10724.273,11086.057,11460.174,11847.123,12247.426,12661.634,13090.321,13534.097,13993.598,14469.500,14962.511,15473.381,16002.903,16551.913,17121.298,17712.000,18325.017,18961.409,19622.307,20308.915,21022.519,21764.494,22536.314,23339.559,24175.932,25047.264,25955.536,26902.893,27891.660,28924.373,30003.796,31132.961,32315.200,33554.191,34854.011,36219.201,37654.843,39166.652,40761.079,42445.411,44227.845,46117.439,48123.777,50255.950,52520.158,54914.855,57422.536,60000.000,60000.000,60000.000,60000.000,60000.000,60000.000,60000.000,60000.000,60000.000,60000.000,60000.000,60000.000,60000.000,60000.000,60000.000,60000.000,60000.000,60000.000,60000.000,60000.000,60000.000,60000.000,60000.000,60000.000,60000.000,60000.000,60000.000,60000.000,60000.000,60000.000,60000.000,60000.000,60000.000,60000.000,57787.721,55632.501,53569.541,51613.003,49763.993,48017.297,46365.354,44800.209,43314.343,41900.949,40553.966,39268.022,38038.353,36860.720,35731.335,34646.798,33604.047,32600.312,31633.080,30700.065,29799.177,28928.507,28086.301,27270.947,26480.959,25714.965,24971.694,24249.966,23548.687,22866.836,22203.461,21557.671,20928.632,20315.561,19717.722,19134.421,18565.003,18008.850,17465.373,16934.016,16414.249,15905.566,15407.487,14919.549,14441.310,13972.346,13512.250,13060.625,12617.093,12181.285,11752.845,11331.426,10916.689,10508.307,10105.957,9709.324,9318.097,8931.974,8550.652,8173.836,7801.232,7432.546,7067.489,6705.770,6347.097,5991.179,5637.723,5286.437,4937.029,4589.213,4242.720,3897.319,3552.854,3209.335,2867.101,2527.174,2191.947,1866.516,1560.833,1291.644,1077.755,913.079,785.531,684.660,602.928,535.178,477.923,428.795,386.187,349.041,316.724,288.924,265.440,245.515,226.497,206.626,185.182,162.045,137.368,111.400,84.415,56.684,28.463,0.000
0.000,69.452,138.986,208.675,278.591,348.807,419.396,490.431,561.984,634.131,706.946,780.503,854.879,930.151,1006.394,1083.689,1162.113,1241.747,1322.674,1404.975,1488.733,1574.036,1660.969,1749.620,1840.081,1932.442,2026.797,2123.243,2221.876,2322.797,2426.109,2531.915,2640.325,2751.447,2865.394,2982.284,3102.234,3225.368,3351.811,3481.694,3615.150,3752.316,3893.335,4038.353,4187.520,4340.993,4498.934,4661.508,4828.889,5001.254,5178.789,5361.684,5550.138,5744.356,5944.552,6150.947,6363.770,6583.261,6809.667,7043.247,7284.269,7533.013,7789.769,8054.842,8328.547,8611.214,8903.187,9204.826,9516.506,9838.620,10171.578,10515.809,10871.765,11239.916,11620.756,12014.805,12422.606,12844.732,13281.785,13734.398,14203.237,14689.006,15192.447,15714.343,16255.523,16816.863,17399.294,18003.799,18631.427,19283.293,19960.581,20664.558,21396.578,22158.091,22950.650,23775.927,24635.723,25531.984,26466.817,27442.513,28461.571,29526.727,30640.989,31807.687,33030.524,34313.653,35661.769,37080.236,38575.248,40154.048,41825.224,43599.063,45487.980,47506.867,49672.990,52004.380,54514.233,57196.702,60000.000,60000.000,60000.000,60000.000,60000.000,60000.000,60000.000,60000.000,60000.000,60000.000,60000.000,60000.000,60000.000,60000.000,60000.000,60000.000,60000.000,60000.000,60000.000,60000.000,60000.000,60000.000,60000.000,60000.000,60000.000,60000.000,60000.000,60000.000,60000.000,60000.000,60000.000,60000.000,60000.000,60000.000,57614.625,55327.951,53182.000,51181.200,49314.456,47566.799,45923.941,44373.582,42905.475,41511.130,40183.463,38916.492,37705.108,36544.883,35431.949,34362.884,33334.644,32344.500,31389.990,30468.886,29579.156,28718.950,27886.568,27080.453,26299.165,25541.377,24805.860,24091.474,23397.157,22721.921,22064.842,21425.058,20801.758,20194.182,19601.616,19023.384,18458.850,17907.412,17368.498,16841.565,16326.100,15821.608,15327.622,14843.693,14369.391,13904.302,13448.032,13000.197,12560.429,12128.372,11703.683,11286.026,10875.078,10470.523,10072.055,9679.374,9292.188,8910.212,8533.166,8160.779,7792.782,7428.914,7068.919,6712.550,6359.564,6009.730,5662.829,5318.659,4977.042,4637.841,4300.978,3966.474,3634.507,3305.524,2980.418,2660.830,2349.631,2051.571,1773.874,1525.805,1315.126,1140.942,997.802,879.435,780.374,696.330,624.077,561.239,506.076,457.330,414.084,375.642,341.323,310.166,280.694,251.674,222.359,192.397,161.688,130.270,98.248,65.761,32.960,0.000
0.000,67.773,135.627,203.632,271.860,340.382,409.268,478.590,548.421,618.833,689.899,761.692,834.287,907.759,982.183,1057.636,1134.196,1211.941,1290.952,1371.309,1453.095,1536.394,1621.291,1707.871,1796.225,1886.441,1978.613,2072.833,2169.199,2267.808,2368.761,2472.161,2578.113,2686.727,2798.113,2912.386,3029.662,3150.062,3273.712,3400.737,3531.271,3665.447,3803.408,3945.296,4091.262,4241.457,4396.043,4555.183,4719.047,4887.812,5061.660,5240.780,5425.367,5615.625,5811.764,6014.004,6222.572,6437.703,6659.643,6888.647,7124.981,7368.922,7620.757,7880.787,8149.325,8426.697,8713.243,9009.319,9315.298,9631.568,9958.534,10296.623,10646.278,11007.967,11382.178,11769.424,12170.244,12585.203,13014.896,13459.947,13921.014,14398.792,14894.012,15407.446,15939.909,16492.265,17065.426,17660.362,18278.099,18919.731,19586.417,20279.399,20999.999,21749.632,22529.815,23342.175,24188.468,25070.587,25990.583,26950.686,27953.328,29001.180,30097.183,31244.606,32447.107,33708.819,35034.468,36429.530,37900.463,39455.016,41102.707,42855.498,44728.806,46742.932,48924.932,51310.260,53941.070,56850.065,60000.000,60000.000,60000.000,60000.000,60000.000,60000.000,60000.000,60000.000,60000.000,60000.000,60000.000,60000.000,60000.000,60000.000,60000.000,60000.000,60000.000,60000.000,60000.000,60000.000,60000.000,60000.000,60000.000,60000.000,60000.000,60000.000,60000.000,60000.000,60000.000,60000.000,60000.000,60000.000,60000.000,60000.000,57342.933,54882.851,52649.548,50615.639,48746.191,47011.912,45390.493,43865.216,42423.408,41055.242,39752.913,38510.072,37321.435,36182.529,35089.501,34038.987,33028.020,32053.959,31114.429,30207.291,29330.599,28482.577,27661.603,26866.183,26094.941,25346.606,24620.001,23914.030,23227.676,22559.988,21910.079,21277.118,20660.325,20058.965,19472.348,18899.825,18340.778,17794.625,17260.813,16738.818,16228.140,15728.302,15238.851,14759.352,14289.388,13828.561,13376.486,12932.795,12497.133,12069.156,11648.534,11234.945,10828.081,10427.639,10033.330,9644.870,9261.987,8884.412,8511.890,8144.171,7781.016,7422.192,7067.479,6716.671,6369.574,6026.012,5685.834,5348.923,5015.202,4684.660,4357.372,4033.550,3713.600,3398.224,3088.566,2786.415,2494.459,2216.513,1957.507,1722.768,1516.171,1337.914,1185.434,1055.023,942.915,845.788,760.906,686.087,619.625,560.184,506.703,458.292,414.097,373.180,334.480,297.055,260.214,223.523,186.741,149.761,112.559,75.161,37.619,0.000
0.000,66.044,132.167,198.438,264.926,331.702,398.834,466.392,534.448,603.072,672.334,742.309,813.067,884.682,957.229,1030.782,1105.418,1181.214,1258.247,1336.598,1416.346,1497.574,1580.365,1664.805,1750.980,1838.977,1928.888,2020.805,2114.822,2211.035,2309.543,2410.447,2513.851,2619.862,2728.588,2840.142,2954.638,3072.196,3192.938,3316.989,3444.479,3575.541,3710.312,3848.935,3991.557,4138.329,4289.407,4444.954,4605.138,4770.131,4940.113,5115.272,5295.799,5481.896,5673.769,5871.636,6075.719,6286.253,6503.478,6727.648,6959.024,7197.879,7444.498,7699.177,7962.225,8233.965,8514.731,8804.876,9104.768,9414.788,9735.338,10066.837,10409.725,10764.462,11131.529,11511.432,11904.702,12311.895,12733.597,13170.422,13623.018,14092.067,14578.286,15082.433,15605.308,16147.756,16710.669,17294.995,17901.736,18531.957,19186.790,19867.438,20575.186,21311.406,22077.564,22875.235,23706.111,24572.015,25474.922,26416.975,27400.509,28428.087,29502.537,30627.000,31805.002,33040.541,34338.212,35703.384,37142.451,38663.207,40275.413,41991.704,43829.060,45811.330,47973.711,50370.780,53089.798,56262.513,60000.000,60000.000,60000.000,60000.000,60000.000,60000.000,60000.000,60000.000,60000.000,60000.000,60000.000,60000.000,60000.000,60000.000,60000.000,60000.000,60000.000,60000.000,60000.000,60000.000,60000.000,60000.000,60000.000,60000.000,60000.000,60000.000,60000.000,60000.000,60000.000,60000.000,60000.000,60000.000,60000.000,60000.000,56874.368,54211.153,51917.945,49885.919,48043.114,46344.577,44761.364,43273.894,41868.254,40534.118,39263.522,38050.131,36888.756,35775.058,34705.334,33676.372,32685.353,31729.776,30807.398,29916.198,29054.341,28220.153,27412.100,26628.771,25868.866,25131.179,24414.594,23718.071,23040.642,22381.402,21739.504,21114.154,20504.606,19910.157,19330.147,18763.949,18210.972,17670.657,17142.471,16625.909,16120.490,15625.754,15141.266,14666.604,14201.368,13745.174,13297.653,12858.448,12427.220,12003.638,11587.386,11178.158,10775.658,10379.601,9989.713,9605.726,9227.387,8854.448,8486.673,8123.838,7765.727,7412.140,7062.889,6717.806,6376.741,6039.572,5706.206,5376.596,5050.752,4728.757,4410.802,4097.222,3788.552,3485.606,3189.574,2902.138,2625.575,2362.787,2117.116,1891.805,1689.071,1509.282,1351.155,1212.451,1090.603,983.120,887.777,802.677,726.241,657.158,594.328,536.791,483.654,434.030,387.039,341.893,297.959,254.772,212.018,169.495,127.082,84.713,42.357,0.000
0.000,64.265,128.607,193.094,257.793,322.772,388.099,453.843,520.071,586.854,654.262,722.363,791.230,860.934,931.547,1003.143,1075.797,1149.583,1224.578,1300.859,1378.506,1457.597,1538.216,1620.446,1704.370,1790.076,1877.652,1967.188,2058.776,2152.510,2248.489,2346.809,2447.574,2550.888,2656.857,2765.592,2877.205,2991.814,3109.537,3230.498,3354.824,3482.646,3614.100,3749.324,3888.463,4031.667,4179.087,4330.885,4487.225,4648.277,4814.219,4985.233,5161.510,5343.246,5530.646,5723.923,5923.298,6128.999,6341.264,6560.344,6786.494,7019.985,7261.097,7510.120,7767.360,8033.134,8307.772,8591.622,8885.043,9188.414,9502.128,9826.599,10162.259,10509.560,10868.975,11241.003,11626.162,12025.000,12438.091,12866.038,13309.475,13769.070,14245.523,14739.576,15252.008,15783.643,16335.352,16908.053,17502.721,18120.387,18762.147,19429.162,20122.672,20843.993,21594.536,22375.806,23189.421,24037.117,24920.770,25842.412,26804.253,27808.707,28858.435,29956.387,31105.863,32310.603,33574.899,34903.755,36303.132,37780.293,39344.349,41007.124,42784.642,44699.824,46787.966,49109.475,51784.908,55110.220,60000.000,60000.000,60000.000,60000.000,60000.000,60000.000,60000.000,60000.000,60000.000,60000.000,60000.000,60000.000,60000.000,60000.000,60000.000,60000.000,60000.000,60000.000,60000.000,60000.000,60000.000,60000.000,60000.000,60000.000,60000.000,60000.000,60000.000,60000.000,60000.000,60000.000,60000.000,60000.000,60000.000,60000.000,55943.509,53169.640,50925.414,48967.289,47196.132,45562.334,44036.955,42601.250,41242.152,39950.049,38717.567,37538.850,36409.116,35324.366,34281.190,33276.632,32308.096,31373.273,30470.096,29596.696,28751.373,27932.575,27138.875,26368.959,25621.612,24895.708,24190.199,23504.106,22836.520,22186.585,21553.501,20936.516,20334.922,19748.052,19175.275,18615.997,18069.652,17535.706,17013.649,16502.998,16003.292,15514.092,15034.977,14565.546,14105.414,13654.212,13211.586,12777.197,12350.717,11931.832,11520.240,11115.650,10717.781,10326.365,9941.142,9561.863,9188.292,8820.201,8457.375,8099.611,7746.720,7398.530,7054.883,6715.646,6380.708,6049.991,5723.454,5401.107,5083.022,4769.354,4460.365,4156.458,3858.223,3566.484,3282.365,3007.334,2743.236,2492.234,2256.629,2038.503,1839.244,1659.184,1497.632,1353.185,1224.074,1108.445,1004.527,910.716,825.606,747.971,676.744,610.969,549.767,492.308,437.810,385.570,334.998,285.625,237.093,189.140,141.576,94.263,47.098,0.000
0.000,62.438,124.951,187.605,250.465,313.598,377.070,440.948,505.299,570.191,635.691,701.867,768.789,836.527,905.152,974.735,1045.349,1117.067,1189.963,1264.114,1339.596,1416.487,1494.868,1574.819,1656.424,1739.766,1824.933,1912.012,2001.092,2092.268,2185.633,2281.285,2379.321,2479.846,2582.963,2688.781,2797.409,2908.962,3023.557,3141.314,3262.359,3386.820,3514.828,3646.522,3782.042,3921.534,4065.149,4213.044,4365.380,4522.325,4684.053,4850.742,5022.580,5199.760,5382.483,5570.957,5765.401,5966.038,6173.102,6386.839,6607.501,6835.353,7070.669,7313.737,7564.855,7824.335,8092.503,8369.697,8656.272,8952.600,9259.067,9576.078,9904.056,10243.446,10594.711,10958.338,11334.837,11724.742,12128.615,12547.044,12980.649,13430.079,13896.019,14379.188,14880.346,15400.290,15939.862,16499.954,17081.505,17685.509,18313.019,18965.149,19643.085,20348.084,21081.487,21844.723,22639.318,23466.910,24329.258,25228.259,26165.966,27144.613,28166.646,29234.757,30351.944,31521.568,32747.452,34034.004,35386.397,36810.823,38314.868,39908.073,41602.799,43415.559,45369.020,47494.373,49830.229,52393.497,54984.235,56074.083,56627.107,56954.787,57172.370,57328.843,57447.850,57542.089,57618.978,57683.133,57737.566,57784.309,57824.755,57859.866,57890.299,57916.476,57938.645,57956.898,57971.199,57981.381,57987.141,57988.019,57983.368,57972.282,57953.503,57925.251,57884.933,57828.629,57750.098,57638.702,57474.699,57217.264,56770.460,55875.225,53730.181,51598.697,49647.048,47862.008,46212.161,44672.087,43223.338,41852.509,40549.607,39306.954,38118.479,36979.258,35885.199,34832.843,33819.204,32841.680,31897.962,30985.992,30103.912,29250.037,28422.826,27620.866,26842.854,26087.586,25353.944,24640.887,23947.444,23272.708,22615.830,21976.012,21352.503,20744.599,20151.633,19572.977,19008.034,18456.242,17917.066,17389.996,16874.551,16370.270,15876.713,15393.462,14920.117,14456.293,14001.623,13555.757,13118.356,12689.095,12267.664,11853.765,11447.108,11047.419,10654.433,10267.897,9887.568,9513.214,9144.615,8781.564,8423.865,8071.338,7723.816,7381.151,7043.217,6709.907,6381.146,6056.893,5737.148,5421.961,5111.451,4805.816,4505.358,4210.506,3921.849,3640.166,3366.458,3101.961,2848.134,2606.589,2378.942,2166.591,1970.454,1790.791,1627.201,1478.761,1344.228,1222.210,1111.306,1010.181,917.610,832.484,753.803,680.659,612.216,547.697,486.385,427.634,370.887,315.676,261.622,208.423,155.839,103.676,51.776,0.000
0.000,60.563,121.199,181.972,242.946,304.185,365.754,427.718,490.142,553.091,616.633,680.833,745.758,811.478,878.060,945.575,1014.093,1083.685,1154.424,1226.384,1299.640,1374.268,1450.346,1527.953,1607.169,1688.078,1770.763,1855.310,1941.807,2030.345,2121.015,2213.913,2309.134,2406.780,2506.952,2609.755,2715.298,2823.691,2935.050,3049.493,3167.141,3288.120,3412.559,3540.593,3672.359,3808.000,3947.665,4091.505,4239.681,4392.355,4549.697,4711.884,4879.098,5051.530,5229.375,5412.838,5602.132,5797.477,5999.104,6207.250,6422.165,6644.107,6873.346,7110.164,7354.852,7607.716,7869.074,8139.261,8418.622,8707.520,9006.334,9315.460,9635.313,9966.326,10308.952,10663.666,11030.967,11411.374,11805.434,12213.722,12636.838,13075.414,13530.113,14001.633,14490.707,14998.107,15524.644,16071.176,16638.604,17227.880,17840.010,18476.058,19137.146,19824.468,20539.285,21282.940,22056.862,22862.572,23701.698,24575.983,25487.301,26437.673,27429.291,28464.544,29546.052,30676.711,31859.748,33098.796,34397.985,35762.061,37196.524,38707.767,40303.154,41990.795,43778.352,45668.903,47648.241,49649.375,51469.412,52685.029,53479.592,54019.698,54405.874,54695.171,54920.486,55101.548,55250.706,55376.003,55482.840,55574.930,55654.860,55724.429,55784.869,55836.980,55881.221,55917.768,55946.539,55967.206,55979.184,55981.594,55973.196,55952.285,55916.510,55862.599,55785.886,55679.528,55533.104,55330.063,55042.893,54623.968,53989.446,53000.392,51503.477,49848.150,48202.358,46621.865,45118.795,43690.940,42332.267,41036.350,39797.363,38610.270,37470.768,36375.167,35320.283,34303.335,33321.874,32373.718,31456.910,30569.678,29710.408,28877.622,28069.959,27286.162,26525.065,25785.583,25066.703,24367.479,23687.025,23024.510,22379.150,21750.209,21136.991,20538.842,19955.140,19385.298,18828.757,18284.988,17753.489,17233.780,16725.405,16227.930,15740.938,15264.032,14796.832,14338.975,13890.112,13449.909,13018.045,12594.213,12178.117,11769.474,11368.014,10973.474,10585.608,10204.176,9828.952,9459.722,9096.283,8738.445,8386.031,8038.881,7696.852,7359.816,7027.671,6700.338,6377.770,6059.953,5746.918,5438.746,5135.583,4837.651,4545.264,4258.848,3978.961,3706.304,3441.742,3186.291,2941.098,2707.366,2486.257,2278.738,2085.439,1906.555,1741.830,1590.628,1452.045,1325.026,1208.457,1101.232,1002.297,910.667,825.430,745.743,670.827,599.957,532.467,467.755,405.291,344.613,285.331,227.118,169.699,112.839,56.334,0.000
0.000,58.642,117.354,176.200,235.240,294.538,354.157,414.159,474.607,535.566,597.100,659.273,722.151,785.800,850.287,915.680,982.047,1049.458,1117.983,1187.694,1258.663,1330.967,1404.678,1479.876,1556.638,1635.044,1715.177,1797.120,1880.958,1966.780,2054.675,2144.736,2237.057,2331.736,2428.871,2528.565,2630.924,2736.057,2844.075,2955.094,3069.232,3186.612,3307.359,3431.605,3559.486,3691.139,3826.711,3966.350,4110.210,4258.452,4411.243,4568.754,4731.163,4898.657,5071.427,5249.674,5433.605,5623.436,5819.390,6021.703,6230.617,6446.385,6669.270,6899.547,7137.503,7383.435,7637.655,7900.488,8172.273,8453.363,8744.129,9044.956,9356.249,9678.430,10011.940,10357.242,10714.819,11085.177,11468.848,11866.386,12278.376,12705.427,13148.181,13607.311,14083.522,14577.555,15090.192,15622.250,16174.591,16748.122,17343.797,17962.623,18605.659,19274.023,19968.896,20691.527,21443.235,22225.418,23039.559,23887.234,24770.120,25690.003,26648.796,27648.547,28691.457,29779.898,30916.431,32103.817,33345.030,34643.229,36001.687,37423.578,38911.488,40466.315,42084.865,43754.792,45444.572,47086.442,48559.083,49717.087,50586.583,51238.580,51736.295,52125.515,52437.407,52692.937,52906.325,53087.360,53242.886,53377.738,53495.352,53598.148,53687.795,53765.380,53831.522,53886.445,53930.014,53961.755,53980.833,53986.015,53975.581,53947.197,53897.705,53822.804,53716.546,53570.559,53372.802,53105.637,52742.936,52246.384,51563.103,50633.592,49435.397,48088.324,46692.666,45304.644,43950.600,42641.041,41378.913,40163.772,38993.775,37866.585,36779.780,35731.022,34718.125,33739.070,32791.997,31875.199,30987.101,30126.248,29291.292,28480.980,27694.147,26929.701,26186.624,25463.958,24760.804,24076.316,23409.699,22760.199,22127.106,21509.747,20907.487,20319.722,19745.878,19185.412,18637.806,18102.566,17579.225,17067.333,16566.463,16076.206,15596.172,15125.987,14665.291,14213.742,13771.011,13336.782,12910.752,12492.631,12082.141,11679.013,11282.993,10893.836,10511.309,10135.190,9765.268,9401.345,9043.234,8690.763,8343.774,8002.123,7665.687,7334.359,7008.057,6686.724,6370.334,6058.896,5752.461,5451.131,5155.065,4864.493,4579.723,4301.160,4029.309,3764.788,3508.327,3260.751,3022.958,2795.856,2580.291,2376.950,2186.277,2008.407,1843.163,1690.083,1548.492,1417.571,1296.426,1184.142,1079.817,982.583,891.622,806.163,725.486,648.920,575.845,505.696,437.964,372.200,308.010,245.051,183.022,121.660,60.726,0.000
0.000,56.675,113.419,170.292,227.353,284.665,342.287,400.280,458.706,517.627,577.105,637.202,697.983,759.511,821.852,885.070,949.233,1014.407,1080.662,1148.067,1216.692,1286.610,1357.895,1430.619,1504.862,1580.699,1658.210,1737.477,1818.584,1901.614,1986.657,2073.801,2163.138,2254.762,2348.771,2445.265,2544.345,2646.118,2750.692,2858.180,2968.697,3082.362,3199.298,3319.634,3443.500,3571.032,3702.371,3837.662,3977.057,4120.711,4268.787,4421.451,4578.879,4741.250,4908.753,5081.582,5259.940,5444.038,5634.094,5830.336,6033.000,6242.334,6458.595,6682.050,6912.977,7151.669,7398.428,7653.570,7917.425,8190.339,8472.670,8764.794,9067.103,9380.009,9703.939,10039.341,10386.685,10746.460,11119.181,11505.383,11905.630,12320.509,12750.638,13196.663,13659.260,14139.140,14637.046,15153.758,15690.095,16246.914,16825.117,17425.647,18049.498,18697.709,19371.376,20071.645,20799.724,21556.879,22344.442,23163.812,24016.457,24903.920,25827.817,26789.842,27791.760,28835.401,29922.642,31055.370,32235.420,33464.445,34743.697,36073.623,37453.135,38878.315,40340.175,41820.979,43288.939,44692.843,45963.479,47037.729,47911.136,48611.801,49175.261,49633.232,50010.733,50326.510,50594.335,50824.264,51023.640,51197.822,51350.698,51485.053,51602.822,51705.264,51793.085,51866.517,51925.364,51969.015,51996.432,52006.107,51995.974,51963.280,51904.379,51814.440,51687.019,51513.450,51282.010,50976.861,50576.960,50055.676,49383.165,48535.677,47516.433,46377.360,45175.655,43953.801,42738.315,41544.149,40379.045,39246.564,38147.932,37083.104,36051.367,35051.673,34082.816,33143.543,32232.599,31348.762,30490.856,29657.757,28848.392,28061.746,27296.854,26552.802,25828.721,25123.788,24437.223,23768.285,23116.271,22480.510,21860.368,21255.239,20664.549,20087.748,19524.313,18973.747,18435.572,17909.335,17394.600,16890.953,16397.996,15915.347,15442.641,14979.529,14525.674,14080.756,13644.464,13216.503,12796.588,12384.445,11979.814,11582.444,11192.095,10808.538,10431.556,10060.943,9696.503,9338.053,8985.423,8638.457,8297.013,7960.964,7630.203,7304.642,6984.215,6668.882,6358.636,6053.500,5753.539,5458.863,5169.638,4886.088,4608.506,4337.261,4072.802,3815.661,3566.446,3325.825,3094.498,2873.156,2662.423,2462.796,2274.589,2097.893,1932.571,1778.272,1634.474,1500.529,1375.710,1259.256,1150.392,1048.363,952.436,861.913,776.135,694.482,616.377,541.289,468.731,398.266,329.501,262.084,195.701,130.066,64.915,0.000
0.000,54.665,109.396,164.252,219.291,274.571,330.151,386.090,442.448,499.284,556.660,614.634,673.269,732.628,792.771,853.764,915.671,978.556,1042.487,1107.530,1173.754,1241.228,1310.025,1380.216,1451.875,1525.077,1599.901,1676.423,1754.726,1834.892,1917.005,2001.153,2087.425,2175.912,2266.708,2359.910,2455.618,2553.934,2654.964,2758.817,2865.605,2975.444,3088.454,3204.757,3324.483,3447.763,3574.733,3705.536,3840.318,3979.231,4122.431,4270.083,4422.356,4579.425,4741.472,4908.688,5081.270,5259.421,5443.356,5633.294,5829.468,6032.115,6241.488,6457.844,6681.456,6912.607,7151.590,7398.712,7654.295,7918.673,8192.193,8475.221,8768.136,9071.336,9385.235,9710.267,10046.884,10395.559,10756.788,11131.086,11518.995,11921.080,12337.931,12770.167,13218.433,13683.406,14165.793,14666.331,15185.794,15724.990,16284.762,16865.993,17469.603,18096.555,18747.851,19424.537,20127.703,20858.482,21618.050,22407.627,23228.471,24081.877,24969.166,25891.679,26850.753,27847.694,28883.732,29959.947,31077.156,32235.730,33435.308,34674.333,35949.337,37253.835,38576.720,39900.165,41197.498,42432.627,43564.360,44559.302,45408.506,46122.296,46719.776,47221.477,47645.835,48008.086,48320.287,48591.766,48829.636,49039.257,49224.611,49388.592,49533.224,49659.818,49769.089,49861.231,49935.969,49992.570,50029.839,50046.077,50039.006,50005.652,49942.178,49843.654,49703.745,49514.326,49265.052,48942.978,48532.522,48016.375,47378.402,46609.749,45717.560,44729.324,43679.125,42596.959,41505.117,40418.637,39347.035,38296.025,37268.835,36267.117,35291.534,34342.138,33418.610,32520.402,31646.838,30797.168,29970.606,29166.356,28383.625,27621.633,26879.619,26156.848,25452.606,24766.206,24096.988,23444.319,22807.590,22186.218,21579.643,20987.331,20408.768,19843.462,19290.942,18750.756,18222.471,17705.674,17199.964,16704.959,16220.294,15745.615,15280.585,14824.877,14378.181,13940.195,13510.632,13089.214,12675.676,12269.763,11871.229,11479.843,11095.379,10717.625,10346.379,9981.449,9622.656,9269.831,8922.820,8581.481,8245.686,7915.325,7590.305,7270.552,6956.015,6646.669,6342.516,6043.592,5749.968,5461.758,5179.123,4902.275,4631.485,4367.082,4109.458,3859.064,3616.401,3382.008,3156.432,2940.202,2733.782,2537.534,2351.680,2176.277,2011.207,1856.194,1710.819,1574.560,1446.817,1326.948,1214.291,1108.184,1007.976,913.037,822.767,736.594,653.980,574.426,497.470,422.686,349.687,278.119,207.658,138.002,68.873,0.000
0.000,52.612,105.288,158.084,211.057,264.263,317.758,371.599,425.845,480.551,535.779,591.584,648.027,705.167,763.066,821.784,881.384,941.929,1003.482,1066.110,1129.877,1194.852,1261.102,1328.699,1397.713,1468.218,1540.288,1613.999,1689.429,1766.658,1845.769,1926.845,2009.972,2095.239,2182.738,2272.562,2364.806,2459.572,2556.960,2657.077,2760.031,2865.935,2974.904,3087.058,3202.521,3321.421,3443.891,3570.068,3700.094,3834.116,3972.286,4114.764,4261.714,4413.305,4569.714,4731.127,4897.732,5069.730,5247.327,5430.737,5620.184,5815.899,6018.127,6227.117,6443.134,6666.451,6897.352,7136.137,7383.114,7638.606,7902.952,8176.502,8459.625,8752.703,9056.136,9370.342,9695.756,10032.833,10382.048,10743.897,11118.898,11507.591,11910.540,12328.333,12761.585,13210.936,13677.055,14160.637,14662.409,15183.126,15723.574,16284.572,16866.967,17471.642,18099.507,18751.506,19428.611,20131.821,20862.159,21620.666,22408.397,23226.404,24075.726,24957.370,25872.273,26821.265,27804.998,28823.861,29877.836,30966.300,32087.736,33239.307,34416.267,35611.169,36812.884,38005.622,39168.401,40275.931,41302.142,42226.710,43041.377,43749.177,44360.141,44887.129,45343.108,45739.769,46087.017,46392.934,46663.936,46905.013,47119.951,47311.537,47481.723,47631.757,47762.284,47873.417,47964.780,48035.531,48084.357,48109.441,48108.410,48078.239,48015.134,47914.368,47770.103,47575.192,47321.043,46997.640,46593.958,46099.100,45504.546,44807.609,44015.015,43143.562,42214.910,41250.173,40266.972,39278.698,38294.918,37322.184,36364.820,35425.581,34506.130,33607.386,32729.762,31873.327,31037.922,30223.231,29428.836,28654.254,27898.959,27162.404,26444.028,25743.271,25059.573,24392.384,23741.164,23105.387,22484.541,21878.129,21285.670,20706.697,20140.762,19587.430,19046.282,18516.915,17998.941,17491.983,16995.682,16509.688,16033.666,15567.295,15110.261,14662.267,14223.023,13792.251,13369.686,12955.069,12548.154,12148.703,11756.490,11371.298,10992.918,10621.154,10255.819,9896.737,9543.741,9196.678,8855.409,8519.803,8189.748,7865.147,7545.919,7232.003,6923.359,6619.973,6321.855,6029.046,5741.620,5459.690,5183.407,4912.967,4648.613,4390.635,4139.370,3895.195,3658.523,3429.785,3209.410,2997.802,2795.311,2602.199,2418.622,2244.607,2080.050,1924.721,1778.277,1640.285,1510.244,1387.608,1271.807,1162.258,1058.385,959.621,865.416,775.247,688.614,605.047,524.105,445.379,368.490,293.084,218.833,145.429,72.579,0.000
0.000,50.518,101.098,151.793,202.658,253.747,305.115,356.816,408.906,461.441,514.476,568.067,622.272,677.149,732.756,789.151,846.396,904.550,963.675,1023.835,1085.092,1147.512,1211.160,1276.105,1342.415,1410.161,1479.414,1550.248,1622.738,1696.962,1772.998,1850.927,1930.834,2012.803,2096.922,2183.282,2271.975,2363.099,2456.751,2553.034,2652.052,2753.914,2858.733,2966.623,3077.705,3192.103,3309.943,3431.360,3556.491,3685.478,3818.468,3955.615,4097.078,4243.021,4393.615,4549.038,4709.476,4875.119,5046.168,5222.830,5405.322,5593.867,5788.700,5990.065,6198.216,6413.416,6635.941,6866.078,7104.127,7350.397,7605.216,7868.922,8141.868,8424.422,8716.970,9019.911,9333.664,9658.664,9995.366,10344.244,10705.791,11080.522,11468.973,11871.703,12289.292,12722.345,13171.490,13637.382,14120.696,14622.138,15142.434,15682.337,16242.625,16824.097,17427.575,18053.900,18703.930,19378.533,20078.583,20804.952,21558.498,22340.048,23150.382,23990.199,24860.083,25760.451,26691.474,27652.983,28644.325,29664.177,30710.286,31779.128,32865.474,33961.887,35058.206,36141.197,37194.696,38200.685,39141.680,40004.124,40781.206,41472.981,42084.562,42623.864,43099.768,43520.931,43895.145,44229.078,44528.225,44796.972,45038.709,45255.949,45450.441,45623.272,45774.947,45905.449,46014.284,46100.505,46162.707,46199.019,46207.059,46183.875,46125.870,46028.713,45887.249,45695.452,45446.456,45132.765,44746.774,44281.744,43733.320,43101.397,42391.629,41615.327,40787.141,39922.240,39034.325,38134.720,37232.246,36333.493,35443.235,34564.843,33700.636,32852.161,32020.400,31205.928,30409.024,29629.756,28868.037,28123.672,27396.385,26685.848,25991.694,25313.528,24650.944,24003.522,23370.843,22752.486,22148.034,21557.076,20979.208,20414.035,19861.171,19320.239,18790.874,18272.721,17765.435,17268.682,16782.139,16305.491,15838.436,15380.680,14931.941,14491.944,14060.425,13637.129,13221.811,12814.233,12414.168,12021.397,11635.710,11256.907,10884.796,10519.195,10159.933,9806.846,9459.785,9118.608,8783.189,8453.411,8129.174,7810.392,7496.996,7188.935,6886.178,6588.718,6296.569,6009.778,5728.415,5452.588,5182.436,4918.137,4659.905,4407.991,4162.681,3924.289,3693.153,3469.616,3254.015,3046.660,2847.811,2657.659,2476.310,2303.768,2139.937,1984.617,1837.519,1698.278,1566.469,1441.623,1323.242,1210.817,1103.832,1001.776,904.151,810.472,720.277,633.124,548.595,466.297,385.859,306.933,229.190,152.319,76.019,0.000
0.000,48.385,96.828,145.383,194.100,243.032,292.232,341.752,391.645,441.965,492.765,544.100,596.024,648.593,701.862,755.889,810.731,866.446,923.094,980.735,1039.430,1099.242,1160.234,1222.471,1286.019,1350.947,1417.322,1485.216,1554.701,1625.852,1698.745,1773.456,1850.068,1928.661,2009.322,2092.136,2177.194,2264.587,2354.411,2446.765,2541.749,2639.467,2740.029,2843.545,2950.131,3059.906,3172.994,3289.522,3409.624,3533.435,3661.099,3792.763,3928.581,4068.711,4213.318,4362.573,4516.655,4675.750,4840.048,5009.751,5185.066,5366.211,5553.410,5746.899,5946.921,6153.731,6367.593,6588.786,6817.594,7054.319,7299.272,7552.778,7815.178,8086.823,8368.082,8659.338,8960.991,9273.456,9597.167,9932.575,10280.149,10640.376,11013.766,11400.844,11802.158,12218.276,12649.788,13097.301,13561.446,14042.874,14542.254,15060.275,15597.643,16155.078,16733.316,17333.097,17955.169,18600.276,19269.151,19962.509,20681.025,21425.324,22195.950,22993.339,23817.772,24669.325,25547.789,26452.576,27382.591,28336.066,29310.354,30301.675,31304.826,32312.895,33317.032,34306.425,35268.647,36190.567,37059.889,37867.009,38606.444,39277.071,39881.346,40424.077,40911.248,41349.116,41743.626,42100.079,42422.982,42716.011,42982.036,43223.182,43440.897,43636.024,43808.865,43959.235,44086.497,44189.593,44267.052,44316.981,44337.050,44324.459,44275.897,44187.510,44054.887,43873.083,43636.750,43340.392,42978.848,42548.023,42045.854,41473.320,40835.090,40139.317,39396.458,38617.723,37813.798,36994.073,36166.346,35336.831,34510.338,33690.503,32880.025,32080.865,31294.421,30521.659,29763.216,29019.482,28290.660,27576.810,26877.883,26193.754,25524.233,24869.088,24228.052,23600.836,22987.134,22386.629,21798.995,21223.908,20661.038,20110.060,19570.651,19042.493,18525.273,18018.684,17522.424,17036.203,16559.732,16092.734,15634.938,15186.081,14745.906,14314.168,13890.624,13475.043,13067.202,12666.883,12273.878,11887.986,11509.015,11136.781,10771.107,10411.828,10058.785,9711.831,9370.827,9035.648,8706.176,8382.308,8063.956,7751.042,7443.508,7141.312,6844.428,6552.854,6266.610,5985.739,5710.311,5440.423,5176.203,4917.806,4665.420,4419.260,4179.566,3946.599,3720.631,3501.936,3290.778,3087.392,2891.972,2704.655,2525.508,2354.518,2191.591,2036.550,1889.147,1749.067,1615.942,1489.366,1368.903,1254.102,1144.501,1039.640,939.063,842.326,748.998,658.665,570.931,485.418,401.767,319.638,238.704,158.654,79.184,0.000
0.000,46.213,92.482,138.857,185.388,232.125,279.117,326.417,374.074,422.138,470.663,519.700,569.300,619.518,670.406,722.020,774.414,827.644,881.767,936.841,992.924,1050.077,1108.360,1167.835,1228.566,1290.618,1354.057,1418.951,1485.369,1553.382,1623.064,1694.489,1767.734,1842.879,1920.004,1999.193,2080.533,2164.111,2250.019,2338.352,2429.206,2522.683,2618.885,2717.920,2819.899,2924.937,3033.151,3144.666,3259.608,3378.109,3500.306,3626.341,3756.361,3890.519,4028.973,4171.888,4319.435,4471.792,4629.145,4791.684,4959.611,5133.132,5312.466,5497.836,5689.477,5887.634,6092.560,6304.521,6523.790,6750.657,6985.418,7228.386,7479.885,7740.251,8009.836,8289.005,8578.139,8877.633,9187.898,9509.363,9842.470,10187.682,10545.476,10916.349,11300.813,11699.401,12112.660,12541.156,12985.473,13446.207,13923.973,14419.395,14933.111,15465.765,16018.006,16590.484,17183.840,17798.703,18435.677,19095.331,19778.179,20484.666,21215.134,21969.795,22748.687,23551.616,24378.092,25227.235,26097.672,26987.400,27893.631,28812.615,29739.468,30668.025,31590.777,32498.985,33383.045,34233.180,35040.423,35797.694,36500.593,37147.609,37739.765,38279.938,38772.113,39220.738,39630.242,40004.707,40347.692,40662.132,40950.322,41213.927,41454.024,41671.149,41865.348,42036.224,42182.977,42304.428,42399.040,42464.924,42499.833,42501.152,42465.897,42390.707,42271.877,42105.432,41887.271,41613.425,41280.441,40885.903,40429.032,39911.242,39336.420,38710.748,38042.031,37338.805,36609.509,35861.897,35102.730,34337.674,33571.337,32807.392,32048.707,31297.493,30555.427,29823.763,29103.417,28395.041,27699.079,27015.813,26345.397,25687.883,25043.249,24411.409,23792.230,23185.543,22591.150,22008.834,21438.360,20879.482,20331.947,19795.497,19269.871,18754.808,18250.045,17755.325,17270.390,16794.989,16328.871,15871.795,15423.521,14983.816,14552.452,14129.207,13713.866,13306.219,12906.065,12513.205,12127.452,11748.622,11376.540,11011.039,10651.957,10299.143,9952.454,9611.755,9276.921,8947.837,8624.399,8306.514,7994.102,7687.097,7385.448,7089.119,6798.090,6512.363,6231.958,5956.916,5687.302,5423.204,5164.734,4912.030,4665.252,4424.583,4190.222,3962.384,3741.287,3527.150,3320.175,3120.542,2928.394,2743.826,2566.873,2397.511,2235.644,2081.115,1933.704,1793.133,1659.084,1531.197,1409.090,1292.358,1180.587,1073.362,970.265,870.887,774.828,681.698,591.123,502.742,416.208,331.190,247.365,164.426,82.069,0.000
0.000,44.004,88.062,132.221,176.529,221.033,265.781,310.822,356.204,401.975,448.185,494.883,542.120,589.945,638.411,687.569,737.471,788.172,839.724,892.185,945.608,1000.053,1055.577,1112.239,1170.099,1229.221,1289.667,1351.502,1414.792,1479.606,1546.013,1614.085,1683.896,1755.520,1829.037,1904.525,1982.067,2061.748,2143.655,2227.879,2314.513,2403.652,2495.396,2589.848,2687.114,2787.302,2890.529,2996.910,3106.568,3219.628,3336.223,3456.488,3580.564,3708.597,3840.739,3977.147,4117.986,4263.426,4413.644,4568.824,4729.157,4894.843,5066.088,5243.108,5426.126,5615.378,5811.104,6013.558,6223.003,6439.712,6663.971,6896.076,7136.335,7385.070,7642.613,7909.313,8185.529,8471.637,8768.026,9075.098,9393.273,9722.985,10064.683,10418.830,10785.907,11166.408,11560.842,11969.731,12393.612,12833.031,13288.546,13760.723,14250.131,14757.343,15282.928,15827.448,16391.448,16975.449,17579.941,18205.361,18852.084,19520.399,20210.482,20922.364,21655.891,22410.673,23186.023,23980.881,24793.727,25622.480,26464.385,27315.902,28172.609,29029.145,29879.238,30715.853,31531.517,32318.819,33071.053,33782.866,34450.732,35073.108,35650.262,36183.886,36676.614,37131.568,37551.978,37940.900,38301.028,38634.588,38943.278,39228.269,39490.215,39729.295,39945.253,40137.443,40304.870,40446.219,40559.883,40643.977,40696.345,40714.573,40695.995,40637.717,40536.671,40389.697,40193.694,39945.830,39643.841,39286.386,38873.422,38406.510,37888.941,37325.587,36722.503,36086.376,35423.979,34741.748,34045.504,33340.323,32630.502,31919.603,31210.528,30505.609,29806.695,29115.238,28432.361,27758.922,27095.562,26442.749,25800.809,25169.957,24550.314,23941.930,23344.793,22758.848,22183.999,21620.120,21067.063,20524.660,19992.730,19471.078,18959.506,18457.805,17965.765,17483.175,17009.822,16545.492,16089.974,15643.059,15204.540,14774.213,14351.878,13937.340,13530.406,13130.891,12738.613,12353.395,11975.068,11603.466,11238.431,10879.811,10527.461,10181.244,9841.029,9506.696,9178.130,8855.230,8537.901,8226.060,7919.638,7618.575,7322.827,7032.363,6747.170,6467.248,6192.619,5923.320,5659.410,5400.966,5148.089,4900.894,4659.520,4424.118,4194.855,3971.903,3755.439,3545.632,3342.641,3146.599,2957.608,2775.730,2600.979,2433.317,2272.653,2118.838,1971.675,1830.919,1696.286,1567.458,1444.093,1325.829,1212.292,1103.104,997.883,896.251,797.835,702.270,609.202,518.287,429.190,341.590,255.173,169.634,84.674,0.000
0.000,41.760,83.572,125.480,167.529,209.765,252.233,294.979,338.049,381.490,425.347,469.669,514.503,559.897,605.900,652.561,699.931,748.059,796.998,846.800,897.519,949.208,1001.924,1055.722,1110.662,1166.800,1224.199,1282.919,1343.025,1404.579,1467.651,1532.306,1598.616,1666.653,1736.490,1808.204,1881.873,1957.579,2035.404,2115.435,2197.760,2282.470,2369.662,2459.433,2551.882,2647.117,2745.244,2846.377,2950.631,3058.127,3168.990,3283.350,3401.341,3523.102,3648.779,3778.521,3912.487,4050.837,4193.741,4341.373,4493.917,4651.562,4814.506,4982.954,5157.118,5337.223,5523.498,5716.183,5915.530,6121.797,6335.257,6556.189,6784.887,7021.655,7266.809,7520.676,7783.597,8055.927,8338.031,8630.288,8933.093,9246.851,9571.983,9908.920,10258.109,10620.008,10995.086,11383.824,11786.713,12204.251,12636.942,13085.293,13549.812,14031.002,14529.359,15045.363,15579.472,16132.113,16703.669,17294.468,17904.765,18534.719,19184.372,19853.614,20542.152,21249.460,21974.728,22716.805,23474.126,24244.644,25025.750,25814.208,26606.115,27396.890,28181.344,28953.828,29708.495,30439.660,31142.229,31812.101,32446.471,33043.931,33604.388,34128.824,34618.980,35077.031,35505.289,35905.971,36281.021,36632.000,36960.026,37265.750,37549.370,37810.665,38049.033,38263.539,38452.959,38615.821,38750.430,38854.897,38927.151,38964.964,38965.965,38927.682,38847.591,38723.206,38552.206,38332.606,38062.970,37742.660,37372.063,36952.763,36487.594,35980.528,35436.418,34860.639,34258.732,33636.086,32997.719,32348.141,31691.299,31030.571,30368.801,29708.352,29051.165,28398.815,27752.574,27113.453,26482.250,25859.584,25245.928,24641.634,24046.952,23462.051,22887.032,22321.940,21766.773,21221.495,20686.036,20160.301,19644.178,19137.536,18640.231,18152.110,17673.012,17202.771,16741.215,16288.172,15843.465,15406.918,14978.357,14557.607,14144.495,13738.851,13340.508,12949.301,12565.069,12187.657,11816.911,11452.687,11094.840,10743.236,10397.744,10058.240,9724.608,9396.739,9074.531,8757.892,8446.738,8140.996,7840.603,7545.509,7255.673,6971.071,6691.691,6417.534,6148.621,5884.986,5626.680,5373.772,5126.347,4884.505,4648.359,4418.038,4193.676,3975.414,3763.390,3557.737,3358.574,3165.999,2980.083,2800.861,2628.330,2462.444,2303.109,2150.189,2003.501,1862.827,1727.911,1598.469,1474.192,1354.753,1239.815,1129.030,1022.049,918.522,818.100,720.442,625.212,532.083,440.733,350.852,262.134,174.281,87.000,0.000
0.000,39.483,79.015,118.638,158.395,198.328,238.481,278.898,319.622,360.697,402.167,444.077,486.471,529.396,572.898,617.023,661.820,707.335,753.618,800.720,848.690,897.579,947.441,998.329,1050.299,1103.404,1157.704,1213.257,1270.122,1328.361,1388.038,1449.216,1511.963,1576.347,1642.437,1710.308,1780.032,1851.687,1925.353,2001.110,2079.042,2159.238,2241.787,2326.782,2414.318,2504.497,2597.420,2693.194,2791.930,2893.743,2998.750,3107.076,3218.847,3334.197,3453.264,3576.189,3703.122,3834.218,3969.635,4109.541,4254.110,4403.520,4557.960,4717.624,4882.714,5053.442,5230.026,5412.694,5601.683,5797.238,5999.616,6209.083,6425.915,6650.399,6882.832,7123.523,7372.794,7630.976,7898.412,8175.459,8462.482,8759.862,9067.989,9387.264,9718.101,10060.921,10416.157,10784.247,11165.639,11560.783,11970.133,12394.141,12833.257,13287.921,13758.559,14245.579,14749.360,15270.244,15808.526,16364.438,16938.135,17529.674,18138.992,18765.877,19409.938,20070.565,20746.891,21437.736,22141.569,22856.447,23579.974,24309.266,25040.938,25771.130,26495.583,27209.773,27909.116,28589.231,29246.224,29876.955,30479.228,31051.860,31594.634,32108.137,32593.545,33052.377,33486.268,33896.765,34285.176,34652.461,34999.171,35325.432,35630.954,35915.071,36176.789,36414.839,36627.734,36813.810,36971.263,37098.180,37192.561,37252.337,37275.404,37259.651,37203.014,37103.555,36959.559,36769.673,36533.049,36249.517,35919.720,35545.219,35128.500,34672.895,34182.405,33661.461,33114.677,32546.624,31961.649,31363.755,30756.539,30143.161,29526.359,28908.465,28291.450,27676.962,27066.366,26460.788,25861.143,25268.173,24682.470,24104.502,23534.630,22973.129,22420.198,21875.975,21340.544,20813.948,20296.193,19787.252,19287.077,18795.596,18312.720,17838.347,17372.364,16914.648,16465.068,16023.489,15589.770,15163.769,14745.340,14334.339,13930.618,13534.033,13144.439,12761.695,12385.661,12016.199,11653.175,11296.460,10945.929,10601.460,10262.938,9930.252,9603.299,9281.982,8966.209,8655.899,8350.979,8051.382,7757.053,7467.948,7184.033,6905.285,6631.695,6363.266,6100.015,5841.971,5589.181,5341.703,5099.609,4862.982,4631.918,4406.521,4186.900,3973.166,3765.429,3563.789,3368.336,3179.138,2996.240,2819.659,2649.377,2485.339,2327.453,2175.590,2029.581,1889.227,1754.297,1624.531,1499.653,1379.363,1263.355,1151.309,1042.904,937.814,835.714,736.285,639.208,544.171,450.867,358.996,268.262,178.376,89.050,0.000
0.000,37.175,74.395,111.701,149.133,186.732,224.538,262.593,300.938,339.613,378.661,418.124,458.044,498.464,539.429,580.982,623.167,666.031,709.620,753.980,799.159,845.206,892.171,940.104,989.057,1039.082,1090.234,1142.568,1196.141,1251.011,1307.237,1364.880,1424.005,1484.674,1546.954,1610.915,1676.626,1744.159,1813.591,1884.997,1958.458,2034.056,2111.877,2192.007,2274.537,2359.563,2447.182,2537.494,2630.603,2726.619,2825.653,2927.822,3033.247,3142.053,3254.370,3370.334,3490.085,3613.769,3741.537,3873.547,4009.962,4150.953,4296.696,4447.376,4603.183,4764.317,4930.983,5103.398,5281.782,5466.370,5657.400,5855.125,6059.803,6271.703,6491.105,6718.299,6953.585,7197.272,7449.682,7711.146,7982.005,8262.612,8553.328,8854.524,9166.579,9489.883,9824.830,10171.819,10531.255,10903.545,11289.093,11688.302,12101.566,12529.266,12971.769,13429.415,13902.515,14391.338,14896.102,15416.961,15953.990,16507.165,17076.348,17661.254,18261.435,18876.239,19504.785,20145.921,20798.194,21459.816,22128.637,22802.134,23477.419,24151.278,24820.242,25480.711,26129.103,26762.053,27376.602,27970.382,28541.734,29089.753,29614.251,30115.643,30594.779,31052.758,31490.733,31909.739,32310.553,32693.592,33058.866,33405.957,33734.052,34041.990,34328.330,34591.420,34829.461,35040.562,35222.782,35374.160,35492.743,35576.602,35623.857,35632.709,35601.479,35528.673,35413.054,35253.743,35050.322,34802.940,34512.406,34180.236,33808.657,33400.535,32959.255,32488.554,31992.350,31474.567,30939.002,30389.221,29828.492,29259.756,28685.610,28108.324,27529.857,26951.886,26375.835,25802.904,25234.098,24670.250,24112.052,23560.066,23014.748,22476.464,21945.500,21422.075,20906.352,20398.446,19898.431,19406.346,18922.200,18445.977,17977.641,17517.137,17064.398,16619.341,16181.877,15751.905,15329.320,14914.009,14505.859,14104.750,13710.564,13323.179,12942.474,12568.328,12200.622,11839.237,11484.057,11134.970,10791.865,10454.637,10123.184,9797.409,9477.219,9162.530,8853.261,8549.340,8250.702,7957.289,7669.053,7385.954,7107.964,6835.062,6567.241,6304.503,6046.863,5794.348,5546.995,5304.854,5067.986,4836.459,4610.352,4389.749,4174.737,3965.403,3761.831,3564.096,3372.263,3186.377,3006.462,2832.520,2664.521,2502.406,2346.082,2195.424,2050.278,1910.458,1775.753,1645.928,1520.728,1399.882,1283.106,1170.107,1060.587,954.244,850.775,749.877,651.251,554.599,459.628,366.049,273.578,181.931,90.831,0.000
0.000,34.836,69.714,104.674,139.751,174.985,210.414,246.076,282.009,318.253,354.847,391.830,429.243,467.126,505.519,544.464,584.003,624.179,665.036,706.616,748.966,792.131,836.156,881.092,926.984,973.884,1021.842,1070.909,1121.141,1172.590,1225.313,1279.367,1334.812,1391.708,1450.118,1510.106,1571.738,1635.083,1700.211,1767.195,1836.109,1907.031,1980.041,2055.222,2132.659,2212.442,2294.661,2379.411,2466.791,2556.904,2649.853,2745.750,2844.707,2946.842,3052.280,3161.146,3273.572,3389.697,3509.661,3633.613,3761.708,3894.105,4030.970,4172.477,4318.804,4470.138,4626.673,4788.611,4956.160,5129.539,5308.972,5494.693,5686.947,5885.983,6092.063,6305.457,6526.445,6755.314,6992.363,7237.900,7492.240,7755.707,8028.636,8311.368,8604.250,8907.637,9221.888,9547.365,9884.433,10233.456,10594.793,10968.800,11355.820,11756.184,12170.201,12598.154,13040.294,13496.828,13967.910,14453.630,14954.003,15468.944,15998.261,16541.629,17098.568,17668.420,18250.325,18843.194,19445.685,20056.189,20672.815,21293.394,21915.497,22536.479,23153.549,23763.867,24364.668,24953.400,25527.868,26086.351,26627.680,27151.270,27657.075,28145.501,28617.266,29073.238,29514.262,29941.001,30353.800,30752.590,31136.845,31505.584,31857.417,32190.623,32503.245,32793.181,33058.267,33296.343,33505.298,33683.102,33827.826,33937.658,34010.914,34046.061,34041.748,33996.846,33910.499,33782.199,33611.846,33399.826,33147.055,32855.013,32525.728,32161.726,31765.939,31341.589,30892.061,30420.773,29931.076,29426.163,28909.008,28382.335,27848.600,27309.985,26768.411,26225.557,25682.871,25141.603,24602.820,24067.426,23536.186,23009.744,22488.633,21973.296,21464.094,20961.318,20465.202,19975.926,19493.624,19018.395,18550.303,18089.384,17635.649,17189.091,16749.682,16317.382,15892.136,15473.881,15062.541,14658.038,14260.283,13869.187,13484.655,13106.588,12734.888,12369.456,12010.190,11656.991,11309.761,10968.403,10632.822,10302.927,9978.629,9659.844,9346.492,9038.498,8735.792,8438.311,8145.998,7858.802,7576.681,7299.602,7027.538,6760.473,6498.400,6241.320,5989.247,5742.202,5500.217,5263.334,5031.602,4805.078,4583.824,4367.908,4157.397,3952.359,3752.856,3558.943,3370.664,3188.045,3011.095,2839.802,2674.128,2514.008,2359.351,2210.038,2065.922,1926.831,1792.571,1662.924,1537.658,1416.522,1299.255,1185.587,1075.240,967.933,863.382,761.302,661.408,563.420,467.058,372.043,278.101,184.960,92.349,0.000
0.000,32.469,64.978,97.561,130.256,163.096,196.118,229.358,262.851,296.635,330.744,365.218,400.092,435.404,471.194,507.498,544.358,581.811,619.900,658.666,698.149,738.393,779.441,821.338,864.130,907.862,952.581,998.338,1045.181,1093.162,1142.332,1192.746,1244.459,1297.527,1352.009,1407.966,1465.458,1524.551,1585.309,1647.802,1712.098,1778.270,1846.394,1916.546,1988.807,2063.260,2139.990,2219.086,2300.640,2384.748,2471.508,2561.023,2653.399,2748.746,2847.180,2948.820,3053.788,3162.213,3274.229,3389.973,3509.590,3633.229,3761.045,3893.200,4029.862,4171.204,4317.408,4468.660,4625.158,4787.102,4954.702,5128.177,5307.753,5493.664,5686.150,5885.463,6091.862,6305.613,6526.992,6756.281,6993.772,7239.764,7494.561,7758.476,8031.825,8314.931,8608.118,8911.713,9226.042,9551.430,9888.195,10236.649,10597.089,10969.798,11355.037,11753.039,12164.002,12588.083,13025.383,13475.943,13939.730,14416.621,14906.389,15408.687,15923.031,16448.782,16985.125,17531.055,18085.363,18646.630,19213.222,19783.301,20354.857,20925.745,21493.752,22056.676,22612.428,23159.133,23695.235,24219.581,24731.471,25230.672,25717.375,26192.115,26655.641,27108.759,27552.171,27986.300,28411.153,28826.223,29230.446,29622.228,29999.524,30359.962,30700.974,31019.926,31314.226,31581.397,31819.127,32025.295,32197.986,32335.485,32436.286,32499.094,32522.843,32506.712,32450.164,32352.988,32215.338,32037.779,31821.312,31567.388,31277.892,30955.098,30601.603,30220.242,29813.991,29385.873,28938.875,28475.874,27999.591,27512.551,27017.065,26515.221,26008.886,25499.716,24989.169,24478.518,23968.871,23461.184,22956.280,22454.863,21957.533,21464.797,20977.080,20494.737,20018.060,19547.289,19082.615,18624.188,18172.123,17726.505,17287.388,16854.808,16428.777,16009.291,15596.333,15189.870,14789.860,14396.251,14008.984,13627.994,13253.210,12884.558,12521.960,12165.336,11814.605,11469.686,11130.495,10796.952,10468.978,10146.494,9829.426,9517.701,9211.249,8910.007,8613.915,8322.916,8036.964,7756.012,7480.026,7208.976,6942.838,6681.600,6425.254,6173.803,5927.255,5685.630,5448.954,5217.260,4990.588,4768.984,4552.497,4341.180,4135.084,3934.260,3738.752,3548.599,3363.826,3184.446,3010.456,2841.831,2678.527,2520.477,2367.589,2219.748,2076.817,1938.634,1805.017,1675.767,1550.668,1429.488,1311.986,1197.910,1087.003,979.001,873.637,770.643,669.752,570.694,473.202,377.012,281.858,187.479,93.613,0.000
0.000,30.075,60.188,90.370,120.654,151.074,181.663,212.453,243.479,274.773,306.371,338.305,370.612,403.325,436.480,470.113,504.261,538.961,574.250,610.166,646.748,684.036,722.071,760.892,800.544,841.068,882.509,924.913,968.324,1012.791,1058.362,1105.087,1153.018,1202.207,1252.708,1304.578,1357.874,1412.655,1468.983,1526.920,1586.531,1647.885,1711.051,1776.100,1843.108,1912.150,1983.308,2056.662,2132.300,2210.309,2290.781,2373.812,2459.500,2547.949,2639.265,2733.557,2830.942,2931.538,3035.470,3142.864,3253.856,3368.584,3487.191,3609.829,3736.652,3867.822,4003.507,4143.880,4289.123,4439.422,4594.972,4755.975,4922.639,5095.180,5273.821,5458.793,5650.333,5848.688,6054.110,6266.859,6487.200,6715.406,6951.756,7196.532,7450.022,7712.517,7984.308,8265.689,8556.950,8858.378,9170.254,9492.848,9826.419,10171.205,10527.426,10895.270,11274.893,11666.408,12069.876,12485.303,12912.619,13351.676,13802.231,14263.934,14736.314,15218.767,15710.542,16210.733,16718.272,17231.926,17750.308,18271.891,18795.036,19318.035,19839.172,20356.786,20869.356,21375.583,21874.468,22365.371,22848.053,23322.669,23789.735,24250.039,24704.515,25154.081,25599.457,26040.970,26478.389,26910.805,27336.594,27753.468,28158.607,28548.850,28920.892,29271.463,29597.462,29896.048,30164.682,30401.144,30603.524,30770.209,30899.863,30991.415,31044.058,31057.249,31030.729,30964.538,30859.044,30714.961,30533.366,30315.696,30063.733,29779.569,29465.553,29124.227,28758.252,28370.339,27963.180,27539.395,27101.480,26651.784,26192.480,25725.560,25252.828,24775.907,24296.244,23815.122,23333.672,22852.887,22373.631,21896.658,21422.619,20952.073,20485.501,20023.310,19565.847,19113.402,18666.216,18224.487,17788.375,17358.008,16933.483,16514.874,16102.231,15695.584,15294.948,14900.322,14511.695,14129.040,13752.326,13381.512,13016.551,12657.388,12303.969,11956.230,11614.111,11277.545,10946.468,10620.813,10300.515,9985.509,9675.733,9371.125,9071.628,8777.186,8487.749,8203.270,7923.706,7649.021,7379.184,7114.169,6853.956,6598.534,6347.897,6102.046,5860.989,5624.740,5393.320,5166.757,4945.081,4728.328,4516.537,4309.747,4107.997,3911.322,3719.754,3533.314,3352.017,3175.862,3004.835,2838.905,2678.020,2522.113,2371.091,2224.845,2083.241,1946.130,1813.341,1684.688,1559.970,1438.972,1321.471,1207.231,1096.011,987.565,881.642,777.989,676.353,576.478,478.109,380.993,284.876,189.506,94.631,0.000
0.000,27.657,55.349,83.104,110.954,138.929,167.059,195.375,223.907,252.687,281.746,311.115,340.826,370.912,401.406,432.339,463.746,495.662,528.120,561.155,594.804,629.104,664.090,699.802,736.278,773.558,811.682,850.693,890.632,931.543,973.472,1016.464,1060.566,1105.828,1152.299,1200.031,1249.077,1299.491,1351.330,1404.653,1459.519,1515.990,1574.131,1634.008,1695.690,1759.247,1824.754,1892.286,1961.923,2033.745,2107.838,2184.291,2263.193,2344.640,2428.729,2515.564,2605.249,2697.895,2793.615,2892.529,2994.759,3100.433,3209.685,3322.651,3439.476,3560.307,3685.299,3814.613,3948.413,4086.874,4230.172,4378.493,4532.028,4690.975,4855.538,5025.929,5202.364,5385.069,5574.272,5770.211,5973.126,6183.265,6400.880,6626.227,6859.563,7101.150,7351.248,7610.119,7878.019,8155.201,8441.911,8738.382,9044.836,9361.476,9688.481,10026.005,10374.167,10733.045,11102.672,11483.023,11874.008,12275.466,12687.151,13108.721,13539.733,13979.630,14427.735,14883.247,15345.238,15812.659,16284.352,16759.068,17235.501,17712.323,18188.242,18662.060,19132.742,19599.486,20061.787,20519.485,20972.796,21422.311,21868.950,22313.882,22758.389,23203.685,23650.699,24099.829,24550.724,25002.115,25451.765,25896.554,26332.703,26756.063,27162.414,27547.712,27908.262,28240.811,28542.581,28811.256,29044.952,29242.170,29401.759,29522.876,29604.969,29647.759,29651.239,29615.683,29541.647,29429.983,29281.841,29098.660,28882.158,28634.295,28357.236,28053.302,27724.913,27374.533,27004.617,26617.568,26215.696,25801.189,25376.097,24942.317,24501.587,24055.486,23605.443,23152.737,22698.511,22243.779,21789.437,21336.273,20884.978,20436.158,19990.335,19547.965,19109.438,18675.090,18245.204,17820.022,17399.745,16984.540,16574.542,16169.860,15770.578,15376.760,14988.450,14605.679,14228.459,13856.793,13490.674,13130.082,12774.994,12425.376,12081.191,11742.398,11408.949,11080.798,10757.894,10440.185,10127.619,9820.145,9517.712,9220.269,8927.769,8640.167,8357.420,8079.488,7806.337,7537.936,7274.258,7015.282,6760.992,6511.376,6266.430,6026.155,5790.556,5559.644,5333.436,5111.953,4895.220,4683.262,4476.109,4273.790,4076.330,3883.756,3696.084,3513.328,3335.487,3162.553,2994.503,2831.298,2672.886,2519.194,2370.133,2225.594,2085.453,1949.567,1817.775,1689.904,1565.765,1445.160,1327.877,1213.698,1102.397,993.743,887.499,783.427,681.286,580.834,481.828,384.025,287.183,191.060,95.412,0.000
0.000,25.217,50.464,75.771,101.163,126.670,152.318,178.135,204.151,230.392,256.888,283.667,310.759,338.193,365.998,394.205,422.845,451.948,481.547,511.673,542.360,573.640,605.547,638.117,671.384,705.385,740.158,775.739,812.169,849.487,887.733,926.951,967.183,1008.473,1050.867,1094.414,1139.160,1185.157,1232.455,1281.108,1331.171,1382.700,1435.755,1490.396,1546.686,1604.689,1664.473,1726.108,1789.666,1855.221,1922.851,1992.637,2064.661,2139.011,2215.776,2295.049,2376.928,2461.511,2548.905,2639.217,2732.559,2829.049,2928.808,3031.960,3138.639,3248.977,3363.118,3481.206,3603.393,3729.836,3860.697,3996.145,4136.352,4281.500,4431.773,4587.364,4748.469,4915.290,5088.036,5266.920,5452.160,5643.977,5842.599,6048.253,6261.171,6481.585,6709.725,6945.823,7190.105,7442.791,7704.094,7974.216,8253.345,8541.651,8839.282,9146.360,9462.975,9789.179,10124.981,10470.337,10825.147,11189.245,11562.392,11944.265,12334.458,12732.468,13137.697,13549.449,13966.933,14389.272,14815.516,15244.667,15675.707,16107.638,16539.530,16970.581,17400.173,17827.935,18253.807,18678.079,19101.429,19524.917,19949.959,20378.237,20811.560,21251.660,21699.913,22157.016,22622.660,23095.268,23571.900,24048.392,24519.707,24980.411,25425.122,25848.851,26247.214,26616.516,26953.746,27256.531,27523.052,27751.969,27942.348,28093.598,28205.433,28277.842,28311.067,28305.604,28262.190,28181.813,28065.700,27915.312,27732.328,27518.618,27276.216,27007.274,26714.027,26398.744,26063.689,25711.088,25343.088,24961.742,24568.986,24166.626,23756.335,23339.647,22917.962,22492.549,22064.550,21634.991,21204.789,20774.758,20345.621,19918.015,19492.502,19069.573,18649.660,18233.134,17820.319,17411.492,17006.893,16606.722,16211.149,15820.315,15434.337,15053.307,14677.299,14306.369,13940.557,13579.890,13224.382,12874.038,12528.853,12188.815,11853.905,11524.097,11199.364,10879.671,10564.985,10255.267,9950.477,9650.577,9355.527,9065.287,8779.820,8499.088,8223.058,7951.697,7684.977,7422.872,7165.361,6912.425,6664.052,6420.232,6180.961,5946.239,5716.070,5490.462,5269.428,5052.984,4841.148,4633.938,4431.376,4233.482,4040.272,3851.761,3667.957,3488.862,3314.470,3144.762,2979.708,2819.267,2663.381,2511.976,2364.966,2222.244,2083.691,1949.172,1818.535,1691.617,1568.243,1448.223,1331.363,1217.456,1106.291,997.648,891.307,787.042,684.623,583.822,484.407,386.146,288.807,192.158,95.966,0.000
0.000,22.755,45.539,68.375,91.289,114.306,137.451,160.749,184.226,207.907,231.818,255.985,280.434,305.192,330.285,355.742,381.589,407.856,434.570,461.760,489.457,517.690,546.489,575.887,605.916,636.607,667.996,700.115,733.001,766.690,801.218,836.623,872.945,910.223,948.500,987.817,1028.219,1069.751,1112.460,1156.393,1201.601,1248.134,1296.047,1345.393,1396.230,1448.616,1502.612,1558.281,1615.689,1674.902,1735.992,1799.032,1864.094,1931.260,2000.610,2072.228,2146.201,2222.621,2301.582,2383.181,2467.521,2554.706,2644.847,2738.057,2834.454,2934.161,3037.304,3144.016,3254.433,3368.696,3486.951,3609.350,3736.050,3867.212,4003.003,4143.595,4289.165,4439.893,4595.967,4757.576,4924.915,5098.183,5277.579,5463.307,5655.571,5854.576,6060.525,6273.620,6494.058,6722.030,6957.720,7201.300,7452.928,7712.747,7980.876,8257.412,8542.422,8835.937,9137.949,9448.405,9767.200,10094.171,10429.092,10771.670,11121.538,11478.253,11841.295,12210.071,12583.918,12962.117,13343.906,13728.504,14115.142,14503.104,14891.769,15280.666,15669.531,16058.370,16447.517,16837.685,17230.007,17626.055,18027.816,18437.629,18858.039,19291.568,19740.364,20205.752,20687.725,21184.494,21692.281,22205.516,22717.440,23220.879,23708.946,24175.500,24615.382,25024.455,25399.532,25738.255,26038.955,26300.519,26522.289,26703.972,26845.578,26947.375,27009.867,27033.772,27020.012,26969.711,26884.184,26764.927,26613.607,26432.039,26222.157,25985.994,25725.637,25443.205,25140.809,24820.524,24484.364,24134.263,23772.054,23399.462,23018.093,22629.436,22234.859,21835.612,21432.832,21027.547,20620.686,20213.080,19805.476,19398.538,18992.855,18588.952,18187.289,17788.274,17392.261,16999.562,16610.447,16225.148,15843.866,15466.771,15094.008,14725.698,14361.939,14002.813,13648.384,13298.702,12953.801,12613.709,12278.439,11947.997,11622.382,11301.586,10985.595,10674.392,10367.955,10066.259,9769.278,9476.984,9189.347,8906.339,8627.930,8354.092,8084.799,7820.025,7559.748,7303.948,7052.607,6805.711,6563.250,6325.215,6091.603,5862.413,5637.649,5417.317,5201.425,4989.984,4783.008,4580.509,4382.501,4188.996,4000.004,3815.530,3635.574,3460.131,3289.186,3122.716,2960.684,2803.046,2649.741,2500.696,2355.823,2215.022,2078.177,1945.158,1815.824,1690.020,1567.580,1448.328,1332.080,1218.641,1107.814,999.391,893.164,788.918,686.437,585.504,485.897,387.396,289.777,192.821,96.302,0.000
0.000,20.275,40.576,60.923,81.340,101.848,122.471,143.230,164.149,185.249,206.555,228.089,249.875,271.936,294.296,316.981,340.014,363.420,387.226,411.457,436.139,461.299,486.965,513.165,539.927,567.281,595.256,623.884,653.195,683.222,713.998,745.557,777.933,811.163,845.284,880.333,916.351,953.376,991.451,1030.619,1070.924,1112.413,1155.132,1199.130,1244.459,1291.170,1339.319,1388.960,1440.154,1492.959,1547.439,1603.659,1661.685,1721.588,1783.441,1847.318,1913.298,1981.462,2051.893,2124.680,2199.913,2277.686,2358.097,2441.247,2527.241,2616.190,2708.204,2803.404,2901.909,3003.845,3109.343,3218.537,3331.567,3448.576,3569.712,3695.127,3824.978,3959.426,4098.635,4242.773,4392.012,4546.526,4706.491,4872.086,5043.488,5220.877,5404.429,5594.320,5790.719,5993.790,6203.690,6420.564,6644.545,6875.750,7114.277,7360.200,7613.567,7874.395,8142.666,8418.320,8701.256,8991.319,9288.304,9591.947,9901.927,10217.859,10539.302,10865.758,11196.683,11531.499,11869.605,12210.412,12553.362,12897.972,13243.875,13590.876,13939.005,14288.584,14640.289,14995.216,15354.940,15721.557,16097.700,16486.500,16891.478,17316.288,17764.304,18237.989,18738.085,19262.798,19807.316,20364.061,20923.772,21476.844,22014.416,22528.965,23014.514,23466.555,23881.848,24258.192,24594.192,24889.076,25142.546,25354.665,25525.784,25656.484,25747.540,25799.905,25814.693,25793.170,25736.747,25646.974,25525.522,25374.175,25194.804,24989.346,24759.783,24508.110,24236.314,23946.349,23640.116,23319.444,22986.077,22641.662,22287.746,21925.770,21557.067,21182.866,20804.292,20422.369,20038.031,19652.121,19265.400,18878.551,18492.189,18106.861,17723.055,17341.204,16961.693,16584.861,16211.004,15840.385,15473.230,15109.735,14750.073,14394.386,14042.799,13695.416,13352.323,13013.590,12679.273,12349.416,12024.053,11703.207,11386.892,11075.117,10767.883,10465.185,10167.016,9873.363,9584.212,9299.544,9019.341,8743.583,8472.250,8205.322,7942.780,7684.604,7430.779,7181.288,6936.118,6695.259,6458.702,6226.441,5998.473,5774.798,5555.417,5340.335,5129.557,4923.091,4720.944,4523.126,4329.642,4140.501,3955.703,3775.248,3599.130,3427.335,3259.844,3096.629,2937.649,2782.856,2632.188,2485.572,2342.922,2204.141,2069.116,1937.724,1809.831,1685.290,1563.945,1445.630,1330.171,1217.385,1107.085,999.077,893.162,789.137,686.799,585.938,486.346,387.812,290.123,193.067,96.430,0.000
0.000,17.779,35.579,53.420,71.323,89.306,107.389,125.592,143.935,162.437,181.120,200.003,219.107,238.452,258.060,277.953,298.151,318.677,339.554,360.804,382.449,404.515,427.024,450.002,473.473,497.464,522.000,547.109,572.817,599.155,626.149,653.831,682.231,711.379,741.310,772.056,803.652,836.133,869.536,903.898,939.259,975.658,1013.138,1051.741,1091.513,1132.498,1174.746,1218.305,1263.226,1309.563,1357.371,1406.706,1457.628,1510.199,1564.481,1620.542,1678.449,1738.274,1800.090,1863.976,1930.009,1998.273,2068.853,2141.839,2217.323,2295.400,2376.169,2459.735,2546.202,2635.681,2728.287,2824.137,2923.353,3026.060,3132.387,3242.468,3356.439,3474.440,3596.614,3723.108,3854.070,3989.652,4130.006,4275.285,4425.645,4581.238,4742.216,4908.729,5080.921,5258.931,5442.892,5632.923,5829.136,6031.626,6240.470,6455.727,6677.430,6905.584,7140.167,7381.119,7628.343,7881.699,8141.005,8406.031,8676.500,8952.086,9232.421,9517.097,9805.675,10097.698,10392.711,10690.278,10990.018,11291.637,11594.971,11900.042,12207.111,12516.750,12829.914,13148.024,13473.052,13807.605,14154.994,14519.267,14905.156,15317.875,15762.653,16243.896,16763.912,17321.388,17910.221,18519.747,19136.855,19748.435,20343.039,20911.573,21447.308,21945.565,22403.292,22818.662,23190.747,23519.262,23804.379,24046.600,24246.667,24405.506,24524.190,24603.918,24646.002,24651.861,24623.012,24561.066,24467.718,24344.738,24193.956,24017.242,23816.494,23593.611,23350.480,23088.954,22810.837,22517.867,22211.710,21893.945,21566.058,21229.446,20885.407,20535.143,20179.763,19820.286,19457.643,19092.681,18726.172,18358.814,17991.236,17624.006,17257.634,16892.575,16529.236,16167.981,15809.131,15452.971,15099.752,14749.695,14402.991,14059.810,13720.295,13384.570,13052.744,12724.905,12401.127,12081.473,11765.992,11454.725,11147.701,10844.941,10546.463,10252.275,9962.380,9676.778,9395.466,9118.435,8845.677,8577.181,8312.935,8052.926,7797.142,7545.570,7298.199,7055.018,6816.018,6581.190,6350.530,6124.032,5901.694,5683.516,5469.499,5259.645,5053.958,4852.442,4655.101,4461.938,4272.957,4088.159,3907.540,3731.093,3558.807,3390.665,3226.640,3066.701,2910.806,2758.903,2610.928,2466.811,2326.466,2189.798,2056.700,1927.055,1800.733,1677.596,1557.496,1440.277,1325.773,1213.813,1104.220,996.809,891.393,787.781,685.777,585.184,485.803,387.433,289.871,192.914,96.359,0.000
0.000,15.267,30.552,45.873,61.247,76.689,92.218,107.849,123.600,139.489,155.533,171.749,188.154,204.768,221.607,238.690,256.036,273.664,291.593,309.843,328.433,347.383,366.716,386.450,406.609,427.215,448.289,469.855,491.937,514.559,537.746,561.524,585.919,610.958,636.669,663.081,690.223,718.126,746.822,776.342,806.721,837.993,870.194,903.361,937.532,972.747,1009.047,1046.474,1085.073,1124.889,1165.970,1208.364,1252.123,1297.298,1343.947,1392.124,1441.888,1493.302,1546.429,1601.334,1658.086,1716.756,1777.418,1840.148,1905.025,1972.132,2041.554,2113.379,2187.699,2264.608,2344.203,2426.587,2511.862,2600.138,2691.523,2786.132,2884.082,2985.491,3090.483,3199.182,3311.714,3428.209,3548.796,3673.604,3802.765,3936.408,4074.660,4217.647,4365.490,4518.305,4676.200,4839.276,5007.622,5181.315,5360.416,5544.968,5734.996,5930.497,6131.447,6337.789,6549.435,6766.263,6988.116,7214.797,7446.074,7681.679,7921.310,8164.639,8411.321,8661.006,8913.354,9168.060,9424.880,9683.666,9944.408,10207.283,10472.717,10741.459,11014.659,11293.979,11581.703,11880.880,12195.468,12530.480,12892.070,13287.471,13724.609,14211.103,14752.360,15348.708,15992.527,16667.953,17355.576,18037.121,18697.865,19327.121,19917.733,20465.271,20967.267,21422.606,21831.075,22193.061,22509.338,22780.932,23009.035,23194.955,23340.082,23445.876,23513.855,23545.594,23542.724,23506.926,23439.929,23343.506,23219.458,23069.609,22895.792,22699.830,22483.528,22248.656,21996.932,21730.020,21449.511,21156.922,20853.688,20541.157,20220.594,19893.174,19559.987,19222.038,18880.255,18535.485,18188.504,17840.018,17490.669,17141.040,16791.655,16442.990,16095.471,15749.480,15405.360,15063.415,14723.918,14387.110,14053.203,13722.385,13394.821,13070.653,12750.005,12432.986,12119.686,11810.184,11504.545,11202.824,10905.065,10611.304,10321.568,10035.880,9754.254,9476.702,9203.228,8933.837,8668.527,8407.296,8150.139,7897.052,7648.028,7403.061,7162.143,6925.269,6692.432,6463.630,6238.856,6018.110,5801.389,5588.692,5380.021,5175.377,4974.761,4778.174,4585.619,4397.094,4212.599,4032.130,3855.680,3683.236,3514.785,3350.302,3189.760,3033.124,2880.348,2731.379,2586.155,2444.604,2306.643,2172.180,2041.111,1913.324,1788.696,1667.095,1548.382,1432.407,1319.015,1208.044,1099.325,992.684,887.945,784.925,683.438,583.298,484.315,386.297,289.050,192.382,96.097,0.000
0.000,12.742,25.500,38.288,51.119,64.008,76.969,90.015,103.162,116.424,129.816,143.350,157.043,170.910,184.966,199.225,213.703,228.417,243.383,258.616,274.134,289.953,306.090,322.564,339.392,356.593,374.185,392.189,410.623,429.508,448.865,468.716,489.082,509.987,531.452,553.503,576.164,599.461,623.420,648.068,673.433,699.544,726.431,754.126,782.659,812.064,842.377,873.631,905.864,939.113,973.420,1008.824,1045.368,1083.096,1122.054,1162.290,1203.853,1246.793,1291.165,1337.022,1384.423,1433.427,1484.095,1536.490,1590.680,1646.733,1704.719,1764.713,1826.790,1891.030,1957.514,2026.327,2097.554,2171.286,2247.615,2326.635,2408.442,2493.137,2580.821,2671.597,2765.570,2862.847,2963.534,3067.739,3175.569,3287.132,3402.531,3521.869,3645.245,3772.752,3904.479,4040.507,4180.906,4325.737,4475.048,4628.870,4787.219,4950.090,5117.459,5289.274,5465.461,5645.915,5830.506,6019.071,6211.422,6407.342,6606.593,6808.917,7014.051,7221.732,7431.717,7643.802,7857.848,8073.809,8291.777,8512.028,8735.079,8961.767,9193.343,9431.585,9678.956,9938.797,10215.573,10515.172,10845.229,11215.390,11637.271,12123.617,12685.790,13328.638,14043.312,14804.059,15580.483,16346.726,17084.306,17781.452,18431.382,19030.682,19578.077,20073.606,20518.087,20912.785,21259.209,21558.997,21813.843,22025.468,22195.595,22325.951,22418.265,22474.270,22495.713,22484.350,22441.950,22370.296,22271.175,22146.377,21997.684,21826.857,21635.633,21425.709,21198.734,20956.302,20699.942,20431.112,20151.196,19861.500,19563.253,19257.602,18945.615,18628.284,18306.526,17981.185,17653.037,17322.794,16991.104,16658.560,16325.700,15993.012,15660.938,15329.877,15000.188,14672.195,14346.185,14022.419,13701.126,13382.512,13066.757,12754.023,12444.449,12138.159,11835.260,11535.844,11239.992,10947.771,10659.238,10374.443,10093.425,9816.217,9542.844,9273.329,9007.685,8745.926,8488.058,8234.088,7984.018,7737.849,7495.581,7257.213,7022.743,6792.170,6565.491,6342.703,6123.807,5908.800,5697.681,5490.452,5287.112,5087.661,4892.099,4700.426,4512.640,4328.739,4148.718,3972.570,3800.283,3631.843,3467.230,3306.420,3149.381,2996.074,2846.454,2700.467,2558.050,2419.132,2283.632,2151.459,2022.516,1896.694,1773.876,1653.937,1536.743,1422.153,1310.020,1200.190,1092.504,986.797,882.901,780.643,679.847,580.336,481.927,384.439,287.688,191.488,95.654,0.000
0.000,10.207,20.426,30.670,40.948,51.272,61.655,72.106,82.637,93.261,103.988,114.830,125.799,136.907,148.166,159.589,171.188,182.975,194.963,207.167,219.598,232.271,245.199,258.397,271.878,285.658,299.752,314.175,328.944,344.075,359.583,375.488,391.805,408.553,425.752,443.420,461.577,480.244,499.441,519.191,539.515,560.438,581.982,604.174,627.039,650.602,674.893,699.938,725.769,752.415,779.907,808.280,837.566,867.803,899.025,931.272,964.582,998.998,1034.560,1071.314,1109.305,1148.581,1189.192,1231.187,1274.621,1319.548,1366.025,1414.111,1463.868,1515.358,1568.647,1623.801,1680.891,1739.987,1801.164,1864.496,1930.062,1997.940,2068.211,2140.958,2216.265,2294.215,2374.893,2458.386,2544.778,2634.153,2726.594,2822.183,2920.995,3023.105,3128.582,3237.488,3349.877,3465.796,3585.281,3708.355,3835.027,3965.291,4099.125,4236.487,4377.314,4521.524,4669.010,4819.646,4973.284,5129.756,5288.879,5450.460,5614.303,5780.220,5948.044,6117.646,6288.959,6462.002,6636.919,6814.024,6993.852,7177.237,7365.407,7560.108,7763.786,7979.827,8212.902,8469.452,8758.333,9091.641,9485.524,9960.362,10538.611,11236.815,12048.107,12924.579,13815.673,14685.106,15511.307,16283.135,16995.812,17648.159,18240.928,18775.843,19255.084,19680.995,20055.944,20382.244,20662.131,20897.749,21091.164,21244.369,21359.298,21437.841,21481.856,21493.173,21473.605,21424.948,21348.982,21247.471,21122.153,20974.742,20806.915,20620.307,20416.504,20197.041,19963.386,19716.946,19459.057,19190.985,18913.921,18628.984,18337.220,18039.603,17737.039,17430.364,17120.351,16807.713,16493.101,16177.114,15860.300,15543.157,15226.139,14909.656,14594.084,14279.758,13966.983,13656.033,13347.154,13040.566,12736.465,12435.027,12136.405,11840.738,11548.147,11258.737,10972.602,10689.821,10410.465,10134.593,9862.255,9593.496,9328.351,9066.851,8809.019,8554.876,8304.438,8057.718,7814.724,7575.464,7339.944,7108.167,6880.137,6655.854,6435.322,6218.539,6005.507,5796.227,5590.699,5388.923,5190.899,4996.626,4806.105,4619.332,4436.304,4257.016,4081.461,3909.628,3741.504,3577.071,3416.307,3259.184,3105.670,2955.723,2809.297,2666.338,2526.783,2390.562,2257.597,2127.800,2001.075,1877.320,1756.421,1638.261,1522.711,1409.639,1298.904,1190.360,1083.857,979.238,876.343,775.008,675.067,576.349,478.683,381.895,285.809,190.250,95.040,0.000
0.000,7.663,15.336,23.026,30.742,38.494,46.289,54.135,62.042,70.017,78.071,86.211,94.447,102.787,111.240,119.816,128.524,137.374,146.375,155.537,164.871,174.386,184.092,194.001,204.124,214.470,225.053,235.883,246.972,258.333,269.978,281.920,294.172,306.748,319.663,332.930,346.564,360.581,374.997,389.827,405.090,420.801,436.980,453.646,470.816,488.512,506.753,525.562,544.961,564.972,585.620,606.928,628.923,651.632,675.081,699.300,724.318,750.166,776.876,804.481,833.016,862.516,893.018,924.560,957.184,990.929,1025.838,1061.956,1099.329,1138.004,1178.029,1219.456,1262.336,1306.722,1352.671,1400.239,1449.482,1500.462,1553.238,1607.872,1664.426,1722.963,1783.547,1846.241,1911.109,1978.213,2047.615,2119.374,2193.547,2270.190,2349.352,2431.078,2515.410,2602.380,2692.014,2784.327,2879.325,2977.004,3077.343,3180.310,3285.860,3393.927,3504.434,3617.287,3732.376,3849.580,3968.766,4089.797,4212.536,4336.855,4462.644,4589.829,4718.385,4848.363,4979.916,5113.337,5249.107,5387.962,5530.976,5679.691,5836.288,6003.856,6186.794,6391.438,6627.049,6907.358,7252.866,7693.747,8271.531,9031.970,9987.795,11030.562,12072.623,13066.825,13992.804,14844.103,15620.717,16325.376,16961.803,17533.941,18045.609,18500.382,18901.554,19252.147,19554.940,19812.504,20027.229,20201.361,20337.031,20436.271,20501.042,20533.242,20534.725,20507.300,20452.743,20372.793,20269.156,20143.500,19997.450,19832.586,19650.441,19452.490,19240.150,19014.779,18777.668,18530.041,18273.056,18007.802,17735.300,17456.507,17172.311,16883.542,16590.964,16295.288,15997.167,15697.201,15395.944,15093.901,14791.534,14489.265,14187.478,13886.523,13586.715,13288.341,12991.660,12696.905,12404.286,12113.990,11826.185,11541.021,11258.632,10979.136,10702.636,10429.224,10158.982,9891.978,9628.275,9367.925,9110.973,8857.457,8607.411,8360.862,8117.833,7878.344,7642.411,7410.046,7181.260,6956.061,6734.457,6516.454,6302.056,6091.265,5884.086,5680.520,5480.568,5284.231,5091.510,4902.404,4716.910,4535.026,4356.746,4182.063,4010.969,3843.451,3679.492,3519.073,3362.169,3208.752,3058.786,2912.231,2769.038,2629.154,2492.516,2359.056,2228.697,2101.355,1976.937,1855.344,1736.470,1620.200,1506.414,1394.984,1285.778,1178.657,1073.477,970.091,868.346,768.087,669.155,571.389,474.625,378.698,283.440,188.684,94.261,0.000
0.000,5.113,10.232,15.362,20.510,25.682,30.882,36.117,41.392,46.714,52.087,57.518,63.012,68.576,74.216,79.938,85.748,91.652,97.657,103.771,109.998,116.346,122.823,129.434,136.188,143.091,150.152,157.377,164.776,172.356,180.126,188.094,196.270,204.661,213.278,222.130,231.228,240.581,250.199,260.095,270.279,280.763,291.559,302.680,314.137,325.945,338.118,350.669,363.614,376.967,390.746,404.965,419.643,434.797,450.446,466.608,483.304,500.553,518.378,536.800,555.843,575.530,595.886,616.936,638.708,661.228,684.526,708.630,733.571,759.381,786.093,813.740,842.356,871.978,902.643,934.386,967.249,1001.269,1036.487,1072.945,1110.682,1149.743,1190.167,1231.999,1275.279,1320.050,1366.351,1414.222,1463.701,1514.824,1567.625,1622.131,1678.371,1736.365,1796.130,1857.675,1921.005,1986.114,2052.988,2121.608,2191.940,2263.942,2337.562,2412.739,2489.399,2567.465,2646.851,2727.467,2809.229,2892.056,2975.884,3060.674,3146.423,3233.182,3321.076,3410.330,3501.306,3594.553,3690.873,3791.419,3897.846,4012.543,4139.007,4282.485,4451.096,4657.908,4924.868,5290.266,5821.842,6631.791,7840.606,9137.327,10377.523,11516.871,12549.097,13479.887,14317.723,15070.979,15747.139,16352.691,16893.227,17373.582,17797.967,18170.088,18493.234,18770.365,19004.167,19197.114,19351.505,19469.497,19553.139,19604.387,19625.124,19617.173,19582.299,19522.222,19438.614,19333.102,19207.263,19062.629,18900.679,18722.838,18530.473,18324.895,18107.350,17879.026,17641.044,17394.464,17140.283,16879.435,16612.794,16341.175,16065.335,15785.979,15503.757,15219.271,14933.074,14645.677,14357.548,14069.116,13780.773,13492.877,13205.755,12919.703,12634.992,12351.865,12070.542,11791.223,11514.086,11239.294,10966.989,10697.300,10430.343,10166.219,9905.018,9646.819,9391.694,9139.703,8890.900,8645.331,8403.037,8164.052,7928.406,7696.125,7467.230,7241.741,7019.671,6801.034,6585.841,6374.102,6165.822,5961.010,5759.668,5561.802,5367.413,5176.503,4989.073,4805.121,4624.644,4447.639,4274.101,4104.019,3937.383,3774.180,3614.391,3457.995,3304.967,3155.275,3008.884,2865.752,2725.831,2589.068,2455.401,2324.763,2197.079,2072.269,1950.242,1830.905,1714.153,1599.880,1487.969,1378.300,1270.746,1165.176,1061.454,959.438,858.985,759.945,662.170,565.505,469.794,374.881,280.605,186.807,93.326,0.000
0.000,2.558,5.118,7.685,10.260,12.847,15.449,18.067,20.706,23.368,26.056,28.773,31.521,34.305,37.126,39.988,42.894,45.848,48.852,51.911,55.026,58.201,61.441,64.748,68.127,71.581,75.113,78.727,82.429,86.221,90.107,94.094,98.183,102.381,106.692,111.121,115.672,120.351,125.163,130.113,135.208,140.453,145.854,151.417,157.149,163.057,169.146,175.426,181.902,188.583,195.476,202.590,209.933,217.515,225.344,233.430,241.783,250.412,259.330,268.547,278.074,287.924,298.108,308.640,319.533,330.800,342.456,354.516,366.995,379.908,393.272,407.104,421.421,436.242,451.583,467.465,483.906,500.926,518.546,536.785,555.664,575.205,595.428,616.354,638.005,660.400,683.560,707.506,732.254,757.824,784.232,811.492,839.617,868.618,898.503,929.277,960.940,993.491,1026.923,1061.225,1096.381,1132.369,1169.164,1206.735,1245.046,1284.058,1323.729,1364.017,1404.879,1446.278,1488.184,1530.580,1573.470,1616.885,1660.893,1705.617,1751.252,1798.090,1846.559,1897.281,1951.150,2009.478,2074.224,2148.415,2236.959,2348.329,2498.455,2720.631,3093.812,3832.786,5605.564,7300.688,8783.354,10074.138,11206.940,12208.751,13099.448,13893.835,14603.252,15236.640,15801.222,16302.960,16746.870,17137.240,17477.795,17771.818,18022.241,18231.719,18402.685,18537.397,18637.968,18706.395,18744.582,18754.351,18737.457,18695.596,18630.406,18543.473,18436.331,18310.462,18167.298,18008.212,17834.528,17647.508,17448.359,17238.228,17018.203,16789.314,16552.532,16308.768,16058.878,15803.663,15543.869,15280.192,15013.278,14743.726,14472.088,14198.878,13924.566,13649.585,13374.334,13099.178,12824.451,12550.457,12277.475,12005.758,11735.536,11467.017,11200.389,10935.825,10673.476,10413.480,10155.963,9901.034,9648.793,9399.327,9152.715,8909.025,8668.320,8430.652,8196.069,7964.612,7736.316,7511.214,7289.332,7070.693,6855.317,6643.222,6434.421,6228.927,6026.751,5827.900,5632.382,5440.201,5251.361,5065.865,4883.713,4704.904,4529.436,4357.303,4188.499,4023.015,3860.838,3701.953,3546.341,3393.980,3244.842,3098.897,2956.108,2816.432,2679.822,2546.226,2415.582,2287.826,2162.884,2040.679,1921.125,1804.129,1689.595,1577.418,1467.489,1359.693,1253.909,1150.012,1047.872,947.357,848.329,750.646,654.167,558.744,464.230,370.475,277.328,184.635,92.244,0.000
0.000,0.000,0.000,0.000,0.000,0.000,0.000,0.000,0.000,0.000,0.000,0.000,0.000,0.000,0.000,0.000,0.000,0.000,0.000,0.000,0.000,0.000,0.000,0.000,0.000,0.000,0.000,0.000,0.000,0.000,0.000,0.000,0.000,0.000,0.000,0.000,0.000,0.000,0.000,0.000,0.000,0.000,0.000,0.000,0.000,0.000,0.000,0.000,0.000,0.000,0.000,0.000,0.000,0.000,0.000,0.000,0.000,0.000,0.000,0.000,0.000,0.000,0.000,0.000,0.000,0.000,0.000,0.000,0.000,0.000,0.000,0.000,0.000,0.000,0.000,0.000,0.000,0.000,0.000,0.000,0.000,0.000,0.000,0.000,0.000,0.000,0.000,0.000,0.000,0.000,0.000,0.000,0.000,0.000,0.000,0.000,0.000,0.000,0.000,0.000,0.000,0.000,0.000,0.000,0.000,0.000,0.000,0.000,0.000,0.000,0.000,0.000,0.000,0.000,0.000,0.000,0.000,0.000,0.000,0.000,0.000,0.000,0.000,0.000,0.000,0.000,0.000,0.000,0.000,0.000,3448.219,5676.569,7381.148,8789.480,9995.885,11048.852,11977.621,12801.811,13535.561,14189.575,14772.253,15290.374,15749.532,16154.442,16509.138,16817.134,17081.536,17305.125,17490.427,17639.759,17755.275,17838.993,17892.819,17918.569,17917.977,17892.707,17844.364,17774.490,17684.576,17576.058,17450.316,17308.681,17152.426,16982.773,16800.885,16607.872,16404.789,16192.633,15972.349,15744.825,15510.897,15271.350,15026.918,14778.285,14526.090,14270.927,14013.346,13753.859,13492.938,13231.018,12968.501,12705.756,12443.124,12180.914,11919.412,11658.879,11399.551,11141.646,10885.359,10630.870,10378.339,10127.913,9879.724,9633.890,9390.517,9149.703,8911.531,8676.078,8443.412,8213.593,7986.674,7762.703,7541.720,7323.763,7108.862,6897.046,6688.339,6482.761,6280.330,6081.062,5884.969,5692.063,5502.351,5315.840,5132.535,4952.440,4775.555,4601.880,4431.411,4264.144,4100.071,3939.183,3781.466,3626.903,3475.477,3327.163,3181.934,3039.757,2900.597,2764.410,2631.151,2500.766,2373.196,2248.380,2126.244,2006.715,1889.710,1775.140,1662.912,1552.927,1445.081,1339.263,1235.359,1133.251,1032.814,933.922,836.445,740.249,645.197,551.151,457.969,365.511,273.630,182.182,91.021,0.000
0.000,0.000,0.000,0.000,0.000,0.000,0.000,0.000,0.000,0.000,0.000,0.000,0.000,0.000,0.000,0.000,0.000,0.000,0.000,0.000,0.000,0.000,0.000,0.000,0.000,0.000,0.000,0.000,0.000,0.000,0.000,0.000,0.000,0.000,0.000,0.000,0.000,0.000,0.000,0.000,0.000,0.000,0.000,0.000,0.000,0.000,0.000,0.000,0.000,0.000,0.000,0.000,0.000,0.000,0.000,0.000,0.000,0.000,0.000,0.000,0.000,0.000,0.000,0.000,0.000,0.000,0.000,0.000,0.000,0.000,0.000,0.000,0.000,0.000,0.000,0.000,0.000,0.000,0.000,0.000,0.000,0.000,0.000,0.000,0.000,0.000,0.000,0.000,0.000,0.000,0.000,0.000,0.000,0.000,0.000,0.000,0.000,0.000,0.000,0.000,0.000,0.000,0.000,0.000,0.000,0.000,0.000,0.000,0.000,0.000,0.000,0.000,0.000,0.000,0.000,0.000,0.000,0.000,0.000,0.000,0.000,0.000,0.000,0.000,0.000,0.000,0.000,0.000,0.000,0.000,2510.779,4576.276,6275.262,7706.839,8938.371,10013.273,10960.507,11800.375,12547.768,13214.023,13808.033,14336.953,14806.663,15222.088,15587.425,15906.304,16181.918,16417.108,16614.439,16776.252,16904.709,17001.825,17069.492,17109.503,17123.560,17113.294,17080.266,17025.977,16951.870,16859.334,16749.701,16624.254,16484.223,16330.784,16165.061,15988.125,15800.997,15604.644,15399.980,15187.872,14969.134,14744.532,14514.786,14280.568,14042.508,13801.191,13557.166,13310.938,13062.978,12813.724,12563.577,12312.911,12062.067,11811.361,11561.083,11311.500,11062.854,10815.367,10569.244,10324.669,10081.810,9840.821,9601.840,9364.993,9130.393,8898.141,8668.331,8441.042,8216.351,7994.323,7775.016,7558.483,7344.771,7133.919,6925.965,6720.939,6518.871,6319.784,6123.699,5930.633,5740.604,5553.622,5369.699,5188.842,5011.058,4836.350,4664.721,4496.169,4330.693,4168.286,4008.941,3852.649,3699.394,3549.161,3401.930,3257.676,3116.373,2977.988,2842.484,2709.819,2579.948,2452.819,2328.375,2206.553,2087.286,1970.501,1856.117,1744.053,1634.216,1526.514,1420.845,1317.106,1215.188,1114.977,1016.355,919.204,823.397,728.810,635.310,542.768,451.048,360.016,269.533,179.463,89.665,0.000
0.000,0.000,0.000,0.000,0.000,0.000,0.000,0.000,0.000,0.000,0.000,0.000,0.000,0.000,0.000,0.000,0.000,0.000,0.000,0.000,0.000,0.000,0.000,0.000,0.000,0.000,0.000,0.000,0.000,0.000,0.000,0.000,0.000,0.000,0.000,0.000,0.000,0.000,0.000,0.000,0.000,0.000,0.000,0.000,0.000,0.000,0.000,0.000,0.000,0.000,0.000,0.000,0.000,0.000,0.000,0.000,0.000,0.000,0.000,0.000,0.000,0.000,0.000,0.000,0.000,0.000,0.000,0.000,0.000,0.000,0.000,0.000,0.000,0.000,0.000,0.000,0.000,0.000,0.000,0.000,0.000,0.000,0.000,0.000,0.000,0.000,0.000,0.000,0.000,0.000,0.000,0.000,0.000,0.000,0.000,0.000,0.000,0.000,0.000,0.000,0.000,0.000,0.000,0.000,0.000,0.000,0.000,0.000,0.000,0.000,0.000,0.000,0.000,0.000,0.000,0.000,0.000,0.000,0.000,0.000,0.000,0.000,0.000,0.000,0.000,0.000,0.000,0.000,0.000,0.000,2018.653,3842.546,5436.855,6824.328,8037.590,9105.480,10050.891,10891.560,11641.275,12310.889,12909.090,13442.943,13918.293,14340.052,14712.411,15038.996,15322.993,15567.233,15774.265,15946.412,16085.810,16194.445,16274.175,16326.755,16353.847,16357.036,16337.838,16297.705,16238.030,16160.154,16065.362,15954.888,15829.917,15691.580,15540.963,15379.098,15206.970,15025.515,14835.619,14638.123,14433.818,14223.453,14007.730,13787.307,13562.804,13334.797,13103.826,12870.394,12634.969,12397.983,12159.841,11920.914,11681.548,11442.061,11202.745,10963.871,10725.686,10488.418,10252.274,10017.446,9784.107,9552.417,9322.518,9094.543,8868.611,8644.828,8423.292,8204.092,7987.306,7773.004,7561.252,7352.105,7145.615,6941.826,6740.779,6542.509,6347.048,6154.421,5964.655,5777.768,5593.779,5412.701,5234.548,5059.328,4887.050,4717.717,4551.332,4387.894,4227.403,4069.851,3915.232,3763.536,3614.747,3468.850,3325.825,3185.647,3048.288,2913.716,2781.896,2652.787,2526.341,2402.511,2281.240,2162.467,2046.128,1932.151,1820.461,1710.977,1603.613,1498.278,1394.878,1293.313,1193.479,1095.269,998.570,903.269,809.247,716.383,624.555,533.637,443.501,354.019,265.059,176.491,88.182,0.000
0.000,0.000,0.000,0.000,0.000,0.000,0.000,0.000,0.000,0.000,0.000,0.000,0.000,0.000,0.000,0.000,0.000,0.000,0.000,0.000,0.000,0.000,0.000,0.000,0.000,0.000,0.000,0.000,0.000,0.000,0.000,0.000,0.000,0.000,0.000,0.000,0.000,0.000,0.000,0.000,0.000,0.000,0.000,0.000,0.000,0.000,0.000,0.000,0.000,0.000,0.000,0.000,0.000,0.000,0.000,0.000,0.000,0.000,0.000,0.000,0.000,0.000,0.000,0.000,0.000,0.000,0.000,0.000,0.000,0.000,0.000,0.000,0.000,0.000,0.000,0.000,0.000,0.000,0.000,0.000,0.000,0.000,0.000,0.000,0.000,0.000,0.000,0.000,0.000,0.000,0.000,0.000,0.000,0.000,0.000,0.000,0.000,0.000,0.000,0.000,0.000,0.000,0.000,0.000,0.000,0.000,0.000,0.000,0.000,0.000,0.000,0.000,0.000,0.000,0.000,0.000,0.000,0.000,0.000,0.000,0.000,0.000,0.000,0.000,0.000,0.000,0.000,0.000,0.000,0.000,1721.319,3338.448,4805.350,6116.112,7282.281,8320.280,9246.144,10073.843,10815.037,11479.341,12074.679,12607.634,13083.727,13507.642,13883.408,14214.529,14504.090,14754.843,14969.269,15149.626,15297.994,15416.302,15506.355,15569.855,15608.410,15623.552,15616.745,15589.386,15542.819,15478.331,15397.158,15300.486,15189.453,15065.149,14928.616,14780.849,14622.797,14455.364,14279.408,14095.741,13905.134,13708.313,13505.962,13298.726,13087.210,12871.982,12653.572,12432.476,12209.156,11984.043,11757.538,11530.013,11301.812,11073.254,10844.634,10616.224,10388.276,10161.019,9934.666,9709.412,9485.435,9262.898,9041.950,8822.727,8605.352,8389.938,8176.587,7965.391,7756.435,7549.793,7345.533,7143.716,6944.397,6747.624,6553.442,6361.889,6172.999,5986.802,5803.324,5622.589,5444.616,5269.421,5097.018,4927.418,4760.629,4596.657,4435.505,4277.173,4121.660,3968.959,3819.064,3671.965,3527.646,3386.093,3247.284,3111.195,2977.800,2847.066,2718.957,2593.434,2470.452,2349.962,2231.910,2116.238,2002.883,1891.777,1782.847,1676.016,1571.201,1468.316,1367.271,1267.970,1170.315,1074.203,979.529,886.182,794.052,703.022,612.977,523.797,435.360,347.544,260.226,173.280,86.580,0.000
0.000,0.000,0.000,0.000,0.000,0.000,0.000,0.000,0.000,0.000,0.000,0.000,0.000,0.000,0.000,0.000,0.000,0.000,0.000,0.000,0.000,0.000,0.000,0.000,0.000,0.000,0.000,0.000,0.000,0.000,0.000,0.000,0.000,0.000,0.000,0.000,0.000,0.000,0.000,0.000,0.000,0.000,0.000,0.000,0.000,0.000,0.000,0.000,0.000,0.000,0.000,0.000,0.000,0.000,0.000,0.000,0.000,0.000,0.000,0.000,0.000,0.000,0.000,0.000,0.000,0.000,0.000,0.000,0.000,0.000,0.000,0.000,0.000,0.000,0.000,0.000,0.000,0.000,0.000,0.000,0.000,0.000,0.000,0.000,0.000,0.000,0.000,0.000,0.000,0.000,0.000,0.000,0.000,0.000,0.000,0.000,0.000,0.000,0.000,0.000,0.000,0.000,0.000,0.000,0.000,0.000,0.000,0.000,0.000,0.000,0.000,0.000,0.000,0.000,0.000,0.000,0.000,0.000,0.000,0.000,0.000,0.000,0.000,0.000,0.000,0.000,0.000,0.000,0.000,0.000,1528.202,2984.625,4330.049,5552.569,6655.240,7647.326,8539.691,9342.769,10065.845,10716.925,11302.834,11829.383,12301.544,12723.603,13099.286,13431.868,13724.256,13979.056,14198.628,14385.129,14540.550,14666.740,14765.430,14838.252,14886.752,14912.398,14916.594,14900.682,14865.946,14813.623,14744.895,14660.900,14562.729,14451.427,14327.994,14193.387,14048.520,13894.262,13731.443,13560.847,13383.220,13199.267,13009.654,12815.009,12615.922,12412.949,12206.611,11997.395,11785.757,11572.123,11356.889,11140.425,10923.074,10705.155,10486.962,10268.769,10050.829,9833.373,9616.618,9400.760,9185.982,8972.449,8760.315,8549.718,8340.787,8133.638,7928.377,7725.099,7523.893,7324.837,7128.004,6933.457,6741.254,6551.448,6364.085,6179.207,5996.851,5817.049,5639.829,5465.218,5293.235,5123.899,4957.226,4793.227,4631.912,4473.287,4317.357,4164.121,4013.579,3865.725,3720.553,3578.052,3438.209,3301.006,3166.425,3034.441,2905.027,2778.153,2653.782,2531.877,2412.394,2295.285,2180.498,2067.977,1957.662,1849.485,1743.380,1639.270,1537.077,1436.719,1338.110,1241.159,1145.772,1051.852,959.297,868.004,777.866,688.775,600.619,513.284,426.657,340.619,255.054,169.842,84.864,0.000
0.000,0.000,0.000,0.000,0.000,0.000,0.000,0.000,0.000,0.000,0.000,0.000,0.000,0.000,0.000,0.000,0.000,0.000,0.000,0.000,0.000,0.000,0.000,0.000,0.000,0.000,0.000,0.000,0.000,0.000,0.000,0.000,0.000,0.000,0.000,0.000,0.000,0.000,0.000,0.000,0.000,0.000,0.000,0.000,0.000,0.000,0.000,0.000,0.000,0.000,0.000,0.000,0.000,0.000,0.000,0.000,0.000,0.000,0.000,0.000,0.000,0.000,0.000,0.000,0.000,0.000,0.000,0.000,0.000,0.000,0.000,0.000,0.000,0.000,0.000,0.000,0.000,0.000,0.000,0.000,0.000,0.000,0.000,0.000,0.000,0.000,0.000,0.000,0.000,0.000,0.000,0.000,0.000,0.000,0.000,0.000,0.000,0.000,0.000,0.000,0.000,0.000,0.000,0.000,0.000,0.000,0.000,0.000,0.000,0.000,0.000,0.000,0.000,0.000,0.000,0.000,0.000,0.000,0.000,0.000,0.000,0.000,0.000,0.000,0.000,0.000,0.000,0.000,0.000,0.000,1406.895,2741.848,3977.716,5108.956,6138.878,7074.202,7922.649,8691.836,9388.801,10019.846,10590.527,11105.711,11569.669,11986.156,12358.494,12689.645,12982.266,13238.765,13461.339,13652.008,13812.645,13944.997,14050.705,14131.318,14188.305,14223.066,14236.936,14231.196,14207.071,14165.740,14108.332,14035.936,13949.593,13850.303,13739.025,13616.676,13484.134,13342.235,13191.776,13033.515,12868.174,12696.433,12518.938,12336.302,12149.097,11957.867,11763.120,11565.335,11364.959,11162.413,10958.086,10752.345,10545.530,10337.958,10129.923,9921.697,9713.534,9505.667,9298.313,9091.671,8885.925,8681.244,8477.783,8275.684,8075.079,7876.086,7678.815,7483.365,7289.826,7098.282,6908.805,6721.465,6536.321,6353.429,6172.838,5994.591,5818.729,5645.285,5474.290,5305.772,5139.752,4976.252,4815.286,4656.870,4501.012,4347.720,4196.999,4048.850,3903.272,3760.262,3619.811,3481.910,3346.546,3213.703,3083.361,2955.497,2830.084,2707.091,2586.486,2468.229,2352.279,2238.590,2127.112,2017.789,1910.565,1805.376,1702.155,1600.832,1501.331,1403.574,1307.479,1212.958,1119.924,1028.282,937.938,848.792,760.743,673.689,587.522,502.136,417.421,333.266,249.560,166.189,83.041,0.000
0.000,0.000,0.000,0.000,0.000,0.000,0.000,0.000,0.000,0.000,0.000,0.000,0.000,0.000,0.000,0.000,0.000,0.000,0.000,0.000,0.000,0.000,0.000,0.000,0.000,0.000,0.000,0.000,0.000,0.000,0.000,0.000,0.000,0.000,0.000,0.000,0.000,0.000,0.000,0.000,0.000,0.000,0.000,0.000,0.000,0.000,0.000,0.000,0.000,0.000,0.000,0.000,0.000,0.000,0.000,0.000,0.000,0.000,0.000,0.000,0.000,0.000,0.000,0.000,0.000,0.000,0.000,0.000,0.000,0.000,0.000,0.000,0.000,0.000,0.000,0.000,0.000,0.000,0.000,0.000,0.000,0.000,0.000,0.000,0.000,0.000,0.000,0.000,0.000,0.000,0.000,0.000,0.000,0.000,0.000,0.000,0.000,0.000,0.000,0.000,0.000,0.000,0.000,0.000,0.000,0.000,0.000,0.000,0.000,0.000,0.000,0.000,0.000,0.000,0.000,0.000,0.000,0.000,0.000,0.000,0.000,0.000,0.000,0.000,0.000,0.000,0.000,0.000,0.000,0.000,1357.559,2598.200,3730.076,4766.740,5717.207,6588.064,7384.990,8113.259,8777.826,9383.294,9933.889,10433.453,10885.465,11293.070,11659.115,11986.188,12276.649,12532.663,12756.230,12949.207,13113.325,13250.211,13361.400,13448.347,13512.435,13554.986,13577.264,13580.481,13565.801,13534.342,13487.181,13425.352,13349.848,13261.623,13161.594,13050.637,12929.594,12799.266,12660.419,12513.784,12360.053,12199.887,12033.910,11862.714,11686.858,11506.868,11323.242,11136.446,10946.920,10755.075,10561.295,10365.942,10169.351,9971.835,9773.688,9575.180,9376.562,9178.070,8979.919,8782.310,8585.427,8389.442,8194.511,8000.779,7808.378,7617.430,7428.047,7240.331,7054.374,6870.262,6688.071,6507.871,6329.726,6153.692,5979.822,5808.161,5638.750,5471.626,5306.822,5144.366,4984.282,4826.591,4671.311,4518.457,4368.039,4220.065,4074.542,3931.471,3790.851,3652.679,3516.949,3383.650,3252.771,3124.295,2998.203,2874.472,2753.078,2633.989,2517.175,2402.596,2290.213,2179.981,2071.853,1965.776,1861.693,1759.545,1659.268,1560.793,1464.050,1368.963,1275.455,1183.442,1092.840,1003.561,915.513,828.602,742.734,657.809,573.727,490.385,407.681,325.509,243.762,162.333,81.115,0.000
0.000,0.000,0.000,0.000,0.000,0.000,0.000,0.000,0.000,0.000,0.000,0.000,0.000,0.000,0.000,0.000,0.000,0.000,0.000,0.000,0.000,0.000,0.000,0.000,0.000,0.000,0.000,0.000,0.000,0.000,0.000,0.000,0.000,0.000,0.000,0.000,0.000,0.000,0.000,0.000,0.000,0.000,0.000,0.000,0.000,0.000,0.000,0.000,0.000,0.000,0.000,0.000,0.000,0.000,0.000,0.000,0.000,0.000,0.000,0.000,0.000,0.000,0.000,0.000,0.000,0.000,0.000,0.000,0.000,0.000,0.000,0.000,0.000,0.000,0.000,0.000,0.000,0.000,0.000,0.000,0.000,0.000,0.000,0.000,0.000,0.000,0.000,0.000,0.000,0.000,0.000,0.000,0.000,0.000,0.000,0.000,0.000,0.000,0.000,0.000,0.000,0.000,0.000,0.000,0.000,0.000,0.000,0.000,0.000,0.000,0.000,0.000,0.000,0.000,0.000,0.000,0.000,0.000,0.000,0.000,0.000,0.000,0.000,0.000,0.000,0.000,0.000,0.000,0.000,0.000,1425.170,2563.367,3577.711,4510.798,5375.238,6175.965,6916.107,7598.517,8226.095,8801.774,9328.454,9808.931,10245.865,10641.753,10998.930,11319.576,11605.722,11859.265,12081.983,12275.546,12441.530,12581.427,12696.655,12788.563,12858.444,12907.533,12937.017,12948.039,12941.697,12919.048,12881.110,12828.865,12763.256,12685.192,12595.544,12495.151,12384.813,12265.300,12137.345,12001.650,11858.881,11709.674,11554.631,11394.325,11229.296,11060.058,10887.092,10710.853,10531.771,10350.247,10166.660,9981.362,9794.685,9606.938,9418.410,9229.369,9040.066,8850.733,8661.587,8472.826,8284.637,8097.191,7910.644,7725.144,7540.824,7357.808,7176.209,6996.131,6817.667,6640.906,6465.926,6292.799,6121.590,5952.358,5785.156,5620.033,5457.031,5296.188,5137.539,4981.112,4826.934,4675.026,4525.409,4378.096,4233.100,4090.431,3950.093,3812.090,3676.421,3543.084,3412.073,3283.378,3156.988,3032.886,2911.055,2791.473,2674.115,2558.952,2445.953,2335.081,2226.297,2119.559,2014.821,1912.032,1811.139,1712.084,1614.805,1519.238,1425.316,1332.966,1242.114,1152.681,1064.587,977.749,892.078,807.488,723.886,641.178,559.271,478.066,397.465,317.369,237.676,158.285,79.094,0.000
0.000,0.000,0.000,0.000,0.000,0.000,0.000,0.000,0.000,0.000,0.000,0.000,0.000,0.000,0.000,0.000,0.000,0.000,0.000,0.000,0.000,0.000,0.000,0.000,0.000,0.000,0.000,0.000,0.000,0.000,0.000,0.000,0.000,0.000,0.000,0.000,0.000,0.000,0.000,0.000,0.000,0.000,0.000,0.000,0.000,0.000,0.000,0.000,0.000,0.000,0.000,0.000,0.000,0.000,0.000,0.000,0.000,0.000,0.000,0.001,0.002,0.003,0.004,0.005,0.007,0.010,0.013,0.017,0.023,0.030,0.039,0.051,0.066,0.086,0.110,0.141,0.180,0.229,0.289,0.363,0.453,0.561,0.688,0.836,1.007,1.202,1.422,1.669,1.944,2.251,2.592,2.970,3.390,3.857,4.376,4.954,5.598,6.318,7.122,8.023,9.033,10.167,11.441,12.874,14.488,16.309,18.367,20.694,23.333,26.328,29.737,33.624,38.071,43.172,49.045,55.835,63.724,72.941,83.786,96.648,112.057,130.744,153.759,182.672,219.955,269.774,339.768,445.533,623.242,969.424,1779.791,2652.436,3506.667,4323.583,5097.075,5824.556,6505.073,7138.739,7726.405,8269.409,8769.387,9228.133,9647.502,10029.349,10375.493,10687.693,10967.637,11216.943,11437.152,11629.738,11796.109,11937.612,12055.539,12151.130,12225.577,12280.028,12315.589,12333.329,12334.278,12319.430,12289.746,12246.152,12189.541,12120.776,12040.683,11950.059,11849.669,11740.246,11622.492,11497.078,11364.644,11225.801,11081.128,10931.178,10776.473,10617.509,10454.754,10288.651,10119.616,9948.041,9774.297,9598.728,9421.660,9243.397,9064.222,8884.402,8704.182,8523.795,8343.453,8163.357,7983.690,7804.624,7626.316,7448.913,7272.550,7097.351,6923.429,6750.890,6579.830,6410.338,6242.492,6076.368,5912.031,5749.542,5588.956,5430.321,5273.683,5119.080,4966.548,4816.117,4667.815,4521.665,4377.686,4235.894,4096.302,3958.921,3823.756,3690.811,3560.086,3431.580,3305.286,3181.197,3059.300,2939.581,2822.022,2706.602,2593.298,2482.081,2372.920,2265.782,2160.629,2057.420,1956.110,1856.652,1758.993,1663.079,1568.852,1476.250,1385.207,1295.657,1207.527,1120.743,1035.230,950.906,867.691,785.499,704.244,623.838,544.190,465.207,386.798,308.866,231.318,154.055,76.982,0.000
0.000,0.000,0.000,0.000,0.000,0.000,0.000,0.000,0.000,0.000,0.000,0.000,0.000,0.000,0.000,0.000,0.000,0.000,0.000,0.000,0.000,0.000,0.000,0.000,0.000,0.000,0.000,0.000,0.000,0.000,0.000,0.000,0.000,0.000,0.000,0.000,0.000,0.000,0.000,0.000,0.000,0.000,0.000,0.000,0.000,0.000,0.000,0.000,0.000,0.000,0.000,0.000,0.000,0.000,0.000,0.000,0.000,0.000,0.001,0.002,0.003,0.005,0.007,0.010,0.014,0.019,0.025,0.034,0.044,0.058,0.076,0.099,0.128,0.166,0.214,0.274,0.351,0.446,0.565,0.711,0.889,1.102,1.355,1.650,1.990,2.379,2.817,3.309,3.858,4.469,5.147,5.899,6.734,7.661,8.693,9.841,11.121,12.551,14.149,15.938,17.944,20.194,22.722,25.567,28.770,32.383,36.464,41.079,46.309,52.244,58.995,66.691,75.488,85.573,97.174,110.573,126.121,144.259,165.556,190.753,220.839,257.164,301.626,356.980,427.382,519.381,643.776,819.136,1078.031,1474.693,2072.176,2759.973,3473.006,4179.872,4865.014,5520.214,6141.007,6725.090,7271.517,7780.223,8251.718,8686.888,9086.847,9452.847,9786.210,10088.286,10360.426,10603.962,10820.200,11010.412,11175.834,11317.663,11437.061,11535.153,11613.029,11671.747,11712.328,11735.767,11743.022,11735.026,11712.679,11676.854,11628.391,11568.105,11496.780,11415.171,11324.005,11223.980,11115.765,11000.000,10877.299,10748.247,10613.400,10473.290,10328.420,10179.269,10026.290,9869.910,9710.535,9548.546,9384.303,9218.143,9050.383,8881.323,8711.239,8540.394,8369.030,8197.375,8025.641,7854.025,7682.710,7511.866,7341.650,7172.208,7003.675,6836.176,6669.824,6504.727,6340.979,6178.671,6017.883,5858.691,5701.160,5545.355,5391.329,5239.132,5088.812,4940.408,4793.955,4649.487,4507.030,4366.609,4228.243,4091.951,3957.745,3825.636,3695.631,3567.734,3441.947,3318.267,3196.689,3077.206,2959.807,2844.478,2731.201,2619.957,2510.722,2403.471,2298.173,2194.796,2093.303,1993.655,1895.810,1799.722,1705.342,1612.616,1521.491,1431.906,1343.800,1257.108,1171.763,1087.694,1004.828,923.090,842.402,762.684,683.854,605.827,528.518,451.840,375.705,300.023,224.703,149.653,74.783,0.000
0.000,0.000,0.000,0.000,0.000,0.000,0.000,0.000,0.000,0.000,0.000,0.000,0.000,0.000,0.000,0.000,0.000,0.000,0.000,0.000,0.000,0.000,0.000,0.000,0.000,0.000,0.000,0.000,0.000,0.000,0.000,0.000,0.000,0.000,0.000,0.000,0.000,0.000,0.000,0.000,0.000,0.000,0.000,0.000,0.000,0.000,0.000,0.000,0.000,0.000,0.000,0.000,0.000,0.000,0.000,0.000,0.000,0.000,0.001,0.003,0.005,0.007,0.011,0.015,0.020,0.027,0.036,0.048,0.063,0.083,0.108,0.140,0.182,0.236,0.305,0.392,0.502,0.641,0.814,1.028,1.289,1.605,1.980,2.419,2.926,3.505,4.160,4.893,5.711,6.620,7.628,8.746,9.986,11.363,12.893,14.597,16.496,18.616,20.986,23.638,26.609,29.944,33.689,37.901,42.644,47.991,54.027,60.852,68.580,77.347,87.310,98.660,111.620,126.460,143.509,163.167,185.931,212.422,243.431,279.975,323.389,375.456,438.610,516.249,613.224,736.606,896.836,1109.226,1395.079,1779.176,2274.292,2842.332,3445.581,4057.963,4662.988,5250.384,5813.765,6349.224,6854.489,7328.395,7770.535,8181.024,8560.334,8909.176,9228.419,9519.032,9782.044,10018.517,10229.524,10416.138,10579.422,10720.426,10840.181,10939.695,11019.955,11081.926,11126.547,11154.732,11167.374,11165.339,11149.468,11120.578,11079.460,11026.879,10963.576,10890.264,10807.633,10716.345,10617.036,10510.316,10396.771,10276.960,10151.416,10020.649,9885.143,9745.358,9601.731,9454.676,9304.585,9151.827,8996.751,8839.686,8680.942,8520.808,8359.558,8197.447,8034.713,7871.581,7708.258,7544.940,7381.807,7219.027,7056.756,6895.140,6734.312,6574.396,6415.507,6257.751,6101.224,5946.015,5792.207,5639.874,5489.084,5339.900,5192.379,5046.571,4902.521,4760.273,4619.862,4481.320,4344.678,4209.957,4077.181,3946.366,3817.528,3690.675,3565.818,3442.959,3322.101,3203.243,3086.379,2971.504,2858.606,2747.673,2638.689,2531.633,2426.484,2323.217,2221.803,2122.212,2024.408,1928.353,1834.008,1741.329,1650.267,1560.775,1472.798,1386.281,1301.165,1217.388,1134.887,1053.594,973.441,894.354,816.263,739.089,662.755,587.182,512.289,437.993,364.210,290.856,217.844,145.089,72.504,0.000
0.000,0.000,0.000,0.000,0.000,0.000,0.000,0.000,0.000,0.000,0.000,0.000,0.000,0.000,0.000,0.000,0.000,0.000,0.000,0.000,0.000,0.000,0.000,0.000,0.000,0.000,0.000,0.000,0.000,0.000,0.000,0.000,0.000,0.000,0.000,0.000,0.000,0.000,0.000,0.000,0.000,0.000,0.000,0.000,0.000,0.000,0.000,0.000,0.000,0.000,0.000,0.000,0.000,0.000,0.000,0.000,0.000,0.000,0.001,0.003,0.006,0.009,0.013,0.018,0.025,0.034,0.045,0.059,0.078,0.102,0.133,0.173,0.225,0.292,0.378,0.487,0.626,0.802,1.023,1.298,1.637,2.048,2.540,3.119,3.790,4.557,5.423,6.393,7.473,8.671,9.999,11.470,13.101,14.910,16.920,19.158,21.650,24.432,27.540,31.018,34.914,39.284,44.190,49.706,55.914,62.910,70.804,79.723,89.815,101.254,114.243,129.021,145.874,165.143,187.238,212.660,242.019,276.075,315.779,362.336,417.295,482.670,561.121,656.196,772.675,917.003,1097.759,1325.881,1613.915,1972.684,2403.533,2889.541,3409.092,3943.492,4478.681,5004.670,5514.558,6003.675,6468.955,6908.478,7321.158,7706.507,8064.467,8395.292,8699.456,8977.588,9230.423,9458.770,9663.482,9845.444,10005.553,10144.713,10263.825,10363.784,10445.476,10509.770,10557.524,10589.576,10606.748,10609.842,10599.640,10576.904,10542.374,10496.767,10440.780,10375.087,10300.337,10217.157,10126.152,10027.900,9922.959,9811.863,9695.120,9573.218,9446.621,9315.772,9181.090,9042.973,8901.800,8757.929,8611.696,8463.421,8313.404,8161.928,8009.259,7855.644,7701.320,7546.503,7391.398,7236.198,7081.078,6926.206,6771.736,6617.810,6464.561,6312.113,6160.579,6010.064,5860.665,5712.471,5565.563,5420.018,5275.902,5133.279,4992.206,4852.734,4714.909,4578.774,4444.365,4311.716,4180.855,4051.807,3924.595,3799.236,3675.745,3554.134,3434.410,3316.578,3200.643,3086.601,2974.450,2864.183,2755.790,2649.260,2544.576,2441.721,2340.673,2241.409,2143.901,2048.119,1954.030,1861.599,1770.787,1681.552,1593.850,1507.632,1422.849,1339.447,1257.372,1176.564,1096.962,1018.503,941.122,864.751,789.320,714.758,640.990,567.940,495.534,423.692,352.336,281.385,210.758,140.372,70.148,0.000
0.000,0.000,0.000,0.000,0.000,0.000,0.000,0.000,0.000,0.000,0.000,0.000,0.000,0.000,0.000,0.000,0.000,0.000,0.000,0.000,0.000,0.000,0.000,0.000,0.000,0.000,0.000,0.000,0.000,0.000,0.000,0.000,0.000,0.000,0.000,0.000,0.000,0.000,0.000,0.000,0.000,0.000,0.000,0.000,0.000,0.000,0.000,0.000,0.000,0.000,0.000,0.000,0.000,0.000,0.000,0.000,0.000,0.000,0.001,0.003,0.006,0.010,0.014,0.020,0.028,0.038,0.050,0.067,0.088,0.115,0.150,0.195,0.254,0.329,0.427,0.553,0.713,0.918,1.178,1.504,1.911,2.410,3.013,3.728,4.559,5.510,6.583,7.783,9.116,10.593,12.227,14.035,16.038,18.257,20.722,23.463,26.516,29.922,33.726,37.981,42.746,48.088,54.084,60.820,68.399,76.934,86.558,97.423,109.707,123.615,139.389,157.312,177.718,201.004,227.648,258.220,293.416,334.087,381.282,436.305,500.795,576.822,667.023,774.757,904.297,1060.996,1251.342,1482.656,1762.054,2094.155,2477.670,2903.270,3357.824,3828.314,4303.663,4775.157,5236.232,5682.086,6109.307,6515.547,6899.265,7259.540,7595.907,7908.252,8196.719,8461.644,8703.504,8922.880,9120.426,9296.848,9452.888,9589.311,9706.896,9806.426,9888.686,9954.458,10004.516,10039.623,10060.533,10067.984,10062.699,10045.385,10016.733,9977.414,9928.079,9869.361,9801.873,9726.207,9642.932,9552.600,9455.737,9352.852,9244.429,9130.935,9012.812,8890.483,8764.352,8634.802,8502.195,8366.877,8229.172,8089.391,7947.822,7804.741,7660.405,7515.056,7368.923,7222.219,7075.143,6927.882,6780.611,6633.493,6486.678,6340.309,6194.515,6049.419,5905.133,5761.761,5619.398,5478.133,5338.048,5199.217,5061.709,4925.586,4790.904,4657.716,4526.069,4396.003,4267.558,4140.765,4015.654,3892.251,3770.577,3650.652,3532.490,3416.102,3301.499,3188.685,3077.663,2968.433,2860.992,2755.334,2651.450,2549.328,2448.954,2350.311,2253.378,2158.133,2064.550,1972.601,1882.253,1793.474,1706.227,1620.471,1536.164,1453.261,1371.714,1291.474,1212.486,1134.697,1058.047,982.478,907.927,834.330,761.622,689.733,618.595,548.136,478.284,408.965,340.104,271.627,203.455,135.512,67.719,0.000
0.000,0.000,0.000,0.000,0.000,0.000,0.000,0.000,0.000,0.000,0.000,0.000,0.000,0.000,0.000,0.000,0.000,0.000,0.000,0.000,0.000,0.000,0.000,0.000,0.000,0.000,0.000,0.000,0.000,0.000,0.000,0.000,0.000,0.000,0.000,0.000,0.000,0.000,0.000,0.000,0.000,0.000,0.000,0.000,0.000,0.000,0.000,0.000,0.000,0.000,0.000,0.000,0.000,0.000,0.000,0.000,0.000,0.000,0.001,0.003,0.006,0.010,0.015,0.021,0.029,0.039,0.052,0.069,0.091,0.119,0.156,0.204,0.265,0.345,0.449,0.583,0.757,0.980,1.266,1.631,2.093,2.669,3.375,4.220,5.210,6.342,7.618,9.040,10.617,12.359,14.283,16.407,18.757,21.360,24.248,27.458,31.031,35.015,39.463,44.435,50.002,56.239,63.237,71.095,79.929,89.871,101.072,113.707,127.977,144.114,162.391,183.124,206.685,233.515,264.134,299.163,339.348,385.585,438.966,500.819,572.770,656.817,755.408,871.531,1008.781,1171.370,1363.986,1591.383,1857.531,2164.262,2509.777,2888.106,3290.692,3708.356,4132.592,4556.165,4973.233,5379.248,5770.770,6145.273,6500.965,6836.637,7151.536,7445.267,7717.711,7968.961,8199.276,8409.037,8598.719,8768.869,8920.086,9053.004,9168.286,9266.611,9348.669,9415.154,9466.760,9504.180,9528.097,9539.190,9538.124,9525.552,9502.116,9468.439,9425.132,9372.786,9311.976,9243.260,9167.174,9084.239,8994.955,8899.802,8799.242,8693.717,8583.650,8469.445,8351.487,8230.144,8105.763,7978.676,7849.196,7717.620,7584.229,7449.287,7313.045,7175.737,7037.583,6898.793,6759.559,6620.065,6480.480,6340.963,6201.664,6062.719,5924.258,5786.400,5649.255,5512.927,5377.509,5243.090,5109.749,4977.560,4846.593,4716.908,4588.562,4461.607,4336.090,4212.051,4089.529,3968.557,3849.164,3731.377,3615.217,3500.703,3387.850,3276.671,3167.174,3059.367,2953.251,2848.827,2746.093,2645.044,2545.671,2447.963,2351.907,2257.486,2164.682,2073.473,1983.834,1895.739,1809.158,1724.058,1640.405,1558.160,1477.284,1397.733,1319.463,1242.426,1166.572,1091.849,1018.202,945.574,873.907,803.140,733.211,664.055,595.608,527.801,460.567,393.836,327.537,261.599,195.949,130.515,65.223,0.000
0.000,0.000,0.000,0.000,0.000,0.000,0.000,0.000,0.000,0.000,0.000,0.000,0.000,0.000,0.000,0.000,0.000,0.000,0.000,0.000,0.000,0.000,0.000,0.000,0.000,0.000,0.000,0.000,0.000,0.000,0.000,0.000,0.000,0.000,0.000,0.000,0.000,0.000,0.000,0.000,0.000,0.000,0.000,0.000,0.000,0.000,0.000,0.000,0.000,0.000,0.000,0.000,0.000,0.000,0.000,0.000,0.000,0.000,0.001,0.003,0.006,0.010,0.014,0.020,0.028,0.038,0.050,0.067,0.088,0.116,0.152,0.198,0.259,0.338,0.441,0.575,0.750,0.978,1.276,1.663,2.162,2.799,3.597,4.570,5.717,7.030,8.505,10.144,11.952,13.944,16.137,18.555,21.225,24.178,27.453,31.089,35.136,39.644,44.675,50.298,56.588,63.633,71.531,80.395,90.354,101.552,114.157,128.361,144.383,162.478,182.940,206.112,232.391,262.243,296.218,334.960,379.234,429.950,488.191,555.248,632.666,722.284,826.280,947.200,1087.953,1251.745,1441.881,1661.398,1912.468,2195.633,2509.127,2848.747,3208.556,3581.904,3962.272,4343.775,4721.395,5091.018,5449.376,5793.944,6122.828,6434.659,6728.495,7003.741,7260.077,7497.405,7715.801,7915.480,8096.761,8260.051,8405.817,8534.578,8646.888,8743.328,8824.498,8891.010,8943.483,8982.537,9008.795,9022.872,9025.379,9016.918,8998.080,8969.446,8931.581,8885.040,8830.359,8768.061,8698.653,8622.622,8540.441,8452.565,8359.431,8261.458,8159.049,8052.588,7942.442,7828.962,7712.481,7593.315,7471.766,7348.118,7222.643,7095.594,6967.212,6837.725,6707.346,6576.276,6444.704,6312.806,6180.748,6048.685,5916.762,5785.112,5653.863,5523.131,5393.024,5263.642,5135.080,5007.422,4880.748,4755.131,4630.638,4507.331,4385.265,4264.491,4145.056,4027.002,3910.365,3795.178,3681.472,3569.272,3458.600,3349.475,3241.912,3135.925,3031.521,2928.709,2827.492,2727.869,2629.839,2533.398,2438.538,2345.249,2253.518,2163.331,2074.668,1987.510,1901.834,1817.613,1734.821,1653.425,1573.394,1494.692,1417.279,1341.117,1266.161,1192.368,1119.690,1048.078,977.479,907.842,839.109,771.225,704.130,637.763,572.064,506.968,442.412,378.329,314.653,251.317,188.252,125.391,62.663,0.000
0.000,0.000,0.000,0.000,0.000,0.000,0.000,0.000,0.000,0.000,0.000,0.000,0.000,0.000,0.000,0.000,0.000,0.000,0.000,0.000,0.000,0.000,0.000,0.000,0.000,0.000,0.000,0.000,0.000,0.000,0.000,0.000,0.000,0.000,0.000,0.000,0.000,0.000,0.000,0.000,0.000,0.000,0.000,0.000,0.000,0.000,0.000,0.000,0.000,0.000,0.000,0.000,0.000,0.000,0.000,0.000,0.000,0.000,0.001,0.003,0.006,0.009,0.013,0.018,0.025,0.034,0.045,0.060,0.079,0.104,0.137,0.179,0.234,0.307,0.402,0.526,0.691,0.908,1.197,1.581,2.092,2.768,3.646,4.747,6.057,7.556,9.230,11.077,13.104,15.328,17.768,20.451,23.409,26.677,30.296,34.313,38.779,43.752,49.299,55.494,62.421,70.174,78.861,88.604,99.541,111.829,125.647,141.199,158.720,178.479,200.786,225.998,254.529,286.857,323.542,365.233,412.690,466.803,528.611,599.330,680.377,773.392,880.250,1003.058,1144.114,1305.806,1490.430,1699.900,1935.354,2196.724,2482.410,2789.263,3112.950,3448.513,3790.902,4135.362,4477.657,4814.166,5141.894,5458.428,5761.883,6050.823,6324.202,6581.289,6821.624,7044.963,7251.236,7440.520,7613.006,7768.975,7908.782,8032.840,8141.605,8235.569,8315.248,8381.177,8433.902,8473.980,8501.969,8518.428,8523.915,8518.980,8504.169,8480.017,8447.050,8405.782,8356.715,8300.338,8237.123,8167.531,8092.006,8010.976,7924.854,7834.037,7738.906,7639.827,7537.147,7431.201,7322.306,7210.765,7096.865,6980.879,6863.067,6743.672,6622.927,6501.049,6378.245,6254.709,6130.622,6006.155,5881.470,5756.716,5632.033,5507.553,5383.397,5259.680,5136.508,5013.979,4892.183,4771.204,4651.121,4532.006,4413.923,4296.933,4181.091,4066.449,3953.050,3840.937,3730.146,3620.710,3512.659,3406.017,3300.808,3197.050,3094.759,2993.946,2894.623,2796.795,2700.467,2605.640,2512.311,2420.478,2330.134,2241.268,2153.869,2067.924,1983.415,1900.322,1818.624,1738.298,1659.316,1581.649,1505.267,1430.135,1356.218,1283.477,1211.872,1141.361,1071.899,1003.439,935.934,869.332,803.582,738.629,674.419,610.894,547.997,485.667,423.844,362.466,301.471,240.796,180.376,120.146,60.043,0.000
0.000,0.000,0.000,0.000,0.000,0.000,0.000,0.000,0.000,0.000,0.000,0.000,0.000,0.000,0.000,0.000,0.000,0.000,0.000,0.000,0.000,0.000,0.000,0.000,0.000,0.000,0.000,0.000,0.000,0.000,0.000,0.000,0.000,0.000,0.000,0.000,0.000,0.000,0.000,0.000,0.000,0.000,0.000,0.000,0.000,0.000,0.000,0.000,0.000,0.000,0.000,0.000,0.000,0.000,0.000,0.000,0.000,0.000,0.001,0.003,0.005,0.007,0.011,0.015,0.020,0.027,0.037,0.049,0.065,0.085,0.112,0.147,0.193,0.253,0.333,0.438,0.578,0.766,1.022,1.372,1.858,2.535,3.471,4.715,6.210,7.908,9.782,11.830,14.061,16.495,19.155,22.073,25.284,28.826,32.744,37.088,41.916,47.288,53.276,59.960,67.429,75.783,85.139,95.623,107.381,120.579,135.405,152.072,170.823,191.938,215.732,242.572,272.875,307.123,345.868,389.750,439.503,495.973,560.134,633.101,716.139,810.676,918.292,1040.695,1179.667,1336.967,1514.168,1712.457,1932.371,2173.550,2434.582,2713.009,3005.539,3308.373,3617.547,3929.207,4239.806,4546.205,4845.721,5136.117,5415.584,5682.692,5936.348,6175.748,6400.336,6609.760,6803.844,6982.552,7145.968,7294.269,7427.713,7546.620,7651.358,7742.338,7819.999,7884.804,7937.236,7977.786,8006.955,8025.248,8033.170,8031.225,8019.912,7999.724,7971.148,7934.659,7890.724,7839.799,7782.325,7718.734,7649.441,7574.850,7495.349,7411.312,7323.100,7231.057,7135.515,7036.789,6935.182,6830.981,6724.461,6615.882,6505.490,6393.521,6280.195,6165.723,6050.302,5934.117,5817.345,5700.151,5582.688,5465.102,5347.528,5230.094,5112.917,4996.109,4879.772,4764.001,4648.885,4534.506,4420.940,4308.256,4196.519,4085.788,3976.117,3867.555,3760.147,3653.933,3548.950,3445.231,3342.803,3241.692,3141.921,3043.508,2946.469,2850.816,2756.559,2663.705,2572.258,2482.220,2393.589,2306.363,2220.535,2136.097,2053.037,1971.343,1890.998,1811.984,1734.281,1657.867,1582.716,1508.801,1436.092,1364.557,1294.165,1224.877,1156.656,1089.463,1023.254,957.987,893.616,830.094,767.370,705.396,644.119,583.485,523.439,463.927,404.890,346.271,288.011,230.052,172.331,114.790,57.366,0.000
0.000,0.000,0.000,0.000,0.000,0.000,0.000,0.000,0.000,0.000,0.000,0.000,0.000,0.000,0.000,0.000,0.000,0.000,0.000,0.000,0.000,0.000,0.000,0.000,0.000,0.000,0.000,0.000,0.000,0.000,0.000,0.000,0.000,0.000,0.000,0.000,0.000,0.000,0.000,0.000,0.000,0.000,0.000,0.000,0.000,0.000,0.000,0.000,0.000,0.000,0.000,0.000,0.000,0.000,0.000,0.000,0.000,0.000,0.001,0.002,0.003,0.005,0.007,0.010,0.014,0.019,0.026,0.035,0.046,0.060,0.079,0.104,0.137,0.181,0.238,0.314,0.417,0.557,0.752,1.028,1.433,2.043,2.990,4.430,6.162,8.083,10.162,12.400,14.817,17.435,20.287,23.405,26.828,30.599,34.766,39.383,44.508,50.209,56.559,63.643,71.553,80.395,90.290,101.369,113.784,127.706,143.327,160.865,180.570,202.721,227.640,255.690,287.286,322.899,363.069,408.406,459.609,517.465,582.867,656.815,740.421,834.902,941.569,1061.788,1196.924,1348.257,1516.857,1703.432,1908.167,2130.575,2369.416,2622.715,2887.894,3161.971,3441.787,3724.203,4006.251,4285.233,4558.779,4824.857,5081.772,5328.149,5562.894,5785.173,5994.371,6190.067,6372.003,6540.061,6694.236,6834.621,6961.391,7074.784,7175.093,7262.657,7337.844,7401.054,7452.706,7493.235,7523.087,7542.716,7552.577,7553.129,7544.827,7528.125,7503.469,7471.300,7432.049,7386.139,7333.983,7275.981,7212.524,7143.988,7070.738,6993.127,6911.492,6826.160,6737.443,6645.640,6551.036,6453.905,6354.508,6253.090,6149.888,6045.125,5939.012,5831.749,5723.525,5614.518,5504.898,5394.820,5284.435,5173.882,5063.290,4952.782,4842.473,4732.470,4622.871,4513.768,4405.248,4297.390,4190.267,4083.948,3978.495,3873.965,3770.411,3667.881,3566.419,3466.064,3366.852,3268.814,3171.980,3076.373,2982.015,2888.926,2797.120,2706.610,2617.406,2529.514,2442.940,2357.686,2273.749,2191.129,2109.819,2029.812,1951.097,1873.661,1797.491,1722.569,1648.876,1576.390,1505.089,1434.946,1365.934,1298.024,1231.183,1165.378,1100.573,1036.730,973.811,911.774,850.575,790.172,730.518,671.566,613.266,555.569,498.423,441.776,385.574,329.764,274.291,219.098,164.129,109.328,54.637,0.000
0.000,0.000,0.000,0.000,0.000,0.000,0.000,0.000,0.000,0.000,0.000,0.000,0.000,0.000,0.000,0.000,0.000,0.000,0.000,0.000,0.000,0.000,0.000,0.000,0.000,0.000,0.000,0.000,0.000,0.000,0.000,0.000,0.000,0.000,0.000,0.000,0.000,0.000,0.000,0.000,0.000,0.000,0.000,0.000,0.000,0.000,0.000,0.000,0.000,0.000,0.000,0.000,0.000,0.000,0.000,0.000,0.000,0.000,0.001,0.001,0.002,0.003,0.004,0.005,0.007,0.010,0.014,0.018,0.024,0.031,0.041,0.054,0.071,0.094,0.124,0.164,0.219,0.294,0.401,0.558,0.801,1.215,2.015,3.855,5.926,8.100,10.381,12.793,15.370,18.144,21.152,24.431,28.025,31.978,36.341,41.170,46.527,52.482,59.110,66.499,74.746,83.959,94.259,105.783,118.685,133.136,149.334,167.497,187.873,210.743,236.422,265.269,297.686,334.128,375.111,421.209,473.073,531.425,597.069,670.889,753.845,846.965,951.319,1067.989,1198.013,1342.315,1501.607,1676.288,1866.336,2071.218,2289.847,2520.603,2761.417,3009.904,3263.508,3519.654,3775.854,4029.800,4279.413,4522.873,4758.624,4985.366,5202.045,5407.822,5602.060,5784.294,5954.210,6111.628,6256.476,6388.779,6508.643,6616.237,6711.789,6795.571,6867.894,6929.096,6979.541,7019.611,7049.701,7070.214,7081.564,7084.163,7078.427,7064.770,7043.600,7015.325,6980.341,6939.040,6891.805,6839.010,6781.015,6718.175,6650.830,6579.310,6503.932,6425.003,6342.815,6257.652,6169.783,6079.465,5986.945,5892.457,5796.223,5698.457,5599.358,5499.117,5397.914,5295.919,5193.291,5090.183,4986.737,4883.085,4779.352,4675.657,4572.108,4468.808,4365.853,4263.331,4161.326,4059.913,3959.164,3859.144,3759.914,3661.529,3564.040,3467.495,3371.935,3277.399,3183.921,3091.532,3000.261,2910.131,2821.163,2733.376,2646.784,2561.402,2477.238,2394.298,2312.589,2232.112,2152.867,2074.851,1998.060,1922.486,1848.120,1774.951,1702.965,1632.146,1562.476,1493.936,1426.502,1360.152,1294.860,1230.597,1167.333,1105.039,1043.679,983.218,923.621,864.848,806.859,749.613,693.068,637.177,581.897,527.179,472.977,419.241,365.921,312.966,260.326,207.948,155.780,103.768,51.859,0.000
0.000,0.000,0.000,0.000,0.000,0.000,0.000,0.000,0.000,0.000,0.000,0.000,0.000,0.000,0.000,0.000,0.000,0.000,0.000,0.000,0.000,0.000,0.000,0.000,0.000,0.000,0.000,0.000,0.000,0.000,0.000,0.000,0.000,0.000,0.000,0.000,0.000,0.000,0.000,0.000,0.000,0.000,0.000,0.000,0.000,0.000,0.000,0.000,0.000,0.000,0.000,0.000,0.000,0.000,0.000,0.000,0.000,0.000,0.000,0.000,0.000,0.000,0.000,0.000,0.000,0.000,0.000,0.000,0.000,0.000,0.000,0.000,0.000,0.000,0.000,0.000,0.000,0.000,0.000,0.000,0.000,0.000,0.000,3.049,5.586,8.012,10.468,13.023,15.726,18.620,21.746,25.145,28.863,32.947,37.450,42.430,47.950,54.081,60.902,68.501,76.976,86.437,97.006,108.822,122.037,136.825,153.380,171.920,192.689,215.961,242.045,271.285,304.068,340.828,382.046,428.258,480.061,538.107,603.111,675.844,757.126,847.814,948.777,1060.863,1184.856,1321.415,1471.004,1633.819,1809.718,1998.164,2198.205,2408.492,2627.334,2852.789,3082.767,3315.134,3547.802,3778.795,4006.303,4228.708,4444.599,4652.773,4852.227,5042.150,5221.899,5390.990,5549.076,5695.931,5831.435,5955.559,6068.351,6169.927,6260.456,6340.155,6409.281,6468.118,6516.982,6556.204,6586.132,6607.127,6619.557,6623.795,6620.218,6609.201,6591.119,6566.344,6535.241,6498.173,6455.492,6407.544,6354.666,6297.186,6235.420,6169.678,6100.254,6027.438,5951.503,5872.713,5791.323,5707.576,5621.701,5533.922,5444.448,5353.479,5261.206,5167.809,5073.457,4978.314,4882.530,4786.250,4689.608,4592.733,4495.742,4398.748,4301.856,4205.164,4108.762,4012.737,3917.167,3822.126,3727.682,3633.898,3540.833,3448.539,3357.066,3266.459,3176.759,3088.002,3000.223,2913.452,2827.715,2743.035,2659.434,2576.928,2495.534,2415.264,2336.126,2258.128,2181.276,2105.570,2031.012,1957.599,1885.327,1814.190,1744.179,1675.283,1607.490,1540.785,1475.151,1410.570,1347.021,1284.482,1222.929,1162.336,1102.674,1043.916,986.028,928.979,872.735,817.258,762.513,708.460,655.059,602.269,550.047,498.349,447.132,396.348,345.952,295.897,246.135,196.617,147.294,98.116,49.035,0.000
0.000,0.000,0.000,0.000,0.000,0.000,0.000,0.000,0.000,0.000,0.000,0.000,0.000,0.000,0.000,0.000,0.000,0.000,0.000,0.000,0.000,0.000,0.000,0.000,0.000,0.000,0.000,0.000,0.000,0.000,0.000,0.000,0.000,0.000,0.000,0.000,0.000,0.000,0.000,0.000,0.000,0.000,0.000,0.000,0.000,0.000,0.000,0.000,0.000,0.000,0.000,0.000,0.000,0.000,0.000,0.000,0.000,0.000,0.000,0.000,0.000,0.000,0.000,0.000,0.000,0.000,0.000,0.000,0.000,0.000,0.000,0.000,0.000,0.000,0.000,0.000,0.000,0.000,0.000,0.000,0.000,0.000,0.000,2.756,5.358,7.895,10.456,13.104,15.892,18.865,22.067,25.542,29.336,33.499,38.084,43.151,48.763,54.992,61.918,69.629,78.223,87.809,98.511,110.464,123.820,138.751,155.447,174.119,195.006,218.374,244.517,273.765,306.483,343.077,383.995,429.729,480.818,537.846,601.440,672.266,751.021,838.410,935.135,1041.858,1159.163,1287.518,1427.210,1578.306,1740.595,1913.562,2096.372,2287.885,2486.701,2691.219,2899.710,3110.394,3321.510,3531.368,3738.395,3941.163,4138.403,4329.016,4512.066,4686.781,4852.533,5008.835,5155.323,5291.742,5417.938,5533.841,5639.455,5734.848,5820.143,5895.511,5961.158,6017.326,6064.281,6102.312,6131.726,6152.840,6165.983,6171.490,6169.700,6160.955,6145.595,6123.959,6096.383,6063.199,6024.731,5981.299,5933.214,5880.780,5824.291,5764.033,5700.283,5633.307,5563.362,5490.697,5415.547,5338.140,5258.694,5177.415,5094.502,5010.143,4924.517,4837.794,4750.134,4661.691,4572.608,4483.021,4393.057,4302.838,4212.477,4122.080,4031.746,3941.568,3851.634,3762.024,3672.815,3584.075,3495.871,3408.263,3321.306,3235.051,3149.545,3064.833,2980.951,2897.938,2815.824,2734.638,2654.407,2575.152,2496.895,2419.652,2343.437,2268.264,2194.140,2121.074,2049.069,1978.129,1908.255,1839.443,1771.691,1704.993,1639.340,1574.724,1511.132,1448.551,1386.965,1326.357,1266.708,1207.998,1150.203,1093.300,1037.263,982.064,927.675,874.065,821.202,769.052,717.582,666.754,616.532,566.877,517.749,469.109,420.914,373.123,325.692,278.577,231.733,185.116,138.681,92.380,46.169,0.000
0.000,0.000,0.000,0.000,0.000,0.000,0.000,0.000,0.000,0.000,0.000,0.000,0.000,0.000,0.000,0.000,0.000,0.000,0.000,0.000,0.000,0.000,0.000,0.000,0.000,0.000,0.000,0.000,0.000,0.000,0.000,0.000,0.000,0.000,0.000,0.000,0.000,0.000,0.000,0.000,0.000,0.000,0.000,0.000,0.000,0.000,0.000,0.000,0.000,0.000,0.000,0.000,0.000,0.000,0.000,0.000,0.000,0.000,0.000,0.000,0.000,0.000,0.000,0.000,0.000,0.000,0.000,0.000,0.000,0.000,0.000,0.000,0.000,0.000,0.000,0.000,0.000,0.000,0.000,0.000,0.000,0.000,0.000,2.618,5.193,7.755,10.357,13.047,15.874,18.882,22.116,25.620,29.441,33.629,38.238,43.327,48.960,55.208,62.151,69.875,78.479,88.069,98.767,110.705,124.033,138.917,155.540,174.108,194.849,218.017,243.891,272.781,305.030,341.012,381.139,425.857,475.649,531.031,592.552,660.779,736.299,819.692,911.519,1012.294,1122.452,1242.314,1372.050,1511.638,1660.838,1819.165,1985.885,2160.031,2340.427,2525.741,2714.529,2905.299,3096.557,3286.859,3474.840,3659.243,3838.939,4012.931,4180.359,4340.497,4492.747,4636.631,4771.780,4897.925,5014.889,5122.573,5220.946,5310.040,5389.938,5460.771,5522.707,5575.943,5620.707,5657.249,5685.835,5706.745,5720.272,5726.714,5726.377,5719.568,5706.596,5687.768,5663.393,5633.771,5599.203,5559.980,5516.389,5468.710,5417.215,5362.169,5303.828,5242.440,5178.243,5111.467,5042.333,4971.052,4897.828,4822.855,4746.317,4668.390,4589.243,4509.034,4427.915,4346.029,4263.511,4180.489,4097.084,4013.408,3929.570,3845.669,3761.799,3678.048,3594.499,3511.228,3428.307,3345.802,3263.776,3182.284,3101.382,3021.116,2941.532,2862.671,2784.570,2707.263,2630.781,2555.151,2480.399,2406.546,2333.611,2261.611,2190.560,2120.469,2051.347,1983.202,1916.038,1849.858,1784.662,1720.450,1657.218,1594.960,1533.670,1473.339,1413.955,1355.507,1297.980,1241.358,1185.623,1130.758,1076.739,1023.546,971.154,919.537,868.670,818.524,769.069,720.274,672.108,624.536,577.524,531.037,485.038,439.489,394.353,349.590,305.160,261.022,217.136,173.458,129.949,86.565,43.263,0.000
0.000,0.000,0.000,0.000,0.000,0.000,0.000,0.000,0.000,0.000,0.000,0.000,0.000,0.000,0.000,0.000,0.000,0.000,0.000,0.000,0.000,0.000,0.000,0.000,0.000,0.000,0.000,0.000,0.000,0.000,0.000,0.000,0.000,0.000,0.000,0.000,0.000,0.000,0.000,0.000,0.000,0.000,0.000,0.000,0.000,0.000,0.000,0.000,0.000,0.000,0.000,0.000,0.000,0.000,0.000,0.000,0.000,0.000,0.000,0.000,0.000,0.000,0.000,0.000,0.000,0.000,0.000,0.000,0.000,0.000,0.000,0.000,0.000,0.000,0.000,0.000,0.000,0.000,0.000,0.000,0.000,0.000,0.000,2.522,5.041,7.577,10.168,12.853,15.674,18.674,21.895,25.382,29.180,33.340,37.913,42.960,48.542,54.731,61.604,69.245,77.750,87.225,97.785,109.561,122.694,137.346,153.692,171.929,192.272,214.960,240.255,268.447,299.852,334.812,373.702,416.922,464.902,518.094,576.971,642.018,713.723,792.561,878.979,973.373,1076.063,1187.267,1307.069,1435.397,1571.996,1716.419,1868.022,2025.978,2189.294,2356.850,2527.434,2699.787,2872.639,3044.754,3214.949,3382.124,3545.278,3703.515,3856.052,4002.218,4141.449,4273.288,4397.372,4513.429,4621.266,4720.765,4811.872,4894.589,4968.967,5035.104,5093.133,5143.217,5185.547,5220.338,5247.821,5268.241,5281.857,5288.935,5289.747,5284.570,5273.682,5257.363,5235.889,5209.537,5178.579,5143.282,5103.909,5060.717,5013.957,4963.870,4910.695,4854.659,4795.981,4734.877,4671.549,4606.195,4539.002,4470.150,4399.813,4328.153,4255.326,4181.482,4106.762,4031.298,3955.218,3878.641,3801.680,3724.442,3647.026,3569.526,3492.031,3414.624,3337.382,3260.376,3183.675,3107.342,3031.434,2956.005,2881.106,2806.782,2733.075,2660.025,2587.667,2516.033,2445.152,2375.051,2305.752,2237.277,2169.644,2102.869,2036.964,1971.942,1907.810,1844.577,1782.245,1720.820,1660.299,1600.685,1541.972,1484.157,1427.233,1371.191,1316.023,1261.717,1208.258,1155.634,1103.827,1052.820,1002.594,953.128,904.400,856.387,809.064,762.405,716.382,670.968,626.132,581.844,538.072,494.783,451.944,409.519,367.474,325.772,284.377,243.252,202.357,161.656,121.108,80.676,40.320,0.000
0.000,0.000,0.000,0.000,0.000,0.000,0.000,0.000,0.000,0.000,0.000,0.000,0.000,0.000,0.000,0.000,0.000,0.000,0.000,0.000,0.000,0.000,0.000,0.000,0.000,0.000,0.000,0.000,0.000,0.000,0.000,0.000,0.000,0.000,0.000,0.000,0.000,0.000,0.000,0.000,0.000,0.000,0.000,0.000,0.000,0.000,0.000,0.000,0.000,0.000,0.000,0.000,0.000,0.000,0.000,0.000,0.000,0.000,0.000,0.000,0.000,0.000,0.000,0.000,0.000,0.000,0.000,0.000,0.000,0.000,0.000,0.000,0.000,0.000,0.000,0.000,0.000,0.000,0.000,0.000,0.000,0.000,0.000,2.429,4.871,7.346,9.886,12.523,15.297,18.246,21.410,24.833,28.559,32.636,37.117,42.057,47.520,53.572,60.289,67.753,76.056,85.298,95.592,107.060,119.841,134.085,149.959,167.648,187.355,209.301,233.730,260.909,291.125,324.692,361.944,403.239,448.955,499.485,555.235,616.616,684.032,757.871,838.485,926.180,1021.189,1123.652,1233.597,1350.920,1475.368,1606.534,1743.854,1886.615,2033.976,2184.990,2338.634,2493.841,2649.532,2804.645,2958.159,3109.114,3256.626,3399.897,3538.220,3670.980,3797.657,3917.819,4031.116,4137.281,4236.116,4327.491,4411.334,4487.626,4556.394,4617.708,4671.670,4718.415,4758.104,4790.917,4817.055,4836.733,4850.178,4857.623,4859.313,4855.494,4846.416,4832.331,4813.488,4790.137,4762.526,4730.897,4695.489,4656.538,4614.271,4568.911,4520.676,4469.773,4416.407,4360.772,4303.056,4243.442,4182.102,4119.203,4054.903,3989.354,3922.702,3855.083,3786.628,3717.461,3647.700,3577.456,3506.833,3435.931,3364.843,3293.656,3222.453,3151.311,3080.302,3009.494,2938.950,2868.727,2798.882,2729.463,2660.519,2592.092,2524.222,2456.945,2390.295,2324.301,2258.992,2194.391,2130.522,2067.403,2005.052,1943.484,1882.711,1822.744,1763.592,1705.261,1647.755,1591.077,1535.229,1480.210,1426.017,1372.645,1320.090,1268.343,1217.396,1167.239,1117.859,1069.242,1021.375,974.241,927.823,882.101,837.055,792.664,748.905,705.754,663.187,621.177,579.697,538.718,498.213,458.149,418.498,379.226,340.303,301.693,263.365,225.284,187.413,149.720,112.168,74.721,37.344,0.000
0.000,0.000,0.000,0.000,0.000,0.000,0.000,0.000,0.000,0.000,0.000,0.000,0.000,0.000,0.000,0.000,0.000,0.000,0.000,0.000,0.000,0.000,0.000,0.000,0.000,0.000,0.000,0.000,0.000,0.000,0.000,0.000,0.000,0.000,0.000,0.000,0.000,0.000,0.000,0.000,0.000,0.000,0.000,0.000,0.000,0.000,0.000,0.000,0.000,0.000,0.000,0.000,0.000,0.000,0.000,0.000,0.000,0.000,0.000,0.000,0.000,0.000,0.000,0.000,0.000,0.000,0.000,0.000,0.000,0.000,0.000,0.000,0.000,0.000,0.000,0.000,0.000,0.000,0.000,0.000,0.000,0.000,0.000,2.324,4.667,7.052,9.505,12.058,14.745,17.602,20.668,23.982,27.587,31.531,35.862,40.635,45.910,51.751,58.230,65.425,73.423,82.322,92.225,103.251,115.527,129.197,144.416,161.355,180.202,201.164,224.462,250.339,279.057,310.895,346.153,385.146,428.205,475.668,527.884,585.195,647.937,716.423,790.933,871.698,958.886,1052.582,1152.778,1259.351,1372.059,1490.536,1614.287,1742.699,1875.056,2010.555,2148.330,2287.474,2427.070,2566.207,2704.005,2839.628,2972.301,3101.317,3226.044,3345.926,3460.486,3569.323,3672.108,3768.582,3858.551,3941.878,4018.481,4088.326,4151.420,4207.811,4257.578,4300.829,4337.698,4368.339,4392.923,4411.637,4424.678,4432.253,4434.578,4431.872,4424.358,4412.259,4395.801,4375.209,4350.704,4322.507,4290.834,4255.897,4217.905,4177.059,4133.556,4087.588,4039.339,3988.988,3936.706,3882.661,3827.009,3769.905,3711.493,3651.913,3591.297,3529.774,3467.461,3404.475,3340.922,3276.905,3212.522,3147.863,3083.015,3018.058,2953.069,2888.119,2823.276,2758.600,2694.152,2629.985,2566.150,2502.693,2439.659,2377.087,2315.014,2253.474,2192.499,2132.115,2072.350,2013.225,1954.762,1896.979,1839.892,1783.515,1727.860,1672.936,1618.752,1565.314,1512.627,1460.693,1409.513,1359.087,1309.413,1260.486,1212.302,1164.854,1118.134,1072.133,1026.839,982.241,938.325,895.076,852.478,810.515,769.167,728.415,688.239,648.617,609.525,570.941,532.840,495.194,457.980,421.168,384.730,348.639,312.864,277.375,242.142,207.133,172.318,137.662,103.136,68.705,34.338,0.000
0.000,0.000,0.000,0.000,0.000,0.000,0.000,0.000,0.000,0.000,0.000,0.000,0.000,0.000,0.000,0.000,0.000,0.000,0.000,0.000,0.000,0.000,0.000,0.000,0.000,0.000,0.000,0.000,0.000,0.000,0.000,0.000,0.000,0.000,0.000,0.000,0.000,0.000,0.000,0.000,0.000,0.000,0.000,0.000,0.000,0.000,0.000,0.000,0.000,0.000,0.000,0.000,0.000,0.000,0.000,0.000,0.000,0.000,0.000,0.000,0.000,0.000,0.000,0.000,0.000,0.000,0.000,0.000,0.000,0.000,0.000,0.000,0.000,0.000,0.000,0.000,0.000,0.000,0.000,0.000,0.000,0.000,0.000,2.201,4.422,6.689,9.025,11.459,14.024,16.751,19.677,22.839,26.279,30.038,34.166,38.713,43.734,49.293,55.455,62.295,69.894,78.342,87.739,98.193,109.824,122.764,137.155,153.157,170.942,190.695,212.620,236.935,263.874,293.687,326.636,362.999,403.060,447.113,495.449,548.358,606.114,668.969,737.144,810.815,890.098,975.041,1065.610,1161.677,1263.017,1369.301,1480.098,1594.882,1713.042,1833.895,1956.709,2080.715,2205.130,2329.176,2452.095,2573.166,2691.711,2807.110,2918.800,3026.286,3129.135,3226.979,3319.515,3406.499,3487.742,3563.109,3632.511,3695.903,3753.282,3804.675,3850.142,3889.771,3923.671,3951.971,3974.819,3992.374,4004.809,4012.305,4015.050,4013.237,4007.065,3996.731,3982.438,3964.385,3942.770,3917.792,3889.645,3858.519,3824.601,3788.074,3749.116,3707.900,3664.592,3619.355,3572.344,3523.709,3473.596,3422.142,3369.480,3315.737,3261.034,3205.485,3149.202,3092.288,3034.842,2976.957,2918.721,2860.219,2801.530,2742.726,2683.880,2625.054,2566.312,2507.711,2449.303,2391.139,2333.266,2275.726,2218.559,2161.803,2105.492,2049.656,1994.325,1939.524,1885.276,1831.604,1778.526,1726.059,1674.219,1623.017,1572.466,1522.574,1473.349,1424.797,1376.921,1329.725,1283.210,1237.376,1192.219,1147.738,1103.928,1060.783,1018.294,976.456,935.256,894.684,854.729,815.377,776.613,738.422,700.787,663.690,627.114,591.037,555.440,520.302,485.599,451.309,417.408,383.870,350.670,317.784,285.182,252.840,220.728,188.819,157.084,125.494,94.021,62.634,31.303,0.000
0.000,0.000,0.000,0.000,0.000,0.000,0.000,0.000,0.000,0.000,0.000,0.000,0.000,0.000,0.000,0.000,0.000,0.000,0.000,0.000,0.000,0.000,0.000,0.000,0.000,0.000,0.000,0.000,0.000,0.000,0.000,0.000,0.000,0.000,0.000,0.000,0.000,0.000,0.000,0.000,0.000,0.000,0.000,0.000,0.000,0.000,0.000,0.000,0.000,0.000,0.000,0.000,0.000,0.000,0.000,0.000,0.000,0.000,0.000,0.000,0.000,0.000,0.000,0.000,0.000,0.000,0.000,0.000,0.000,0.000,0.000,0.000,0.000,0.000,0.000,0.000,0.000,0.000,0.000,0.000,0.000,0.000,0.000,2.056,4.134,6.256,8.446,10.731,13.139,15.702,18.450,21.421,24.650,28.179,32.052,36.316,41.024,46.232,52.003,58.407,65.517,73.417,82.199,91.961,102.815,114.881,128.289,143.182,159.717,178.060,198.395,220.914,245.826,273.349,303.715,337.162,373.936,414.285,458.456,506.688,559.206,616.213,677.880,744.340,815.673,891.899,972.970,1058.761,1149.064,1243.588,1341.960,1443.729,1548.376,1655.322,1763.946,1873.599,1983.614,2093.330,2202.099,2309.298,2414.341,2516.686,2615.841,2711.366,2802.874,2890.035,2972.571,3050.256,3122.913,3190.411,3252.660,3309.611,3361.249,3407.588,3448.673,3484.574,3515.379,3541.196,3562.151,3578.380,3590.031,3597.262,3600.236,3599.124,3594.097,3585.332,3573.006,3557.296,3538.378,3516.428,3491.617,3464.118,3434.095,3401.712,3367.129,3330.499,3291.973,3251.695,3209.806,3166.440,3121.728,3075.793,3028.756,2980.730,2931.824,2882.143,2831.786,2780.846,2729.412,2677.570,2625.400,2572.976,2520.370,2467.651,2414.880,2362.117,2309.419,2256.836,2204.418,2152.209,2100.253,2048.588,1997.251,1946.276,1895.692,1845.530,1795.814,1746.569,1697.816,1649.575,1601.862,1554.694,1508.084,1462.044,1416.585,1371.714,1327.438,1283.763,1240.694,1198.231,1156.378,1115.133,1074.494,1034.460,995.025,956.185,917.934,880.263,843.164,806.627,770.642,735.196,700.277,665.870,631.962,598.534,565.573,533.058,500.973,469.298,438.013,407.097,376.529,346.286,316.346,286.686,257.282,228.108,199.141,170.356,141.726,113.226,84.830,56.511,28.244,0.000
0.000,0.000,0.000,0.000,0.000,0.000,0.000,0.000,0.000,0.000,0.000,0.000,0.000,0.000,0.000,0.000,0.000,0.000,0.000,0.000,0.000,0.000,0.000,0.000,0.000,0.000,0.000,0.000,0.000,0.000,0.000,0.000,0.000,0.000,0.000,0.000,0.000,0.000,0.000,0.000,0.000,0.000,0.000,0.000,0.000,0.000,0.000,0.000,0.000,0.000,0.000,0.000,0.000,0.000,0.000,0.000,0.000,0.000,0.000,0.000,0.000,0.000,0.000,0.000,0.000,0.000,0.000,0.000,0.000,0.000,0.000,0.000,0.000,0.000,0.000,0.000,0.000,0.000,0.000,0.000,0.000,0.000,0.000,1.891,3.802,5.755,7.773,9.880,12.102,14.467,17.003,19.743,22.722,25.977,29.547,33.477,37.814,42.609,47.922,53.813,60.351,67.612,75.679,84.641,94.598,105.659,117.940,131.570,146.686,163.439,181.989,202.506,225.172,250.177,277.720,308.007,341.246,377.646,417.414,460.745,507.824,558.811,613.841,673.010,736.374,803.934,875.635,951.358,1030.917,1114.058,1200.459,1289.736,1381.449,1475.112,1570.201,1666.167,1762.449,1858.488,1953.730,2047.646,2139.732,2229.521,2316.584,2400.537,2481.040,2557.799,2630.564,2699.131,2763.337,2823.059,2878.209,2928.737,2974.621,3015.866,3052.505,3084.590,3112.195,3135.410,3154.337,3169.095,3179.809,3186.614,3189.652,3189.069,3185.016,3177.646,3167.113,3153.572,3137.178,3118.085,3096.444,3072.406,3046.118,3017.722,2987.361,2955.170,2921.282,2885.826,2848.926,2810.700,2771.266,2730.733,2689.207,2646.790,2603.579,2559.667,2515.141,2470.086,2424.582,2378.703,2332.521,2286.104,2239.516,2192.816,2146.062,2099.305,2052.598,2005.984,1959.509,1913.213,1867.133,1821.306,1775.763,1730.535,1685.650,1641.133,1597.007,1553.295,1510.014,1467.183,1424.819,1382.933,1341.540,1300.648,1260.269,1220.409,1181.074,1142.270,1104.001,1066.268,1029.073,992.415,956.294,920.706,885.649,851.118,817.107,783.609,750.617,718.122,686.115,654.585,623.520,592.909,562.739,532.993,503.660,474.722,446.164,417.969,390.118,362.594,335.377,308.448,281.787,255.372,229.185,203.201,177.400,151.760,126.257,100.869,75.572,50.344,25.162,0.000
0.000,0.000,0.000,0.000,0.000,0.000,0.000,0.000,0.000,0.000,0.000,0.000,0.000,0.000,0.000,0.000,0.000,0.000,0.000,0.000,0.000,0.000,0.000,0.000,0.000,0.000,0.000,0.000,0.000,0.000,0.000,0.000,0.000,0.000,0.000,0.000,0.000,0.000,0.000,0.000,0.000,0.000,0.000,0.000,0.000,0.000,0.000,0.000,0.000,0.000,0.000,0.000,0.000,0.000,0.000,0.000,0.000,0.000,0.000,0.000,0.000,0.000,0.000,0.000,0.000,0.000,0.000,0.000,0.000,0.000,0.000,0.000,0.000,0.000,0.000,0.000,0.000,0.000,0.000,0.000,0.000,0.000,0.000,1.704,3.428,5.190,7.012,8.915,10.923,13.060,15.352,17.829,20.520,23.460,26.684,30.232,34.145,38.472,43.262,48.573,54.465,61.004,68.265,76.328,85.281,95.219,106.246,118.474,132.024,147.026,163.621,181.955,202.184,224.473,248.990,275.908,305.403,337.650,372.818,411.067,452.546,497.381,545.676,597.504,652.898,711.849,774.301,840.144,909.215,981.296,1056.111,1133.339,1212.609,1293.514,1375.617,1458.460,1541.575,1624.489,1706.739,1787.878,1867.478,1945.141,2020.501,2093.225,2163.020,2229.628,2292.831,2352.446,2408.328,2460.363,2508.471,2552.600,2592.727,2628.849,2660.990,2689.191,2713.510,2734.020,2750.808,2763.971,2773.615,2779.856,2782.814,2782.613,2779.383,2773.256,2764.363,2752.839,2738.818,2722.432,2703.814,2683.093,2660.396,2635.850,2609.576,2581.693,2552.317,2521.559,2489.529,2456.331,2422.065,2386.828,2350.713,2313.809,2276.201,2237.970,2199.193,2159.945,2120.294,2080.307,2040.047,1999.573,1958.941,1918.204,1877.412,1836.612,1795.848,1755.159,1714.585,1674.162,1633.923,1593.900,1554.120,1514.610,1475.396,1436.499,1397.940,1359.739,1321.912,1284.475,1247.441,1210.824,1174.633,1138.879,1103.570,1068.712,1034.311,1000.372,966.897,933.890,901.350,869.279,837.674,806.533,775.855,745.635,715.867,686.547,657.667,629.221,601.199,573.593,546.392,519.586,493.163,467.112,441.419,416.071,391.053,366.351,341.949,317.832,293.982,270.384,247.018,223.868,200.914,178.139,155.522,133.046,110.689,88.432,66.255,44.138,22.060,0.000
0.000,0.000,0.000,0.000,0.000,0.000,0.000,0.000,0.000,0.000,0.000,0.000,0.000,0.000,0.000,0.000,0.000,0.000,0.000,0.000,0.000,0.000,0.000,0.000,0.000,0.000,0.000,0.000,0.000,0.000,0.000,0.000,0.000,0.000,0.000,0.000,0.000,0.000,0.000,0.000,0.000,0.000,0.000,0.000,0.000,0.000,0.000,0.000,0.000,0.000,0.000,0.000,0.000,0.000,0.000,0.000,0.000,0.000,0.000,0.000,0.000,0.000,0.000,0.000,0.000,0.000,0.000,0.000,0.000,0.000,0.000,0.000,0.000,0.000,0.000,0.000,0.000,0.000,0.000,0.000,0.000,0.000,0.000,1.499,3.015,4.566,6.170,7.846,9.615,11.497,13.517,15.699,18.070,20.659,23.498,26.621,30.065,33.872,38.085,42.754,47.931,53.676,60.052,67.128,74.981,83.693,93.353,104.058,115.912,129.025,143.517,159.513,177.143,196.547,217.864,241.239,266.817,294.741,325.149,358.170,393.922,432.503,473.994,518.446,565.880,616.280,669.593,725.723,784.527,845.822,909.379,974.927,1042.164,1110.751,1180.329,1250.521,1320.940,1391.196,1460.905,1529.695,1597.211,1663.118,1727.108,1788.901,1848.246,1904.926,1958.751,2009.564,2057.236,2101.668,2142.788,2180.546,2214.918,2245.900,2273.505,2297.765,2318.727,2336.449,2351.002,2362.466,2370.929,2376.488,2379.242,2379.297,2376.761,2371.746,2364.362,2354.723,2342.944,2329.137,2313.412,2295.882,2276.655,2255.837,2233.533,2209.844,2184.868,2158.703,2131.440,2103.168,2073.975,2043.943,2013.151,1981.676,1949.590,1916.964,1883.863,1850.351,1816.487,1782.330,1747.932,1713.345,1678.617,1643.793,1608.917,1574.029,1539.165,1504.363,1469.654,1435.070,1400.640,1366.389,1332.344,1298.527,1264.960,1231.661,1198.650,1165.941,1133.550,1101.490,1069.774,1038.412,1007.413,976.786,946.537,916.674,887.200,858.120,829.435,801.150,773.264,745.776,718.687,691.995,665.697,639.790,614.269,589.130,564.367,539.975,515.944,492.268,468.939,445.947,423.282,400.934,378.891,357.143,335.678,314.482,293.542,272.845,252.377,232.123,212.067,192.196,172.493,152.941,133.526,114.229,95.035,75.927,56.886,37.897,18.940,0.000
0.000,0.000,0.000,0.000,0.000,0.000,0.000,0.000,0.000,0.000,0.000,0.000,0.000,0.000,0.000,0.000,0.000,0.000,0.000,0.000,0.000,0.000,0.000,0.000,0.000,0.000,0.000,0.000,0.000,0.000,0.000,0.000,0.000,0.000,0.000,0.000,0.000,0.000,0.000,0.000,0.000,0.000,0.000,0.000,0.000,0.000,0.000,0.000,0.000,0.000,0.000,0.000,0.000,0.000,0.000,0.000,0.000,0.000,0.000,0.000,0.000,0.000,0.000,0.000,0.000,0.000,0.000,0.000,0.000,0.000,0.000,0.000,0.000,0.000,0.000,0.000,0.000,0.000,0.000,0.000,0.000,0.000,0.000,1.276,2.568,3.890,5.256,6.685,8.193,9.798,11.521,13.381,15.403,17.610,20.029,22.690,25.624,28.866,32.453,36.427,40.832,45.718,51.139,57.153,63.824,71.221,79.419,88.497,98.543,109.650,121.914,135.439,150.334,166.711,184.685,204.373,225.892,249.356,274.875,302.552,332.477,364.728,399.363,436.420,475.909,517.815,562.087,608.644,657.369,708.108,760.676,814.853,870.393,927.025,984.458,1042.387,1100.501,1158.485,1216.028,1272.828,1328.594,1383.055,1435.958,1487.072,1536.191,1583.133,1627.740,1669.880,1709.445,1746.350,1780.531,1811.946,1840.571,1866.399,1889.440,1909.715,1927.263,1942.128,1954.368,1964.047,1971.237,1976.014,1978.462,1978.666,1976.716,1972.701,1966.715,1958.851,1949.202,1937.862,1924.924,1910.477,1894.614,1877.422,1858.987,1839.394,1818.726,1797.061,1774.476,1751.047,1726.844,1701.938,1676.393,1650.274,1623.642,1596.554,1569.066,1541.231,1513.098,1484.717,1456.130,1427.381,1398.512,1369.558,1340.557,1311.542,1282.544,1253.594,1224.719,1195.944,1167.294,1138.792,1110.458,1082.312,1054.371,1026.651,999.169,971.936,944.967,918.271,891.860,865.741,839.924,814.415,789.220,764.344,739.791,715.565,691.668,668.101,644.866,621.961,599.388,577.144,555.227,533.635,512.363,491.409,470.768,450.433,430.399,410.660,391.209,372.037,353.138,334.501,316.119,297.981,280.077,262.398,244.931,227.666,210.591,193.693,176.961,160.382,143.942,127.628,111.428,95.325,79.308,63.362,47.473,31.626,15.806,0.000
0.000,0.000,0.000,0.000,0.000,0.000,0.000,0.000,0.000,0.000,0.000,0.000,0.000,0.000,0.000,0.000,0.000,0.000,0.000,0.000,0.000,0.000,0.000,0.000,0.000,0.000,0.000,0.000,0.000,0.000,0.000,0.000,0.000,0.000,0.000,0.000,0.000,0.000,0.000,0.000,0.000,0.000,0.000,0.000,0.000,0.000,0.000,0.000,0.000,0.000,0.000,0.000,0.000,0.000,0.000,0.000,0.000,0.000,0.000,0.000,0.000,0.000,0.000,0.000,0.000,0.000,0.000,0.000,0.000,0.000,0.000,0.000,0.000,0.000,0.000,0.000,0.000,0.000,0.000,0.000,0.000,0.000,0.000,1.039,2.091,3.168,4.281,5.445,6.674,7.982,9.386,10.902,12.550,14.348,16.319,18.487,20.876,23.516,26.435,29.669,33.253,37.227,41.635,46.523,51.943,57.950,64.605,71.971,80.118,89.119,99.052,110.000,122.047,135.283,149.797,165.681,183.027,201.922,222.451,244.693,268.716,294.577,322.320,351.970,383.534,416.994,452.310,489.413,528.211,568.583,610.381,653.435,697.552,742.521,788.114,834.095,880.220,926.245,971.925,1017.026,1061.318,1104.588,1146.636,1187.280,1226.355,1263.718,1299.242,1332.820,1364.364,1393.807,1421.095,1446.192,1469.078,1489.746,1508.199,1524.457,1538.545,1550.500,1560.364,1568.188,1574.028,1577.944,1580.002,1580.267,1578.813,1575.708,1571.028,1564.846,1557.237,1548.273,1538.030,1526.579,1513.992,1500.340,1485.692,1470.114,1453.674,1436.433,1418.454,1399.795,1380.515,1360.668,1340.308,1319.485,1298.249,1276.645,1254.718,1232.509,1210.060,1187.409,1164.591,1141.641,1118.591,1095.472,1072.311,1049.138,1025.976,1002.850,979.782,956.792,933.900,911.124,888.481,865.986,843.654,821.498,799.529,777.760,756.199,734.856,713.740,692.856,672.212,651.814,631.666,611.772,592.135,572.759,553.645,534.794,516.208,497.886,479.828,462.032,444.497,427.221,410.202,393.435,376.918,360.645,344.612,328.815,313.247,297.903,282.775,267.857,253.142,238.622,224.289,210.135,196.151,182.327,168.654,155.124,141.726,128.449,115.284,102.219,89.244,76.348,63.520,50.749,38.023,25.330,12.660,0.000
0.000,0.000,0.000,0.000,0.000,0.000,0.000,0.000,0.000,0.000,0.000,0.000,0.000,0.000,0.000,0.000,0.000,0.000,0.000,0.000,0.000,0.000,0.000,0.000,0.000,0.000,0.000,0.000,0.000,0.000,0.000,0.000,0.000,0.000,0.000,0.000,0.000,0.000,0.000,0.000,0.000,0.000,0.000,0.000,0.000,0.000,0.000,0.000,0.000,0.000,0.000,0.000,0.000,0.000,0.000,0.000,0.000,0.000,0.000,0.000,0.000,0.000,0.000,0.000,0.000,0.000,0.000,0.000,0.000,0.000,0.000,0.000,0.000,0.000,0.000,0.000,0.000,0.000,0.000,0.000,0.000,0.000,0.000,0.790,1.590,2.409,3.256,4.141,5.076,6.071,7.139,8.293,9.546,10.914,12.414,14.062,15.879,17.885,20.104,22.562,25.285,28.304,31.651,35.362,39.476,44.033,49.081,54.665,60.840,67.658,75.179,83.463,92.575,102.579,113.542,125.533,138.617,152.859,168.321,185.058,203.121,222.551,243.377,265.617,289.272,314.328,340.755,368.500,397.493,427.645,458.846,490.971,523.877,557.410,591.401,625.679,660.062,694.372,728.429,762.058,795.091,827.371,858.748,889.087,918.266,946.177,972.725,997.830,1021.425,1043.459,1063.891,1082.693,1099.849,1115.351,1129.204,1141.418,1152.013,1161.014,1168.453,1174.368,1178.799,1181.791,1183.391,1183.650,1182.620,1180.354,1176.907,1172.334,1166.691,1160.031,1152.411,1143.884,1134.505,1124.325,1113.397,1101.771,1089.495,1076.618,1063.185,1049.240,1034.828,1019.989,1004.763,989.188,973.301,957.137,940.728,924.107,907.304,890.347,873.263,856.079,838.819,821.504,804.158,786.801,769.450,752.126,734.843,717.618,700.465,683.399,666.430,649.572,632.835,616.229,599.763,583.446,567.284,551.285,535.454,519.798,504.321,489.028,473.921,459.004,444.280,429.751,415.417,401.281,387.343,373.602,360.058,346.711,333.559,320.601,307.835,295.258,282.867,270.660,258.632,246.781,235.101,223.588,212.237,201.044,190.002,179.106,168.351,157.729,147.234,136.859,126.598,116.443,106.387,96.421,86.540,76.733,66.994,57.313,47.683,38.096,28.543,19.015,9.504,0.000
0.000,0.000,0.000,0.000,0.000,0.000,0.000,0.000,0.000,0.000,0.000,0.000,0.000,0.000,0.000,0.000,0.000,0.000,0.000,0.000,0.000,0.000,0.000,0.000,0.000,0.000,0.000,0.000,0.000,0.000,0.000,0.000,0.000,0.000,0.000,0.000,0.000,0.000,0.000,0.000,0.000,0.000,0.000,0.000,0.000,0.000,0.000,0.000,0.000,0.000,0.000,0.000,0.000,0.000,0.000,0.000,0.000,0.000,0.000,0.000,0.000,0.000,0.000,0.000,0.000,0.000,0.000,0.000,0.000,0.000,0.000,0.000,0.000,0.000,0.000,0.000,0.000,0.000,0.000,0.000,0.000,0.000,0.000,0.532,1.070,1.621,2.192,2.788,3.418,4.088,4.807,5.584,6.429,7.350,8.359,9.469,10.692,12.043,13.536,15.189,17.021,19.053,21.304,23.799,26.565,29.629,33.020,36.772,40.919,45.496,50.544,56.101,62.212,68.918,76.264,84.294,93.051,102.579,112.917,124.102,136.166,149.134,163.027,177.853,193.614,210.300,227.889,246.346,265.625,285.666,306.397,327.736,349.588,371.852,394.417,417.170,439.994,462.768,485.376,507.704,529.638,551.076,571.919,592.077,611.469,630.023,647.676,664.376,680.076,694.742,708.347,720.871,732.304,742.640,751.880,760.033,767.109,773.127,778.106,782.072,785.049,787.069,788.163,788.365,787.707,786.226,783.958,780.940,777.207,772.798,767.747,762.092,755.868,749.110,741.852,734.128,725.971,717.411,708.480,699.208,689.622,679.752,669.622,659.258,648.686,637.929,627.007,615.943,604.757,593.467,582.093,570.650,559.156,547.625,536.072,524.511,512.954,501.414,489.901,478.426,466.999,455.628,444.323,433.090,421.938,410.873,399.900,389.027,378.256,367.594,357.044,346.609,336.294,326.100,316.032,306.089,296.274,286.589,277.035,267.611,258.319,249.159,240.130,231.232,222.463,213.824,205.313,196.927,188.665,180.525,172.505,164.602,156.814,149.136,141.567,134.103,126.739,119.472,112.299,105.214,98.215,91.295,84.450,77.677,70.969,64.322,57.730,51.189,44.692,38.234,31.810,25.414,19.041,12.685,6.340,0.000
0.000,0.000,0.000,0.000,0.000,0.000,0.000,0.000,0.000,0.000,0.000,0.000,0.000,0.000,0.000,0.000,0.000,0.000,0.000,0.000,0.000,0.000,0.000,0.000,0.000,0.000,0.000,0.000,0.000,0.000,0.000,0.000,0.000,0.000,0.000,0.000,0.000,0.000,0.000,0.000,0.000,0.000,0.000,0.000,0.000,0.000,0.000,0.000,0.000,0.000,0.000,0.000,0.000,0.000,0.000,0.000,0.000,0.000,0.000,0.000,0.000,0.000,0.000,0.000,0.000,0.000,0.000,0.000,0.000,0.000,0.000,0.000,0.000,0.000,0.000,0.000,0.000,0.000,0.000,0.000,0.000,0.000,0.000,0.267,0.538,0.815,1.102,1.402,1.719,2.056,2.418,2.809,3.234,3.697,4.205,4.763,5.378,6.057,6.808,7.639,8.560,9.582,10.713,11.967,13.357,14.896,16.600,18.485,20.567,22.866,25.399,28.189,31.255,34.619,38.303,42.328,46.718,51.491,56.669,62.270,68.308,74.796,81.745,89.158,97.036,105.374,114.159,123.376,133.001,143.003,153.348,163.994,174.895,185.999,197.254,208.601,219.983,231.341,242.617,253.753,264.694,275.388,285.787,295.846,305.524,314.785,323.598,331.936,339.778,347.104,353.901,360.160,365.875,371.043,375.665,379.744,383.287,386.301,388.796,390.785,392.281,393.299,393.854,393.963,393.643,392.912,391.787,390.287,388.430,386.234,383.718,380.899,377.796,374.425,370.804,366.950,362.880,358.607,354.149,349.520,344.734,339.806,334.747,329.571,324.291,318.918,313.462,307.935,302.347,296.707,291.024,285.306,279.563,273.801,268.028,262.251,256.476,250.708,244.955,239.219,233.508,227.825,222.174,216.560,210.986,205.454,199.970,194.534,189.150,183.820,178.546,173.330,168.173,163.077,158.043,153.072,148.165,143.323,138.546,133.835,129.188,124.608,120.094,115.645,111.260,106.941,102.684,98.491,94.360,90.289,86.279,82.327,78.432,74.593,70.807,67.074,63.391,59.757,56.170,52.627,49.126,45.665,42.241,38.854,35.498,32.174,28.877,25.605,22.355,19.125,15.911,12.712,9.525,6.345,3.171,0.000
0.000,0.000,0.000,0.000,0.000,0.000,0.000,0.000,0.000,0.000,0.000,0.000,0.000,0.000,0.000,0.000,0.000,0.000,0.000,0.000,0.000,0.000,0.000,0.000,0.000,0.000,0.000,0.000,0.000,0.000,0.000,0.000,0.000,0.000,0.000,0.000,0.000,0.000,0.000,0.000,0.000,0.000,0.000,0.000,0.000,0.000,0.000,0.000,0.000,0.000,0.000,0.000,0.000,0.000,0.000,0.000,0.000,0.000,0.000,0.000,0.000,0.000,0.000,0.000,0.000,0.000,0.000,0.000,0.000,0.000,0.000,0.000,0.000,0.000,0.000,0.000,0.000,0.000,0.000,0.000,0.000,0.000,0.000,0.000,0.000,0.000,0.000,0.000,0.000,0.000,0.000,0.000,0.000,0.000,0.000,0.000,0.000,0.000,0.000,0.000,0.000,0.000,0.000,0.000,0.000,0.000,0.000,0.000,0.000,0.000,0.000,0.000,0.000,0.000,0.000,0.000,0.000,0.000,0.000,0.000,0.000,0.000,0.000,0.000,0.000,0.000,0.000,0.000,0.000,0.000,0.000,0.000,0.000,0.000,0.000,0.000,0.000,0.000,0.000,0.000,0.000,0.000,0.000,0.000,0.000,0.000,0.000,0.000,0.000,0.000,0.000,0.000,0.000,0.000,0.000,0.000,0.000,0.000,0.000,0.000,0.000,0.000,0.000,0.000,0.000,0.000,0.000,0.000,0.000,0.000,0.000,0.000,0.000,0.000,0.000,0.000,0.000,0.000,0.000,0.000,0.000,0.000,0.000,0.000,0.000,0.000,0.000,0.000,0.000,0.000,0.000,0.000,0.000,0.000,0.000,0.000,0.000,0.000,0.000,0.000,0.000,0.000,0.000,0.000,0.000,0.000,0.000,0.000,0.000,0.000,0.000,0.000,0.000,0.000,0.000,0.000,0.000,0.000,0.000,0.000,0.000,0.000,0.000,0.000,0.000,0.000,0.000,0.000,0.000,0.000,0.000,0.000,0.000,0.000,0.000,0.000,0.000,0.000,0.000,0.000,0.000,0.000,0.000,0.000,0.000,0.000,0.000,0.000,0.000,0.000,0.000,0.000,0.000,0.000,0.000,0.000
