0.000,0.000,0.000,0.000,0.000,0.000,0.000,0.000,0.000,0.000,0.000,0.000,0.000,0.000,0.000,0.000,0.000,0.000,0.000,0.000,0.000,0.000,0.000,0.000,0.000,0.000,0.000,0.000,0.000,0.000,0.000,0.000,0.000,0.000,0.000,0.000,0.000,0.000,0.000,0.000,0.000,0.000,0.000,0.000,0.000,0.000,0.000,0.000,0.000,0.000,0.000,0.000,0.000,0.000,0.000,0.000,0.000,0.000,0.000,0.000,0.000,0.000,0.000,0.000,0.000,0.000,0.000,0.000,0.000,0.000,0.000,0.000,0.000,0.000,0.000,0.000,0.000,0.000,0.000,0.000,0.000,0.000,0.000,0.000,0.000,0.000,0.000,0.000,0.000,0.000,0.000,0.000,0.000,0.000,0.000,0.000,0.000,0.000,0.000,0.000,0.000,0.000,0.000,0.000,0.000,0.000,0.000,0.000,0.000,0.000,0.000,0.000,0.000,0.000,0.000,0.000,0.000,0.000,0.000,0.000,0.000,0.000,0.000,0.000,0.000,0.000,0.000,0.000,0.000,0.000,0.000,0.000,0.000,0.000,0.000,0.000,0.000,0.000,0.000,0.000,0.000,0.000,0.000,0.000,0.000,0.000,0.000,0.000,0.000,0.000,0.000,0.000,0.000,0.000,0.000,0.000,0.000,0.000,0.000,0.000,0.000,0.000,0.000,0.000,0.000,0.000,0.000,0.000,0.000,0.000,0.000,0.000,0.000,0.000,0.000,0.000,0.000,0.000,0.000,0.000,0.000,0.000,0.000,0.000,0.000,0.000,0.000,0.000,0.000,0.000,0.000,0.000,0.000,0.000,0.000,0.000,0.000,0.000,0.000,0.000,0.000,0.000,0.000,0.000,0.000,0.000,0.000,0.000,0.000,0.000,0.000,0.000,0.000,0.000,0.000,0.000,0.000,0.000,0.000,0.000,0.000,0.000,0.000,0.000,0.000,0.000,0.000,0.000,0.000,0.000,0.000,0.000,0.000,0.000,0.000,0.000,0.000,0.000,0.000,0.000,0.000,0.000,0.000,0.000,0.000,0.000,0.000,0.000,0.000,0.000,0.000,0.000,0.000,0.000,0.000,0.000
0.000,0.000,0.000,0.000,0.000,0.000,0.000,0.000,0.000,0.000,0.000,0.000,0.000,0.000,0.000,0.000,0.000,0.000,0.000,0.000,0.000,0.000,0.000,0.000,0.000,0.000,0.000,0.000,0.000,0.000,0.000,0.000,3.003,6.006,9.008,12.008,15.007,18.002,20.994,23.981,26.964,29.942,32.914,35.880,38.839,41.792,44.738,47.677,50.608,53.532,56.448,59.357,62.258,65.151,68.037,70.915,73.785,76.648,79.503,82.351,85.191,88.024,90.849,93.666,96.476,99.278,102.073,104.859,107.636,110.406,113.166,115.916,118.657,121.387,124.106,126.814,129.510,132.193,134.862,137.516,140.155,142.778,145.384,147.970,150.538,153.084,155.609,158.111,160.588,163.039,165.463,167.859,170.224,172.557,174.858,177.124,179.353,181.544,183.695,185.806,187.873,189.895,191.871,193.799,195.676,197.502,199.274,200.991,202.650,204.251,205.792,207.270,208.684,210.033,211.314,212.526,213.668,214.737,215.733,216.654,217.497,218.263,218.948,219.553,220.075,220.514,220.867,221.135,221.315,221.407,221.409,221.321,221.142,220.870,220.505,220.047,219.493,218.845,218.101,217.260,216.322,215.286,214.153,212.921,211.592,210.163,208.635,207.009,205.284,203.459,201.536,199.513,197.392,195.172,192.854,190.438,187.925,185.315,182.608,179.806,176.908,173.917,170.832,167.654,164.386,161.028,157.581,154.048,150.429,146.726,142.943,139.080,135.142,131.129,127.047,122.898,118.685,114.415,110.091,105.718,101.304,96.855,92.378,87.881,83.375,78.870,74.376,69.907,65.476,61.099,56.790,52.567,48.447,44.449,40.590,36.887,33.356,30.011,26.865,23.925,21.199,18.687,16.388,14.299,12.410,10.713,9.195,7.844,6.647,5.593,4.667,3.861,3.165,2.568,2.064,1.642,1.295,1.012,0.786,0.607,0.466,0.356,0.271,0.206,0.156,0.118,0.089,0.067,0.050,0.037,0.028,0.021,0.015,0.011,0.008,0.006,0.004,0.003,0.002,0.001,0.001,0.000,0.000,0.000,0.000,0.000,0.000,0.000,0.000,0.000,0.000,0.000,0.000,0.000,0.000,0.000
0.000,0.000,0.000,0.000,0.000,0.000,0.000,0.000,0.000,0.000,0.000,0.000,0.000,0.000,0.000,0.000,0.000,0.000,0.000,0.000,0.000,0.000,0.000,0.000,0.000,0.000,0.000,0.000,0.000,0.000,0.000,0.000,6.008,12.017,18.023,24.027,30.025,36.018,42.004,47.981,53.949,59.907,65.853,71.787,77.708,83.615,89.509,95.388,101.253,107.102,112.936,118.755,124.558,130.346,136.118,141.876,147.618,153.345,159.056,164.753,170.435,176.102,181.753,187.390,193.011,198.617,204.206,209.780,215.337,220.876,226.398,231.900,237.383,242.845,248.285,253.702,259.095,264.462,269.802,275.113,280.393,285.640,290.853,296.028,301.165,306.260,311.311,316.317,321.273,326.178,331.028,335.821,340.553,345.223,349.826,354.359,358.819,363.204,367.509,371.731,375.868,379.914,383.868,387.725,391.482,395.135,398.682,402.117,405.439,408.643,411.726,414.684,417.514,420.213,422.777,425.203,427.488,429.629,431.622,433.464,435.152,436.684,438.057,439.268,440.314,441.192,441.900,442.436,442.797,442.981,442.987,442.812,442.453,441.910,441.181,440.264,439.158,437.861,436.372,434.690,432.814,430.743,428.476,426.013,423.353,420.495,417.440,414.187,410.735,407.085,403.237,399.191,394.948,390.507,385.870,381.037,376.009,370.787,365.372,359.765,353.968,347.983,341.811,335.455,328.915,322.196,315.300,308.230,300.989,293.581,286.010,278.282,270.400,262.371,254.201,245.897,237.467,228.920,220.265,211.513,202.676,193.768,184.804,175.801,166.777,157.752,148.751,139.798,130.920,122.147,113.512,105.047,96.789,88.774,81.036,73.613,66.535,59.833,53.531,47.645,42.189,37.166,32.573,28.401,24.633,21.249,18.225,15.536,13.155,11.057,9.217,7.615,6.230,5.046,4.045,3.210,2.525,1.970,1.526,1.175,0.900,0.687,0.523,0.396,0.300,0.227,0.171,0.128,0.096,0.072,0.054,0.040,0.030,0.022,0.016,0.011,0.008,0.006,0.004,0.002,0.001,0.000,0.000,0.000,0.000,0.000,0.000,0.000,0.000,0.000,0.000,0.000,0.000,0.000,0.000,0.000
0.000,0.000,0.000,0.000,0.000,0.000,0.000,0.000,0.000,0.000,0.000,0.000,0.000,0.000,0.000,0.000,0.000,0.000,0.000,0.000,0.000,0.000,0.000,0.000,0.000,0.000,0.000,0.000,0.000,0.000,0.000,0.000,9.018,18.036,27.051,36.062,45.065,54.060,63.043,72.014,80.971,89.912,98.836,107.741,116.627,125.493,134.337,143.160,151.960,160.737,169.492,178.223,186.931,195.616,204.278,212.917,221.533,230.126,238.696,247.244,255.770,264.272,272.752,281.210,289.645,298.056,306.444,314.807,323.145,331.458,339.743,348.000,356.227,364.424,372.588,380.717,388.811,396.865,404.879,412.849,420.773,428.648,436.471,444.239,451.948,459.596,467.177,474.690,482.129,489.491,496.771,503.965,511.069,518.078,524.987,531.792,538.488,545.070,551.533,557.872,564.081,570.156,576.092,581.882,587.523,593.008,598.332,603.490,608.477,613.288,617.917,622.359,626.608,630.661,634.512,638.155,641.586,644.801,647.794,650.561,653.097,655.399,657.461,659.280,660.851,662.171,663.236,664.042,664.586,664.865,664.875,664.613,664.078,663.264,662.172,660.797,659.139,657.194,654.961,652.438,649.624,646.518,643.117,639.422,635.431,631.143,626.559,621.677,616.498,611.022,605.248,599.176,592.809,586.145,579.187,571.934,564.389,556.552,548.426,540.012,531.313,522.330,513.068,503.528,493.713,483.629,473.278,462.666,451.797,440.677,429.313,417.710,405.878,393.824,381.557,369.088,356.429,343.593,330.593,317.447,304.172,290.789,277.319,263.787,250.222,236.654,223.117,209.649,196.292,183.090,170.092,157.348,144.913,132.842,121.190,110.012,99.357,89.271,79.792,70.948,62.757,55.225,48.346,42.106,36.478,31.431,26.926,22.924,19.384,16.265,13.532,11.153,9.097,7.341,5.860,4.630,3.626,2.816,2.173,1.667,1.274,0.970,0.736,0.557,0.421,0.318,0.239,0.180,0.135,0.101,0.075,0.056,0.041,0.030,0.022,0.016,0.011,0.008,0.005,0.003,0.001,0.000,0.000,0.000,0.000,0.000,0.000,0.000,0.000,0.000,0.000,0.000,0.000,0.000,0.000,0.000
0.000,0.000,0.000,0.000,0.000,0.000,0.000,0.000,0.000,0.000,0.000,0.000,0.000,0.000,0.000,0.000,0.000,0.000,0.000,0.000,0.000,0.000,0.000,0.000,0.000,0.000,0.000,0.000,0.000,0.000,0.000,0.000,12.034,24.068,36.098,48.121,60.135,72.137,84.125,96.095,108.046,119.976,131.882,143.764,155.619,167.447,179.246,191.016,202.756,214.466,226.144,237.792,249.408,260.993,272.548,284.071,295.564,307.026,318.458,329.861,341.233,352.574,363.886,375.168,386.419,397.640,408.829,419.985,431.108,442.196,453.249,464.264,475.240,486.176,497.067,507.913,518.711,529.457,540.149,550.783,561.356,571.864,582.302,592.667,602.955,613.160,623.277,633.302,643.230,653.054,662.770,672.371,681.852,691.206,700.428,709.510,718.448,727.233,735.859,744.320,752.609,760.718,768.642,776.372,783.901,791.224,798.332,805.219,811.877,818.300,824.480,830.411,836.086,841.497,846.639,851.505,856.087,860.381,864.379,868.075,871.463,874.538,877.294,879.724,881.825,883.590,885.014,886.094,886.824,887.199,887.216,886.870,886.159,885.077,883.623,881.792,879.581,876.990,874.013,870.650,866.898,862.756,858.221,853.293,847.970,842.252,836.138,829.627,822.718,815.413,807.711,799.612,791.118,782.229,772.946,763.270,753.204,742.749,731.907,720.681,709.075,697.090,684.731,672.001,658.905,645.449,631.636,617.474,602.969,588.128,572.960,557.473,541.679,525.586,509.209,492.561,475.657,458.514,441.151,423.589,405.852,387.967,369.962,351.871,333.731,315.582,297.469,279.442,261.557,243.874,226.459,209.379,192.709,176.524,160.900,145.913,131.633,118.124,105.438,93.616,82.681,72.643,63.493,55.208,47.751,41.077,35.131,29.856,25.195,21.092,17.498,14.368,11.667,9.362,7.425,5.827,4.531,3.497,2.683,2.048,1.558,1.182,0.895,0.676,0.510,0.384,0.289,0.217,0.163,0.122,0.091,0.068,0.050,0.036,0.026,0.019,0.013,0.009,0.006,0.003,0.001,0.000,0.000,0.000,0.000,0.000,0.000,0.000,0.000,0.000,0.000,0.000,0.000,0.000,0.000,0.000
0.000,0.000,0.000,0.000,0.000,0.000,0.000,0.000,0.000,0.000,0.000,0.000,0.000,0.000,0.000,0.000,0.000,0.000,0.000,0.000,0.000,0.000,0.000,0.000,0.000,0.000,0.000,0.000,0.000,0.000,0.000,0.000,15.058,30.116,45.169,60.213,75.246,90.263,105.261,120.238,135.191,150.116,165.011,179.876,194.706,209.502,224.262,238.985,253.669,268.315,282.923,297.491,312.020,326.510,340.961,355.372,369.746,384.082,398.379,412.639,426.862,441.047,455.194,469.304,483.376,497.409,511.403,525.357,539.269,553.138,566.963,580.742,594.471,608.150,621.774,635.342,648.850,662.294,675.670,688.974,702.202,715.348,728.409,741.378,754.250,767.019,779.680,792.224,804.648,816.942,829.101,841.117,852.982,864.690,876.232,887.600,898.786,909.782,920.580,931.171,941.547,951.699,961.618,971.295,980.722,989.890,998.790,1007.413,1015.749,1023.792,1031.531,1038.958,1046.065,1052.843,1059.283,1065.377,1071.117,1076.496,1081.504,1086.135,1090.381,1094.235,1097.689,1100.736,1103.371,1105.585,1107.374,1108.730,1109.650,1110.125,1110.152,1109.725,1108.840,1107.493,1105.678,1103.392,1100.632,1097.394,1093.675,1089.472,1084.782,1079.604,1073.935,1067.774,1061.119,1053.968,1046.322,1038.179,1029.540,1020.404,1010.771,1000.642,990.017,978.899,967.287,955.184,942.592,929.513,915.951,901.907,887.387,872.393,856.930,841.003,824.618,807.780,790.496,772.774,754.622,736.048,717.063,697.678,677.906,657.760,637.254,616.407,595.236,573.763,552.011,530.006,507.777,485.356,462.780,440.088,417.327,394.547,371.803,349.159,326.682,304.449,282.542,261.049,240.064,219.684,200.011,181.141,163.170,146.180,130.245,115.416,101.728,89.189,77.789,67.494,58.254,50.004,42.672,36.181,30.453,25.415,21.002,17.159,13.841,11.016,8.654,6.723,5.176,3.959,3.013,2.286,1.729,1.306,0.986,0.743,0.559,0.421,0.316,0.237,0.178,0.133,0.100,0.074,0.054,0.039,0.028,0.020,0.014,0.010,0.006,0.003,0.001,0.000,0.000,0.000,0.000,0.000,0.000,0.000,0.000,0.000,0.000,0.000,0.000,0.000,0.000,0.000
0.000,0.000,0.000,0.000,0.000,0.000,0.000,0.000,0.000,0.000,0.000,0.000,0.000,0.000,0.000,0.000,0.000,0.000,0.000,0.000,0.000,0.000,0.000,0.000,0.000,0.000,0.000,0.000,0.000,0.000,0.000,0.000,18.093,36.184,54.269,72.345,90.405,108.447,126.466,144.458,162.420,180.349,198.242,216.097,233.910,251.682,269.409,287.091,304.726,322.315,339.857,357.351,374.797,392.197,409.549,426.855,444.114,461.327,478.495,495.617,512.695,529.728,546.715,563.658,580.555,597.406,614.211,630.967,647.674,664.329,680.932,697.479,713.968,730.397,746.761,763.057,779.282,795.430,811.498,827.479,843.370,859.164,874.854,890.436,905.900,921.243,936.454,951.528,966.456,981.229,995.841,1010.281,1024.540,1038.611,1052.482,1066.146,1079.591,1092.809,1105.788,1118.520,1130.992,1143.196,1155.121,1166.755,1178.089,1189.112,1199.813,1210.181,1220.206,1229.878,1239.185,1248.118,1256.665,1264.817,1272.564,1279.895,1286.801,1293.272,1299.299,1304.873,1309.983,1314.622,1318.781,1322.452,1325.626,1328.296,1330.453,1332.092,1333.205,1333.785,1333.826,1333.321,1332.266,1330.655,1328.483,1325.745,1322.436,1318.554,1314.093,1309.050,1303.424,1297.209,1290.406,1283.010,1275.021,1266.437,1257.258,1247.481,1237.108,1226.138,1214.570,1202.407,1189.648,1176.295,1162.350,1147.815,1132.692,1116.983,1100.693,1083.825,1066.383,1048.372,1029.796,1010.663,990.977,970.747,949.980,928.686,906.872,884.551,861.734,838.434,814.665,790.445,765.789,740.719,715.256,689.425,663.253,636.770,610.010,583.013,555.819,528.476,501.039,473.566,446.124,418.787,391.638,364.767,338.275,312.269,286.867,262.189,238.362,215.512,193.760,173.216,153.974,136.103,119.647,104.617,90.997,78.740,67.778,58.025,49.383,41.751,35.028,29.119,23.942,19.428,15.527,12.209,9.455,7.235,5.493,4.150,3.126,2.352,1.768,1.329,0.998,0.750,0.564,0.423,0.318,0.238,0.178,0.134,0.100,0.074,0.054,0.039,0.028,0.020,0.014,0.010,0.006,0.003,0.001,0.000,0.000,0.000,0.000,0.000,0.000,0.000,0.000,0.000,0.000,0.000,0.000,0.000,0.000,0.000
0.000,0.000,0.000,0.000,0.000,0.000,0.000,0.000,0.000,0.000,0.000,0.000,0.000,0.000,0.000,0.000,0.000,0.000,0.000,0.000,0.000,0.000,0.000,0.000,0.000,0.000,0.000,0.000,0.000,0.000,0.000,0.000,21.139,42.276,63.406,84.524,105.624,126.702,147.752,168.770,189.753,210.695,231.595,252.449,273.254,294.009,314.712,335.360,355.954,376.493,396.975,417.402,437.773,458.087,478.347,498.552,518.702,538.798,558.841,578.832,598.770,618.655,638.488,658.270,677.998,697.673,717.293,736.858,756.366,775.815,795.202,814.525,833.781,852.967,872.078,891.111,910.060,928.922,947.690,966.358,984.920,1003.370,1021.700,1039.903,1057.972,1075.897,1093.670,1111.283,1128.727,1145.991,1163.066,1179.941,1196.606,1213.051,1229.264,1245.234,1260.951,1276.401,1291.574,1306.458,1321.040,1335.308,1349.250,1362.853,1376.106,1388.995,1401.509,1413.634,1425.359,1436.671,1447.557,1458.006,1468.004,1477.542,1486.605,1495.183,1503.265,1510.838,1517.893,1524.417,1530.400,1535.833,1540.705,1545.006,1548.727,1551.858,1554.392,1556.319,1557.631,1558.320,1558.379,1557.802,1556.581,1554.710,1552.183,1548.995,1545.140,1540.614,1535.413,1529.533,1522.969,1515.719,1507.780,1499.149,1489.825,1479.806,1469.091,1457.678,1445.568,1432.760,1419.254,1405.052,1390.154,1374.562,1358.277,1341.303,1323.641,1305.296,1286.271,1266.569,1246.197,1225.158,1203.460,1181.108,1158.111,1134.476,1110.212,1085.329,1059.839,1033.753,1007.085,979.850,952.064,923.745,894.914,865.593,835.808,805.585,774.955,743.955,712.621,680.997,649.132,617.079,584.899,552.660,520.439,488.321,456.402,424.788,393.597,362.957,333.008,303.900,275.789,248.833,223.185,198.988,176.364,155.404,136.164,118.659,102.861,88.709,76.108,64.946,55.094,46.420,38.795,32.099,26.224,21.087,16.633,12.842,9.722,7.273,5.411,4.022,2.991,2.228,1.662,1.242,0.929,0.696,0.522,0.391,0.293,0.219,0.164,0.123,0.092,0.068,0.050,0.036,0.026,0.019,0.013,0.009,0.006,0.003,0.001,0.000,0.000,0.000,0.000,0.000,0.000,0.000,0.000,0.000,0.000,0.000,0.000,0.000,0.000,0.000
0.000,0.000,0.000,0.000,0.000,0.000,0.000,0.000,0.000,0.000,0.000,0.000,0.000,0.000,0.000,0.000,0.000,0.000,0.000,0.000,0.000,0.000,0.000,0.000,0.000,0.000,0.000,0.000,0.000,0.000,0.000,0.000,24.199,48.396,72.585,96.759,120.912,145.039,169.133,193.190,217.205,241.173,265.090,288.954,312.761,336.509,360.196,383.821,407.381,430.877,454.308,477.675,500.976,524.213,547.386,570.497,593.544,616.530,639.455,662.319,685.123,707.868,730.553,753.179,775.745,798.250,820.694,843.075,865.391,887.640,909.819,931.927,953.958,975.909,997.777,1019.555,1041.239,1062.824,1084.302,1105.666,1126.911,1148.028,1169.009,1189.846,1210.529,1231.049,1251.397,1271.562,1291.533,1311.301,1330.852,1350.176,1369.260,1388.093,1406.661,1424.952,1442.953,1460.650,1478.031,1495.080,1511.785,1528.131,1544.104,1559.690,1574.876,1589.645,1603.985,1617.881,1631.319,1644.284,1656.762,1668.739,1680.202,1691.136,1701.529,1711.365,1720.634,1729.321,1737.413,1744.898,1751.765,1758.001,1763.595,1768.535,1772.811,1776.412,1779.328,1781.550,1783.068,1783.873,1783.956,1783.310,1781.927,1779.801,1776.923,1773.288,1768.890,1763.723,1757.783,1751.065,1743.565,1735.279,1726.204,1716.337,1705.677,1694.221,1681.967,1668.915,1655.064,1640.414,1624.966,1608.720,1591.677,1573.839,1555.209,1535.789,1515.581,1494.590,1472.820,1450.276,1426.962,1402.885,1378.052,1352.469,1326.146,1299.091,1271.315,1242.828,1213.642,1183.772,1153.231,1122.038,1090.209,1057.766,1024.730,991.127,956.983,922.331,887.204,851.639,815.680,779.375,742.776,705.945,668.947,631.859,594.766,557.765,520.963,484.480,448.453,413.032,378.381,344.681,312.121,280.898,251.206,223.230,197.127,173.019,150.977,131.017,113.102,97.144,83.017,70.570,59.638,50.050,41.643,34.262,27.773,22.067,17.079,12.805,9.320,6.723,4.860,3.535,2.589,1.907,1.412,1.049,0.781,0.583,0.436,0.326,0.244,0.183,0.137,0.102,0.076,0.056,0.042,0.030,0.022,0.016,0.011,0.008,0.005,0.003,0.001,0.000,0.000,0.000,0.000,0.000,0.000,0.000,0.000,0.000,0.000,0.000,0.000,0.000,0.000,0.000
0.000,0.000,0.000,0.000,0.000,0.000,0.000,0.000,0.000,0.000,0.000,0.000,0.000,0.000,0.000,0.000,0.000,0.000,0.000,0.000,0.000,0.000,0.000,0.000,0.000,0.000,0.000,0.000,0.000,0.000,0.000,0.000,27.276,54.549,81.812,109.058,136.280,163.470,190.623,217.733,244.793,271.800,298.748,325.634,352.454,379.207,405.888,432.498,459.035,485.498,511.886,538.200,564.440,590.607,616.701,642.724,668.675,694.557,720.370,746.115,771.793,797.403,822.948,848.426,873.836,899.180,924.454,949.659,974.791,999.849,1024.830,1049.730,1074.546,1099.274,1123.907,1148.442,1172.871,1197.189,1221.389,1245.462,1269.402,1293.199,1316.843,1340.326,1363.638,1386.767,1409.702,1432.433,1454.947,1477.232,1499.275,1521.062,1542.581,1563.817,1584.756,1605.383,1625.684,1645.644,1665.248,1684.479,1703.323,1721.763,1739.783,1757.368,1774.502,1791.168,1807.349,1823.031,1838.197,1852.830,1866.915,1880.436,1893.376,1905.722,1917.457,1928.566,1939.033,1948.846,1957.989,1966.448,1974.209,1981.259,1987.585,1993.174,1998.014,2002.094,2005.402,2007.926,2009.658,2010.585,2010.699,2009.991,2008.452,2006.073,2002.849,1998.770,1993.832,1988.026,1981.349,1973.795,1965.359,1956.037,1945.826,1934.722,1922.724,1909.828,1896.033,1881.338,1865.743,1849.247,1831.851,1813.555,1794.361,1774.271,1753.287,1731.412,1708.650,1685.004,1660.479,1635.080,1608.814,1581.686,1553.704,1524.876,1495.212,1464.721,1433.414,1401.303,1368.402,1334.725,1300.289,1265.112,1229.213,1192.615,1155.342,1117.420,1078.881,1039.757,1000.084,959.906,919.266,878.218,836.817,795.131,753.232,711.201,669.133,627.131,585.316,543.821,502.801,462.425,422.886,384.396,347.183,311.491,277.567,245.646,215.938,188.604,163.738,141.359,121.410,103.768,88.262,74.694,62.849,52.511,43.473,35.542,28.544,22.335,16.815,11.981,8.031,5.440,3.771,2.671,1.922,1.400,1.029,0.760,0.564,0.420,0.314,0.234,0.175,0.131,0.098,0.073,0.054,0.040,0.030,0.022,0.016,0.011,0.008,0.006,0.004,0.002,0.001,0.000,0.000,0.000,0.000,0.000,0.000,0.000,0.000,0.000,0.000,0.000,0.000,0.000,0.000,0.000
0.000,0.000,0.000,0.000,0.000,0.000,0.000,0.000,0.000,0.000,0.000,0.000,0.000,0.000,0.000,0.000,0.000,0.000,0.000,0.000,0.000,0.000,0.000,0.000,0.000,0.000,0.000,0.000,0.000,0.000,0.000,0.000,30.371,60.738,91.094,121.430,151.737,182.009,212.237,242.416,272.537,302.597,332.590,362.511,392.358,422.126,451.815,481.421,510.944,540.383,569.738,599.008,628.196,657.300,686.324,715.267,744.130,772.916,801.624,830.257,858.816,887.300,915.711,944.048,972.312,1000.502,1028.616,1056.653,1084.611,1112.488,1140.279,1167.983,1195.594,1223.108,1250.519,1277.821,1305.008,1332.073,1359.007,1385.802,1412.450,1438.940,1465.262,1491.407,1517.362,1543.115,1568.654,1593.967,1619.040,1643.859,1668.410,1692.678,1716.648,1740.305,1763.632,1786.613,1809.232,1831.473,1853.317,1874.749,1895.749,1916.301,1936.387,1955.989,1975.088,1993.667,2011.708,2029.193,2046.104,2062.422,2078.131,2093.211,2107.646,2121.419,2134.511,2146.907,2158.590,2169.542,2179.749,2189.194,2197.863,2205.739,2212.809,2219.059,2224.475,2229.044,2232.752,2235.589,2237.542,2238.599,2238.751,2237.987,2236.297,2233.673,2230.106,2225.588,2220.112,2213.671,2206.259,2197.870,2188.499,2178.142,2166.794,2154.452,2141.113,2126.775,2111.436,2095.095,2077.751,2059.404,2040.054,2019.702,1998.350,1976.000,1952.654,1928.316,1902.988,1876.677,1849.385,1821.120,1791.888,1761.695,1730.550,1698.461,1665.438,1631.492,1596.635,1560.880,1524.240,1486.733,1448.375,1409.186,1369.187,1328.401,1286.855,1244.577,1201.600,1157.958,1113.691,1068.842,1023.461,977.602,931.327,884.704,837.811,790.735,743.576,696.446,649.473,602.806,556.611,511.080,466.433,422.914,380.798,340.383,301.981,265.900,232.420,201.760,174.047,149.301,127.435,108.276,91.589,77.111,64.565,53.681,44.204,35.895,28.534,21.917,15.867,10.276,5.386,3.235,2.115,1.454,1.030,0.743,0.543,0.400,0.296,0.220,0.164,0.122,0.091,0.068,0.051,0.038,0.028,0.021,0.015,0.011,0.008,0.006,0.004,0.003,0.002,0.001,0.000,0.000,0.000,0.000,0.000,0.000,0.000,0.000,0.000,0.000,0.000,0.000,0.000,0.000,0.000,0.000
0.000,0.000,0.000,0.000,0.000,0.000,0.000,0.000,0.000,0.000,0.000,0.000,0.000,0.000,0.000,0.000,0.000,0.000,0.000,0.000,0.000,0.000,0.000,0.000,0.000,0.000,0.000,0.000,0.000,0.000,0.000,0.000,33.486,66.969,100.437,133.883,167.296,200.668,233.990,267.255,300.455,333.585,366.638,399.610,432.496,465.295,498.002,530.617,563.137,595.564,627.895,660.132,692.276,724.328,756.288,788.160,819.943,851.640,883.253,914.782,946.229,977.595,1008.881,1040.087,1071.213,1102.257,1133.220,1164.099,1194.893,1225.598,1256.212,1286.730,1317.148,1347.461,1377.662,1407.744,1437.702,1467.527,1497.210,1526.741,1556.112,1585.312,1614.328,1643.150,1671.765,1700.159,1728.320,1756.232,1783.882,1811.254,1838.331,1865.099,1891.539,1917.636,1943.371,1968.726,1993.683,2018.224,2042.330,2065.981,2089.158,2111.842,2134.013,2155.651,2176.737,2197.249,2217.169,2236.477,2255.152,2273.174,2290.525,2307.183,2323.131,2338.347,2352.815,2366.515,2379.428,2391.536,2402.823,2413.269,2422.859,2431.576,2439.404,2446.327,2452.330,2457.399,2461.519,2464.678,2466.862,2468.058,2468.256,2467.443,2465.610,2462.745,2458.842,2453.889,2447.879,2440.806,2432.661,2423.439,2413.133,2401.741,2389.255,2375.673,2360.992,2345.210,2328.323,2310.331,2291.234,2271.030,2249.720,2227.305,2203.788,2179.169,2153.452,2126.639,2098.737,2069.747,2039.677,2008.533,1976.320,1943.047,1908.722,1873.355,1836.955,1799.535,1761.106,1721.684,1681.282,1639.918,1597.610,1554.379,1510.246,1465.238,1419.381,1372.705,1325.245,1277.036,1228.120,1178.543,1128.356,1077.615,1026.386,974.738,922.753,870.522,818.149,765.751,713.465,661.446,609.874,558.961,508.948,460.117,412.791,367.333,324.137,283.608,246.130,212.009,181.424,154.393,130.780,110.333,92.726,77.610,64.631,53.456,43.776,35.308,27.783,20.937,14.462,7.873,0.000,0.000,0.000,0.000,0.000,0.000,0.000,0.000,0.000,0.000,0.000,0.000,0.000,0.000,0.000,0.000,0.000,0.000,0.000,0.000,0.000,0.000,0.000,0.000,0.000,0.000,0.000,0.000,0.000,0.000,0.000,0.000,0.000,0.000,0.000,0.000,0.000,0.000,0.000,0.000,0.000,0.000
0.000,0.000,0.001,0.001,0.001,0.001,0.001,0.001,0.000,0.000,0.000,0.000,0.000,0.000,0.000,0.000,0.000,0.000,0.000,0.000,0.000,0.000,0.000,0.000,0.000,0.000,0.000,0.000,0.000,0.000,0.000,0.000,36.625,73.245,109.850,146.427,182.968,219.461,255.898,292.269,328.566,364.783,400.914,436.953,472.895,508.738,544.478,580.114,615.645,651.069,686.388,721.602,756.712,791.720,826.628,861.436,896.148,930.766,965.291,999.725,1034.069,1068.326,1102.496,1136.579,1170.576,1204.486,1238.307,1272.039,1305.680,1339.226,1372.673,1406.018,1439.255,1472.379,1505.383,1538.261,1571.004,1603.604,1636.051,1668.336,1700.447,1732.372,1764.100,1795.617,1826.910,1857.965,1888.766,1919.297,1949.544,1979.488,2009.113,2038.401,2067.333,2095.891,2124.055,2151.806,2179.123,2205.986,2232.375,2258.268,2283.644,2308.482,2332.760,2356.457,2379.550,2402.018,2423.839,2444.990,2465.451,2485.198,2504.211,2522.468,2539.947,2556.628,2572.490,2587.512,2601.674,2614.956,2627.339,2638.803,2649.331,2658.903,2667.503,2675.113,2681.717,2687.299,2691.843,2695.334,2697.760,2699.105,2699.357,2698.504,2696.534,2693.437,2689.202,2683.819,2677.280,2669.577,2660.702,2650.648,2639.410,2626.981,2613.358,2598.535,2582.510,2565.279,2546.842,2527.195,2506.338,2484.271,2460.994,2436.509,2410.817,2383.921,2355.822,2326.526,2296.036,2264.357,2231.495,2197.456,2162.247,2125.878,2088.356,2049.691,2009.895,1968.979,1926.956,1883.842,1839.651,1794.403,1748.115,1700.809,1652.509,1603.241,1553.032,1501.914,1449.922,1397.095,1343.474,1289.106,1234.045,1178.348,1122.081,1065.316,1008.137,950.636,892.919,835.107,777.339,719.776,662.608,606.057,550.387,495.911,443.002,392.096,343.690,298.324,256.533,218.765,185.282,156.097,130.986,109.569,91.392,75.986,62.906,51.746,42.146,33.783,26.360,19.591,13.171,6.755,0.000,0.000,0.000,0.000,0.000,0.000,0.000,0.000,0.000,0.000,0.000,0.000,0.000,0.000,0.000,0.000,0.000,0.000,0.000,0.000,0.000,0.000,0.000,0.000,0.000,0.000,0.000,0.000,0.000,0.000,0.000,0.000,0.000,0.000,0.000,0.000,0.000,0.000,0.000,0.000,0.000,0.000
0.000,0.001,0.002,0.003,0.003,0.003,0.002,0.001,0.000,0.000,0.000,0.000,0.000,0.000,0.000,0.000,0.000,0.000,0.000,0.000,0.000,0.000,0.000,0.000,0.000,0.000,0.000,0.000,0.000,0.000,0.000,0.000,39.789,79.573,119.338,159.073,198.765,238.403,277.977,317.475,356.891,396.216,435.443,474.566,513.581,552.484,591.271,629.942,668.496,706.931,745.249,783.451,821.538,859.512,897.376,935.132,972.781,1010.328,1047.775,1085.122,1122.374,1159.530,1196.593,1233.564,1270.442,1307.227,1343.918,1380.514,1417.013,1453.411,1489.704,1525.889,1561.960,1597.910,1633.732,1669.420,1704.965,1740.357,1775.585,1810.639,1845.508,1880.178,1914.636,1948.869,1982.860,2016.595,2050.058,2083.230,2116.095,2148.635,2180.829,2212.660,2244.107,2275.150,2305.766,2335.936,2365.637,2394.846,2423.542,2451.702,2479.301,2506.318,2532.728,2558.507,2583.632,2608.079,2631.824,2654.843,2677.112,2698.607,2719.305,2739.183,2758.216,2776.382,2793.659,2810.024,2825.455,2839.929,2853.427,2865.927,2877.410,2887.854,2897.242,2905.555,2912.774,2918.882,2923.863,2927.700,2930.378,2931.883,2932.199,2931.315,2929.216,2925.893,2921.332,2915.525,2908.461,2900.133,2890.530,2879.647,2867.477,2854.013,2839.251,2823.186,2805.814,2787.133,2767.140,2745.833,2723.211,2699.275,2674.024,2647.461,2619.585,2590.401,2559.910,2528.118,2495.028,2460.645,2424.977,2388.029,2349.808,2310.325,2269.586,2227.604,2184.390,2139.955,2094.315,2047.483,1999.476,1950.313,1900.014,1848.599,1796.095,1742.527,1687.924,1632.318,1575.746,1518.245,1459.860,1400.637,1340.631,1279.900,1218.510,1156.534,1094.055,1031.166,967.972,904.594,841.170,777.863,714.863,652.398,590.745,530.240,471.300,414.437,360.272,309.525,262.964,221.277,184.880,153.757,127.522,105.587,87.305,72.052,59.272,48.486,39.286,31.323,24.288,17.898,11.881,5.976,0.000,0.000,0.000,0.000,0.000,0.000,0.000,0.000,0.000,0.000,0.000,0.000,0.000,0.000,0.000,0.000,0.000,0.000,0.000,0.000,0.000,0.000,0.000,0.000,0.000,0.000,0.000,0.000,0.000,0.000,0.000,0.000,0.000,0.000,0.000,0.000,0.000,0.000,0.000,0.000,0.000,0.000
0.000,0.002,0.004,0.006,0.006,0.005,0.004,0.002,0.000,0.000,0.000,0.000,0.000,0.000,0.000,0.000,0.000,0.000,0.000,0.000,0.000,0.000,0.000,0.000,0.000,0.000,0.000,0.000,0.000,0.000,0.000,0.000,42.982,85.957,128.911,171.829,214.700,257.508,300.243,342.894,385.451,427.905,470.248,512.475,554.581,596.560,638.411,680.132,721.722,763.181,804.511,845.711,886.786,927.737,968.567,1009.279,1049.877,1090.362,1130.739,1171.010,1211.178,1251.244,1291.210,1331.078,1370.848,1410.519,1450.092,1489.564,1528.933,1568.197,1607.350,1646.389,1685.307,1724.099,1762.756,1801.271,1839.634,1877.835,1915.863,1953.707,1991.353,2028.787,2065.997,2102.966,2139.677,2176.115,2212.261,2248.097,2283.605,2318.763,2353.552,2387.951,2421.938,2455.490,2488.585,2521.200,2553.310,2584.892,2615.922,2646.374,2676.224,2705.445,2734.012,2761.901,2789.084,2815.536,2841.231,2866.143,2890.245,2913.514,2935.922,2957.443,2978.054,2997.729,3016.444,3034.173,3050.894,3066.583,3081.216,3094.772,3107.229,3118.564,3128.757,3137.789,3145.639,3152.289,3157.721,3161.917,3164.860,3166.536,3166.927,3166.020,3163.802,3160.260,3155.382,3149.156,3141.573,3132.622,3122.296,3110.586,3097.484,3082.986,3067.084,3049.775,3031.054,3010.918,2989.366,2966.393,2942.001,2916.188,2888.956,2860.304,2830.236,2798.753,2765.859,2731.558,2695.855,2658.755,2620.265,2580.390,2539.141,2496.524,2452.550,2407.230,2360.575,2312.598,2263.313,2212.736,2160.885,2107.776,2053.432,1997.874,1941.127,1883.218,1824.177,1764.035,1702.830,1640.601,1577.390,1513.247,1448.224,1382.380,1315.781,1248.497,1180.612,1112.216,1043.410,974.313,905.058,835.801,766.728,698.061,630.074,563.111,497.615,434.163,373.506,316.600,264.571,218.543,179.241,146.556,119.781,97.974,80.205,65.657,53.654,43.648,35.198,27.941,21.576,15.837,10.479,5.268,0.000,0.000,0.000,0.000,0.000,0.000,0.000,0.000,0.000,0.000,0.000,0.000,0.000,0.000,0.000,0.000,0.000,0.000,0.000,0.000,0.000,0.000,0.000,0.000,0.000,0.000,0.000,0.000,0.000,0.000,0.000,0.000,0.000,0.000,0.000,0.000,0.000,0.000,0.000,0.000,0.000,0.000
0.000,0.004,0.007,0.009,0.010,0.009,0.007,0.004,0.000,0.000,0.000,0.000,0.000,0.000,0.000,0.000,0.000,0.000,0.000,0.000,0.000,0.000,0.000,0.000,0.000,0.000,0.000,0.000,0.000,0.000,0.000,0.000,46.205,92.403,138.576,184.708,230.786,276.793,322.717,368.546,414.268,459.874,505.356,550.707,595.922,640.996,685.927,730.714,775.355,819.852,864.205,908.417,952.490,996.429,1040.235,1083.914,1127.468,1170.902,1214.220,1257.424,1300.517,1343.503,1386.383,1429.159,1471.832,1514.402,1556.868,1599.229,1641.482,1683.624,1725.652,1767.560,1809.342,1850.991,1892.500,1933.859,1975.059,2016.089,2056.937,2097.590,2138.034,2178.256,2218.239,2257.966,2297.422,2336.586,2375.441,2413.966,2452.141,2489.944,2527.354,2564.347,2600.901,2636.990,2672.592,2707.679,2742.228,2776.211,2809.603,2842.376,2874.504,2905.959,2936.713,2966.738,2996.008,3024.493,3052.166,3078.998,3104.962,3130.030,3154.174,3177.367,3199.581,3220.790,3240.967,3260.086,3278.120,3295.046,3310.837,3325.470,3338.921,3351.166,3362.184,3371.953,3380.452,3387.660,3393.558,3398.127,3401.349,3403.207,3403.685,3402.767,3400.439,3396.687,3391.498,3384.861,3376.763,3367.195,3356.148,3343.613,3329.581,3314.048,3297.007,3278.451,3258.379,3236.785,3213.668,3189.025,3162.855,3135.159,3105.936,3075.188,3042.916,3009.124,2973.814,2936.991,2898.661,2858.828,2817.499,2774.682,2730.384,2684.615,2637.384,2588.703,2538.584,2487.040,2434.085,2379.735,2324.007,2266.922,2208.498,2148.759,2087.730,2025.438,1961.912,1897.186,1831.296,1764.281,1696.184,1627.052,1556.940,1485.903,1414.007,1341.321,1267.924,1193.903,1119.355,1044.390,969.133,893.727,818.343,743.185,668.505,594.627,521.985,451.179,383.063,318.858,260.226,209.122,167.018,133.474,107.092,86.340,69.898,56.730,46.049,37.263,29.921,23.674,18.241,13.396,8.931,4.618,0.000,0.000,0.000,0.000,0.000,0.000,0.000,0.000,0.000,0.000,0.000,0.000,0.000,0.000,0.000,0.000,0.000,0.000,0.000,0.000,0.000,0.000,0.000,0.000,0.000,0.000,0.000,0.000,0.000,0.000,0.000,0.000,0.000,0.000,0.000,0.000,0.000,0.000,0.000,0.000,0.000,0.000
0.000,0.006,0.011,0.015,0.016,0.014,0.011,0.006,0.000,0.000,0.000,0.000,0.000,0.000,0.000,0.000,0.000,0.000,0.000,0.000,0.000,0.000,0.000,0.000,0.000,0.000,0.000,0.000,0.000,0.000,0.000,0.000,49.463,98.917,148.342,197.722,247.038,296.275,345.417,394.451,443.366,492.149,540.794,589.291,637.635,685.823,733.852,781.720,829.427,876.975,924.365,971.600,1018.684,1065.621,1112.415,1159.070,1205.592,1251.984,1298.251,1344.398,1390.428,1436.344,1482.149,1527.844,1573.432,1618.912,1664.284,1709.546,1754.698,1799.734,1844.651,1889.444,1934.107,1978.631,2023.009,2067.232,2111.289,2155.168,2198.856,2242.340,2285.606,2328.638,2371.418,2413.929,2456.153,2498.070,2539.660,2580.901,2621.771,2662.247,2702.306,2741.923,2781.072,2819.729,2857.866,2895.457,2932.474,2968.889,3004.673,3039.798,3074.235,3107.954,3140.925,3173.119,3204.505,3235.054,3264.734,3293.517,3321.372,3348.269,3374.178,3399.070,3422.916,3445.686,3467.351,3487.885,3507.259,3525.446,3542.418,3558.151,3572.618,3585.796,3597.659,3608.184,3617.350,3625.133,3631.514,3636.472,3639.987,3642.042,3642.619,3641.701,3639.273,3635.321,3629.829,3622.786,3614.180,3604.000,3592.235,3578.877,3563.918,3547.351,3529.168,3509.366,3487.939,3464.884,3440.197,3413.877,3385.923,3356.335,3325.113,3292.258,3257.772,3221.658,3183.919,3144.561,3103.589,3061.007,3016.822,2971.044,2923.679,2874.736,2824.227,2772.163,2718.555,2663.417,2606.764,2548.611,2488.977,2427.880,2365.342,2301.384,2236.032,2169.313,2101.257,2031.897,1961.267,1889.408,1816.362,1742.176,1666.901,1590.593,1513.314,1435.132,1356.121,1276.362,1195.946,1114.972,1033.552,951.812,869.898,787.979,706.266,625.024,544.621,465.591,388.783,315.602,248.400,190.740,146.264,113.253,88.792,70.411,56.329,45.325,36.557,29.441,23.556,18.594,14.324,10.576,7.234,4.272,1.885,1.163,1.039,1.143,1.337,1.561,1.788,2.005,2.203,2.376,2.521,2.634,2.714,2.759,2.767,2.738,2.673,2.570,2.432,2.260,2.056,1.822,1.561,1.278,0.976,0.659,0.332,0.000,0.000,0.000,0.000,0.000,0.000,0.000,0.000,0.000,0.000,0.000,0.000,0.000,0.000,0.000
0.000,0.009,0.017,0.022,0.024,0.022,0.017,0.009,0.000,0.000,0.000,0.000,0.000,0.000,0.000,0.000,0.000,0.000,0.000,0.000,0.000,0.000,0.000,0.000,0.000,0.000,0.000,0.000,0.000,0.000,0.000,0.000,52.759,105.506,158.220,210.882,263.472,315.972,368.364,420.635,472.770,524.758,576.589,628.255,679.752,731.073,782.218,833.184,883.973,934.586,985.026,1035.297,1085.403,1135.349,1185.140,1234.783,1284.281,1333.642,1382.869,1431.969,1480.945,1529.802,1578.542,1627.169,1675.683,1724.086,1772.377,1820.556,1868.620,1916.565,1964.388,2012.083,2059.644,2107.062,2154.329,2201.435,2248.369,2295.119,2341.671,2388.010,2434.121,2479.987,2525.590,2570.911,2615.931,2660.628,2704.981,2748.967,2792.561,2835.741,2878.479,2920.750,2962.527,3003.782,3044.487,3084.613,3124.131,3163.010,3201.220,3238.730,3275.509,3311.525,3346.747,3381.141,3414.677,3447.321,3479.043,3509.808,3539.586,3568.343,3596.048,3622.670,3648.176,3672.536,3695.720,3717.697,3738.437,3757.911,3776.091,3792.948,3808.456,3822.588,3835.318,3846.621,3856.473,3864.851,3871.733,3877.096,3880.921,3883.187,3883.876,3882.970,3880.453,3876.309,3870.524,3863.084,3853.975,3843.187,3830.709,3816.532,3800.646,3783.045,3763.721,3742.670,3719.885,3695.363,3669.102,3641.100,3611.354,3579.866,3546.635,3511.662,3474.950,3436.502,3396.322,3354.413,3310.782,3265.435,3218.378,3169.618,3119.165,3067.029,3013.219,2957.746,2900.624,2841.866,2781.486,2719.500,2655.927,2590.785,2524.095,2455.880,2386.164,2314.975,2242.341,2168.295,2092.873,2016.111,1938.054,1858.745,1778.235,1696.579,1613.833,1530.064,1445.340,1359.737,1273.335,1186.224,1098.498,1010.262,921.629,832.725,743.694,654.706,565.988,477.871,390.946,306.425,227.076,159.205,114.068,84.500,64.428,50.193,39.693,31.689,25.420,20.391,16.271,12.824,9.887,7.349,5.159,3.352,2.103,1.730,1.848,2.197,2.643,3.119,3.588,4.030,4.431,4.782,5.074,5.303,5.464,5.555,5.572,5.514,5.383,5.177,4.900,4.553,4.142,3.671,3.146,2.575,1.966,1.327,0.669,0.000,0.000,0.000,0.000,0.000,0.000,0.000,0.000,0.000,0.000,0.000,0.000,0.000,0.000,0.000
0.000,0.013,0.025,0.033,0.036,0.034,0.026,0.014,0.000,0.000,0.000,0.000,0.000,0.000,0.000,0.000,0.000,0.000,0.000,0.000,0.000,0.000,0.000,0.000,0.000,0.000,0.000,0.000,0.000,0.000,0.000,0.000,56.095,112.176,168.220,224.204,280.105,335.904,391.582,447.121,502.507,557.728,612.773,667.633,722.303,776.779,831.058,885.140,939.027,992.720,1046.223,1099.542,1152.681,1205.647,1258.447,1311.086,1363.571,1415.910,1468.107,1520.170,1572.103,1623.912,1675.598,1727.168,1778.621,1829.960,1881.184,1932.294,1983.285,2034.156,2084.901,2135.516,2185.994,2236.325,2286.502,2336.513,2386.347,2435.990,2485.429,2534.648,2583.629,2632.356,2680.810,2728.969,2776.813,2824.320,2871.466,2918.227,2964.578,3010.492,3055.942,3100.900,3145.338,3189.226,3232.533,3275.229,3317.282,3358.661,3399.331,3439.261,3478.418,3516.767,3554.273,3590.904,3626.625,3661.400,3695.197,3727.979,3759.713,3790.364,3819.899,3848.282,3875.482,3901.463,3926.195,3949.645,3971.780,3992.570,4011.985,4029.993,4046.567,4061.678,4075.299,4087.402,4097.962,4106.955,4114.356,4120.143,4124.293,4126.786,4127.601,4126.721,4124.127,4119.803,4113.732,4105.902,4096.298,4084.908,4071.721,4056.727,4039.917,4021.282,4000.816,3978.513,3954.368,3928.376,3900.535,3870.843,3839.298,3805.900,3770.650,3733.549,3694.600,3653.804,3611.167,3566.693,3520.388,3472.257,3422.308,3370.548,3316.987,3261.634,3204.499,3145.594,3084.931,3022.525,2958.389,2892.539,2824.994,2755.772,2684.894,2612.382,2538.259,2462.554,2385.295,2306.513,2226.243,2144.522,2061.391,1976.893,1891.078,1803.996,1715.702,1626.259,1535.730,1444.182,1351.689,1258.327,1164.173,1069.309,973.813,877.761,781.222,684.246,586.859,489.049,390.776,292.129,194.309,104.957,66.321,46.263,34.234,26.248,20.566,16.325,13.045,10.437,8.314,6.548,5.053,3.776,2.703,1.875,1.446,1.807,2.427,3.154,3.921,4.684,5.417,6.098,6.711,7.246,7.692,8.041,8.287,8.425,8.452,8.366,8.167,7.857,7.436,6.912,6.288,5.574,4.778,3.911,2.986,2.016,1.016,0.000,0.000,0.000,0.000,0.000,0.000,0.000,0.000,0.000,0.000,0.000,0.000,0.000,0.000,0.000
0.000,0.020,0.037,0.049,0.054,0.050,0.039,0.021,0.000,0.000,0.000,0.000,0.000,0.000,0.000,0.000,0.000,0.000,0.000,0.000,0.000,0.000,0.000,0.000,0.000,0.000,0.000,0.000,0.000,0.000,0.000,0.000,59.477,118.937,178.354,237.702,296.956,356.094,415.093,473.937,532.607,591.091,649.378,707.458,765.325,822.976,880.410,937.625,994.624,1051.412,1107.992,1164.370,1220.554,1276.551,1332.368,1388.014,1443.496,1498.823,1554.000,1609.036,1663.936,1718.707,1773.352,1827.876,1882.281,1936.569,1990.741,2044.795,2098.731,2152.544,2206.229,2259.783,2313.197,2366.463,2419.570,2472.509,2525.266,2577.827,2630.178,2682.303,2734.182,2785.798,2837.130,2888.157,2938.856,2989.204,3039.175,3088.744,3137.884,3186.567,3234.763,3282.444,3329.578,3376.134,3422.080,3467.383,3512.009,3555.924,3599.093,3641.481,3683.052,3723.771,3763.601,3802.506,3840.449,3877.393,3913.301,3948.137,3981.864,4014.445,4045.844,4076.024,4104.950,4132.587,4158.900,4183.854,4207.416,4229.552,4250.230,4269.419,4287.086,4303.202,4317.739,4330.666,4341.957,4351.586,4359.527,4365.757,4370.250,4372.986,4373.944,4373.102,4370.443,4365.949,4359.604,4351.393,4341.301,4329.315,4315.423,4299.616,4281.882,4262.214,4240.605,4217.049,4191.539,4164.073,4134.646,4103.257,4069.904,4034.588,3997.309,3958.068,3916.868,3873.711,3828.603,3781.547,3732.550,3681.617,3628.757,3573.977,3517.285,3458.693,3398.209,3335.846,3271.616,3205.533,3137.611,3067.866,2996.316,2922.978,2847.874,2771.024,2692.454,2612.188,2530.256,2446.687,2361.514,2274.776,2186.509,2096.757,2005.566,1912.985,1819.066,1723.865,1627.443,1529.860,1431.181,1331.470,1230.789,1129.197,1026.742,923.456,819.336,714.326,608.263,500.780,391.048,277.052,153.101,0.000,0.000,0.000,0.000,0.000,0.000,0.000,0.000,0.000,0.000,0.000,0.000,0.000,0.000,0.000,0.000,1.626,2.898,4.074,5.202,6.282,7.298,8.233,9.071,9.800,10.408,10.883,11.218,11.408,11.447,11.333,11.066,10.647,10.079,9.370,8.527,7.560,6.481,5.307,4.052,2.736,1.379,0.000,0.000,0.000,0.000,0.000,0.000,0.000,0.000,0.000,0.000,0.000,0.000,0.000,0.000,0.000
0.000,0.030,0.055,0.073,0.080,0.075,0.058,0.032,0.000,0.000,0.000,0.000,0.000,0.000,0.000,0.000,0.000,0.000,0.000,0.000,0.000,0.000,0.000,0.000,0.000,0.000,0.000,0.000,0.000,0.000,0.000,0.000,62.908,125.797,188.635,251.394,314.045,376.564,438.926,501.111,563.101,624.881,686.438,747.765,808.854,869.703,930.310,990.675,1050.804,1110.700,1170.369,1229.819,1289.059,1348.097,1406.941,1465.603,1524.091,1582.414,1640.581,1698.600,1756.478,1814.221,1871.836,1929.327,1986.696,2043.948,2101.081,2158.096,2214.992,2271.764,2328.409,2384.921,2441.292,2497.513,2553.574,2609.463,2665.168,2720.674,2775.964,2831.021,2885.827,2940.362,2994.604,3048.529,3102.116,3155.337,3208.168,3260.579,3312.544,3364.032,3415.011,3465.452,3515.320,3564.583,3613.206,3661.154,3708.392,3754.883,3800.590,3845.476,3889.503,3932.633,3974.826,4016.045,4056.250,4095.402,4133.461,4170.390,4206.148,4240.697,4273.997,4306.011,4336.701,4366.029,4393.958,4420.451,4445.472,4468.987,4490.960,4511.358,4530.148,4547.297,4562.775,4576.552,4588.599,4598.887,4607.390,4614.082,4618.938,4621.935,4623.050,4622.262,4619.552,4614.901,4608.292,4599.708,4589.135,4576.559,4561.967,4545.349,4526.695,4505.994,4483.242,4458.429,4431.552,4402.606,4371.588,4338.494,4303.326,4266.081,4226.762,4185.368,4141.904,4096.372,4048.776,3999.122,3947.415,3893.662,3837.871,3780.049,3720.205,3658.349,3594.492,3528.645,3460.820,3391.031,3319.293,3245.620,3170.030,3092.542,3013.173,2931.947,2848.885,2764.014,2677.361,2588.954,2498.826,2407.012,2313.549,2218.479,2121.844,2023.691,1924.070,1823.034,1720.638,1616.936,1511.986,1405.842,1298.555,1190.166,1080.701,970.160,858.496,745.592,631.201,514.849,395.650,271.974,141.055,0.000,0.000,0.000,0.000,0.000,0.000,0.000,0.000,0.000,0.000,0.000,0.000,0.000,0.000,0.000,0.000,1.798,3.468,5.041,6.534,7.945,9.261,10.466,11.543,12.479,13.257,13.867,14.299,14.544,14.597,14.456,14.118,13.587,12.867,11.964,10.890,9.658,8.282,6.783,5.180,3.499,1.763,0.000,0.000,0.000,0.000,0.000,0.000,0.000,0.000,0.000,0.000,0.000,0.000,0.000,0.000,0.000
0.000,0.044,0.081,0.108,0.119,0.112,0.088,0.048,0.000,0.000,0.000,0.000,0.000,0.000,0.000,0.000,0.000,0.000,0.000,0.000,0.000,0.000,0.000,0.000,0.000,0.000,0.000,0.000,0.000,0.000,0.000,0.000,66.394,132.764,199.076,265.297,331.395,397.341,463.109,528.677,594.023,659.133,723.992,788.593,852.929,916.997,980.797,1044.332,1107.604,1170.622,1233.393,1295.926,1358.232,1420.320,1482.201,1543.888,1605.390,1666.719,1727.884,1788.895,1849.760,1910.487,1971.083,2031.552,2091.900,2152.128,2212.238,2272.230,2332.103,2391.853,2451.476,2510.966,2570.315,2629.514,2688.553,2747.417,2806.096,2864.572,2922.830,2980.850,3038.613,3096.097,3153.280,3210.138,3266.646,3322.777,3378.502,3433.793,3488.620,3542.950,3596.752,3649.991,3702.634,3754.644,3805.985,3856.621,3906.512,3955.622,4003.909,4051.336,4097.861,4143.443,4188.043,4231.618,4274.127,4315.529,4355.782,4394.844,4432.675,4469.232,4504.474,4538.361,4570.853,4601.910,4631.491,4659.559,4686.075,4711.002,4734.304,4755.943,4775.886,4794.099,4810.547,4825.201,4838.029,4849.001,4858.088,4865.265,4870.503,4873.780,4875.070,4874.351,4871.604,4866.809,4859.946,4850.999,4839.953,4826.793,4811.507,4794.082,4774.508,4752.776,4728.878,4702.808,4674.560,4644.129,4611.512,4576.707,4539.713,4500.530,4459.159,4415.600,4369.858,4321.935,4271.836,4219.566,4165.131,4108.538,4049.795,3988.909,3925.890,3860.747,3793.490,3724.133,3652.685,3579.162,3503.576,3425.943,3346.280,3264.603,3180.933,3095.290,3007.695,2918.173,2826.751,2733.456,2638.319,2541.373,2442.655,2342.202,2240.057,2136.263,2030.868,1923.921,1815.473,1705.575,1594.278,1481.630,1367.673,1252.440,1135.943,1018.169,899.058,778.484,656.213,531.854,404.795,274.181,139.159,0.000,0.000,0.000,0.000,0.000,0.000,0.000,0.000,0.000,0.000,0.000,0.000,0.000,0.000,0.000,0.000,2.100,4.136,6.089,7.949,9.704,11.336,12.828,14.161,15.316,16.278,17.033,17.568,17.874,17.945,17.776,17.367,16.719,15.838,14.733,13.415,11.900,10.209,8.363,6.389,4.316,2.175,0.000,0.000,0.000,0.000,0.000,0.000,0.000,0.000,0.000,0.000,0.000,0.000,0.000,0.000,0.000
0.000,0.064,0.119,0.159,0.176,0.168,0.132,0.073,0.000,0.000,0.000,0.000,0.000,0.000,0.000,0.000,0.000,0.000,0.000,0.000,0.000,0.000,0.000,0.000,0.000,0.000,0.000,0.000,0.000,0.000,0.000,0.000,69.939,139.850,209.694,279.432,349.030,418.454,487.676,556.669,625.411,693.886,762.081,829.984,897.592,964.902,1031.915,1098.634,1165.066,1231.219,1297.103,1362.729,1428.110,1493.256,1558.183,1622.902,1687.427,1751.769,1815.941,1879.953,1943.816,2007.537,2071.125,2134.585,2197.923,2261.142,2324.244,2387.229,2450.097,2512.843,2575.464,2637.953,2700.303,2762.503,2824.543,2886.410,2948.090,3009.566,3070.819,3131.833,3192.584,3253.051,3313.210,3373.035,3432.500,3491.576,3550.234,3608.444,3666.172,3723.385,3780.050,3836.130,3891.590,3946.390,4000.493,4053.859,4106.449,4158.221,4209.134,4259.146,4308.214,4356.295,4403.345,4449.321,4494.180,4537.876,4580.367,4621.607,4661.553,4700.162,4737.389,4773.190,4807.525,4840.351,4871.624,4901.305,4929.354,4955.729,4980.394,5003.309,5024.438,5043.745,5061.195,5076.754,5090.390,5102.071,5111.768,5119.451,5125.094,5128.669,5130.152,5129.520,5126.751,5121.823,5114.719,5105.420,5093.909,5080.173,5064.196,5045.968,5025.477,5002.714,4977.671,4950.340,4920.716,4888.795,4854.573,4818.048,4779.220,4738.087,4694.651,4648.915,4600.880,4550.551,4497.932,4443.028,4385.846,4326.393,4264.676,4200.704,4134.485,4066.030,3995.349,3922.453,3847.355,3770.066,3690.602,3608.976,3525.205,3439.306,3351.296,3261.195,3169.025,3074.808,2978.570,2880.337,2780.138,2678.005,2573.972,2468.076,2360.355,2250.853,2139.613,2026.683,1912.109,1795.941,1678.227,1559.010,1438.330,1316.215,1192.677,1067.705,941.251,813.215,683.432,551.655,417.561,280.836,141.414,0.000,0.000,0.000,0.000,0.000,0.000,0.000,0.000,0.000,0.000,0.000,0.000,0.000,0.000,0.000,0.000,2.467,4.888,7.230,9.471,11.587,13.555,15.353,16.958,18.350,19.510,20.421,21.070,21.444,21.536,21.341,20.858,20.088,19.038,17.716,16.138,14.322,12.292,10.072,7.697,5.200,2.621,0.000,0.000,0.000,0.000,0.000,0.000,0.000,0.000,0.000,0.000,0.000,0.000,0.000,0.000,0.000
0.000,0.092,0.173,0.232,0.260,0.250,0.199,0.111,0.000,0.000,0.000,0.000,0.000,0.000,0.000,0.000,0.000,0.000,0.000,0.000,0.000,0.000,0.000,0.000,0.000,0.000,0.000,0.000,0.000,0.000,0.000,0.000,73.550,147.067,220.506,293.824,366.979,439.936,512.661,585.125,657.306,729.185,800.747,871.983,942.889,1013.462,1083.707,1153.628,1223.233,1292.533,1361.540,1430.268,1498.731,1566.945,1634.923,1702.682,1770.236,1837.599,1904.785,1971.807,2038.676,2105.401,2171.991,2238.454,2304.796,2371.020,2437.129,2503.124,2569.004,2634.766,2700.405,2765.916,2831.289,2896.515,2961.583,3026.479,3091.188,3155.692,3219.974,3284.012,3347.785,3411.269,3474.440,3537.269,3599.729,3661.790,3723.420,3784.589,3845.260,3905.399,3964.970,4023.935,4082.255,4139.891,4196.802,4252.945,4308.280,4362.762,4416.347,4468.992,4520.651,4571.278,4620.827,4669.252,4716.507,4762.546,4807.320,4850.785,4892.893,4933.598,4972.854,5010.615,5046.836,5081.473,5114.480,5145.815,5175.435,5203.298,5229.363,5253.589,5275.939,5296.373,5314.856,5331.351,5345.824,5358.243,5368.574,5376.789,5382.858,5386.753,5388.448,5387.920,5385.144,5380.099,5372.765,5363.124,5351.158,5336.852,5320.191,5301.164,5279.757,5255.964,5229.773,5201.179,5170.176,5136.759,5100.925,5062.671,5021.998,4978.904,4933.392,4885.463,4835.121,4782.369,4727.212,4669.656,4609.707,4547.373,4482.660,4415.579,4346.137,4274.345,4200.213,4123.751,4044.973,3963.890,3880.516,3794.865,3706.952,3616.793,3524.405,3429.808,3333.021,3234.065,3132.964,3029.744,2924.432,2817.057,2707.651,2596.250,2482.891,2367.614,2250.461,2131.476,2010.706,1888.197,1763.997,1638.149,1510.692,1381.659,1251.069,1118.922,985.197,849.841,712.768,573.866,433.027,290.228,145.675,0.000,0.000,0.000,0.000,0.000,0.000,0.000,0.000,0.000,0.000,0.000,0.000,0.000,0.000,0.000,0.000,2.881,5.718,8.476,11.120,13.620,15.947,18.073,19.972,21.620,22.995,24.077,24.849,25.299,25.418,25.198,24.639,23.741,22.511,20.960,19.103,16.962,14.564,11.940,9.128,6.169,3.110,0.000,0.000,0.000,0.000,0.000,0.000,0.000,0.000,0.000,0.000,0.000,0.000,0.000,0.000,0.000
0.000,0.132,0.249,0.337,0.382,0.374,0.303,0.172,0.000,0.000,0.000,0.000,0.000,0.000,0.000,0.000,0.000,0.000,0.000,0.000,0.000,0.000,0.000,0.000,0.000,0.000,0.000,0.000,0.000,0.000,0.000,0.000,77.235,154.430,231.534,308.497,385.274,461.822,538.105,614.091,689.754,765.075,840.040,914.638,988.867,1062.726,1136.220,1209.357,1282.148,1354.606,1426.745,1498.583,1570.135,1641.421,1712.456,1783.261,1853.850,1924.240,1994.448,2064.486,2134.370,2204.108,2273.711,2343.189,2412.547,2481.790,2550.922,2619.944,2688.855,2757.652,2826.330,2894.884,2963.305,3031.583,3099.706,3167.659,3235.426,3302.990,3370.332,3437.429,3504.259,3570.797,3637.016,3702.887,3768.382,3833.469,3898.114,3962.284,4025.942,4089.052,4151.575,4213.471,4274.700,4335.218,4394.984,4453.954,4512.083,4569.324,4625.632,4680.960,4735.260,4788.483,4840.581,4891.506,4941.208,4989.638,5036.747,5082.485,5126.803,5169.653,5210.986,5250.752,5288.905,5325.398,5360.183,5393.214,5424.447,5453.838,5481.343,5506.919,5530.526,5552.123,5571.672,5589.135,5604.476,5617.660,5628.654,5637.426,5643.944,5648.182,5650.110,5649.703,5646.937,5641.790,5634.239,5624.267,5611.855,5596.986,5579.647,5559.824,5537.505,5512.681,5485.342,5455.482,5423.095,5388.176,5350.722,5310.731,5268.202,5223.136,5175.534,5125.398,5072.732,5017.540,4959.828,4899.600,4836.864,4771.627,4703.897,4633.682,4560.993,4485.837,4408.227,4328.173,4245.686,4160.778,4073.463,3983.753,3891.664,3797.210,3700.408,3601.274,3499.828,3396.091,3290.082,3181.826,3071.350,2958.679,2843.845,2726.880,2607.819,2486.701,2363.567,2238.458,2111.421,1982.502,1851.747,1719.203,1584.914,1448.918,1311.247,1171.923,1030.953,888.336,744.057,598.111,450.525,301.417,151.072,0.000,0.000,0.000,0.000,0.000,0.000,0.000,0.000,0.000,0.000,0.000,0.000,0.000,0.000,0.000,0.000,3.338,6.631,9.837,12.915,15.829,18.543,21.024,23.242,25.168,26.776,28.045,28.955,29.492,29.643,29.401,28.763,27.731,26.310,24.512,22.356,19.863,17.065,13.998,10.706,7.238,3.650,0.000,0.000,0.000,0.000,0.000,0.000,0.000,0.000,0.000,0.000,0.000,0.000,0.000,0.000,0.000
0.000,0.186,0.354,0.484,0.559,0.559,0.467,0.275,0.000,0.000,0.000,0.000,0.000,0.000,0.000,0.000,0.000,0.000,0.000,0.000,0.000,0.000,0.000,0.000,0.000,0.000,0.000,0.000,0.000,0.000,0.000,0.000,81.000,161.954,242.800,323.483,403.950,484.154,564.053,643.613,722.806,801.610,880.012,958.002,1035.578,1112.744,1189.504,1265.872,1341.859,1417.483,1492.761,1567.713,1642.360,1716.722,1790.820,1864.673,1938.301,2011.724,2084.958,2158.021,2230.926,2303.686,2376.313,2448.817,2521.204,2593.481,2665.651,2737.717,2809.677,2881.529,2953.269,3024.889,3096.383,3167.739,3238.944,3309.983,3380.840,3451.497,3521.932,3592.123,3662.047,3731.676,3800.982,3869.937,3938.509,4006.664,4074.367,4141.584,4208.275,4274.402,4339.925,4404.801,4468.987,4532.439,4595.112,4656.959,4717.934,4777.987,4837.070,4895.134,4952.127,5008.000,5062.701,5116.178,5168.379,5219.254,5268.749,5316.812,5363.393,5408.438,5451.897,5493.718,5533.852,5572.248,5608.856,5643.630,5676.521,5707.482,5736.468,5763.434,5788.336,5811.133,5831.784,5850.249,5866.490,5880.471,5892.155,5901.510,5908.504,5913.107,5915.289,5915.023,5912.285,5907.050,5899.297,5889.005,5876.156,5860.733,5842.721,5822.106,5798.877,5773.023,5744.535,5713.406,5679.630,5643.202,5604.120,5562.382,5517.987,5470.936,5421.230,5368.872,5313.866,5256.217,5195.929,5133.010,5067.466,4999.304,4928.533,4855.161,4779.198,4700.654,4619.539,4535.863,4449.638,4360.876,4269.588,4175.787,4079.488,3980.704,3879.450,3775.742,3669.598,3561.035,3450.074,3336.736,3221.045,3103.026,2982.708,2860.120,2735.297,2608.274,2479.091,2347.789,2214.413,2079.011,1941.630,1802.321,1661.134,1518.118,1373.318,1226.780,1078.543,928.648,777.144,624.096,469.616,313.889,157.209,0.000,0.000,0.000,0.000,0.000,0.000,0.000,0.000,0.000,0.000,0.000,0.000,0.000,0.000,0.000,0.000,3.841,7.633,11.327,14.877,18.240,21.375,24.243,26.808,29.038,30.903,32.378,33.441,34.075,34.266,34.005,33.287,32.114,30.490,28.429,25.948,23.073,19.838,16.284,12.461,8.429,4.251,0.000,0.000,0.000,0.000,0.000,0.000,0.000,0.000,0.000,0.000,0.000,0.000,0.000,0.000,0.000
0.000,0.259,0.496,0.688,0.810,0.836,0.733,0.462,0.000,0.000,0.000,0.000,0.000,0.000,0.000,0.000,0.000,0.000,0.000,0.000,0.000,0.000,0.000,0.000,0.000,0.000,0.000,0.000,0.000,0.000,0.000,0.000,84.856,169.656,254.331,338.816,423.049,506.979,590.558,673.748,756.518,838.848,920.722,1002.133,1083.081,1163.571,1243.614,1323.222,1402.414,1481.211,1559.632,1637.703,1715.446,1792.887,1870.047,1946.952,2023.623,2100.082,2176.347,2252.439,2328.372,2404.163,2479.822,2555.362,2630.792,2706.116,2781.341,2856.467,2931.495,3006.424,3081.247,3155.959,3230.551,3305.011,3379.328,3453.484,3527.463,3601.246,3674.810,3748.132,3821.187,3893.947,3966.383,4038.463,4110.154,4181.422,4252.231,4322.542,4392.314,4461.508,4530.080,4597.987,4665.183,4731.621,4797.254,4862.033,4925.908,4988.828,5050.742,5111.597,5171.340,5229.918,5287.277,5343.362,5398.119,5451.493,5503.429,5553.873,5602.769,5650.063,5695.701,5739.630,5781.795,5822.144,5860.626,5897.189,5931.784,5964.360,5994.871,6023.269,6049.508,6073.545,6095.335,6114.837,6132.012,6146.821,6159.226,6169.193,6176.689,6181.681,6184.139,6184.035,6181.342,6176.036,6168.094,6157.495,6144.220,6128.250,6109.572,6088.170,6064.032,6037.148,6007.509,5975.108,5939.938,5901.995,5861.277,5817.781,5771.508,5722.458,5670.635,5616.039,5558.676,5498.551,5435.669,5370.037,5301.662,5230.553,5156.717,5080.163,5000.902,4918.942,4834.294,4746.969,4656.977,4564.330,4469.038,4371.115,4270.572,4167.423,4061.681,3953.361,3842.479,3729.050,3613.092,3494.627,3373.673,3250.255,3124.399,2996.131,2865.485,2732.494,2597.195,2459.630,2319.843,2177.882,2033.799,1887.648,1739.487,1589.376,1437.376,1283.555,1127.981,970.734,811.907,651.618,490.029,327.357,163.892,0.000,0.000,0.000,0.000,0.000,0.000,0.000,0.000,0.000,0.000,0.000,0.000,0.000,0.000,0.000,0.000,4.394,8.734,12.963,17.030,20.884,24.479,27.769,30.715,33.278,35.425,37.128,38.363,39.108,39.348,39.071,38.273,36.952,35.114,32.770,29.939,26.648,22.933,18.841,14.429,9.766,4.928,0.000,0.000,0.000,0.000,0.000,0.000,0.000,0.000,0.000,0.000,0.000,0.000,0.000,0.000,0.000
0.000,0.355,0.684,0.961,1.159,1.244,1.167,0.838,0.000,0.000,0.000,0.000,0.000,0.000,0.000,0.000,0.000,0.000,0.000,0.000,0.000,0.000,0.000,0.000,0.000,0.000,0.000,0.000,0.000,0.000,0.000,0.000,88.814,177.560,266.159,354.535,442.619,530.350,617.677,704.556,790.955,876.852,962.234,1047.095,1131.437,1215.269,1298.605,1381.463,1463.866,1545.838,1627.404,1708.594,1789.433,1869.951,1950.175,2030.132,2109.846,2189.342,2268.642,2347.766,2426.734,2505.562,2584.264,2662.851,2741.334,2819.720,2898.014,2976.219,3054.335,3132.361,3210.290,3288.118,3365.835,3443.429,3520.886,3598.191,3675.326,3752.269,3828.999,3905.491,3981.717,4057.649,4133.257,4208.507,4283.364,4357.792,4431.754,4505.208,4578.112,4650.425,4722.100,4793.091,4863.351,4932.831,5001.480,5069.247,5136.080,5201.924,5266.726,5330.431,5392.983,5454.325,5514.401,5573.153,5630.524,5686.457,5740.892,5793.773,5845.042,5894.641,5942.514,5988.603,6032.853,6075.209,6115.615,6154.018,6190.366,6224.606,6256.688,6286.562,6314.181,6339.497,6362.466,6383.044,6401.188,6416.859,6430.017,6440.626,6448.651,6454.057,6456.815,6456.893,6454.265,6448.905,6440.789,6429.896,6416.205,6399.698,6380.359,6358.174,6333.130,6305.216,6274.425,6240.747,6204.177,6164.712,6122.349,6077.085,6028.922,5977.860,5923.903,5867.053,5807.315,5744.694,5679.197,5610.832,5539.604,5465.523,5388.598,5308.838,5226.252,5140.850,5052.642,4961.639,4867.850,4771.287,4671.961,4569.883,4465.064,4357.516,4247.251,4134.282,4018.623,3900.288,3779.293,3655.655,3529.393,3400.526,3269.079,3135.076,2998.547,2859.524,2718.043,2574.143,2427.870,2279.273,2128.405,1975.327,1820.104,1662.807,1503.513,1342.309,1179.291,1014.568,848.268,680.549,511.602,341.663,171.019,0.000,0.000,0.000,0.000,0.000,0.000,0.000,0.000,0.000,0.000,0.000,0.000,0.000,0.000,0.000,0.000,5.004,9.946,14.764,19.398,23.792,27.892,31.646,35.009,37.939,40.399,42.355,43.781,44.653,44.952,44.667,43.789,42.315,40.250,37.604,34.395,30.651,26.409,21.721,16.652,11.278,5.694,0.000,0.000,0.000,0.000,0.000,0.000,0.000,0.000,0.000,0.000,0.000,0.000,0.000,0.000,0.000
0.000,0.476,0.924,1.315,1.622,1.812,1.855,1.723,1.434,1.318,1.231,1.130,1.002,0.845,0.661,0.454,0.231,0.000,0.000,0.000,0.000,0.000,0.000,0.000,0.000,0.000,0.000,0.000,0.000,0.000,0.000,0.000,92.885,185.690,278.321,370.689,462.715,554.331,645.477,736.107,826.188,915.696,1004.620,1092.957,1180.712,1267.900,1354.538,1440.651,1526.267,1611.413,1696.123,1780.428,1864.361,1947.954,2031.238,2114.243,2196.999,2279.533,2361.869,2444.029,2526.036,2607.908,2689.659,2771.303,2852.852,2934.313,3015.693,3096.995,3178.218,3259.362,3340.422,3421.391,3502.260,3583.016,3663.646,3744.133,3824.457,3904.598,3984.532,4064.232,4143.672,4222.819,4301.644,4380.109,4458.180,4535.818,4612.982,4689.631,4765.721,4841.206,4916.039,4990.171,5063.553,5136.132,5207.856,5278.671,5348.521,5417.351,5485.103,5551.719,5617.141,5681.309,5744.164,5805.645,5865.692,5924.243,5981.238,6036.617,6090.319,6142.282,6192.448,6240.756,6287.148,6331.565,6373.950,6414.246,6452.398,6488.351,6522.053,6553.450,6582.493,6609.133,6633.322,6655.014,6674.166,6690.734,6704.679,6715.960,6724.543,6730.391,6733.473,6733.756,6731.213,6725.816,6717.542,6706.368,6692.271,6675.235,6655.242,6632.278,6606.331,6577.388,6545.441,6510.483,6472.508,6431.513,6387.494,6340.452,6290.385,6237.297,6181.190,6122.068,6059.936,5994.800,5926.668,5855.546,5781.442,5704.366,5624.327,5541.334,5455.396,5366.524,5274.728,5180.018,5082.404,4981.896,4878.504,4772.240,4663.112,4551.132,4436.310,4318.658,4198.185,4074.906,3948.833,3819.980,3688.364,3554.001,3416.912,3277.120,3134.651,2989.534,2841.803,2691.497,2538.661,2383.344,2225.604,2065.505,1903.120,1738.529,1571.825,1403.113,1232.509,1060.150,886.192,710.819,534.247,356.724,178.536,0.000,0.000,0.000,0.000,0.000,0.000,0.000,0.000,0.000,0.000,0.000,0.000,0.000,0.000,0.000,0.000,5.678,11.284,16.752,22.012,26.999,31.654,35.919,39.743,43.078,45.883,48.121,49.761,50.778,51.151,50.864,49.908,48.278,45.975,43.008,39.392,35.156,30.336,24.987,19.180,13.004,6.569,0.000,0.000,0.000,0.000,0.000,0.000,0.000,0.000,0.000,0.000,0.000,0.000,0.000,0.000,0.000
0.000,0.625,1.221,1.755,2.200,2.529,2.720,2.766,2.698,2.606,2.475,2.288,2.035,1.719,1.345,0.924,0.471,0.000,0.000,0.000,0.000,0.000,0.000,0.000,0.000,0.000,0.000,0.000,0.000,0.000,0.000,0.000,97.087,194.077,290.859,387.332,483.402,578.992,674.036,768.483,862.299,955.460,1047.959,1139.795,1230.980,1321.533,1411.478,1500.847,1589.672,1677.990,1765.836,1853.250,1940.269,2026.930,2113.268,2199.319,2285.113,2370.682,2456.053,2541.252,2626.301,2711.221,2796.028,2880.739,2965.366,3049.916,3134.397,3218.812,3303.163,3387.447,3471.662,3555.798,3639.847,3723.796,3807.630,3891.333,3974.883,4058.260,4141.437,4224.388,4307.084,4389.492,4471.579,4553.308,4634.643,4715.541,4795.962,4875.860,4955.190,5033.905,5111.953,5189.285,5265.848,5341.588,5416.448,5490.373,5563.304,5635.182,5705.948,5775.540,5843.897,5910.956,5976.654,6040.929,6103.716,6164.951,6224.571,6282.511,6338.708,6393.098,6445.618,6496.205,6544.798,6591.335,6635.756,6678.000,6718.011,6755.730,6791.102,6824.072,6854.587,6882.596,6908.048,6930.896,6951.094,6968.597,6983.362,6995.350,7004.521,7010.839,7014.270,7014.782,7012.344,7006.930,6998.514,6987.071,6972.581,6955.024,6934.384,6910.646,6883.796,6853.824,6820.720,6784.478,6745.091,6702.557,6656.873,6608.039,6556.056,6500.926,6442.652,6381.240,6316.695,6249.023,6178.232,6104.331,6027.328,5947.231,5864.052,5777.799,5688.483,5596.114,5500.702,5402.256,5300.787,5196.304,5088.817,4978.335,4864.868,4748.423,4629.011,4506.641,4381.320,4253.060,4121.871,3987.763,3850.750,3710.846,3568.067,3422.433,3273.967,3122.695,2968.648,2811.864,2652.385,2490.263,2325.557,2158.335,1988.675,1816.668,1642.420,1466.050,1287.694,1107.510,925.678,742.404,557.923,372.498,186.420,0.000,0.000,0.000,0.000,0.000,0.000,0.000,0.000,0.000,0.000,0.000,0.000,0.000,0.000,0.000,0.000,6.422,12.765,18.950,24.901,30.545,35.813,40.642,44.973,48.756,51.942,54.493,56.374,57.557,58.018,57.740,56.710,54.921,52.372,49.067,45.019,40.250,34.798,28.716,22.079,14.991,7.580,0.000,0.000,0.000,0.000,0.000,0.000,0.000,0.000,0.000,0.000,0.000,0.000,0.000,0.000,0.000
0.000,0.806,1.579,2.286,2.896,3.384,3.729,3.926,3.985,3.935,3.778,3.510,3.133,2.650,2.076,1.427,0.727,0.000,0.000,0.000,0.000,0.000,0.000,0.000,0.000,0.000,0.000,0.000,0.000,0.000,0.000,0.000,101.437,202.756,303.826,404.529,504.756,604.419,703.443,801.776,899.380,996.236,1092.339,1187.694,1282.320,1376.242,1469.495,1562.114,1654.141,1745.620,1836.592,1927.104,2017.198,2106.916,2196.300,2285.387,2374.214,2462.814,2551.218,2639.454,2727.547,2815.519,2903.391,2991.177,3078.891,3166.543,3254.141,3341.689,3429.187,3516.635,3604.027,3691.357,3778.616,3865.789,3952.861,4039.814,4126.628,4213.279,4299.742,4385.986,4471.984,4557.699,4643.098,4728.142,4812.791,4897.004,4980.735,5063.939,5146.568,5228.571,5309.895,5390.489,5470.295,5549.258,5627.320,5704.420,5780.498,5855.492,5929.339,6001.974,6073.334,6143.352,6211.962,6279.098,6344.693,6408.679,6470.991,6531.559,6590.317,6647.199,6702.138,6755.068,6805.924,6854.642,6901.158,6945.410,6987.336,7026.876,7063.972,7098.566,7130.602,7160.028,7186.790,7210.838,7232.123,7250.599,7266.222,7278.949,7288.740,7295.558,7299.365,7300.130,7297.820,7292.407,7283.865,7272.169,7257.297,7239.229,7217.949,7193.440,7165.690,7134.688,7100.425,7062.893,7022.088,6978.006,6930.646,6880.008,6826.093,6768.905,6708.447,6644.725,6577.746,6507.516,6434.044,6357.340,6277.411,6194.269,6107.923,6018.384,5925.662,5829.767,5730.709,5628.499,5523.146,5414.659,5303.046,5188.317,5070.480,4949.540,4825.506,4698.385,4568.184,4434.908,4298.567,4159.167,4016.717,3871.229,3722.714,3571.189,3416.671,3259.184,3098.756,2935.421,2769.221,2600.205,2428.434,2253.978,2076.922,1897.364,1715.420,1531.222,1344.924,1156.702,966.757,775.314,582.628,388.976,194.661,0.000,0.000,0.000,0.000,0.000,0.000,0.000,0.000,0.000,0.000,0.000,0.000,0.000,0.000,0.000,0.000,7.248,14.407,21.387,28.103,34.472,40.418,45.869,50.762,55.038,58.647,61.545,63.696,65.067,65.635,65.377,64.281,62.335,59.534,55.877,51.372,46.035,39.895,33.003,25.435,17.303,8.760,0.000,0.000,0.000,0.000,0.000,0.000,0.000,0.000,0.000,0.000,0.000,0.000,0.000,0.000,0.000
0.000,1.020,2.004,2.914,3.716,4.383,4.889,5.224,5.384,5.373,5.193,4.846,4.336,3.674,2.882,1.984,1.011,0.000,0.000,0.000,0.000,0.000,0.000,0.000,0.000,0.000,0.000,0.000,0.000,0.000,0.000,0.000,105.957,211.771,317.286,422.360,526.870,630.711,733.804,836.093,937.539,1038.128,1137.859,1236.747,1334.819,1432.109,1528.660,1624.518,1719.734,1814.357,1908.439,2002.032,2095.186,2187.948,2280.364,2372.477,2464.327,2555.951,2647.383,2738.654,2829.792,2920.821,3011.761,3102.630,3193.443,3284.211,3374.941,3465.638,3556.304,3646.937,3737.534,3828.086,3918.583,4009.012,4099.357,4189.598,4279.714,4369.680,4459.470,4549.054,4638.399,4727.471,4816.232,4904.642,4992.661,5080.244,5167.344,5253.912,5339.900,5425.252,5509.916,5593.835,5676.951,5759.205,5840.535,5920.878,6000.173,6078.352,6155.350,6231.099,6305.532,6378.580,6450.174,6520.243,6588.717,6655.526,6720.599,6783.865,6845.254,6904.696,6962.122,7017.461,7070.646,7121.609,7170.284,7216.603,7260.504,7301.924,7340.800,7377.072,7410.683,7441.575,7469.694,7494.987,7517.403,7536.894,7553.413,7566.915,7577.360,7584.707,7588.920,7589.962,7587.803,7582.411,7573.761,7561.825,7546.583,7528.014,7506.100,7480.826,7452.178,7420.145,7384.719,7345.892,7303.661,7258.022,7208.974,7156.518,7100.657,7041.393,6978.732,6912.680,6843.245,6770.434,6694.258,6614.724,6531.845,6445.630,6356.090,6263.237,6167.080,6067.631,5964.900,5858.896,5749.629,5637.108,5521.341,5402.336,5280.098,5154.634,5025.949,4894.047,4758.933,4620.610,4479.083,4334.356,4186.433,4035.321,3881.028,3723.565,3562.945,3399.186,3232.314,3062.357,2889.354,2713.354,2534.415,2352.611,2168.028,1980.771,1790.964,1598.751,1404.302,1207.808,1009.488,809.590,608.385,406.171,203.265,0.000,0.000,0.000,0.000,0.000,0.000,0.000,0.000,0.000,0.000,0.000,0.000,0.000,0.000,0.000,0.000,8.166,16.230,24.093,31.657,38.829,45.524,51.664,57.176,61.997,66.074,69.357,71.808,73.394,74.087,73.866,72.713,70.615,67.562,63.546,58.567,52.630,45.752,37.971,29.357,20.027,10.160,0.000,0.000,0.000,0.000,0.000,0.000,0.000,0.000,0.000,0.000,0.000,0.000,0.000,0.000,0.000
0.000,1.273,2.503,3.650,4.675,5.542,6.225,6.700,6.954,6.982,6.778,6.345,5.691,4.832,3.795,2.614,1.333,0.000,0.000,0.000,0.000,0.000,0.000,0.000,0.000,0.000,0.000,0.000,0.000,0.000,0.000,0.000,110.677,221.177,331.315,440.921,549.851,657.988,765.243,871.557,976.896,1081.250,1184.629,1287.056,1388.570,1489.217,1589.051,1688.129,1786.510,1884.256,1981.426,2078.078,2174.271,2270.057,2365.489,2460.613,2555.474,2650.113,2744.567,2838.870,2933.052,3027.138,3121.151,3215.111,3309.033,3402.928,3496.806,3590.671,3684.526,3778.369,3872.195,3965.997,4059.764,4153.482,4247.134,4340.701,4434.159,4527.483,4620.645,4713.614,4806.356,4898.834,4991.010,5082.842,5174.286,5265.297,5355.825,5445.820,5535.229,5623.996,5712.065,5799.376,5885.870,5971.484,6056.153,6139.812,6222.394,6303.832,6384.054,6462.992,6540.573,6616.726,6691.377,6764.454,6835.882,6905.587,6973.496,7039.534,7103.626,7165.701,7225.684,7283.503,7339.085,7392.361,7443.259,7491.711,7537.650,7581.009,7621.724,7659.732,7694.971,7727.383,7756.909,7783.495,7807.087,7827.636,7845.091,7859.407,7870.540,7878.449,7883.095,7884.442,7882.456,7877.107,7868.366,7856.207,7840.607,7821.546,7799.005,7772.969,7743.424,7710.360,7673.767,7633.640,7589.974,7542.768,7492.019,7437.731,7379.906,7318.549,7253.665,7185.262,7113.348,7037.933,6959.026,6876.638,6790.781,6701.465,6608.703,6512.507,6412.886,6309.854,6203.419,6093.593,5980.383,5863.800,5743.850,5620.539,5493.873,5363.856,5230.491,5093.780,4953.725,4810.326,4663.584,4513.498,4360.069,4203.298,4043.188,3879.745,3712.975,3542.892,3369.514,3192.866,3012.981,2829.906,2643.695,2454.422,2262.175,2067.061,1869.213,1668.784,1465.955,1260.934,1053.960,845.297,635.242,424.111,212.246,0.000,0.000,0.000,0.000,0.000,0.000,0.000,0.000,0.000,0.000,0.000,0.000,0.000,0.000,0.000,0.000,9.187,18.260,27.103,35.608,43.671,51.196,58.095,64.291,69.714,74.305,78.014,80.799,82.627,83.468,83.300,82.104,79.863,76.563,72.190,66.731,60.175,52.519,43.779,34.001,23.291,11.852,0.000,0.000,0.000,0.000,0.000,0.000,0.000,0.000,0.000,0.000,0.000,0.000,0.000,0.000,0.000
0.000,1.568,3.087,4.510,5.792,6.891,7.769,8.399,8.756,8.824,8.595,8.068,7.253,6.170,4.853,3.347,1.708,0.000,0.000,0.000,0.000,0.000,0.000,0.000,0.000,0.000,0.000,0.000,0.000,0.000,0.000,0.000,115.630,231.042,346.008,460.329,573.834,686.391,797.904,908.313,1017.590,1125.735,1232.770,1338.732,1443.675,1547.658,1650.748,1753.017,1854.534,1955.372,2055.599,2155.283,2254.489,2353.276,2451.702,2549.819,2647.676,2745.318,2842.786,2940.114,3037.336,3134.481,3231.571,3328.628,3425.668,3522.704,3619.745,3716.796,3813.861,3910.937,4008.019,4105.100,4202.168,4299.210,4396.206,4493.137,4589.979,4686.705,4783.285,4879.687,4975.876,5071.814,5167.459,5262.769,5357.698,5452.197,5546.215,5639.701,5732.597,5824.845,5916.388,6007.163,6097.106,6186.152,6274.233,6361.283,6447.229,6532.000,6615.525,6697.728,6778.535,6857.871,6935.658,7011.820,7086.281,7158.960,7229.783,7298.669,7365.541,7430.324,7492.939,7553.310,7611.362,7667.020,7720.211,7770.864,7818.906,7864.269,7906.885,7946.688,7983.613,8017.599,8048.585,8076.514,8101.330,8122.981,8141.414,8156.582,8168.440,8176.944,8182.054,8183.733,8181.946,8176.661,8167.848,8155.481,8139.536,8119.992,8096.831,8070.038,8039.598,8005.500,7967.737,7926.303,7881.194,7832.408,7779.946,7723.810,7664.004,7600.534,7533.405,7462.628,7388.212,7310.166,7228.503,7143.233,7054.369,6961.925,6865.911,6766.342,6663.228,6556.583,6446.415,6332.736,6215.555,6094.881,5970.719,5843.075,5711.953,5577.356,5439.285,5297.739,5152.717,5004.217,4852.233,4696.761,4537.798,4375.337,4209.377,4039.915,3866.954,3690.497,3510.558,3327.153,3140.311,2950.071,2756.484,2559.619,2359.565,2156.431,1950.352,1741.490,1530.037,1316.216,1100.284,882.528,663.266,442.843,221.626,0.000,0.000,0.000,0.000,0.000,0.000,0.000,0.000,0.000,0.000,0.000,0.000,0.000,0.000,0.000,0.000,10.326,20.521,30.457,40.008,49.059,57.502,65.241,72.190,78.275,83.432,87.608,90.763,92.860,93.872,93.776,92.553,90.185,86.652,81.933,76.002,68.829,60.381,50.632,39.580,27.290,13.960,0.000,0.000,0.000,0.000,0.000,0.000,0.000,0.000,0.000,0.000,0.000,0.000,0.000,0.000,0.000
0.000,1.912,3.769,5.514,7.095,8.461,9.567,10.374,10.849,10.967,10.713,10.083,9.085,7.744,6.101,4.213,2.151,0.000,0.000,0.000,0.000,0.000,0.000,0.000,0.000,0.000,0.000,0.000,0.000,0.000,0.000,0.000,120.862,241.450,361.487,480.730,598.982,716.092,831.960,946.529,1059.781,1171.731,1282.418,1391.897,1500.241,1607.526,1713.835,1819.254,1923.868,2027.758,2131.006,2233.686,2335.872,2437.632,2539.026,2640.115,2740.949,2841.580,2942.049,3042.396,3142.655,3242.856,3343.026,3443.186,3543.354,3643.542,3743.762,3844.018,3944.314,4044.647,4145.012,4245.402,4345.804,4446.204,4546.583,4646.919,4747.187,4847.360,4947.406,5047.292,5146.981,5246.432,5345.604,5444.451,5542.925,5640.975,5738.549,5835.591,5932.042,6027.843,6122.931,6217.242,6310.708,6403.262,6494.834,6585.351,6674.740,6762.925,6849.831,6935.381,7019.496,7102.096,7183.102,7262.432,7340.006,7415.742,7489.558,7561.373,7631.106,7698.675,7764.000,7827.000,7887.597,7945.713,8001.270,8054.193,8104.408,8151.841,8196.423,8238.083,8276.754,8312.372,8344.874,8374.198,8400.288,8423.087,8442.542,8458.604,8471.224,8480.358,8485.965,8488.004,8486.441,8481.241,8472.376,8459.817,8443.540,8423.524,8399.750,8372.203,8340.868,8305.736,8266.798,8224.050,8177.487,8127.110,8072.919,8014.919,7953.113,7887.508,7818.113,7744.938,7667.993,7587.291,7502.843,7414.662,7322.763,7227.159,7127.864,7024.891,6918.253,6807.963,6694.033,6576.472,6455.290,6330.495,6202.094,6070.090,5934.487,5795.285,5652.484,5506.080,5356.069,5202.444,5045.196,4884.316,4719.794,4551.618,4379.780,4204.269,4025.079,3842.208,3655.657,3465.437,3271.566,3074.074,2873.008,2668.430,2460.424,2249.099,2034.591,1817.068,1596.732,1373.819,1148.603,921.397,692.545,462.425,231.436,0.000,0.000,0.000,0.000,0.000,0.000,0.000,0.000,0.000,0.000,0.000,0.000,0.000,0.000,0.000,0.000,11.599,23.048,34.201,44.916,55.064,64.525,73.190,80.968,87.778,93.553,98.242,101.800,104.195,105.401,105.396,104.164,101.686,97.941,92.902,86.529,78.770,69.555,58.796,46.403,32.332,16.698,0.000,0.000,0.000,0.000,0.000,0.000,0.000,0.000,0.000,0.000,0.000,0.000,0.000,0.000,0.000
0.000,2.314,4.564,6.685,8.616,10.295,11.668,12.686,13.303,13.487,13.212,12.469,11.264,9.624,7.597,5.253,2.685,0.000,0.000,0.000,0.000,0.000,0.000,0.000,0.000,0.000,0.000,0.000,0.000,0.000,0.000,0.000,126.430,252.511,377.902,502.307,625.495,747.299,867.617,986.401,1103.652,1219.404,1333.722,1446.684,1558.384,1668.922,1778.398,1886.916,1994.574,2101.468,2207.689,2313.324,2418.453,2523.149,2627.483,2731.516,2835.307,2938.908,3042.365,3145.721,3249.011,3352.268,3455.519,3558.788,3662.091,3765.445,3868.859,3972.338,4075.886,4179.501,4283.178,4386.907,4490.677,4594.472,4698.272,4802.054,4905.794,5009.460,5113.022,5216.444,5319.686,5422.708,5525.465,5627.910,5729.992,5831.660,5932.856,6033.524,6133.602,6233.028,6331.736,6429.658,6526.726,6622.868,6718.009,6812.075,6904.989,6996.672,7087.045,7176.025,7263.533,7349.483,7433.793,7516.376,7597.150,7676.027,7752.923,7827.751,7900.427,7970.865,8038.981,8104.692,8167.913,8228.563,8286.562,8341.831,8394.290,8443.864,8490.479,8534.062,8574.542,8611.853,8645.927,8676.702,8704.117,8728.113,8748.637,8765.634,8779.057,8788.858,8794.993,8797.423,8796.110,8791.020,8782.122,8769.387,8752.791,8732.313,8707.933,8679.635,8647.406,8611.237,8571.119,8527.048,8479.022,8427.040,8371.105,8311.221,8247.395,8179.635,8107.949,8032.351,7952.850,7869.462,7782.200,7691.079,7596.112,7497.318,7394.709,7288.300,7178.107,7064.142,6946.417,6824.944,6699.732,6570.789,6438.121,6301.731,6161.622,6017.792,5870.239,5718.956,5563.936,5405.167,5242.638,5076.332,4906.233,4732.324,4554.586,4373.003,4187.557,3998.236,3805.033,3607.945,3406.980,3202.158,2993.515,2781.104,2565.002,2345.314,2122.173,1895.751,1666.255,1433.937,1199.089,962.049,723.192,482.933,241.714,0.000,0.000,0.000,0.000,0.000,0.000,0.000,0.000,0.000,0.000,0.000,0.000,0.000,0.000,0.000,0.000,13.023,25.875,38.388,50.402,61.768,72.354,82.041,90.728,98.330,104.780,110.023,114.019,116.737,118.158,118.262,117.039,114.472,110.542,105.219,98.456,90.181,80.284,68.603,54.912,38.940,20.503,0.000,0.000,0.000,0.000,0.000,0.000,0.000,0.000,0.000,0.000,0.000,0.000,0.000,0.000,0.000
0.000,2.782,5.490,8.051,10.390,12.439,14.131,15.402,16.198,16.470,16.184,15.322,13.883,11.894,9.412,6.520,3.337,0.000,0.000,0.000,0.000,0.000,0.000,0.000,0.000,0.000,0.000,0.000,0.000,0.000,0.000,0.000,132.410,264.371,395.452,525.293,653.624,780.266,905.120,1028.159,1149.410,1268.941,1386.845,1503.233,1618.226,1731.948,1844.523,1956.073,2066.712,2176.550,2285.691,2394.229,2502.255,2609.849,2717.086,2824.035,2930.758,3037.309,3143.738,3250.091,3356.406,3462.715,3569.049,3675.430,3781.879,3888.409,3995.032,4101.754,4208.577,4315.499,4422.516,4529.616,4636.788,4744.015,4851.277,4958.549,5065.805,5173.014,5280.143,5387.153,5494.006,5600.657,5707.061,5813.167,5918.924,6024.276,6129.165,6233.531,6337.310,6440.436,6542.842,6644.456,6745.206,6845.017,6943.812,7041.512,7138.037,7233.305,7327.231,7419.732,7510.721,7600.111,7687.813,7773.740,7857.803,7939.910,8019.974,8097.904,8173.611,8247.005,8317.999,8386.503,8452.431,8515.698,8576.219,8633.909,8688.689,8740.477,8789.196,8834.770,8877.126,8916.192,8951.900,8984.182,9012.977,9038.223,9059.862,9077.840,9092.106,9102.611,9109.310,9112.161,9111.126,9106.169,9097.258,9084.365,9067.464,9046.533,9021.553,8992.509,8959.386,8922.177,8880.872,8835.470,8785.968,8732.367,8674.671,8612.885,8547.017,8477.076,8403.075,8325.025,8242.941,8156.837,8066.729,7972.634,7874.569,7772.550,7666.594,7556.718,7442.935,7325.263,7203.712,7078.296,6949.024,6815.904,6678.942,6538.141,6393.503,6245.023,6092.698,5936.519,5776.474,5612.548,5444.723,5272.980,5097.293,4917.638,4733.989,4546.317,4354.597,4158.803,3958.915,3754.917,3546.805,3334.583,3118.273,2897.917,2673.578,2445.354,2213.373,1977.804,1738.860,1496.804,1251.949,1004.657,755.343,504.462,252.507,0.000,0.000,0.000,0.000,0.000,0.000,0.000,0.000,0.000,0.000,0.000,0.000,0.000,0.000,0.000,0.000,14.622,29.047,43.082,56.543,69.264,81.095,91.906,101.588,110.053,117.231,123.070,127.534,130.599,132.250,132.478,131.278,128.641,124.556,118.995,111.913,103.229,92.810,80.430,65.712,48.020,26.375,0.000,0.000,0.000,0.000,0.000,0.000,0.000,0.000,0.000,0.000,0.000,0.000,0.000,0.000,0.000
0.000,3.326,6.567,9.640,12.460,14.947,17.019,18.601,19.621,20.018,19.740,18.756,17.056,14.664,11.638,8.082,4.143,0.000,0.000,0.000,0.000,0.000,0.000,0.000,0.000,0.000,0.000,0.000,0.000,0.000,0.000,0.000,138.907,277.222,414.396,549.988,683.686,815.303,944.762,1072.069,1197.294,1320.547,1441.963,1561.693,1679.890,1796.708,1912.296,2026.795,2140.338,2253.050,2365.045,2476.429,2587.300,2697.746,2807.848,2917.679,3027.304,3136.783,3246.168,3355.505,3464.835,3574.193,3683.609,3793.108,3902.709,4012.429,4122.277,4232.260,4342.381,4452.636,4563.021,4673.526,4784.135,4894.833,5005.598,5116.404,5227.225,5338.027,5448.775,5559.430,5669.952,5780.293,5890.407,6000.241,6109.740,6218.847,6327.502,6435.641,6543.197,6650.104,6756.288,6861.676,6966.192,7069.758,7172.294,7273.717,7373.943,7472.886,7570.458,7666.571,7761.134,7854.056,7945.246,8034.610,8122.055,8207.487,8290.812,8371.936,8450.765,8527.206,8601.166,8672.553,8741.275,8807.244,8870.368,8930.563,8987.742,9041.821,9092.719,9140.357,9184.657,9225.544,9262.948,9296.799,9327.029,9353.578,9376.383,9395.389,9410.541,9421.790,9429.088,9432.393,9431.664,9426.865,9417.962,9404.928,9387.735,9366.362,9340.788,9311.000,9276.983,9238.729,9196.232,9149.488,9098.497,9043.261,8983.785,8920.076,8852.143,8779.997,8703.652,8623.122,8538.422,8449.571,8356.585,8259.483,8158.284,8053.006,7943.668,7830.288,7712.883,7591.468,7466.059,7336.668,7203.306,7065.981,6924.698,6779.462,6630.272,6477.124,6320.009,6158.919,5993.836,5824.743,5651.616,5474.429,5293.150,5107.747,4918.182,4724.418,4526.415,4324.135,4117.544,3906.609,3691.308,3471.629,3247.575,3019.170,2786.464,2549.536,2308.506,2063.537,1814.844,1562.698,1307.430,1049.434,789.163,527.126,263.875,0.000,0.000,0.000,0.000,0.000,0.000,0.000,0.000,0.000,0.000,0.000,0.000,0.000,0.000,0.000,0.000,16.422,32.616,48.357,63.436,77.664,90.871,102.917,113.685,123.082,131.041,137.514,142.472,145.898,147.788,148.146,146.975,144.282,140.065,134.312,126.989,118.030,107.311,94.609,79.496,61.059,36.980,0.000,0.000,0.000,0.000,0.000,0.000,0.000,0.000,0.000,0.000,0.000,0.000,0.000,0.000,0.000
0.000,3.955,7.815,11.485,14.870,17.875,20.406,22.369,23.677,24.248,24.011,22.913,20.929,18.071,14.398,10.031,5.152,0.000,0.000,0.000,0.000,0.000,0.000,0.000,0.000,0.000,0.000,0.000,0.000,0.000,0.000,0.000,146.064,291.330,435.084,576.784,716.079,852.793,986.892,1118.440,1247.567,1374.445,1499.264,1622.218,1743.502,1863.303,1981.797,2099.146,2215.502,2331.004,2445.780,2559.944,2673.603,2786.850,2899.773,3012.448,3124.945,3237.326,3349.646,3461.953,3574.290,3686.692,3799.190,3911.810,4024.573,4137.493,4250.583,4363.847,4477.288,4590.904,4704.687,4818.628,4932.713,5046.921,5161.232,5275.619,5390.052,5504.499,5618.922,5733.280,5847.530,5961.625,6075.514,6189.144,6302.456,6415.392,6527.888,6639.878,6751.293,6862.060,6972.107,7081.355,7189.726,7297.136,7403.504,7508.742,7612.762,7715.474,7816.788,7916.609,8014.844,8111.396,8206.171,8299.070,8389.995,8478.849,8565.533,8649.948,8731.995,8811.578,8888.599,8962.960,9034.568,9103.326,9169.143,9231.927,9291.588,9348.039,9401.193,9450.970,9497.286,9540.065,9579.231,9614.712,9646.438,9674.345,9698.369,9718.450,9734.534,9746.568,9754.502,9758.294,9757.900,9753.284,9744.412,9731.253,9713.783,9691.977,9665.816,9635.287,9600.375,9561.072,9517.373,9469.277,9416.783,9359.894,9298.619,9232.963,9162.940,9088.561,9009.843,8926.802,8839.455,8747.821,8651.922,8551.776,8447.406,8338.833,8226.076,8109.156,7988.091,7862.900,7733.598,7600.200,7462.716,7321.157,7175.529,7025.833,6872.070,6714.234,6552.316,6386.302,6216.174,6041.909,5863.478,5680.848,5493.981,5302.834,5107.361,4907.510,4703.230,4494.468,4281.170,4063.286,3840.773,3613.597,3381.738,3145.199,2904.004,2658.215,2407.933,2153.310,1894.555,1631.946,1365.831,1096.636,824.858,551.067,275.891,0.000,0.000,0.000,0.000,0.000,0.000,0.000,0.000,0.000,0.000,0.000,0.000,0.000,0.000,0.000,0.000,18.455,36.643,54.303,71.193,87.097,101.826,115.226,127.172,137.571,146.360,153.498,158.965,162.757,164.885,165.366,164.220,161.471,157.136,151.222,143.724,134.610,123.814,111.215,96.617,79.751,60.493,40.376,31.306,26.123,22.529,19.685,17.239,15.027,12.961,10.990,9.084,7.223,5.394,3.585,1.789,0.000
0.000,4.681,9.257,13.621,17.667,21.286,24.367,26.802,28.480,29.295,29.150,27.965,25.685,22.299,17.858,12.495,6.436,0.000,0.000,0.000,0.000,0.000,0.000,0.000,0.000,0.000,0.000,0.000,0.000,0.000,0.000,0.000,154.091,307.073,457.997,606.201,751.313,893.205,1031.923,1167.622,1300.523,1430.876,1558.939,1684.962,1809.185,1931.829,2053.099,2173.182,2292.246,2410.445,2527.918,2644.788,2761.169,2877.163,2992.859,3108.338,3223.673,3338.929,3454.163,3569.424,3684.756,3800.197,3915.777,4031.522,4147.454,4263.588,4379.934,4496.500,4613.285,4730.288,4847.502,4964.914,5082.511,5200.271,5318.173,5436.187,5554.284,5672.429,5790.583,5908.704,6026.746,6144.659,6262.392,6379.888,6497.088,6613.928,6730.343,6846.265,6961.620,7076.335,7190.332,7303.529,7415.846,7527.194,7637.488,7746.637,7854.548,7961.129,8066.284,8169.914,8271.922,8372.207,8470.668,8567.205,8661.713,8754.091,8844.235,8932.042,9017.409,9100.232,9180.412,9257.845,9332.432,9404.074,9472.675,9538.136,9600.367,9659.273,9714.766,9766.759,9815.168,9859.910,9900.908,9938.085,9971.369,10000.693,10025.989,10047.197,10064.259,10077.120,10085.730,10090.042,10090.015,10085.608,10076.788,10063.524,10045.789,10023.560,9996.819,9965.550,9929.741,9889.384,9844.476,9795.014,9741.001,9682.442,9619.344,9551.718,9479.577,9402.936,9321.813,9236.227,9146.197,9051.745,8952.894,8849.667,8742.087,8630.178,8513.963,8393.464,8268.703,8139.697,8006.467,7869.028,7727.392,7581.570,7431.568,7277.389,7119.033,6956.493,6789.758,6618.812,6443.635,6264.197,6080.466,5892.402,5699.959,5503.085,5301.721,5095.805,4885.268,4670.041,4450.051,4225.226,3995.498,3760.807,3521.107,3276.367,3026.585,2771.793,2512.066,2247.537,1978.403,1704.940,1427.511,1146.572,862.675,576.459,288.643,0.000,0.000,0.000,0.000,0.000,0.000,0.000,0.000,0.000,0.000,0.000,0.000,0.000,0.000,0.000,0.000,20.761,41.206,61.029,79.950,97.720,114.129,129.008,142.227,153.696,163.356,171.179,177.159,181.310,183.658,184.240,183.098,180.274,175.811,169.743,162.099,152.896,142.141,129.839,116.023,100.848,84.873,69.713,58.733,50.661,44.313,38.975,34.250,29.912,25.828,21.916,18.125,14.417,10.767,7.158,3.573,0.000
0.000,5.514,10.914,16.082,20.898,25.242,28.987,32.002,34.156,35.313,35.343,34.122,31.556,27.590,22.247,15.658,8.099,0.000,0.000,0.000,0.000,0.000,0.000,0.000,0.000,0.000,0.000,0.000,0.000,0.000,0.000,0.000,163.305,325.000,483.807,638.934,790.040,937.110,1080.334,1220.007,1356.475,1490.087,1621.181,1750.073,1877.049,2002.369,2126.266,2248.947,2370.601,2491.391,2611.469,2730.965,2850.000,2968.678,3087.095,3205.335,3323.473,3441.575,3559.701,3677.899,3796.216,3914.689,4033.349,4152.224,4271.333,4390.693,4510.313,4630.200,4750.355,4870.774,4991.449,5112.369,5233.516,5354.871,5476.408,5598.100,5719.913,5841.812,5963.756,6085.700,6207.598,6329.398,6451.046,6572.481,6693.643,6814.467,6934.883,7054.821,7174.203,7292.954,7410.991,7528.231,7644.588,7759.971,7874.290,7987.450,8099.355,8209.907,8319.007,8426.551,8532.437,8636.561,8738.816,8839.097,8937.295,9033.304,9127.015,9218.319,9307.110,9393.279,9476.720,9557.326,9634.993,9709.617,9781.095,9849.329,9914.219,9975.670,10033.587,10087.879,10138.459,10185.240,10228.142,10267.083,10301.991,10332.792,10359.418,10381.805,10399.894,10413.626,10422.952,10427.821,10428.190,10424.020,10415.275,10401.923,10383.939,10361.297,10333.981,10301.974,10265.265,10223.848,10177.719,10126.878,10071.329,10011.078,9946.134,9876.511,9802.223,9723.289,9639.727,9551.559,9458.808,9361.498,9259.656,9153.306,9042.475,8927.189,8807.474,8683.355,8554.856,8421.998,8284.802,8143.287,7997.465,7847.349,7692.947,7534.262,7371.293,7204.033,7032.471,6856.588,6676.360,6491.755,6302.735,6109.253,5911.255,5708.679,5501.456,5289.508,5072.752,4851.099,4624.453,4392.718,4155.799,3913.604,3666.051,3413.075,3154.634,2890.722,2621.378,2346.702,2066.869,1782.146,1492.903,1199.626,902.924,603.521,302.245,0.000,0.000,0.000,0.000,0.000,0.000,0.000,0.000,0.000,0.000,0.000,0.000,0.000,0.000,0.000,0.000,23.388,46.399,68.670,89.873,109.722,127.982,144.472,159.058,171.656,182.218,190.732,197.214,201.696,204.228,204.871,203.688,200.748,196.120,189.868,182.060,172.759,162.039,150.000,136.806,122.762,108.453,94.884,83.262,73.487,65.094,57.661,50.881,44.549,38.528,32.728,27.085,21.554,16.104,10.708,5.346,0.000
0.000,6.466,12.808,18.900,24.612,29.808,34.346,38.077,40.843,42.474,42.798,41.639,38.838,34.270,27.890,19.795,10.303,0.000,0.000,0.000,0.000,0.000,0.000,0.000,0.000,0.000,0.000,0.000,0.000,0.000,0.000,0.000,174.207,345.952,513.482,675.924,833.088,985.195,1132.672,1276.021,1415.745,1552.320,1686.172,1817.684,1947.193,2074.993,2201.343,2326.473,2450.583,2573.850,2696.432,2818.468,2940.081,3061.381,3182.465,3303.420,3424.324,3545.242,3666.235,3787.354,3908.644,4030.143,4151.883,4273.891,4396.186,4518.785,4641.696,4764.926,4888.475,5012.339,5136.509,5260.972,5385.711,5510.704,5635.925,5761.344,5886.928,6012.637,6138.431,6264.264,6390.085,6515.841,6641.475,6766.927,6892.131,7017.019,7141.521,7265.561,7389.060,7511.939,7634.111,7755.490,7875.986,7995.504,8113.951,8231.226,8347.231,8461.862,8575.014,8686.582,8796.458,8904.531,9010.692,9114.828,9216.829,9316.580,9413.969,9508.882,9601.206,9690.829,9777.639,9861.524,9942.375,10020.082,10094.540,10165.643,10233.289,10297.375,10357.805,10414.483,10467.317,10516.217,10561.097,10601.876,10638.473,10670.815,10698.831,10722.452,10741.618,10756.269,10766.351,10771.814,10772.613,10768.707,10760.060,10746.640,10728.419,10705.375,10677.488,10644.744,10607.132,10564.647,10517.286,10465.051,10407.946,10345.980,10279.165,10207.516,10131.050,10049.787,9963.749,9872.961,9777.448,9677.239,9572.362,9462.845,9348.718,9230.011,9106.752,8978.969,8846.689,8709.937,8568.737,8423.107,8273.065,8118.624,7959.794,7796.579,7628.978,7456.985,7280.586,7099.763,6914.488,6724.726,6530.432,6331.556,6128.033,5919.794,5706.756,5488.827,5265.907,5037.886,4804.645,4566.060,4322.003,4072.347,3816.968,3555.757,3288.623,3015.510,2736.406,2451.366,2160.525,1864.126,1562.537,1256.269,945.991,632.527,316.840,0.000,0.000,0.000,0.000,0.000,0.000,0.000,0.000,0.000,0.000,0.000,0.000,0.000,0.000,0.000,0.000,26.398,52.340,77.392,101.166,123.332,143.630,161.864,177.906,191.680,203.158,212.352,219.301,224.065,226.723,227.360,226.069,222.945,218.084,211.584,203.543,194.069,183.283,171.342,158.461,144.962,131.312,118.123,105.961,94.943,84.928,75.703,67.073,58.882,51.015,43.388,35.937,28.616,21.388,14.225,7.103,0.000
0.000,7.545,14.959,22.107,28.851,35.043,40.527,45.134,48.679,50.959,51.751,50.815,47.902,42.773,35.257,25.337,13.319,0.000,0.000,0.000,0.000,0.000,0.000,0.000,0.000,0.000,0.000,0.000,0.000,0.000,0.000,0.000,187.657,371.262,548.440,718.441,881.491,1038.256,1189.532,1336.096,1478.648,1617.797,1754.067,1887.902,2019.686,2149.743,2278.356,2405.769,2532.192,2657.813,2782.794,2907.278,3031.391,3155.246,3278.942,3402.566,3526.196,3649.899,3773.736,3897.758,4022.009,4146.529,4271.348,4396.493,4521.984,4647.835,4774.055,4900.650,5027.620,5154.959,5282.658,5410.702,5539.074,5667.750,5796.704,5925.902,6055.312,6184.892,6314.598,6444.384,6574.198,6703.983,6833.679,6963.225,7092.552,7221.590,7350.265,7478.497,7606.207,7733.308,7859.714,7985.333,8110.070,8233.829,8356.509,8478.009,8598.223,8717.044,8834.363,8950.069,9064.048,9176.187,9286.370,9394.480,9500.399,9604.009,9705.192,9803.829,9899.802,9992.993,10083.284,10170.559,10254.703,10335.602,10413.143,10487.218,10557.718,10624.538,10687.575,10746.729,10801.903,10853.004,10899.943,10942.632,10980.991,11014.941,11044.407,11069.321,11089.616,11105.233,11116.115,11122.210,11123.473,11119.860,11111.335,11097.865,11079.422,11055.984,11027.531,10994.049,10955.531,10911.969,10863.363,10809.716,10751.035,10687.330,10618.615,10544.908,10466.229,10382.600,10294.047,10200.597,10102.280,9999.125,9891.167,9778.435,9660.965,9538.788,9411.937,9280.443,9144.338,9003.648,8858.400,8708.616,8554.317,8395.519,8232.232,8064.462,7892.210,7715.470,7534.228,7348.463,7158.148,6963.242,6763.699,6559.459,6350.453,6136.599,5917.804,5693.962,5464.954,5230.647,4990.899,4745.555,4494.450,4237.416,3974.283,3704.886,3429.075,3146.729,2857.769,2562.183,2260.048,1951.559,1637.064,1317.090,992.365,663.828,332.611,0.000,0.000,0.000,0.000,0.000,0.000,0.000,0.000,0.000,0.000,0.000,0.000,0.000,0.000,0.000,0.000,29.871,59.183,87.408,114.084,138.833,161.364,181.478,199.052,214.032,226.418,236.253,243.608,248.580,251.277,251.817,250.321,246.916,241.724,234.874,226.494,216.723,205.714,193.651,180.761,167.336,153.734,140.355,127.533,115.413,103.987,93.164,82.837,72.902,63.272,53.879,44.665,35.588,26.610,17.703,8.841,0.000
0.000,8.759,17.382,25.729,33.654,41.001,47.602,53.271,57.800,60.952,62.453,61.989,59.199,53.681,45.038,32.987,17.640,0.000,0.000,0.000,0.000,0.000,0.000,0.000,0.000,0.000,0.000,0.000,0.000,0.000,0.000,0.000,205.252,403.150,590.785,768.173,936.494,1097.170,1251.515,1400.638,1545.451,1686.695,1824.976,1960.794,2094.565,2226.636,2357.304,2486.823,2615.410,2743.256,2870.525,2997.363,3123.897,3250.240,3376.490,3502.735,3629.052,3755.510,3882.167,4009.074,4136.276,4263.811,4391.709,4519.996,4648.692,4777.809,4907.357,5037.341,5167.758,5298.604,5429.866,5561.531,5693.579,5825.985,5958.720,6091.753,6225.046,6358.557,6492.241,6626.049,6759.926,6893.814,7027.651,7161.373,7294.908,7428.182,7561.120,7693.639,7825.655,7957.078,8087.819,8217.781,8346.867,8474.975,8602.001,8727.838,8852.376,8975.504,9097.108,9217.070,9335.274,9451.600,9565.926,9678.130,9788.090,9895.682,10000.780,10103.263,10203.005,10299.882,10393.773,10484.554,10572.105,10656.307,10737.042,10814.196,10887.655,10957.309,11023.050,11084.774,11142.379,11195.769,11244.848,11289.528,11329.721,11365.348,11396.330,11422.595,11444.075,11460.708,11472.434,11479.202,11480.962,11477.672,11469.292,11455.792,11437.141,11413.317,11384.303,11350.084,11310.652,11266.004,11216.138,11161.060,11100.780,11035.309,10964.664,10888.865,10807.935,10721.900,10630.789,10534.632,10433.462,10327.314,10216.224,10100.227,9979.362,9853.664,9723.169,9587.915,9447.934,9303.258,9153.918,8999.939,8841.344,8678.153,8510.378,8338.028,8161.105,7979.604,7793.512,7602.808,7407.461,7207.431,7002.665,6793.101,6578.660,6359.254,6134.775,5905.105,5670.105,5429.622,5183.484,4931.506,4673.485,4409.204,4138.441,3860.966,3576.557,3285.013,2986.166,2679.912,2366.239,2045.268,1717.294,1382.836,1042.677,697.884,349.802,0.000,0.000,0.000,0.000,0.000,0.000,0.000,0.000,0.000,0.000,0.000,0.000,0.000,0.000,0.000,0.000,33.911,67.123,98.988,128.951,156.575,181.545,203.663,222.826,239.015,252.268,262.672,270.341,275.411,278.030,278.350,276.526,272.713,267.064,259.733,250.874,240.650,229.234,216.819,203.627,189.913,175.960,162.052,148.423,135.211,122.459,110.146,98.223,86.628,75.305,64.199,53.265,42.466,31.766,21.139,10.559,0.000
0.000,10.114,20.090,29.785,39.050,47.723,55.629,62.571,68.322,72.619,75.145,75.514,73.245,67.735,58.242,43.942,24.259,0.000,0.000,0.000,0.000,0.000,0.000,0.000,0.000,0.000,0.000,0.000,0.000,0.000,0.000,0.000,230.302,445.467,643.600,827.251,999.473,1162.797,1319.148,1469.965,1616.341,1759.116,1898.951,2036.375,2171.822,2305.649,2438.156,2569.598,2700.195,2830.134,2959.581,3088.678,3217.553,3346.315,3475.062,3603.882,3732.849,3862.030,3991.483,4121.260,4251.402,4381.947,4512.925,4644.359,4776.270,4908.669,5041.565,5174.961,5308.854,5443.238,5578.101,5713.427,5849.195,5985.378,6121.949,6258.871,6396.106,6533.612,6671.340,6809.239,6947.253,7085.322,7223.381,7361.361,7499.191,7636.794,7774.088,7910.991,8047.412,8183.261,8318.442,8452.856,8586.401,8718.972,8850.458,8980.750,9109.732,9237.288,9363.299,9487.642,9610.196,9730.834,9849.430,9965.857,10079.985,10191.685,10300.828,10407.282,10510.919,10611.608,10709.220,10803.629,10894.707,10982.330,11066.374,11146.719,11223.246,11295.840,11364.388,11428.781,11488.912,11544.680,11595.987,11642.738,11684.844,11722.219,11754.785,11782.463,11805.185,11822.886,11835.503,11842.984,11845.278,11842.340,11834.131,11820.619,11801.774,11777.575,11748.002,11713.044,11672.692,11626.944,11575.803,11519.273,11457.368,11390.102,11317.493,11239.565,11156.344,11067.860,10974.144,10875.231,10771.159,10661.964,10547.688,10428.371,10304.055,10174.780,10040.587,9901.517,9757.608,9608.896,9455.414,9297.194,9134.262,8966.639,8794.344,8617.386,8435.772,8249.496,8058.547,7862.906,7662.540,7457.407,7247.453,7032.610,6812.794,6587.907,6357.833,6122.436,5881.563,5635.037,5382.661,5124.214,4859.452,4588.110,4309.903,4024.530,3731.684,3431.064,3122.389,2805.433,2480.057,2146.258,1804.236,1454.463,1097.751,735.307,368.740,0.000,0.000,0.000,0.000,0.000,0.000,0.000,0.000,0.000,0.000,0.000,0.000,0.000,0.000,0.000,0.000,38.658,76.425,112.489,146.180,176.998,204.610,228.836,249.612,266.971,281.010,291.869,299.717,304.740,307.127,307.072,304.765,300.390,294.130,286.162,276.662,265.809,253.790,240.799,227.049,212.762,198.171,183.496,168.921,154.572,140.511,126.757,113.296,100.100,87.132,74.357,61.740,49.249,36.855,24.532,12.255,0.000
0.000,11.612,23.088,34.285,45.053,55.231,64.642,73.085,80.325,86.085,90.023,91.705,90.559,85.796,76.275,60.295,35.460,0.000,0.000,0.000,0.000,0.000,0.000,0.000,0.000,0.000,0.000,0.000,0.000,0.000,0.000,0.000,270.602,504.996,711.139,898.058,1071.702,1235.800,1392.761,1544.228,1691.370,1835.057,1975.956,2114.595,2251.399,2386.718,2520.846,2654.030,2786.482,2918.385,3049.899,3181.163,3312.298,3443.414,3574.604,3705.952,3837.531,3969.407,4101.635,4234.265,4367.338,4500.889,4634.948,4769.537,4904.675,5040.372,5176.637,5313.470,5450.868,5588.824,5727.325,5866.354,6005.887,6145.898,6286.356,6427.225,6568.464,6710.029,6851.870,6993.933,7136.160,7278.489,7420.852,7563.179,7705.394,7847.418,7989.167,8130.552,8271.483,8411.864,8551.595,8690.573,8828.693,8965.843,9101.910,9236.779,9370.330,9502.440,9632.986,9761.840,9888.874,10013.956,10136.955,10257.737,10376.167,10492.109,10605.428,10715.987,10823.649,10928.280,11029.744,11127.908,11222.638,11313.804,11401.277,11484.931,11564.640,11640.286,11711.748,11778.913,11841.669,11899.911,11953.535,12002.443,12046.542,12085.742,12119.961,12149.118,12173.142,12191.964,12205.521,12213.757,12216.620,12214.066,12206.054,12192.549,12173.525,12148.957,12118.829,12083.128,12041.848,11994.989,11942.553,11884.549,11820.991,11751.896,11677.288,11597.191,11511.635,11420.654,11324.283,11222.562,11115.531,11003.233,10885.713,10763.017,10635.189,10502.278,10364.327,10221.383,10073.488,9920.684,9763.009,9600.498,9433.182,9261.088,9084.236,8902.641,8716.311,8525.246,8329.435,8128.858,7923.487,7713.276,7498.171,7278.101,7052.976,6822.692,6587.122,6346.120,6099.514,5847.107,5588.676,5323.965,5052.689,4774.530,4489.138,4196.133,3895.109,3585.646,3267.326,2939.761,2602.633,2255.759,1899.168,1533.215,1158.690,776.934,389.880,0.000,0.000,0.000,0.000,0.000,0.000,0.000,0.000,0.000,0.000,0.000,0.000,0.000,0.000,0.000,0.000,44.305,87.445,128.383,166.308,200.656,231.098,257.496,279.858,298.294,312.977,324.124,331.969,336.753,338.717,338.098,335.121,330.003,322.952,314.169,303.847,292.180,279.359,265.580,251.043,235.950,220.498,204.871,189.223,173.669,158.281,143.096,128.124,113.358,98.780,84.369,70.098,55.942,41.879,27.882,13.931,0.000
0.000,13.254,26.376,39.228,51.665,63.530,74.651,84.831,93.841,101.408,107.192,110.759,111.525,108.648,100.795,85.525,57.297,0.000,0.000,0.000,0.000,0.000,0.000,0.000,0.000,0.000,0.000,0.000,0.000,0.000,0.000,0.000,347.245,592.982,798.169,982.461,1153.854,1316.361,1472.340,1623.331,1770.413,1914.386,2055.863,2195.330,2333.179,2469.737,2605.274,2740.023,2874.183,3007.925,3141.401,3274.742,3408.064,3541.469,3675.048,3808.881,3943.038,4077.582,4212.564,4348.033,4484.029,4620.584,4757.727,4895.479,5033.856,5172.869,5312.524,5452.820,5593.755,5735.318,5877.496,6020.270,6163.616,6307.506,6451.907,6596.781,6742.087,6887.778,7033.802,7180.103,7326.622,7473.293,7620.047,7766.810,7913.503,8060.045,8206.348,8352.321,8497.868,8642.891,8787.285,8930.945,9073.758,9215.610,9356.383,9495.957,9634.205,9771.001,9906.215,10039.715,10171.365,10301.030,10428.570,10553.846,10676.717,10797.040,10914.674,11029.475,11141.302,11250.011,11355.462,11457.513,11556.027,11650.865,11741.893,11828.978,11911.990,11990.803,12065.291,12135.337,12200.823,12261.637,12317.673,12368.828,12415.003,12456.107,12492.053,12522.756,12548.143,12568.142,12582.689,12591.724,12595.196,12593.057,12585.266,12571.790,12552.599,12527.670,12496.988,12460.541,12418.324,12370.337,12316.586,12257.082,12191.841,12120.884,12044.235,11961.925,11873.987,11780.458,11681.378,11576.791,11466.742,11351.280,11230.453,11104.313,10972.910,10836.296,10694.524,10547.642,10395.699,10238.743,10076.816,9909.960,9738.212,9561.600,9380.153,9193.888,9002.818,8806.945,8606.262,8400.754,8190.390,7975.129,7754.914,7529.672,7299.313,7063.724,6822.773,6576.301,6324.123,6066.024,5801.754,5531.026,5253.515,4968.849,4676.611,4376.335,4067.509,3749.577,3421.954,3084.049,2735.305,2375.273,2003.709,1620.730,1227.001,823.941,413.873,0.000,0.000,0.000,0.000,0.000,0.000,0.000,0.000,0.000,0.000,0.000,0.000,0.000,0.000,0.000,0.000,51.128,100.682,147.315,190.043,228.256,261.669,290.235,314.077,333.416,348.533,359.735,367.334,371.640,372.947,371.537,367.673,361.603,353.560,343.765,332.427,319.751,305.931,291.163,275.635,259.535,243.036,226.300,209.462,192.628,175.873,159.245,142.767,126.446,110.279,94.253,78.350,62.553,46.841,31.193,15.586,0.000
0.000,15.035,29.946,44.603,58.870,72.599,85.631,97.780,108.837,118.552,126.619,132.658,136.176,136.515,132.772,123.744,108.220,87.702,83.124,84.279,88.008,93.248,99.655,107.180,115.956,126.282,138.687,154.100,174.261,202.751,247.954,332.403,525.571,721.756,906.389,1080.113,1245.290,1403.898,1557.402,1706.879,1853.146,1996.833,2138.444,2278.384,2416.993,2554.553,2691.305,2827.456,2963.186,3098.652,3233.991,3369.326,3504.764,3640.401,3776.321,3912.599,4049.302,4186.487,4324.206,4462.503,4601.415,4740.973,4881.205,5022.128,5163.759,5306.106,5449.174,5592.962,5737.465,5882.671,6028.566,6175.130,6322.337,6470.158,6618.559,6767.499,6916.937,7066.822,7217.103,7367.719,7518.610,7669.708,7820.941,7972.232,8123.500,8274.660,8425.621,8576.288,8726.563,8876.342,9025.518,9173.979,9321.610,9468.291,9613.900,9758.309,9901.390,10043.009,10183.030,10321.316,10457.726,10592.115,10724.341,10854.256,10981.713,11106.564,11228.658,11347.847,11463.981,11576.912,11686.490,11792.569,11895.003,11993.649,12088.364,12179.009,12265.449,12347.551,12425.183,12498.222,12566.546,12630.038,12688.584,12742.079,12790.420,12833.510,12871.258,12903.579,12930.393,12951.628,12967.215,12977.096,12981.214,12979.523,12971.981,12958.552,12939.207,12913.926,12882.690,12845.492,12802.326,12753.194,12698.106,12637.074,12570.116,12497.257,12418.526,12333.956,12243.583,12147.451,12045.604,11938.089,11824.959,11706.265,11582.063,11452.409,11317.360,11176.974,11031.309,10880.420,10724.362,10563.188,10396.948,10225.689,10049.452,9868.274,9682.187,9491.215,9295.375,9094.674,8889.110,8678.670,8463.327,8243.042,8017.760,7787.407,7551.891,7311.098,7064.889,6813.098,6555.529,6291.949,6022.090,5745.634,5462.218,5171.421,4872.760,4565.684,4249.567,3923.705,3587.324,3239.585,2879.628,2506.627,2119.920,1719.196,1304.788,878.046,441.702,0.000,0.000,0.000,0.000,0.000,0.000,0.000,0.000,0.000,0.000,0.000,0.000,0.000,0.000,0.000,0.000,59.537,116.859,170.179,218.324,260.695,297.128,327.747,352.850,372.815,388.061,399.005,406.053,409.585,409.954,407.489,402.490,395.234,385.977,374.959,362.402,348.516,333.502,317.551,300.846,283.560,265.852,247.868,229.730,211.539,193.368,175.269,157.276,139.403,121.655,104.027,86.510,69.089,51.747,34.465,17.223,0.000
0.000,16.948,33.784,50.388,66.637,82.398,97.526,111.861,125.219,137.389,148.124,157.130,164.060,168.515,170.085,168.505,164.181,159.506,160.555,166.027,174.548,185.379,198.240,213.163,230.421,250.548,274.433,303.531,340.277,388.891,456.786,556.257,701.103,862.361,1025.846,1186.690,1343.720,1497.013,1647.006,1794.200,1939.061,2082.002,2223.377,2363.494,2502.617,2640.976,2778.772,2916.181,3053.360,3190.445,3327.560,3464.814,3602.305,3740.120,3878.337,4017.024,4156.243,4296.050,4436.490,4577.604,4719.428,4861.991,5005.317,5149.423,5294.323,5440.025,5586.530,5733.839,5881.942,6030.829,6180.483,6330.883,6482.001,6633.808,6786.266,6939.335,7092.971,7247.122,7401.733,7556.744,7712.091,7867.702,8023.505,8179.420,8335.362,8491.243,8646.969,8802.442,8957.559,9112.213,9266.292,9419.680,9572.257,9723.899,9874.478,10023.862,10171.915,10318.499,10463.473,10606.691,10748.007,10887.272,11024.334,11159.040,11291.236,11420.765,11547.472,11671.200,11791.793,11909.094,12022.948,12133.200,12239.699,12342.293,12440.833,12535.174,12625.173,12710.691,12791.591,12867.743,12939.018,13005.295,13066.456,13122.389,13172.986,13218.148,13257.779,13291.790,13320.099,13342.630,13359.313,13370.085,13374.891,13373.681,13366.413,13353.051,13333.567,13307.938,13276.149,13238.192,13194.065,13143.770,13087.318,13024.727,12956.016,12881.214,12800.354,12713.471,12620.609,12521.814,12417.136,12306.627,12190.344,12068.347,11940.696,11807.453,11668.683,11524.448,11374.814,11219.843,11059.596,10894.133,10723.511,10547.783,10366.997,10181.198,9990.423,9794.702,9594.058,9388.505,9178.045,8962.671,8742.360,8517.077,8286.769,8051.366,7810.776,7564.884,7313.549,7056.602,6793.837,6525.011,6249.838,5967.981,5679.041,5382.555,5077.982,4764.688,4441.937,4108.877,3764.525,3407.767,3037.366,2652.010,2250.416,1831.557,1395.061,941.845,474.919,0.000,0.000,0.000,0.000,0.000,0.000,0.000,0.000,0.000,0.000,0.000,0.000,0.000,0.000,0.000,0.000,70.175,137.061,198.249,252.417,299.115,338.449,370.831,396.815,416.994,431.952,442.237,448.353,450.757,449.862,446.040,439.628,430.928,420.218,407.752,393.762,378.466,362.064,344.745,326.687,308.051,288.988,269.630,250.090,230.463,210.821,191.218,171.689,152.256,132.929,113.708,94.588,75.557,56.600,37.701,18.841,0.000
0.000,18.984,37.868,56.550,74.919,92.862,110.255,126.963,142.838,157.716,171.414,183.737,194.481,203.467,210.611,216.075,220.557,225.651,233.630,244.795,258.854,275.556,294.848,316.900,342.113,371.160,405.081,445.438,494.567,555.909,634.228,734.962,860.492,1001.055,1148.305,1297.492,1446.343,1593.925,1739.952,1884.437,2027.524,2169.402,2310.276,2450.342,2589.787,2728.781,2867.481,3006.028,3144.552,3283.169,3421.983,3561.092,3700.581,3840.528,3981.003,4122.068,4263.780,4406.189,4549.337,4693.263,4837.997,4983.568,5129.996,5277.297,5425.484,5574.561,5724.530,5875.389,6027.128,6179.734,6333.190,6487.472,6642.554,6798.401,6954.977,7112.240,7270.142,7428.631,7587.650,7747.136,7907.024,8067.239,8227.706,8388.343,8549.062,8709.770,8870.372,9030.765,9190.843,9350.494,9509.603,9668.048,9825.705,9982.444,10138.133,10292.634,10445.805,10597.503,10747.579,10895.883,11042.261,11186.557,11328.613,11468.268,11605.360,11739.728,11871.206,11999.632,12124.841,12246.669,12364.954,12479.533,12590.247,12696.937,12799.447,12897.626,12991.322,13080.389,13164.686,13244.074,13318.420,13387.597,13451.480,13509.952,13562.903,13610.227,13651.824,13687.602,13717.475,13741.365,13759.198,13770.911,13776.446,13775.752,13768.785,13755.510,13735.899,13709.928,13677.585,13638.862,13593.757,13542.277,13484.435,13420.250,13349.747,13272.956,13189.915,13100.665,13005.253,12903.730,12796.151,12682.576,12563.066,12437.688,12306.507,12169.595,12027.020,11878.854,11725.169,11566.033,11401.517,11231.687,11056.608,10876.339,10690.938,10500.456,10304.937,10104.419,9898.932,9688.497,9473.122,9252.807,9027.535,8797.276,8561.984,8321.590,8076.008,7825.125,7568.802,7306.868,7039.114,6765.293,6485.108,6198.205,5904.165,5602.492,5292.596,4973.777,4645.201,4305.877,3954.622,3590.032,3210.451,2813.966,2398.457,1961.778,1502.217,1019.450,516.162,0.000,0.000,0.000,0.000,0.000,0.000,0.000,0.000,0.000,0.000,0.000,0.000,0.000,0.000,0.000,0.000,84.118,162.987,233.372,294.024,344.948,386.775,420.373,446.650,466.462,480.585,489.708,494.436,495.300,492.768,487.253,479.122,468.701,456.283,442.133,426.493,409.581,391.600,372.734,353.156,333.020,312.465,291.616,270.578,249.440,228.270,207.123,186.034,165.028,144.117,123.306,102.590,81.960,61.404,40.904,20.443,0.000
0.000,21.128,42.174,63.048,83.660,103.914,123.712,142.948,161.511,179.283,196.148,211.993,226.733,240.339,252.898,264.711,276.408,288.998,303.610,320.765,340.619,363.250,388.812,417.600,450.103,487.043,529.450,578.743,636.834,706.161,789.494,889.145,1005.162,1133.417,1269.227,1409.069,1550.721,1692.920,1835.009,1976.684,2117.844,2258.497,2398.710,2538.578,2678.211,2817.721,2957.218,3096.810,3236.598,3376.674,3517.126,3658.036,3799.477,3941.517,4084.218,4227.637,4371.822,4516.818,4662.666,4809.398,4957.044,5105.627,5255.167,5405.678,5557.170,5709.646,5863.106,6017.547,6172.957,6329.323,6486.625,6644.839,6803.935,6963.881,7124.636,7286.158,7448.397,7611.298,7774.804,7938.850,8103.366,8268.277,8433.505,8598.965,8764.565,8930.212,9095.803,9261.235,9426.397,9591.172,9755.440,9919.077,10081.952,10243.931,10404.875,10564.641,10723.083,10880.049,11035.385,11188.933,11340.534,11490.024,11637.238,11782.007,11924.163,12063.535,12199.951,12333.241,12463.231,12589.750,12712.628,12831.694,12946.780,13057.722,13164.354,13266.518,13364.055,13456.812,13544.641,13627.396,13704.938,13777.133,13843.851,13904.971,13960.376,14009.955,14053.605,14091.230,14122.740,14148.054,14167.096,14179.800,14186.106,14185.962,14179.325,14166.157,14146.430,14120.123,14087.223,14047.723,14001.624,13948.936,13889.672,13823.856,13751.517,13672.688,13587.411,13495.733,13397.705,13293.383,13182.830,13066.110,12943.292,12814.448,12679.652,12538.981,12392.513,12240.326,12082.500,11919.111,11750.238,11575.955,11396.336,11211.448,11021.358,10826.123,10625.798,10420.428,10210.052,9994.698,9774.384,9549.115,9318.883,9083.667,8843.425,8598.098,8347.604,8091.838,7830.663,7563.914,7291.385,7012.829,6727.946,6436.379,6137.697,5831.385,5516.825,5193.270,4859.817,4515.364,4158.563,3787.745,3400.844,2995.298,2567.962,2115.113,1632.751,1117.682,570.317,0.000,0.000,0.000,0.000,0.000,0.000,0.000,0.000,0.000,0.000,0.000,0.000,0.000,0.000,0.000,0.000,103.330,197.427,278.270,345.407,399.934,443.393,477.304,503.019,521.691,534.294,541.651,544.460,543.316,538.734,531.159,520.981,508.544,494.151,478.076,460.562,441.831,422.082,401.497,380.240,358.459,336.287,313.837,291.210,268.487,245.733,223.001,200.325,177.730,155.230,132.828,110.522,88.304,66.160,44.074,22.027,0.000
0.000,23.368,46.670,69.835,92.791,115.465,137.781,159.663,181.036,201.827,221.975,241.436,260.207,278.349,296.027,313.562,331.470,350.435,371.165,394.158,419.737,448.154,479.695,514.744,553.823,597.642,647.127,703.464,768.099,842.664,928.729,1027.279,1137.947,1258.616,1386.550,1519.309,1655.065,1792.579,1931.073,2070.080,2209.345,2348.745,2488.238,2627.837,2767.583,2907.534,3047.758,3188.329,3329.320,3470.802,3612.844,3755.513,3898.871,4042.974,4187.877,4333.628,4480.271,4627.846,4776.387,4925.924,5076.485,5228.088,5380.753,5534.490,5689.306,5845.206,6002.186,6160.241,6319.360,6479.527,6640.720,6802.916,6966.082,7130.184,7295.182,7461.030,7627.677,7795.068,7963.142,8131.832,8301.067,8470.770,8640.858,8811.244,8981.835,9152.533,9323.232,9493.825,9664.196,9834.226,10003.790,10172.758,10340.994,10508.360,10674.710,10839.896,11003.766,11166.160,11326.919,11485.879,11642.870,11797.724,11950.267,12100.323,12247.716,12392.266,12533.795,12672.122,12807.066,12938.449,13066.089,13189.810,13309.435,13424.791,13535.705,13642.008,13743.538,13840.132,13931.634,14017.892,14098.761,14174.099,14243.772,14307.651,14365.614,14417.547,14463.341,14502.896,14536.119,14562.924,14583.235,14596.982,14604.103,14604.546,14598.265,14585.224,14565.394,14538.755,14505.293,14465.005,14417.893,14363.969,14303.251,14235.764,14161.540,14080.619,13993.047,13898.875,13798.160,13690.964,13577.356,13457.407,13331.192,13198.792,13060.287,12915.763,12765.304,12608.998,12446.932,12279.193,12105.867,11927.038,11742.788,11553.194,11358.332,11158.268,10953.066,10742.782,10527.463,10307.145,10081.858,9851.615,9616.419,9376.255,9131.093,8880.884,8625.553,8365.004,8099.112,7827.719,7550.627,7267.597,6978.339,6682.498,6379.650,6069.277,5750.756,5423.327,5086.052,4737.776,4377.046,4002.018,3610.309,3198.790,2763.291,2298.213,1796.177,1248.325,647.465,0.000,0.000,0.000,0.000,0.000,0.000,0.000,0.000,0.000,0.000,0.000,0.000,0.000,0.000,0.000,0.000,131.797,245.157,336.922,409.455,466.053,509.628,542.507,566.510,583.070,593.332,598.226,598.520,594.855,587.777,577.751,565.182,550.421,533.780,515.531,495.921,475.167,453.467,430.994,407.908,384.348,360.438,336.286,311.984,287.606,263.215,238.857,214.567,190.366,166.267,142.274,118.383,94.585,70.866,47.210,23.595,0.000
0.000,25.687,51.325,76.862,102.244,127.420,152.338,176.950,201.213,225.093,248.573,271.662,294.410,316.927,339.409,362.160,385.600,410.237,436.593,465.115,496.172,530.098,567.248,608.044,653.008,702.790,758.187,820.141,889.709,967.965,1055.806,1153.652,1261.124,1376.975,1499.513,1627.056,1758.191,1891.842,2027.244,2163.878,2301.409,2439.633,2578.434,2717.759,2857.595,2997.954,3138.869,3280.380,3422.536,3565.388,3708.988,3853.387,3998.635,4144.780,4291.866,4439.936,4589.027,4739.173,4890.406,5042.751,5196.232,5350.867,5506.669,5663.649,5821.813,5981.162,6141.693,6303.397,6466.262,6630.272,6795.405,6961.632,7128.924,7297.243,7466.548,7636.791,7807.921,7979.879,8152.604,8326.026,8500.072,8674.663,8849.714,9025.134,9200.828,9376.692,9552.621,9728.501,9904.213,10079.633,10254.632,10429.075,10602.822,10775.727,10947.640,11118.407,11287.867,11455.858,11622.210,11786.753,11949.311,12109.706,12267.758,12423.281,12576.092,12726.003,12872.826,13016.372,13156.452,13292.877,13425.458,13554.011,13678.348,13798.288,13913.650,14024.257,14129.938,14230.523,14325.847,14415.752,14500.084,14578.696,14651.447,14718.203,14778.835,14833.223,14881.256,14922.828,14957.842,14986.210,15007.852,15022.695,15030.677,15031.743,15025.847,15012.953,14993.031,14966.062,14932.033,14890.944,14842.797,14787.608,14725.398,14656.194,14580.036,14496.965,14407.032,14310.295,14206.816,14096.665,13979.914,13856.645,13726.939,13590.883,13448.568,13300.086,13145.532,12985.001,12818.590,12646.395,12468.512,12285.034,12096.054,11901.658,11701.931,11496.952,11286.795,11071.524,10851.197,10625.864,10395.561,10160.315,9920.139,9675.030,9424.969,9169.917,8909.815,8644.578,8374.093,8098.217,7816.767,7529.520,7236.201,6936.475,6629.935,6316.086,5994.325,5663.912,5323.930,4973.235,4610.375,4233.468,3840.027,3426.653,2988.533,2518.540,2005.620,1432.106,771.266,0.000,0.000,0.000,0.000,0.000,0.000,0.000,0.000,0.000,0.000,0.000,0.000,0.000,0.000,0.000,0.000,178.729,314.525,414.863,489.507,545.269,586.639,616.669,637.530,650.836,657.829,659.494,656.631,649.900,639.857,626.976,611.660,594.265,575.097,554.429,532.501,509.526,485.694,461.173,436.113,410.647,384.889,358.939,332.881,306.785,280.705,254.684,228.752,202.930,177.225,151.640,126.169,100.802,75.521,50.309,25.143,0.000
0.000,28.068,56.104,84.075,111.946,139.684,167.261,194.655,221.850,248.845,275.657,302.332,328.953,355.658,382.649,410.204,438.676,468.472,500.016,533.708,569.919,609.011,651.362,697.397,747.609,802.575,862.958,929.492,1002.942,1084.017,1173.243,1270.792,1376.349,1489.110,1607.967,1731.745,1859.372,1989.963,2122.828,2257.461,2393.501,2530.702,2668.902,2808.002,2947.950,3088.722,3230.319,3372.757,3516.062,3660.265,3805.403,3951.514,4098.637,4246.810,4396.069,4546.449,4697.983,4850.699,5004.625,5159.783,5316.193,5473.870,5632.827,5793.071,5954.606,6117.432,6281.544,6446.932,6613.584,6781.481,6950.600,7120.913,7292.387,7464.984,7638.662,7813.371,7989.058,8165.664,8343.124,8521.368,8700.320,8879.900,9060.018,9240.582,9421.492,9602.644,9783.927,9965.224,10146.412,10327.363,10507.942,10688.009,10867.420,11046.022,11223.661,11400.175,11575.397,11749.157,11921.280,12091.586,12259.894,12426.016,12589.763,12750.943,12909.362,13064.824,13217.131,13366.087,13511.491,13653.148,13790.857,13924.426,14053.657,14178.360,14298.345,14413.428,14523.426,14628.162,14727.464,14821.166,14909.106,14991.129,15067.089,15136.843,15200.258,15257.210,15307.581,15351.260,15388.148,15418.152,15441.189,15457.184,15466.074,15467.800,15462.318,15449.590,15429.587,15402.289,15367.687,15325.780,15276.575,15220.088,15156.345,15085.378,15007.228,14921.943,14829.580,14730.201,14623.876,14510.680,14390.694,14264.006,14130.705,13990.888,13844.653,13692.102,13533.338,13368.467,13197.596,13020.830,12838.276,12650.037,12456.216,12256.913,12052.221,11842.231,11627.027,11406.687,11181.280,10950.865,10715.494,10475.206,10230.024,9979.960,9725.008,9465.144,9200.323,8930.478,8655.511,8375.300,8089.681,7798.456,7501.374,7198.132,6888.358,6571.596,6247.294,5914.770,5573.181,5221.476,4858.317,4481.973,4090.147,3679.676,3246.004,2782.090,2275.886,1703.366,1005.552,0.000,0.000,0.000,0.000,0.000,0.000,0.000,0.000,0.000,0.000,0.000,0.000,0.000,0.000,0.000,0.000,268.633,419.409,518.566,588.517,638.961,675.080,700.094,716.203,725.013,727.753,725.390,718.708,708.355,694.875,678.729,660.313,639.972,618.004,594.673,570.211,544.821,518.685,491.962,464.793,437.301,409.592,381.756,353.870,325.995,298.180,270.462,242.866,215.406,188.090,160.914,133.871,106.945,80.119,53.370,26.672,0.000
0.000,30.495,60.975,91.424,121.825,152.165,182.435,212.635,242.773,272.875,302.983,333.169,363.537,394.236,425.466,457.482,490.589,525.133,561.474,599.975,640.993,684.885,732.025,782.820,837.720,897.225,961.879,1032.251,1108.896,1192.292,1282.756,1380.351,1484.831,1595.643,1712.028,1833.147,1958.190,2086.443,2217.317,2350.346,2485.178,2621.552,2759.285,2898.250,3038.367,3179.587,3321.886,3465.259,3609.713,3755.264,3901.935,4049.751,4198.742,4348.936,4500.364,4653.052,4807.029,4962.318,5118.942,5276.921,5436.271,5597.006,5759.134,5922.663,6087.595,6253.926,6421.652,6590.762,6761.241,6933.070,7106.225,7280.677,7456.391,7633.329,7811.446,7990.692,8171.014,8352.349,8534.632,8717.790,8901.745,9086.414,9271.707,9457.528,9643.773,9830.336,10017.102,10203.950,10390.753,10577.378,10763.687,10949.533,11134.767,11319.232,11502.765,11685.198,11866.359,12046.070,12224.148,12400.406,12574.653,12746.695,12916.333,13083.366,13247.592,13408.804,13566.796,13721.360,13872.289,14019.374,14162.408,14301.185,14435.502,14565.155,14689.948,14809.685,14924.176,15033.233,15136.677,15234.332,15326.030,15411.609,15490.913,15563.794,15630.114,15689.741,15742.553,15788.434,15827.281,15858.997,15883.496,15900.702,15910.546,15912.973,15907.934,15895.391,15875.316,15847.691,15812.507,15769.764,15719.473,15661.653,15596.333,15523.549,15443.347,15355.780,15260.910,15158.807,15049.546,14933.210,14809.888,14679.674,14542.668,14398.975,14248.702,14091.960,13928.863,13759.528,13584.071,13402.609,13215.259,13022.137,12823.356,12619.028,12409.258,12194.149,11973.799,11748.296,11517.722,11282.152,11041.648,10796.263,10546.037,10290.995,10031.147,9766.485,9496.984,9222.592,8943.237,8658.817,8369.197,8074.206,7773.631,7467.208,7154.613,6835.454,6509.251,6175.416,5833.231,5481.808,5120.034,4746.504,4359.402,3956.342,3534.103,3088.257,2612.729,2100.106,1547.670,997.011,758.292,631.804,552.903,497.622,455.763,422.416,394.981,372.003,352.683,336.687,324.135,315.812,313.851,323.814,361.423,476.453,575.986,651.558,707.126,747.073,774.730,792.529,802.281,805.371,802.888,795.713,784.564,770.045,752.664,732.854,710.992,687.402,662.369,636.140,608.935,580.946,552.343,523.274,493.869,464.241,434.485,404.683,374.902,345.195,315.605,286.160,256.879,227.773,198.843,170.080,141.474,113.005,84.650,56.384,28.178,0.000
0.000,32.952,65.906,98.861,131.816,164.775,197.750,230.757,263.827,297.002,330.347,363.948,397.925,432.429,467.655,503.837,541.246,580.186,620.975,663.943,709.422,757.754,809.293,864.414,923.520,987.039,1055.415,1129.091,1208.477,1293.902,1385.567,1483.488,1587.471,1697.126,1811.911,1931.214,2054.422,2180.964,2310.347,2442.161,2576.078,2711.846,2849.273,2988.220,3128.589,3270.314,3413.355,3557.689,3703.310,3850.219,3998.428,4147.953,4298.814,4451.031,4604.628,4759.628,4916.051,5073.920,5233.251,5394.062,5556.366,5720.174,5885.495,6052.332,6220.686,6390.553,6561.927,6734.796,6909.144,7084.951,7262.192,7440.836,7620.850,7802.192,7984.817,8168.675,8353.708,8539.856,8727.050,8915.215,9104.273,9294.137,9484.714,9675.907,9867.609,10059.709,10252.090,10444.627,10637.188,10829.637,11021.830,11213.615,11404.838,11595.334,11784.936,11973.469,12160.753,12346.603,12530.828,12713.233,12893.619,13071.782,13247.516,13420.608,13590.848,13758.019,13921.905,14082.287,14238.948,14391.669,14540.233,14684.423,14824.025,14958.826,15088.620,15213.199,15332.366,15445.922,15553.680,15655.454,15751.068,15840.352,15923.143,15999.287,16068.637,16131.056,16186.417,16234.599,16275.494,16309.001,16335.033,16353.508,16364.357,16367.523,16362.956,16350.617,16330.481,16302.527,16266.750,16223.152,16171.745,16112.553,16045.607,15970.949,15888.629,15798.706,15701.248,15596.331,15484.038,15364.459,15237.691,15103.837,14963.007,14815.313,14660.873,14499.810,14332.248,14158.314,13978.135,13791.841,13599.560,13401.421,13197.548,12988.066,12773.095,12552.748,12327.137,12096.365,11860.527,11619.712,11373.997,11123.450,10868.126,10608.067,10343.302,10073.840,9799.676,9520.781,9237.107,8948.579,8655.094,8356.517,8052.676,7743.357,7428.300,7107.184,6779.625,6445.157,6103.223,5753.148,5394.123,5025.173,4645.137,4252.655,3846.227,3424.467,2986.970,2536.902,2088.191,1682.226,1404.472,1216.123,1082.278,981.908,903.092,838.993,785.573,740.412,702.104,669.991,644.101,625.318,615.836,620.043,645.497,699.852,756.616,804.653,841.464,867.588,884.352,893.129,895.139,891.418,882.836,870.126,853.908,834.712,812.992,789.143,763.506,736.381,708.029,678.679,648.536,617.775,586.552,555.003,523.245,491.380,459.492,427.652,395.918,364.333,332.932,301.737,270.758,240.000,209.457,179.117,148.961,118.966,89.105,59.346,29.656,0.000
0.000,35.424,70.866,106.338,141.855,177.437,213.109,248.907,284.875,321.073,357.578,394.489,431.932,470.060,509.059,549.147,590.570,633.599,678.521,725.636,775.252,827.684,883.262,942.325,1005.228,1072.336,1144.012,1220.606,1302.426,1389.708,1482.584,1581.051,1684.962,1794.029,1907.858,2025.996,2147.970,2273.329,2401.666,2532.626,2665.918,2801.305,2938.600,3077.661,3218.383,3360.688,3504.525,3649.861,3796.678,3944.967,4094.730,4245.976,4398.716,4552.964,4708.739,4866.057,5024.936,5185.393,5347.442,5511.099,5676.373,5843.274,6011.808,6181.977,6353.781,6527.216,6702.273,6878.939,7057.198,7237.030,7418.407,7601.300,7785.672,7971.483,8158.686,8347.229,8537.055,8728.100,8920.295,9113.564,9307.825,9502.990,9698.965,9895.647,10092.930,10290.698,10488.830,10687.197,10885.665,11084.091,11282.327,11480.217,11677.598,11874.303,12070.155,12264.974,12458.573,12650.757,12841.330,13030.086,13216.819,13401.314,13583.355,13762.723,13939.193,14112.542,14282.540,14448.960,14611.571,14770.146,14924.456,15074.272,15219.369,15359.526,15494.522,15624.143,15748.178,15866.420,15978.671,16084.738,16184.435,16277.582,16364.010,16443.556,16516.069,16581.403,16639.425,16690.012,16733.047,16768.429,16796.064,16815.871,16827.776,16831.721,16827.656,16815.541,16795.350,16767.066,16730.684,16686.207,16633.652,16573.045,16504.421,16427.826,16343.317,16250.959,16150.825,16042.997,15927.568,15804.635,15674.303,15536.687,15391.902,15240.074,15081.331,14915.806,14743.635,14564.955,14379.908,14188.633,13991.275,13787.972,13578.863,13364.087,13143.777,12918.060,12687.063,12450.901,12209.688,11963.524,11712.505,11456.713,11196.222,10931.092,10661.369,10387.084,10108.254,9824.875,9536.925,9244.360,8947.111,8645.084,8338.155,8026.168,7708.928,7386.203,7057.714,6723.133,6382.081,6034.123,5678.776,5315.525,4943.867,4563.416,4174.133,3776.815,3374.131,2972.641,2586.217,2239.441,1961.432,1746.103,1578.329,1444.775,1335.831,1245.009,1168.020,1102.074,1045.435,997.169,957.057,925.620,904.227,895.121,900.772,920.952,946.087,969.094,986.612,997.589,1002.089,1000.626,993.859,982.457,967.042,948.175,926.355,902.025,875.571,847.336,817.622,786.696,754.791,722.116,688.852,655.159,621.176,587.025,552.809,518.616,484.521,450.581,416.843,383.344,350.106,317.143,284.458,252.048,219.900,187.995,156.309,124.811,93.470,62.247,31.104,0.000
0.000,37.899,75.828,113.815,151.887,190.078,228.427,266.982,305.802,344.957,384.536,424.645,465.414,506.993,549.561,593.322,638.502,685.346,734.116,785.086,838.537,894.760,954.053,1016.723,1083.078,1153.430,1228.080,1307.308,1391.350,1480.382,1574.498,1673.689,1777.843,1886.747,2000.108,2117.583,2238.809,2363.427,2491.103,2621.538,2754.475,2889.701,3027.041,3166.356,3307.539,3450.511,3595.211,3741.600,3889.652,4039.351,4190.693,4343.678,4498.312,4654.606,4812.570,4972.218,5133.565,5296.623,5461.405,5627.922,5796.184,5966.198,6137.968,6311.495,6486.778,6663.812,6842.587,7023.090,7205.304,7389.207,7574.773,7761.971,7950.763,8141.108,8332.959,8526.263,8720.962,8916.990,9114.277,9312.746,9512.314,9712.889,9914.376,10116.670,10319.660,10523.229,10727.252,10931.596,11136.122,11340.684,11545.128,11749.292,11953.010,12156.105,12358.396,12559.695,12759.806,12958.529,13155.657,13350.978,13544.272,13735.320,13923.892,14109.760,14292.689,14472.444,14648.784,14821.470,14990.263,15154.920,15315.201,15470.867,15621.682,15767.411,15907.824,16042.694,16171.799,16294.924,16411.858,16522.399,16626.352,16723.528,16813.750,16896.848,16972.660,17041.038,17101.840,17154.938,17200.211,17237.553,17266.867,17288.069,17301.083,17305.848,17302.314,17290.443,17270.206,17241.587,17204.585,17159.204,17105.465,17043.395,16973.036,16894.439,16807.664,16712.783,16609.878,16499.037,16380.359,16253.952,16119.932,15978.419,15829.542,15673.436,15510.241,15340.101,15163.164,14979.581,14789.506,14593.092,14390.496,14181.870,13967.370,13747.145,13521.345,13290.112,13053.587,12811.903,12565.186,12313.555,12057.123,11795.989,11530.243,11259.967,10985.226,10706.075,10422.552,10134.680,9842.467,9545.900,9244.950,8939.564,8629.669,8315.170,7995.945,7671.851,7342.722,7008.369,6668.593,6323.194,5971.999,5614.905,5251.966,4883.542,4510.559,4134.970,3760.490,3393.662,3044.902,2728.160,2455.958,2228.747,2040.363,1883.220,1750.625,1637.357,1539.580,1454.580,1380.534,1316.330,1261.470,1216.008,1180.460,1155.571,1141.650,1137.228,1137.824,1139.163,1138.441,1134.212,1125.931,1113.569,1097.358,1077.650,1054.838,1029.313,1001.449,971.593,940.059,907.133,873.072,838.106,802.438,766.249,729.700,692.931,656.063,619.201,582.433,545.835,509.467,473.375,437.595,402.152,367.058,332.318,297.927,263.872,230.132,196.682,163.490,130.519,97.728,65.076,32.515,0.000
0.000,40.362,80.767,121.253,161.861,202.635,243.627,284.895,326.508,368.547,411.107,454.300,498.255,543.121,589.070,636.293,684.998,735.411,787.772,842.331,899.344,959.078,1021.800,1087.784,1157.302,1230.618,1307.986,1389.632,1475.745,1566.462,1661.852,1761.909,1866.549,1975.611,2088.878,2206.086,2326.955,2451.199,2578.546,2708.745,2841.576,2976.849,3114.405,3254.115,3395.874,3539.602,3685.239,3832.740,3982.074,4133.221,4286.171,4440.921,4597.471,4755.826,4915.996,5077.990,5241.820,5407.494,5575.025,5744.421,5915.690,6088.838,6263.867,6440.779,6619.571,6800.236,6982.766,7167.145,7353.358,7541.381,7731.187,7922.745,8116.018,8310.964,8507.534,8705.675,8905.328,9106.427,9308.900,9512.668,9717.647,9923.744,10130.860,10338.889,10547.717,10757.224,10967.280,11177.751,11388.492,11599.353,11810.174,12020.789,12231.025,12440.699,12649.625,12857.604,13064.435,13269.908,13473.809,13675.914,13875.998,14073.827,14269.164,14461.767,14651.393,14837.793,15020.716,15199.911,15375.124,15546.102,15712.594,15874.346,16031.110,16182.641,16328.694,16469.031,16603.420,16731.633,16853.450,16968.656,17077.049,17178.428,17272.609,17359.412,17438.670,17510.225,17573.931,17629.652,17677.264,17716.655,17747.727,17770.389,17784.566,17790.194,17787.222,17775.611,17755.335,17726.378,17688.738,17642.425,17587.461,17523.879,17451.723,17371.050,17281.927,17184.431,17078.652,16964.685,16842.640,16712.632,16574.785,16429.233,16276.114,16115.576,15947.769,15772.850,15590.980,15402.324,15207.049,15005.323,14797.315,14583.195,14363.131,14137.289,13905.834,13668.924,13426.716,13179.358,12926.996,12669.764,12407.791,12141.198,11870.093,11594.577,11314.737,11030.651,10742.382,10449.981,10153.486,9852.917,9548.284,9239.578,8926.780,8609.854,8288.753,7963.422,7633.802,7299.838,6961.499,6618.793,6271.810,5920.778,5566.159,5208.791,4850.114,4492.493,4139.636,3797.008,3471.929,3172.664,2905.791,2672.838,2471.406,2297.353,2146.312,2014.424,1898.558,1796.321,1705.970,1626.319,1556.656,1496.645,1446.194,1405.211,1373.186,1348.646,1328.977,1311.452,1293.937,1275.045,1254.014,1230.517,1204.509,1176.102,1145.497,1112.938,1078.681,1042.978,1006.075,968.197,929.556,890.340,850.723,810.857,770.878,730.906,691.042,651.374,611.977,572.908,534.213,495.929,458.077,420.671,383.712,347.195,311.105,275.419,240.110,205.141,170.474,136.063,101.862,67.820,33.884,0.000
0.000,42.803,85.661,128.621,171.733,215.055,258.645,302.572,346.912,391.755,437.199,483.359,530.366,578.365,627.519,678.009,730.030,783.790,839.509,897.415,957.745,1020.738,1086.637,1155.685,1228.119,1304.171,1384.052,1467.951,1556.025,1648.382,1745.080,1846.116,1951.429,2060.901,2174.364,2291.620,2412.449,2536.623,2663.923,2794.141,2927.087,3062.599,3200.535,3340.775,3483.224,3627.803,3774.453,3923.128,4073.795,4226.432,4381.026,4537.568,4696.058,4856.498,5018.893,5183.251,5349.580,5517.888,5688.186,5860.480,6034.776,6211.081,6389.395,6569.718,6752.048,6936.379,7122.699,7310.995,7501.250,7693.441,7887.540,8083.515,8281.331,8480.943,8682.304,8885.360,9090.050,9296.307,9504.060,9713.228,9923.725,10135.456,10348.321,10562.211,10777.010,10992.593,11208.831,11425.582,11642.699,11860.026,12077.399,12294.648,12511.590,12728.040,12943.801,13158.669,13372.434,13584.878,13795.777,14004.899,14212.007,14416.857,14619.202,14818.788,15015.360,15208.656,15398.414,15584.370,15766.257,15943.809,16116.761,16284.847,16447.805,16605.377,16757.306,16903.341,17043.237,17176.756,17303.664,17423.738,17536.761,17642.527,17740.839,17831.510,17914.365,17989.238,18055.976,18114.438,18164.494,18206.029,18238.937,18263.128,18278.524,18285.059,18282.680,18271.348,18251.038,18221.735,18183.438,18136.162,18079.930,18014.780,17940.760,17857.933,17766.373,17666.163,17557.399,17440.188,17314.646,17180.898,17039.080,16889.336,16731.815,16566.677,16394.085,16214.211,16027.228,15833.315,15632.654,15425.427,15211.821,14992.019,14766.206,14534.564,14297.273,14054.510,13806.447,13553.250,13295.082,13032.096,12764.440,12492.252,12215.663,11934.791,11649.749,11360.637,11067.543,10770.547,10469.715,10165.105,9856.764,9544.729,9229.029,8909.690,8586.733,8260.187,7930.093,7596.515,7259.565,6919.424,6576.386,6230.917,5883.737,5535.943,5189.167,4845.768,4509.028,4183.245,3873.546,3585.150,3322.047,3085.727,2875.370,2688.752,2523.112,2375.716,2244.145,2126.403,2020.922,1926.531,1842.392,1767.917,1702.650,1646.082,1597.421,1555.377,1518.167,1483.911,1450.988,1418.194,1384.734,1350.150,1314.227,1276.916,1238.274,1198.420,1157.510,1115.715,1073.210,1030.167,986.748,943.107,899.381,855.696,812.164,768.880,725.928,683.377,641.283,599.690,558.631,518.125,478.183,438.806,399.983,361.698,323.925,286.632,249.782,213.329,177.225,141.418,105.851,70.467,35.203,0.000
0.000,45.213,90.490,135.888,181.467,227.289,273.425,319.949,366.945,414.506,462.735,511.749,561.677,612.661,664.858,718.438,773.583,830.487,889.353,950.390,1013.814,1079.844,1148.697,1220.591,1295.735,1374.330,1456.559,1542.583,1632.532,1726.498,1824.532,1926.639,2032.773,2142.848,2256.739,2374.293,2495.340,2619.698,2747.190,2877.645,3010.906,3146.831,3285.296,3426.197,3569.444,3714.967,3862.707,4012.621,4164.675,4318.847,4475.121,4633.489,4793.947,4956.494,5121.136,5287.878,5456.725,5627.687,5800.771,5975.982,6153.328,6332.812,6514.435,6698.198,6884.097,7072.125,7262.273,7454.526,7648.867,7845.273,8043.717,8244.167,8446.587,8650.933,8857.156,9065.203,9275.014,9486.520,9699.647,9914.316,10130.438,10347.919,10566.654,10786.533,11007.439,11229.243,11451.811,11675.000,11898.658,12122.624,12346.731,12570.799,12794.644,13018.071,13240.876,13462.849,13683.772,13903.416,14121.549,14337.927,14552.305,14764.427,14974.035,15180.862,15384.641,15585.097,15781.956,15974.938,16163.764,16348.155,16527.829,16702.509,16871.919,17035.785,17193.838,17345.813,17491.453,17630.505,17762.724,17887.876,18005.732,18116.077,18218.702,18313.412,18400.022,18478.360,18548.266,18609.591,18662.201,18705.976,18740.805,18766.597,18783.268,18790.754,18788.998,18777.964,18757.624,18727.966,18688.992,18640.718,18583.171,18516.392,18440.437,18355.373,18261.279,18158.247,18046.382,17925.797,17796.620,17658.985,17513.039,17358.937,17196.842,17026.925,16849.364,16664.344,16472.054,16272.686,16066.438,15853.510,15634.103,15408.416,15176.652,14939.010,14695.687,14446.878,14192.771,13933.553,13669.402,13400.493,13126.990,12849.053,12566.832,12280.470,11990.098,11695.842,11397.817,11096.128,10790.875,10482.147,10170.030,9854.603,9535.945,9214.135,8889.262,8561.426,8230.756,7897.418,7561.639,7223.731,6884.136,6543.469,6202.594,5862.705,5525.432,5192.936,4867.977,4553.879,4254.304,3972.758,3711.909,3473.017,3255.937,3059.496,2881.972,2721.472,2576.180,2444.487,2325.038,2216.733,2118.696,2030.210,1950.628,1879.261,1815.250,1757.479,1704.606,1655.236,1608.107,1562.201,1516.768,1471.306,1425.514,1379.239,1332.434,1285.126,1237.388,1189.319,1141.036,1092.658,1044.305,996.094,948.129,900.509,853.320,806.636,760.520,715.023,670.183,626.029,582.578,539.835,497.797,456.451,415.776,375.742,336.313,297.447,259.093,221.198,183.705,146.551,109.672,73.000,36.466,0.000
0.000,47.583,95.239,143.031,191.028,239.299,287.921,336.976,386.550,436.742,487.657,539.413,592.136,645.966,701.052,757.556,815.650,875.514,937.335,1001.308,1067.628,1136.496,1208.108,1282.659,1360.336,1441.314,1525.755,1613.797,1705.553,1801.105,1900.500,2003.748,2110.819,2221.652,2336.154,2454.208,2575.682,2700.434,2828.321,2959.204,3092.951,3229.445,3368.578,3510.259,3654.409,3800.963,3949.869,4101.086,4254.582,4410.334,4568.329,4728.555,4891.009,5055.690,5222.602,5391.748,5563.135,5736.770,5912.659,6090.810,6271.226,6453.913,6638.871,6826.100,7015.598,7207.358,7401.369,7597.618,7796.089,7996.758,8199.600,8404.581,8611.667,8820.813,9031.971,9245.088,9460.101,9676.945,9895.543,10115.816,10337.673,10561.018,10785.747,11011.747,11238.897,11467.068,11696.120,11925.909,12156.277,12387.061,12618.085,12849.167,13080.115,13310.728,13540.795,13770.098,13998.408,14225.491,14451.102,14674.989,14896.893,15116.549,15333.686,15548.025,15759.284,15967.176,16171.413,16371.701,16567.745,16759.252,16945.927,17127.476,17303.608,17474.034,17638.472,17796.643,17948.273,18093.099,18230.862,18361.314,18484.216,18599.340,18706.469,18805.396,18895.929,18977.886,19051.100,19115.416,19170.695,19216.810,19253.649,19281.113,19299.120,19307.601,19306.501,19295.781,19275.415,19245.392,19205.717,19156.406,19097.492,19029.021,18951.053,18863.661,18766.931,18660.963,18545.869,18421.774,18288.813,18147.132,17996.890,17838.253,17671.399,17496.512,17313.784,17123.414,16925.607,16720.571,16508.522,16289.674,16064.246,15832.457,15594.524,15350.665,15101.097,14846.030,14585.674,14320.233,14049.905,13774.882,13495.352,13211.491,12923.473,12631.460,12335.609,12036.067,11732.976,11426.469,11116.674,10803.715,10487.711,10168.783,9847.055,9522.655,9195.729,8866.443,8534.997,8201.638,7866.680,7530.531,7193.724,6856.960,6521.157,6187.509,5857.541,5533.151,5216.615,4910.508,4617.518,4340.127,4080.241,3838.901,3616.246,3411.685,3224.150,3052.346,2894.929,2750.625,2618.294,2496.943,2385.716,2283.853,2190.639,2105.326,2027.074,1954.913,1887.766,1824.540,1764.219,1705.944,1649.035,1592.994,1537.480,1482.281,1427.282,1372.442,1317.769,1263.306,1209.117,1155.279,1101.872,1048.976,996.670,945.022,894.095,843.941,794.605,746.116,698.497,651.759,605.903,560.920,516.793,473.494,430.990,389.238,348.190,307.791,267.982,228.699,189.872,151.431,113.300,75.403,37.663,0.000
0.000,49.907,99.892,150.029,200.389,251.051,302.096,353.608,405.681,458.416,511.918,566.305,621.702,678.245,736.077,795.354,856.235,918.890,983.493,1050.223,1119.262,1190.790,1264.989,1342.032,1422.088,1505.314,1591.851,1681.823,1775.331,1872.449,1973.223,2077.667,2185.768,2297.481,2412.740,2531.457,2653.530,2778.849,2907.302,3038.774,3173.160,3310.361,3450.285,3592.856,3738.004,3885.674,4035.818,4188.400,4343.391,4500.770,4660.523,4822.642,4987.122,5153.964,5323.169,5494.742,5668.688,5845.016,6023.732,6204.841,6388.351,6574.263,6762.581,6953.304,7146.430,7341.953,7539.864,7740.150,7942.793,8147.773,8355.063,8564.632,8776.444,8990.457,9206.622,9424.885,9645.186,9867.458,10091.624,10317.603,10545.306,10774.634,11005.481,11237.734,11471.270,11705.955,11941.649,12178.203,12415.455,12653.238,12891.370,13129.665,13367.924,13605.940,13843.493,14080.357,14316.296,14551.065,14784.409,15016.065,15245.764,15473.228,15698.173,15920.306,16139.333,16354.952,16566.858,16774.744,16978.301,17177.218,17371.184,17559.890,17743.029,17920.297,18091.395,18256.030,18413.913,18564.765,18708.315,18844.302,18972.473,19092.589,19204.421,19307.753,19402.383,19488.120,19564.791,19632.232,19690.299,19738.859,19777.797,19807.011,19826.415,19835.937,19835.524,19825.135,19804.745,19774.345,19733.940,19683.552,19623.217,19552.984,19472.919,19383.102,19283.626,19174.599,19056.141,18928.388,18791.484,18645.588,18490.870,18327.510,18155.698,17975.635,17787.526,17591.587,17388.038,17177.107,16959.023,16734.022,16502.337,16264.209,16019.871,15769.562,15513.516,15251.965,14985.135,14713.252,14436.532,14155.189,13869.428,13579.449,13285.445,12987.602,12686.097,12381.102,12072.785,11761.304,11446.816,11129.475,10809.436,10486.855,10161.894,9834.728,9505.552,9174.583,8842.080,8508.350,8173.772,7838.814,7504.060,7170.246,6838.287,6509.319,6184.722,5866.130,5555.408,5254.574,4965.655,4690.486,4430.495,4186.541,3958.881,3747.245,3550.979,3369.196,3200.909,3045.122,2900.888,2767.335,2643.664,2529.134,2423.023,2324.596,2233.066,2147.583,2067.252,1991.176,1918.519,1848.546,1780.654,1714.368,1649.339,1585.324,1522.167,1459.779,1398.123,1337.195,1277.019,1217.632,1159.083,1101.420,1044.694,988.949,934.225,880.553,827.957,776.448,726.032,676.702,628.444,581.233,535.036,489.813,445.515,402.087,359.468,317.591,276.386,235.775,195.681,156.020,116.709,77.660,38.787,0.000
0.000,52.177,104.439,156.864,209.529,262.518,315.916,369.813,424.303,479.489,535.480,592.391,650.346,709.476,769.921,831.826,895.346,960.637,1027.863,1097.191,1168.788,1242.819,1319.451,1398.842,1481.144,1566.499,1655.034,1746.861,1842.073,1940.737,2042.902,2148.586,2257.786,2370.476,2486.609,2606.120,2728.934,2854.966,2984.126,3116.327,3251.481,3389.508,3530.335,3673.894,3820.129,3968.992,4120.442,4274.448,4430.985,4590.035,4751.586,4915.630,5082.166,5251.193,5422.715,5596.736,5773.264,5952.305,6133.866,6317.956,6504.578,6693.739,6885.441,7079.685,7276.468,7475.787,7677.632,7881.992,8088.850,8298.187,8509.976,8724.188,8940.788,9159.733,9380.976,9604.463,9830.135,10057.924,10287.755,10519.545,10753.204,10988.633,11225.726,11464.367,11704.430,11945.782,12188.278,12431.765,12676.080,12921.048,13166.485,13412.198,13657.983,13903.623,14148.895,14393.561,14637.378,14880.091,15121.433,15361.132,15598.906,15834.463,16067.507,16297.732,16524.827,16748.476,16968.360,17184.153,17395.531,17602.166,17803.730,17999.898,18190.345,18374.751,18552.799,18724.180,18888.592,19045.737,19195.331,19337.098,19470.774,19596.104,19712.850,19820.784,19919.694,20009.381,20089.662,20160.368,20221.347,20272.463,20313.594,20344.635,20365.498,20376.111,20376.416,20366.374,20345.961,20315.169,20274.006,20222.495,20160.677,20088.608,20006.357,19914.011,19811.671,19699.454,19577.488,19445.918,19304.902,19154.609,18995.223,18826.937,18649.956,18464.495,18270.777,18069.033,17859.503,17642.430,17418.063,17186.655,16948.461,16703.739,16452.743,16195.732,15932.958,15664.674,15391.128,15112.564,14829.218,14541.326,14249.114,13952.801,13652.603,13348.726,13041.371,12730.733,12417.002,12100.363,11781.001,11459.098,11134.838,10808.409,10480.011,10149.856,9818.178,9485.238,9151.337,8816.827,8482.128,8147.741,7814.273,7482.457,7153.174,6827.473,6506.579,6191.887,5884.930,5587.310,5300.598,5026.196,4765.213,4518.365,4285.947,4067.869,3863.737,3672.946,3494.768,3328.429,3173.151,3028.180,2892.796,2766.306,2648.025,2537.260,2433.293,2335.377,2242.746,2154.650,2070.383,1989.312,1910.902,1834.713,1760.404,1687.723,1616.489,1546.585,1477.940,1410.517,1344.307,1279.319,1215.569,1153.083,1091.885,1031.997,973.438,916.218,860.340,805.801,752.587,700.674,650.030,600.617,552.385,505.279,459.235,414.186,370.057,326.767,284.234,242.370,201.083,160.282,119.870,79.751,39.827,0.000
0.000,54.389,108.869,163.521,218.429,273.678,329.357,385.561,442.385,499.934,558.317,617.647,678.048,739.646,802.576,866.978,932.996,1000.782,1070.486,1142.266,1216.275,1292.668,1371.596,1453.206,1537.637,1625.017,1715.464,1809.080,1905.951,2006.144,2109.705,2216.661,2327.017,2440.760,2557.859,2678.271,2801.940,2928.802,3058.791,3191.836,3327.871,3466.830,3608.655,3753.292,3900.692,4050.819,4203.637,4359.122,4517.252,4678.014,4841.400,5007.402,5176.021,5347.259,5521.120,5697.611,5876.739,6058.512,6242.939,6430.028,6619.785,6812.215,7007.325,7205.114,7405.583,7608.727,7814.541,8023.012,8234.126,8447.865,8664.203,8883.113,9104.559,9328.501,9554.893,9783.682,10014.807,10248.203,10483.795,10721.500,10961.227,11202.878,11446.344,11691.509,11938.246,12186.417,12435.878,12686.471,12938.029,13190.374,13443.318,13696.660,13950.191,14203.687,14456.917,14709.635,14961.589,15212.512,15462.130,15710.156,15956.296,16200.246,16441.694,16680.321,16915.800,17147.800,17375.983,17600.009,17819.533,18034.211,18243.697,18447.647,18645.719,18837.575,19022.880,19201.307,19372.537,19536.257,19692.166,19839.973,19979.400,20110.180,20232.060,20344.803,20448.185,20541.998,20626.051,20700.168,20764.189,20817.973,20861.395,20894.344,20916.732,20928.482,20929.538,20919.860,20899.423,20868.223,20826.268,20773.587,20710.222,20636.236,20551.703,20456.717,20351.388,20235.839,20110.210,19974.656,19829.346,19674.463,19510.202,19336.773,19154.396,18963.301,18763.729,18555.929,18340.158,18116.680,17885.762,17647.678,17402.702,17151.112,16893.186,16629.200,16359.429,16084.147,15803.621,15518.116,15227.893,14933.204,14634.298,14331.416,14024.793,13714.658,13401.233,13084.736,12765.381,12443.376,12118.930,11792.252,11463.553,11133.051,10800.975,10467.567,10133.095,9797.851,9462.168,9126.429,8791.073,8456.619,8123.671,7792.940,7465.253,7141.561,6822.943,6510.587,6205.761,5909.757,5623.818,5349.048,5086.331,4836.269,4599.160,4375.015,4163.602,3964.508,3777.198,3601.069,3435.483,3279.801,3133.385,2995.606,2865.836,2743.441,2627.774,2518.178,2413.991,2314.573,2219.317,2127.678,2039.178,1953.418,1870.076,1788.899,1709.700,1632.342,1556.736,1482.819,1410.560,1339.943,1270.962,1203.620,1137.920,1073.864,1011.449,950.669,891.509,833.946,777.948,723.476,670.481,618.907,568.688,519.755,472.029,425.426,379.859,335.234,291.454,248.420,206.029,164.175,122.754,81.657,40.775,0.000
0.000,56.540,113.175,169.990,227.072,284.511,342.399,400.831,459.906,519.728,580.407,642.056,704.794,768.746,834.041,900.815,969.205,1039.352,1111.402,1185.499,1261.789,1340.415,1421.517,1505.231,1591.685,1680.999,1773.280,1868.626,1967.117,2068.818,2173.777,2282.027,2393.579,2508.433,2626.574,2747.971,2872.589,3000.380,3131.295,3265.284,3402.294,3542.275,3685.183,3830.973,3979.610,4131.063,4285.306,4442.319,4602.087,4764.600,4929.853,5097.843,5268.572,5442.044,5618.266,5797.247,5978.993,6163.517,6350.827,6540.932,6733.842,6929.564,7128.102,7329.461,7533.642,7740.641,7950.455,8163.073,8378.483,8596.666,8817.602,9041.262,9267.612,9496.615,9728.226,9962.391,10199.054,10438.146,10679.595,10923.319,11169.227,11417.219,11667.187,11919.014,12172.570,12427.718,12684.309,12942.184,13201.171,13461.090,13721.746,13982.934,14244.437,14506.028,14767.463,15028.493,15288.852,15548.264,15806.444,16063.094,16317.905,16570.561,16820.734,17068.089,17312.284,17552.970,17789.792,18022.390,18250.403,18473.467,18691.217,18903.288,19109.321,19308.956,19501.841,19687.630,19865.984,20036.576,20199.085,20353.206,20498.644,20635.120,20762.367,20880.135,20988.191,21086.316,21174.309,21251.988,21319.187,21375.758,21421.571,21456.514,21480.492,21493.430,21495.269,21485.969,21465.507,21433.879,21391.097,21337.192,21272.212,21196.222,21109.306,21011.562,20903.109,20784.079,20654.622,20514.904,20365.107,20205.425,20036.071,19857.268,19669.251,19472.269,19266.581,19052.455,18830.167,18600.001,18362.245,18117.194,17865.144,17606.394,17341.243,17069.990,16792.932,16510.364,16222.575,15929.853,15632.478,15330.725,15024.862,14715.153,14401.855,14085.216,13765.480,13442.888,13117.674,12790.069,12460.305,12128.614,11795.232,11460.400,11124.372,10787.418,10449.827,10111.917,9774.042,9436.599,9100.041,8764.882,8431.713,8101.208,7774.132,7451.342,7133.780,6822.462,6518.445,6222.786,5936.488,5660.439,5395.361,5141.762,4899.928,4669.924,4451.623,4244.743,4048.888,3863.585,3688.318,3522.545,3365.711,3217.258,3076.621,2943.231,2816.511,2695.882,2580.772,2470.625,2364.919,2263.177,2164.978,2069.961,1977.827,1888.335,1801.296,1716.569,1634.050,1553.665,1475.365,1399.115,1324.893,1252.683,1182.470,1114.239,1047.969,983.637,921.208,860.645,801.897,744.906,689.609,635.930,583.789,533.100,483.767,435.693,388.775,342.904,297.971,253.863,210.465,167.659,125.330,83.356,41.620,0.000
0.000,58.625,117.349,176.260,235.448,295.005,355.025,415.606,476.848,538.855,601.736,665.604,730.576,796.773,864.321,933.349,1003.990,1076.377,1150.649,1226.942,1305.392,1386.134,1469.298,1555.012,1643.395,1734.558,1828.605,1925.625,2025.697,2128.884,2235.239,2344.795,2457.575,2573.586,2692.824,2815.275,2940.915,3069.714,3201.639,3336.652,3474.717,3615.797,3759.858,3906.870,4056.805,4209.640,4365.357,4523.943,4685.388,4849.687,5016.838,5186.842,5359.705,5535.433,5714.035,5895.522,6079.904,6267.194,6457.403,6650.542,6846.623,7045.653,7247.641,7452.591,7660.508,7871.390,8085.234,8302.032,8521.775,8744.446,8970.025,9198.486,9429.798,9663.924,9900.821,10140.438,10382.718,10627.596,10874.998,11124.844,11377.044,11631.498,11888.097,12146.724,12407.248,12669.531,12933.421,13198.756,13465.363,13733.055,14001.634,14270.891,14540.601,14810.530,15080.429,15350.036,15619.079,15887.270,16154.312,16419.894,16683.695,16945.383,17204.615,17461.041,17714.300,17964.025,18209.843,18451.374,18688.238,18920.050,19146.423,19366.974,19581.321,19789.083,19989.890,20183.374,20369.178,20546.953,20716.364,20877.087,21028.811,21171.242,21304.100,21427.122,21540.062,21642.692,21734.803,21816.204,21886.721,21946.201,21994.510,22031.532,22057.170,22071.345,22074.000,22065.093,22044.602,22012.526,21968.878,21913.693,21847.023,21768.939,21679.529,21578.902,21467.182,21344.511,21211.051,21066.978,20912.486,20747.786,20573.103,20388.677,20194.761,19991.622,19779.538,19558.797,19329.695,19092.538,18847.637,18595.308,18335.870,18069.645,17796.956,17518.123,17233.467,16943.305,16647.949,16347.710,16042.888,15733.782,15420.680,15103.868,14783.622,14460.213,14133.906,13804.959,13473.630,13140.170,12804.830,12467.865,12129.530,11790.088,11449.813,11108.994,10767.938,10426.980,10086.485,9746.858,9408.550,9072.066,8737.972,8406.899,8079.547,7756.683,7439.134,7127.767,6823.474,6527.129,6239.555,5961.482,5693.505,5436.062,5189.414,4953.658,4728.730,4514.438,4310.490,4116.515,3932.092,3756.764,3590.057,3431.479,3280.532,3136.709,2999.502,2868.402,2742.911,2622.547,2506.856,2395.423,2287.875,2183.890,2083.194,1985.564,1890.818,1798.816,1709.449,1622.637,1538.319,1456.449,1376.994,1299.921,1225.202,1152.806,1082.699,1014.838,949.174,885.651,824.201,764.750,707.216,651.506,597.524,545.164,494.317,444.868,396.698,349.685,303.705,258.631,214.336,170.691,127.565,84.828,42.350,0.000
0.000,60.643,121.387,182.324,243.546,305.147,367.223,429.873,493.198,557.302,622.294,688.286,755.391,823.729,893.422,964.594,1037.373,1111.887,1188.267,1266.641,1347.141,1429.891,1515.015,1602.633,1692.859,1785.796,1881.542,1980.185,2081.800,2186.451,2294.193,2405.063,2519.090,2636.290,2756.670,2880.227,3006.949,3136.820,3269.820,3405.925,3545.111,3687.354,3832.630,3980.919,4132.204,4286.469,4443.704,4603.901,4767.058,4933.172,5102.249,5274.291,5449.308,5627.310,5808.309,5992.318,6179.350,6369.420,6562.542,6758.729,6957.995,7160.351,7365.806,7574.368,7786.042,8000.831,8218.733,8439.744,8663.855,8891.052,9121.319,9354.631,9590.959,9830.268,10072.517,10317.659,10565.636,10816.385,11069.836,11325.907,11584.510,11845.546,12108.907,12374.473,12642.115,12911.691,13183.051,13456.028,13730.446,14006.117,14282.836,14560.390,14838.548,15117.068,15395.695,15674.157,15952.171,16229.441,16505.656,16780.493,17053.616,17324.679,17593.322,17859.177,18121.865,18381.001,18636.191,18887.036,19133.132,19374.073,19609.451,19838.860,20061.894,20278.153,20487.243,20688.774,20882.369,21067.660,21244.291,21411.919,21570.219,21718.878,21857.603,21986.118,22104.163,22211.502,22307.915,22393.202,22467.184,22529.701,22580.615,22619.805,22647.173,22662.638,22666.140,22657.640,22637.116,22604.567,22560.011,22503.485,22435.046,22354.770,22262.752,22159.107,22043.968,21917.487,21779.836,21631.204,21471.799,21301.844,21121.582,20931.269,20731.177,20521.592,20302.812,20075.146,19838.914,19594.442,19342.067,19082.126,18814.965,18540.929,18260.363,17973.615,17681.027,17382.942,17079.695,16771.617,16459.034,16142.264,15821.621,15497.408,15169.923,14839.458,14506.296,14170.718,13832.998,13493.407,13152.215,12809.694,12466.117,12121.765,11776.928,11431.908,11087.026,10742.625,10399.077,10056.786,9716.195,9377.792,9042.111,8709.741,8381.317,8057.525,7739.088,7426.756,7121.282,6823.401,6533.797,6253.076,5981.740,5720.163,5468.586,5227.116,4995.731,4774.303,4562.612,4360.367,4167.225,3982.803,3806.697,3638.478,3477.711,3323.950,3176.750,3035.666,2900.262,2770.122,2644.851,2524.085,2407.500,2294.809,2185.766,2080.168,1977.845,1878.665,1782.521,1689.331,1599.030,1511.568,1426.898,1344.983,1265.780,1189.246,1115.333,1043.984,975.133,908.707,844.623,782.787,723.099,665.449,609.721,555.794,503.540,452.827,403.520,355.483,308.575,262.658,217.588,173.226,129.427,86.052,42.956,0.000
0.000,62.591,125.285,188.177,251.359,314.930,378.984,443.623,508.948,575.063,642.076,710.097,779.239,849.619,921.354,994.566,1069.376,1145.910,1224.291,1304.642,1387.087,1471.746,1558.737,1648.172,1740.159,1834.798,1932.183,2032.399,2135.519,2241.610,2350.726,2462.910,2578.196,2696.608,2818.162,2942.863,3070.713,3201.707,3335.835,3473.086,3613.447,3756.905,3903.446,4053.061,4205.739,4361.474,4520.263,4682.105,4847.002,5014.958,5185.982,5360.082,5537.271,5717.562,5900.971,6087.515,6277.208,6470.070,6666.116,6865.363,7067.826,7273.521,7482.458,7694.648,7910.100,8128.818,8350.804,8576.056,8804.568,9036.329,9271.325,9509.533,9750.929,9995.480,10243.146,10493.882,10747.634,11004.341,11263.933,11526.331,11791.448,12059.186,12329.437,12602.082,12876.991,13154.023,13433.025,13713.828,13996.255,14280.112,14565.192,14851.276,15138.129,15425.501,15713.128,16000.731,16288.016,16574.677,16860.389,17144.817,17427.610,17708.405,17986.826,18262.487,18534.990,18803.928,19068.887,19329.445,19585.175,19835.649,20080.435,20319.102,20551.221,20776.367,20994.121,21204.074,21405.822,21598.978,21783.164,21958.020,22123.200,22278.375,22423.237,22557.494,22680.878,22793.137,22894.044,22983.390,23060.988,23126.675,23180.305,23221.756,23250.926,23267.733,23272.116,23264.036,23243.472,23210.425,23164.915,23106.984,23036.692,22954.120,22859.371,22752.565,22633.846,22503.375,22361.335,22207.928,22043.374,21867.914,21681.806,21485.324,21278.760,21062.420,20836.623,20601.702,20357.999,20105.867,19845.664,19577.756,19302.512,19020.304,18731.502,18436.480,18135.604,17829.243,17517.756,17201.497,16880.816,16556.054,16227.545,15895.614,15560.580,15222.753,14882.437,14539.930,14195.525,13849.509,13502.171,13153.796,12804.673,12455.096,12105.367,11755.800,11406.721,11058.480,10711.447,10366.020,10022.630,9681.743,9343.862,9009.527,8679.318,8353.845,8033.745,7719.665,7412.250,7112.121,6819.854,6535.960,6260.863,5994.889,5738.254,5491.066,5253.333,5024.967,4805.804,4595.614,4394.116,4200.991,4015.893,3838.455,3668.296,3505.030,3348.266,3197.617,3052.706,2913.170,2778.668,2648.885,2523.536,2402.371,2285.174,2171.763,2061.987,1955.723,1852.873,1753.359,1657.118,1564.095,1474.243,1387.514,1303.861,1223.229,1145.557,1070.776,998.804,929.550,862.915,798.786,737.046,677.564,620.205,564.830,511.293,459.443,409.131,360.201,312.500,265.872,220.164,175.219,130.883,87.004,43.427,0.000
0.000,64.467,129.040,193.813,258.883,324.346,390.302,456.850,524.092,592.132,661.078,731.038,802.124,874.448,948.128,1023.280,1100.022,1178.474,1258.756,1340.985,1425.280,1511.756,1600.524,1691.694,1785.367,1881.642,1980.608,2082.348,2186.936,2294.439,2404.912,2518.404,2634.954,2754.592,2877.341,3003.216,3132.228,3264.382,3399.679,3538.118,3679.697,3824.411,3972.259,4123.237,4277.344,4434.583,4594.956,4758.468,4925.129,5094.947,5267.936,5444.109,5623.483,5806.076,5991.906,6180.992,6373.356,6569.017,6767.995,6970.311,7175.982,7385.025,7597.457,7813.290,8032.536,8255.202,8481.294,8710.813,8943.755,9180.114,9419.877,9663.026,9909.539,10159.386,10412.530,10668.929,10928.532,11191.279,11457.104,11725.929,11997.669,12272.228,12549.498,12829.361,13111.689,13396.338,13683.155,13971.971,14262.605,14554.860,14848.528,15143.382,15439.183,15735.673,16032.582,16329.622,16626.489,16922.863,17218.410,17512.779,17805.604,18096.506,18385.091,18670.954,18953.675,19232.827,19507.973,19778.667,20044.459,20304.893,20559.513,20807.862,21049.485,21283.931,21510.756,21729.524,21939.810,22141.200,22333.298,22515.720,22688.100,22850.094,23001.376,23141.641,23270.605,23388.007,23493.608,23587.192,23668.566,23737.558,23794.020,23837.827,23868.872,23887.074,23892.371,23884.723,23864.111,23830.538,23784.026,23724.620,23652.385,23567.408,23469.797,23359.681,23237.212,23102.560,22955.921,22797.508,22627.557,22446.325,22254.086,22051.135,21837.782,21614.357,21381.201,21138.671,20887.135,20626.970,20358.563,20082.306,19798.595,19507.829,19210.407,18906.726,18597.184,18282.170,17962.072,17637.268,17308.131,16975.025,16638.306,16298.320,15955.406,15609.894,15262.106,14912.357,14560.956,14208.207,13854.412,13499.871,13144.884,12789.756,12434.798,12080.329,11726.681,11374.201,11023.258,10674.238,10327.557,9983.655,9643.003,9306.099,8973.466,8645.650,8323.210,8006.711,7696.706,7393.726,7098.261,6810.743,6531.537,6260.924,5999.098,5746.166,5502.149,5266.990,5040.564,4822.689,4613.135,4411.635,4217.895,4031.600,3852.421,3680.023,3514.067,3354.216,3200.146,3051.542,2908.110,2769.579,2635.704,2506.269,2381.088,2260.002,2142.882,2029.620,1920.132,1814.346,1712.206,1613.660,1518.660,1427.158,1339.098,1254.419,1173.049,1094.905,1019.893,947.904,878.820,812.511,748.837,687.650,628.794,572.109,517.430,464.589,413.416,363.741,315.394,268.205,222.005,176.625,131.900,87.664,43.752,0.000
0.000,66.271,132.649,199.231,266.113,333.393,401.172,469.549,538.626,608.507,679.300,751.110,824.049,898.226,973.757,1050.753,1129.332,1209.607,1291.695,1375.709,1461.764,1549.969,1640.432,1733.259,1828.548,1926.393,2026.884,2130.100,2236.118,2345.003,2456.814,2571.604,2689.415,2810.284,2934.241,3061.309,3191.507,3324.849,3461.345,3601.004,3743.832,3889.836,4039.020,4191.391,4346.956,4505.723,4667.703,4832.907,5001.349,5173.045,5348.012,5526.270,5707.838,5892.739,6080.996,6272.631,6467.670,6666.135,6868.051,7073.439,7282.324,7494.724,7710.659,7930.145,8153.198,8379.829,8610.046,8843.853,9081.252,9322.239,9566.804,9814.934,10066.610,10321.804,10580.485,10842.612,11108.138,11377.007,11649.153,11924.503,12202.974,12484.471,12768.888,13056.109,13346.005,13638.434,13933.241,14230.257,14529.300,14830.170,15132.655,15436.523,15741.531,16047.415,16353.896,16660.678,16967.446,17273.871,17579.602,17884.277,18187.514,18488.915,18788.069,19084.548,19377.913,19667.714,19953.488,20234.765,20511.068,20781.915,21046.821,21305.302,21556.875,21801.059,22037.385,22265.388,22484.617,22694.635,22895.019,23085.364,23265.286,23434.418,23592.418,23738.965,23873.764,23996.539,24107.044,24205.053,24290.365,24362.804,24422.218,24468.477,24501.473,24521.124,24527.367,24520.162,24499.493,24465.363,24417.797,24356.843,24282.572,24195.074,24094.464,23980.879,23854.479,23715.445,23563.983,23400.320,23224.709,23037.420,22838.748,22629.006,22408.528,22177.665,21936.783,21686.266,21426.509,21157.915,20880.901,20595.887,20303.298,20003.563,19697.108,19384.361,19065.745,18741.679,18412.575,18078.839,17740.866,17399.043,17053.750,16705.353,16354.211,16000.672,15645.077,15287.757,14929.035,14569.230,14208.657,13847.626,13486.447,13125.434,12764.903,12405.175,12046.585,11689.475,11334.206,10981.153,10630.713,10283.301,9939.354,9599.329,9263.699,8932.953,8607.584,8288.084,7974.933,7668.587,7369.464,7077.936,6794.314,6518.844,6251.697,5992.977,5742.710,5500.862,5267.336,5041.986,4824.623,4615.024,4412.938,4218.097,4030.217,3849.009,3674.179,3505.438,3342.505,3185.112,3033.007,2885.958,2743.759,2606.226,2473.205,2344.562,2220.192,2100.006,1983.936,1871.925,1763.925,1659.892,1559.783,1463.549,1371.134,1282.469,1197.474,1116.054,1038.098,963.484,892.072,823.714,758.246,695.500,635.300,577.462,521.801,468.131,416.261,366.005,317.175,269.586,223.056,177.401,132.445,88.010,43.919,0.000
0.000,68.001,136.111,204.427,273.046,342.067,411.591,481.717,552.549,624.189,696.743,770.318,845.021,920.962,998.252,1077.003,1157.326,1239.333,1323.138,1408.849,1496.577,1586.429,1678.509,1772.919,1869.755,1969.110,2071.070,2175.716,2283.123,2393.359,2506.485,2622.556,2741.620,2863.719,2988.888,3117.159,3248.557,3383.105,3520.821,3661.723,3805.824,3953.141,4103.685,4257.470,4414.513,4574.827,4738.429,4905.339,5075.575,5249.158,5426.112,5606.460,5790.227,5977.440,6168.126,6362.312,6560.027,6761.297,6966.150,7174.614,7386.714,7602.474,7821.917,8045.064,8271.934,8502.540,8736.897,8975.012,9216.889,9462.530,9711.929,9965.077,10221.957,10482.547,10746.819,11014.736,11286.255,11561.322,11839.876,12121.846,12407.153,12695.703,12987.393,13282.109,13579.723,13880.094,14183.068,14488.475,14796.129,15105.833,15417.368,15730.501,16044.981,16360.541,16676.892,16993.731,17310.732,17627.554,17943.835,18259.197,18573.240,18885.551,19195.697,19503.230,19807.688,20108.595,20405.464,20697.796,20985.087,21266.827,21542.499,21811.589,22073.584,22327.973,22574.255,22811.939,23040.543,23259.603,23468.671,23667.319,23855.138,24031.744,24196.776,24349.896,24490.794,24619.185,24734.811,24837.437,24926.857,25002.888,25065.376,25114.186,25149.210,25170.364,25177.585,25170.835,25150.097,25115.376,25066.702,25004.124,24927.717,24837.577,24733.824,24616.603,24486.081,24342.451,24185.931,24016.761,23835.208,23641.561,23436.133,23219.260,22991.296,22752.618,22503.620,22244.712,21976.317,21698.871,21412.818,21118.610,20816.704,20507.559,20191.633,19869.383,19541.263,19207.719,18869.191,18526.110,18178.897,17827.965,17473.713,17116.530,16756.793,16394.870,16031.118,15665.882,15299.501,14932.307,14564.622,14196.769,13829.064,13461.827,13095.375,12730.034,12366.132,12004.009,11644.013,11286.507,10931.866,10580.480,10232.755,9889.108,9549.969,9215.773,8886.956,8563.950,8247.172,7937.014,7633.839,7337.963,7049.657,6769.132,6496.542,6231.980,5975.479,5727.015,5486.514,5253.857,5028.889,4811.421,4601.241,4398.118,4201.809,4012.065,3828.634,3651.268,3479.726,3313.780,3153.216,2997.842,2847.485,2701.997,2561.252,2425.147,2293.599,2166.545,2043.937,1925.734,1811.905,1702.418,1597.237,1496.317,1399.602,1307.021,1218.485,1133.888,1053.105,975.993,902.395,832.138,765.038,700.903,639.531,580.718,524.256,469.937,417.551,366.893,317.758,269.946,223.259,177.503,132.486,88.020,43.920,0.000
0.000,69.658,139.425,209.400,279.681,350.367,421.558,493.355,565.861,639.178,713.411,788.665,865.047,942.666,1021.629,1102.045,1184.025,1267.678,1353.113,1440.437,1529.757,1621.176,1714.798,1810.720,1909.038,2009.841,2113.217,2219.245,2328.000,2439.553,2553.967,2671.299,2791.603,2914.923,3041.303,3170.780,3303.385,3439.149,3578.097,3720.254,3865.644,4014.288,4166.206,4321.420,4479.953,4641.825,4807.060,4975.683,5147.719,5323.195,5502.138,5684.577,5870.544,6060.067,6253.180,6449.914,6650.301,6854.373,7062.161,7273.697,7489.011,7708.131,7931.083,8157.893,8388.584,8623.174,8861.681,9104.118,9350.492,9600.810,9855.070,10113.267,10375.389,10641.419,10911.333,11185.097,11462.674,11744.012,12029.057,12317.740,12609.983,12905.699,13204.787,13507.134,13812.615,14121.091,14432.407,14746.393,15062.866,15381.623,15702.446,16025.097,16349.321,16674.844,17001.373,17328.593,17656.170,17983.750,18310.960,18637.404,18962.668,19286.317,19607.900,19926.946,20242.969,20555.465,20863.921,21167.811,21466.597,21759.737,22046.685,22326.892,22599.811,22864.900,23121.625,23369.462,23607.899,23836.442,24054.616,24261.967,24458.062,24642.496,24814.887,24974.883,25122.159,25256.417,25377.389,25484.832,25578.533,25658.307,25723.993,25775.455,25812.585,25835.297,25843.529,25837.243,25816.422,25781.076,25731.235,25666.952,25588.305,25495.395,25388.348,25267.315,25132.473,24984.024,24822.197,24647.247,24459.455,24259.129,24046.603,23822.233,23586.400,23339.506,23081.973,22814.241,22536.764,22250.010,21954.456,21650.588,21338.896,21019.871,20694.006,20361.789,20023.705,19680.229,19331.832,18978.971,18622.095,18261.637,17898.021,17531.658,17162.943,16792.263,16419.988,16046.480,15672.091,15297.161,14922.025,14547.010,14172.441,13798.637,13425.920,13054.611,12685.037,12317.526,11952.417,11590.057,11230.800,10875.011,10523.065,10175.342,9832.233,9494.124,9161.403,8834.449,8513.625,8199.271,7891.699,7591.182,7297.954,7012.199,6734.050,6463.591,6200.855,5945.827,5698.449,5458.622,5226.216,5001.072,4783.007,4571.827,4367.320,4169.274,3977.473,3791.704,3611.764,3437.460,3268.616,3105.072,2946.692,2793.359,2644.977,2501.476,2362.800,2228.913,2099.791,1975.417,1855.779,1740.860,1630.638,1525.076,1424.122,1327.702,1235.721,1148.061,1064.581,985.121,909.499,837.519,768.972,703.638,641.292,581.704,524.642,469.874,417.171,366.308,317.063,269.218,222.562,176.887,131.992,87.675,43.743,0.000
0.000,71.240,142.590,214.150,286.017,358.291,431.073,504.463,578.564,653.477,729.307,806.158,884.136,963.347,1043.898,1125.896,1209.449,1294.664,1381.646,1470.501,1561.334,1654.246,1749.337,1846.703,1946.438,2048.631,2153.368,2260.730,2370.792,2483.626,2599.297,2717.867,2839.391,2963.920,3091.502,3222.179,3355.990,3492.971,3633.156,3776.576,3923.260,4073.238,4226.538,4383.188,4543.216,4706.651,4873.522,5043.861,5217.697,5395.063,5575.993,5760.521,5948.681,6140.510,6336.043,6535.316,6738.368,6945.234,7155.950,7370.551,7589.072,7811.546,8038.004,8268.476,8502.988,8741.565,8984.229,9230.996,9481.881,9736.892,9996.035,10259.309,10526.707,10798.216,11073.817,11353.482,11637.177,11924.857,12216.471,12511.954,12811.234,13114.225,13420.831,13730.943,14044.438,14361.178,14681.011,15003.768,15329.264,15657.298,15987.649,16320.076,16654.320,16990.103,17327.123,17665.058,18003.565,18342.278,18680.809,19018.749,19355.664,19691.102,20024.589,20355.631,20683.715,21008.312,21328.877,21644.853,21955.670,22260.752,22559.518,22851.382,23135.761,23412.079,23679.763,23938.256,24187.013,24425.508,24653.235,24869.711,25074.481,25267.115,25447.212,25614.402,25768.345,25908.731,26035.282,26147.749,26245.911,26329.580,26398.591,26452.809,26492.122,26516.446,26525.720,26519.905,26498.989,26462.979,26411.911,26345.839,26264.844,26169.032,26058.533,25933.506,25794.134,25640.630,25473.233,25292.214,25097.869,24890.525,24670.535,24438.281,24194.169,23938.630,23672.114,23395.096,23108.061,22811.513,22505.965,22191.937,21869.957,21540.551,21204.247,20861.567,20513.030,20159.143,19800.406,19437.305,19070.314,18699.894,18326.490,17950.534,17572.441,17192.614,16811.439,16429.291,16046.533,15663.515,15280.580,14898.060,14516.284,14135.572,13756.246,13378.623,13003.021,12629.763,12259.172,11891.578,11527.316,11166.726,10810.151,10457.942,10110.447,9768.014,9430.986,9099.696,8774.460,8455.574,8143.306,7837.893,7539.535,7248.390,6964.576,6688.165,6419.187,6157.633,5903.453,5656.566,5416.860,5184.199,4958.429,4739.379,4526.871,4320.719,4120.740,3926.755,3738.591,3556.089,3379.105,3207.514,3041.210,2880.109,2724.149,2573.289,2427.507,2286.797,2151.162,2020.616,1895.170,1774.830,1659.590,1549.427,1444.294,1344.119,1248.800,1158.207,1072.182,990.543,913.084,839.581,769.797,703.482,640.384,580.244,522.805,467.811,415.009,364.156,315.009,267.337,220.912,175.516,130.934,86.957,43.379,0.000
0.000,72.748,145.607,218.676,292.054,365.841,440.136,515.041,590.658,667.088,744.435,822.803,902.295,983.017,1065.074,1148.571,1233.615,1320.310,1408.760,1499.069,1591.339,1685.669,1782.158,1880.902,1981.991,2085.516,2191.561,2300.208,2411.533,2525.609,2642.504,2762.283,2885.005,3010.725,3139.494,3271.361,3406.370,3544.564,3685.981,3830.661,3978.640,4129.952,4284.634,4442.719,4604.241,4769.237,4937.742,5109.792,5285.423,5464.674,5647.583,5834.189,6024.533,6218.655,6416.597,6618.398,6824.103,7033.750,7247.380,7465.035,7686.753,7912.571,8142.526,8376.653,8614.982,8857.544,9104.365,9355.467,9610.870,9870.588,10134.631,10403.003,10675.704,10952.726,11234.055,11519.669,11809.538,12103.625,12401.881,12704.248,13010.658,13321.030,13635.273,13953.280,14274.932,14600.095,14928.619,15260.336,15595.063,15932.598,16272.719,16615.183,16959.730,17306.073,17653.907,18002.901,18352.703,18702.935,19053.195,19403.059,19752.076,20099.774,20445.654,20789.199,21129.870,21467.107,21800.334,22128.959,22452.378,22769.978,23081.138,23385.235,23681.646,23969.754,24248.950,24518.635,24778.231,25027.174,25264.928,25490.980,25704.846,25906.072,26094.237,26268.953,26429.865,26576.650,26709.022,26826.723,26929.530,27017.248,27089.714,27146.790,27188.365,27214.356,27224.702,27219.366,27198.337,27161.626,27109.267,27041.318,26957.863,26859.012,26744.898,26615.686,26471.566,26312.760,26139.519,25952.127,25750.896,25536.173,25308.333,25067.782,24814.954,24550.309,24274.333,23987.532,23690.430,23383.566,23067.494,22742.773,22409.967,22069.644,21722.368,21368.699,21009.189,20644.381,20274.804,19900.977,19523.399,19142.558,18758.921,18372.942,17985.054,17595.676,17205.210,16814.043,16422.547,16031.082,15639.995,15249.625,14860.299,14472.340,14086.065,13701.787,13319.816,12940.463,12564.039,12190.854,11821.224,11455.463,11093.889,10736.817,10384.565,10037.441,9695.749,9359.781,9029.814,8706.102,8388.879,8078.346,7774.675,7478.002,7188.426,6906.009,6630.778,6362.722,6101.802,5847.944,5601.053,5361.011,5127.684,4900.924,4680.577,4466.485,4258.490,4056.440,3860.194,3669.619,3484.604,3305.052,3130.890,2962.067,2798.553,2640.341,2487.444,2339.889,2197.715,2060.970,1929.695,1803.926,1683.679,1568.948,1459.697,1355.856,1257.317,1163.938,1075.541,991.918,912.836,838.038,767.256,700.207,636.605,576.164,518.595,463.618,410.957,360.345,311.524,264.244,218.265,173.354,129.287,85.847,42.821,0.000
0.000,74.182,148.475,222.979,297.792,373.015,448.749,525.093,602.148,680.017,758.802,838.606,919.532,1001.685,1085.167,1170.084,1256.539,1344.636,1434.477,1526.163,1619.796,1715.473,1813.292,1913.347,2015.729,2120.527,2227.826,2337.708,2450.251,2565.529,2683.613,2804.569,2928.461,3055.347,3185.284,3318.324,3454.517,3593.912,3736.553,3882.485,4031.750,4184.390,4340.447,4499.959,4662.969,4829.518,4999.647,5173.398,5350.813,5531.936,5716.810,5905.481,6097.993,6294.393,6494.726,6699.039,6907.377,7119.788,7336.316,7557.007,7781.905,8011.053,8244.492,8482.261,8724.398,8970.937,9221.911,9477.346,9737.270,10001.700,10270.654,10544.141,10822.167,11104.730,11391.822,11683.428,11979.522,12280.073,12585.040,12894.370,13207.999,13525.854,13847.846,14173.874,14503.825,14837.567,15174.952,15515.818,15859.982,16207.242,16557.377,16910.144,17265.277,17622.488,17981.465,18341.871,18703.343,19065.493,19427.906,19790.142,20151.731,20512.180,20870.968,21227.552,21581.363,21931.810,22278.284,22620.156,22956.784,23287.515,23611.685,23928.630,24237.683,24538.183,24829.478,25110.930,25381.916,25641.839,25890.124,26126.226,26349.632,26559.864,26756.478,26939.067,27107.260,27260.725,27399.165,27522.317,27629.955,27721.881,27797.930,27857.967,27901.883,27929.593,27941.040,27936.190,27915.030,27877.576,27823.861,27753.947,27667.918,27565.885,27447.988,27314.393,27165.298,27000.933,26821.560,26627.474,26419.007,26196.524,25960.422,25711.134,25449.123,25174.883,24888.933,24591.818,24284.101,23966.364,23639.200,23303.212,22959.007,22607.194,22248.377,21883.156,21512.122,21135.851,20754.908,20369.841,19981.179,19589.435,19195.101,18798.650,18400.534,18001.189,17601.030,17200.454,16799.845,16399.568,15999.974,15601.405,15204.190,14808.648,14415.091,14023.826,13635.155,13249.375,12866.782,12487.671,12112.334,11741.063,11374.149,11011.878,10654.533,10302.391,9955.720,9614.775,9279.796,8951.004,8628.598,8312.751,8003.608,7701.283,7405.859,7117.389,6835.890,6561.353,6293.740,6032.987,5779.006,5531.697,5290.938,5056.603,4828.555,4606.659,4390.780,4180.790,3976.571,3778.019,3585.048,3397.592,3215.606,3039.072,2867.994,2702.401,2542.343,2387.887,2239.115,2096.111,1958.959,1827.728,1702.466,1583.191,1469.879,1362.466,1260.839,1164.839,1074.267,988.885,908.424,832.593,761.084,693.578,629.753,569.287,511.864,457.172,404.912,354.794,306.540,259.886,214.576,170.369,127.030,84.334,42.062,0.000
0.000,75.541,151.194,227.058,303.233,379.817,456.912,534.618,613.036,692.266,772.412,853.574,935.856,1019.361,1104.191,1190.449,1278.238,1367.659,1458.815,1551.805,1646.728,1743.683,1842.764,1944.065,2047.678,2153.691,2262.190,2373.256,2486.970,2603.407,2722.641,2844.739,2969.769,3097.794,3228.873,3363.065,3500.423,3641.001,3784.850,3932.019,4082.557,4236.511,4393.929,4554.856,4719.340,4887.427,5059.165,5234.600,5413.782,5596.759,5783.580,5974.295,6168.955,6367.611,6570.313,6777.114,6988.064,7203.216,7422.619,7646.324,7874.381,8106.837,8343.740,8585.135,8831.063,9081.567,9336.683,9596.445,9860.885,10130.029,10403.898,10682.511,10965.877,11254.003,11546.886,11844.518,12146.881,12453.951,12765.690,13082.054,13402.987,13728.419,14058.268,14392.441,14730.826,15073.298,15419.715,15769.916,16123.721,16480.931,16841.325,17204.660,17570.668,17939.059,18309.516,18681.694,19055.223,19429.704,19804.708,20179.779,20554.430,20928.145,21300.382,21670.567,22038.102,22402.364,22762.706,23118.460,23468.944,23813.459,24151.298,24481.748,24804.096,25117.632,25421.658,25715.487,25998.455,26269.922,26529.273,26775.930,27009.348,27229.021,27434.481,27625.304,27801.104,27961.538,28106.300,28235.124,28347.779,28444.071,28523.833,28586.933,28633.264,28662.746,28675.322,28670.960,28649.653,28611.413,28556.277,28484.305,28395.585,28290.227,28168.373,28030.193,27875.888,27705.697,27519.890,27318.777,27102.703,26872.055,26627.254,26368.760,26097.068,25812.707,25516.234,25208.235,24889.317,24560.106,24221.241,23873.373,23517.153,23153.236,22782.272,22404.901,22021.755,21633.449,21240.582,20843.734,20443.466,20040.315,19634.798,19227.409,18818.619,18408.876,17998.611,17588.231,17178.126,16768.668,16360.211,15953.097,15547.654,15144.197,14743.033,14344.461,13948.770,13556.247,13167.171,12781.818,12400.461,12023.368,11650.803,11283.027,10920.291,10562.840,10210.911,9864.725,9524.490,9190.395,8862.609,8541.280,8226.526,7918.443,7617.099,7322.532,7034.754,6753.752,6479.487,6211.901,5950.914,5696.433,5448.351,5206.553,4970.921,4741.335,4517.680,4299.846,4087.739,3881.277,3680.397,3485.060,3295.252,3110.983,2932.295,2759.253,2591.948,2430.495,2275.021,2125.660,1982.545,1845.790,1715.483,1591.670,1474.351,1363.466,1258.895,1160.464,1067.944,981.060,899.503,822.937,751.011,683.361,619.626,559.446,502.469,448.356,396.778,347.425,299.998,254.216,209.814,166.537,124.144,82.406,41.097,0.000
0.000,76.827,153.766,230.916,308.377,386.248,464.630,543.622,623.325,703.841,785.270,867.714,951.275,1036.055,1122.155,1209.677,1298.724,1389.395,1481.792,1576.012,1672.156,1770.318,1870.595,1973.079,2077.861,2185.031,2294.673,2406.872,2521.709,2639.260,2759.601,2882.803,3008.937,3138.068,3270.261,3405.576,3544.074,3685.812,3830.847,3979.233,4131.023,4286.272,4445.032,4607.354,4773.292,4942.897,5116.222,5293.321,5474.247,5659.054,5847.797,6040.532,6237.313,6438.198,6643.242,6852.503,7066.036,7283.900,7506.149,7732.841,7964.029,8199.768,8440.110,8685.106,8934.805,9189.253,9448.494,9712.569,9981.516,10255.366,10534.150,10817.890,11106.606,11400.309,11699.005,12002.693,12311.362,12624.994,12943.562,13267.026,13595.338,13928.436,14266.246,14608.678,14955.629,15306.979,15662.591,16022.310,16385.958,16753.341,17124.239,17498.409,17875.584,18255.472,18637.750,19022.070,19408.053,19795.288,20183.337,20571.725,20959.949,21347.471,21733.721,22118.099,22499.976,22878.692,23253.561,23623.875,23988.904,24347.903,24700.115,25044.776,25381.118,25708.381,26025.812,26332.676,26628.257,26911.871,27182.860,27440.607,27684.533,27914.104,28128.829,28328.262,28512.005,28679.703,28831.045,28965.763,29083.625,29184.438,29268.041,29334.303,29383.123,29414.424,29428.155,29424.286,29402.810,29363.741,29307.118,29232.998,29141.469,29032.641,28906.654,28763.681,28603.926,28427.631,28235.078,28026.585,27802.516,27563.276,27309.312,27041.113,26759.208,26464.163,26156.578,25837.082,25506.331,25165.001,24813.781,24453.372,24084.478,23707.801,23324.040,22933.882,22538.000,22137.051,21731.671,21322.474,20910.051,20494.967,20077.763,19658.952,19239.024,18818.444,18397.651,17977.063,17557.076,17138.065,16720.388,16304.385,15890.380,15478.684,15069.597,14663.407,14260.393,13860.826,13464.970,13073.083,12685.416,12302.215,11923.719,11550.161,11181.766,10818.749,10461.316,10109.659,9763.955,9424.365,9091.031,8764.074,8443.593,8129.662,7822.334,7521.635,7227.569,6940.116,6659.238,6384.876,6116.954,5855.385,5600.072,5350.910,5107.791,4870.610,4639.265,4413.664,4193.729,3979.397,3770.629,3567.407,3369.745,3177.684,2991.299,2810.697,2636.015,2467.419,2305.091,2149.226,2000.016,1857.633,1722.218,1593.858,1472.576,1358.324,1250.974,1150.329,1056.122,968.035,885.708,808.751,736.759,669.321,606.027,546.476,490.279,437.064,386.474,338.175,291.850,247.202,203.953,161.842,120.621,80.056,39.922,0.000
0.000,78.039,156.190,234.552,313.225,392.308,471.902,552.106,633.020,714.745,797.382,881.032,965.795,1051.774,1139.069,1227.781,1318.010,1409.858,1503.422,1598.802,1696.096,1795.397,1896.803,2000.406,2106.297,2214.564,2325.295,2438.573,2554.481,2673.099,2794.504,2918.769,3045.967,3176.168,3309.440,3445.848,3585.455,3728.325,3874.519,4024.095,4177.113,4333.631,4493.707,4657.400,4824.765,4995.862,5170.748,5349.482,5532.124,5718.732,5909.367,6104.089,6302.960,6506.041,6713.393,6925.080,7141.163,7361.705,7586.767,7816.411,8050.698,8289.687,8533.436,8782.004,9035.444,9293.811,9557.154,9825.522,10098.957,10377.501,10661.190,10950.053,11244.119,11543.407,11847.930,12157.694,12472.698,12792.931,13118.374,13448.997,13784.758,14125.604,14471.468,14822.269,15177.910,15538.280,15903.247,16272.661,16646.352,17024.128,17405.772,17791.045,18179.680,18571.384,18965.831,19362.669,19761.512,20161.940,20563.501,20965.707,21368.035,21769.926,22170.784,22569.980,22966.850,23360.698,23750.795,24136.389,24516.701,24890.932,25258.273,25617.900,25968.989,26310.721,26642.284,26962.886,27271.760,27568.165,27851.401,28120.806,28375.767,28615.718,28840.142,29048.575,29240.606,29415.871,29574.055,29714.888,29838.144,29943.632,30031.197,30100.716,30152.095,30185.262,30200.170,30196.794,30175.128,30135.189,30077.012,30000.655,29906.200,29793.757,29663.462,29515.485,29350.034,29167.352,28967.727,28751.489,28519.016,28270.733,28007.113,27728.677,27435.988,27129.655,26810.323,26478.672,26135.409,25781.265,25416.985,25043.327,24661.049,24270.910,23873.659,23470.034,23060.753,22646.517,22228.002,21805.856,21380.704,20953.137,20523.720,20092.989,19661.448,19229.577,18797.827,18366.621,17936.362,17507.428,17080.175,16654.941,16232.047,15811.797,15394.480,14980.375,14569.748,14162.855,13759.942,13361.249,12967.006,12577.436,12192.755,11813.169,11438.877,11070.067,10706.916,10349.587,9998.231,9652.981,9313.955,8981.249,8654.941,8335.088,8021.726,7714.868,7414.510,7120.624,6833.168,6552.081,6277.290,6008.710,5746.248,5489.806,5239.284,4994.587,4755.623,4522.313,4294.590,4072.410,3855.747,3644.608,3439.028,3239.080,3044.872,2856.554,2674.313,2498.370,2328.977,2166.399,2010.904,1862.739,1722.113,1589.165,1463.957,1346.450,1236.508,1133.901,1038.317,949.377,866.657,789.705,718.050,651.224,588.765,530.224,475.173,423.203,373.931,326.996,282.063,238.821,196.982,156.276,116.455,77.283,38.537,0.000
0.000,79.177,158.467,237.967,317.779,398.001,478.732,560.073,642.123,724.983,808.753,893.534,979.425,1066.528,1154.943,1244.770,1336.109,1429.059,1523.720,1620.189,1718.562,1818.936,1921.406,2026.063,2133.000,2242.305,2354.067,2468.370,2585.299,2704.934,2827.355,2952.638,3080.859,3212.090,3346.403,3483.867,3624.550,3768.518,3915.838,4066.572,4220.786,4378.543,4539.905,4704.936,4873.698,5046.255,5222.670,5403.006,5587.329,5775.703,5968.193,6164.867,6365.789,6571.028,6780.650,6994.723,7213.316,7436.496,7664.330,7896.887,8134.232,8376.432,8623.552,8875.654,9132.802,9395.054,9662.469,9935.100,10213.000,10496.216,10784.792,11078.767,11378.176,11683.047,11993.402,12309.255,12630.614,12957.478,13289.835,13627.665,13970.936,14319.603,14673.608,15032.880,15397.330,15766.854,16141.328,16520.610,16904.537,17292.922,17685.554,18082.196,18482.584,18886.424,19293.393,19703.131,20115.249,20529.318,20944.875,21361.417,21778.402,22195.250,22611.339,23026.010,23438.562,23848.259,24254.331,24655.973,25052.356,25442.623,25825.903,26201.311,26567.958,26924.958,27271.437,27606.537,27929.429,28239.318,28535.450,28817.120,29083.672,29334.507,29569.085,29786.923,29987.595,30170.732,30336.019,30483.189,30612.018,30722.328,30813.972,30886.837,30940.837,30975.910,30992.015,30989.131,30967.256,30926.405,30866.611,30787.929,30690.436,30574.235,30439.457,30286.268,30114.872,29925.513,29718.481,29494.117,29252.812,28995.010,28721.212,28431.970,28127.888,27809.618,27477.857,27133.340,26776.831,26409.123,26031.024,25643.353,25246.930,24842.574,24431.091,24013.272,23589.887,23161.682,22729.375,22293.652,21855.168,21414.545,20972.372,20529.203,20085.562,19641.938,19198.792,18756.557,18315.635,17876.406,17439.225,17004.426,16572.323,16143.211,15717.371,15295.068,14876.554,14462.068,14051.841,13646.092,13245.030,12848.856,12457.761,12071.929,11691.530,11316.728,10947.672,10584.500,10227.335,9876.287,9531.448,9192.893,8860.679,8534.846,8215.412,7902.379,7595.731,7295.433,7001.435,6713.675,6432.077,6156.555,5887.019,5623.374,5365.525,5113.379,4866.855,4625.878,4390.393,4160.364,3935.782,3716.667,3503.078,3295.112,3092.913,2896.671,2706.628,2523.070,2346.326,2176.750,2014.704,1860.535,1714.539,1576.931,1447.817,1327.178,1214.862,1110.595,1013.999,924.620,841.953,765.462,694.606,628.846,567.661,510.553,457.048,406.702,359.100,313.858,270.623,229.069,188.901,149.845,111.654,74.094,36.946,0.000
0.000,80.243,160.597,241.164,322.040,403.327,485.122,567.526,650.639,734.559,819.388,905.225,992.170,1080.323,1169.785,1260.654,1353.030,1447.011,1542.697,1640.184,1739.569,1840.948,1944.415,2050.063,2157.984,2268.268,2381.002,2496.274,2614.170,2734.770,2858.158,2984.412,3113.610,3245.827,3381.139,3519.619,3661.338,3806.366,3954.775,4106.631,4262.005,4420.963,4583.575,4749.908,4920.030,5094.009,5271.914,5453.813,5639.778,5829.877,6024.182,6222.763,6425.694,6633.047,6844.893,7061.308,7282.364,7508.136,7738.696,7974.119,8214.477,8459.842,8710.287,8965.882,9226.694,9492.791,9764.238,10041.098,10323.430,10611.288,10904.727,11203.792,11508.529,11818.972,12135.155,12457.100,12784.826,13118.340,13457.641,13802.718,14153.550,14510.102,14872.326,15240.161,15613.527,15992.331,16376.458,16765.775,17160.125,17559.331,17963.186,18371.460,18783.893,19200.193,19620.036,20043.063,20468.878,20897.048,21327.097,21758.510,22190.728,22623.146,23055.119,23485.955,23914.917,24341.226,24764.066,25182.579,25595.877,26003.042,26403.136,26795.203,27178.283,27551.417,27913.656,28264.072,28601.767,28925.883,29235.608,29530.185,29808.916,30071.168,30316.373,30544.030,30753.704,30945.021,31117.668,31271.387,31405.964,31521.233,31617.062,31693.352,31750.028,31787.041,31804.359,31801.965,31779.859,31738.056,31676.587,31595.498,31494.860,31374.765,31235.335,31076.728,30899.139,30702.809,30488.029,30255.145,30004.560,29736.739,29452.208,29151.553,28835.423,28504.519,28159.592,27801.440,27430.893,27048.810,26656.070,26253.561,25842.173,25422.789,24996.278,24563.491,24125.252,23682.356,23235.563,22785.601,22333.157,21878.883,21423.389,20967.253,20511.010,20055.163,19600.180,19146.498,18694.522,18244.631,17797.175,17352.482,16910.859,16472.592,16037.947,15607.177,15180.518,14758.194,14340.415,13927.380,13519.279,13116.290,12718.580,12326.307,11939.620,11558.654,11183.534,10814.373,10451.269,10094.308,9743.558,9399.074,9060.893,8729.036,8403.506,8084.292,7771.365,7464.681,7164.183,6869.802,6581.458,6299.063,6022.526,5751.749,5486.640,5227.108,4973.072,4724.463,4481.228,4243.339,4010.793,3783.625,3561.906,3345.758,3135.354,2930.927,2732.775,2541.255,2356.786,2179.830,2010.871,1850.383,1698.785,1556.394,1423.381,1299.748,1185.319,1079.755,982.591,893.269,811.178,735.684,666.154,601.974,542.555,487.345,435.824,387.509,341.956,298.755,257.535,217.961,179.730,142.570,106.235,70.500,35.154,0.000
0.000,81.235,162.583,244.141,326.010,408.288,491.075,574.469,658.570,743.478,829.292,916.112,1004.037,1093.168,1183.602,1275.441,1368.781,1463.723,1560.363,1658.799,1759.127,1861.443,1965.842,2072.417,2181.259,2292.459,2406.107,2522.291,2641.098,2762.610,2886.913,3014.087,3144.213,3277.370,3413.636,3553.087,3695.798,3841.844,3991.299,4144.236,4300.727,4460.847,4624.667,4792.260,4963.700,5139.058,5318.409,5501.827,5689.388,5881.165,6077.237,6277.679,6482.569,6691.985,6906.006,7124.710,7348.177,7576.488,7809.721,8047.957,8291.275,8539.754,8793.472,9052.507,9316.934,9586.829,9862.263,10143.307,10430.028,10722.492,11020.758,11324.884,11634.922,11950.919,12272.916,12600.947,12935.040,13275.213,13621.476,13973.830,14332.264,14696.754,15067.264,15443.744,15826.126,16214.326,16608.242,17007.749,17412.703,17822.933,18238.242,18658.408,19083.174,19512.255,19945.327,20382.034,20821.976,21264.715,21709.766,22156.603,22604.648,23053.278,23501.818,23949.545,24395.686,24839.417,25279.870,25716.132,26147.252,26572.244,26990.094,27399.771,27800.232,28190.436,28569.351,28935.969,29289.315,29628.459,29952.523,30260.694,30552.227,30826.453,31082.775,31320.677,31539.715,31739.517,31919.776,32080.246,32220.731,32341.082,32441.189,32520.969,32580.366,32619.345,32637.884,32635.974,32613.619,32570.830,32507.632,32424.065,32320.184,32196.070,32051.829,31887.604,31703.579,31499.985,31277.109,31035.300,30774.969,30496.601,30200.747,29888.033,29559.152,29214.860,28855.971,28483.351,28097.904,27700.568,27292.297,26874.059,26446.820,26011.535,25569.145,25120.562,24666.670,24208.316,23746.308,23281.412,22814.352,22345.807,21876.412,21406.761,20937.406,20468.858,20001.593,19536.048,19072.630,18611.712,18153.641,17698.736,17247.293,16799.587,16355.871,15916.382,15481.339,15050.948,14625.400,14204.874,13789.537,13379.545,12975.042,12576.162,12183.029,11795.754,11414.437,11039.166,10670.017,10307.050,9950.313,9599.840,9255.648,8917.741,8586.106,8260.716,7941.531,7628.495,7321.543,7020.597,6725.571,6436.373,6152.905,5875.069,5602.766,5335.907,5074.405,4818.192,4567.214,4321.442,4080.878,3845.559,3615.568,3391.041,3172.178,2959.249,2752.607,2552.687,2360.010,2175.169,1998.805,1831.562,1674.028,1526.666,1389.738,1263.274,1147.055,1040.649,943.463,854.799,773.909,700.035,632.438,570.417,513.312,460.511,411.449,365.606,322.503,281.709,242.836,205.537,169.511,134.487,100.228,66.522,33.174,0.000
0.000,82.156,164.423,246.902,329.690,412.887,496.592,580.903,665.920,751.742,838.468,926.199,1015.031,1105.066,1196.402,1289.138,1383.372,1479.202,1576.727,1676.042,1777.245,1880.432,1985.696,2093.132,2202.832,2314.887,2429.389,2546.425,2666.085,2788.453,2913.616,3041.658,3172.661,3306.708,3443.878,3584.251,3727.907,3874.924,4025.379,4179.350,4336.914,4498.148,4663.130,4831.936,5004.645,5181.334,5362.082,5546.969,5736.075,5929.480,6127.265,6329.513,6536.307,6747.730,6963.867,7184.804,7410.624,7641.415,7877.262,8118.251,8364.469,8616.001,8872.934,9135.350,9403.335,9676.970,9956.336,10241.512,10532.574,10829.595,11132.645,11441.792,11757.097,12078.617,12406.403,12740.502,13080.952,13427.782,13781.016,14140.664,14506.728,14879.198,15258.049,15643.244,16034.728,16432.430,16836.259,17246.104,17661.831,18083.281,18510.267,18942.576,19379.960,19822.139,20268.797,20719.576,21174.079,21631.863,22092.439,22555.266,23019.756,23485.261,23951.084,24416.467,24880.598,25342.609,25801.578,26256.530,26706.446,27150.265,27586.893,28015.209,28434.081,28842.374,29238.962,29622.745,29992.661,30347.696,30686.901,31009.400,31314.395,31601.177,31869.125,32117.705,32346.470,32555.053,32743.162,32910.568,33057.103,33182.641,33287.097,33370.417,33432.565,33473.525,33493.288,33491.856,33469.232,33425.428,33360.459,33274.352,33167.147,33038.903,32889.706,32719.678,32528.982,32317.836,32086.516,31835.366,31564.807,31275.337,30967.537,30642.071,30299.681,29941.187,29567.471,29179.478,28778.196,28364.648,27939.880,27504.946,27060.897,26608.772,26149.586,25684.322,25213.928,24739.305,24261.312,23780.755,23298.394,22814.936,22331.041,21847.318,21364.331,20882.600,20402.604,19924.782,19449.536,18977.235,18508.217,18042.791,17581.242,17123.829,16670.791,16222.348,15778.700,15340.035,14906.523,14478.321,14055.574,13638.416,13226.967,12821.338,12421.627,12027.922,11640.299,11258.823,10883.545,10514.504,10151.726,9795.224,9444.996,9101.027,8763.291,8431.743,8106.330,7786.986,7473.633,7166.185,6864.547,6568.618,6278.296,5993.473,5714.047,5439.918,5170.998,4907.209,4648.493,4394.814,4146.170,3902.595,3664.172,3431.045,3203.428,2981.623,2766.032,2557.170,2355.672,2162.286,1977.852,1803.247,1639.300,1486.683,1345.799,1216.706,1099.116,992.451,895.929,808.661,729.719,658.196,593.227,534.015,479.828,429.997,383.910,341.008,300.784,262.779,226.591,191.869,158.309,125.654,93.681,62.195,31.021,0.000
0.000,83.004,166.119,249.446,333.081,417.125,501.675,586.831,672.692,759.356,846.922,935.490,1025.158,1116.025,1208.191,1301.752,1396.808,1493.457,1591.796,1691.922,1793.931,1897.920,2003.983,2112.215,2222.709,2335.556,2450.849,2568.678,2689.131,2812.298,2938.265,3067.119,3198.945,3333.826,3471.848,3613.092,3757.642,3905.578,4056.982,4211.936,4370.522,4532.819,4698.911,4868.879,5042.804,5220.771,5402.862,5589.162,5779.756,5974.730,6174.170,6378.164,6586.801,6800.170,7018.361,7241.465,7469.573,7702.778,7941.172,8184.848,8433.899,8688.418,8948.497,9214.229,9485.705,9763.016,10046.251,10335.497,10630.839,10932.361,11240.142,11554.259,11874.785,12201.786,12535.328,12875.466,13222.250,13575.724,13935.922,14302.869,14676.580,15057.058,15444.292,15838.260,16238.920,16646.216,17060.070,17480.387,17907.046,18339.899,18778.776,19223.471,19673.750,20129.341,20589.934,21055.178,21524.678,21997.990,22474.621,22954.023,23435.592,23918.665,24402.516,24886.357,25369.336,25850.538,26328.983,26803.634,27273.396,27737.125,28193.636,28641.712,29080.118,29507.611,29922.960,30324.958,30712.443,31084.307,31439.518,31777.129,32096.284,32396.234,32676.328,32936.023,33174.871,33392.519,33588.695,33763.201,33915.899,34046.701,34155.556,34242.442,34307.353,34350.295,34371.278,34370.312,34347.405,34302.564,34235.795,34147.105,34036.513,33904.050,33749.774,33573.777,33376.194,33157.218,32917.108,32656.199,32374.911,32073.759,31753.350,31414.389,31057.675,30684.093,30294.610,29890.255,29472.115,29041.312,28598.992,28146.311,27684.415,27214.434,26737.468,26254.576,25766.773,25275.023,24780.233,24283.255,23784.881,23285.848,22786.836,22288.470,21791.326,21295.927,20802.754,20312.243,19824.791,19340.758,18860.473,18384.232,17912.304,17444.933,16982.340,16524.726,16072.274,15625.148,15183.497,14747.458,14317.151,13892.687,13474.164,13061.667,12655.272,12255.042,11861.030,11473.276,11091.808,10716.646,10347.792,9985.239,9628.968,9278.945,8935.125,8597.451,8265.854,7940.255,7620.565,7306.685,6998.512,6695.933,6398.837,6107.107,5820.631,5539.299,5263.013,4991.683,4725.239,4463.634,4206.850,3954.911,3707.890,3465.922,3229.227,2998.120,2773.044,2554.583,2343.492,2140.701,1947.300,1764.483,1593.432,1435.143,1290.227,1158.780,1040.385,934.227,839.250,754.294,678.203,609.882,548.333,492.656,442.049,395.793,353.233,313.777,276.882,242.066,208.910,177.060,146.223,116.155,86.658,57.561,28.719,0.000
0.000,83.780,167.672,251.774,336.186,421.004,506.328,592.257,678.889,766.322,854.657,943.990,1034.422,1126.050,1218.973,1313.289,1409.096,1506.493,1605.576,1706.443,1809.191,1913.914,2020.710,2129.671,2240.894,2354.469,2470.490,2589.049,2710.236,2834.141,2960.853,3090.461,3223.051,3358.712,3497.529,3639.589,3784.976,3933.777,4086.076,4241.958,4401.509,4564.815,4731.960,4903.032,5078.116,5257.302,5440.676,5628.328,5820.348,6016.828,6217.859,6423.533,6633.947,6849.192,7069.367,7294.568,7524.893,7760.439,8001.307,8247.596,8499.405,8756.836,9019.987,9288.960,9563.854,9844.767,10131.798,10425.043,10724.597,11030.552,11342.999,11662.025,11987.714,12320.145,12659.393,13005.528,13358.612,13718.702,14085.846,14460.083,14841.443,15229.943,15625.588,16028.371,16438.266,16855.233,17279.211,17710.120,18147.854,18592.283,19043.250,19500.565,19964.005,20433.312,20908.186,21388.285,21873.217,22362.544,22855.770,23352.342,23851.645,24352.999,24855.655,25358.795,25861.527,26362.886,26861.834,27357.265,27848.002,28332.813,28810.411,29279.470,29738.637,30186.549,30621.852,31043.216,31449.361,31839.075,32211.227,32564.790,32898.846,33212.599,33505.375,33776.619,34025.894,34252.867,34457.300,34639.034,34797.976,34934.084,35047.354,35137.804,35205.465,35250.373,35272.559,35272.047,35248.847,35202.961,35134.379,35043.086,34929.071,34792.331,34632.883,34450.779,34246.117,34019.052,33769.816,33498.727,33206.200,32892.758,32559.036,32205.784,31833.861,31444.230,31037.948,30616.150,30180.030,29730.827,29269.804,28798.228,28317.358,27828.422,27332.616,26831.081,26324.908,25815.121,25302.683,24788.486,24273.361,23758.070,23243.311,22729.725,22217.891,21708.338,21201.545,20697.940,20197.913,19701.813,19209.954,18722.618,18240.055,17762.493,17290.132,16823.153,16361.716,15905.964,15456.025,15012.009,14574.017,14142.133,13716.431,13296.974,12883.812,12476.985,12076.522,11682.440,11294.746,10913.436,10538.492,10169.888,9807.584,9451.529,9101.660,8757.906,8420.182,8088.394,7762.440,7442.210,7127.587,6818.448,6514.668,6216.120,5922.678,5634.220,5350.630,5071.805,4797.656,4528.116,4263.145,4002.744,3746.962,3495.913,3249.797,3008.925,2773.751,2544.915,2323.280,2109.969,1906.385,1714.154,1534.987,1370.395,1221.336,1087.938,969.539,864.934,772.649,691.153,618.997,554.873,497.634,446.288,399.975,357.939,319.498,284.024,250.937,219.724,189.949,161.262,133.384,106.100,79.243,52.678,26.295,0.000
0.000,84.485,169.082,253.889,339.004,424.525,510.552,597.182,684.513,772.645,861.676,951.703,1042.826,1135.144,1228.753,1323.753,1420.241,1518.315,1618.073,1719.612,1823.029,1928.419,2035.879,2145.504,2257.389,2371.627,2488.312,2607.537,2729.395,2853.976,2981.371,3111.673,3244.968,3381.348,3520.902,3663.717,3809.884,3959.491,4112.625,4269.377,4429.834,4594.086,4762.225,4934.339,5110.520,5290.860,5475.452,5664.390,5857.770,6055.686,6258.237,6465.521,6677.637,6894.686,7116.769,7343.990,7576.453,7814.261,8057.523,8306.342,8560.828,8821.088,9087.229,9359.359,9637.586,9922.019,10212.764,10509.927,10813.612,11123.923,11440.961,11764.824,12095.607,12433.402,12778.297,13130.373,13489.709,13856.373,14230.430,14611.933,15000.928,15397.448,15801.516,16213.139,16632.313,17059.012,17493.195,17934.799,18383.737,18839.897,19303.140,19773.293,20250.149,20733.466,21222.958,21718.293,22219.091,22724.918,23235.283,23749.630,24267.336,24787.710,25309.979,25833.298,26356.734,26879.275,27399.821,27917.192,28430.126,28937.290,29437.287,29928.666,30409.943,30879.616,31336.185,31778.181,32204.188,32612.865,33002.973,33373.391,33723.132,34051.351,34357.350,34640.571,34900.595,35137.121,35349.960,35539.005,35704.224,35845.636,35963.294,36057.269,36127.639,36174.476,36197.838,36197.762,36174.265,36127.339,36056.955,35963.070,35845.633,35704.596,35539.924,35351.617,35139.717,34904.333,34645.655,34363.972,34059.684,33733.319,33385.539,33017.138,32629.045,32222.311,31798.100,31357.665,30902.331,30433.470,29952.478,29460.754,28959.679,28450.599,27934.810,27413.547,26887.977,26359.193,25828.210,25295.967,24763.326,24231.075,23699.928,23170.535,22643.481,22119.292,21598.440,21081.348,20568.389,20059.900,19556.177,19057.483,18564.051,18076.084,17593.763,17117.245,16646.667,16182.149,15723.793,15271.689,14825.908,14386.514,13953.554,13527.068,13107.080,12693.609,12286.658,11886.222,11492.286,11104.823,10723.797,10349.159,9980.850,9618.803,9262.937,8913.162,8569.380,8231.483,7899.352,7572.865,7251.890,6936.292,6625.931,6320.666,6020.355,5724.860,5434.046,5147.789,4865.977,4588.514,4315.332,4046.395,3781.712,3521.355,3265.482,3014.363,2768.431,2528.331,2295.001,2069.749,1854.332,1650.956,1462.138,1290.271,1136.924,1002.220,885.011,783.423,695.348,618.754,551.834,493.044,441.101,394.941,353.673,316.536,282.837,251.919,223.149,195.970,169.925,144.674,119.967,95.632,71.544,47.618,23.787,0.000
0.000,85.119,170.349,255.790,341.537,427.691,514.348,601.608,689.568,778.326,867.982,958.632,1050.376,1143.311,1237.536,1333.148,1430.247,1528.928,1629.291,1731.432,1835.449,1941.437,2049.494,2159.714,2272.194,2387.029,2504.313,2624.140,2746.603,2871.796,2999.812,3130.743,3264.681,3401.718,3541.945,3685.455,3832.339,3982.689,4136.596,4294.153,4455.452,4620.588,4789.653,4962.743,5139.953,5321.379,5507.120,5697.272,5891.938,6091.217,6295.213,6504.028,6717.768,6936.539,7160.448,7389.606,7624.121,7864.106,8109.673,8360.935,8618.007,8881.005,9150.043,9425.238,9706.708,9994.568,10288.935,10589.924,10897.651,11212.229,11533.770,11862.385,12198.181,12541.262,12891.729,13249.679,13615.202,13988.385,14369.305,14758.034,15154.634,15559.155,15971.639,16392.112,16820.587,17257.061,17701.511,18153.895,18614.147,19082.176,19557.862,20041.054,20531.565,21029.171,21533.604,22044.548,22561.638,23084.450,23612.498,24145.231,24682.024,25222.173,25764.892,26309.306,26854.449,27399.256,27942.567,28483.123,29019.573,29550.474,30074.303,30589.473,31094.347,31587.262,32066.552,32530.583,32977.775,33406.641,33815.812,34204.059,34570.316,34913.688,35233.452,35529.060,35800.120,36046.383,36267.720,36464.100,36635.570,36782.225,36904.191,37001.607,37074.608,37123.310,37147.804,37148.146,37124.355,37076.414,37004.269,36907.841,36787.029,36641.726,36471.833,36277.278,36058.034,35814.142,35545.735,35253.057,34936.485,34596.541,34233.909,33849.435,33444.123,33019.130,32575.740,32115.349,31639.432,31149.520,30647.164,30133.915,29611.295,29080.777,28543.773,28001.617,27455.560,26906.764,26356.300,25805.149,25254.205,24704.276,24156.091,23610.304,23067.500,22528.199,21992.863,21461.900,20935.669,20414.486,19898.628,19388.336,18883.820,18385.258,17892.808,17406.602,16926.751,16453.351,15986.478,15526.194,15072.550,14625.579,14185.307,13751.747,13324.901,12904.761,12491.308,12084.515,11684.343,11290.745,10903.662,10523.027,10148.762,9780.779,9418.982,9063.264,8713.510,8369.596,8031.389,7698.751,7371.536,7049.594,6732.768,6420.902,6113.836,5811.412,5513.473,5219.871,4930.463,4645.122,4363.737,4086.227,3812.545,3542.699,3276.769,3014.947,2757.582,2505.257,2258.897,2019.925,1790.440,1573.384,1372.499,1191.770,1033.997,899.119,784.961,688.487,606.645,536.754,476.603,424.427,378.839,338.747,303.285,271.733,243.430,217.695,193.800,171.104,149.130,127.558,106.195,84.926,63.693,42.466,21.236,0.000
0.000,85.682,171.475,257.478,343.787,430.502,517.719,605.538,694.055,783.369,873.578,964.780,1057.073,1150.555,1245.324,1341.479,1439.117,1538.336,1639.234,1741.907,1846.454,1952.971,2061.556,2172.303,2285.311,2400.675,2518.490,2638.852,2761.855,2887.594,3016.165,3147.660,3282.175,3419.804,3560.640,3704.779,3852.314,4003.340,4157.954,4316.249,4478.323,4644.272,4814.195,4988.189,5166.355,5348.794,5535.607,5726.899,5922.772,6123.335,6328.693,6538.956,6754.235,6974.641,7200.289,7431.292,7667.769,7909.836,8157.613,8411.221,8670.781,8936.417,9208.253,9486.413,9771.023,10062.208,10360.095,10664.809,10976.476,11295.220,11621.166,11954.436,12295.149,12643.424,12999.375,13363.114,13734.747,14114.375,14502.093,14897.990,15302.146,15714.631,16135.506,16564.817,17002.598,17448.868,17903.626,18366.854,18838.508,19318.521,19806.797,20303.209,20807.594,21319.750,21839.431,22366.343,22900.139,23440.409,23986.683,24538.416,25094.986,25655.685,26219.715,26786.180,27354.077,27922.296,28489.615,29054.695,29616.086,30172.228,30721.462,31262.044,31792.163,32309.968,32813.600,33301.225,33771.075,34221.486,34650.932,35058.061,35441.715,35800.945,36135.014,36443.387,36725.722,36981.838,37211.693,37415.356,37592.971,37744.733,37870.861,37971.577,38047.086,38097.558,38123.124,38123.859,38099.789,38050.882,37977.055,37878.182,37754.100,37604.630,37429.589,37228.813,37002.184,36749.655,36471.278,36167.233,35837.855,35483.653,35105.329,34703.781,34280.102,33835.567,33371.609,32889.791,32391.769,31879.259,31353.996,30817.705,30272.069,29718.708,29159.159,28594.863,28027.161,27457.285,26886.360,26315.410,25745.354,25177.019,24611.141,24048.375,23489.298,22934.420,22384.187,21838.989,21299.165,20765.006,20236.765,19714.658,19198.867,18689.547,18186.824,17690.807,17201.578,16719.205,16243.738,15775.214,15313.653,14859.067,14411.454,13970.801,13537.087,13110.278,12690.333,12277.201,11870.822,11471.126,11078.034,10691.458,10311.302,9937.460,9569.816,9208.247,8852.621,8502.798,8158.631,7819.963,7486.634,7158.477,6835.320,6516.987,6203.298,5894.074,5589.135,5288.302,4991.400,4698.262,4408.732,4122.667,3839.953,3560.507,3284.304,3011.401,2741.993,2476.488,2215.652,1960.832,1714.315,1479.809,1262.853,1070.441,908.284,775.396,667.313,578.994,506.060,445.074,393.451,349.272,311.123,277.963,249.023,223.711,201.483,181.658,163.275,145.538,127.949,110.251,92.340,74.196,55.842,37.323,18.691,0.000
0.000,86.174,172.460,258.954,345.755,432.960,520.666,608.972,697.976,787.775,878.466,970.149,1062.921,1156.879,1252.122,1348.748,1446.855,1546.541,1647.903,1751.038,1856.046,1963.022,2072.065,2183.271,2296.738,2412.562,2530.840,2651.668,2775.143,2901.361,3030.418,3162.411,3297.435,3435.587,3576.964,3721.663,3869.780,4021.414,4176.663,4335.626,4498.402,4665.092,4835.797,5010.621,5189.667,5373.040,5560.846,5753.194,5950.192,6151.952,6358.587,6570.209,6786.935,7008.884,7236.175,7468.927,7707.265,7951.314,8201.199,8457.048,8718.991,8987.159,9261.683,9542.697,9830.336,10124.734,10426.028,10734.353,11049.847,11372.646,11702.885,12040.699,12386.221,12739.583,13100.915,13470.343,13847.990,14233.973,14628.406,15031.395,15443.040,15863.432,16292.650,16730.766,17177.835,17633.900,18098.984,18573.095,19056.215,19548.303,20049.292,20559.081,21077.535,21604.479,22139.695,22682.914,23233.811,23792.003,24357.035,24928.378,25505.419,26087.454,26673.678,27263.179,27854.925,28447.765,29040.413,29631.451,30219.326,30802.352,31378.718,31946.504,32503.700,33048.238,33578.027,34091.000,34585.156,35058.619,35509.677,35936.830,36338.817,36714.630,37063.522,37384.994,37678.770,37944.769,38183.067,38393.856,38577.411,38734.053,38864.116,38967.921,39045.759,39097.868,39124.421,39125.523,39101.202,39051.409,38976.025,38874.866,38747.696,38594.242,38414.215,38207.339,37973.376,37712.159,37423.635,37107.892,36765.203,36396.047,36001.138,35581.429,35138.115,34672.612,34186.531,33681.635,33159.801,32622.963,32073.076,31512.066,30941.803,30364.068,29780.537,29192.767,28602.191,28010.112,27417.709,26826.041,26236.050,25648.574,25064.349,24484.025,23908.165,23337.262,22771.741,22211.966,21658.250,21110.858,20570.013,20035.901,19508.674,18988.457,18475.348,17969.423,17470.738,16979.330,16495.221,16018.420,15548.920,15086.705,14631.747,14184.008,13743.440,13309.987,12883.583,12464.154,12051.618,11645.882,11246.849,10854.408,10468.446,10088.836,9715.447,9348.136,8986.756,8631.148,8281.150,7936.590,7597.290,7263.065,6933.727,6609.079,6288.922,5973.053,5661.265,5353.348,5049.093,4748.289,4450.725,4156.195,3864.500,3575.453,3288.889,3004.685,2722.796,2443.318,2166.627,1893.644,1626.363,1368.840,1128.794,918.968,753.396,626.948,529.973,454.177,393.579,344.081,302.897,268.125,238.452,212.989,191.162,172.632,157.158,144.199,132.122,119.842,106.893,93.170,78.728,63.683,48.164,32.297,16.205,0.000
0.000,86.596,173.303,260.219,347.441,435.065,523.191,611.914,701.333,791.546,882.650,974.743,1067.922,1162.285,1257.932,1354.958,1453.463,1553.545,1655.300,1758.828,1864.226,1971.591,2081.022,2192.616,2306.472,2422.687,2541.358,2662.583,2786.460,2913.087,3042.561,3174.980,3310.443,3449.049,3590.896,3736.083,3884.711,4036.879,4192.690,4352.245,4515.648,4683.002,4854.412,5029.985,5209.829,5394.053,5582.768,5776.085,5974.119,6176.986,6384.803,6597.690,6815.767,7039.159,7267.990,7502.389,7742.483,7988.405,8240.288,8498.266,8762.477,9033.060,9310.154,9593.903,9884.450,10181.939,10486.517,10798.330,11117.526,11444.254,11778.661,12120.894,12471.102,12829.431,13196.025,13571.026,13954.574,14346.805,14747.850,15157.835,15576.880,16005.098,16442.593,16889.456,17345.771,17811.604,18287.007,18772.013,19266.636,19770.864,20284.659,20807.953,21340.643,21882.586,22433.596,22993.435,23561.810,24138.365,24722.672,25314.225,25912.428,26516.589,27125.905,27739.455,28356.189,28974.915,29594.294,30212.826,30828.854,31440.556,32045.956,32642.937,33229.260,33802.603,34360.601,34900.900,35421.224,35919.431,36393.587,36842.011,37263.320,37656.448,38020.650,38355.482,38660.770,38936.566,39183.101,39400.732,39589.900,39751.078,39884.745,39991.345,40071.269,40124.833,40152.267,40153.703,40129.175,40078.614,40001.855,39898.647,39768.660,39611.510,39426.778,39214.042,38972.911,38703.066,38404.308,38076.603,37720.127,37335.311,36922.869,36483.813,36019.455,35531.382,35021.420,34491.582,33944.007,33380.898,32804.467,32216.878,31620.213,31016.435,30407.373,29794.704,29179.956,28564.501,27949.567,27336.242,26725.483,26118.129,25514.912,24916.464,24323.331,23735.977,23154.800,22580.134,22012.259,21451.406,20897.765,20351.488,19812.695,19281.475,18757.894,18241.997,17733.807,17233.332,16740.561,16255.475,15778.039,15308.209,14845.928,14391.135,13943.754,13503.705,13070.898,12645.237,12226.615,11814.920,11410.032,11011.824,10620.158,10234.892,9855.875,9482.949,9115.947,8754.696,8399.015,8048.716,7703.604,7363.476,7028.126,6697.337,6370.889,6048.555,5730.099,5415.283,5103.857,4795.568,4490.148,4187.324,3886.807,3588.294,3291.462,2995.974,2701.475,2407.618,2114.122,1820.954,1528.819,1240.534,964.625,723.329,559.457,449.087,371.504,314.208,270.038,234.806,205.965,181.905,161.597,144.404,130.025,118.517,110.334,105.874,101.189,94.828,86.624,76.819,65.730,53.652,40.837,27.501,13.832,0.000
0.000,86.948,174.007,261.274,348.846,436.820,525.294,614.364,704.129,794.685,886.131,978.562,1072.079,1166.777,1262.755,1360.111,1458.944,1559.350,1661.428,1765.277,1870.994,1978.678,2088.426,2200.338,2314.512,2431.046,2550.039,2671.590,2795.798,2922.762,3052.581,3185.355,3321.185,3460.170,3602.413,3748.015,3897.078,4049.705,4206.000,4366.070,4530.019,4697.956,4869.988,5046.227,5226.783,5411.771,5601.304,5795.499,5994.476,6198.353,6407.255,6621.305,6840.631,7065.360,7295.625,7531.558,7773.296,8020.976,8274.738,8534.725,8801.082,9073.955,9353.493,9639.847,9933.170,10233.618,10541.345,10856.510,11179.271,11509.790,11848.227,12194.742,12549.499,12912.657,13284.377,13664.818,14054.136,14452.486,14860.020,15276.884,15703.220,16139.163,16584.840,17040.370,17505.861,17981.409,18467.093,18962.979,19469.110,19985.510,20512.174,21049.070,21596.130,22153.250,22720.280,23297.022,23883.219,24478.553,25082.629,25694.973,26315.017,26942.090,27575.403,28214.037,28856.932,29502.869,30150.456,30798.123,31444.104,32086.439,32722.973,33351.366,33969.121,34573.614,35162.153,35732.039,36280.649,36805.521,37304.436,37775.497,38217.178,38628.353,39008.294,39356.646,39673.381,39958.732,40213.135,40437.161,40631.455,40796.686,40933.503,41042.500,41124.187,41178.974,41207.151,41208.886,41184.216,41133.049,41055.167,40950.237,40817.819,40657.393,40468.380,40250.177,40002.200,39723.931,39414.980,39075.139,38704.453,38303.270,37872.290,37412.585,36925.604,36413.145,35877.300,35320.390,34744.881,34153.301,33548.169,32931.931,32306.909,31675.271,31039.007,30399.922,29759.636,29119.585,28481.038,27845.102,27212.740,26584.782,25961.943,25344.830,24733.957,24129.756,23532.588,22942.749,22360.480,21785.974,21219.382,20660.816,20110.358,19568.063,19033.960,18508.058,17990.347,17480.800,16979.379,16486.029,16000.689,15523.284,15053.732,14591.942,14137.813,13691.241,13252.112,12820.304,12395.691,11978.138,11567.505,11163.642,10766.395,10375.603,9991.095,9612.697,9240.224,8873.486,8512.285,8156.418,7805.670,7459.823,7118.649,6781.915,6449.376,6120.783,5795.874,5474.377,5156.008,4840.469,4527.441,4216.582,3907.517,3599.828,3293.039,2986.588,2679.796,2371.808,2061.510,1747.415,1427.576,1099.973,765.929,450.325,312.062,238.479,192.778,161.140,137.583,119.163,104.268,91.952,81.640,73.018,66.031,61.086,59.801,67.787,71.945,71.669,67.967,61.761,53.729,44.363,34.035,23.040,11.622,0.000
0.000,87.230,174.571,262.119,349.972,438.225,526.977,616.324,706.364,797.193,888.910,981.610,1075.393,1170.355,1266.594,1364.210,1463.298,1563.958,1666.288,1770.386,1876.351,1984.281,2094.276,2206.433,2320.853,2437.635,2556.878,2678.682,2803.148,2930.376,3060.466,3193.521,3329.643,3468.933,3611.495,3757.434,3906.854,4059.860,4216.560,4377.062,4541.475,4709.910,4882.478,5059.294,5240.472,5426.131,5616.388,5811.365,6011.185,6215.972,6425.855,6640.962,6861.426,7087.382,7318.966,7556.317,7799.578,8048.894,8304.410,8566.278,8834.649,9109.678,9391.523,9680.344,9976.303,10279.564,10590.295,10908.664,11234.842,11569.001,11911.315,12261.960,12621.112,12988.946,13365.639,13751.368,14146.307,14550.631,14964.510,15388.114,15821.606,16265.147,16718.888,17182.976,17657.546,18142.724,18638.623,19145.339,19662.952,20191.520,20731.079,21281.635,21843.162,22415.598,22998.838,23592.726,24197.054,24811.545,25435.852,26069.540,26712.082,27362.839,28021.049,28685.812,29356.069,30030.586,30707.937,31386.482,32064.358,32739.461,33409.444,34071.728,34723.515,35361.832,35983.590,36585.666,37165.005,37718.739,38244.294,38739.501,39202.663,39632.595,40028.615,40390.505,40718.437,41012.897,41274.587,41504.351,41703.094,41871.720,42011.088,42121.964,42205.000,42260.711,42289.461,42291.454,42266.733,42215.176,42136.505,42030.289,41895.962,41732.841,41540.152,41317.070,41062.768,40776.473,40457.538,40105.526,39720.289,39302.050,38851.467,38369.674,37858.284,37319.356,36755.320,36168.884,35562.922,34940.364,34304.099,33656.900,33001.366,32339.887,31674.627,31007.516,30340.262,29674.357,29011.096,28351.594,27696.804,27047.534,26404.469,25768.179,25139.136,24517.730,23904.275,23299.022,22702.165,22113.853,21534.191,20963.250,20401.070,19847.663,19303.022,18767.116,18239.900,17721.313,17211.282,16709.722,16216.539,15731.630,15254.882,14786.179,14325.394,13872.396,13427.047,12989.204,12558.715,12135.426,11719.175,11309.793,10907.106,10510.935,10121.091,9737.381,9359.604,8987.554,8621.015,8259.766,7903.577,7552.211,7205.423,6862.959,6524.555,6189.936,5858.816,5530.894,5205.854,4883.355,4563.031,4244.481,3927.255,3610.837,3294.618,2977.853,2659.590,2338.551,2012.904,1679.796,1334.236,965.951,548.850,0.000,0.000,0.000,0.000,0.000,0.000,0.000,0.000,0.000,0.000,0.000,0.000,0.000,0.000,33.534,47.146,51.943,51.821,48.537,43.068,36.042,27.905,19.003,9.618,0.000
0.000,87.443,174.996,262.755,350.818,439.282,528.242,617.796,708.040,799.072,890.989,983.888,1077.866,1173.021,1269.452,1367.255,1466.528,1567.371,1669.881,1774.157,1880.297,1988.402,2098.570,2210.900,2325.493,2442.449,2561.868,2683.852,2808.502,2935.918,3066.205,3199.464,3335.800,3475.317,3618.121,3764.317,3914.012,4067.316,4224.336,4385.186,4549.975,4718.820,4891.833,5069.134,5250.840,5437.073,5627.955,5823.613,6024.172,6229.762,6440.517,6656.570,6878.058,7105.122,7337.904,7576.549,7821.207,8072.028,8329.165,8592.777,8863.023,9140.066,9424.073,9715.212,10013.654,10319.576,10633.153,10954.566,11283.998,11621.634,11967.660,12322.266,12685.643,13057.983,13439.479,13830.326,14230.717,14640.846,15060.905,15491.086,15931.577,16382.562,16844.222,17316.729,17800.250,18294.944,18800.955,19318.417,19847.447,20388.143,20940.582,21504.815,22080.862,22668.710,23268.302,23879.536,24502.256,25136.240,25781.194,26436.740,27102.401,27777.587,28461.579,29153.510,29852.342,30556.847,31265.578,31976.847,32688.698,33398.892,34104.886,34803.835,35492.605,36167.812,36825.889,37463.187,38076.107,38661.253,39215.600,39736.629,40222.441,40671.796,41084.099,41459.337,41797.971,42100.822,42368.947,42603.533,42805.810,42976.968,43118.110,43230.207,43314.073,43370.340,43399.454,43401.660,43377.006,43325.337,43246.305,43139.372,43003.820,42838.778,42643.240,42416.113,42156.264,41862.593,41534.121,41170.093,40770.090,40334.146,39862.837,39357.354,38819.509,38251.692,37656.770,37037.949,36398.619,35742.207,35072.050,34391.303,33702.880,33009.409,32313.231,31616.400,30920.697,30227.652,29538.572,28854.558,28176.538,27505.281,26841.424,26185.488,25537.890,24898.967,24268.976,23648.113,23036.520,22434.294,21841.490,21258.131,20684.210,20119.696,19564.538,19018.668,18481.999,17954.437,17435.871,16926.184,16425.249,15932.933,15449.096,14973.591,14506.266,14046.964,13595.523,13151.776,12715.550,12286.668,11864.948,11450.201,11042.234,10640.849,10245.840,9856.997,9474.101,9096.929,8725.249,8358.823,7997.405,7640.741,7288.566,6940.609,6596.586,6256.200,5919.142,5585.085,5253.682,4924.559,4597.312,4271.490,3946.588,3622.018,3297.082,2970.922,2642.433,2310.140,1971.961,1624.793,1263.746,880.825,463.546,0.000,0.000,0.000,0.000,0.000,0.000,0.000,0.000,0.000,0.000,0.000,0.000,0.000,0.000,19.208,31.167,37.141,38.842,37.504,33.969,28.834,22.544,15.450,7.849,0.000
0.000,87.586,175.281,263.183,351.387,439.991,529.090,618.780,709.159,800.324,892.371,985.398,1079.501,1174.779,1271.328,1369.248,1468.635,1569.588,1672.206,1776.588,1882.832,1991.038,2101.306,2213.736,2328.429,2445.485,2565.005,2687.093,2811.850,2939.379,3069.784,3203.169,3339.641,3479.305,3622.268,3768.639,3918.526,4072.042,4229.297,4390.405,4555.481,4724.643,4898.008,5075.697,5257.833,5444.539,5635.944,5832.175,6033.365,6239.647,6451.159,6668.040,6890.431,7118.480,7352.333,7592.142,7838.062,8090.250,8348.868,8614.080,8886.053,9164.959,9450.972,9744.270,10045.035,10353.450,10669.705,10993.991,11326.502,11667.436,12016.993,12375.377,12742.795,13119.454,13505.565,13901.340,14306.993,14722.737,15148.788,15585.360,16032.664,16490.914,16960.316,17441.075,17933.388,18437.447,18953.433,19481.519,20021.861,20574.601,21139.861,21717.741,22308.313,22911.615,23527.650,24156.374,24797.693,25451.450,26117.416,26795.280,27484.632,28184.947,28895.569,29615.685,30344.302,31080.220,31821.998,32567.921,33315.967,34063.771,34808.596,35547.320,36276.433,36992.074,37690.097,38366.193,39016.064,39635.630,40221.263,40769.998,41279.681,41749.034,42177.619,42565.729,42914.232,43224.404,43497.763,43735.935,43940.543,44113.122,44255.060,44367.561,44451.616,44507.992,44537.219,44539.589,44515.153,44463.721,44384.867,44277.931,44142.031,43976.074,43778.787,43548.750,43284.458,42984.397,42647.150,42271.533,41856.744,41402.525,40909.314,40378.342,39811.665,39212.107,38583.108,37928.527,37252.417,36558.827,35851.637,35134.449,34410.519,33682.731,32953.597,32225.276,31499.604,30778.127,30062.134,29352.692,28650.679,27956.805,27271.644,26595.647,25929.167,25272.470,24625.749,23989.136,23362.713,22746.516,22140.546,21544.771,20959.136,20383.562,19817.953,19262.195,18716.164,18179.725,17652.733,17135.034,16626.470,16126.877,15636.083,15153.914,14680.192,14214.733,13757.352,13307.856,12866.052,12431.742,12004.721,11584.782,11171.714,10765.299,10365.315,9971.533,9583.719,9201.633,8825.026,8453.645,8087.227,7725.501,7368.187,7014.993,6665.619,6319.748,5977.051,5637.176,5299.754,4964.384,4630.631,4298.013,3965.988,3633.933,3301.108,2966.620,2629.348,2287.847,1940.202,1583.825,1215.244,830.130,424.533,0.000,0.000,0.000,0.000,0.000,0.000,0.000,0.000,0.000,0.000,0.000,0.000,0.000,0.000,12.136,21.176,26.617,28.908,28.672,26.475,22.785,17.988,12.408,6.326,0.000
0.000,87.659,175.428,263.403,351.679,440.353,529.521,619.278,709.723,800.950,893.057,986.141,1080.299,1175.628,1272.226,1370.190,1469.620,1570.612,1673.265,1777.680,1883.955,1992.189,2102.483,2214.939,2329.656,2446.736,2566.283,2688.397,2813.184,2940.747,3071.192,3204.624,3341.150,3480.878,3623.917,3770.378,3920.371,4074.010,4231.410,4392.685,4557.955,4727.339,4900.958,5078.936,5261.398,5448.473,5640.291,5836.987,6038.693,6245.551,6457.701,6675.286,6898.455,7127.357,7362.148,7602.984,7850.026,8103.438,8363.387,8630.047,8903.590,9184.198,9472.053,9767.342,10070.256,10380.989,10699.741,11026.715,11362.117,11706.157,12059.050,12421.014,12792.270,13173.043,13563.562,13964.056,14374.760,14795.908,15227.738,15670.488,16124.396,16589.702,17066.642,17555.451,18056.362,18569.599,19095.384,19633.929,20185.435,20750.088,21328.062,21919.508,22524.553,23143.297,23775.805,24422.102,25082.162,25755.903,26443.177,27143.751,27857.300,28583.383,29321.427,30070.700,30830.281,31599.031,32375.547,33158.124,33944.705,34732.829,35519.583,36301.565,37074.860,37835.054,38577.305,39296.476,39987.354,40644.945,41264.808,41843.380,42378.193,42867.965,43312.523,43712.620,44069.704,44385.664,44662.621,44902.747,45108.144,45280.747,45422.271,45534.176,45617.651,45673.600,45702.645,45705.125,45681.094,45630.325,45552.309,45446.255,45311.099,45145.505,44947.890,44716.455,44449.240,44144.212,43799.385,43412.990,42983.681,42510.765,41994.432,41435.928,40837.614,40202.889,39535.972,38841.593,38124.673,37390.043,36642.236,35885.367,35123.063,34358.460,33594.225,32832.594,32075.422,31324.234,30580.273,29844.538,29117.831,28400.778,27693.866,26997.464,26311.841,25637.180,24973.600,24321.160,23679.870,23049.703,22430.596,21822.462,21225.189,20638.647,20062.692,19497.167,18941.903,18396.725,17861.449,17335.889,16819.850,16313.137,15815.549,15326.882,14846.931,14375.488,13912.340,13457.274,13010.074,12570.519,12138.386,11713.449,11295.476,10884.233,10479.480,10080.971,9688.457,9301.680,8920.378,8544.279,8173.107,7806.573,7444.383,7086.228,6731.791,6380.738,6032.721,5687.372,5344.300,5003.087,4663.278,4324.375,3985.821,3646.983,3307.131,2965.401,2620.755,2271.926,1917.366,1555.213,1183.384,799.984,404.477,0.000,0.000,0.000,0.000,0.000,0.000,0.000,0.000,0.000,0.000,0.000,0.000,0.000,0.000,8.159,14.789,19.247,21.504,21.805,20.476,17.846,14.217,9.867,5.048,0.000
0.000,87.664,175.438,263.416,351.695,440.370,529.537,619.292,709.731,800.952,893.049,986.120,1080.261,1175.571,1272.146,1370.084,1469.483,1570.442,1673.059,1777.433,1883.665,1991.853,2102.100,2214.505,2329.171,2446.200,2565.695,2687.759,2812.497,2940.015,3070.418,3203.814,3340.311,3480.019,3623.049,3769.512,3919.522,4073.195,4230.646,4391.995,4557.362,4726.868,4900.639,5078.802,5261.485,5448.819,5640.940,5837.984,6040.090,6247.401,6460.063,6678.225,6902.039,7131.660,7367.249,7608.968,7856.984,8111.467,8372.593,8640.539,8915.488,9197.629,9487.152,9784.253,10089.133,10401.997,10723.054,11052.519,11390.610,11737.550,12093.569,12458.898,12833.774,13218.439,13613.139,14018.123,14433.646,14859.962,15297.335,15746.025,16206.298,16678.421,17162.662,17659.287,18168.564,18690.755,19226.122,19774.919,20337.392,20913.780,21504.305,22109.178,22728.587,23362.695,24011.640,24675.518,25354.386,26048.246,26757.040,27480.633,28218.800,28971.204,29737.382,30516.709,31308.373,32111.332,32924.267,33745.530,34573.081,35404.411,36236.472,37065.600,37887.461,38697.025,39488.615,40256.047,40992.901,41692.931,42350.567,42961.418,43522.626,44032.972,44492.729,44903.355,45267.114,45586.731,45865.099,46105.070,46309.311,46480.214,46619.858,46729.975,46811.958,46866.854,46895.377,46897.910,46874.510,46824.913,46748.524,46644.420,46511.343,46347.698,46151.559,45920.691,45652.595,45344.593,44993.964,44598.149,44155.022,43663.232,43122.549,42534.167,41900.832,41226.741,40517.194,39778.117,39015.575,38235.388,37442.873,36642.712,35838.916,35034.852,34233.296,33436.515,32646.334,31864.209,31091.291,30328.477,29576.456,28835.747,28106.727,27389.660,26684.713,25991.979,25311.486,24643.210,23987.084,23343.009,22710.855,22090.471,21481.687,20884.320,20298.174,19723.042,19158.715,18604.973,18061.595,17528.357,17005.030,16491.387,15987.195,15492.223,15006.239,14529.007,14060.291,13599.856,13147.462,12702.868,12265.832,11836.107,11413.445,10997.593,10588.294,10185.287,9788.307,9397.079,9011.327,8630.764,8255.098,7884.028,7517.242,7154.418,6795.222,6439.307,6086.309,5735.846,5387.514,5040.881,4695.484,4350.820,4006.335,3661.414,3315.364,2967.395,2616.605,2261.960,1902.307,1536.424,1163.200,782.010,393.412,0.000,0.000,0.000,0.000,0.000,0.000,0.000,0.000,0.000,0.000,0.000,0.000,0.000,0.000,5.714,10.576,14.079,16.059,16.571,15.782,13.906,11.169,7.795,4.002,0.000
0.000,87.600,175.309,263.222,351.434,440.041,529.139,618.822,709.187,800.330,892.347,985.335,1079.390,1174.609,1271.090,1368.930,1468.227,1569.080,1671.587,1775.848,1881.962,1990.031,2100.154,2212.434,2326.972,2443.871,2563.236,2685.170,2809.780,2937.171,3067.450,3200.727,3337.110,3476.712,3619.644,3766.020,3915.956,4069.569,4226.976,4388.301,4553.665,4723.192,4897.012,5075.252,5258.045,5445.526,5637.833,5835.106,6037.488,6245.127,6458.172,6676.776,6901.098,7131.297,7367.538,7609.990,7858.825,8114.221,8376.358,8645.423,8921.605,9205.100,9496.108,9794.834,10101.486,10416.282,10739.440,11071.186,11411.752,11761.373,12120.291,12488.754,12867.015,13255.332,13653.967,14063.191,14483.277,14914.505,15357.157,15811.523,16277.893,16756.565,17247.836,17752.008,18269.383,18800.263,19344.951,19903.745,20476.941,21064.829,21667.688,22285.788,22919.384,23568.709,24233.976,24915.366,25613.022,26327.044,27057.476,27804.294,28567.393,29346.563,30141.476,30951.648,31776.412,32614.872,33465.848,34327.813,35198.814,36076.371,36957.373,37837.954,38713.379,39577.961,40425.047,41247.131,42036.180,42784.192,43483.968,44129.934,44718.736,45249.362,45722.845,46141.716,46509.414,46829.781,47106.699,47343.838,47544.519,47711.641,47847.661,47954.595,48034.033,48087.160,48114.773,48117.299,48094.796,48046.962,47973.125,47872.231,47742.832,47583.065,47390.641,47162.844,46896.551,46588.304,46234.443,45831.343,45375.767,44865.344,44299.136,43678.146,43005.614,42286.876,41528.796,40738.976,39925.015,39093.977,38252.092,37404.649,36556.016,35709.731,34868.610,34034.872,33210.240,32396.043,31593.286,30802.717,30024.879,29260.147,28508.766,27770.873,27046.520,26335.692,25638.314,24954.273,24283.416,23625.563,22980.514,22348.049,21727.939,21119.939,20523.802,19939.273,19366.094,18804.004,18252.741,17712.043,17181.649,16661.295,16150.721,15649.665,15157.867,14675.068,14201.007,13735.425,13278.062,12828.655,12386.943,11952.661,11525.542,11105.317,10691.713,10284.452,9883.254,9487.830,9097.890,8713.131,8333.248,7957.926,7586.839,7219.652,6856.017,6495.575,6137.950,5782.747,5429.555,5077.934,4727.421,4377.517,4027.683,3677.338,3325.844,2972.505,2616.567,2257.224,1893.659,1525.121,1151.085,771.508,387.181,0.000,0.000,0.000,0.000,0.000,0.000,0.000,0.000,0.000,0.000,0.000,0.000,0.000,0.000,4.121,7.723,10.437,12.084,12.639,12.176,10.829,8.759,6.144,3.163,0.000
0.000,87.468,175.043,262.822,350.899,439.369,528.328,617.870,708.091,799.088,890.955,983.789,1077.686,1172.744,1269.059,1366.729,1465.852,1566.526,1668.850,1772.924,1878.847,1986.720,2096.644,2208.721,2323.055,2439.747,2558.902,2680.626,2805.026,2932.207,3062.279,3195.351,3331.534,3470.942,3613.686,3759.883,3909.651,4063.108,4220.375,4381.574,4546.833,4716.276,4890.035,5068.243,5251.032,5438.543,5630.916,5828.295,6030.826,6238.662,6451.955,6670.863,6895.549,7126.179,7362.920,7605.949,7855.442,8111.585,8374.563,8644.570,8921.804,9206.466,9498.767,9798.918,10107.140,10423.657,10748.700,11082.506,11425.318,11777.385,12138.964,12510.315,12891.707,13283.416,13685.722,14098.915,14523.288,14959.144,15406.789,15866.537,16338.708,16823.627,17321.625,17833.038,18358.203,18897.465,19451.167,20019.655,20603.277,21202.374,21817.288,22448.350,23095.885,23760.202,24441.596,25140.337,25856.665,26590.787,27342.862,28112.992,28901.209,29707.454,30531.560,31373.221,32231.957,33107.071,33997.587,34902.181,35819.080,36745.948,37679.725,38616.461,39551.108,40477.333,41387.384,42272.124,43121.342,43924.507,44671.970,45356.384,45973.765,46523.619,47008.282,47431.944,47799.720,48116.946,48388.733,48619.710,48813.923,48974.800,49105.175,49207.329,49283.033,49333.589,49359.866,49362.323,49341.019,49295.621,49225.388,49129.155,49005.297,48851.701,48665.715,48444.117,48183.093,47878.269,47524.813,47117.678,46652.034,46123.937,45531.214,44874.400,44157.355,43387.128,42572.937,41724.800,40852.380,39964.286,39067.765,38168.695,37271.712,36380.410,35497.527,34625.125,33764.736,32917.479,32084.151,31265.300,30461.280,29672.295,28898.426,28139.667,27395.934,26667.090,25952.952,25253.301,24567.895,23896.470,23238.746,22594.434,21963.238,21344.854,20738.978,20145.306,19563.530,18993.348,18434.455,17886.553,17349.343,16822.531,16305.824,15798.933,15301.570,14813.449,14334.288,13863.805,13401.716,12947.742,12501.600,12063.009,11631.683,11207.338,10789.684,10378.429,9973.278,9573.929,9180.075,8791.403,8407.593,8028.317,7653.238,7282.007,6914.266,6549.644,6187.755,5828.197,5470.551,5114.377,4759.213,4404.573,4049.942,3694.774,3338.496,2980.507,2620.189,2256.929,1890.166,1519.459,1144.611,765.817,383.825,0.000,0.000,0.000,0.000,0.000,0.000,0.000,0.000,0.000,0.000,0.000,0.000,0.000,0.000,3.050,5.759,7.862,9.203,9.726,9.457,8.475,6.897,4.858,2.508,0.000
0.000,87.266,174.640,262.217,350.090,438.354,527.105,616.437,706.446,797.226,888.873,981.483,1075.152,1169.977,1266.056,1363.484,1462.360,1562.782,1664.850,1768.662,1874.319,1981.921,2091.570,2203.368,2317.417,2433.823,2552.689,2674.121,2798.228,2925.116,3054.895,3187.676,3323.570,3462.693,3605.158,3751.083,3900.587,4053.790,4210.815,4371.787,4536.835,4706.086,4879.674,5057.734,5240.404,5427.824,5620.139,5817.496,6020.045,6227.941,6441.343,6660.412,6885.315,7116.221,7353.306,7596.749,7846.733,8103.449,8367.090,8637.856,8915.951,9201.586,9494.977,9796.346,10105.922,10423.940,10750.641,11086.273,11431.090,11785.356,12149.338,12523.314,12907.568,13302.392,13708.085,14124.954,14553.315,14993.492,15445.816,15910.626,16388.271,16879.105,17383.491,17901.800,18434.409,18981.700,19544.064,20121.893,20715.587,21325.545,21952.168,22595.856,23257.007,23936.009,24633.244,25349.078,26083.857,26837.901,27611.496,28404.886,29218.256,30051.721,30905.303,31778.907,32672.286,33585.000,34516.354,35465.318,36430.425,37409.626,38400.100,39398.005,40398.173,41393.756,42375.880,43333.452,44253.339,45121.276,45923.743,46650.565,47296.997,47863.719,48355.354,48778.679,49141.182,49450.146,49712.158,49932.922,50117.230,50269.020,50391.465,50487.064,50557.727,50604.840,50629.320,50631.645,50611.874,50569.653,50504.192,50414.241,50298.045,50153.274,49976.954,49765.372,49514.000,49217.439,48869.446,48463.120,47991.368,47447.785,46828.035,46131.558,45362.973,44532.067,43651.774,42735.680,41796.225,40843.852,39886.845,38931.535,37982.637,37043.602,36116.917,35204.342,34307.097,33426.001,32561.571,31714.101,30883.714,30070.404,29274.070,28494.537,27731.572,26984.905,26254.230,25539.222,24839.536,24154.821,23484.715,22828.854,22186.873,21558.409,20943.099,20340.585,19750.514,19172.536,18606.308,18051.492,17507.753,16974.765,16452.205,15939.754,15437.098,14943.927,14459.934,13984.815,13518.267,13059.990,12609.684,12167.048,11731.782,11303.586,10882.153,10467.179,10058.354,9655.362,9257.883,8865.593,8478.160,8095.241,7716.491,7341.548,6970.044,6601.599,6235.818,5872.293,5510.602,5150.305,4790.946,4432.052,4073.133,3713.683,3353.187,2991.130,2627.007,2260.355,1890.794,1518.079,1142.184,763.384,382.322,0.000,0.000,0.000,0.000,0.000,0.000,0.000,0.000,0.000,0.000,0.000,0.000,0.000,0.000,2.319,4.401,6.052,7.141,7.607,7.451,6.719,5.496,3.885,2.010,0.000
0.000,86.997,174.101,261.407,349.008,436.998,525.473,614.525,704.252,794.746,886.103,978.419,1071.789,1166.311,1262.081,1359.195,1457.752,1557.850,1659.588,1763.064,1868.379,1975.634,2084.930,2196.371,2310.058,2426.097,2544.592,2665.651,2789.381,2915.890,3045.290,3177.691,3313.207,3451.953,3594.045,3739.602,3888.744,4041.593,4198.274,4358.914,4523.642,4692.590,4865.894,5043.689,5226.118,5413.323,5605.452,5802.656,6005.088,6212.906,6426.272,6645.353,6870.319,7101.344,7338.609,7582.297,7832.599,8089.709,8353.828,8625.160,8903.919,9190.322,9484.594,9786.963,10097.670,10416.957,10745.076,11082.287,11428.856,11785.057,12151.173,12527.496,12914.324,13311.967,13720.741,14140.973,14573.000,15017.168,15473.831,15943.355,16426.116,16922.499,17432.900,17957.724,18497.386,19052.312,19622.935,20209.699,20813.055,21433.462,22071.383,22727.289,23401.651,24094.943,24807.638,25540.201,26293.091,27066.751,27861.605,28678.047,29516.434,30377.072,31260.199,32165.966,33094.402,34045.384,35018.572,36013.342,37028.674,38062.998,39113.973,40178.180,41250.683,42324.459,43389.715,44433.214,45438.000,46384.196,47251.812,48025.758,48700.540,49279.485,49771.298,50186.780,50536.716,50830.817,51077.342,51283.092,51453.549,51593.074,51705.083,51792.214,51856.446,51899.198,51921.399,51923.531,51905.651,51867.393,51807.954,51726.046,51619.840,51486.875,51323.935,51126.906,50890.592,50608.548,50272.930,49874.518,49403.076,48848.364,48202.169,47461.435,46631.551,45727.059,44767.109,43770.648,42753.745,41728.840,40705.046,39688.807,38684.570,37695.344,36723.121,35769.175,34834.278,33918.846,33023.042,32146.847,31290.113,30452.597,29633.986,28833.922,28052.011,27287.834,26540.958,25810.941,25097.336,24399.695,23717.575,23050.532,22398.133,21759.950,21135.562,20524.558,19926.537,19341.103,18767.872,18206.467,17656.520,17117.671,16589.566,16071.858,15564.208,15066.280,14577.746,14098.279,13627.558,13165.261,12711.072,12264.675,11825.752,11393.987,10969.063,10550.658,10138.450,9732.111,9331.310,8935.710,8544.967,8158.730,7776.639,7398.326,7023.412,6651.509,6282.214,5915.116,5549.787,5185.791,4822.678,4459.987,4097.250,3733.999,3369.768,3004.108,2636.606,2266.908,1894.753,1520.017,1142.761,763.275,382.099,0.000,0.000,0.000,0.000,0.000,0.000,0.000,0.000,0.000,0.000,0.000,0.000,0.000,0.000,1.825,3.476,4.805,5.702,6.112,6.020,5.457,4.481,3.178,1.647,0.000
0.000,86.660,173.427,260.393,347.654,435.302,523.431,612.136,701.511,791.649,882.647,974.599,1067.601,1161.748,1257.138,1353.867,1452.032,1551.732,1653.065,1756.130,1861.028,1967.859,2076.726,2187.730,2300.975,2416.566,2534.609,2655.211,2778.479,2904.524,3033.457,3165.389,3300.435,3438.711,3580.335,3725.425,3874.105,4026.498,4182.730,4342.929,4507.228,4675.760,4848.661,5026.073,5208.137,5395.000,5586.813,5783.727,5985.902,6193.498,6406.681,6625.621,6850.491,7081.472,7318.748,7562.508,7812.947,8070.265,8334.669,8606.370,8885.588,9172.546,9467.478,9770.622,10082.224,10402.538,10731.826,11070.356,11418.409,11776.270,12144.235,12522.609,12911.707,13311.855,13723.387,14146.649,14581.997,15029.800,15490.436,15964.297,16451.787,16953.320,17469.325,18000.243,18546.528,19108.647,19687.080,20282.318,20894.868,21525.247,22173.985,22841.622,23528.708,24235.804,24963.475,25712.293,26482.832,27275.665,28091.361,28930.475,29793.550,30681.098,31593.595,32531.465,33495.056,34484.612,35500.229,36541.793,37608.885,38700.634,39815.496,40950.902,42102.721,43264.446,44426.027,45572.373,46681.896,47726.303,48674.127,49500.663,50200.439,50782.885,51264.054,51660.894,51988.542,52259.509,52483.739,52668.982,52821.224,52945.059,53043.993,53120.672,53177.049,53214.509,53233.948,53235.829,53220.203,53186.716,53134.584,53062.549,52968.799,52850.858,52705.420,52528.140,52313.342,52053.663,51739.650,51359.406,50898.531,50340.922,49671.360,48881.008,47975.315,46978.118,45919.597,44826.738,43719.978,42613.462,41516.470,40434.886,39372.330,38330.950,37311.941,36315.878,35342.936,34393.028,33465.888,32561.137,31678.317,30816.921,29976.409,29156.223,28355.794,27574.551,26811.927,26067.356,25340.286,24630.172,23936.481,23258.695,22596.307,21948.825,21315.770,20696.678,20091.098,19498.589,18918.726,18351.095,17795.293,17250.927,16717.614,16194.979,15682.658,15180.292,14687.529,14204.022,13729.430,13263.416,12805.644,12355.783,11913.501,11478.467,11050.350,10628.816,10213.530,9804.154,9400.344,9001.753,8608.026,8218.803,7833.714,7452.382,7074.419,6699.430,6327.005,5956.727,5588.169,5220.892,4854.451,4488.397,4122.280,3755.658,3388.103,3019.218,2648.655,2276.133,1901.471,1524.614,1145.667,764.914,382.820,0.000,0.000,0.000,0.000,0.000,0.000,0.000,0.000,0.000,0.000,0.000,0.000,0.000,0.000,1.506,2.875,3.988,4.753,5.117,5.063,4.607,3.796,2.698,1.400,0.000
0.000,86.255,172.616,259.177,346.029,433.266,520.982,609.271,698.225,787.939,878.508,970.026,1062.588,1156.291,1251.229,1347.500,1445.200,1544.429,1645.283,1747.862,1852.267,1958.598,2066.956,2177.445,2290.168,2405.231,2522.739,2642.799,2765.521,2891.013,3019.390,3150.762,3285.245,3422.956,3564.014,3708.540,3856.656,4008.488,4164.164,4323.814,4487.570,4655.569,4827.949,5004.853,5186.426,5372.817,5564.178,5760.666,5962.440,6169.666,6382.513,6601.153,6825.766,7056.535,7293.648,7537.299,7787.689,8045.023,8309.513,8581.377,8860.840,9148.134,9443.498,9747.180,10059.434,10380.522,10710.717,11050.298,11399.554,11758.784,12128.298,12508.414,12899.462,13301.783,13715.729,14141.665,14579.967,15031.025,15495.243,15973.036,16464.835,16971.087,17492.251,18028.804,18581.239,19150.064,19735.804,20339.002,20960.218,21600.029,22259.031,22937.835,23637.071,24357.387,25099.446,25863.927,26651.523,27462.940,28298.898,29160.123,30047.346,30961.302,31902.720,32872.317,33870.788,34898.790,35956.917,37045.660,38165.346,39316.028,40497.306,41708.001,42945.601,44205.282,45478.236,46748.970,47991.481,49165.525,50218.225,51102.791,51818.108,52387.982,52841.543,53204.586,53497.425,53735.306,53929.481,54088.226,54217.652,54322.287,54405.497,54469.766,54516.902,54548.170,54564.385,54565.961,54552.944,54525.010,54481.446,54421.098,54342.284,54242.672,54119.087,53967.238,53781.324,53553.472,53272.974,52925.307,52491.121,51945.852,51261.790,50416.400,49411.094,48291.050,47107.013,45897.354,44686.634,43489.262,42313.223,41162.708,40039.719,38945.021,37878.676,36840.348,35829.477,34845.380,33887.307,32954.478,32046.099,31161.381,30299.542,29459.816,28641.454,27843.727,27065.926,26307.366,25567.382,24845.332,24140.597,23452.577,22780.695,22124.394,21483.138,20856.408,20243.704,19644.543,19058.459,18485.000,17923.728,17374.220,16836.063,16308.858,15792.213,15285.748,14789.089,14301.870,13823.732,13354.318,12893.280,12440.269,11994.940,11556.948,11125.950,10701.602,10283.556,9871.462,9464.968,9063.715,8667.341,8275.475,7887.739,7503.747,7123.104,6745.406,6370.240,5997.181,5625.799,5255.654,4886.302,4517.302,4148.213,3778.611,3408.094,3036.298,2662.916,2287.715,1910.560,1531.439,1150.479,767.955,384.285,0.000,0.000,0.000,0.000,0.000,0.000,0.000,0.000,0.000,0.000,0.000,0.000,0.000,0.000,1.324,2.531,3.519,4.207,4.543,4.508,4.113,3.396,2.418,1.256,0.000
0.000,85.783,171.672,257.758,344.134,430.893,518.128,605.931,694.397,783.618,873.688,964.703,1056.755,1149.941,1244.357,1340.098,1437.261,1535.944,1636.245,1738.263,1842.098,1947.851,2055.624,2165.518,2277.639,2392.090,2508.979,2628.413,2750.501,2875.354,3003.083,3133.803,3267.630,3404.681,3545.075,3688.934,3836.384,3987.549,4142.560,4301.547,4464.645,4631.993,4803.731,4980.002,5160.954,5346.739,5537.511,5733.429,5934.656,6141.361,6353.715,6571.894,6796.082,7026.466,7263.237,7506.595,7756.744,8013.895,8278.266,8550.080,8829.568,9116.969,9412.530,9716.505,10029.157,10350.757,10681.586,11021.935,11372.102,11732.400,12103.148,12484.680,12877.341,13281.485,13697.483,14125.717,14566.585,15020.496,15487.876,15969.168,16464.829,16975.334,17501.176,18042.866,18600.934,19175.932,19768.428,20379.017,21008.310,21656.947,22325.586,23014.914,23725.639,24458.495,25214.245,25993.676,26797.602,27626.866,28482.337,29364.916,30275.530,31215.137,32184.730,33185.329,34217.993,35283.816,36383.926,37519.486,38691.674,39901.651,41150.480,42438.933,43767.093,45133.490,46533.259,47954.339,49370.030,50726.540,51930.869,52874.543,53581.573,54109.722,54509.867,54818.789,55061.560,55255.098,55410.934,55537.065,55639.141,55721.210,55786.205,55836.253,55872.881,55897.144,55909.718,55910.943,55900.857,55879.191,55845.351,55798.369,55736.826,55658.721,55561.283,55440.672,55291.519,55106.211,54873.759,54578.033,54195.117,53689.919,53013.916,52112.111,50962.056,49668.464,48320.584,46969.611,45640.564,44344.388,43085.154,41863.739,40679.587,39531.542,38418.229,37338.224,36290.134,35272.623,34284.422,33324.328,32391.201,31483.961,30601.579,29743.077,28907.526,28094.034,27301.756,26529.880,25777.633,25044.275,24329.098,23631.426,22950.610,22286.030,21637.091,21003.223,20383.878,19778.529,19186.670,18607.814,18041.491,17487.245,16944.638,16413.243,15892.645,15382.443,14882.241,14391.657,13910.311,13437.834,12973.859,12518.027,12069.976,11629.352,11195.800,10768.962,10348.482,9934.001,9525.157,9121.583,8722.907,8328.750,7938.726,7552.441,7169.495,6789.474,6411.959,6036.521,5662.722,5290.120,4918.269,4546.726,4175.057,3802.841,3429.689,3055.255,2679.249,2301.465,1921.793,1540.242,1156.953,772.201,386.384,0.000,0.000,0.000,0.000,0.000,0.000,0.000,0.000,0.000,0.000,0.000,0.000,0.000,0.000,1.258,2.407,3.351,4.012,4.340,4.313,3.941,3.259,2.322,1.207,0.000
0.000,85.244,170.593,256.138,341.971,428.184,514.870,602.121,690.029,778.688,868.191,958.632,1050.104,1142.704,1236.525,1331.663,1428.216,1526.281,1625.954,1727.336,1830.525,1935.623,2042.730,2151.950,2263.387,2377.145,2493.331,2612.053,2733.421,2857.544,2984.536,3114.511,3247.585,3383.877,3523.508,3666.599,3813.276,3963.667,4117.902,4276.113,4438.436,4605.013,4775.983,4951.493,5131.692,5316.735,5506.777,5701.981,5902.511,6108.539,6320.239,6537.792,6761.384,6991.204,7227.450,7470.324,7720.035,7976.800,8240.840,8512.384,8791.670,9078.944,9374.457,9678.472,9991.259,10313.099,10644.280,10985.102,11335.877,11696.926,12068.582,12451.189,12845.109,13250.710,13668.379,14098.516,14541.538,14997.874,15467.974,15952.304,16451.348,16965.610,17495.613,18041.903,18605.049,19185.640,19784.292,20401.646,21038.369,21695.158,22372.738,23071.865,23793.327,24537.947,25306.583,26100.130,26919.524,27765.741,28639.804,29542.784,30475.804,31440.046,32436.761,33467.274,34533.006,35635.486,36776.383,37957.543,39181.032,40449.203,41764.764,43130.844,44550.988,46028.912,47567.505,49165.570,50808.178,52440.100,53904.481,54883.223,55524.177,55959.710,56269.641,56499.364,56675.142,56812.797,56922.292,57010.159,57080.831,57137.397,57182.049,57216.350,57241.411,57257.994,57266.582,57267.420,57260.534,57245.730,57222.581,57190.388,57148.115,57094.292,57026.845,56942.843,56838.069,56706.298,56538.032,56318.171,56021.633,55605.046,54992.128,54056.396,52656.929,51100.593,49537.727,48020.470,46562.199,45163.191,43819.929,42528.208,41284.086,40084.105,38925.278,37805.021,36721.076,35671.447,34654.345,33668.149,32711.377,31782.662,30880.733,30004.405,29152.567,28324.173,27518.238,26733.832,25970.071,25226.120,24501.186,23794.515,23105.390,22433.128,21777.078,21136.619,20511.157,19900.124,19302.975,18719.189,18148.262,17589.712,17043.072,16507.892,15983.735,15470.177,14966.806,14473.219,13989.024,13513.833,13047.268,12588.955,12138.522,11695.602,11259.830,10830.839,10408.264,9991.736,9580.886,9175.338,8774.713,8378.624,7986.680,7598.479,7213.611,6831.659,6452.195,6074.783,5698.979,5324.333,4950.394,4576.711,4202.844,3828.370,3452.896,3076.073,2697.616,2317.319,1935.082,1550.921,1164.989,777.570,389.072,0.000,0.000,0.000,0.000,0.000,0.000,0.000,0.000,0.000,0.000,0.000,0.000,0.000,0.000,1.300,2.489,3.466,4.151,4.491,4.465,4.081,3.375,2.406,1.251,0.000
0.000,84.638,169.380,254.317,339.540,425.141,511.210,597.840,685.124,773.152,862.019,951.816,1042.639,1134.581,1227.737,1322.201,1418.071,1515.443,1614.415,1715.084,1817.550,1921.915,2028.279,2136.745,2247.415,2360.397,2475.796,2593.720,2714.278,2837.582,2963.745,3092.881,3225.107,3360.542,3499.308,3641.527,3787.326,3936.833,4090.179,4247.498,4408.928,4574.610,4744.686,4919.305,5098.617,5282.778,5471.948,5666.288,5865.969,6071.161,6282.044,6498.801,6721.620,6950.696,7186.228,7428.423,7677.494,7933.662,8197.154,8468.203,8747.054,9033.957,9329.171,9632.964,9945.616,10267.413,10598.653,10939.646,11290.713,11652.184,12024.406,12407.735,12802.545,13209.219,13628.161,14059.786,14504.529,14962.842,15435.194,15922.074,16423.994,16941.483,17475.097,18025.414,18593.038,19178.599,19782.756,20406.197,21049.643,21713.846,22399.596,23107.719,23839.080,24594.588,25375.196,26181.905,27015.769,27877.896,28769.457,29691.689,30645.905,31633.505,32655.986,33714.964,34812.200,35949.634,37129.437,38354.089,39626.486,40950.098,42329.219,43769.333,45277.690,46864.199,48542.747,50332.667,52257.348,54321.469,56363.938,57229.866,57672.359,57935.446,58109.764,58234.015,58326.974,58398.783,58455.400,58500.566,58536.743,58565.615,58588.356,58605.800,58618.530,58626.948,58631.306,58631.732,58628.238,58620.724,58608.966,58592.596,58571.068,58543.600,58509.077,58465.904,58411.734,58343.005,58254.029,58135.124,57968.343,57716.668,57293.342,56464.648,54508.969,52539.615,50709.686,49012.825,47425.103,45926.831,44503.789,43145.745,41845.152,40596.257,39394.534,38236.314,37118.543,36038.612,34994.256,33983.465,33004.438,32055.538,31135.266,30242.240,29375.177,28532.881,27714.235,26918.190,26143.761,25390.019,24656.089,23941.142,23244.395,22565.105,21902.568,21256.113,20625.102,20008.927,19407.008,18818.788,18243.737,17681.342,17131.113,16592.576,16065.273,15548.761,15042.611,14546.403,14059.729,13582.190,13113.394,12652.953,12200.487,11755.619,11317.974,10887.175,10462.851,10044.626,9632.120,9224.955,8822.742,8425.090,8031.599,7641.862,7255.464,6871.979,6490.973,6112.001,5734.610,5358.341,4982.730,4607.315,4231.639,3855.264,3477.780,3098.818,2718.075,2335.331,1950.472,1563.513,1174.612,784.077,392.355,0.000,0.000,0.000,0.000,0.000,0.000,0.000,0.000,0.000,0.000,0.000,0.000,0.000,0.000,1.455,2.784,3.874,4.635,5.010,4.976,4.544,3.755,2.675,1.390,0.000
0.000,83.966,168.035,252.298,336.844,421.765,507.151,593.093,679.683,767.013,855.175,944.260,1034.363,1125.577,1217.996,1311.715,1406.829,1503.435,1601.630,1701.511,1803.179,1906.733,2012.274,2119.904,2229.728,2341.850,2456.376,2573.414,2693.076,2815.470,2940.711,3068.913,3200.194,3334.673,3472.471,3613.714,3758.526,3907.038,4059.382,4215.692,4376.108,4540.770,4709.824,4883.419,5061.707,5244.846,5432.996,5626.323,5824.997,6029.193,6239.092,6454.880,6676.747,6904.892,7139.517,7380.833,7629.058,7884.414,8147.135,8417.459,8695.634,8981.917,9276.572,9579.876,9892.112,10213.576,10544.573,10885.423,11236.454,11598.008,11970.442,12354.125,12749.441,13156.790,13576.587,14009.267,14455.281,14915.098,15389.210,15878.128,16382.387,16902.545,17439.185,17992.918,18564.382,19154.245,19763.208,20392.007,21041.409,21712.226,22405.306,23121.544,23861.880,24627.306,25418.865,26237.663,27084.866,27961.710,28869.507,29809.653,30783.641,31793.072,32839.673,33925.324,35052.090,36222.269,37438.462,38703.673,40021.463,41396.179,42833.328,44340.174,45926.780,47607.926,49407.033,51365.344,53567.334,56224.654,60000.000,60000.000,60000.000,60000.000,60000.000,60000.000,60000.000,60000.000,60000.000,60000.000,60000.000,60000.000,60000.000,60000.000,60000.000,60000.000,60000.000,60000.000,60000.000,60000.000,60000.000,60000.000,60000.000,60000.000,60000.000,60000.000,60000.000,60000.000,60000.000,60000.000,60000.000,60000.000,60000.000,60000.000,56374.908,53839.519,51748.956,49896.479,48199.052,46615.788,45123.242,43706.470,42355.198,41061.953,39821.038,38627.945,37478.984,36371.049,35301.474,34267.915,33268.293,32300.728,31363.517,30455.094,29574.018,28718.953,27888.657,27081.972,26297.814,25535.166,24793.075,24070.643,23367.022,22681.413,22013.061,21361.248,20725.297,20104.560,19498.423,18906.299,18327.628,17761.875,17208.523,16667.078,16137.063,15618.017,15109.495,14611.062,14122.296,13642.786,13172.128,12709.926,12255.788,11809.328,11370.163,10937.912,10512.193,10092.625,9678.824,9270.403,8866.970,8468.128,8073.471,7682.588,7295.057,6910.446,6528.312,6148.202,5769.653,5392.192,5015.340,4638.614,4261.534,3883.634,3504.470,3123.638,2740.793,2355.676,1968.142,1578.186,1185.969,791.833,396.292,0.000,0.000,0.000,0.000,0.000,0.000,0.000,0.000,0.000,0.000,0.000,0.000,0.000,0.000,1.737,3.319,4.610,5.506,5.939,5.886,5.365,4.426,3.149,1.636,0.000
0.000,83.228,166.559,250.081,333.884,418.058,502.694,587.881,673.711,760.275,847.663,935.967,1025.281,1115.697,1207.309,1300.210,1394.496,1490.263,1587.606,1686.625,1787.417,1890.082,1994.721,2101.435,2210.329,2321.507,2435.075,2551.142,2669.816,2791.210,2915.435,3042.608,3172.846,3306.268,3442.997,3583.156,3726.873,3874.279,4025.505,4180.687,4339.966,4503.483,4671.385,4843.821,5020.947,5202.920,5389.902,5582.062,5779.571,5982.606,6191.350,6405.992,6626.725,6853.749,7087.272,7327.506,7574.672,7828.997,8090.719,8360.080,8637.334,8922.741,9216.572,9519.109,9830.642,10151.474,10481.918,10822.300,11172.959,11534.246,11906.526,12290.181,12685.606,13093.214,13513.436,13946.719,14393.531,14854.361,15329.718,15820.136,16326.173,16848.410,17387.461,17943.964,18518.591,19112.047,19725.073,20358.446,21012.984,21689.551,22389.053,23112.450,23860.753,24635.033,25436.423,26266.123,27125.407,28015.632,28938.244,29894.787,30886.919,31916.423,32985.235,34095.461,35249.425,36449.713,37699.253,39001.423,40360.213,41780.482,43268.344,44831.807,46481.825,48234.125,50112.479,52154.626,54422.177,57009.875,60000.000,60000.000,60000.000,60000.000,60000.000,60000.000,60000.000,60000.000,60000.000,60000.000,60000.000,60000.000,60000.000,60000.000,60000.000,60000.000,60000.000,60000.000,60000.000,60000.000,60000.000,60000.000,60000.000,60000.000,60000.000,60000.000,60000.000,60000.000,60000.000,60000.000,60000.000,60000.000,60000.000,60000.000,57151.322,54694.860,52550.476,50625.485,48859.296,47214.539,45667.486,44202.301,42807.867,41476.006,40200.448,38976.207,37799.190,36665.952,35573.525,34519.309,33500.991,32516.492,31563.925,30641.566,29747.830,28881.254,28040.482,27224.253,26431.393,25660.804,24911.459,24182.394,23472.704,22781.537,22108.089,21451.601,20811.355,20186.670,19576.899,18981.429,18399.671,17831.067,17275.081,16731.198,16198.922,15677.779,15167.307,14667.058,14176.600,13695.509,13223.370,12759.780,12304.339,11856.654,11416.333,10982.989,10556.237,10135.688,9720.956,9311.647,8907.368,8507.714,8112.279,7720.645,7332.385,6947.061,6564.223,6183.409,5804.144,5425.938,5048.293,4670.702,4292.652,3913.636,3533.160,3150.765,2766.039,2378.658,1988.415,1595.260,1199.346,801.055,401.002,0.000,0.000,0.000,0.000,0.000,0.000,0.000,0.000,0.000,0.000,0.000,0.000,0.000,0.000,2.173,4.145,5.744,6.839,7.354,7.266,6.604,5.435,3.861,2.003,0.000
0.000,82.425,164.951,247.667,330.661,414.023,497.842,582.208,667.211,752.940,839.487,926.942,1015.398,1104.946,1195.679,1287.692,1381.077,1475.931,1572.349,1670.429,1770.269,1871.967,1975.624,2081.342,2189.224,2299.375,2411.900,2526.906,2644.505,2764.806,2887.922,3013.970,3143.066,3275.330,3410.884,3549.854,3692.367,3838.552,3988.544,4142.479,4300.497,4462.741,4629.359,4800.501,4976.323,5156.984,5342.649,5533.485,5729.668,5931.376,6138.792,6352.109,6571.522,6797.233,7029.452,7268.396,7514.288,7767.359,8027.848,8296.005,8572.086,8856.355,9149.091,9450.578,9761.114,10081.008,10410.579,10750.161,11100.101,11460.758,11832.508,12215.741,12610.865,13018.304,13438.501,13871.919,14319.040,14780.371,15256.438,15747.795,16255.020,16778.721,17319.535,17878.130,18455.207,19051.507,19667.807,20304.925,20963.725,21645.119,22350.071,23079.599,23834.783,24616.767,25426.766,26266.072,27136.060,28038.198,28974.055,29945.312,30953.774,32001.391,33090.273,34222.721,35401.261,36628.694,37908.165,39243.259,40638.150,42097.809,43628.329,45237.401,46935.044,48734.662,50654.455,52718.749,54957.029,57392.716,60000.000,60000.000,60000.000,60000.000,60000.000,60000.000,60000.000,60000.000,60000.000,60000.000,60000.000,60000.000,60000.000,60000.000,60000.000,60000.000,60000.000,60000.000,60000.000,60000.000,60000.000,60000.000,60000.000,60000.000,60000.000,60000.000,60000.000,60000.000,60000.000,60000.000,60000.000,60000.000,60000.000,60000.000,57535.666,55238.354,53132.908,51196.058,49398.535,47716.071,46130.396,44627.962,43198.587,41834.423,40529.246,39277.983,38076.391,36920.847,35808.199,34735.664,33700.756,32701.232,31735.056,30800.365,29895.451,29018.735,28168.762,27344.178,26543.725,25766.233,25010.606,24275.823,23560.923,22865.006,22187.224,21526.781,20882.922,20254.935,19642.144,19043.910,18459.622,17888.699,17330.586,16784.751,16250.684,15727.895,15215.908,14714.267,14222.526,13740.253,13267.025,12802.431,12346.064,11897.524,11456.415,11022.347,10594.927,10173.765,9758.470,9348.647,8943.898,8543.818,8147.996,7756.010,7367.432,6981.817,6598.709,6217.636,5838.110,5459.628,5081.666,4703.688,4325.141,3945.466,3564.106,3180.518,2794.201,2404.725,2011.780,1615.235,1215.203,812.100,406.680,0.000,0.000,0.000,0.000,0.000,0.000,0.000,0.000,0.000,0.000,0.000,0.000,0.000,0.000,2.809,5.347,7.383,8.754,9.372,9.221,8.350,6.851,4.855,2.515,0.000
0.000,81.557,163.213,245.057,327.178,409.662,492.599,576.077,660.186,745.014,830.652,917.189,1004.718,1093.328,1183.114,1274.166,1366.579,1460.447,1555.866,1652.931,1751.742,1852.396,1954.993,2059.633,2166.421,2275.461,2386.856,2500.715,2617.147,2736.264,2858.177,2983.003,3110.858,3241.862,3376.138,3513.811,3655.008,3799.860,3948.500,4101.066,4257.698,4418.541,4583.741,4753.451,4927.827,5107.030,5291.224,5480.580,5675.273,5875.484,6081.398,6293.207,6511.111,6735.313,6966.026,7203.468,7447.866,7699.454,7958.476,8225.181,8499.832,8782.698,9074.060,9374.208,9683.446,10002.087,10330.459,10668.900,11017.765,11377.421,11748.253,12130.660,12525.060,12931.888,13351.598,13784.668,14231.593,14692.893,15169.114,15660.826,16168.629,16693.151,17235.053,17795.029,18373.810,18972.167,19590.911,20230.899,20893.036,21578.281,22287.648,23022.213,23783.115,24571.570,25388.867,26236.384,27115.586,28028.046,28975.442,29959.579,30982.397,32045.985,33152.606,34304.716,35504.997,36756.393,38062.168,39425.974,40851.949,42344.861,43910.295,45554.904,47286.710,49115.383,51052.222,53109.101,55294.606,57604.002,60000.000,60000.000,60000.000,60000.000,60000.000,60000.000,60000.000,60000.000,60000.000,60000.000,60000.000,60000.000,60000.000,60000.000,60000.000,60000.000,60000.000,60000.000,60000.000,60000.000,60000.000,60000.000,60000.000,60000.000,60000.000,60000.000,60000.000,60000.000,60000.000,60000.000,60000.000,60000.000,60000.000,60000.000,57753.118,55590.190,53547.020,51627.649,49823.118,48121.273,46510.573,44981.120,43524.698,42134.496,40804.813,39530.805,38308.295,37133.630,36003.574,34915.234,33866.003,32853.516,31875.614,30930.323,30015.825,29130.446,28272.639,27440.970,26634.109,25850.818,25089.944,24350.409,23631.206,22931.391,22250.079,21586.436,20939.678,20309.064,19693.894,19093.503,18507.261,17934.570,17374.856,16827.574,16292.198,15768.226,15255.174,14752.572,14259.969,13776.923,13303.005,12837.796,12380.886,11931.870,11490.349,11055.926,10628.209,10206.805,9791.320,9381.358,8976.520,8576.399,8180.584,7788.653,7400.171,7014.693,6631.757,6250.883,5871.573,5493.304,5115.531,4737.683,4359.165,3979.354,3597.615,3213.301,2825.783,2434.483,2038.931,1638.843,1234.233,825.524,413.641,0.000,0.000,0.000,0.000,0.000,0.000,0.000,0.000,0.000,0.000,0.000,0.000,0.000,0.000,3.716,7.050,9.689,11.423,12.159,11.900,10.724,8.766,6.194,3.204,0.000
0.000,80.624,161.347,242.255,323.436,404.977,486.967,569.491,652.640,736.501,821.162,906.715,993.248,1080.852,1169.619,1259.640,1351.008,1443.818,1538.163,1634.140,1731.846,1831.377,1932.834,2036.317,2141.929,2249.772,2359.952,2472.576,2587.753,2705.592,2826.208,2949.715,3076.230,3205.872,3338.765,3475.032,3614.802,3758.206,3905.376,4056.451,4211.572,4370.882,4534.531,4702.670,4875.457,5053.052,5235.622,5423.338,5616.376,5814.918,6019.152,6229.269,6445.473,6667.967,6896.967,7132.694,7375.375,7625.249,7882.561,8147.565,8420.525,8701.716,8991.421,9289.936,9597.569,9914.637,10241.475,10578.426,10925.852,11284.128,11653.645,12034.811,12428.052,12833.815,13252.564,13684.787,14130.993,14591.716,15067.516,15558.981,16066.728,16591.405,17133.694,17694.312,18274.018,18873.610,19493.930,20135.871,20800.375,21488.443,22201.135,22939.578,23704.970,24498.586,25321.786,26176.023,27062.849,27983.925,28941.033,29936.085,30971.138,32048.406,33170.278,34339.337,35558.378,36830.439,38158.828,39547.162,40999.410,42519.944,44113.591,45785.660,47541.902,49388.270,51330.214,53371.021,55508.409,57728.726,60000.000,60000.000,60000.000,60000.000,60000.000,60000.000,60000.000,60000.000,60000.000,60000.000,60000.000,60000.000,60000.000,60000.000,60000.000,60000.000,60000.000,60000.000,60000.000,60000.000,60000.000,60000.000,60000.000,60000.000,60000.000,60000.000,60000.000,60000.000,60000.000,60000.000,60000.000,60000.000,60000.000,60000.000,57886.733,55822.457,53837.591,51944.724,50145.393,48435.769,46809.988,45261.784,43785.170,42374.673,41025.366,39732.828,38493.090,37302.570,36158.029,35056.521,33995.360,32972.090,31984.462,31030.406,30108.018,29215.541,28351.350,27513.943,26701.925,25914.000,25148.964,24405.693,23683.138,22980.317,22296.311,21630.257,20981.343,20348.803,19731.916,19129.997,18542.399,17968.507,17407.734,16859.520,16323.331,15798.653,15284.993,14781.874,14288.836,13805.432,13331.229,12865.803,12408.738,11959.628,11518.071,11083.668,10656.027,10234.752,9819.451,9409.728,9005.183,8605.410,8210.000,7818.529,7430.563,7045.656,6663.343,6283.138,5904.533,5526.992,5149.947,4772.793,4394.889,4015.547,3634.037,3249.589,2861.412,2468.722,2070.804,1667.120,1257.467,842.186,422.382,0.000,0.000,0.000,0.000,0.000,0.000,0.000,0.000,0.000,0.000,0.000,0.000,0.000,0.000,5.006,9.451,12.899,15.093,15.944,15.496,13.883,11.294,7.954,4.105,0.000
0.000,79.627,159.352,239.260,319.438,399.973,480.949,562.455,644.578,727.405,811.024,895.524,980.993,1067.522,1155.201,1244.121,1334.374,1426.052,1519.251,1614.064,1710.588,1808.920,1909.158,2011.403,2115.756,2222.320,2331.199,2442.499,2556.330,2672.801,2792.025,2914.115,3039.190,3167.368,3298.772,3433.525,3571.756,3713.596,3859.178,4008.640,4162.122,4319.770,4481.731,4648.159,4819.212,4995.050,5175.841,5361.755,5552.972,5749.672,5952.045,6160.285,6374.595,6595.181,6822.259,7056.053,7296.793,7544.717,7800.075,8063.123,8334.128,8613.367,8901.128,9197.710,9503.424,9818.595,10143.558,10478.664,10824.281,11180.788,11548.584,11928.085,12319.724,12723.957,13141.257,13572.122,14017.073,14476.656,14951.445,15442.042,15949.079,16473.222,17015.172,17575.669,18155.492,18755.465,19376.460,20019.398,20685.257,21375.073,22089.948,22831.056,23599.644,24397.043,25224.675,26084.060,26976.824,27904.711,28869.593,29873.478,30918.524,32007.054,33141.565,34324.741,35559.470,36848.850,38196.198,39605.051,41079.156,42622.439,44238.939,45932.665,47707.337,49565.890,51509.589,53536.537,55639.393,57802.529,60000.000,60000.000,60000.000,60000.000,60000.000,60000.000,60000.000,60000.000,60000.000,60000.000,60000.000,60000.000,60000.000,60000.000,60000.000,60000.000,60000.000,60000.000,60000.000,60000.000,60000.000,60000.000,60000.000,60000.000,60000.000,60000.000,60000.000,60000.000,60000.000,60000.000,60000.000,60000.000,60000.000,60000.000,57971.468,55975.489,54036.407,52168.565,50378.322,48666.837,47032.296,45471.374,43980.087,42554.265,41189.793,39882.734,38629.382,37426.283,36270.232,35158.269,34087.660,33055.885,32060.622,31099.728,30171.227,29273.293,28404.238,27562.501,26746.634,25955.293,25187.230,24441.282,23716.363,23011.462,22325.631,21657.981,21007.678,20373.936,19756.015,19153.214,18564.873,17990.362,17429.083,16880.468,16343.972,15819.073,15305.271,14802.084,14309.046,13825.707,13351.628,12886.383,12429.556,11980.737,11539.523,11105.517,10678.325,10257.554,9842.810,9433.702,9029.832,8630.796,8236.186,7845.583,7458.555,7074.657,6693.422,6314.366,5936.972,5560.695,5184.949,4809.102,4432.465,4054.287,3673.739,3289.914,2901.824,2508.417,2108.633,1701.516,1286.435,863.438,433.723,0.000,0.000,0.000,0.000,0.000,0.000,0.000,0.000,0.000,0.000,0.000,0.000,0.000,0.000,6.858,12.850,17.366,20.108,21.031,20.261,18.019,14.575,10.223,5.263,0.000
0.000,78.567,157.231,236.076,315.187,394.650,474.550,554.973,636.005,717.733,800.243,883.624,967.962,1053.348,1139.870,1227.618,1316.684,1407.160,1499.138,1592.713,1687.980,1785.035,1883.976,1984.902,2087.915,2193.115,2300.607,2410.496,2522.892,2637.902,2755.639,2876.216,2999.751,3126.362,3256.170,3389.301,3525.881,3666.042,3809.915,3957.640,4109.357,4265.210,4425.349,4589.925,4759.098,4933.028,5111.882,5295.834,5485.061,5679.745,5880.076,6086.251,6298.471,6516.946,6741.892,6973.533,7212.102,7457.840,7710.997,7971.832,8240.613,8517.621,8803.147,9097.492,9400.971,9713.911,10036.654,10369.554,10712.983,11067.327,11432.989,11810.392,12199.977,12602.204,13017.557,13446.543,13889.691,14347.558,14820.730,15309.821,15815.477,16338.379,16879.245,17438.831,18017.939,18617.414,19238.150,19881.095,20547.258,21237.707,21953.579,22696.087,23466.522,24266.264,25096.787,25959.672,26856.609,27789.415,28760.036,29770.568,30823.259,31920.523,33064.955,34259.331,35506.615,36809.961,38172.691,39598.275,41090.268,42652.218,44287.512,45999.124,47789.237,49658.650,51605.942,53626.311,55710.194,57842.030,60000.000,60000.000,60000.000,60000.000,60000.000,60000.000,60000.000,60000.000,60000.000,60000.000,60000.000,60000.000,60000.000,60000.000,60000.000,60000.000,60000.000,60000.000,60000.000,60000.000,60000.000,60000.000,60000.000,60000.000,60000.000,60000.000,60000.000,60000.000,60000.000,60000.000,60000.000,60000.000,60000.000,60000.000,58023.750,56071.794,54164.211,52315.096,50532.842,48821.362,47181.436,45611.827,44110.084,42673.094,41297.435,39979.597,38716.122,37503.680,36339.112,35219.456,34141.946,33104.015,32103.283,31137.549,30204.780,29303.096,28430.756,27586.153,26767.794,25974.298,25204.381,24456.849,23730.588,23024.562,22337.800,21669.392,21018.487,20384.285,19766.029,19163.009,18574.550,18000.014,17438.796,16890.317,16354.027,15829.400,15315.929,14813.129,14320.531,13837.681,13364.140,12899.480,12443.283,11995.141,11554.651,11121.418,10695.048,10275.152,9861.340,9453.222,9050.405,8652.492,8259.077,7869.747,7484.077,7101.624,6721.928,6344.504,5968.839,5594.382,5220.536,4846.649,4472.000,4095.777,3717.065,3334.814,2947.824,2554.724,2153.990,1744.030,1323.430,891.476,449.095,0.000,0.000,0.000,0.000,0.000,0.000,0.000,0.000,0.000,0.000,0.000,0.000,0.000,0.000,9.575,17.729,23.611,26.944,27.814,26.501,23.358,18.766,13.100,6.725,0.000
0.000,77.445,154.984,232.703,310.684,389.013,467.773,547.048,626.926,707.489,788.825,871.020,954.161,1038.336,1123.632,1210.140,1297.949,1387.150,1477.835,1570.098,1664.033,1759.735,1857.300,1956.828,2058.418,2162.170,2268.190,2376.582,2487.451,2600.909,2717.064,2836.031,2957.926,3082.867,3210.975,3342.374,3477.191,3615.556,3757.602,3903.467,4053.290,4207.217,4365.396,4527.979,4695.125,4866.995,5043.757,5225.582,5412.649,5605.142,5803.250,6007.170,6217.104,6433.263,6655.863,6885.131,7121.300,7364.611,7615.317,7873.678,8139.964,8414.459,8697.454,8989.254,9290.177,9600.552,9920.724,10251.052,10591.910,10943.689,11306.798,11681.664,12068.733,12468.472,12881.372,13307.946,13748.732,14204.296,14675.232,15162.166,15665.754,16186.691,16725.708,17283.577,17861.115,18459.185,19078.702,19720.637,20386.022,21075.951,21791.594,22534.194,23305.079,24105.670,24937.487,25802.159,26701.432,27637.183,28611.427,29626.330,30684.221,31787.600,32939.145,34141.721,35398.376,36712.326,38086.934,39525.652,41031.942,42609.128,44260.193,45987.463,47792.161,49673.804,51629.434,53652.725,55733.137,57855.425,60000.000,60000.000,60000.000,60000.000,60000.000,60000.000,60000.000,60000.000,60000.000,60000.000,60000.000,60000.000,60000.000,60000.000,60000.000,60000.000,60000.000,60000.000,60000.000,60000.000,60000.000,60000.000,60000.000,60000.000,60000.000,60000.000,60000.000,60000.000,60000.000,60000.000,60000.000,60000.000,60000.000,60000.000,58051.835,56123.883,54233.765,52395.045,50616.922,48904.718,47260.697,45684.898,44175.857,42731.165,41347.868,40022.748,38752.516,37533.921,36363.832,35239.277,34157.462,33115.778,32111.802,31143.285,30208.150,29304.473,28430.474,27584.510,26765.057,25970.703,25200.137,24452.143,23725.587,23019.412,22332.632,21664.324,21013.623,20379.716,19761.839,19159.271,18571.330,17997.373,17436.787,16888.990,16353.428,15829.569,15316.907,14814.953,14323.236,13841.304,13368.715,12905.042,12449.870,12002.791,11563.404,11131.318,10706.141,10287.489,9874.978,9468.222,9066.834,8670.424,8278.594,7890.939,7507.041,7126.467,6748.766,6373.461,6000.046,5627.974,5256.649,4885.414,4513.528,4140.144,3764.280,3384.770,3000.213,2608.905,2208.771,1797.344,1371.892,930.012,471.204,0.000,0.000,0.000,0.000,0.000,0.000,0.000,0.000,0.000,0.000,0.000,0.000,0.000,0.000,13.718,24.881,32.410,36.246,36.787,34.572,30.151,24.033,16.686,8.540,0.000
0.000,76.260,152.614,229.144,305.934,383.065,460.622,538.687,617.345,696.680,776.777,857.721,939.598,1022.495,1106.498,1191.697,1278.178,1366.034,1455.355,1546.232,1638.759,1733.031,1829.143,1927.193,2027.279,2129.502,2233.964,2340.770,2450.025,2561.837,2676.317,2793.577,2913.732,3036.901,3163.202,3292.761,3425.702,3562.156,3702.255,3846.135,3993.937,4145.805,4301.887,4462.336,4627.308,4796.967,4971.477,5151.013,5335.751,5525.876,5721.577,5923.052,6130.502,6344.139,6564.180,6790.851,7024.387,7265.031,7513.034,7768.659,8032.178,8303.873,8584.040,8872.985,9171.026,9478.498,9795.745,10123.129,10461.029,10809.839,11169.969,11541.852,11925.939,12322.700,12732.633,13156.254,13594.111,14046.774,14514.845,14998.959,15499.781,16018.015,16554.403,17109.730,17684.824,18280.565,18897.882,19537.764,20201.261,20889.490,21603.643,22344.990,23114.888,23914.791,24746.253,25610.943,26510.654,27447.311,28422.987,29439.908,30500.473,31607.256,32763.020,33970.718,35233.491,36554.649,37937.643,39385.998,40903.215,42492.611,44157.077,45898.733,47718.448,49615.228,51585.466,53622.164,55714.290,57846.564,60000.000,60000.000,60000.000,60000.000,60000.000,60000.000,60000.000,60000.000,60000.000,60000.000,60000.000,60000.000,60000.000,60000.000,60000.000,60000.000,60000.000,60000.000,60000.000,60000.000,60000.000,60000.000,60000.000,60000.000,60000.000,60000.000,60000.000,60000.000,60000.000,60000.000,60000.000,60000.000,60000.000,60000.000,58059.801,56138.291,54252.135,52414.666,50635.405,48920.268,47272.160,45691.682,44177.799,42728.400,41340.721,40011.651,38737.944,37516.361,36343.756,35217.126,34133.641,33090.655,32085.705,31116.508,30180.950,29277.077,28403.083,27557.298,26738.176,25944.286,25174.301,24426.989,23701.202,22995.873,22310.005,21642.666,20992.984,20360.139,19743.361,19141.926,18555.147,17982.377,17423.002,16876.437,16342.125,15819.537,15308.162,14807.514,14317.123,13836.535,13365.313,12903.031,12449.276,12003.643,11565.737,11135.168,10711.552,10294.510,9883.663,9478.634,9079.044,8684.511,8294.648,7909.060,7527.341,7149.072,6773.814,6401.107,6030.458,5661.337,5293.162,4925.287,4556.978,4187.384,3815.499,3440.094,3059.637,2672.157,2275.053,1864.845,1436.906,985.548,505.737,0.000,0.000,0.000,0.000,0.000,0.000,0.000,0.000,0.000,0.000,0.000,0.000,0.000,0.000,20.416,35.673,44.908,48.848,48.519,44.856,38.644,30.533,21.073,10.748,0.000
0.000,75.015,150.121,225.402,300.938,376.810,453.101,529.894,607.270,685.313,764.107,843.735,924.283,1005.835,1088.478,1172.299,1257.384,1343.824,1431.708,1521.127,1612.173,1704.939,1799.521,1896.013,1994.515,2095.126,2197.946,2303.079,2410.630,2520.706,2633.416,2748.872,2867.189,2988.482,3112.872,3240.482,3371.435,3505.862,3643.893,3785.666,3931.319,4080.996,4234.845,4393.017,4555.669,4722.962,4895.064,5072.145,5254.384,5441.965,5635.075,5833.913,6038.681,6249.589,6466.856,6690.708,6921.378,7159.111,7404.158,7656.783,7917.259,8185.868,8462.908,8748.684,9043.518,9347.743,9661.708,9985.776,10320.327,10665.756,11022.480,11390.930,11771.562,12164.850,12571.295,12991.418,13425.770,13874.927,14339.496,14820.118,15317.465,15832.248,16365.216,16917.162,17488.926,18081.396,18695.514,19332.280,19992.759,20678.083,21389.461,22128.181,22895.623,23693.262,24522.681,25385.578,26283.779,27219.248,28194.102,29210.619,30271.254,31378.651,32535.652,33745.300,35010.846,36335.728,37723.544,39177.996,40702.785,42301.458,43977.161,45732.284,47567.965,49483.437,51475.228,53536.312,55655.380,57816.566,60000.000,60000.000,60000.000,60000.000,60000.000,60000.000,60000.000,60000.000,60000.000,60000.000,60000.000,60000.000,60000.000,60000.000,60000.000,60000.000,60000.000,60000.000,60000.000,60000.000,60000.000,60000.000,60000.000,60000.000,60000.000,60000.000,60000.000,60000.000,60000.000,60000.000,60000.000,60000.000,60000.000,60000.000,58049.168,56117.493,54222.024,52376.340,50590.077,48869.155,47216.410,45632.332,44115.762,42664.464,41275.553,39945.813,38671.908,37450.518,36278.429,35152.584,34070.104,33028.305,32024.689,31056.946,30122.940,29220.698,28348.395,27504.350,26687.006,25894.922,25126.763,24381.288,23657.348,22953.869,22269.850,21604.358,20956.517,20325.507,19710.556,19110.938,18525.968,17954.997,17397.413,16852.630,16320.095,15799.278,15289.671,14790.789,14302.165,13823.350,13353.907,12893.416,12441.467,11997.661,11561.608,11132.923,10711.230,10296.156,9887.331,9484.387,9086.954,8694.663,8307.138,7923.998,7544.854,7169.301,6796.922,6427.276,6059.896,5694.278,5329.869,4966.056,4602.142,4237.314,3870.599,3500.799,3126.377,2745.286,2354.655,1950.251,1525.466,1069.620,566.226,0.000,0.000,0.000,0.000,0.000,0.000,0.000,0.000,0.000,0.000,0.000,0.000,0.000,0.000,32.276,52.495,62.708,65.729,63.591,57.696,49.043,38.385,26.328,13.380,0.000
0.000,73.709,147.508,221.478,295.699,370.252,445.216,520.674,596.706,673.395,750.823,829.071,908.224,988.367,1069.583,1151.958,1235.579,1320.534,1406.910,1494.799,1584.289,1675.475,1768.449,1863.307,1960.144,2059.060,2160.154,2263.528,2369.286,2477.535,2588.382,2701.939,2818.318,2937.635,3060.008,3185.559,3314.413,3446.697,3582.542,3722.084,3865.460,4012.814,4164.292,4320.045,4480.230,4645.007,4814.541,4989.005,5168.574,5353.433,5543.769,5739.779,5941.665,6149.638,6363.915,6584.722,6812.293,7046.871,7288.710,7538.070,7795.226,8060.462,8334.072,8616.365,8907.663,9208.299,9518.622,9838.998,10169.805,10511.443,10864.327,11228.891,11605.594,11994.910,12397.342,12813.416,13243.683,13688.723,14149.147,14625.599,15118.754,15629.328,16158.077,16705.796,17273.332,17861.578,18471.485,19104.060,19760.375,20441.572,21148.870,21883.570,22647.062,23440.837,24266.495,25125.752,26020.457,26952.601,27924.331,28937.962,29995.998,31101.139,32256.300,33464.620,34729.468,36054.441,37443.344,38900.151,40428.927,42033.690,43718.197,45485.604,47337.972,49275.558,51295.881,53392.608,55554.429,57764.346,60000.000,60000.000,60000.000,60000.000,60000.000,60000.000,60000.000,60000.000,60000.000,60000.000,60000.000,60000.000,60000.000,60000.000,60000.000,60000.000,60000.000,60000.000,60000.000,60000.000,60000.000,60000.000,60000.000,60000.000,60000.000,60000.000,60000.000,60000.000,60000.000,60000.000,60000.000,60000.000,60000.000,60000.000,58019.466,56060.635,54142.327,52278.849,50479.715,48750.223,47092.397,45505.924,43988.950,42538.676,41151.789,39824.755,38554.006,37336.055,36167.573,35045.419,33966.659,32928.568,31928.622,30964.493,30034.033,29135.262,28266.353,27425.622,26611.511,25822.581,25057.497,24315.024,23594.012,22893.390,22212.163,21549.397,20904.223,20275.821,19663.424,19066.309,18483.794,17915.235,17360.021,16817.572,16287.337,15768.790,15261.429,14764.771,14278.355,13801.735,13334.481,12876.178,12426.421,11984.817,11550.983,11124.543,10705.128,10292.373,9885.919,9485.407,9090.481,8700.784,8315.955,7935.630,7559.437,7186.994,6817.907,6451.764,6088.128,5726.534,5366.476,5007.393,4648.655,4289.531,3929.155,3566.460,3200.087,2828.216,2448.256,2056.220,1645.229,1201.331,689.583,0.000,0.000,0.000,0.000,0.000,0.000,0.000,0.000,0.000,0.000,0.000,0.000,0.000,0.000,56.203,79.330,87.712,87.776,82.430,73.302,61.451,47.643,32.475,16.447,0.000
0.000,72.343,144.776,217.375,290.222,363.395,436.972,511.034,585.661,660.934,736.932,813.737,891.433,970.100,1049.824,1130.687,1212.776,1296.176,1380.975,1467.262,1555.125,1644.656,1735.947,1829.091,1924.184,2021.324,2120.608,2222.138,2326.016,2432.348,2541.239,2652.801,2767.143,2884.382,3004.634,3128.019,3254.662,3384.689,3518.229,3655.416,3796.389,3941.288,4090.259,4243.453,4401.023,4563.131,4729.941,4901.622,5078.352,5260.312,5447.690,5640.680,5839.486,6044.317,6255.389,6472.927,6697.165,6928.345,7166.719,7412.550,7666.110,7927.682,8197.562,8476.057,8763.489,9060.191,9366.513,9682.818,10009.488,10346.919,10695.530,11055.754,11428.049,11812.892,12210.785,12622.254,13047.853,13488.163,13943.795,14415.393,14903.637,15409.242,15932.964,16475.604,17038.007,17621.071,18225.748,18853.047,19504.043,20179.882,20881.785,21611.056,22369.091,23157.386,23977.545,24831.295,25720.493,26647.142,27613.406,28621.626,29674.334,30774.278,31924.432,33128.024,34388.546,35709.770,37095.751,38550.814,40079.520,41686.577,43376.688,45154.278,47023.031,48985.163,51040.304,53183.935,55405.458,57686.413,60000.000,60000.000,60000.000,60000.000,60000.000,60000.000,60000.000,60000.000,60000.000,60000.000,60000.000,60000.000,60000.000,60000.000,60000.000,60000.000,60000.000,60000.000,60000.000,60000.000,60000.000,60000.000,60000.000,60000.000,60000.000,60000.000,60000.000,60000.000,60000.000,60000.000,60000.000,60000.000,60000.000,60000.000,57968.145,55963.398,54007.996,52117.266,50300.013,48559.978,46897.430,45310.464,43795.926,42350.029,40968.741,39648.018,38383.943,37172.796,36011.093,34895.595,33823.307,32791.471,31797.548,30839.204,29914.291,29020.838,28157.026,27321.182,26511.759,25727.329,24966.571,24228.259,23511.254,22814.496,22136.997,21477.836,20836.149,20211.126,19602.007,19008.078,18428.663,17863.123,17310.856,16771.288,16243.874,15728.094,15223.452,14729.472,14245.699,13771.694,13307.033,12851.308,12404.122,11965.089,11533.835,11109.992,10693.201,10283.107,9879.361,9481.619,9089.537,8702.772,8320.981,7943.818,7570.933,7201.970,6836.562,6474.329,6114.877,5757.786,5402.608,5048.857,4695.994,4343.411,3990.405,3636.143,3279.606,2919.508,2554.169,2181.344,1798.053,1401.003,990.829,597.981,425.609,333.385,275.573,235.052,204.438,180.113,160.111,143.289,128.975,116.839,106.934,100.047,98.978,113.217,120.925,121.047,115.247,105.063,91.641,75.825,58.266,39.487,19.932,0.000
0.000,70.919,141.926,213.097,284.510,356.243,428.374,500.980,574.142,647.936,722.444,797.744,873.918,951.047,1029.213,1108.499,1188.989,1270.767,1353.920,1438.533,1524.697,1612.499,1702.031,1793.386,1886.657,1981.940,2079.332,2178.933,2280.844,2385.168,2492.012,2601.483,2713.692,2828.752,2946.779,3067.892,3192.213,3319.868,3450.984,3585.696,3724.138,3866.451,4012.780,4163.273,4318.084,4477.371,4641.298,4810.034,4983.755,5162.639,5346.875,5536.657,5732.184,5933.666,6141.317,6355.362,6576.033,6803.571,7038.228,7280.264,7529.951,7787.572,8053.419,8327.801,8611.038,8903.461,9205.420,9517.278,9839.414,10172.226,10516.128,10871.557,11238.966,11618.833,12011.659,12417.969,12838.316,13273.280,13723.471,14189.532,14672.142,15172.014,15689.903,16226.609,16782.974,17359.895,17958.319,18579.255,19223.775,19893.021,20588.209,21310.641,22061.707,22842.898,23655.816,24502.180,25383.846,26302.814,27261.250,28261.500,29306.110,30397.852,31539.745,32735.087,33987.480,35300.869,36679.567,38128.293,39652.181,41256.790,42948.043,44732.088,46614.968,48601.972,50696.405,52897.489,55197.129,57575.872,60000.000,60000.000,60000.000,60000.000,60000.000,60000.000,60000.000,60000.000,60000.000,60000.000,60000.000,60000.000,60000.000,60000.000,60000.000,60000.000,60000.000,60000.000,60000.000,60000.000,60000.000,60000.000,60000.000,60000.000,60000.000,60000.000,60000.000,60000.000,60000.000,60000.000,60000.000,60000.000,60000.000,60000.000,57889.801,55816.959,53809.187,51882.456,50043.392,48292.592,46627.274,45043.013,43534.741,42097.294,40725.686,39415.229,38161.583,36960.757,35809.102,34703.282,33640.254,32617.239,31631.697,30681.305,29763.936,28877.637,28020.614,27191.218,26387.927,25609.334,24854.140,24121.138,23409.209,22717.310,22044.470,21389.782,20752.396,20131.515,19526.393,18936.324,18360.646,17798.728,17249.979,16713.832,16189.753,15677.230,15175.775,14684.921,14204.220,13733.242,13271.572,12818.810,12374.566,11938.466,11510.143,11089.241,10675.410,10268.308,9867.598,9472.948,9084.031,8700.520,8322.091,7948.417,7579.174,7214.031,6852.655,6494.704,6139.826,5787.658,5437.820,5089.910,4743.500,4398.130,4053.297,3708.454,3363.006,3016.325,2667.821,2317.146,1964.814,1613.936,1274.848,975.561,771.132,632.408,533.901,460.237,402.622,355.933,317.070,284.096,255.796,231.467,210.869,194.294,182.667,176.781,170.126,160.320,147.117,130.950,112.385,91.953,70.116,47.279,23.797,0.000
0.000,69.438,138.961,208.645,278.567,348.802,419.427,490.519,562.155,634.412,707.368,781.102,855.693,931.221,1007.765,1085.409,1164.233,1244.322,1325.760,1408.632,1493.024,1579.026,1666.725,1756.214,1847.585,1940.932,2036.350,2133.938,2233.795,2336.024,2440.729,2548.016,2657.994,2770.776,2886.475,3005.209,3127.099,3252.268,3380.844,3512.958,3648.744,3788.341,3931.892,4079.545,4231.451,4387.767,4548.656,4714.284,4884.826,5060.460,5241.372,5427.754,5619.805,5817.732,6021.748,6232.077,6448.948,6672.602,6903.288,7141.265,7386.803,7640.184,7901.699,8171.653,8450.365,8738.167,9035.403,9342.436,9659.644,9987.422,10326.183,10676.360,11038.406,11412.796,11800.028,12200.625,12615.137,13044.140,13488.243,13948.085,14424.339,14917.717,15428.968,15958.886,16508.310,17078.128,17669.281,18282.771,18919.661,19581.082,20268.241,20982.426,21725.016,22497.487,23301.422,24138.528,25010.639,25919.741,26867.980,27857.689,28891.405,29971.899,31102.207,32285.666,33525.958,34827.165,36193.832,37631.047,39144.528,40740.728,42426.937,44211.352,46103.032,48111.558,50246.018,52512.606,54909.765,57419.971,60000.000,60000.000,60000.000,60000.000,60000.000,60000.000,60000.000,60000.000,60000.000,60000.000,60000.000,60000.000,60000.000,60000.000,60000.000,60000.000,60000.000,60000.000,60000.000,60000.000,60000.000,60000.000,60000.000,60000.000,60000.000,60000.000,60000.000,60000.000,60000.000,60000.000,60000.000,60000.000,60000.000,60000.000,57774.186,55605.591,53529.531,51560.224,49698.804,47940.067,46276.453,44700.007,43203.205,41779.236,40422.033,39126.219,37887.024,36700.203,35561.960,34468.892,33417.931,32406.301,31431.488,30491.199,29583.345,28706.013,27857.449,27036.040,26240.301,25468.859,24720.447,23993.886,23288.084,22602.025,21934.758,21285.398,20653.114,20037.127,19436.707,18851.165,18279.850,17722.147,17177.476,16645.285,16125.046,15616.263,15118.455,14631.166,14153.959,13686.413,13228.123,12778.698,12337.761,11904.945,11479.895,11062.267,10651.721,10247.930,9850.569,9459.321,9073.875,8693.921,8319.156,7949.275,7583.979,7222.968,6865.940,6512.596,6162.630,5815.739,5471.614,5129.945,4790.420,4452.734,4116.591,3781.732,3447.967,3115.264,2783.907,2454.837,2130.320,1815.243,1519.202,1258.393,1051.045,891.293,767.456,669.433,589.935,523.976,468.185,420.271,378.682,342.399,310.811,283.623,260.644,241.138,222.503,203.015,181.970,159.252,135.011,109.496,82.976,55.719,27.979,0.000
0.000,67.899,135.882,204.023,272.396,341.076,410.138,479.658,549.709,620.370,691.715,763.822,836.769,910.633,985.493,1061.431,1138.525,1216.859,1296.514,1377.575,1460.127,1544.256,1630.050,1717.599,1806.992,1898.324,1991.688,2087.180,2184.899,2284.945,2387.420,2492.430,2600.083,2710.487,2823.756,2940.007,3059.356,3181.928,3307.847,3437.243,3570.249,3707.001,3847.641,3992.314,4141.171,4294.366,4452.061,4614.421,4781.616,4953.826,5131.233,5314.026,5502.404,5696.572,5896.740,6103.130,6315.970,6535.498,6761.962,6995.617,7236.733,7485.586,7742.469,8007.683,8281.543,8564.380,8856.535,9158.369,9470.256,9792.589,10125.776,10470.249,10826.456,11194.869,11575.983,11970.315,12378.411,12800.843,13238.214,13691.157,14160.340,14646.466,15150.278,15672.562,16214.147,16775.910,17358.782,17963.751,18591.866,19244.242,19922.070,20626.616,21359.237,22121.385,22914.617,23740.608,24601.161,25498.226,26433.915,27410.522,28430.549,29496.735,30612.095,31779.960,33004.039,34288.488,35638.007,37057.960,38554.546,40135.011,41807.943,43583.631,45474.490,47495.410,49663.660,51997.266,54509.423,57194.271,60000.000,60000.000,60000.000,60000.000,60000.000,60000.000,60000.000,60000.000,60000.000,60000.000,60000.000,60000.000,60000.000,60000.000,60000.000,60000.000,60000.000,60000.000,60000.000,60000.000,60000.000,60000.000,60000.000,60000.000,60000.000,60000.000,60000.000,60000.000,60000.000,60000.000,60000.000,60000.000,60000.000,60000.000,57601.438,55301.832,53143.319,51130.353,49251.830,47492.764,45838.853,44277.786,42799.308,41394.922,40057.538,38781.173,37560.709,36391.717,35270.323,34193.102,33157.008,32159.307,31197.537,30269.464,29373.058,28506.467,27667.991,26856.072,26069.272,25306.264,24565.823,23846.807,23148.161,22468.898,21808.098,21164.901,20538.502,19928.145,19333.119,18752.753,18186.416,17633.509,17093.467,16565.751,16049.850,15545.277,15051.566,14568.273,14094.972,13631.253,13176.722,12731.001,12293.722,11864.532,11443.087,11029.054,10622.107,10221.932,9828.219,9440.666,9058.979,8682.867,8312.047,7946.239,7585.168,7228.564,6876.162,6527.702,6182.928,5841.595,5503.467,5168.321,4835.962,4506.225,4179.004,3854.285,3532.208,3213.167,2897.988,2588.221,2286.605,1997.704,1728.485,1487.905,1283.484,1114.369,975.290,860.190,763.784,681.921,611.485,550.176,496.315,448.683,406.397,368.783,335.183,304.659,275.765,247.296,218.521,189.098,158.930,128.056,96.584,64.650,32.404,0.000
0.000,66.305,132.692,199.233,266.002,333.071,400.514,468.403,536.814,605.820,675.495,745.916,817.158,889.298,962.413,1036.581,1111.882,1188.395,1266.202,1345.385,1426.027,1508.213,1592.030,1677.564,1764.905,1854.144,1945.374,2038.689,2134.185,2231.961,2332.119,2434.761,2539.992,2647.922,2758.661,2872.323,2989.026,3108.889,3232.036,3358.595,3488.696,3622.476,3760.072,3901.628,4047.293,4197.220,4351.568,4510.499,4674.182,4842.794,5016.515,5195.534,5380.044,5570.249,5766.359,5968.590,6177.169,6392.332,6614.323,6843.396,7079.816,7323.858,7575.811,7835.973,8104.657,8382.189,8668.908,8965.170,9271.346,9587.824,9915.010,10253.329,10603.225,10965.166,11339.640,11727.161,12128.266,12543.521,12973.522,13418.893,13880.294,14358.420,14854.002,15367.813,15900.671,16453.439,17027.032,17622.420,18240.632,18882.762,19549.975,20243.511,20964.696,21714.947,22495.784,23308.837,24155.864,25038.761,25959.584,26920.564,27924.138,28972.978,30070.031,31218.568,32422.250,33685.213,35012.187,36408.650,37881.060,39437.171,41086.499,42841.010,44716.118,46732.129,48916.099,51303.488,53936.457,56847.714,60000.000,60000.000,60000.000,60000.000,60000.000,60000.000,60000.000,60000.000,60000.000,60000.000,60000.000,60000.000,60000.000,60000.000,60000.000,60000.000,60000.000,60000.000,60000.000,60000.000,60000.000,60000.000,60000.000,60000.000,60000.000,60000.000,60000.000,60000.000,60000.000,60000.000,60000.000,60000.000,60000.000,60000.000,57329.824,54857.123,52611.761,50566.287,48685.698,46940.648,45308.797,43773.405,42321.788,40944.112,39632.569,38380.803,37183.531,36036.275,34935.182,33876.885,32858.418,31877.134,30930.662,30016.857,29133.776,28279.642,27452.833,26651.856,25875.336,25122.004,24390.684,23680.284,22989.788,22318.249,21664.784,21028.562,20408.810,19804.797,19215.836,18641.280,18080.520,17532.974,16998.096,16475.364,15964.283,15464.380,14975.205,14496.326,14027.331,13567.823,13117.421,12675.758,12242.481,11817.247,11399.725,10989.596,10586.549,10190.281,9800.499,9416.918,9039.260,8667.255,8300.638,7939.155,7582.557,7230.603,6883.063,6539.717,6200.356,5864.792,5532.855,5204.406,4879.346,4557.636,4239.322,3924.578,3613.765,3307.531,3006.950,2713.720,2430.412,2160.694,1909.315,1681.422,1480.764,1307.536,1159.263,1032.359,923.184,828.525,745.735,672.706,607.784,549.679,497.366,449.979,406.692,366.590,328.638,291.916,255.749,219.713,183.575,147.233,110.665,73.899,36.988,0.000
0.000,64.657,129.393,194.281,259.390,324.793,390.560,456.764,523.477,590.771,658.720,727.397,796.875,867.231,938.539,1010.877,1084.321,1158.951,1234.844,1312.083,1390.747,1470.921,1552.689,1636.136,1721.351,1808.422,1897.439,1988.496,2081.686,2177.108,2274.860,2375.043,2477.761,2583.120,2691.229,2802.201,2916.150,3033.194,3153.457,3277.061,3404.137,3534.817,3669.238,3807.542,3949.875,4096.387,4247.235,4402.579,4562.586,4727.430,4897.288,5072.346,5252.796,5438.838,5630.679,5828.533,6032.624,6243.185,6460.455,6684.687,6916.142,7155.091,7401.820,7656.623,7919.809,8191.699,8472.629,8762.950,9063.029,9373.247,9694.007,10025.727,10368.847,10723.826,11091.146,11471.313,11864.858,12272.338,12694.338,13131.474,13584.393,14053.779,14540.350,15044.864,15568.123,16110.971,16674.305,17259.071,17866.274,18496.981,19152.325,19833.512,20541.828,21278.647,22045.439,22843.780,23675.365,24542.020,25445.722,26388.617,27373.044,28401.567,29477.018,30602.539,31781.661,33018.382,34317.301,35683.787,37124.237,38646.444,40260.172,41978.055,43817.073,45801.078,47965.271,50364.242,53085.273,56260.153,60000.000,60000.000,60000.000,60000.000,60000.000,60000.000,60000.000,60000.000,60000.000,60000.000,60000.000,60000.000,60000.000,60000.000,60000.000,60000.000,60000.000,60000.000,60000.000,60000.000,60000.000,60000.000,60000.000,60000.000,60000.000,60000.000,60000.000,60000.000,60000.000,60000.000,60000.000,60000.000,60000.000,60000.000,56860.828,54185.230,51880.519,49837.593,47984.327,46275.682,44682.668,43185.680,41770.793,40427.675,39148.361,37926.511,36756.940,35635.307,34557.908,33521.533,32523.362,31560.894,30631.886,29734.317,28866.353,28026.321,27212.688,26424.044,25659.090,24916.624,24195.529,23494.771,22813.382,22150.462,21505.165,20876.702,20264.330,19667.351,19085.106,18516.974,17962.368,17420.732,16891.536,16374.280,15868.487,15373.700,14889.485,14415.427,13951.127,13496.202,13050.285,12613.023,12184.076,11763.115,11349.824,10943.895,10545.033,10152.949,9767.367,9388.018,9014.640,8646.985,8284.807,7927.876,7575.969,7228.873,6886.393,6548.344,6214.563,5884.912,5559.279,5237.598,4919.851,4606.096,4296.489,3991.329,3691.106,3396.577,3108.868,2829.577,2560.884,2305.574,2066.867,1847.889,1650.782,1475.899,1322.002,1186.923,1068.180,963.363,870.318,787.212,712.514,644.956,583.473,527.134,475.070,426.420,380.326,336.018,292.879,250.458,208.447,166.653,124.958,83.300,41.651,0.000
0.000,62.955,125.988,189.168,252.564,316.247,380.285,444.749,509.709,575.236,641.401,708.276,775.934,844.447,913.890,984.336,1055.863,1128.546,1202.462,1277.691,1354.311,1432.405,1512.055,1593.344,1676.359,1761.186,1847.914,1936.634,2027.438,2120.422,2215.681,2313.317,2413.429,2516.123,2621.505,2729.685,2840.776,2954.894,3072.159,3192.693,3316.623,3444.080,3575.198,3710.115,3848.976,3991.929,4139.127,4290.729,4446.897,4607.803,4773.622,4944.538,5120.737,5302.418,5489.783,5683.045,5882.424,6088.147,6300.453,6519.588,6745.812,6979.390,7220.604,7469.743,7727.112,7993.029,8267.822,8551.838,8845.438,9148.998,9462.913,9787.595,10123.477,10471.010,10830.669,11202.950,11588.375,11987.489,12400.868,12829.116,13272.866,13732.787,14209.581,14703.990,15216.794,15748.819,16300.936,16874.064,17469.181,18087.318,18729.573,19397.110,20091.170,20813.071,21564.226,22346.142,23160.439,24008.857,24893.273,25815.722,26778.414,27783.769,28834.447,29933.402,31083.936,32289.790,33555.256,34885.342,36286.008,37764.517,39329.979,40994.221,42773.263,44690.029,46779.818,49103.049,51780.311,55107.653,60000.000,60000.000,60000.000,60000.000,60000.000,60000.000,60000.000,60000.000,60000.000,60000.000,60000.000,60000.000,60000.000,60000.000,60000.000,60000.000,60000.000,60000.000,60000.000,60000.000,60000.000,60000.000,60000.000,60000.000,60000.000,60000.000,60000.000,60000.000,60000.000,60000.000,60000.000,60000.000,60000.000,60000.000,55928.366,53142.612,50887.707,48919.500,47138.642,45495.436,43960.904,42516.281,41148.497,39847.936,38607.225,37420.511,36283.014,35190.736,34140.270,33128.663,32153.317,31211.928,30302.430,29422.953,28571.801,27747.421,26948.390,26173.396,25421.225,24690.753,23980.934,23290.795,22619.425,21965.975,21329.646,20709.690,20105.401,19516.118,18941.213,18380.093,17832.200,17296.999,16773.986,16262.682,15762.628,15273.387,14794.543,14325.696,13866.464,13416.480,12975.392,12542.861,12118.561,11702.178,11293.409,10891.962,10497.557,10109.919,9728.789,9353.913,8985.050,8621.966,8264.441,7912.264,7565.237,7223.176,6885.914,6553.303,6225.218,5901.564,5582.282,5267.358,4956.841,4650.857,4349.635,4053.543,3763.124,3479.152,3202.687,2935.130,2678.242,2434.099,2204.913,1992.688,1798.760,1623.446,1466.076,1325.291,1199.379,1086.543,985.070,893.409,810.194,734.240,664.511,600.081,540.097,483.749,430.276,378.996,329.330,280.824,233.130,185.993,139.228,92.703,46.320,0.000
0.000,61.201,122.478,183.899,245.530,307.439,369.695,432.365,495.518,559.223,623.550,688.568,754.349,820.963,888.481,956.978,1026.527,1097.202,1169.079,1242.234,1316.745,1392.692,1470.156,1549.218,1629.961,1712.470,1796.834,1883.139,1971.477,2061.940,2154.623,2249.623,2347.040,2446.975,2549.534,2654.823,2762.954,2874.040,2988.197,3105.547,3226.214,3350.324,3478.011,3609.411,3744.663,3883.915,4027.315,4175.020,4327.191,4483.993,4645.601,4812.192,4983.953,5161.077,5343.764,5532.222,5726.666,5927.321,6134.421,6348.209,6568.938,6796.871,7032.282,7275.459,7526.699,7786.313,8054.627,8331.979,8618.724,8915.232,9221.890,9539.103,9867.294,10206.907,10558.405,10922.276,11299.030,11689.202,12093.353,12512.072,12945.979,13395.725,13861.995,14345.509,14847.026,15367.347,15907.315,16467.821,17049.806,17654.266,18282.254,18934.889,19613.355,20318.914,21052.906,21816.762,22612.013,23440.297,24303.374,25203.144,26141.662,27121.164,28144.097,29213.156,30331.339,31502.008,32728.987,34016.686,35370.276,36795.949,38301.289,39895.837,41591.950,43406.142,45361.077,47487.944,49825.352,52390.186,54982.376,56072.836,56626.167,56954.020,57171.710,57328.251,57447.301,57541.566,57618.465,57682.620,57737.044,57783.769,57824.189,57859.267,57889.657,57915.784,57937.893,57956.078,57970.300,57980.390,57986.043,57986.800,57982.006,57970.754,57951.779,57923.292,57882.691,57826.038,57747.063,57635.087,57470.283,57211.658,56762.893,55863.898,53710.156,51569.325,49608.425,47814.330,46155.621,44606.870,43149.623,41770.477,40459.443,39208.849,38012.628,36865.861,35764.464,34704.980,33684.429,32700.210,31750.021,30831.804,29943.704,29084.038,28251.268,27443.985,26660.886,25900.771,25162.523,24445.104,23747.546,23068.946,22408.456,21765.282,21138.677,20527.938,19932.403,19351.447,18784.476,18230.932,17690.282,17162.022,16645.671,16140.773,15646.891,15163.608,14690.528,14227.269,13773.464,13328.765,12892.834,12465.350,12045.999,11634.484,11230.517,10833.820,10444.128,10061.183,9684.740,9314.563,8950.427,8592.119,8239.437,7892.192,7550.208,7213.327,6881.410,6554.338,6232.022,5914.401,5601.456,5293.219,4989.781,4691.313,4398.085,4110.491,3829.077,3554.575,3287.931,3030.322,2783.141,2547.929,2326.239,2119.412,1928.328,1753.233,1593.737,1448.943,1317.644,1198.493,1090.132,991.269,900.714,817.392,740.335,668.660,601.555,538.265,478.091,420.406,364.665,310.414,257.285,204.983,153.275,101.975,50.927,0.000
0.000,59.397,118.867,178.477,238.291,298.376,358.797,419.622,480.916,542.746,605.181,668.288,732.136,796.795,862.333,928.822,996.334,1064.941,1134.717,1205.736,1278.075,1351.811,1427.021,1503.787,1582.188,1662.309,1744.233,1828.048,1913.841,2001.703,2091.726,2184.006,2278.639,2375.725,2475.367,2577.668,2682.737,2790.686,2901.629,3015.683,3132.969,3253.614,3377.745,3505.497,3637.007,3772.417,3911.875,4055.532,4203.547,4356.083,4513.309,4675.400,4842.539,5014.914,5192.722,5376.166,5565.458,5760.818,5962.476,6170.668,6385.644,6607.662,6836.990,7073.909,7318.711,7571.702,7833.199,8103.535,8383.057,8672.127,8971.123,9280.443,9600.499,9931.725,10274.575,10629.523,10997.069,11377.732,11772.061,12180.628,12604.035,13042.916,13497.933,13969.786,14459.208,14966.972,15493.891,16040.822,16608.669,17198.385,17810.977,18447.510,19109.110,19796.968,20512.350,21256.601,22031.150,22837.521,23677.342,24552.359,25464.446,26415.628,27408.096,28444.241,29526.684,30658.322,31842.381,33082.494,34382.790,35748.015,37183.665,38696.132,40292.776,41981.700,43770.562,45662.425,47643.060,49645.430,51466.529,52682.839,53477.841,54018.230,54404.593,54694.012,54919.405,55100.513,55249.691,55374.986,55481.803,55573.857,55653.735,55723.236,55783.592,55835.602,55879.727,55916.137,55944.750,55965.236,55977.004,55979.172,55970.494,55949.255,55913.096,55858.728,55781.466,55674.434,55527.169,55323.047,55034.439,54613.520,53976.099,52982.659,51479.193,49816.307,48162.582,46574.056,45062.965,43627.161,42260.640,40956.995,39710.419,38515.889,37369.111,36266.406,35204.597,34180.912,33192.906,32238.404,31315.453,30422.284,29557.289,28718.992,27906.036,27117.167,26351.221,25607.116,24883.843,24180.458,23496.079,22829.876,22181.070,21548.928,20932.757,20331.905,19745.754,19173.720,18615.247,18069.812,17536.911,17016.072,16506.838,16008.780,15521.483,15044.553,14577.612,14120.298,13672.264,13233.178,12802.719,12380.581,11966.468,11560.097,11161.195,10769.501,10384.763,10006.741,9635.204,9269.934,8910.723,8557.374,8209.705,7867.546,7530.744,7199.162,6872.686,6551.223,6234.711,5923.120,5616.460,5314.792,5018.238,4726.993,4441.341,4161.673,3888.508,3622.507,3364.484,3115.407,2876.366,2648.513,2432.958,2230.627,2042.123,1867.624,1706.879,1559.270,1423.918,1299.798,1185.830,1080.942,984.112,894.383,810.869,732.753,659.276,589.734,523.479,459.926,398.556,338.922,280.644,223.403,166.932,111.003,55.419,0.000
0.000,57.543,115.157,172.907,230.854,289.065,347.601,406.529,465.913,525.817,586.307,647.450,709.312,771.960,835.463,899.888,965.306,1031.787,1099.402,1168.226,1238.330,1309.790,1382.682,1457.085,1533.076,1610.738,1690.151,1771.401,1854.573,1939.755,2027.038,2116.513,2208.276,2302.424,2399.055,2498.273,2600.183,2704.893,2812.514,2923.163,3036.956,3154.017,3274.470,3398.448,3526.083,3657.515,3792.887,3932.349,4076.055,4224.164,4376.841,4534.258,4696.593,4864.032,5036.764,5214.990,5398.916,5588.759,5784.741,5987.096,6196.066,6411.903,6634.872,6865.244,7103.307,7349.359,7603.710,7866.685,8138.622,8419.876,8710.815,9011.826,9323.313,9645.697,9979.422,10324.948,10682.760,11053.365,11437.293,11835.100,12247.371,12674.715,13117.776,13577.226,14053.772,14548.157,15061.161,15593.603,16146.348,16720.302,17316.421,17935.713,18579.239,19248.118,19943.533,20666.732,21419.039,22201.851,23016.653,23865.022,24748.636,25669.284,26628.877,27629.466,28673.251,29762.605,30900.088,32088.461,33330.695,34629.949,35989.491,37412.493,38901.535,40457.508,42077.205,43748.267,45439.143,47082.028,48555.540,49714.204,50584.174,51236.505,51734.452,52123.831,52435.826,52691.415,52904.827,53085.856,53241.350,53376.146,53493.681,53596.375,53685.897,53763.334,53829.302,53884.022,53927.358,53958.830,53977.600,53982.426,53971.581,53942.719,53892.669,53817.108,53710.064,53563.124,53364.197,53095.566,52730.990,52231.986,51545.446,50611.596,49407.834,48054.349,46651.799,45256.641,43895.357,42578.538,41309.182,40086.882,38909.820,37775.679,36682.053,35626.618,34607.198,33621.784,32668.524,31745.718,30851.796,29985.310,29144.916,28329.365,27537.497,26768.223,26020.528,25293.458,24586.118,23897.665,23227.305,22574.290,21937.911,21317.500,20712.425,20122.083,19545.906,18983.353,18433.908,17897.082,17372.409,16859.442,16357.758,15866.950,15386.630,14916.425,14455.980,14004.953,13563.015,13129.853,12705.164,12288.657,11880.055,11479.089,11085.502,10699.048,10319.491,9946.607,9580.180,9220.008,8865.900,8517.675,8175.170,7838.232,7506.727,7180.539,6859.575,6543.764,6233.064,5927.468,5627.010,5331.768,5041.880,4757.550,4479.058,4206.776,3941.175,3682.835,3432.444,3190.786,2958.712,2737.088,2526.721,2328.266,2142.142,1968.474,1807.084,1657.521,1519.128,1391.107,1272.591,1162.691,1060.531,965.268,876.107,792.299,713.145,637.990,566.232,497.321,430.761,366.116,303.000,241.081,180.066,119.699,59.749,0.000
0.000,55.641,111.351,167.192,223.224,279.512,336.115,393.097,450.520,508.448,566.943,626.070,685.894,746.478,807.891,870.197,933.466,997.764,1063.162,1129.729,1197.538,1266.661,1337.172,1409.146,1482.661,1557.794,1634.626,1713.239,1793.715,1876.141,1960.604,2047.193,2136.002,2227.123,2320.655,2416.696,2515.350,2616.721,2720.919,2828.055,2938.244,3051.605,3168.262,3288.340,3411.971,3539.291,3670.439,3805.561,3944.807,4088.332,4236.298,4388.871,4546.226,4708.542,4876.007,5048.814,5227.167,5411.273,5601.353,5797.633,6000.349,6209.748,6426.086,6649.630,6880.659,7119.463,7366.345,7621.621,7885.622,8158.690,8441.186,8733.485,9035.979,9349.079,9673.214,10008.832,10356.401,10716.412,11089.379,11475.839,11876.355,12291.517,12721.940,13168.273,13631.193,14111.410,14609.669,15126.751,15663.475,16220.700,16799.328,17400.305,18024.625,18673.328,19347.511,20048.323,20776.971,21534.724,22322.913,23142.939,23996.272,24884.454,25809.104,26771.913,27774.648,28819.138,29907.259,31040.899,32221.888,33451.878,34732.118,36063.050,37443.577,38869.776,40332.647,41814.436,43283.334,44688.098,45959.480,47034.334,47908.205,48609.217,49172.928,49631.075,50008.691,50324.533,50592.380,50822.296,51021.626,51195.731,51348.501,51482.721,51600.325,51702.571,51790.163,51863.330,51921.871,51965.172,51992.188,52001.401,51990.738,51957.430,51897.815,51807.040,51678.631,51503.883,51271.020,50964.133,50562.083,50038.120,49362.256,48510.621,47486.406,46341.698,45133.898,43905.660,42683.624,41482.829,40311.078,39171.973,38066.772,36995.459,35957.338,34951.376,33976.384,33031.117,32114.331,31224.813,30361.394,29522.955,28708.431,27916.810,27147.133,26398.490,25670.016,24960.892,24270.342,23597.627,22942.047,22302.938,21679.666,21071.629,20478.256,19899.001,19333.345,18780.791,18240.866,17713.120,17197.119,16692.451,16198.721,15715.550,15242.575,14779.448,14325.836,13881.416,13445.883,13018.939,12600.301,12189.696,11786.860,11391.545,11003.506,10622.515,10248.351,9880.804,9519.676,9164.777,8815.934,8472.982,8135.772,7804.171,7478.060,7157.342,6841.939,6531.799,6226.898,5927.244,5632.884,5343.909,5060.462,4782.742,4511.017,4245.626,3986.987,3735.599,3492.033,3256.921,3030.927,2814.706,2608.851,2413.833,2229.946,2057.273,1895.671,1744.799,1604.145,1473.077,1350.891,1236.843,1130.182,1030.172,936.102,847.293,763.103,682.929,606.210,532.427,461.107,391.825,324.197,257.882,192.573,127.991,63.880,0.000
0.000,53.692,107.452,161.337,215.408,269.724,324.347,379.335,434.750,490.651,547.102,604.164,661.898,720.369,779.639,839.774,900.838,962.898,1026.021,1090.275,1155.730,1222.455,1290.523,1360.006,1430.979,1503.518,1577.700,1653.605,1731.313,1810.907,1892.473,1976.097,2061.869,2149.880,2240.224,2332.999,2428.302,2526.238,2626.910,2730.429,2836.906,2946.456,3059.198,3175.257,3294.759,3417.835,3544.624,3675.264,3809.903,3948.692,4091.786,4239.350,4391.551,4548.566,4710.576,4877.769,5050.343,5228.501,5412.456,5602.429,5798.650,6001.358,6210.802,6427.242,6650.949,6882.206,7121.305,7368.555,7624.274,7888.799,8162.476,8445.670,8738.761,9042.146,9356.241,9681.478,10018.311,10367.212,10728.676,11103.222,11491.389,11893.744,12310.877,12743.409,13191.984,13657.280,14140.005,14640.898,15160.732,15700.316,16260.495,16842.152,17446.210,18073.630,18725.418,19402.620,20106.326,20837.671,21597.831,22388.027,23209.518,24063.599,24951.592,25874.837,26834.672,27832.401,28869.253,29946.308,31064.378,32223.834,33424.309,34664.241,35940.157,37245.561,38569.336,39893.641,41191.786,42427.657,43560.041,44555.527,45405.167,46119.293,46717.025,47218.903,47643.378,48005.692,48317.909,48589.364,48827.172,49036.694,49221.915,49385.728,49530.155,49656.508,49765.497,49857.315,49931.680,49987.855,50024.637,50040.318,50032.609,49998.521,49934.200,49834.692,49693.632,49502.859,49251.979,48927.987,48515.228,47996.310,47355.015,46582.430,45685.699,44692.396,43636.725,42548.797,41451.004,40358.460,39280.741,38223.604,37190.314,36182.550,35200.996,34245.726,33316.432,32412.581,31533.508,30678.472,29846.696,29037.391,28249.769,27483.058,26736.503,26009.370,25300.952,24610.567,23937.558,23281.295,22641.173,22016.612,21407.058,20811.977,20230.860,19663.217,19108.582,18566.505,18036.556,17518.322,17011.408,16515.434,16030.035,15554.862,15089.578,14633.859,14187.395,13749.886,13321.046,12900.597,12488.274,12083.822,11686.996,11297.560,10915.290,10539.969,10171.394,9809.369,9453.711,9104.246,8760.814,8423.268,8091.471,7765.305,7444.669,7129.477,6819.668,6515.203,6216.071,5922.291,5633.918,5351.047,5073.817,4802.419,4537.098,4278.158,4025.962,3780.932,3543.539,3314.288,3093.698,2882.267,2680.434,2488.541,2306.792,2135.235,1973.751,1822.063,1679.765,1546.344,1421.217,1303.757,1193.322,1089.265,990.952,897.774,809.142,724.501,643.328,565.136,489.474,415.929,344.122,273.709,204.374,135.825,67.787,0.000
0.000,51.699,103.462,155.346,207.410,259.711,312.306,365.254,418.613,472.442,526.800,581.747,637.344,693.650,750.727,808.639,867.447,927.215,988.009,1049.895,1112.938,1177.207,1242.772,1309.703,1378.071,1447.951,1519.416,1592.545,1667.414,1744.104,1822.698,1903.279,1985.935,2070.752,2157.824,2247.243,2339.105,2433.510,2530.560,2630.361,2733.019,2838.648,2947.363,3059.284,3174.535,3293.242,3415.538,3541.559,3671.448,3805.351,3943.419,4085.812,4232.692,4384.230,4540.602,4701.991,4868.588,5040.591,5218.205,5401.646,5591.136,5786.907,5989.202,6198.271,6414.377,6637.793,6868.804,7107.709,7354.815,7610.447,7874.941,8148.649,8431.939,8725.194,9028.813,9343.215,9668.834,10006.126,10355.567,10717.653,11092.901,11481.852,11885.070,12303.146,12736.693,13186.354,13652.795,14136.716,14638.842,15159.930,15700.766,16262.170,16844.991,17450.111,18078.443,18730.931,19408.547,20112.291,20843.187,21602.277,22390.615,23209.253,24059.233,24941.559,25857.168,26806.889,27791.374,28811.008,29865.772,30955.039,32077.288,33229.676,34407.453,35603.161,36805.662,37999.154,39162.641,40270.819,41297.601,42222.657,43037.722,43745.837,44357.039,44884.197,45340.285,45737.000,46084.255,46390.132,46661.053,46902.009,47116.787,47308.172,47478.115,47627.864,47758.061,47868.813,47959.742,48029.998,48078.260,48102.703,48100.940,48069.933,48005.868,47903.999,47758.457,47562.063,47306.183,46980.753,46574.695,46077.054,45479.263,44778.604,43981.813,43105.736,42172.110,41202.130,40213.495,39219.658,38230.241,37251.838,36288.808,35343.936,34418.906,33514.658,32631.622,31769.879,30929.284,30109.529,29310.208,28530.843,27770.918,27029.891,26307.207,25602.311,24914.647,24243.671,23588.848,22949.654,22325.581,21716.136,21120.841,20539.234,19970.868,19415.313,18872.153,18340.987,17821.429,17313.106,16815.660,16328.745,15852.027,15385.187,14927.913,14479.910,14040.888,13610.572,13188.694,12774.999,12369.239,11971.176,11580.584,11197.242,10820.943,10451.486,10088.681,9732.348,9382.319,9038.434,8700.546,8368.521,8042.240,7721.594,7406.497,7096.876,6792.681,6493.883,6200.480,5912.499,5629.997,5353.068,5081.844,4816.502,4557.261,4304.387,4058.191,3819.027,3587.279,3363.351,3147.647,2940.547,2742.377,2553.384,2373.708,2203.370,2042.262,1890.154,1746.708,1611.503,1484.047,1363.808,1250.230,1142.746,1040.793,943.820,851.291,762.695,677.546,595.386,515.786,438.345,362.695,288.491,215.413,143.160,71.448,0.000
0.000,49.661,99.385,149.225,199.237,249.477,300.001,350.864,402.123,453.833,506.053,558.839,612.250,666.343,721.179,776.817,833.318,890.744,949.156,1008.618,1069.195,1130.952,1193.955,1258.274,1323.977,1391.134,1459.819,1530.105,1602.067,1675.783,1751.332,1828.796,1908.257,1989.802,2073.518,2159.496,2247.829,2338.612,2431.944,2527.927,2626.665,2728.267,2832.845,2940.514,3051.394,3165.608,3283.283,3404.552,3529.552,3658.424,3791.317,3928.382,4069.777,4215.668,4366.225,4521.625,4682.053,4847.699,5018.764,5195.454,5377.985,5566.582,5761.478,5962.916,6171.150,6386.443,6609.072,6839.322,7077.492,7323.895,7578.854,7842.710,8115.814,8398.537,8691.261,8994.388,9308.337,9633.542,9970.459,10319.562,10681.345,11056.322,11445.031,11848.030,12265.900,12699.248,13148.702,13614.915,14098.567,14600.361,15121.026,15661.316,16222.007,16803.902,17407.822,18034.609,18685.121,19360.227,20060.801,20787.717,21541.830,22323.971,23134.916,23975.367,24845.906,25746.947,26678.662,27640.877,28632.939,29653.522,30700.367,31769.944,32857.021,33954.151,35051.165,36134.820,37188.941,38195.498,39136.996,39999.873,40777.314,41469.375,42081.173,42620.630,43096.629,43517.833,43892.037,44225.914,44524.959,44793.561,45035.110,45252.118,45446.332,45618.838,45770.136,45900.207,46008.552,46094.215,46155.786,46191.383,46198.611,46174.506,46115.451,46017.096,45874.262,45680.892,45430.086,45114.312,44725.925,44258.148,43706.596,43071.152,42357.475,41576.913,40744.166,39874.462,38981.558,38076.833,37169.154,36265.150,35369.627,34485.986,33616.568,32762.940,31926.101,31106.640,30304.849,29520.807,28754.438,28005.553,27273.885,26559.114,25860.877,25178.786,24512.439,23861.423,23225.320,22603.717,21996.198,21402.356,20821.792,20254.114,19698.938,19155.892,18624.614,18104.749,17595.958,17097.907,16610.275,16132.752,15665.037,15206.836,14757.869,14317.865,13886.558,13463.695,13049.031,12642.329,12243.361,11851.907,11467.757,11090.709,10720.569,10357.153,10000.286,9649.802,9305.545,8967.371,8635.146,8308.748,7988.070,7673.018,7363.513,7059.495,6760.923,6467.775,6180.056,5897.796,5621.051,5349.911,5084.499,4824.971,4571.522,4324.382,4083.814,3850.110,3623.583,3404.554,3193.337,2990.221,2795.450,2609.198,2431.559,2262.531,2102.012,1949.804,1805.621,1669.105,1539.839,1417.365,1301.198,1190.838,1085.785,985.539,889.614,797.539,708.862,623.152,540.001,459.027,379.867,302.182,225.651,149.971,74.848,0.000
0.000,47.582,95.223,142.977,190.896,239.033,287.443,336.178,385.292,434.840,484.876,535.456,586.636,638.471,691.017,744.334,798.479,853.511,909.490,966.477,1024.534,1083.724,1144.111,1205.760,1268.738,1333.114,1398.955,1466.334,1535.323,1605.997,1678.432,1752.705,1828.898,1907.092,1987.373,2069.827,2154.544,2241.616,2331.139,2423.209,2517.929,2615.401,2715.736,2819.042,2925.437,3035.037,3147.967,3264.354,3384.331,3508.034,3635.604,3767.189,3902.942,4043.022,4187.592,4336.825,4490.896,4649.992,4814.304,4984.032,5159.384,5340.576,5527.833,5721.390,5921.490,6128.387,6342.348,6563.646,6792.570,7029.419,7274.505,7528.153,7790.703,8062.507,8343.933,8635.366,8937.205,9249.865,9573.780,9909.402,10257.200,10617.662,10991.296,11378.631,11780.213,12196.611,12628.415,13076.235,13540.700,14022.462,14522.192,15040.579,15578.329,16136.164,16714.818,17315.034,17937.559,18583.138,19252.506,19946.374,20665.421,21410.269,22181.464,22979.440,23804.478,24656.651,25535.750,26441.184,27371.855,28325.993,29300.945,30292.928,31296.733,32305.440,33310.193,34300.172,35262.940,36185.358,37055.124,37862.626,38602.379,39273.261,39877.729,40420.594,40907.841,41345.732,41740.215,42096.593,42419.373,42712.233,42978.043,43218.925,43436.328,43631.092,43803.515,43953.408,44080.129,44182.613,44259.381,44308.532,44327.724,44314.142,44264.460,44174.806,44040.745,43857.311,43619.125,43320.666,42956.741,42523.231,42018.056,41442.186,40800.300,40100.576,39353.506,38570.344,37761.820,36937.367,36104.823,35270.437,34439.049,33614.321,32798.975,31994.991,31203.784,30426.335,29663.294,28915.063,28181.854,27463.735,26760.667,26072.531,25399.144,24740.279,24095.676,23465.050,22848.099,22244.510,21653.964,21076.137,20510.706,19957.347,19415.742,18885.574,18366.534,17858.318,17360.628,16873.173,16395.669,15927.839,15469.415,15020.135,14579.745,14147.999,13724.658,13309.489,12902.268,12502.781,12110.816,11726.173,11348.659,10978.087,10614.280,10257.069,9906.292,9561.799,9223.446,8891.103,8564.646,8243.969,7928.972,7619.573,7315.704,7017.313,6724.365,6436.846,6154.763,5878.145,5607.049,5341.556,5081.777,4827.850,4579.944,4338.254,4103.002,3874.425,3652.778,3438.314,3231.277,3031.885,2840.316,2656.695,2481.078,2313.445,2153.697,2001.659,1857.083,1719.659,1589.027,1464.789,1346.518,1233.773,1126.104,1023.060,924.199,829.085,737.299,648.436,562.109,477.950,395.609,314.754,235.065,156.239,77.980,0.000
0.000,45.462,90.982,136.608,182.393,228.387,274.640,321.205,368.134,415.477,463.287,511.618,560.522,610.053,660.266,711.215,762.956,815.547,869.044,923.506,978.992,1035.563,1093.279,1152.203,1212.400,1273.934,1336.873,1401.283,1467.236,1534.802,1604.054,1675.067,1747.919,1822.689,1899.457,1978.308,2059.327,2142.603,2228.227,2316.293,2406.898,2500.143,2596.130,2694.967,2796.765,2901.638,3009.703,3121.084,3235.907,3354.304,3476.412,3602.372,3732.330,3866.439,4004.858,4147.750,4295.285,4447.643,4605.007,4767.569,4935.529,5109.095,5288.482,5473.915,5665.630,5863.869,6068.886,6280.946,6500.324,6727.308,6962.195,7205.297,7456.937,7717.454,7987.198,8266.534,8555.843,8855.522,9165.981,9487.648,9820.968,10166.402,10524.429,10895.544,11280.263,11679.116,12092.653,12521.439,12966.058,13427.109,13905.206,14400.973,14915.049,15448.079,16000.713,16573.599,17167.380,17782.685,18420.119,19080.249,19763.592,20470.589,21201.583,21956.787,22736.236,23539.736,24366.793,25216.527,26087.561,26977.889,27884.719,28804.298,29731.736,30660.861,31584.159,32492.885,33377.425,34227.997,35035.629,35793.235,36496.414,37143.652,37735.973,38276.255,38768.486,39217.115,39626.571,40000.940,40343.780,40658.027,40945.975,41209.288,41449.040,41665.767,41859.510,42029.868,42176.035,42296.827,42390.699,42455.752,42489.729,42490.004,42453.576,42377.068,42256.758,42088.650,41868.621,41592.681,41257.355,40860.210,40400.457,39879.506,39301.253,38671.898,37999.274,37291.948,36558.395,35806.405,35042.770,34273.188,33502.295,32733.786,31970.552,31214.822,30468.291,29732.225,29007.555,28294.943,27594.845,26907.551,26233.222,25571.920,24923.627,24288.264,23665.705,23055.785,22458.311,21873.070,21299.831,20738.352,20188.384,19649.673,19121.960,18604.988,18098.497,17602.231,17115.936,16639.363,16172.264,15714.398,15265.527,14825.420,14393.851,13970.600,13555.450,13148.194,12748.628,12356.557,11971.790,11594.144,11223.442,10859.514,10502.199,10151.341,9806.795,9468.421,9136.091,8809.685,8489.093,8174.216,7864.969,7561.275,7263.077,6970.329,6683.003,6401.087,6124.591,5853.543,5587.994,5328.019,5073.714,4825.201,4582.622,4346.143,4115.945,3892.226,3675.185,3465.024,3261.928,3066.063,2877.556,2696.492,2522.899,2356.742,2197.926,2046.290,1901.614,1763.628,1632.015,1506.424,1386.478,1271.785,1161.937,1056.528,955.152,857.409,762.906,671.264,582.118,495.114,409.916,326.197,243.644,161.956,80.838,0.000
0.000,43.304,86.662,130.123,173.734,217.545,261.604,305.960,350.662,395.759,441.303,487.342,533.929,581.113,628.948,677.485,726.779,776.882,827.850,879.739,932.605,986.505,1041.499,1097.645,1155.007,1213.644,1273.622,1335.005,1397.859,1462.254,1528.259,1595.946,1665.388,1736.661,1809.842,1885.013,1962.255,2041.652,2123.292,2207.265,2293.665,2382.586,2474.127,2568.393,2665.488,2765.521,2868.606,2974.861,3084.406,3197.369,3313.878,3434.072,3558.088,3686.074,3818.181,3954.567,4095.395,4240.834,4391.062,4546.263,4706.627,4872.352,5043.647,5220.726,5403.813,5593.140,5788.952,5991.499,6201.046,6417.865,6642.243,6874.473,7114.866,7363.743,7621.436,7888.293,8164.676,8450.958,8747.530,9054.794,9373.170,9703.092,10045.010,10399.387,10766.704,11147.456,11542.151,11951.315,12375.481,12815.199,13271.026,13743.527,14233.274,14740.839,15266.792,15811.694,16376.091,16960.506,17565.425,18191.289,18838.471,19507.259,20197.829,20910.211,21644.250,22399.555,23175.436,23970.831,24784.219,25613.515,26455.961,27308.011,28165.240,29022.282,29872.859,30709.930,31526.017,32313.702,33066.276,33778.380,34446.488,35069.053,35646.345,36180.053,36672.814,37127.750,37548.091,37936.895,38296.856,38630.198,38938.621,39223.292,39484.864,39723.514,39938.981,40130.616,40297.419,40438.068,40550.950,40634.171,40685.565,40702.708,40682.918,40623.290,40520.740,40372.091,40174.224,39924.291,39620.014,39260.039,38844.317,38374.408,37853.610,37286.811,36680.088,36040.149,35373.799,34687.501,33987.105,33277.713,32563.645,31848.486,31135.159,30426.012,29722.910,29027.320,28340.378,27662.952,26995.694,26339.081,25693.447,25059.015,24435.912,23824.194,23223.857,22634.849,22057.079,21490.427,20934.747,20389.877,19855.637,19331.839,18818.285,18314.771,17821.090,17337.032,16862.387,16396.944,15940.494,15492.828,15053.742,14623.034,14200.505,13785.959,13379.207,12980.061,12588.341,12203.870,11826.476,11455.995,11092.266,10735.135,10384.456,10040.088,9701.898,9369.761,9043.561,8723.188,8408.544,8099.540,7796.099,7498.156,7205.658,6918.564,6636.853,6360.514,6089.558,5824.010,5563.917,5309.343,5060.373,4817.110,4579.675,4348.204,4122.848,3903.764,3691.112,3485.046,3285.711,3093.225,2907.680,2729.128,2557.574,2392.975,2235.234,2084.203,1939.685,1801.437,1669.179,1542.598,1421.359,1305.108,1193.477,1086.097,982.594,882.599,785.747,691.682,600.057,510.535,422.792,336.511,251.386,167.120,83.420,0.000
0.000,41.109,82.269,123.527,164.928,206.518,248.344,290.453,332.890,375.704,418.941,462.650,506.878,551.675,597.090,643.174,689.975,737.547,785.941,835.211,885.409,936.591,988.813,1042.131,1096.604,1152.292,1209.254,1267.552,1327.251,1388.414,1451.109,1515.405,1581.370,1649.078,1718.603,1790.019,1863.407,1938.847,2016.422,2096.218,2178.323,2262.829,2349.831,2439.427,2531.716,2626.803,2724.798,2825.811,2929.959,3037.362,3148.145,3262.436,3380.371,3502.088,3627.731,3757.452,3891.406,4029.754,4172.666,4320.318,4472.889,4630.572,4793.562,4962.064,5136.292,5316.468,5502.822,5695.595,5895.037,6101.408,6314.978,6536.029,6764.853,7001.754,7247.048,7501.064,7764.141,8036.635,8318.911,8611.350,8914.344,9228.301,9553.639,9890.792,10240.207,10602.342,10977.667,11366.663,11769.822,12187.640,12620.623,13069.279,13534.115,14015.636,14514.336,15030.697,15565.177,16118.202,16690.156,17281.366,17892.087,18522.478,19172.580,19842.282,20531.289,21239.074,21964.827,22707.393,23465.205,24236.213,25017.805,25806.741,26599.113,27390.338,28175.221,28948.107,29703.144,30434.644,31137.507,31807.631,32442.207,33039.824,33600.390,34124.886,34615.051,35073.062,35501.230,35901.772,36276.633,36627.371,36955.104,37260.482,37543.701,37804.536,38042.383,38256.301,38445.065,38607.193,38740.986,38844.545,38915.794,38952.491,38952.256,38912.605,38831.000,38704.943,38532.098,38310.468,38038.608,37715.869,37342.635,36920.491,36452.279,35941.982,35394.469,34815.137,34209.548,33583.115,32940.881,32287.379,31626.574,30961.867,30296.119,29631.711,28970.596,28314.366,27664.303,27021.430,26386.555,25760.306,25143.164,24535.489,23937.536,23349.483,22771.435,22203.442,21645.509,21097.602,20559.657,20031.582,19513.269,19004.589,18505.404,18015.562,17534.907,17063.272,16600.490,16146.390,15700.797,15263.538,14834.438,14413.326,14000.029,13594.378,13196.205,12805.347,12421.644,12044.937,11675.076,11311.911,10955.299,10605.103,10261.191,9923.435,9591.715,9265.920,8945.945,8631.690,8323.068,8020.001,7722.418,7430.262,7143.486,6862.056,6585.950,6315.162,6049.701,5789.591,5534.870,5285.596,5041.838,4803.686,4571.239,4344.609,4123.918,3909.291,3700.853,3498.724,3303.009,3113.795,2931.142,2755.078,2585.591,2422.629,2266.096,2115.853,1971.718,1833.474,1700.869,1573.622,1451.429,1333.971,1220.916,1111.924,1006.652,904.757,805.900,709.746,615.967,524.242,434.257,345.709,258.299,171.734,85.729,0.000
0.000,38.878,77.806,116.825,155.980,195.315,234.872,274.697,314.833,355.326,396.219,437.560,479.392,521.762,564.718,608.307,652.576,697.575,743.352,789.958,837.444,885.862,935.265,985.706,1037.242,1089.928,1143.821,1198.981,1255.467,1313.342,1372.669,1433.512,1495.938,1560.015,1625.814,1693.407,1762.869,1834.276,1907.708,1983.245,2060.972,2140.977,2223.348,2308.179,2395.565,2485.606,2578.404,2674.066,2772.703,2874.428,2979.359,3087.620,3199.338,3314.646,3433.681,3556.585,3683.506,3814.599,3950.024,4089.947,4234.541,4383.985,4538.468,4698.182,4863.331,5034.126,5210.784,5393.533,5582.611,5778.262,5980.744,6190.322,6407.271,6631.880,6864.445,7105.276,7354.694,7613.029,7880.628,8157.844,8445.045,8742.611,9050.932,9370.411,9701.460,10044.501,10399.968,10768.300,11149.944,11545.351,11954.975,12379.268,12818.680,13273.651,13744.610,14231.961,14736.087,15257.327,15795.977,16352.270,16926.358,17518.300,18128.030,18755.336,19399.826,20060.889,20737.654,21428.944,22133.220,22848.540,23572.503,24302.222,25034.309,25764.900,26489.731,27204.274,27903.942,28584.347,29241.594,29872.540,30474.985,31047.745,31590.600,32104.137,32589.531,33048.301,33482.080,33892.417,34280.616,34647.637,34994.032,35319.922,35625.017,35908.648,36169.817,36407.252,36619.461,36804.776,36961.385,37087.370,37180.721,37239.362,37261.179,37244.050,37185.902,37084.785,36938.975,36747.107,36508.327,36222.458,35890.143,35512.943,35093.351,34634.708,34141.030,33616.763,33066.542,32494.956,31906.372,31304.814,30693.897,30076.799,29456.274,28834.670,28213.971,27595.840,26981.652,26372.544,25769.441,25173.093,24584.102,24002.941,23429.980,22865.499,22309.703,21762.735,21224.685,20695.599,20175.488,19664.329,19162.077,18668.664,18184.005,17708.001,17240.539,16781.501,16330.757,15888.174,15453.615,15026.937,14607.997,14196.651,13792.753,13396.160,13006.727,12624.314,12248.778,11879.983,11517.795,11162.083,10812.719,10469.581,10132.551,9801.516,9476.369,9157.009,8843.343,8535.282,8232.749,7935.673,7643.992,7357.654,7076.619,6800.856,6530.347,6265.085,6005.079,5750.348,5500.927,5256.862,5018.213,4785.052,4557.462,4335.534,4119.365,3909.051,3704.691,3506.374,3314.175,3128.156,2948.351,2774.768,2607.384,2446.138,2290.937,2141.646,1998.099,1860.097,1727.410,1599.784,1476.944,1358.598,1244.444,1134.170,1027.458,923.992,823.452,725.525,629.900,536.272,444.340,353.810,264.394,175.807,87.768,0.000
0.000,36.615,73.276,110.023,146.899,183.943,221.198,258.705,296.506,334.642,373.157,412.092,451.492,491.399,531.858,572.914,614.612,656.997,700.116,744.018,788.749,834.359,880.898,928.417,976.968,1026.603,1077.378,1129.348,1182.570,1237.102,1293.003,1350.335,1409.161,1469.545,1531.555,1595.257,1660.724,1728.027,1797.241,1868.443,1941.713,2017.133,2094.787,2174.764,2257.155,2342.052,2429.554,2519.761,2612.777,2708.710,2807.673,2909.782,3015.156,3123.922,3236.209,3352.152,3471.891,3595.572,3723.347,3855.372,3991.810,4132.832,4278.615,4429.341,4585.203,4746.398,4913.134,5085.624,5264.091,5448.768,5639.895,5837.723,6042.511,6254.527,6474.053,6701.377,6936.800,7180.631,7433.193,7694.815,7965.840,8246.621,8537.519,8838.905,9151.159,9474.670,9809.833,10157.047,10516.719,10889.253,11275.056,11674.530,12088.069,12516.056,12958.855,13416.809,13890.228,14379.380,14884.484,15405.693,15943.082,16496.626,17066.186,17651.477,18252.049,18867.250,19496.194,20137.731,20790.404,21452.423,22121.634,22795.513,23471.167,24145.378,24814.676,25475.454,26124.129,26757.330,27372.097,27966.057,28537.549,29085.668,29610.221,30111.623,30590.723,31048.618,31486.461,31905.285,32305.865,32688.621,33053.556,33400.254,33727.898,34035.326,34321.093,34583.544,34820.876,35031.193,35212.547,35362.974,35480.512,35563.224,35609.224,35616.703,35583.973,35509.533,35392.136,35230.897,35025.391,34775.765,34482.826,34148.094,33773.799,33362.817,32918.543,32444.730,31945.309,31424.223,30885.285,30332.079,29767.889,29195.671,28618.039,28037.275,27455.352,26873.960,26294.533,25718.281,25146.218,24579.188,24017.888,23462.890,22914.655,22373.555,21839.882,21313.861,20795.659,20285.397,19783.150,19288.964,18802.850,18324.796,17854.769,17392.718,16938.576,16492.266,16053.697,15622.773,15199.389,14783.436,14374.801,13973.365,13579.010,13191.616,12811.062,12437.227,12069.992,11709.237,11354.847,11006.707,10664.705,10328.734,9998.690,9674.473,9355.989,9043.147,8735.865,8434.065,8137.678,7846.640,7560.898,7280.406,7005.126,6735.033,6470.110,6210.352,5955.763,5706.362,5462.175,5223.242,4989.612,4761.343,4538.502,4321.162,4109.397,3903.283,3702.894,3508.293,3319.535,3136.657,2959.675,2788.582,2623.343,2463.894,2310.139,2161.952,2019.178,1881.631,1749.101,1621.357,1498.147,1379.204,1264.250,1152.996,1045.150,940.416,838.496,739.094,641.917,546.672,453.075,360.840,269.691,179.349,89.542,0.000
0.000,34.320,68.683,103.127,137.691,172.414,207.334,242.491,277.923,313.670,349.772,386.269,423.202,460.611,498.538,537.024,576.113,615.847,656.271,697.428,739.364,782.125,825.758,870.311,915.832,962.372,1009.982,1058.713,1108.619,1159.756,1212.179,1265.945,1321.114,1377.747,1435.905,1495.655,1557.061,1620.192,1685.118,1751.912,1820.649,1891.406,1964.262,2039.301,2116.608,2196.270,2278.381,2363.034,2450.327,2540.362,2633.245,2729.084,2827.994,2930.093,3035.501,3144.347,3256.762,3372.883,3492.853,3616.819,3744.935,3877.361,4014.262,4155.811,4302.188,4453.580,4610.178,4772.186,4939.812,5113.274,5292.797,5478.614,5670.969,5870.114,6076.309,6289.824,6510.939,6739.943,6977.133,7222.817,7477.311,7740.941,8014.039,8296.947,8590.014,8893.594,9208.046,9533.732,9871.018,10220.268,10581.842,10956.094,11343.370,11743.999,12158.290,12586.527,13028.960,13485.797,13957.191,14443.233,14943.934,15459.213,15988.875,16532.593,17089.887,17660.098,18242.364,18835.593,19438.444,20049.304,20666.279,21287.197,21909.626,22530.920,23148.283,23758.871,24359.916,24948.864,25523.516,26082.147,26623.589,27147.251,27653.087,28141.500,28613.208,29069.075,29509.947,29936.484,30349.030,30747.516,31131.412,31499.737,31851.098,32183.773,32495.801,32785.076,33049.433,33286.707,33494.780,33671.620,33815.289,33923.970,33995.972,34029.757,34023.963,33977.455,33889.374,33759.202,33586.839,33372.665,33117.599,32823.122,32491.267,32124.568,31725.965,31298.694,30846.151,30371.771,29878.917,29370.797,28850.402,28320.469,27783.466,27241.589,26696.772,26150.704,25604.845,25060.453,24518.603,23980.211,23446.048,22916.763,22392.899,21874.902,21363.140,20857.910,20359.449,19867.942,19383.529,18906.310,18436.354,17973.700,17518.363,17070.338,16629.600,16196.110,15769.817,15350.659,14938.562,14533.449,14135.233,13743.826,13359.132,12981.056,12609.498,12244.358,11885.537,11532.934,11186.449,10845.985,10511.446,10182.737,9859.769,9542.455,9230.712,8924.460,8623.628,8328.147,8037.955,7752.997,7473.226,7198.601,6929.089,6664.667,6405.321,6151.044,5901.840,5657.723,5418.716,5184.849,4956.162,4732.701,4514.520,4301.673,4094.220,3892.216,3695.716,3504.762,3319.390,3139.619,2965.451,2796.865,2633.819,2476.246,2324.048,2177.107,2035.273,1898.377,1766.223,1638.598,1515.270,1395.994,1280.513,1168.559,1059.862,954.144,851.127,750.531,652.079,555.494,460.501,366.830,274.210,182.374,91.059,0.000
0.000,31.995,64.030,96.141,128.364,160.735,193.291,226.067,259.100,292.427,326.085,360.112,394.545,429.423,464.784,500.667,537.112,574.161,611.852,650.228,689.331,729.204,769.891,811.437,853.887,897.288,941.687,987.134,1033.678,1081.372,1130.265,1180.413,1231.872,1284.698,1338.949,1394.685,1451.970,1510.865,1571.438,1633.755,1697.888,1763.907,1831.889,1901.910,1974.050,2048.392,2125.021,2204.027,2285.500,2369.536,2456.234,2545.696,2638.028,2733.341,2831.748,2933.368,3038.326,3146.748,3258.768,3374.524,3494.160,3617.825,3745.674,3877.869,4014.576,4155.971,4302.233,4453.550,4610.118,4772.139,4939.822,5113.386,5293.056,5479.067,5671.659,5871.085,6077.602,6291.477,6512.986,6742.412,6980.046,7226.188,7481.142,7745.220,8018.740,8302.024,8595.397,8899.186,9213.717,9539.315,9876.298,10224.978,10585.653,10958.606,11344.097,11742.360,12153.592,12577.950,13015.535,13466.389,13930.477,14407.674,14897.755,15400.371,15915.036,16441.111,16977.778,17524.032,18078.663,18640.248,19207.149,19777.529,20349.374,20920.536,21488.798,22051.957,22607.919,23154.808,23691.064,24215.530,24727.507,25226.755,25713.467,26188.174,26651.621,27104.616,27547.857,27981.765,28406.347,28821.093,29224.938,29616.286,29993.091,30352.978,30693.377,31011.652,31305.206,31571.559,31808.396,32013.592,32185.224,32321.573,32421.128,32482.589,32504.880,32487.179,32428.942,32329.954,32190.367,32010.744,31792.086,31535.848,31243.918,30918.577,30562.430,30178.324,29769.244,29338.225,28888.267,28422.262,27942.942,27452.845,26954.295,26449.390,25940.010,25427.822,24914.291,24400.701,23888.168,23377.656,22869.996,22365.899,21865.971,21370.723,20880.588,20395.925,19917.031,19444.151,18977.478,18517.168,18063.339,17616.077,17175.443,16741.473,16314.182,15893.569,15479.618,15072.298,14671.570,14277.382,13889.678,13508.391,13133.454,12764.791,12402.326,12045.978,11695.666,11351.308,11012.821,10680.122,10353.130,10031.767,9715.954,9405.616,9100.681,8801.083,8506.757,8217.644,7933.690,7654.847,7381.074,7112.334,6848.599,6589.849,6336.069,6087.254,5843.406,5604.536,5370.660,5141.802,4917.995,4699.273,4485.679,4277.252,4074.036,3876.073,3683.399,3496.041,3314.018,3137.337,2965.985,2799.934,2639.135,2483.515,2332.981,2187.416,2046.680,1910.613,1779.034,1651.744,1528.531,1409.165,1293.409,1181.015,1071.729,965.293,861.444,759.920,660.457,562.792,466.664,371.811,277.975,184.898,92.325,0.000
0.000,29.643,59.322,89.073,118.926,148.918,179.080,209.447,240.052,270.930,302.115,333.641,365.545,397.861,430.625,463.873,497.643,531.971,566.897,602.457,638.691,675.640,713.344,751.845,791.184,831.405,872.554,914.673,957.811,1002.015,1047.333,1093.815,1141.513,1190.480,1240.769,1292.437,1345.542,1400.142,1456.299,1514.076,1573.537,1634.751,1697.786,1762.715,1829.611,1898.551,1969.616,2042.887,2118.450,2196.393,2276.808,2359.790,2445.438,2533.854,2625.144,2719.419,2816.794,2917.387,3021.321,3128.727,3239.735,3354.487,3473.125,3595.798,3722.664,3853.882,3989.620,4130.052,4275.360,4425.729,4581.356,4742.440,4909.190,5081.824,5260.562,5445.637,5637.287,5835.756,6041.298,6254.172,6474.645,6702.989,6939.483,7184.410,7438.058,7700.716,7972.679,8254.237,8545.683,8847.304,9159.380,9482.182,9815.968,10160.977,10517.429,10885.511,11265.379,11657.146,12060.875,12476.567,12904.156,13343.491,13794.329,14256.319,14728.989,15211.732,15703.799,16204.279,16712.105,17226.041,17744.699,18266.547,18789.946,19313.185,19834.544,20352.360,20865.110,21371.493,21870.504,22361.502,22844.246,23318.889,23785.943,24246.194,24700.573,25149.999,25595.186,26036.461,26473.591,26905.666,27331.060,27747.481,28152.111,28541.785,28913.197,29263.075,29588.315,29886.073,30153.806,30389.291,30590.613,30756.153,30884.573,30974.796,31026.010,31037.669,31009.508,30941.566,30834.207,30688.147,30504.462,30284.591,30030.321,29743.750,29427.234,29083.322,28714.688,28324.051,27914.116,27487.511,27046.748,26594.184,26132.005,25662.212,25186.620,24706.862,24224.393,23740.507,23256.340,22772.895,22291.042,21811.541,21335.050,20862.134,20393.278,19928.896,19469.337,19014.898,18565.822,18122.311,17684.529,17252.607,16826.645,16406.720,15992.882,15585.167,15183.590,14788.153,14398.844,14015.641,13638.511,13267.416,12902.307,12543.133,12189.838,11842.359,11500.634,11164.598,10834.184,10509.325,10189.954,9876.005,9567.413,9264.113,8966.046,8673.154,8385.382,8102.679,7825.000,7552.301,7284.547,7021.708,6763.758,6510.677,6262.455,6019.085,5780.568,5546.911,5318.125,5094.231,4875.251,4661.212,4452.144,4248.078,4049.043,3855.068,3666.174,3482.377,3303.683,3130.085,2961.563,2798.080,2639.582,2485.994,2337.225,2193.160,2053.667,1918.595,1787.775,1661.021,1538.134,1418.904,1303.106,1190.512,1080.883,973.976,869.546,767.344,667.120,568.625,471.608,375.820,281.012,186.938,93.349,0.000
0.000,27.264,54.563,81.927,109.386,136.972,164.714,192.645,220.796,249.198,277.882,306.881,336.226,365.951,396.089,426.673,457.737,489.315,521.443,554.155,587.489,621.480,656.166,691.586,727.778,764.782,802.640,841.393,881.084,921.756,963.454,1006.225,1050.115,1095.175,1141.453,1189.001,1237.872,1288.122,1339.805,1392.982,1447.711,1504.054,1562.076,1621.842,1683.422,1746.887,1812.309,1879.764,1949.333,2021.095,2095.135,2171.543,2250.407,2331.824,2415.890,2502.708,2592.384,2685.026,2780.750,2879.673,2981.918,3087.614,3196.892,3309.891,3426.754,3547.629,3672.670,3802.037,3935.897,4074.422,4217.789,4366.184,4519.799,4678.830,4843.483,5013.968,5190.503,5373.311,5562.625,5758.678,5961.714,6171.980,6389.727,6615.211,6848.691,7090.427,7340.681,7599.714,7867.783,8145.141,8432.033,8728.693,9035.344,9352.186,9679.401,10017.141,10365.525,10724.632,11094.494,11475.085,11866.316,12268.025,12679.963,13101.791,13533.062,13973.219,14421.584,14877.353,15339.599,15807.269,16279.205,16754.155,17230.809,17707.840,18183.951,18657.942,19128.777,19595.650,20058.053,20515.824,20969.177,21418.698,21865.308,22310.170,22754.565,23199.705,23646.514,24095.391,24545.982,24997.015,25446.252,25890.572,26326.195,26748.969,27154.675,27539.266,27899.046,28230.758,28531.621,28799.318,29031.959,29228.043,29386.413,29506.225,29586.920,29628.216,29630.106,29592.859,29517.030,29403.472,29253.335,29068.061,28849.371,28599.230,28319.812,28013.442,27682.550,27329.609,26957.085,26567.390,26162.843,25745.644,25317.852,24881.373,24437.955,23989.188,23536.507,23081.200,22624.417,22167.179,21710.389,21254.842,20801.235,20350.177,19902.199,19457.759,19017.253,18581.019,18149.346,17722.479,17300.623,16883.946,16472.588,16066.659,15666.247,15271.417,14882.216,14498.675,14120.810,13748.624,13382.109,13021.250,12666.021,12316.391,11972.322,11633.772,11300.696,10973.043,10650.764,10333.806,10022.115,9715.637,9414.319,9118.110,8826.959,8540.818,8259.639,7983.382,7712.006,7445.476,7183.760,6926.833,6674.672,6427.261,6184.588,5946.648,5713.439,5484.966,5261.238,5042.268,4828.072,4618.670,4414.083,4214.330,4019.432,3829.406,3644.261,3464.003,3288.627,3118.117,2952.446,2791.569,2635.430,2483.953,2337.045,2194.599,2056.485,1922.562,1792.671,1666.638,1544.276,1425.387,1309.766,1197.194,1087.450,980.306,875.530,772.886,672.138,573.049,475.380,378.893,283.349,188.511,94.140,0.000
0.000,24.863,49.757,74.710,99.750,124.906,150.205,175.676,201.348,227.248,253.406,279.852,306.614,333.722,361.207,389.099,417.430,446.229,475.530,505.365,535.766,566.768,598.405,630.711,663.722,697.475,732.007,767.356,803.562,840.663,878.701,917.719,957.760,998.867,1041.087,1084.468,1129.057,1174.904,1222.061,1270.582,1320.521,1371.934,1424.881,1479.422,1535.620,1593.538,1653.246,1714.812,1778.307,1843.807,1911.390,1981.134,2053.125,2127.447,2204.190,2283.448,2365.318,2449.898,2537.295,2627.615,2720.970,2817.479,2917.262,3020.444,3127.157,3237.535,3351.720,3469.857,3592.097,3718.598,3849.522,3985.037,4125.316,4270.540,4420.895,4576.571,4737.765,4904.681,5077.527,5256.516,5441.865,5633.797,5832.538,6038.318,6251.365,6471.915,6700.197,6936.442,7180.876,7433.721,7695.188,7965.481,8244.787,8533.276,8831.096,9138.369,9455.184,9781.594,10117.606,10463.177,10818.208,11182.529,11555.902,11938.005,12328.428,12726.669,13132.128,13544.108,13961.817,14384.375,14810.832,15240.187,15671.419,16103.531,16535.588,16966.787,17396.506,17824.374,18250.327,18674.652,19098.025,19521.505,19946.501,20374.695,20807.893,21247.823,21695.859,22152.694,22618.019,23090.254,23566.457,24042.464,24513.236,24973.339,25417.390,25840.400,26237.983,26606.441,26942.762,27244.569,27510.042,27737.837,27927.015,28076.985,28187.455,28258.412,28290.097,28283.002,28237.866,28155.675,28037.658,27885.279,27700.218,27484.353,27239.721,26968.482,26672.877,26355.185,26017.677,25662.588,25292.076,24908.200,24512.907,24108.011,23695.194,23275.999,22851.833,22423.971,21993.565,21561.647,21129.139,20696.861,20265.543,19835.827,19408.279,18983.397,18561.613,18143.306,17728.802,17318.382,16912.289,16510.726,16113.866,15721.853,15334.805,14952.817,14575.965,14204.306,13837.882,13476.721,13120.838,12770.240,12424.921,12084.869,11750.067,11420.488,11096.104,10776.882,10462.785,10153.774,9849.809,9550.848,9256.850,8967.773,8683.577,8404.221,8129.670,7859.886,7594.837,7334.495,7078.832,6827.825,6581.457,6339.712,6102.581,5870.057,5642.138,5418.826,5200.127,4986.048,4776.602,4571.801,4371.657,4176.183,3985.390,3799.285,3617.870,3441.139,3269.081,3101.672,2938.877,2780.650,2626.929,2477.639,2332.688,2191.971,2055.366,1922.736,1793.932,1668.791,1547.137,1428.785,1313.541,1201.201,1091.557,984.393,879.492,776.630,675.583,576.125,478.030,381.068,285.013,189.635,94.707,0.000
0.000,22.439,44.907,67.428,90.028,112.731,135.565,158.554,181.723,205.100,228.709,252.578,276.733,301.200,326.008,351.183,376.754,402.749,429.197,456.127,483.569,511.553,540.111,569.273,599.073,629.543,660.716,692.628,725.313,758.808,793.150,828.376,864.527,901.642,939.762,978.931,1019.192,1060.591,1103.173,1146.988,1192.084,1238.514,1286.329,1335.586,1386.340,1438.650,1492.577,1548.184,1605.536,1664.700,1725.747,1788.749,1853.782,1920.922,1990.253,2061.857,2135.822,2212.239,2291.201,2372.807,2457.159,2544.362,2634.524,2727.760,2824.188,2923.930,3027.113,3133.869,3244.333,3358.648,3476.959,3599.419,3726.184,3857.414,3993.278,4133.946,4279.597,4430.410,4586.573,4748.276,4915.714,5089.085,5268.588,5454.428,5646.809,5845.936,6052.012,6265.238,6485.813,6713.927,6949.765,7193.497,7445.284,7705.265,7973.563,8250.273,8535.462,8829.159,9131.359,9442.006,9760.996,10088.165,10423.287,10766.068,11116.139,11473.057,11836.301,12205.277,12579.321,12957.711,13339.685,13724.459,14111.264,14499.381,14888.187,15277.207,15666.179,16055.103,16444.312,16834.516,17226.847,17622.872,18024.576,18434.293,18854.567,19287.915,19736.483,20201.593,20683.234,21179.615,21686.958,22199.691,22711.055,23213.878,23701.271,24167.095,24606.187,25014.411,25388.577,25726.327,26025.986,26286.442,26507.032,26687.461,26827.735,26928.123,26989.125,27011.457,26996.044,26944.007,26856.662,26735.510,26582.219,26398.608,26186.619,25948.287,25685.708,25401.006,25096.301,24773.677,24435.155,24082.675,23718.081,23343.105,22959.361,22568.346,22171.434,21769.884,21364.837,20957.330,20548.295,20138.573,19728.913,19319.984,18912.381,18506.633,18103.205,17702.507,17304.898,16910.694,16520.166,16133.551,15751.052,15372.842,14999.066,14629.849,14265.291,13905.475,13550.466,13200.315,12855.059,12514.725,12179.326,11848.871,11523.356,11202.775,10887.113,10576.352,10270.470,9969.441,9673.237,9381.828,9095.182,8813.270,8536.058,8263.517,7995.617,7732.329,7473.627,7219.486,6969.885,6724.806,6484.232,6248.151,6016.554,5789.434,5566.788,5348.617,5134.923,4925.711,4720.987,4520.758,4325.030,4133.809,3947.098,3764.897,3587.199,3413.994,3245.261,3080.971,2921.085,2765.553,2614.311,2467.283,2324.380,2185.499,2050.523,1919.322,1791.754,1667.666,1546.891,1429.256,1314.578,1202.665,1093.322,986.344,881.526,778.657,677.524,577.912,479.604,382.383,286.031,190.329,95.058,0.000
0.000,19.996,40.018,60.087,80.226,100.458,120.806,141.293,161.940,182.772,203.811,225.082,246.608,268.413,290.521,312.957,335.746,358.913,382.483,406.484,430.941,455.882,481.335,507.326,533.887,561.044,588.830,617.273,646.407,676.263,706.875,738.275,770.500,803.586,837.569,872.486,908.379,945.286,983.249,1022.312,1062.519,1103.915,1146.548,1190.467,1235.723,1282.367,1330.454,1380.041,1431.184,1483.946,1538.388,1594.574,1652.573,1712.454,1774.289,1838.154,1904.127,1972.287,2042.720,2115.513,2190.757,2268.544,2348.974,2432.147,2518.169,2607.148,2699.198,2794.436,2892.983,2994.966,3100.514,3209.761,3322.849,3439.918,3561.118,3686.602,3816.525,3951.048,4090.336,4234.557,4383.884,4538.489,4698.549,4864.243,5035.749,5213.246,5396.911,5586.918,5783.438,5986.635,6196.665,6413.674,6637.795,6869.145,7107.820,7353.896,7607.420,7868.409,8136.845,8412.667,8695.774,8986.011,9283.172,9586.992,9897.149,10213.258,10534.876,10861.506,11192.602,11527.582,11865.848,12206.806,12549.899,12894.640,13240.662,13587.766,13935.982,14285.629,14637.380,14992.330,15352.050,15718.633,16094.708,16483.406,16888.240,17312.862,17760.643,18234.039,18733.792,19258.104,19802.162,20358.389,20917.522,21469.963,22006.845,22520.651,23005.403,23456.589,23870.972,24246.347,24581.317,24875.108,25127.418,25338.312,25508.135,25637.467,25727.083,25777.934,25791.133,25767.948,25709.792,25618.214,25494.890,25341.608,25160.242,24952.735,24721.075,24467.263,24193.293,23901.127,23592.671,23269.762,22934.151,22587.494,22231.344,21867.150,21496.251,21119.881,20739.172,20355.157,19968.771,19580.866,19192.206,18803.480,18415.307,18028.238,17642.765,17259.326,16878.308,16500.053,16124.862,15752.998,15384.692,15020.143,14659.522,14302.977,13950.634,13602.598,13258.955,12919.777,12585.123,12255.037,11929.551,11608.690,11292.469,10980.896,10673.971,10371.690,10074.043,9781.018,9492.597,9208.763,8929.494,8654.769,8384.565,8118.858,7857.628,7600.852,7348.509,7100.581,6857.050,6617.902,6383.122,6152.701,5926.630,5704.903,5487.518,5274.471,5065.764,4861.397,4661.373,4465.694,4274.362,4087.375,3904.732,3726.424,3552.442,3382.765,3217.371,3056.225,2899.283,2746.493,2597.791,2453.101,2312.334,2175.390,2042.158,1912.514,1786.321,1663.435,1543.700,1426.952,1313.016,1201.714,1092.860,986.262,881.724,779.047,678.029,578.466,480.150,382.875,286.432,190.611,95.204,0.000
0.000,17.536,35.093,52.693,70.355,88.097,105.942,123.907,142.014,160.283,178.734,197.388,216.266,235.389,254.778,274.454,294.440,314.758,335.430,356.479,377.929,399.804,422.127,444.924,468.220,492.039,516.410,541.359,566.913,593.101,619.953,647.497,675.765,704.788,734.598,765.230,796.717,829.094,862.399,896.670,931.945,968.264,1005.669,1044.203,1083.910,1124.837,1167.031,1210.542,1255.420,1301.719,1349.493,1398.800,1449.698,1502.248,1556.516,1612.565,1670.465,1730.288,1792.105,1855.996,1922.038,1990.315,2060.912,2133.918,2209.425,2287.529,2368.329,2451.928,2538.432,2627.952,2720.601,2816.498,2915.764,3018.523,3124.907,3235.047,3349.081,3467.148,3589.392,3715.958,3846.996,3982.658,4123.095,4268.461,4418.911,4574.598,4735.674,4902.289,5074.587,5252.707,5436.781,5626.930,5823.265,6025.880,6234.853,6450.243,6672.082,6900.376,7135.102,7376.199,7623.571,7877.078,8136.535,8401.714,8672.335,8948.073,9228.559,9513.384,9802.107,10094.272,10389.419,10687.115,10986.975,11288.704,11592.136,11897.292,12204.431,12514.123,12827.320,13145.441,13470.456,13804.968,14152.285,14516.450,14902.192,15314.720,15759.258,16240.206,16759.869,17316.931,17905.288,18514.277,19130.789,19741.718,20335.618,20903.396,21438.324,21935.723,22392.539,22806.946,23178.012,23505.450,23789.431,24030.455,24229.261,24386.774,24504.067,24582.338,24622.898,24627.166,24596.662,24532.997,24437.871,24313.057,24160.386,23981.736,23779.007,23554.107,23308.927,23045.327,22765.117,22470.043,22161.775,21841.900,21511.911,21173.212,20827.105,20474.800,20117.411,19755.962,19391.390,19024.548,18656.211,18287.083,17917.797,17548.924,17180.979,16814.420,16449.659,16087.060,15726.949,15369.614,15015.307,14664.252,14316.643,13972.649,13632.418,13296.076,12963.729,12635.469,12311.372,11991.499,11675.901,11364.618,11057.681,10755.111,10456.923,10163.126,9873.723,9588.712,9308.089,9031.843,8759.965,8492.442,8229.259,7970.400,7715.852,7465.598,7219.624,6977.914,6740.457,6507.240,6278.253,6053.487,5832.936,5616.593,5404.455,5196.519,4992.783,4793.245,4597.905,4406.761,4219.809,4037.045,3858.461,3684.044,3513.779,3347.642,3185.605,3027.629,2873.670,2723.673,2577.571,2435.291,2296.745,2161.837,2030.459,1902.491,1777.805,1656.264,1537.719,1422.015,1308.988,1198.470,1090.282,984.245,880.174,777.878,677.167,577.844,479.715,382.581,286.243,190.500,95.153,0.000
0.000,15.060,30.138,45.253,60.421,75.659,90.984,106.412,121.963,137.653,153.499,169.520,185.733,202.156,218.808,235.707,252.872,270.322,288.077,306.156,324.579,343.367,362.540,382.121,402.130,422.589,443.522,464.952,486.902,509.397,532.462,556.122,580.405,605.336,630.944,657.258,684.307,712.122,740.735,770.177,800.482,831.686,863.823,896.930,931.046,966.211,1002.465,1039.851,1078.413,1118.196,1159.248,1201.617,1245.356,1290.514,1337.150,1385.317,1435.076,1486.487,1539.615,1594.524,1651.284,1709.965,1770.641,1833.388,1898.285,1965.416,2034.864,2106.717,2181.069,2258.012,2337.645,2420.068,2505.386,2593.707,2685.140,2779.800,2877.803,2979.269,3084.321,3193.082,3305.680,3422.242,3542.900,3667.783,3797.021,3930.744,4069.080,4212.154,4360.088,4512.996,4670.988,4834.165,5002.614,5176.414,5355.625,5540.291,5730.434,5926.055,6127.126,6333.591,6545.363,6762.318,6984.299,7211.109,7442.516,7678.249,7918.006,8161.461,8408.265,8658.068,8910.529,9165.342,9422.262,9681.138,9941.960,10204.904,10470.394,10739.175,11012.398,11291.721,11579.425,11878.557,12193.071,12527.976,12889.419,13284.630,13721.529,14207.726,14748.623,15344.545,15987.869,16662.736,17349.741,18030.614,18690.635,19319.120,19908.916,20455.592,20956.679,21411.059,21818.521,22179.448,22494.612,22765.038,22991.916,23176.552,23320.336,23424.727,23491.244,23521.462,23517.011,23479.577,23410.891,23312.726,23186.889,23035.209,22859.522,22661.657,22443.423,22206.595,21952.901,21684.006,21401.511,21106.936,20801.723,20487.228,20164.719,19835.377,19500.297,19160.492,18816.892,18470.350,18121.646,17771.491,17420.531,17069.352,16718.484,16368.404,16019.541,15672.281,15326.970,14983.915,14643.390,14305.639,13970.876,13639.290,13311.049,12986.295,12665.155,12347.738,12034.135,11724.425,11418.674,11116.937,10819.259,10525.674,10236.212,9950.891,9669.729,9392.732,9119.907,8851.255,8586.774,8326.459,8070.303,7818.300,7570.440,7326.713,7087.110,6851.622,6620.238,6392.952,6169.755,5950.639,5735.601,5524.633,5317.732,5114.895,4916.117,4721.396,4530.727,4344.106,4161.526,3982.978,3808.450,3637.926,3471.387,3308.804,3150.146,2995.372,2844.436,2697.281,2553.841,2414.043,2277.801,2145.021,2015.600,1889.423,1766.369,1646.305,1529.092,1414.582,1302.621,1193.047,1085.694,980.390,876.961,775.225,675.000,576.103,478.345,381.537,285.491,190.013,94.914,0.000
0.000,12.570,25.157,37.773,50.433,63.153,75.945,88.824,101.804,114.901,128.128,141.501,155.034,168.744,182.643,196.750,211.078,225.645,240.466,255.557,270.936,286.620,302.626,318.972,335.675,352.755,370.230,388.120,406.445,425.224,444.480,464.234,484.506,505.321,526.701,548.671,571.255,594.479,618.368,642.951,668.255,694.309,721.143,748.788,777.276,806.639,836.913,868.133,900.335,933.557,967.840,1003.223,1039.750,1077.464,1116.411,1156.639,1198.197,1241.136,1285.508,1331.369,1378.776,1427.789,1478.468,1530.877,1585.084,1641.156,1699.164,1759.181,1821.285,1885.554,1952.069,2020.915,2092.178,2165.947,2242.315,2321.378,2403.230,2487.972,2575.705,2666.533,2760.561,2857.894,2958.640,3062.907,3170.802,3282.431,3397.899,3517.310,3640.760,3768.346,3900.154,4036.265,4176.750,4321.670,4471.072,4624.988,4783.433,4946.403,5113.872,5285.789,5462.079,5642.639,5827.336,6016.008,6208.465,6404.490,6603.845,6806.272,7011.505,7219.283,7429.360,7641.532,7855.658,8071.692,8289.725,8510.029,8733.123,8959.841,9191.431,9429.670,9677.019,9936.815,10213.519,10513.014,10842.932,11212.911,11634.559,12120.611,12682.421,13324.830,14038.988,14799.148,15574.925,16340.469,17077.305,17773.664,18422.767,19021.200,19567.687,20062.265,20505.751,20899.407,21244.742,21543.391,21797.048,22007.430,22176.262,22305.269,22396.179,22450.729,22470.664,22457.742,22413.736,22340.429,22239.615,22113.084,21962.622,21789.998,21596.952,21385.185,21156.353,20912.054,20653.823,20383.123,20101.344,19809.799,19509.720,19202.259,18888.490,18569.410,18245.940,17918.930,17589.159,17257.342,16924.133,16590.128,16255.868,15921.844,15588.503,15256.244,14925.430,14596.388,14269.408,13944.750,13622.648,13303.308,12986.914,12673.626,12363.586,12056.919,11753.732,11454.118,11158.159,10865.922,10577.464,10292.834,10012.072,9735.210,9462.273,9193.281,8928.248,8667.184,8410.097,8156.989,7907.861,7662.713,7421.541,7184.341,6951.110,6721.841,6496.530,6275.171,6057.758,5844.287,5634.754,5429.153,5227.480,5029.731,4835.903,4645.988,4459.982,4277.877,4099.664,3925.329,3754.859,3588.235,3425.432,3266.421,3111.168,2959.629,2811.758,2667.496,2526.778,2389.531,2255.673,2125.112,1997.747,1873.471,1752.165,1633.705,1517.957,1404.782,1294.032,1185.556,1079.195,974.787,872.165,771.158,671.593,573.294,476.083,379.779,284.202,189.168,94.495,0.000
0.000,10.070,20.152,30.259,40.401,50.591,60.838,71.156,81.554,92.046,102.643,113.356,124.198,135.180,146.315,157.616,169.095,180.764,192.638,204.728,217.049,229.614,242.437,255.532,268.915,282.598,296.599,310.932,325.613,340.660,356.087,371.914,388.157,404.834,421.964,439.567,457.663,476.271,495.413,515.110,535.386,556.263,577.765,599.918,622.746,646.276,670.536,695.554,721.359,747.983,775.457,803.813,833.086,863.311,894.524,926.765,960.071,994.484,1030.047,1066.804,1104.800,1144.083,1184.703,1226.710,1270.157,1315.099,1361.594,1409.699,1459.477,1510.990,1564.303,1619.484,1676.602,1735.728,1796.937,1860.303,1925.904,1993.820,2064.131,2136.920,2212.269,2290.264,2370.991,2454.533,2540.976,2630.405,2722.902,2818.547,2917.419,3019.592,3125.133,3234.105,3346.563,3462.553,3582.111,3705.259,3832.008,3962.350,4096.264,4233.707,4374.617,4518.910,4666.480,4817.201,4970.923,5127.477,5286.683,5448.345,5612.267,5778.260,5946.156,6115.827,6287.202,6460.301,6635.268,6812.414,6992.274,7175.681,7363.859,7558.554,7762.209,7978.207,8211.218,8467.675,8756.429,9089.571,9483.236,9957.792,10535.681,11233.434,12044.180,12920.027,13810.437,14679.137,15504.568,16275.590,16987.428,17638.903,18230.764,18764.737,19242.995,19667.884,20041.768,20366.959,20645.691,20880.108,21072.274,21224.181,21337.765,21414.916,21457.491,21467.324,21446.228,21396.003,21318.431,21215.279,21088.291,20939.182,20769.634,20581.288,20375.735,20154.512,19919.095,19670.894,19411.252,19141.437,18862.648,18576.007,18282.565,17983.301,17679.125,17370.877,17059.334,16745.213,16429.169,16111.804,15793.670,15475.267,15157.052,14839.439,14522.805,14207.489,13893.797,13582.006,13272.363,12965.089,12660.382,12358.420,12059.357,11763.333,11470.469,11180.872,10894.634,10611.837,10332.550,10056.833,9784.737,9516.303,9251.567,8990.559,8733.302,8479.814,8230.110,7984.201,7742.094,7503.795,7269.306,7038.630,6811.766,6588.712,6369.468,6154.030,5942.395,5734.562,5530.526,5330.284,5133.831,4941.163,4752.275,4567.160,4385.811,4208.217,4034.369,3864.250,3697.843,3535.128,3376.077,3220.659,3068.837,2920.569,2775.805,2634.487,2496.551,2361.924,2230.526,2102.269,1977.055,1854.782,1735.337,1618.599,1504.443,1392.735,1283.336,1176.103,1070.883,967.524,865.867,765.749,667.006,569.471,472.972,377.340,282.402,187.982,93.906,0.000
0.000,7.560,15.130,22.718,30.333,37.983,45.677,53.424,61.232,69.109,77.065,85.109,93.249,101.494,109.855,118.340,126.959,135.721,144.635,153.713,162.964,172.398,182.027,191.859,201.907,212.182,222.694,233.456,244.480,255.778,267.362,279.246,291.443,303.966,316.829,330.047,343.635,357.608,371.983,386.774,402.000,417.678,433.825,450.461,467.604,485.274,503.493,522.281,541.661,561.656,582.289,603.585,625.570,648.270,671.713,695.927,720.942,746.789,773.499,801.106,829.645,859.150,889.659,921.210,953.843,987.600,1022.522,1058.655,1096.043,1134.735,1174.778,1216.225,1259.126,1303.536,1349.508,1397.101,1446.372,1497.379,1550.185,1604.850,1661.436,1720.007,1780.627,1843.358,1908.264,1975.408,2044.852,2116.654,2190.872,2267.561,2346.771,2428.548,2512.931,2599.954,2689.642,2782.011,2877.067,2974.803,3075.202,3178.231,3283.841,3391.971,3502.540,3615.456,3730.607,3847.873,3967.120,4088.212,4211.009,4335.384,4461.227,4588.462,4717.064,4847.084,4978.673,5112.123,5247.916,5386.785,5529.804,5678.512,5835.089,6002.622,6185.505,6390.072,6625.578,6905.745,7251.062,7691.687,8269.127,9029.105,9984.339,11026.424,12067.747,13061.174,13986.351,14836.824,15612.587,16316.368,16951.891,17523.093,18033.794,18487.563,18887.695,19237.209,19538.883,19795.285,20008.806,20181.692,20316.072,20413.980,20477.377,20508.164,20508.193,20479.280,20423.200,20341.698,20236.481,20109.220,19961.546,19795.042,19611.245,19411.636,19197.637,18970.607,18731.844,18482.576,18223.966,17957.107,17683.025,17402.680,17116.967,16826.715,16532.696,16235.622,15936.151,15634.886,15332.384,15029.152,14725.657,14422.321,14119.533,13817.643,13516.969,13217.801,12920.398,12624.995,12331.804,12041.013,11752.791,11467.289,11184.641,10904.967,10628.369,10354.941,10084.763,9817.905,9554.427,9294.382,9037.815,8784.762,8535.256,8289.324,8046.986,7808.261,7573.163,7341.702,7113.887,6889.724,6669.219,6452.372,6239.186,6029.662,5823.799,5621.595,5423.048,5228.157,5036.916,4849.322,4665.368,4485.048,4308.351,4135.268,3965.786,3799.886,3637.551,3478.757,3323.475,3171.673,3023.313,2878.351,2736.736,2598.413,2463.316,2331.376,2202.513,2076.643,1953.672,1833.500,1716.020,1601.117,1488.672,1378.558,1270.642,1164.786,1060.849,958.684,858.140,759.063,661.297,564.681,469.055,374.254,280.115,186.471,93.155,0.000
0.000,5.044,10.095,15.157,20.238,25.342,30.475,35.644,40.853,46.109,51.417,56.784,62.215,67.716,73.295,78.956,84.706,90.552,96.500,102.557,108.729,115.024,121.448,128.008,134.712,141.567,148.582,155.763,163.118,170.656,178.385,186.315,194.453,202.809,211.392,220.211,229.278,238.602,248.194,258.063,268.223,278.684,289.459,300.559,311.999,323.790,335.948,348.485,361.417,374.760,388.529,402.740,417.411,432.559,448.204,464.362,481.056,498.305,516.130,534.554,553.599,573.289,593.650,614.706,636.484,659.012,682.318,706.432,731.384,757.205,783.929,811.589,840.220,869.857,900.537,932.298,965.178,999.217,1034.455,1070.933,1108.693,1147.775,1188.224,1230.080,1273.386,1318.183,1364.512,1412.412,1461.921,1513.075,1565.907,1620.447,1676.721,1734.750,1794.551,1856.134,1919.501,1984.649,2051.563,2120.223,2190.596,2262.639,2336.301,2411.519,2488.221,2566.328,2645.754,2726.410,2808.210,2891.074,2974.938,3059.761,3145.541,3232.327,3320.244,3409.517,3500.508,3593.764,3690.086,3790.626,3897.038,4011.709,4138.135,4281.557,4450.091,4656.798,4923.613,5288.804,5820.077,6629.570,7837.707,9133.653,10373.038,11511.559,12542.947,13472.888,14309.861,15062.238,15737.496,16342.122,16881.704,17361.076,17784.447,18155.518,18477.580,18753.588,18986.232,19177.982,19331.136,19447.855,19530.186,19580.087,19599.444,19590.079,19553.762,19492.214,19407.112,19300.082,19172.710,19026.529,18863.021,18683.616,18489.687,18282.545,18063.445,17833.575,17594.063,17345.972,17090.302,16827.993,16559.921,16286.906,16009.708,15729.035,15445.541,15159.830,14872.459,14583.942,14294.748,14005.310,13716.022,13427.245,13139.306,12852.504,12567.111,12283.372,12001.509,11721.722,11444.191,11169.078,10896.529,10626.671,10359.621,10095.480,9834.338,9576.276,9321.362,9069.658,8821.216,8576.083,8334.296,8095.891,7860.896,7629.333,7401.225,7176.586,6955.430,6737.769,6523.609,6312.959,6105.822,5902.201,5702.099,5505.516,5312.451,5122.902,4936.867,4754.340,4575.315,4399.786,4227.740,4059.168,3894.055,3732.381,3574.128,3419.269,3267.775,3119.613,2974.745,2833.125,2694.704,2559.425,2427.225,2298.035,2171.780,2048.376,1927.733,1809.757,1694.342,1581.382,1470.762,1362.359,1256.050,1151.702,1049.181,948.347,849.057,751.165,654.521,558.973,464.369,370.552,277.365,184.651,92.249,0.000
0.000,2.523,5.050,7.582,10.124,12.677,15.245,17.831,20.437,23.066,25.721,28.406,31.123,33.875,36.666,39.498,42.374,45.299,48.274,51.304,54.392,57.541,60.754,64.036,67.390,70.819,74.328,77.921,81.600,85.371,89.238,93.205,97.276,101.456,105.750,110.162,114.698,119.362,124.161,129.098,134.181,139.414,144.805,150.358,156.081,161.980,168.062,174.335,180.804,187.480,194.368,201.478,208.818,216.397,224.223,232.308,240.659,249.289,258.207,267.425,276.953,286.805,296.991,307.526,318.422,329.693,341.353,353.418,365.902,378.820,392.191,406.030,420.354,435.182,450.531,466.421,482.871,499.901,517.530,535.779,554.670,574.222,594.457,615.395,637.058,659.467,682.642,706.601,731.364,756.950,783.373,810.650,838.793,867.811,897.714,928.507,960.189,992.760,1026.212,1060.533,1095.709,1131.718,1168.534,1206.125,1244.457,1283.490,1323.181,1363.488,1404.370,1445.787,1487.711,1530.123,1573.029,1616.456,1660.476,1705.210,1750.851,1797.694,1846.164,1896.882,1950.743,2009.058,2073.783,2147.946,2236.448,2347.762,2497.807,2719.860,3092.838,3831.426,5603.316,7297.510,8779.269,10069.167,11201.097,12202.038,13091.863,13885.368,14593.889,15226.362,15790.007,16290.784,16733.704,17123.056,17462.562,17755.502,18004.809,18213.138,18382.921,18516.415,18615.735,18682.880,18719.753,18728.180,18709.919,18666.665,18600.060,18511.693,18403.103,18275.773,18131.139,17970.579,17795.420,17606.927,17406.312,17194.725,16973.259,16742.947,16504.763,16259.622,16008.385,15751.855,15490.782,15225.864,14957.751,14687.044,14414.301,14140.035,13864.719,13588.790,13312.648,13036.660,12761.162,12486.460,12212.834,11940.539,11669.807,11400.846,11133.846,10868.979,10606.398,10346.242,10088.636,9833.690,9581.504,9332.164,9085.750,8842.330,8601.965,8364.706,8130.601,7899.689,7672.005,7447.579,7226.437,7008.599,6794.084,6582.906,6375.078,6170.609,5969.508,5771.780,5577.428,5386.456,5198.863,5014.649,4833.812,4656.346,4482.247,4311.505,4144.111,3980.052,3819.312,3661.873,3507.712,3356.805,3209.120,3064.625,2923.279,2785.038,2649.853,2517.667,2388.420,2262.044,2138.465,2017.603,1899.372,1783.679,1670.427,1559.511,1450.821,1344.244,1239.658,1136.941,1035.961,936.589,838.686,742.114,646.732,552.394,458.954,366.265,274.176,182.537,91.195,0.000
0.000,0.000,0.000,0.000,0.000,0.000,0.000,0.000,0.000,0.000,0.000,0.000,0.000,0.000,0.000,0.000,0.000,0.000,0.000,0.000,0.000,0.000,0.000,0.000,0.000,0.000,0.000,0.000,0.000,0.000,0.000,0.000,0.000,0.000,0.000,0.000,0.000,0.000,0.000,0.000,0.000,0.000,0.000,0.000,0.000,0.000,0.000,0.000,0.000,0.000,0.000,0.000,0.000,0.000,0.000,0.000,0.000,0.000,0.000,0.000,0.000,0.000,0.000,0.000,0.000,0.000,0.000,0.000,0.000,0.000,0.000,0.000,0.000,0.000,0.000,0.000,0.000,0.000,0.000,0.000,0.000,0.000,0.000,0.000,0.000,0.000,0.000,0.000,0.000,0.000,0.000,0.000,0.000,0.000,0.000,0.000,0.000,0.000,0.000,0.000,0.000,0.000,0.000,0.000,0.000,0.000,0.000,0.000,0.000,0.000,0.000,0.000,0.000,0.000,0.000,0.000,0.000,0.000,0.000,0.000,0.000,0.000,0.000,0.000,0.000,0.000,0.000,0.000,0.000,0.000,3446.663,5673.859,7377.435,8784.831,9990.336,11042.420,11970.311,12793.621,13526.484,14179.597,14761.357,15278.538,15736.735,16140.657,16494.338,16801.291,17064.620,17287.107,17471.275,17619.444,17733.767,17816.264,17868.842,17893.318,17891.428,17864.839,17815.157,17743.929,17652.646,17542.748,17415.620,17272.595,17114.949,16943.908,16760.639,16566.255,16361.814,16148.318,15926.713,15697.893,15462.697,15221.911,14976.273,14726.471,14473.147,14216.896,13958.273,13697.791,13435.924,13173.109,12909.752,12646.223,12382.863,12119.986,11857.877,11596.798,11336.989,11078.666,10822.028,10567.252,10314.502,10063.924,9815.650,9569.798,9326.477,9085.781,8847.795,8612.594,8380.248,8150.813,7924.344,7700.886,7480.478,7263.157,7048.952,6837.890,6629.992,6425.277,6223.762,6025.459,5830.378,5638.528,5449.915,5264.542,5082.412,4903.525,4727.879,4555.470,4386.292,4220.337,4057.594,3898.051,3741.690,3588.494,3438.440,3291.502,3147.648,3006.844,2869.053,2734.227,2602.321,2473.277,2347.037,2223.535,2102.699,1984.452,1868.711,1755.388,1644.388,1535.612,1428.956,1324.310,1221.560,1120.587,1021.270,923.481,827.093,731.971,637.981,544.986,452.847,361.422,270.569,180.144,90.002,0.000
0.000,0.000,0.000,0.000,0.000,0.000,0.000,0.000,0.000,0.000,0.000,0.000,0.000,0.000,0.000,0.000,0.000,0.000,0.000,0.000,0.000,0.000,0.000,0.000,0.000,0.000,0.000,0.000,0.000,0.000,0.000,0.000,0.000,0.000,0.000,0.000,0.000,0.000,0.000,0.000,0.000,0.000,0.000,0.000,0.000,0.000,0.000,0.000,0.000,0.000,0.000,0.000,0.000,0.000,0.000,0.000,0.000,0.000,0.000,0.000,0.000,0.000,0.000,0.000,0.000,0.000,0.000,0.000,0.000,0.000,0.000,0.000,0.000,0.000,0.000,0.000,0.000,0.000,0.000,0.000,0.000,0.000,0.000,0.000,0.000,0.000,0.000,0.000,0.000,0.000,0.000,0.000,0.000,0.000,0.000,0.000,0.000,0.000,0.000,0.000,0.000,0.000,0.000,0.000,0.000,0.000,0.000,0.000,0.000,0.000,0.000,0.000,0.000,0.000,0.000,0.000,0.000,0.000,0.000,0.000,0.000,0.000,0.000,0.000,0.000,0.000,0.000,0.000,0.000,0.000,2509.510,4573.881,6271.847,7702.471,8933.092,10007.107,10953.465,11792.461,12538.979,13204.349,13797.461,14325.467,14794.243,15208.712,15573.069,15890.943,16165.527,16399.659,16595.906,16756.609,16883.929,16979.883,17046.364,17085.164,17097.991,17086.475,17052.181,16996.611,16921.212,16827.372,16716.432,16589.674,16448.331,16293.584,16126.559,15948.332,15759.926,15562.310,15356.403,15143.074,14923.141,14697.373,14466.491,14231.173,13992.048,13749.708,13504.700,13257.534,13008.683,12758.586,12507.648,12256.242,12004.712,11753.376,11502.526,11252.428,11003.327,10755.446,10508.990,10264.145,10021.079,9779.946,9540.884,9304.020,9069.467,8837.326,8607.689,8380.638,8156.247,7934.580,7715.695,7499.644,7286.472,7076.219,6868.920,6664.603,6463.297,6265.022,6069.798,5877.641,5688.564,5502.577,5319.688,5139.903,4963.225,4789.656,4619.193,4451.835,4287.575,4126.406,3968.316,3813.293,3661.320,3512.378,3366.444,3223.491,3083.490,2946.405,2812.198,2680.826,2552.239,2426.385,2303.204,2182.634,2064.606,1949.044,1835.869,1724.996,1616.336,1509.792,1405.265,1302.652,1201.843,1102.725,1005.182,909.095,814.339,720.790,628.318,536.793,446.082,356.051,266.565,177.486,88.677,0.000
0.000,0.000,0.000,0.000,0.000,0.000,0.000,0.000,0.000,0.000,0.000,0.000,0.000,0.000,0.000,0.000,0.000,0.000,0.000,0.000,0.000,0.000,0.000,0.000,0.000,0.000,0.000,0.000,0.000,0.000,0.000,0.000,0.000,0.000,0.000,0.000,0.000,0.000,0.000,0.000,0.000,0.000,0.000,0.000,0.000,0.000,0.000,0.000,0.000,0.000,0.000,0.000,0.000,0.000,0.000,0.000,0.000,0.000,0.000,0.000,0.000,0.000,0.000,0.000,0.000,0.000,0.000,0.000,0.000,0.000,0.000,0.000,0.000,0.000,0.000,0.000,0.000,0.000,0.000,0.000,0.000,0.000,0.000,0.000,0.000,0.000,0.000,0.000,0.000,0.000,0.000,0.000,0.000,0.000,0.000,0.000,0.000,0.000,0.000,0.000,0.000,0.000,0.000,0.000,0.000,0.000,0.000,0.000,0.000,0.000,0.000,0.000,0.000,0.000,0.000,0.000,0.000,0.000,0.000,0.000,0.000,0.000,0.000,0.000,0.000,0.000,0.000,0.000,0.000,0.000,2017.528,3840.355,5433.665,6820.194,8032.550,9099.559,10044.104,10883.914,11632.769,12301.520,12898.846,13431.811,13906.256,14327.091,14698.505,15024.125,15307.132,15550.359,15756.355,15927.442,16065.757,16173.286,16251.889,16303.321,16329.246,16331.252,16310.856,16269.511,16208.615,16129.510,16033.483,15921.773,15795.565,15655.996,15504.152,15341.071,15167.739,14985.094,14794.028,14595.383,14389.953,14178.489,13961.697,13740.238,13514.733,13285.761,13053.866,12819.550,12583.285,12345.505,12106.617,11866.993,11626.981,11386.900,11147.044,10907.684,10669.071,10431.430,10194.973,9959.889,9726.354,9494.527,9264.552,9036.560,8810.670,8586.991,8365.618,8146.640,7930.135,7716.174,7504.818,7296.124,7090.142,6886.917,6686.485,6488.882,6294.137,6102.275,5913.318,5727.286,5544.193,5364.052,5186.873,5012.662,4841.425,4673.164,4507.879,4345.567,4186.222,4029.837,3876.402,3725.904,3578.325,3433.648,3291.848,3152.900,3016.773,2883.434,2752.844,2624.959,2499.733,2377.114,2257.045,2139.463,2024.304,1911.494,1800.957,1692.612,1586.372,1482.148,1379.843,1279.358,1180.590,1083.431,987.771,893.495,800.486,708.624,617.788,527.853,438.693,350.180,262.184,174.576,87.225,0.000
0.000,0.000,0.000,0.000,0.000,0.000,0.000,0.000,0.000,0.000,0.000,0.000,0.000,0.000,0.000,0.000,0.000,0.000,0.000,0.000,0.000,0.000,0.000,0.000,0.000,0.000,0.000,0.000,0.000,0.000,0.000,0.000,0.000,0.000,0.000,0.000,0.000,0.000,0.000,0.000,0.000,0.000,0.000,0.000,0.000,0.000,0.000,0.000,0.000,0.000,0.000,0.000,0.000,0.000,0.000,0.000,0.000,0.000,0.000,0.000,0.000,0.000,0.000,0.000,0.000,0.000,0.000,0.000,0.000,0.000,0.000,0.000,0.000,0.000,0.000,0.000,0.000,0.000,0.000,0.000,0.000,0.000,0.000,0.000,0.000,0.000,0.000,0.000,0.000,0.000,0.000,0.000,0.000,0.000,0.000,0.000,0.000,0.000,0.000,0.000,0.000,0.000,0.000,0.000,0.000,0.000,0.000,0.000,0.000,0.000,0.000,0.000,0.000,0.000,0.000,0.000,0.000,0.000,0.000,0.000,0.000,0.000,0.000,0.000,0.000,0.000,0.000,0.000,0.000,0.000,1720.274,3336.392,4802.327,6112.166,7277.446,8314.581,9239.597,10066.455,10806.811,11470.274,12064.763,12596.857,13072.075,13495.100,13869.958,14200.150,14488.764,14738.548,14951.984,15131.330,15278.666,15395.922,15484.905,15547.315,15584.765,15598.787,15590.845,15562.342,15514.621,15448.973,15366.635,15268.796,15156.598,15031.133,14893.444,14744.531,14585.346,14416.793,14239.735,14054.986,13863.320,13665.464,13462.107,13253.896,13041.437,12825.300,12606.019,12384.091,12159.980,11934.120,11706.912,11478.729,11249.920,11020.802,10791.673,10562.806,10334.453,10106.845,9880.196,9654.701,9430.538,9207.871,8986.850,8767.610,8550.275,8334.958,8121.760,7910.773,7702.081,7495.757,7291.870,7090.479,6891.638,6695.394,6501.791,6310.864,6122.648,5937.169,5754.454,5574.523,5397.393,5223.079,5051.593,4882.943,4717.135,4554.173,4394.056,4236.784,4082.352,3930.752,3781.973,3636.005,3492.829,3352.427,3214.777,3079.851,2947.622,2818.054,2691.110,2566.748,2444.923,2325.584,2208.675,2094.137,1981.905,1871.911,1764.082,1658.338,1554.598,1452.776,1352.779,1254.514,1157.882,1062.780,969.104,876.744,785.589,695.526,606.438,518.206,430.712,343.833,257.446,171.428,85.654,0.000
0.000,0.000,0.000,0.000,0.000,0.000,0.000,0.000,0.000,0.000,0.000,0.000,0.000,0.000,0.000,0.000,0.000,0.000,0.000,0.000,0.000,0.000,0.000,0.000,0.000,0.000,0.000,0.000,0.000,0.000,0.000,0.000,0.000,0.000,0.000,0.000,0.000,0.000,0.000,0.000,0.000,0.000,0.000,0.000,0.000,0.000,0.000,0.000,0.000,0.000,0.000,0.000,0.000,0.000,0.000,0.000,0.000,0.000,0.000,0.000,0.000,0.000,0.000,0.000,0.000,0.000,0.000,0.000,0.000,0.000,0.000,0.000,0.000,0.000,0.000,0.000,0.000,0.000,0.000,0.000,0.000,0.000,0.000,0.000,0.000,0.000,0.000,0.000,0.000,0.000,0.000,0.000,0.000,0.000,0.000,0.000,0.000,0.000,0.000,0.000,0.000,0.000,0.000,0.000,0.000,0.000,0.000,0.000,0.000,0.000,0.000,0.000,0.000,0.000,0.000,0.000,0.000,0.000,0.000,0.000,0.000,0.000,0.000,0.000,0.000,0.000,0.000,0.000,0.000,0.000,1527.204,2982.655,4327.146,5548.772,6650.579,7641.825,8533.366,9335.628,10057.891,10708.156,11293.243,11818.961,12290.280,12711.481,13086.292,13417.985,13709.465,13963.339,14181.966,14367.504,14521.943,14647.133,14744.806,14816.596,14864.048,14888.634,14891.758,14874.763,14838.939,14785.519,14715.693,14630.598,14531.329,14418.932,14294.411,14158.725,14012.790,13857.479,13693.622,13522.007,13343.383,13158.457,12967.897,12772.334,12572.359,12368.532,12161.374,11951.374,11738.991,11524.653,11308.757,11091.675,10873.751,10655.305,10436.632,10218.008,9999.686,9781.900,9564.865,9348.780,9133.826,8920.171,8707.967,8497.354,8288.460,8081.401,7876.282,7673.200,7472.242,7273.486,7077.002,6882.855,6691.101,6501.792,6314.973,6130.685,5948.961,5769.835,5593.332,5419.476,5248.287,5079.781,4913.970,4750.865,4590.473,4432.799,4277.844,4125.607,3976.083,3829.267,3685.148,3543.714,3404.949,3268.834,3135.347,3004.463,2876.152,2750.382,2627.115,2506.311,2387.925,2271.908,2158.207,2046.764,1937.517,1830.401,1725.344,1622.272,1521.107,1421.765,1324.159,1228.200,1133.794,1040.843,949.247,858.902,769.704,681.542,594.308,507.888,422.169,337.035,252.369,168.054,83.970,0.000
0.000,0.000,0.000,0.000,0.000,0.000,0.000,0.000,0.000,0.000,0.000,0.000,0.000,0.000,0.000,0.000,0.000,0.000,0.000,0.000,0.000,0.000,0.000,0.000,0.000,0.000,0.000,0.000,0.000,0.000,0.000,0.000,0.000,0.000,0.000,0.000,0.000,0.000,0.000,0.000,0.000,0.000,0.000,0.000,0.000,0.000,0.000,0.000,0.000,0.000,0.000,0.000,0.000,0.000,0.000,0.000,0.000,0.000,0.000,0.000,0.000,0.000,0.000,0.000,0.000,0.000,0.000,0.000,0.000,0.000,0.000,0.000,0.000,0.000,0.000,0.000,0.000,0.000,0.000,0.000,0.000,0.000,0.000,0.000,0.000,0.000,0.000,0.000,0.000,0.000,0.000,0.000,0.000,0.000,0.000,0.000,0.000,0.000,0.000,0.000,0.000,0.000,0.000,0.000,0.000,0.000,0.000,0.000,0.000,0.000,0.000,0.000,0.000,0.000,0.000,0.000,0.000,0.000,0.000,0.000,0.000,0.000,0.000,0.000,0.000,0.000,0.000,0.000,0.000,0.000,1405.912,2739.921,3974.890,5105.270,6134.361,7068.877,7916.529,8684.929,9381.110,10011.369,10581.258,11095.643,11558.791,11974.455,12345.957,12676.256,12968.010,13223.625,13445.298,13635.050,13794.753,13926.155,14030.899,14110.533,14166.528,14200.285,14213.142,14206.379,14181.226,14138.861,14080.417,14006.984,13919.606,13819.285,13706.982,13583.618,13450.070,13307.179,13155.744,12996.525,12830.245,12657.588,12479.203,12295.702,12107.662,11915.628,11720.110,11521.587,11320.511,11117.302,10912.352,10706.029,10498.675,10290.606,10082.119,9873.487,9664.965,9456.786,9249.169,9042.312,8836.401,8631.603,8428.076,8225.962,8025.390,7826.481,7629.344,7434.077,7240.771,7049.507,6860.359,6673.394,6488.672,6306.247,6126.167,5948.474,5773.206,5600.398,5430.077,5262.270,5096.996,4934.276,4774.122,4616.546,4461.557,4309.160,4159.358,4012.149,3867.532,3725.498,3586.041,3449.146,3314.800,3182.984,3053.675,2926.850,2802.480,2680.532,2560.971,2443.758,2328.849,2216.196,2105.748,1997.451,1891.243,1787.063,1684.842,1584.508,1485.988,1389.201,1294.065,1200.494,1108.399,1017.687,928.262,840.027,752.881,666.721,581.441,496.935,413.095,329.811,246.971,164.465,82.179,0.000
0.000,0.000,0.000,0.000,0.000,0.000,0.000,0.000,0.000,0.000,0.000,0.000,0.000,0.000,0.000,0.000,0.000,0.000,0.000,0.000,0.000,0.000,0.000,0.000,0.000,0.000,0.000,0.000,0.000,0.000,0.000,0.000,0.000,0.000,0.000,0.000,0.000,0.000,0.000,0.000,0.000,0.000,0.000,0.000,0.000,0.000,0.000,0.000,0.000,0.000,0.000,0.000,0.000,0.000,0.000,0.000,0.000,0.000,0.000,0.000,0.000,0.000,0.000,0.000,0.000,0.000,0.000,0.000,0.000,0.000,0.000,0.000,0.000,0.000,0.000,0.000,0.000,0.000,0.000,0.000,0.000,0.000,0.000,0.000,0.000,0.000,0.000,0.000,0.000,0.000,0.000,0.000,0.000,0.000,0.000,0.000,0.000,0.000,0.000,0.000,0.000,0.000,0.000,0.000,0.000,0.000,0.000,0.000,0.000,0.000,0.000,0.000,0.000,0.000,0.000,0.000,0.000,0.000,0.000,0.000,0.000,0.000,0.000,0.000,0.000,0.000,0.000,0.000,0.000,0.000,1356.552,2596.269,3727.284,4763.130,5712.807,6582.893,7379.059,8106.574,8770.388,9375.103,9924.939,10423.736,10874.972,11281.789,11647.035,11973.293,12262.926,12518.098,12740.807,12932.911,13096.142,13232.127,13342.401,13428.420,13491.570,13533.172,13554.491,13556.743,13541.091,13508.658,13460.520,13397.713,13321.234,13232.038,13131.045,13019.132,12897.143,12765.881,12626.116,12478.579,12323.966,12162.939,11996.125,11824.116,11647.474,11466.727,11282.376,11094.887,10904.702,10712.233,10517.867,10321.966,10124.867,9926.884,9728.312,9529.421,9330.465,9131.679,8933.280,8735.468,8538.429,8342.334,8147.341,7953.593,7761.223,7570.354,7381.096,7193.552,7007.813,6823.963,6642.081,6462.234,6284.484,6108.889,5935.499,5764.358,5595.506,5428.980,5264.809,5103.021,4943.638,4786.680,4632.164,4480.100,4330.500,4183.368,4038.710,3896.524,3756.808,3619.558,3484.763,3352.413,3222.494,3094.987,2969.871,2847.122,2726.713,2608.613,2492.787,2379.197,2267.800,2158.551,2051.401,1946.296,1843.180,1741.992,1642.666,1545.135,1449.327,1355.166,1262.574,1171.469,1081.766,993.376,906.210,820.173,735.171,651.105,567.875,485.380,403.517,322.182,241.269,160.673,80.286,0.000
0.000,0.000,0.000,0.000,0.000,0.000,0.000,0.000,0.000,0.000,0.000,0.000,0.000,0.000,0.000,0.000,0.000,0.000,0.000,0.000,0.000,0.000,0.000,0.000,0.000,0.000,0.000,0.000,0.000,0.000,0.000,0.000,0.000,0.000,0.000,0.000,0.000,0.000,0.000,0.000,0.000,0.000,0.000,0.000,0.000,0.000,0.000,0.000,0.000,0.000,0.000,0.000,0.000,0.000,0.000,0.000,0.000,0.000,0.000,0.000,0.000,0.000,0.000,0.000,0.000,0.000,0.000,0.000,0.000,0.000,0.000,0.000,0.000,0.000,0.000,0.000,0.000,0.000,0.000,0.000,0.000,0.000,0.000,0.000,0.000,0.000,0.000,0.000,0.000,0.000,0.000,0.000,0.000,0.000,0.000,0.000,0.000,0.000,0.000,0.000,0.000,0.000,0.000,0.000,0.000,0.000,0.000,0.000,0.000,0.000,0.000,0.000,0.000,0.000,0.000,0.000,0.000,0.000,0.000,0.000,0.000,0.000,0.000,0.000,0.000,0.000,0.000,0.000,0.000,0.000,1424.053,2561.364,3574.906,4507.231,5370.930,6170.929,6910.350,7592.043,8218.904,8793.863,9319.817,9799.562,10235.753,10630.889,10987.303,11307.173,11592.530,11845.270,12067.172,12259.906,12425.049,12564.091,12678.452,12769.483,12838.475,12886.666,12915.246,12925.356,12918.097,12894.529,12855.670,12802.505,12735.978,12657.000,12566.444,12465.151,12353.923,12233.532,12104.714,11968.171,11824.573,11674.556,11518.725,11357.655,11191.888,11021.938,10848.290,10671.400,10491.698,10309.588,10125.449,9939.636,9752.482,9564.295,9375.367,9185.967,8996.346,8806.736,8617.356,8428.404,8240.067,8052.517,7865.912,7680.396,7496.105,7313.162,7131.680,6951.763,6773.503,6596.989,6422.298,6249.502,6078.664,5909.844,5743.093,5578.458,5415.981,5255.699,5097.644,4941.845,4788.327,4637.108,4488.208,4341.639,4197.412,4055.534,3916.010,3778.840,3644.023,3511.553,3381.424,3253.623,3128.138,3004.950,2884.041,2765.386,2648.959,2534.730,2422.666,2312.729,2204.879,2099.073,1995.263,1893.398,1793.422,1695.279,1598.905,1504.237,1411.205,1319.738,1229.761,1141.196,1053.961,967.974,883.147,799.393,716.621,634.737,553.647,473.255,393.462,314.171,235.279,156.689,78.296,0.000
0.000,0.000,0.000,0.000,0.000,0.000,0.000,0.000,0.000,0.000,0.000,0.000,0.000,0.000,0.000,0.000,0.000,0.000,0.000,0.000,0.000,0.000,0.000,0.000,0.000,0.000,0.000,0.000,0.000,0.000,0.000,0.000,0.000,0.000,0.000,0.000,0.000,0.000,0.000,0.000,0.000,0.000,0.000,0.000,0.000,0.000,0.000,0.000,0.000,0.000,0.000,0.000,0.000,0.000,0.000,0.000,0.000,0.000,0.000,0.001,0.002,0.003,0.004,0.005,0.007,0.010,0.013,0.017,0.023,0.030,0.039,0.051,0.066,0.086,0.110,0.141,0.180,0.229,0.289,0.363,0.453,0.560,0.688,0.836,1.006,1.201,1.421,1.668,1.943,2.249,2.590,2.968,3.387,3.854,4.372,4.950,5.594,6.313,7.117,8.017,9.026,10.159,11.431,12.863,14.476,16.296,18.352,20.677,23.313,26.306,29.712,33.596,38.039,43.135,49.003,55.787,63.669,72.878,83.713,96.564,111.959,130.629,153.624,182.511,219.762,269.538,339.472,445.148,622.710,968.611,1778.331,2650.275,3503.807,4320.031,5092.839,5819.640,6499.479,7132.468,7719.453,8261.773,8761.060,9219.108,9637.769,10018.900,10364.317,10675.778,10954.972,11203.515,11422.949,11614.748,11780.320,11921.014,12038.120,12132.881,12206.488,12260.091,12294.798,12311.678,12311.763,12296.048,12265.497,12221.036,12163.561,12093.936,12012.988,11921.518,11820.292,11710.044,11591.478,11465.267,11332.054,11192.449,11047.037,10896.369,10740.970,10581.338,10417.942,10251.226,10081.609,9909.484,9735.221,9559.168,9381.651,9202.974,9023.424,8843.265,8662.746,8482.099,8301.537,8121.261,7941.455,7762.291,7583.927,7406.509,7230.172,7055.041,6881.229,6708.841,6537.972,6368.711,6201.136,6035.322,5871.334,5709.231,5549.067,5390.891,5234.746,5080.669,4928.696,4778.855,4631.172,4485.669,4342.364,4201.271,4062.402,3925.765,3791.365,3659.204,3529.281,3401.591,3276.128,3152.880,3031.837,2912.979,2796.290,2681.745,2569.320,2458.985,2350.708,2244.455,2140.186,2037.859,1937.429,1838.846,1742.059,1647.011,1553.644,1461.896,1371.702,1282.993,1195.697,1109.741,1025.047,941.537,859.128,777.737,697.276,617.658,538.794,460.591,382.956,305.797,229.018,152.523,76.215,0.000
0.000,0.000,0.000,0.000,0.000,0.000,0.000,0.000,0.000,0.000,0.000,0.000,0.000,0.000,0.000,0.000,0.000,0.000,0.000,0.000,0.000,0.000,0.000,0.000,0.000,0.000,0.000,0.000,0.000,0.000,0.000,0.000,0.000,0.000,0.000,0.000,0.000,0.000,0.000,0.000,0.000,0.000,0.000,0.000,0.000,0.000,0.000,0.000,0.000,0.000,0.000,0.000,0.000,0.000,0.000,0.000,0.000,0.000,0.001,0.002,0.003,0.005,0.007,0.010,0.014,0.019,0.025,0.034,0.044,0.058,0.076,0.099,0.128,0.166,0.214,0.274,0.351,0.446,0.565,0.711,0.888,1.101,1.354,1.649,1.989,2.377,2.816,3.307,3.855,4.465,5.143,5.894,6.728,7.655,8.686,9.833,11.113,12.541,14.138,15.926,17.929,20.178,22.704,25.546,28.747,32.357,36.434,41.046,46.271,52.201,58.946,66.636,75.424,85.500,97.091,110.479,126.012,144.134,165.412,190.587,220.646,256.938,301.360,356.665,427.006,518.925,643.212,818.423,1077.100,1473.432,2070.423,2757.648,3470.076,4176.323,4860.840,5515.410,6135.569,6719.015,7264.800,7772.857,8243.697,8678.203,9077.491,9442.809,9775.481,10076.856,10348.282,10591.095,10806.598,10996.065,11160.730,11301.792,11420.414,11517.721,11594.804,11652.721,11692.497,11715.125,11721.566,11712.754,11689.590,11652.949,11603.673,11542.578,11470.450,11388.046,11296.093,11195.293,11086.315,10969.802,10846.369,10716.602,10581.060,10440.276,10294.755,10144.976,9991.395,9834.440,9674.518,9512.012,9347.282,9180.667,9012.486,8843.037,8672.601,8501.438,8329.793,8157.893,7985.952,7814.167,7642.721,7471.784,7301.515,7132.059,6963.551,6796.115,6629.866,6464.909,6301.340,6139.248,5978.715,5819.813,5662.609,5507.165,5353.536,5201.770,5051.912,4904.001,4758.073,4614.158,4472.282,4332.469,4194.736,4059.101,3925.574,3794.165,3664.879,3537.719,3412.685,3289.773,3168.977,3050.287,2933.691,2819.174,2706.717,2596.298,2487.893,2381.474,2277.011,2174.470,2073.813,1975.001,1877.989,1782.730,1689.176,1597.273,1506.964,1418.191,1330.891,1245.000,1160.449,1077.168,995.085,914.123,834.205,755.251,677.180,599.907,523.348,447.416,372.023,297.081,222.498,148.184,74.049,0.000
0.000,0.000,0.000,0.000,0.000,0.000,0.000,0.000,0.000,0.000,0.000,0.000,0.000,0.000,0.000,0.000,0.000,0.000,0.000,0.000,0.000,0.000,0.000,0.000,0.000,0.000,0.000,0.000,0.000,0.000,0.000,0.000,0.000,0.000,0.000,0.000,0.000,0.000,0.000,0.000,0.000,0.000,0.000,0.000,0.000,0.000,0.000,0.000,0.000,0.000,0.000,0.000,0.000,0.000,0.000,0.000,0.000,0.000,0.001,0.003,0.005,0.007,0.011,0.015,0.020,0.027,0.036,0.048,0.063,0.083,0.108,0.140,0.182,0.236,0.305,0.392,0.502,0.641,0.814,1.027,1.288,1.603,1.978,2.417,2.924,3.503,4.157,4.890,5.706,6.614,7.622,8.738,9.977,11.353,12.883,14.586,16.483,18.602,20.970,23.619,26.589,29.920,33.662,37.871,42.609,47.952,53.984,60.802,68.524,77.283,87.238,98.577,111.526,126.353,143.386,163.027,185.770,212.238,243.220,279.731,323.105,375.125,438.223,515.793,612.682,735.956,896.046,1108.252,1393.859,1777.629,2272.322,2839.873,3442.592,4054.419,4658.873,5245.688,5808.480,6343.341,6848.002,7321.296,7762.816,8172.678,8551.351,8899.547,9218.134,9508.082,9770.419,10006.206,10216.516,10402.424,10564.993,10705.272,10824.293,10923.066,11002.578,11063.794,11107.655,11135.077,11146.952,11144.149,11127.510,11097.853,11055.970,11002.629,10938.571,10864.512,10781.143,10689.126,10589.101,10481.679,10367.447,10246.965,10120.769,9989.370,9853.252,9712.878,9568.686,9421.092,9270.487,9117.244,8961.712,8804.220,8645.080,8484.582,8323.000,8160.590,7997.592,7834.230,7670.713,7507.235,7343.979,7181.112,7018.791,6857.161,6696.356,6536.499,6377.706,6220.081,6063.721,5908.715,5755.144,5603.084,5452.600,5303.756,5156.606,5011.201,4867.585,4725.800,4585.880,4447.858,4311.760,4177.610,4045.428,3915.230,3787.028,3660.833,3536.651,3414.485,3294.335,3176.199,3060.071,2945.942,2833.800,2723.631,2615.419,2509.141,2404.774,2302.293,2201.668,2102.866,2005.851,1910.586,1817.029,1725.135,1634.857,1546.144,1458.942,1373.195,1288.845,1205.829,1124.083,1043.540,964.131,885.785,808.427,731.983,656.374,581.521,507.344,433.761,360.688,288.041,215.735,143.683,71.801,0.000
0.000,0.000,0.000,0.000,0.000,0.000,0.000,0.000,0.000,0.000,0.000,0.000,0.000,0.000,0.000,0.000,0.000,0.000,0.000,0.000,0.000,0.000,0.000,0.000,0.000,0.000,0.000,0.000,0.000,0.000,0.000,0.000,0.000,0.000,0.000,0.000,0.000,0.000,0.000,0.000,0.000,0.000,0.000,0.000,0.000,0.000,0.000,0.000,0.000,0.000,0.000,0.000,0.000,0.000,0.000,0.000,0.000,0.000,0.001,0.003,0.006,0.009,0.013,0.018,0.025,0.034,0.045,0.059,0.078,0.102,0.133,0.173,0.225,0.292,0.378,0.487,0.626,0.802,1.023,1.297,1.635,2.046,2.538,3.117,3.788,4.555,5.420,6.389,7.468,8.665,9.991,11.461,13.090,14.898,16.908,19.143,21.634,24.413,27.519,30.994,34.887,39.252,44.155,49.666,55.869,62.860,70.747,79.658,89.741,101.170,114.148,128.913,145.751,165.003,187.078,212.477,241.810,275.835,315.504,362.019,416.928,482.245,560.625,655.615,771.990,916.190,1096.785,1324.706,1612.487,1970.941,2401.411,2886.986,3406.064,3939.963,4474.631,5000.084,5509.424,5997.984,6462.697,6901.645,7313.741,7698.496,8055.854,8386.068,8689.612,8967.114,9219.310,9447.007,9651.062,9832.356,9991.789,10130.264,10248.684,10347.944,10428.930,10492.513,10539.552,10570.885,10587.336,10589.708,10578.785,10555.327,10520.079,10473.758,10417.063,10350.668,10275.225,10191.362,10099.685,10000.775,9895.189,9783.464,9666.109,9543.614,9416.444,9285.043,9149.830,9011.208,8869.554,8725.228,8578.567,8429.892,8279.504,8127.686,7974.705,7820.811,7666.238,7511.205,7355.918,7200.568,7045.333,6890.379,6735.861,6581.921,6428.694,6276.300,6124.856,5974.464,5825.221,5677.216,5530.531,5385.241,5241.412,5099.107,4958.381,4819.287,4681.868,4546.167,4412.219,4280.055,4149.705,4021.193,3894.538,3769.757,3646.864,3525.869,3406.780,3289.599,3174.328,3060.965,2949.505,2839.939,2732.257,2626.446,2522.489,2420.366,2320.056,2221.532,2124.767,2029.730,1936.387,1844.702,1754.634,1666.142,1579.180,1493.700,1409.651,1326.980,1245.631,1165.545,1086.661,1008.915,932.243,856.575,781.843,707.975,634.897,562.535,490.812,419.651,348.972,278.696,208.742,139.029,69.476,0.000
0.000,0.000,0.000,0.000,0.000,0.000,0.000,0.000,0.000,0.000,0.000,0.000,0.000,0.000,0.000,0.000,0.000,0.000,0.000,0.000,0.000,0.000,0.000,0.000,0.000,0.000,0.000,0.000,0.000,0.000,0.000,0.000,0.000,0.000,0.000,0.000,0.000,0.000,0.000,0.000,0.000,0.000,0.000,0.000,0.000,0.000,0.000,0.000,0.000,0.000,0.000,0.000,0.000,0.000,0.000,0.000,0.000,0.000,0.001,0.003,0.006,0.010,0.014,0.020,0.028,0.038,0.050,0.067,0.088,0.115,0.150,0.195,0.254,0.329,0.427,0.553,0.713,0.918,1.178,1.504,1.910,2.409,3.012,3.726,4.557,5.507,6.579,7.778,9.110,10.586,12.219,14.025,16.025,18.243,20.707,23.446,26.496,29.899,33.700,37.952,42.712,48.050,54.040,60.772,68.344,76.872,86.488,97.343,109.616,123.513,139.273,157.180,177.568,200.834,227.453,257.998,293.163,333.797,380.949,435.923,500.354,576.313,666.431,774.068,903.491,1060.049,1250.223,1481.330,1760.477,2092.279,2475.446,2900.653,3354.780,3824.815,4299.688,4770.687,5231.253,5676.588,6103.279,6508.978,6892.147,7251.863,7587.662,7899.430,8187.311,8451.641,8692.897,8911.660,9108.585,9284.377,9439.780,9575.558,9692.490,9791.361,9872.957,9938.060,9987.444,10021.876,10042.108,10048.880,10042.917,10024.927,9995.601,9955.611,9905.612,9846.237,9778.099,9701.792,9617.888,9526.938,9429.472,9325.997,9217.002,9102.952,8984.291,8861.446,8734.819,8604.794,8471.737,8335.992,8197.887,8057.730,7915.813,7772.412,7627.784,7482.174,7335.808,7188.901,7041.654,6894.253,6746.873,6599.678,6452.818,6306.436,6160.662,6015.617,5871.413,5728.155,5585.939,5444.852,5304.974,5166.382,5029.142,4893.316,4758.960,4626.125,4494.858,4365.199,4237.184,4110.847,3986.214,3863.312,3742.161,3622.778,3505.176,3389.367,3275.358,3163.154,3052.757,2944.163,2837.371,2732.371,2629.155,2527.709,2428.018,2330.064,2233.825,2139.278,2046.395,1955.148,1865.504,1777.428,1690.883,1605.829,1522.222,1440.017,1359.165,1279.616,1201.316,1124.211,1048.243,973.350,899.471,826.543,754.498,683.270,612.789,542.984,473.783,405.112,336.897,269.063,201.533,134.231,67.079,0.000
0.000,0.000,0.000,0.000,0.000,0.000,0.000,0.000,0.000,0.000,0.000,0.000,0.000,0.000,0.000,0.000,0.000,0.000,0.000,0.000,0.000,0.000,0.000,0.000,0.000,0.000,0.000,0.000,0.000,0.000,0.000,0.000,0.000,0.000,0.000,0.000,0.000,0.000,0.000,0.000,0.000,0.000,0.000,0.000,0.000,0.000,0.000,0.000,0.000,0.000,0.000,0.000,0.000,0.000,0.000,0.000,0.000,0.000,0.001,0.003,0.006,0.010,0.015,0.021,0.029,0.039,0.052,0.069,0.091,0.119,0.156,0.204,0.265,0.345,0.449,0.583,0.757,0.980,1.266,1.631,2.093,2.668,3.374,4.219,5.207,6.338,7.613,9.034,10.610,12.350,14.272,16.395,18.743,21.344,24.230,27.437,31.007,34.988,39.432,44.401,49.963,56.195,63.187,71.038,79.865,89.799,100.991,113.615,127.871,143.995,162.255,182.970,206.511,233.317,263.908,298.906,339.054,385.250,438.583,500.379,572.265,656.235,754.736,870.753,1007.878,1170.318,1362.758,1589.947,1855.850,2162.298,2507.490,2885.460,3287.656,3704.903,4128.701,4551.818,4968.415,5373.946,5764.973,6138.969,6494.146,6829.292,7143.657,7436.845,7708.736,7959.426,8189.171,8398.354,8587.450,8757.007,8907.623,9039.934,9154.602,9252.308,9333.741,9399.597,9450.571,9487.356,9510.637,9521.093,9519.391,9506.185,9482.116,9447.812,9403.882,9350.920,9289.502,9220.185,9143.510,9059.997,8970.147,8874.443,8773.346,8667.301,8556.732,8442.043,8323.621,8201.835,8077.032,7949.546,7819.690,7687.764,7554.047,7418.805,7282.290,7144.736,7006.365,6867.386,6727.991,6588.365,6448.678,6309.089,6169.747,6030.791,5892.347,5754.536,5617.469,5481.248,5345.966,5211.712,5078.566,4946.600,4815.883,4686.476,4558.434,4431.810,4306.647,4182.989,4060.870,3940.324,3821.379,3704.061,3588.389,3474.383,3362.055,3251.418,3142.478,3035.242,2929.711,2825.885,2723.759,2623.328,2524.581,2427.508,2332.094,2238.320,2146.168,2055.615,1966.636,1879.201,1793.282,1708.845,1625.854,1544.271,1464.055,1385.164,1307.550,1231.167,1155.964,1081.889,1008.886,936.899,865.869,795.736,726.437,657.909,590.085,522.900,456.284,390.169,324.484,259.158,194.120,129.296,64.613,0.000
0.000,0.000,0.000,0.000,0.000,0.000,0.000,0.000,0.000,0.000,0.000,0.000,0.000,0.000,0.000,0.000,0.000,0.000,0.000,0.000,0.000,0.000,0.000,0.000,0.000,0.000,0.000,0.000,0.000,0.000,0.000,0.000,0.000,0.000,0.000,0.000,0.000,0.000,0.000,0.000,0.000,0.000,0.000,0.000,0.000,0.000,0.000,0.000,0.000,0.000,0.000,0.000,0.000,0.000,0.000,0.000,0.000,0.000,0.001,0.003,0.006,0.010,0.014,0.020,0.028,0.038,0.050,0.067,0.088,0.116,0.152,0.198,0.259,0.338,0.441,0.575,0.750,0.978,1.276,1.662,2.161,2.798,3.596,4.568,5.713,7.025,8.499,10.137,11.944,13.934,16.125,18.541,21.209,24.161,27.433,31.067,35.109,39.614,44.641,50.259,56.544,63.583,71.475,80.332,90.281,101.470,114.064,128.256,144.264,162.343,182.788,205.938,232.194,262.021,295.964,334.672,378.907,429.576,487.764,554.759,632.107,721.642,825.543,946.351,1086.974,1250.614,1440.574,1659.886,1910.720,2193.617,2506.811,2846.099,3205.549,3578.515,3958.478,4339.560,4716.743,5085.917,5443.812,5787.907,6116.308,6427.646,6720.980,6995.715,7251.532,7488.332,7706.193,7905.328,8086.058,8248.790,8393.992,8522.181,8633.914,8729.773,8810.356,8876.278,8928.157,8966.617,8992.278,9005.758,9007.669,8998.614,8979.184,8949.962,8911.515,8864.397,8809.147,8746.289,8676.328,8599.757,8517.048,8428.656,8335.021,8236.562,8133.683,8026.770,7916.190,7802.295,7685.419,7565.881,7443.981,7320.006,7194.226,7066.896,6938.260,6808.543,6677.961,6546.714,6414.991,6282.970,6150.816,6018.686,5886.723,5755.061,5623.828,5493.140,5363.104,5233.823,5105.387,4977.884,4851.391,4725.982,4601.723,4478.675,4356.893,4236.428,4117.325,3999.625,3883.365,3768.577,3655.289,3543.527,3433.311,3324.661,3217.589,3112.109,3008.227,2905.950,2805.279,2706.216,2608.756,2512.894,2418.622,2325.928,2234.799,2145.219,2057.168,1970.626,1885.569,1801.970,1719.800,1639.028,1559.620,1481.541,1404.751,1329.210,1254.874,1181.698,1109.635,1038.634,968.645,899.613,831.484,764.200,697.702,631.929,566.822,502.315,438.345,374.847,311.754,248.999,186.514,124.232,62.084,0.000
0.000,0.000,0.000,0.000,0.000,0.000,0.000,0.000,0.000,0.000,0.000,0.000,0.000,0.000,0.000,0.000,0.000,0.000,0.000,0.000,0.000,0.000,0.000,0.000,0.000,0.000,0.000,0.000,0.000,0.000,0.000,0.000,0.000,0.000,0.000,0.000,0.000,0.000,0.000,0.000,0.000,0.000,0.000,0.000,0.000,0.000,0.000,0.000,0.000,0.000,0.000,0.000,0.000,0.000,0.000,0.000,0.000,0.000,0.001,0.003,0.006,0.009,0.013,0.018,0.025,0.034,0.045,0.060,0.079,0.104,0.137,0.179,0.234,0.307,0.402,0.526,0.691,0.908,1.196,1.580,2.091,2.767,3.644,4.744,6.054,7.551,9.224,11.069,13.095,15.317,17.755,20.436,23.392,26.658,30.274,34.287,38.749,43.719,49.261,55.451,62.372,70.119,78.799,88.534,99.462,111.739,125.545,141.083,158.589,178.331,200.618,225.808,254.313,286.613,323.265,364.918,412.333,466.396,528.148,598.802,679.774,772.703,879.462,1002.156,1143.080,1304.620,1489.069,1698.340,1933.569,2194.685,2480.091,2786.637,3109.993,3445.202,3787.218,4131.288,4473.179,4809.269,5136.566,5452.659,5755.662,6044.141,6317.049,6573.657,6813.505,7036.348,7242.119,7430.893,7602.861,7758.306,7897.583,8021.105,8129.330,8222.748,8301.877,8367.252,8419.422,8458.943,8486.374,8502.275,8507.204,8501.713,8486.349,8461.648,8428.136,8386.330,8336.732,8279.830,8216.100,8146.004,8069.985,7988.474,7901.884,7810.613,7715.044,7615.542,7512.457,7406.124,7296.861,7184.972,7070.745,6954.453,6836.357,6716.701,6595.717,6473.625,6350.631,6226.929,6102.701,5978.120,5853.345,5728.528,5603.807,5479.316,5355.175,5231.499,5108.394,4985.957,4864.279,4743.445,4623.531,4504.609,4386.743,4269.996,4154.420,4040.064,3926.975,3815.193,3704.753,3595.689,3488.028,3381.795,3277.013,3173.698,3071.865,2971.526,2872.690,2775.362,2679.546,2585.241,2492.446,2401.155,2311.360,2223.052,2136.217,2050.840,1966.905,1884.390,1803.274,1723.530,1645.132,1568.052,1492.255,1417.709,1344.377,1272.221,1201.199,1131.270,1062.387,994.505,927.574,861.545,796.364,731.978,668.332,605.369,543.031,481.259,419.991,359.167,298.724,238.600,178.729,119.049,59.494,0.000
0.000,0.000,0.000,0.000,0.000,0.000,0.000,0.000,0.000,0.000,0.000,0.000,0.000,0.000,0.000,0.000,0.000,0.000,0.000,0.000,0.000,0.000,0.000,0.000,0.000,0.000,0.000,0.000,0.000,0.000,0.000,0.000,0.000,0.000,0.000,0.000,0.000,0.000,0.000,0.000,0.000,0.000,0.000,0.000,0.000,0.000,0.000,0.000,0.000,0.000,0.000,0.000,0.000,0.000,0.000,0.000,0.000,0.000,0.001,0.003,0.005,0.007,0.011,0.015,0.020,0.027,0.037,0.049,0.065,0.085,0.112,0.147,0.193,0.253,0.333,0.438,0.578,0.766,1.022,1.372,1.857,2.534,3.469,4.712,6.206,7.903,9.776,11.822,14.051,16.483,19.142,22.058,25.265,28.805,32.720,37.061,41.884,47.252,53.235,59.913,67.376,75.724,85.071,95.547,107.295,120.482,135.295,151.947,170.683,191.778,215.552,242.368,272.645,306.861,345.572,389.414,439.121,495.540,559.642,632.541,715.502,809.951,917.466,1039.754,1178.596,1335.745,1512.777,1710.875,1930.573,2171.514,2432.283,2710.426,3002.649,3305.156,3613.985,3925.284,4235.507,4541.518,4840.633,5130.618,5409.663,5676.341,5929.557,6168.509,6392.640,6601.601,6795.213,6973.444,7136.375,7284.185,7417.133,7535.538,7639.770,7730.239,7807.385,7871.674,7923.586,7963.615,7992.263,8010.034,8017.435,8014.971,8003.142,7982.441,7953.357,7916.366,7871.935,7820.521,7762.568,7698.506,7628.753,7553.713,7473.776,7389.317,7300.695,7208.259,7112.339,7013.253,6911.303,6806.778,6699.953,6591.088,6480.432,6368.219,6254.672,6140.000,6024.401,5908.062,5791.159,5673.857,5556.311,5438.666,5321.057,5203.612,5086.449,4969.679,4853.403,4737.719,4622.713,4508.468,4395.058,4282.555,4171.021,4060.515,3951.090,3842.796,3735.676,3629.771,3525.116,3421.742,3319.678,3218.949,3119.575,3021.575,2924.963,2829.752,2735.949,2643.561,2552.592,2463.043,2374.910,2288.190,2202.876,2118.958,2036.426,1955.263,1875.455,1796.982,1719.824,1643.955,1569.352,1495.986,1423.827,1352.843,1283.000,1214.261,1146.588,1079.941,1014.277,949.554,885.724,822.740,760.554,699.114,638.368,578.264,518.747,459.761,401.249,343.153,285.415,227.975,170.775,113.752,56.848,0.000
0.000,0.000,0.000,0.000,0.000,0.000,0.000,0.000,0.000,0.000,0.000,0.000,0.000,0.000,0.000,0.000,0.000,0.000,0.000,0.000,0.000,0.000,0.000,0.000,0.000,0.000,0.000,0.000,0.000,0.000,0.000,0.000,0.000,0.000,0.000,0.000,0.000,0.000,0.000,0.000,0.000,0.000,0.000,0.000,0.000,0.000,0.000,0.000,0.000,0.000,0.000,0.000,0.000,0.000,0.000,0.000,0.000,0.000,0.001,0.002,0.003,0.005,0.007,0.010,0.014,0.019,0.026,0.035,0.046,0.060,0.079,0.104,0.137,0.181,0.238,0.314,0.417,0.557,0.752,1.028,1.432,2.042,2.988,4.427,6.158,8.077,10.154,12.391,14.806,17.423,20.272,23.388,26.808,30.577,34.741,39.353,44.475,50.170,56.515,63.593,71.497,80.332,90.218,101.288,113.693,127.602,143.210,160.733,180.421,202.553,227.450,255.475,287.042,322.624,362.757,408.054,459.209,517.012,582.354,656.233,739.761,834.153,940.720,1060.824,1195.831,1347.019,1515.454,1701.846,1906.378,2128.562,2367.157,2620.191,2885.086,3158.861,3438.358,3720.440,4002.139,4280.762,4553.935,4819.630,5076.154,5322.128,5556.463,5778.323,5987.096,6182.358,6363.855,6531.466,6685.187,6825.114,6951.420,7064.345,7164.181,7251.267,7325.974,7388.702,7439.869,7479.913,7509.279,7528.421,7537.797,7537.865,7529.082,7511.903,7486.773,7454.136,7414.424,7368.059,7315.456,7257.017,7193.131,7124.178,7050.523,6972.518,6890.504,6804.806,6715.737,6623.599,6528.677,6431.244,6331.562,6229.879,6126.431,6021.441,5915.122,5807.673,5699.284,5590.134,5480.391,5370.214,5259.751,5149.142,5038.518,4928.000,4817.704,4707.735,4598.193,4489.171,4380.753,4273.019,4166.042,4059.890,3954.625,3850.305,3746.980,3644.699,3543.505,3443.437,3344.529,3246.813,3150.317,3055.064,2961.077,2868.371,2776.963,2686.864,2598.083,2510.626,2424.497,2339.698,2256.226,2174.078,2093.247,2013.725,1935.501,1858.563,1782.894,1708.477,1635.292,1563.317,1492.528,1422.899,1354.402,1287.007,1220.681,1155.390,1091.098,1027.769,965.361,903.833,843.144,783.247,724.097,665.647,607.848,550.650,494.001,437.849,382.142,326.825,271.843,217.141,162.662,108.350,54.148,0.000
0.000,0.000,0.000,0.000,0.000,0.000,0.000,0.000,0.000,0.000,0.000,0.000,0.000,0.000,0.000,0.000,0.000,0.000,0.000,0.000,0.000,0.000,0.000,0.000,0.000,0.000,0.000,0.000,0.000,0.000,0.000,0.000,0.000,0.000,0.000,0.000,0.000,0.000,0.000,0.000,0.000,0.000,0.000,0.000,0.000,0.000,0.000,0.000,0.000,0.000,0.000,0.000,0.000,0.000,0.000,0.000,0.000,0.000,0.001,0.001,0.002,0.003,0.004,0.005,0.007,0.010,0.014,0.018,0.024,0.031,0.041,0.054,0.071,0.094,0.124,0.164,0.219,0.294,0.401,0.557,0.801,1.214,2.013,3.852,5.922,8.094,10.373,12.784,15.359,18.131,21.137,24.414,28.004,31.954,36.313,41.139,46.491,52.441,59.064,66.448,74.688,83.893,94.184,105.698,118.589,133.029,149.213,167.360,187.718,210.568,236.225,265.046,297.433,333.843,374.788,420.845,472.661,530.959,596.543,670.293,753.171,846.203,950.458,1067.016,1196.915,1341.075,1500.210,1674.717,1864.574,2069.245,2287.645,2518.155,2758.706,3006.912,3260.222,3516.059,3771.937,4025.549,4274.817,4517.921,4753.308,4979.677,5195.974,5401.362,5595.203,5777.033,5946.539,6103.540,6247.966,6379.842,6499.273,6606.431,6701.542,6784.880,6856.756,6917.509,6967.503,7007.120,7036.757,7056.819,7067.717,7069.867,7063.684,7049.583,7027.974,6999.263,6963.850,6922.128,6874.478,6821.276,6762.884,6699.657,6631.935,6560.050,6484.319,6405.050,6322.537,6237.063,6148.898,6058.300,5965.516,5870.782,5774.320,5676.343,5577.053,5476.639,5375.283,5273.154,5170.414,5067.213,4963.694,4859.991,4756.227,4652.522,4548.985,4445.717,4342.815,4240.368,4138.457,4037.159,3936.545,3836.680,3737.625,3639.434,3542.158,3445.843,3350.532,3256.261,3163.066,3070.976,2980.018,2890.217,2801.593,2714.163,2627.941,2542.940,2459.169,2376.633,2295.338,2215.284,2136.470,2058.893,1982.548,1907.426,1833.519,1760.812,1689.293,1618.945,1549.749,1481.684,1414.729,1348.859,1284.046,1220.264,1157.482,1095.668,1034.788,974.808,915.689,857.393,799.881,743.110,687.037,631.618,576.807,522.558,468.822,415.551,362.695,310.204,258.026,206.109,154.401,102.849,51.399,0.000
0.000,0.000,0.000,0.000,0.000,0.000,0.000,0.000,0.000,0.000,0.000,0.000,0.000,0.000,0.000,0.000,0.000,0.000,0.000,0.000,0.000,0.000,0.000,0.000,0.000,0.000,0.000,0.000,0.000,0.000,0.000,0.000,0.000,0.000,0.000,0.000,0.000,0.000,0.000,0.000,0.000,0.000,0.000,0.000,0.000,0.000,0.000,0.000,0.000,0.000,0.000,0.000,0.000,0.000,0.000,0.000,0.000,0.000,0.000,0.000,0.000,0.000,0.000,0.000,0.000,0.000,0.000,0.000,0.000,0.000,0.000,0.000,0.000,0.000,0.000,0.000,0.000,0.000,0.000,0.000,0.000,0.000,0.000,3.047,5.582,8.006,10.460,13.013,15.715,18.607,21.730,25.127,28.842,32.922,37.422,42.397,47.913,54.039,60.855,68.448,76.916,86.369,96.929,108.735,121.939,136.715,153.256,171.779,192.530,215.781,241.842,271.056,303.810,340.536,381.717,427.887,479.642,537.635,602.578,675.242,756.448,847.049,947.915,1059.893,1183.765,1320.189,1469.628,1632.279,1807.997,1996.246,2196.075,2406.133,2624.731,2849.927,3079.633,3311.715,3544.085,3774.770,4001.959,4224.035,4439.588,4647.415,4846.515,5036.076,5215.457,5384.173,5541.877,5688.345,5823.457,5947.184,6059.575,6160.745,6250.864,6330.151,6398.861,6457.282,6505.727,6544.529,6574.037,6594.613,6606.624,6610.446,6606.454,6595.025,6576.536,6551.358,6519.858,6482.399,6439.334,6391.009,6337.763,6279.924,6217.810,6151.729,6081.980,6008.849,5932.612,5853.535,5771.871,5687.864,5601.746,5513.739,5424.054,5332.890,5240.439,5146.882,5052.389,4957.122,4861.233,4764.867,4668.159,4571.235,4474.216,4377.213,4280.331,4183.668,4087.316,3991.359,3895.877,3800.942,3706.623,3612.983,3520.079,3427.964,3336.688,3246.294,3156.824,3068.314,2980.796,2894.301,2808.855,2724.480,2641.196,2559.021,2477.970,2398.053,2319.279,2241.656,2165.187,2089.873,2015.716,1942.710,1870.852,1800.135,1730.549,1662.082,1594.723,1528.455,1463.262,1399.124,1336.020,1273.927,1212.821,1152.676,1093.463,1035.152,977.713,921.111,865.313,810.283,755.982,702.372,649.413,597.063,545.281,494.021,443.240,392.892,342.931,293.309,243.980,194.893,146.001,97.255,48.604,0.000
0.000,0.000,0.000,0.000,0.000,0.000,0.000,0.000,0.000,0.000,0.000,0.000,0.000,0.000,0.000,0.000,0.000,0.000,0.000,0.000,0.000,0.000,0.000,0.000,0.000,0.000,0.000,0.000,0.000,0.000,0.000,0.000,0.000,0.000,0.000,0.000,0.000,0.000,0.000,0.000,0.000,0.000,0.000,0.000,0.000,0.000,0.000,0.000,0.000,0.000,0.000,0.000,0.000,0.000,0.000,0.000,0.000,0.000,0.000,0.000,0.000,0.000,0.000,0.000,0.000,0.000,0.000,0.000,0.000,0.000,0.000,0.000,0.000,0.000,0.000,0.000,0.000,0.000,0.000,0.000,0.000,0.000,0.000,2.754,5.353,7.889,10.448,13.095,15.881,18.851,22.051,25.523,29.314,33.474,38.055,43.118,48.725,54.950,61.870,69.574,78.162,87.740,98.433,110.375,123.721,138.639,155.320,173.976,194.845,218.192,244.312,273.534,306.222,342.784,383.664,429.357,480.398,537.373,600.907,671.667,750.346,837.652,934.283,1040.901,1158.091,1286.317,1425.869,1576.810,1738.930,1911.714,2094.325,2285.627,2484.218,2688.496,2896.736,3107.158,3318.000,3527.573,3734.305,3936.769,4133.697,4323.990,4506.713,4681.093,4846.504,5002.459,5148.593,5284.654,5410.487,5526.022,5631.264,5726.281,5811.198,5886.183,5951.446,6007.227,6053.796,6091.439,6120.464,6141.190,6153.946,6159.068,6156.895,6147.770,6132.033,6110.025,6082.082,6048.537,6009.714,5965.935,5917.510,5864.745,5807.933,5747.363,5683.312,5616.046,5545.823,5472.892,5397.489,5319.843,5240.172,5158.683,5075.575,4991.036,4905.246,4818.375,4730.585,4642.028,4552.848,4463.181,4373.156,4282.893,4192.505,4102.099,4011.774,3921.624,3831.735,3742.188,3653.059,3564.418,3476.329,3388.853,3302.045,3215.955,3130.631,3046.115,2962.446,2879.659,2797.786,2716.856,2636.893,2557.920,2479.956,2403.018,2327.120,2252.273,2178.486,2105.765,2034.115,1963.538,1894.033,1825.598,1758.229,1691.919,1626.660,1562.442,1499.252,1437.076,1375.898,1315.701,1256.464,1198.168,1140.789,1084.301,1028.681,973.898,919.925,866.731,814.283,762.548,711.492,661.076,611.266,562.021,513.303,465.071,417.283,369.898,322.872,276.161,229.721,183.507,137.474,91.575,45.766,0.000
0.000,0.000,0.000,0.000,0.000,0.000,0.000,0.000,0.000,0.000,0.000,0.000,0.000,0.000,0.000,0.000,0.000,0.000,0.000,0.000,0.000,0.000,0.000,0.000,0.000,0.000,0.000,0.000,0.000,0.000,0.000,0.000,0.000,0.000,0.000,0.000,0.000,0.000,0.000,0.000,0.000,0.000,0.000,0.000,0.000,0.000,0.000,0.000,0.000,0.000,0.000,0.000,0.000,0.000,0.000,0.000,0.000,0.000,0.000,0.000,0.000,0.000,0.000,0.000,0.000,0.000,0.000,0.000,0.000,0.000,0.000,0.000,0.000,0.000,0.000,0.000,0.000,0.000,0.000,0.000,0.000,0.000,0.000,2.616,5.189,7.750,10.349,13.037,15.862,18.868,22.099,25.601,29.419,33.604,38.209,43.294,48.922,55.165,62.103,69.821,78.418,88.000,98.688,110.617,123.933,138.804,155.413,173.965,194.688,217.835,243.687,272.551,304.771,340.720,380.810,425.487,475.233,530.564,592.026,660.189,735.636,818.949,910.686,1011.362,1121.409,1241.150,1370.754,1510.198,1659.240,1817.397,1983.934,2157.884,2338.073,2523.167,2711.724,2902.252,3093.259,3283.299,3471.008,3655.132,3834.541,4008.238,4175.364,4335.194,4487.129,4630.692,4765.515,4891.330,5007.959,5115.303,5213.333,5302.080,5381.630,5452.110,5513.690,5566.571,5610.978,5647.163,5675.390,5695.944,5709.114,5715.201,5714.511,5707.352,5694.033,5674.863,5650.150,5620.196,5585.301,5545.758,5501.854,5453.871,5402.080,5346.747,5288.129,5226.474,5162.021,5095.000,5025.634,4954.133,4880.703,4805.535,4728.818,4650.726,4571.428,4491.084,4409.845,4327.854,4245.246,4162.151,4078.689,3994.973,3911.110,3827.201,3743.339,3659.613,3576.105,3492.892,3410.045,3327.630,3245.710,3164.340,3083.574,3003.460,2924.043,2845.363,2767.457,2690.359,2614.099,2538.704,2464.198,2390.604,2317.940,2246.220,2175.460,2105.669,2036.857,1969.031,1902.193,1836.347,1771.492,1707.627,1644.748,1582.849,1521.922,1461.957,1402.945,1344.870,1287.720,1231.477,1176.124,1121.641,1068.006,1015.197,963.191,911.959,861.477,811.716,762.646,714.236,666.452,619.263,572.632,526.526,480.907,435.737,390.979,346.593,302.539,258.777,215.265,171.962,128.827,85.817,42.888,0.000
0.000,0.000,0.000,0.000,0.000,0.000,0.000,0.000,0.000,0.000,0.000,0.000,0.000,0.000,0.000,0.000,0.000,0.000,0.000,0.000,0.000,0.000,0.000,0.000,0.000,0.000,0.000,0.000,0.000,0.000,0.000,0.000,0.000,0.000,0.000,0.000,0.000,0.000,0.000,0.000,0.000,0.000,0.000,0.000,0.000,0.000,0.000,0.000,0.000,0.000,0.000,0.000,0.000,0.000,0.000,0.000,0.000,0.000,0.000,0.000,0.000,0.000,0.000,0.000,0.000,0.000,0.000,0.000,0.000,0.000,0.000,0.000,0.000,0.000,0.000,0.000,0.000,0.000,0.000,0.000,0.000,0.000,0.000,2.520,5.037,7.572,10.160,12.843,15.663,18.660,21.879,25.363,29.158,33.314,37.885,42.927,48.505,54.689,61.556,69.192,77.690,87.156,97.707,109.473,122.596,137.235,153.567,171.787,192.113,214.781,240.054,268.221,299.597,334.525,373.379,416.560,464.495,517.637,576.458,641.444,713.079,791.840,878.173,972.473,1075.060,1186.151,1305.830,1434.022,1570.475,1714.741,1866.176,2023.952,2187.078,2354.432,2524.805,2696.936,2869.558,3041.432,3211.379,3378.298,3541.188,3699.155,3851.415,3997.297,4136.240,4267.785,4391.569,4507.323,4614.852,4714.040,4804.831,4887.229,4961.287,5027.100,5084.803,5134.560,5176.563,5211.025,5238.180,5258.272,5271.561,5278.314,5278.803,5273.305,5262.099,5245.465,5223.682,5197.025,5165.768,5130.178,5090.519,5047.048,5000.016,4949.667,4896.237,4839.956,4781.045,4719.716,4656.176,4590.620,4523.238,4454.209,4383.707,4311.895,4238.931,4164.963,4090.132,4014.572,3938.411,3861.767,3784.754,3707.478,3630.039,3552.532,3475.045,3397.660,3320.456,3243.503,3166.870,3090.619,3014.808,2939.490,2864.716,2790.531,2716.977,2644.092,2571.913,2500.470,2429.792,2359.905,2290.833,2222.595,2155.210,2088.692,2023.054,1958.307,1894.460,1831.518,1769.486,1708.367,1648.159,1588.863,1530.475,1472.988,1416.398,1360.693,1305.865,1251.902,1198.791,1146.515,1095.059,1044.404,994.531,945.420,897.046,849.388,802.420,756.116,710.448,665.388,620.906,576.971,533.551,490.613,448.124,406.050,364.354,323.001,281.954,241.175,200.627,160.272,120.071,79.985,39.974,0.000
0.000,0.000,0.000,0.000,0.000,0.000,0.000,0.000,0.000,0.000,0.000,0.000,0.000,0.000,0.000,0.000,0.000,0.000,0.000,0.000,0.000,0.000,0.000,0.000,0.000,0.000,0.000,0.000,0.000,0.000,0.000,0.000,0.000,0.000,0.000,0.000,0.000,0.000,0.000,0.000,0.000,0.000,0.000,0.000,0.000,0.000,0.000,0.000,0.000,0.000,0.000,0.000,0.000,0.000,0.000,0.000,0.000,0.000,0.000,0.000,0.000,0.000,0.000,0.000,0.000,0.000,0.000,0.000,0.000,0.000,0.000,0.000,0.000,0.000,0.000,0.000,0.000,0.000,0.000,0.000,0.000,0.000,0.000,2.427,4.867,7.341,9.878,12.514,15.286,18.232,21.394,24.814,28.537,32.612,37.089,42.026,47.484,53.531,60.243,67.701,75.996,85.230,95.515,106.975,119.744,133.976,149.837,167.510,187.199,209.126,233.534,260.688,290.877,324.414,361.632,402.888,448.561,499.044,554.741,616.063,683.414,757.180,837.715,925.322,1020.234,1122.592,1232.422,1349.621,1473.935,1604.956,1742.121,1884.718,2031.905,2182.735,2336.186,2491.191,2646.671,2801.566,2954.853,3105.574,3252.846,3395.870,3533.940,3666.442,3792.855,3912.748,4025.772,4131.660,4230.214,4321.304,4404.858,4480.859,4549.334,4610.352,4664.017,4710.463,4749.853,4782.366,4808.205,4827.584,4840.729,4847.878,4849.273,4845.162,4835.794,4821.422,4802.296,4778.667,4750.783,4718.887,4683.218,4644.012,4601.498,4555.899,4507.432,4456.307,4402.726,4346.887,4288.978,4229.181,4167.668,4104.607,4040.157,3974.471,3907.693,3839.960,3771.405,3702.151,3632.315,3562.009,3491.339,3420.403,3349.294,3278.101,3206.905,3135.783,3064.809,2994.048,2923.565,2853.418,2783.661,2714.344,2645.513,2577.213,2509.481,2442.355,2375.868,2310.048,2244.924,2180.519,2116.856,2053.954,1991.828,1930.495,1869.965,1810.250,1751.357,1693.292,1636.059,1579.662,1524.099,1469.370,1415.473,1362.402,1310.151,1258.713,1208.077,1158.234,1109.170,1060.873,1013.327,966.515,920.420,875.022,830.301,786.235,742.802,699.977,657.734,616.049,574.894,534.239,494.057,454.316,414.987,376.037,337.434,299.145,261.136,223.374,185.822,148.448,111.214,74.085,37.026,0.000
0.000,0.000,0.000,0.000,0.000,0.000,0.000,0.000,0.000,0.000,0.000,0.000,0.000,0.000,0.000,0.000,0.000,0.000,0.000,0.000,0.000,0.000,0.000,0.000,0.000,0.000,0.000,0.000,0.000,0.000,0.000,0.000,0.000,0.000,0.000,0.000,0.000,0.000,0.000,0.000,0.000,0.000,0.000,0.000,0.000,0.000,0.000,0.000,0.000,0.000,0.000,0.000,0.000,0.000,0.000,0.000,0.000,0.000,0.000,0.000,0.000,0.000,0.000,0.000,0.000,0.000,0.000,0.000,0.000,0.000,0.000,0.000,0.000,0.000,0.000,0.000,0.000,0.000,0.000,0.000,0.000,0.000,0.000,2.323,4.664,7.046,9.498,12.049,14.734,17.589,20.652,23.964,27.566,31.507,35.835,40.604,45.875,51.711,58.184,65.374,73.366,82.257,92.152,103.168,115.434,129.092,144.298,161.222,180.053,200.996,224.273,250.127,278.819,310.628,345.854,384.811,427.829,475.248,527.413,584.669,647.349,715.768,790.204,870.888,957.986,1051.586,1151.676,1258.135,1370.721,1489.065,1612.675,1740.938,1873.137,2008.469,2146.068,2285.029,2424.435,2563.373,2700.965,2836.377,2968.832,3097.624,3222.122,3341.769,3456.089,3564.682,3667.219,3763.442,3853.155,3936.224,4012.565,4082.146,4144.973,4201.096,4250.593,4293.573,4330.170,4360.539,4384.851,4403.293,4416.064,4423.371,4425.428,4422.456,4414.678,4402.320,4385.606,4364.761,4340.009,4311.570,4279.661,4244.494,4206.277,4165.214,4121.502,4075.332,4026.889,3976.353,3923.896,3869.684,3813.876,3756.625,3698.078,3638.373,3577.643,3516.017,3453.613,3390.547,3326.927,3262.855,3198.429,3133.739,3068.872,3003.909,2938.926,2873.995,2809.182,2744.550,2680.158,2616.059,2552.303,2488.938,2426.007,2363.549,2301.602,2240.199,2179.371,2119.146,2059.548,2000.601,1942.324,1884.737,1827.854,1771.690,1716.255,1661.559,1607.611,1554.415,1501.975,1450.295,1399.374,1349.212,1299.806,1251.152,1203.245,1156.076,1109.639,1063.923,1018.917,974.609,930.985,888.029,845.726,804.058,763.005,722.550,682.670,643.344,604.549,566.261,528.455,491.105,454.185,417.668,381.524,345.726,310.244,275.048,240.106,205.389,170.864,136.500,102.264,68.124,34.047,0.000
0.000,0.000,0.000,0.000,0.000,0.000,0.000,0.000,0.000,0.000,0.000,0.000,0.000,0.000,0.000,0.000,0.000,0.000,0.000,0.000,0.000,0.000,0.000,0.000,0.000,0.000,0.000,0.000,0.000,0.000,0.000,0.000,0.000,0.000,0.000,0.000,0.000,0.000,0.000,0.000,0.000,0.000,0.000,0.000,0.000,0.000,0.000,0.000,0.000,0.000,0.000,0.000,0.000,0.000,0.000,0.000,0.000,0.000,0.000,0.000,0.000,0.000,0.000,0.000,0.000,0.000,0.000,0.000,0.000,0.000,0.000,0.000,0.000,0.000,0.000,0.000,0.000,0.000,0.000,0.000,0.000,0.000,0.000,2.199,4.419,6.684,9.018,11.451,14.013,16.739,19.662,22.822,26.259,30.016,34.140,38.683,43.701,49.255,55.412,62.246,69.839,78.280,87.669,98.114,109.735,122.664,137.043,153.031,170.800,190.536,212.441,236.735,263.649,293.435,326.354,362.682,402.706,446.717,495.007,547.864,605.563,668.356,736.464,810.059,889.261,974.116,1064.588,1160.552,1261.781,1367.945,1478.615,1593.263,1711.280,1831.983,1954.639,2078.480,2202.723,2326.590,2449.325,2570.205,2688.554,2803.751,2915.235,3022.509,3125.142,3222.767,3315.080,3401.836,3482.849,3557.982,3627.149,3690.304,3747.442,3798.593,3843.817,3883.202,3916.857,3944.912,3967.515,3984.826,3997.017,4004.270,4006.774,4004.723,3998.313,3987.746,3973.222,3954.942,3933.105,3907.910,3879.549,3848.216,3814.097,3777.375,3738.228,3696.830,3653.348,3607.944,3560.776,3511.992,3461.737,3410.152,3357.368,3303.512,3248.707,3193.066,3136.701,3079.715,3022.208,2964.273,2905.999,2847.469,2788.763,2729.955,2671.113,2612.305,2553.590,2495.027,2436.670,2378.567,2320.765,2263.307,2206.233,2149.580,2093.382,2037.669,1982.470,1927.811,1873.714,1820.202,1767.292,1715.001,1663.345,1612.335,1561.981,1512.295,1463.281,1414.947,1367.294,1320.327,1274.045,1228.448,1183.534,1139.299,1095.738,1052.844,1010.611,969.030,928.090,887.780,848.088,809.000,770.502,732.577,695.209,658.380,622.072,586.263,550.934,516.063,481.628,447.605,413.970,380.699,347.766,315.145,282.809,250.731,218.883,187.238,155.767,124.441,93.230,62.106,31.039,0.000
0.000,0.000,0.000,0.000,0.000,0.000,0.000,0.000,0.000,0.000,0.000,0.000,0.000,0.000,0.000,0.000,0.000,0.000,0.000,0.000,0.000,0.000,0.000,0.000,0.000,0.000,0.000,0.000,0.000,0.000,0.000,0.000,0.000,0.000,0.000,0.000,0.000,0.000,0.000,0.000,0.000,0.000,0.000,0.000,0.000,0.000,0.000,0.000,0.000,0.000,0.000,0.000,0.000,0.000,0.000,0.000,0.000,0.000,0.000,0.000,0.000,0.000,0.000,0.000,0.000,0.000,0.000,0.000,0.000,0.000,0.000,0.000,0.000,0.000,0.000,0.000,0.000,0.000,0.000,0.000,0.000,0.000,0.000,2.055,4.131,6.251,8.440,10.723,13.130,15.690,18.437,21.404,24.631,28.158,32.028,36.288,40.992,46.196,51.963,58.361,65.465,73.359,82.133,91.888,102.732,114.788,128.184,143.064,159.584,177.911,198.227,220.727,245.616,273.114,303.452,336.867,373.607,413.917,458.046,506.231,558.697,615.647,677.253,743.645,814.904,891.050,972.034,1057.732,1147.935,1242.352,1340.610,1442.258,1546.777,1653.588,1762.072,1871.577,1981.439,2090.996,2199.600,2306.628,2411.496,2513.662,2612.632,2707.968,2799.285,2886.249,2968.586,3046.068,3118.519,3185.809,3247.848,3304.586,3356.009,3402.132,3443.001,3478.683,3509.270,3534.869,3555.605,3571.616,3583.050,3590.064,3592.823,3591.497,3586.260,3577.287,3564.755,3548.843,3529.726,3507.582,3482.581,3454.897,3424.694,3392.138,3357.386,3320.595,3281.913,3241.487,3199.457,3155.958,3111.120,3065.069,3017.923,2969.796,2920.800,2871.036,2820.605,2769.602,2718.114,2666.227,2614.022,2561.574,2508.954,2456.229,2403.463,2350.715,2298.041,2245.493,2193.119,2140.965,2089.073,2037.481,1986.227,1935.343,1884.861,1834.807,1785.210,1736.091,1687.473,1639.373,1591.811,1544.800,1498.354,1452.484,1407.202,1362.513,1318.427,1274.946,1232.076,1189.817,1148.172,1107.139,1066.716,1026.901,987.689,949.075,911.051,873.610,836.744,800.441,764.691,729.481,694.800,660.631,626.961,593.774,561.052,528.777,496.932,465.497,434.451,403.775,373.446,343.442,313.741,284.318,255.151,226.216,197.486,168.937,140.544,112.280,84.121,56.038,28.007,0.000
0.000,0.000,0.000,0.000,0.000,0.000,0.000,0.000,0.000,0.000,0.000,0.000,0.000,0.000,0.000,0.000,0.000,0.000,0.000,0.000,0.000,0.000,0.000,0.000,0.000,0.000,0.000,0.000,0.000,0.000,0.000,0.000,0.000,0.000,0.000,0.000,0.000,0.000,0.000,0.000,0.000,0.000,0.000,0.000,0.000,0.000,0.000,0.000,0.000,0.000,0.000,0.000,0.000,0.000,0.000,0.000,0.000,0.000,0.000,0.000,0.000,0.000,0.000,0.000,0.000,0.000,0.000,0.000,0.000,0.000,0.000,0.000,0.000,0.000,0.000,0.000,0.000,0.000,0.000,0.000,0.000,0.000,0.000,1.889,3.799,5.751,7.768,9.873,12.093,14.455,16.990,19.729,22.705,25.957,29.525,33.451,37.785,42.577,47.885,53.771,60.304,67.559,75.618,84.573,94.522,105.573,117.843,131.461,146.565,163.303,181.836,202.334,224.979,249.962,277.479,307.738,340.945,377.310,417.039,460.329,507.361,558.297,613.271,672.381,735.678,803.167,874.791,950.431,1029.901,1112.947,1199.247,1288.417,1380.017,1473.561,1568.526,1664.362,1760.509,1856.407,1951.504,2045.270,2137.201,2226.831,2313.732,2397.519,2477.852,2554.437,2627.026,2695.415,2759.439,2818.977,2873.942,2924.283,2969.977,3011.032,3047.478,3079.371,3106.784,3129.805,3148.540,3163.106,3173.628,3180.242,3183.090,3182.319,3178.080,3170.526,3159.812,3146.093,3129.524,3110.260,3088.452,3064.251,3037.804,3009.255,2978.746,2946.412,2912.388,2876.801,2839.776,2801.433,2761.888,2721.252,2679.630,2637.125,2593.834,2549.849,2505.259,2460.148,2414.595,2368.677,2322.465,2276.027,2229.425,2182.721,2135.971,2089.228,2042.541,1995.958,1949.522,1903.274,1857.250,1811.487,1766.018,1720.870,1676.074,1631.653,1587.632,1544.030,1500.869,1458.164,1415.931,1374.184,1332.934,1292.193,1251.970,1212.271,1173.103,1134.471,1096.377,1058.824,1021.812,985.342,949.411,914.017,879.156,844.824,811.014,777.720,744.933,712.644,680.845,649.524,618.669,588.269,558.309,528.776,499.655,470.930,442.583,414.600,386.962,359.649,332.644,305.927,279.477,253.273,227.296,201.523,175.933,150.502,125.209,100.030,74.943,49.925,24.952,0.000
0.000,0.000,0.000,0.000,0.000,0.000,0.000,0.000,0.000,0.000,0.000,0.000,0.000,0.000,0.000,0.000,0.000,0.000,0.000,0.000,0.000,0.000,0.000,0.000,0.000,0.000,0.000,0.000,0.000,0.000,0.000,0.000,0.000,0.000,0.000,0.000,0.000,0.000,0.000,0.000,0.000,0.000,0.000,0.000,0.000,0.000,0.000,0.000,0.000,0.000,0.000,0.000,0.000,0.000,0.000,0.000,0.000,0.000,0.000,0.000,0.000,0.000,0.000,0.000,0.000,0.000,0.000,0.000,0.000,0.000,0.000,0.000,0.000,0.000,0.000,0.000,0.000,0.000,0.000,0.000,0.000,0.000,0.000,1.703,3.426,5.187,7.007,8.909,10.914,13.049,15.340,17.815,20.505,23.442,26.664,30.209,34.119,38.443,43.229,48.535,54.422,60.956,68.211,76.267,85.212,95.142,106.159,118.376,131.914,146.903,163.483,181.800,202.011,224.279,248.773,275.667,305.134,337.349,372.483,410.695,452.132,496.923,545.170,596.944,652.279,711.168,773.552,839.323,908.317,980.314,1055.041,1132.176,1211.348,1292.150,1374.145,1456.875,1539.872,1622.664,1704.788,1785.796,1865.262,1942.787,2018.005,2090.585,2160.232,2226.690,2289.739,2349.199,2404.923,2456.799,2504.745,2548.711,2588.673,2624.630,2656.605,2684.638,2708.789,2729.132,2745.752,2758.748,2768.226,2774.300,2777.093,2776.729,2773.338,2767.050,2758.000,2746.322,2732.149,2715.614,2696.851,2675.988,2653.154,2628.475,2602.072,2574.065,2544.570,2513.700,2481.561,2448.261,2413.899,2378.572,2342.374,2305.394,2267.716,2229.421,2190.589,2151.291,2111.599,2071.578,2031.292,1990.799,1950.156,1909.415,1868.627,1827.838,1787.092,1746.430,1705.890,1665.509,1625.318,1585.350,1545.633,1506.194,1467.057,1428.244,1389.776,1351.671,1313.947,1276.619,1239.700,1203.202,1167.137,1131.514,1096.340,1061.622,1027.366,993.576,960.254,927.403,895.022,863.114,831.674,800.703,770.196,740.148,710.556,681.412,652.711,624.444,596.603,569.179,542.161,515.538,489.300,463.433,437.925,412.761,387.928,363.411,339.195,315.263,291.597,268.183,245.002,222.035,199.266,176.674,154.241,131.948,109.774,87.700,65.706,43.772,21.876,0.000
0.000,0.000,0.000,0.000,0.000,0.000,0.000,0.000,0.000,0.000,0.000,0.000,0.000,0.000,0.000,0.000,0.000,0.000,0.000,0.000,0.000,0.000,0.000,0.000,0.000,0.000,0.000,0.000,0.000,0.000,0.000,0.000,0.000,0.000,0.000,0.000,0.000,0.000,0.000,0.000,0.000,0.000,0.000,0.000,0.000,0.000,0.000,0.000,0.000,0.000,0.000,0.000,0.000,0.000,0.000,0.000,0.000,0.000,0.000,0.000,0.000,0.000,0.000,0.000,0.000,0.000,0.000,0.000,0.000,0.000,0.000,0.000,0.000,0.000,0.000,0.000,0.000,0.000,0.000,0.000,0.000,0.000,0.000,1.498,3.013,4.563,6.165,7.840,9.607,11.488,13.507,15.687,18.056,20.644,23.480,26.601,30.043,33.846,38.056,42.720,47.894,53.634,60.004,67.075,74.921,83.625,93.277,103.972,115.816,128.918,143.396,159.377,176.992,196.377,217.674,241.027,266.581,294.479,324.857,357.846,393.562,432.105,473.553,517.959,565.343,615.690,668.945,725.012,783.750,844.973,908.455,973.924,1041.076,1109.576,1179.062,1249.158,1319.476,1389.628,1459.230,1527.909,1595.310,1661.099,1724.969,1786.639,1845.859,1902.410,1956.104,2006.784,2054.322,2098.618,2139.600,2177.219,2211.451,2242.291,2269.755,2293.873,2314.691,2332.270,2346.680,2358.002,2366.323,2371.740,2374.354,2374.270,2371.596,2366.444,2358.927,2349.157,2337.248,2323.314,2307.466,2289.815,2270.471,2249.540,2227.126,2203.331,2178.255,2151.993,2124.638,2096.280,2067.005,2036.896,2006.033,1974.493,1942.347,1909.667,1876.519,1842.965,1809.067,1774.880,1740.460,1705.856,1671.118,1636.292,1601.419,1566.540,1531.693,1496.912,1462.233,1427.684,1393.295,1359.092,1325.101,1291.344,1257.842,1224.615,1191.680,1159.053,1126.750,1094.783,1063.164,1031.904,1001.012,970.496,940.364,910.620,881.269,852.315,823.762,795.609,767.859,740.510,713.562,687.014,660.861,635.102,609.730,584.742,560.132,535.892,512.016,488.496,465.322,442.486,419.978,397.788,375.904,354.314,333.006,311.968,291.187,270.648,250.337,230.241,210.343,190.629,171.082,151.688,132.430,113.290,94.253,75.300,56.417,37.583,18.784,0.000
0.000,0.000,0.000,0.000,0.000,0.000,0.000,0.000,0.000,0.000,0.000,0.000,0.000,0.000,0.000,0.000,0.000,0.000,0.000,0.000,0.000,0.000,0.000,0.000,0.000,0.000,0.000,0.000,0.000,0.000,0.000,0.000,0.000,0.000,0.000,0.000,0.000,0.000,0.000,0.000,0.000,0.000,0.000,0.000,0.000,0.000,0.000,0.000,0.000,0.000,0.000,0.000,0.000,0.000,0.000,0.000,0.000,0.000,0.000,0.000,0.000,0.000,0.000,0.000,0.000,0.000,0.000,0.000,0.000,0.000,0.000,0.000,0.000,0.000,0.000,0.000,0.000,0.000,0.000,0.000,0.000,0.000,0.000,1.276,2.566,3.886,5.252,6.680,8.187,9.790,11.511,13.370,15.390,17.596,20.014,22.673,25.605,28.844,32.428,36.398,40.800,45.683,51.099,57.108,63.773,71.163,79.353,88.424,98.462,109.558,121.811,135.324,150.206,166.567,184.524,204.194,225.692,249.134,274.628,302.278,332.173,364.391,398.991,436.009,475.457,517.317,561.542,608.047,656.716,707.396,759.901,814.012,869.483,926.042,983.398,1041.248,1099.279,1157.177,1214.630,1271.338,1327.009,1381.373,1434.176,1485.188,1534.202,1581.038,1625.536,1667.567,1707.020,1743.812,1777.879,1809.179,1837.687,1863.398,1886.320,1906.478,1923.907,1938.654,1950.775,1960.336,1967.408,1972.068,1974.400,1974.488,1972.423,1968.296,1962.199,1954.225,1944.470,1933.025,1919.983,1905.437,1889.477,1872.191,1853.665,1833.985,1813.233,1791.488,1768.827,1745.326,1721.055,1696.085,1670.482,1644.309,1617.628,1590.495,1562.968,1535.099,1506.937,1478.531,1449.925,1421.163,1392.285,1363.329,1334.331,1305.324,1276.339,1247.408,1218.556,1189.811,1161.196,1132.733,1104.444,1076.347,1048.460,1020.799,993.380,966.216,939.319,912.700,886.370,860.336,834.607,809.191,784.092,759.315,734.864,710.743,686.953,663.497,640.374,617.585,595.129,573.004,551.208,529.739,508.591,487.762,467.247,447.039,427.134,407.524,388.202,369.160,350.391,331.886,313.634,295.627,277.855,260.307,242.972,225.838,208.894,192.128,175.527,159.078,142.769,126.586,110.515,94.544,78.657,62.841,47.082,31.365,15.676,0.000
0.000,0.000,0.000,0.000,0.000,0.000,0.000,0.000,0.000,0.000,0.000,0.000,0.000,0.000,0.000,0.000,0.000,0.000,0.000,0.000,0.000,0.000,0.000,0.000,0.000,0.000,0.000,0.000,0.000,0.000,0.000,0.000,0.000,0.000,0.000,0.000,0.000,0.000,0.000,0.000,0.000,0.000,0.000,0.000,0.000,0.000,0.000,0.000,0.000,0.000,0.000,0.000,0.000,0.000,0.000,0.000,0.000,0.000,0.000,0.000,0.000,0.000,0.000,0.000,0.000,0.000,0.000,0.000,0.000,0.000,0.000,0.000,0.000,0.000,0.000,0.000,0.000,0.000,0.000,0.000,0.000,0.000,0.000,1.039,2.090,3.165,4.278,5.441,6.669,7.976,9.378,10.893,12.539,14.337,16.307,18.473,20.860,23.498,26.415,29.646,33.227,37.198,41.602,46.486,51.901,57.903,64.552,71.912,80.051,89.044,98.969,109.906,121.942,135.166,149.667,165.536,182.865,201.742,222.251,244.471,268.469,294.305,322.019,351.639,383.169,416.593,451.870,488.932,527.686,568.010,609.759,652.760,696.821,741.732,787.264,833.182,879.241,925.197,970.806,1015.833,1060.049,1103.241,1145.210,1185.772,1224.765,1262.043,1297.480,1330.970,1362.426,1391.779,1418.975,1443.981,1466.774,1487.348,1505.708,1521.871,1535.865,1547.725,1557.495,1565.225,1570.971,1574.793,1576.758,1576.932,1575.386,1572.192,1567.424,1561.155,1553.460,1544.412,1534.087,1522.556,1509.892,1496.166,1481.445,1465.798,1449.291,1431.986,1413.946,1395.231,1375.896,1356.000,1335.593,1314.727,1293.451,1271.812,1249.853,1227.618,1205.145,1182.475,1159.642,1136.681,1113.624,1090.503,1067.345,1044.178,1021.026,997.915,974.865,951.899,929.034,906.290,883.683,861.227,838.939,816.829,794.911,773.196,751.693,730.412,709.359,688.543,667.970,647.645,627.573,607.758,588.203,568.910,549.882,531.120,512.624,494.393,476.428,458.728,441.290,424.111,407.191,390.524,374.107,357.935,342.005,326.310,310.846,295.605,280.582,265.769,251.158,236.743,222.515,208.465,194.586,180.867,167.300,153.874,140.580,127.407,114.347,101.386,88.516,75.724,63.000,50.333,37.711,25.122,12.556,0.000
0.000,0.000,0.000,0.000,0.000,0.000,0.000,0.000,0.000,0.000,0.000,0.000,0.000,0.000,0.000,0.000,0.000,0.000,0.000,0.000,0.000,0.000,0.000,0.000,0.000,0.000,0.000,0.000,0.000,0.000,0.000,0.000,0.000,0.000,0.000,0.000,0.000,0.000,0.000,0.000,0.000,0.000,0.000,0.000,0.000,0.000,0.000,0.000,0.000,0.000,0.000,0.000,0.000,0.000,0.000,0.000,0.000,0.000,0.000,0.000,0.000,0.000,0.000,0.000,0.000,0.000,0.000,0.000,0.000,0.000,0.000,0.000,0.000,0.000,0.000,0.000,0.000,0.000,0.000,0.000,0.000,0.000,0.000,0.790,1.589,2.407,3.253,4.138,5.072,6.066,7.133,8.286,9.539,10.906,12.404,14.051,15.867,17.872,20.089,22.545,25.265,28.281,31.626,35.334,39.444,43.998,49.041,54.620,60.789,67.601,75.115,83.392,92.495,102.490,113.443,125.422,138.494,152.722,168.169,184.890,202.935,222.345,243.150,265.366,288.996,314.026,340.423,368.137,397.097,427.213,458.377,490.463,523.327,556.816,590.762,624.992,659.327,693.585,727.588,761.162,794.139,826.360,857.678,887.956,917.073,944.921,971.404,996.443,1019.973,1041.939,1062.303,1081.036,1098.122,1113.555,1127.337,1139.481,1150.005,1158.935,1166.304,1172.149,1176.509,1179.431,1180.962,1181.152,1180.054,1177.721,1174.208,1169.571,1163.863,1157.141,1149.459,1140.873,1131.436,1121.201,1110.218,1098.540,1086.215,1073.289,1059.811,1045.824,1031.372,1016.495,1001.234,985.627,969.711,953.520,937.088,920.446,903.625,886.654,869.559,852.367,835.102,817.786,800.441,783.088,765.746,748.432,731.164,713.956,696.824,679.780,662.839,646.011,629.306,612.735,596.307,580.030,563.911,547.958,532.175,516.570,501.146,485.907,470.857,456.000,441.336,426.869,412.600,398.530,384.659,370.986,357.513,344.237,331.157,318.272,305.580,293.077,280.762,268.631,256.679,244.904,233.302,221.867,210.594,199.479,188.516,177.699,167.021,156.478,146.061,135.766,125.583,115.506,105.528,95.641,85.837,76.109,66.448,56.845,47.294,37.785,28.309,18.859,9.426,0.000
0.000,0.000,0.000,0.000,0.000,0.000,0.000,0.000,0.000,0.000,0.000,0.000,0.000,0.000,0.000,0.000,0.000,0.000,0.000,0.000,0.000,0.000,0.000,0.000,0.000,0.000,0.000,0.000,0.000,0.000,0.000,0.000,0.000,0.000,0.000,0.000,0.000,0.000,0.000,0.000,0.000,0.000,0.000,0.000,0.000,0.000,0.000,0.000,0.000,0.000,0.000,0.000,0.000,0.000,0.000,0.000,0.000,0.000,0.000,0.000,0.000,0.000,0.000,0.000,0.000,0.000,0.000,0.000,0.000,0.000,0.000,0.000,0.000,0.000,0.000,0.000,0.000,0.000,0.000,0.000,0.000,0.000,0.000,0.532,1.070,1.620,2.190,2.786,3.415,4.084,4.803,5.580,6.423,7.344,8.353,9.462,10.684,12.033,13.526,15.178,17.009,19.038,21.287,23.780,26.544,29.605,32.993,36.742,40.885,45.458,50.501,56.054,62.159,68.858,76.197,84.219,92.969,102.487,112.815,123.989,136.041,148.996,162.874,177.685,193.430,210.098,227.667,246.103,265.360,285.378,306.084,327.396,349.221,371.455,393.990,416.712,439.502,462.243,484.816,507.106,529.003,550.402,571.205,591.323,610.674,629.186,646.796,663.452,679.108,693.729,707.289,719.767,731.154,741.443,750.636,758.742,765.772,771.742,776.675,780.593,783.524,785.498,786.546,786.701,785.998,784.473,782.161,779.099,775.324,770.873,765.782,760.087,753.825,747.030,739.736,731.977,723.786,715.195,706.234,696.933,687.321,677.425,667.272,656.888,646.296,635.521,624.584,613.506,602.308,591.009,579.627,568.179,556.682,545.150,533.598,522.040,510.488,498.955,487.452,475.988,464.574,453.219,441.932,430.719,419.589,408.547,397.599,386.752,376.011,365.379,354.860,344.460,334.179,324.023,313.991,304.088,294.314,284.671,275.159,265.779,256.532,247.417,238.435,229.584,220.864,212.273,203.811,195.475,187.263,179.174,171.204,163.353,155.616,147.990,140.473,133.060,125.749,118.534,111.413,104.381,97.434,90.566,83.774,77.053,70.397,63.802,57.262,50.773,44.328,37.922,31.550,25.207,18.886,12.582,6.288,0.000
0.000,0.000,0.000,0.000,0.000,0.000,0.000,0.000,0.000,0.000,0.000,0.000,0.000,0.000,0.000,0.000,0.000,0.000,0.000,0.000,0.000,0.000,0.000,0.000,0.000,0.000,0.000,0.000,0.000,0.000,0.000,0.000,0.000,0.000,0.000,0.000,0.000,0.000,0.000,0.000,0.000,0.000,0.000,0.000,0.000,0.000,0.000,0.000,0.000,0.000,0.000,0.000,0.000,0.000,0.000,0.000,0.000,0.000,0.000,0.000,0.000,0.000,0.000,0.000,0.000,0.000,0.000,0.000,0.000,0.000,0.000,0.000,0.000,0.000,0.000,0.000,0.000,0.000,0.000,0.000,0.000,0.000,0.000,0.267,0.538,0.815,1.102,1.401,1.717,2.054,2.416,2.807,3.231,3.694,4.201,4.759,5.374,6.053,6.803,7.634,8.554,9.574,10.705,11.958,13.346,14.884,16.587,18.470,20.550,22.847,25.378,28.165,31.228,34.589,38.269,42.291,46.676,51.445,56.618,62.213,68.245,74.727,81.668,89.074,96.944,105.272,114.048,123.254,132.868,142.859,153.191,163.824,174.711,185.801,197.040,208.372,219.737,231.078,242.336,253.454,264.376,275.051,285.430,295.469,305.126,314.366,323.158,331.475,339.294,346.598,353.372,359.609,365.300,370.445,375.044,379.099,382.618,385.608,388.081,390.046,391.519,392.514,393.046,393.132,392.789,392.035,390.889,389.367,387.489,385.272,382.735,379.897,376.774,373.385,369.747,365.876,361.788,357.500,353.027,348.384,343.584,338.643,333.573,328.387,323.097,317.715,312.251,306.718,301.123,295.478,289.792,284.072,278.327,272.565,266.792,261.016,255.243,249.480,243.731,238.001,232.297,226.622,220.980,215.375,209.812,204.292,198.820,193.398,188.028,182.713,177.455,172.255,167.116,162.038,157.023,152.072,147.186,142.364,137.609,132.919,128.296,123.738,119.247,114.821,110.461,106.165,101.934,97.765,93.659,89.614,85.629,81.702,77.833,74.020,70.260,66.553,62.896,59.288,55.727,52.210,48.735,45.300,41.903,38.542,35.212,31.914,28.643,25.397,22.173,18.969,15.782,12.609,9.447,6.293,3.145,0.000
0.000,0.000,0.000,0.000,0.000,0.000,0.000,0.000,0.000,0.000,0.000,0.000,0.000,0.000,0.000,0.000,0.000,0.000,0.000,0.000,0.000,0.000,0.000,0.000,0.000,0.000,0.000,0.000,0.000,0.000,0.000,0.000,0.000,0.000,0.000,0.000,0.000,0.000,0.000,0.000,0.000,0.000,0.000,0.000,0.000,0.000,0.000,0.000,0.000,0.000,0.000,0.000,0.000,0.000,0.000,0.000,0.000,0.000,0.000,0.000,0.000,0.000,0.000,0.000,0.000,0.000,0.000,0.000,0.000,0.000,0.000,0.000,0.000,0.000,0.000,0.000,0.000,0.000,0.000,0.000,0.000,0.000,0.000,0.000,0.000,0.000,0.000,0.000,0.000,0.000,0.000,0.000,0.000,0.000,0.000,0.000,0.000,0.000,0.000,0.000,0.000,0.000,0.000,0.000,0.000,0.000,0.000,0.000,0.000,0.000,0.000,0.000,0.000,0.000,0.000,0.000,0.000,0.000,0.000,0.000,0.000,0.000,0.000,0.000,0.000,0.000,0.000,0.000,0.000,0.000,0.000,0.000,0.000,0.000,0.000,0.000,0.000,0.000,0.000,0.000,0.000,0.000,0.000,0.000,0.000,0.000,0.000,0.000,0.000,0.000,0.000,0.000,0.000,0.000,0.000,0.000,0.000,0.000,0.000,0.000,0.000,0.000,0.000,0.000,0.000,0.000,0.000,0.000,0.000,0.000,0.000,0.000,0.000,0.000,0.000,0.000,0.000,0.000,0.000,0.000,0.000,0.000,0.000,0.000,0.000,0.000,0.000,0.000,0.000,0.000,0.000,0.000,0.000,0.000,0.000,0.000,0.000,0.000,0.000,0.000,0.000,0.000,0.000,0.000,0.000,0.000,0.000,0.000,0.000,0.000,0.000,0.000,0.000,0.000,0.000,0.000,0.000,0.000,0.000,0.000,0.000,0.000,0.000,0.000,0.000,0.000,0.000,0.000,0.000,0.000,0.000,0.000,0.000,0.000,0.000,0.000,0.000,0.000,0.000,0.000,0.000,0.000,0.000,0.000,0.000,0.000,0.000,0.000,0.000,0.000,0.000,0.000,0.000,0.000,0.000,0.000
