0.000,0.000,0.000,0.000,0.000,0.000,0.000,0.000,0.000,0.000,0.000,0.000,0.000,0.000,0.000,0.000,0.000,0.000,0.000,0.000,0.000,0.000,0.000,0.000,0.000,0.000,0.000,0.000,0.000,0.000,0.000,0.000,0.000,0.000,0.000,0.000,0.000,0.000,0.000,0.000,0.000,0.000,0.000,0.000,0.000,0.000,0.000,0.000,0.000,0.000,0.000,0.000,0.000,0.000,0.000,0.000,0.000,0.000,0.000,0.000,0.000,0.000,0.000,0.000,0.000,0.000,0.000,0.000,0.000,0.000,0.000,0.000,0.000,0.000,0.000,0.000,0.000,0.000,0.000,0.000,0.000,0.000,0.000,0.000,0.000,0.000,0.000,0.000,0.000,0.000,0.000,0.000,0.000,0.000,0.000,0.000,0.000,0.000,0.000,0.000,0.000,0.000,0.000,0.000,0.000,0.000,0.000,0.000,0.000,0.000,0.000,0.000,0.000,0.000,0.000,0.000,0.000,0.000,0.000,0.000,0.000,0.000,0.000,0.000,0.000,0.000,0.000,0.000,0.000,0.000,0.000,0.000,0.000,0.000,0.000,0.000,0.000,0.000,0.000,0.000,0.000,0.000,0.000,0.000,0.000,0.000,0.000,0.000,0.000,0.000,0.000,0.000,0.000,0.000,0.000,0.000,0.000,0.000,0.000,0.000,0.000,0.000,0.000,0.000,0.000,0.000,0.000,0.000,0.000,0.000,0.000,0.000,0.000,0.000,0.000,0.000,0.000,0.000,0.000,0.000,0.000,0.000,0.000,0.000,0.000,0.000,0.000,0.000,0.000,0.000,0.000,0.000,0.000,0.000,0.000,0.000,0.000,0.000,0.000,0.000,0.000,0.000,0.000,0.000,0.000,0.000,0.000,0.000,0.000,0.000,0.000,0.000,0.000,0.000,0.000,0.000,0.000,0.000,0.000,0.000,0.000,0.000,0.000,0.000,0.000,0.000,0.000,0.000,0.000,0.000,0.000,0.000,0.000,0.000,0.000,0.000,0.000,0.000,0.000,0.000,0.000,0.000,0.000,0.000,0.000,0.000,0.000,0.000,0.000,0.000,0.000,0.000,0.000,0.000,0.000,0.000
0.000,3.813,7.628,11.448,15.276,19.113,22.961,26.822,30.700,34.596,38.511,42.450,46.413,50.404,54.424,58.476,62.563,66.686,70.849,75.053,79.303,83.599,87.945,92.344,96.799,101.311,105.885,110.524,115.230,120.006,124.856,129.784,134.791,139.882,145.061,150.331,155.695,161.157,166.721,172.391,178.172,184.066,190.078,196.213,202.474,208.866,215.393,222.061,228.872,235.833,242.947,250.220,257.655,265.259,273.036,280.990,289.126,297.450,305.966,314.678,323.593,332.713,342.044,351.590,361.356,371.345,381.562,392.010,402.692,413.613,424.773,436.177,447.825,459.719,471.859,484.247,496.882,509.762,522.885,536.249,549.851,563.684,577.743,592.022,606.513,621.205,636.088,651.150,666.377,681.755,697.267,712.895,728.619,744.418,760.270,776.150,792.035,807.896,823.705,839.435,855.053,870.531,885.836,900.937,915.800,930.394,944.686,958.643,972.235,985.430,998.198,1010.510,1022.337,1033.653,1044.433,1054.653,1064.289,1073.323,1081.734,1089.506,1096.622,1103.069,1108.834,1113.906,1118.276,1121.936,1124.879,1127.101,1128.598,1129.367,1129.407,1128.718,1127.302,1125.161,1122.300,1118.723,1114.438,1109.452,1103.775,1097.417,1090.393,1082.715,1074.400,1065.466,1055.930,1045.814,1035.141,1023.934,1012.218,1000.020,987.368,974.292,960.820,946.985,932.816,918.348,903.610,888.636,873.458,858.106,842.613,827.009,811.324,795.585,779.821,764.057,748.319,732.631,717.013,701.487,686.072,670.786,655.644,640.661,625.851,611.225,596.794,582.567,568.551,554.753,541.179,527.834,514.720,501.841,489.199,476.794,464.627,452.697,441.004,429.546,418.321,407.328,396.562,386.022,375.703,365.603,355.717,346.042,336.572,327.305,318.234,309.357,300.669,292.163,283.837,275.685,267.703,259.886,252.229,244.729,237.379,230.175,223.114,216.191,209.401,202.739,196.203,189.786,183.486,177.298,171.219,165.243,159.368,153.589,147.904,142.307,136.796,131.367,126.016,120.741,115.537,110.402,105.332,100.325,95.376,90.483,85.643,80.853,76.110,71.411,66.753,62.134,57.550,53.000,48.479,43.986,39.518,35.073,30.647,26.238,21.843,17.461,13.088,8.721,4.360,0.000
0.000,7.625,15.256,22.896,30.551,38.224,45.920,53.643,61.397,69.188,77.020,84.896,92.822,100.803,108.842,116.946,125.118,133.364,141.688,150.097,158.594,167.186,175.877,184.674,193.581,202.606,211.752,221.028,230.438,239.989,249.688,259.540,269.553,279.734,290.088,300.625,311.350,322.272,333.398,344.736,356.293,368.079,380.100,392.366,404.885,417.666,430.717,444.048,457.668,471.585,485.809,500.351,515.218,530.421,545.970,561.873,578.142,594.785,611.812,629.233,647.057,665.293,683.951,703.040,722.567,742.542,762.971,783.863,805.225,827.063,849.382,872.186,895.480,919.267,943.548,968.323,993.593,1019.354,1045.603,1072.335,1099.541,1127.212,1155.338,1183.903,1212.892,1242.286,1272.063,1302.200,1332.669,1363.440,1394.480,1425.754,1457.221,1488.841,1520.568,1552.354,1584.147,1615.896,1647.542,1679.029,1710.297,1741.282,1771.924,1802.156,1831.914,1861.132,1889.747,1917.693,1944.906,1971.325,1996.889,2021.539,2045.220,2067.876,2089.459,2109.919,2129.213,2147.298,2164.137,2179.695,2193.941,2206.847,2218.387,2228.540,2237.288,2244.614,2250.506,2254.953,2257.949,2259.488,2259.568,2258.189,2255.355,2251.070,2245.342,2238.182,2229.603,2219.622,2208.258,2195.532,2181.469,2166.099,2149.452,2131.564,2112.473,2092.221,2070.851,2048.412,2024.955,2000.533,1975.201,1949.019,1922.047,1894.346,1865.979,1837.010,1807.504,1777.526,1747.139,1716.406,1685.392,1654.155,1622.757,1591.253,1559.700,1528.149,1496.651,1465.252,1433.997,1402.928,1372.081,1341.494,1311.196,1281.219,1251.589,1222.327,1193.457,1164.995,1136.957,1109.357,1082.205,1055.511,1029.282,1003.523,978.238,953.428,929.094,905.236,881.852,858.938,836.491,814.507,792.979,771.901,751.268,731.071,711.303,691.956,673.021,654.490,636.354,618.604,601.230,584.224,567.576,551.276,535.316,519.686,504.376,489.378,474.682,460.279,446.161,432.317,418.740,405.421,392.350,379.520,366.923,354.550,342.393,330.445,318.697,307.142,295.773,284.581,273.561,262.705,252.005,241.456,231.051,220.782,210.644,200.630,190.734,180.950,171.271,161.692,152.207,142.810,133.496,124.258,115.092,105.991,96.951,87.966,79.031,70.140,61.289,52.472,43.683,34.919,26.173,17.442,8.719,0.000
0.000,11.436,22.881,34.340,45.820,57.329,68.871,80.454,92.084,103.769,115.514,127.327,139.214,151.183,163.240,175.393,187.649,200.015,212.499,225.109,237.852,250.736,263.770,276.961,290.319,303.851,317.567,331.476,345.587,359.908,374.451,389.224,404.238,419.503,435.029,450.828,466.910,483.286,499.968,516.967,534.295,551.965,569.989,588.379,607.149,626.311,645.879,665.865,686.285,707.151,728.477,750.278,772.569,795.363,818.675,842.519,866.911,891.864,917.393,943.514,970.239,997.582,1025.558,1054.180,1083.461,1113.413,1144.049,1175.379,1207.413,1240.162,1273.633,1307.834,1342.771,1378.448,1414.868,1452.031,1489.937,1528.582,1567.961,1608.066,1648.885,1690.406,1732.609,1775.475,1818.980,1863.095,1907.790,1953.026,1998.765,2044.960,2091.563,2138.519,2185.771,2233.254,2280.902,2328.641,2376.395,2424.085,2471.625,2518.928,2565.903,2612.458,2658.497,2703.924,2748.639,2792.546,2835.545,2877.541,2918.436,2958.138,2996.554,3033.598,3069.183,3103.229,3135.661,3166.405,3195.395,3222.569,3247.870,3271.245,3292.648,3312.036,3329.372,3344.624,3357.765,3368.769,3377.619,3384.300,3388.799,3391.110,3391.230,3389.159,3384.901,3378.464,3369.860,3359.104,3346.217,3331.223,3314.150,3295.030,3273.903,3250.810,3225.798,3198.920,3170.234,3139.802,3107.690,3073.970,3038.720,3002.019,2963.952,2924.606,2884.073,2842.445,2799.818,2756.288,2711.952,2666.906,2621.249,2575.076,2528.480,2481.554,2434.388,2387.067,2339.674,2292.288,2244.984,2197.834,2150.903,2104.253,2057.943,2012.023,1966.543,1921.547,1877.074,1833.158,1789.831,1747.120,1705.049,1663.636,1622.899,1582.851,1543.502,1504.860,1466.931,1429.716,1393.217,1357.433,1322.360,1287.995,1254.331,1221.361,1189.077,1157.470,1126.528,1096.243,1066.600,1037.590,1009.198,981.411,954.218,927.603,901.553,876.054,851.092,826.653,802.723,779.288,756.333,733.846,711.811,690.216,669.047,648.291,627.933,607.963,588.365,569.128,550.240,531.687,513.459,495.543,477.927,460.602,443.554,426.773,410.248,393.969,377.925,362.106,346.503,331.105,315.902,300.885,286.045,271.372,256.858,242.493,228.269,214.176,200.208,186.354,172.608,158.959,145.402,131.927,118.527,105.193,91.918,78.694,65.514,52.370,39.254,26.159,13.077,0.000
0.000,15.245,30.502,45.777,61.081,76.422,91.809,107.250,122.753,138.329,153.986,169.732,185.578,201.532,217.604,233.803,250.139,266.622,283.262,300.069,317.053,334.226,351.598,369.179,386.982,405.017,423.297,441.833,460.638,479.724,499.104,518.792,538.800,559.142,579.832,600.884,622.314,644.135,666.364,689.015,712.106,735.650,759.666,784.171,809.181,834.713,860.785,887.416,914.623,942.425,970.841,999.890,1029.590,1059.962,1091.024,1122.796,1155.297,1188.547,1222.565,1257.371,1292.983,1329.421,1366.702,1404.845,1443.867,1483.785,1524.614,1566.371,1609.068,1652.720,1697.336,1742.927,1789.502,1837.065,1885.621,1935.172,1985.716,2037.250,2089.765,2143.253,2197.697,2253.081,2309.381,2366.570,2424.617,2483.484,2543.128,2603.503,2664.553,2726.219,2788.436,2851.132,2914.227,2977.639,3041.276,3105.042,3168.835,3232.546,3296.064,3359.271,3422.045,3484.261,3545.792,3606.507,3666.275,3724.964,3782.443,3838.582,3893.250,3946.323,3997.678,4047.196,4094.765,4140.275,4183.625,4224.719,4263.465,4299.783,4333.596,4364.833,4393.433,4419.340,4442.504,4462.882,4480.438,4495.140,4506.962,4515.886,4521.896,4524.983,4525.143,4522.376,4516.687,4508.087,4496.591,4482.221,4465.002,4444.967,4422.154,4396.605,4368.372,4337.510,4304.083,4268.160,4229.819,4189.142,4146.218,4101.145,4054.023,4004.962,3954.074,3901.477,3847.293,3791.647,3734.666,3676.480,3617.219,3557.014,3495.994,3434.289,3372.024,3309.323,3246.305,3183.086,3119.777,3056.485,2993.308,2930.343,2867.676,2805.392,2743.567,2682.270,2621.566,2561.514,2502.165,2443.566,2385.758,2328.777,2272.654,2217.414,2163.080,2109.669,2057.194,2005.665,1955.090,1905.470,1856.809,1809.102,1762.347,1716.536,1671.663,1627.716,1584.685,1542.558,1501.320,1460.956,1421.451,1382.789,1344.952,1307.923,1271.684,1236.217,1201.504,1167.525,1134.262,1101.696,1069.809,1038.580,1007.993,978.028,948.667,919.891,891.683,864.024,836.897,810.285,784.171,758.536,733.366,708.643,684.352,660.477,637.003,613.913,591.194,568.831,546.809,525.114,503.732,482.650,461.855,441.333,421.071,401.056,381.278,361.722,342.376,323.230,304.271,285.488,266.869,248.404,230.081,211.889,193.818,175.856,157.994,140.221,122.526,104.899,87.330,69.809,52.325,34.870,17.431,0.000
0.000,19.051,38.116,57.206,76.330,95.501,114.728,134.023,153.397,172.860,192.424,212.101,231.901,251.836,271.919,292.159,312.571,333.166,353.956,374.956,396.176,417.631,439.334,461.299,483.541,506.072,528.908,552.064,575.556,599.398,623.606,648.199,673.191,698.600,724.443,750.739,777.505,804.761,832.525,860.816,889.654,919.061,949.055,979.660,1010.895,1042.782,1075.344,1108.603,1142.582,1177.304,1212.793,1249.072,1286.165,1324.097,1362.891,1402.572,1443.165,1484.693,1527.182,1570.655,1615.137,1660.650,1707.219,1754.865,1803.612,1853.479,1904.488,1956.657,2010.004,2064.546,2120.296,2177.268,2235.473,2294.917,2355.607,2417.545,2480.730,2545.157,2610.818,2677.700,2745.786,2815.053,2885.475,2957.016,3029.638,3103.295,3177.935,3253.498,3329.916,3407.116,3485.015,3563.524,3642.545,3721.972,3801.691,3881.582,3961.517,4041.360,4120.969,4200.196,4278.889,4356.891,4434.039,4510.171,4585.120,4658.720,4730.805,4801.211,4869.775,4936.338,5000.746,5062.850,5122.507,5179.581,5233.943,5285.472,5334.056,5379.592,5421.983,5461.143,5496.995,5529.468,5558.501,5584.041,5606.042,5624.466,5639.280,5650.462,5657.992,5661.860,5662.059,5658.590,5651.460,5640.682,5626.275,5608.265,5586.685,5561.573,5532.977,5500.952,5465.558,5426.867,5384.958,5339.916,5291.839,5240.830,5187.002,5130.476,5071.379,5009.848,4946.026,4880.059,4812.103,4742.314,4670.854,4597.886,4523.574,4448.083,4371.577,4294.217,4216.164,4137.571,4058.591,3979.368,3900.042,3820.745,3741.605,3662.739,3584.259,3506.267,3428.860,3352.126,3276.143,3200.986,3126.718,3053.397,2981.075,2909.796,2839.597,2770.511,2702.564,2635.778,2570.169,2505.749,2442.525,2380.502,2319.680,2260.056,2201.625,2144.378,2088.305,2033.394,1979.629,1926.995,1875.474,1825.048,1775.696,1727.398,1680.133,1633.879,1588.612,1544.311,1500.951,1458.509,1416.962,1376.286,1336.458,1297.454,1259.249,1221.823,1185.150,1149.209,1113.976,1079.430,1045.548,1012.308,979.689,947.671,916.231,885.351,855.009,825.186,795.864,767.022,738.642,710.707,683.197,656.095,629.385,603.048,577.069,551.431,526.117,501.113,476.402,451.970,427.800,403.879,380.191,356.723,333.460,310.388,287.494,264.764,242.184,219.741,197.422,175.214,153.103,131.077,109.124,87.231,65.384,43.572,21.781,0.000
0.000,22.853,45.723,68.622,91.563,114.559,137.624,160.769,184.008,207.354,230.822,254.423,278.173,302.084,326.171,350.447,374.929,399.629,424.564,449.749,475.198,500.928,526.955,553.295,579.966,606.985,634.368,662.134,690.301,718.889,747.916,777.401,807.365,837.829,868.812,900.338,932.427,965.102,998.385,1032.301,1066.872,1102.123,1138.079,1174.765,1212.207,1250.431,1289.463,1329.331,1370.062,1411.683,1454.223,1497.711,1542.175,1587.645,1634.148,1681.716,1730.377,1780.161,1831.098,1883.215,1936.543,1991.110,2046.944,2104.073,2162.523,2222.319,2283.488,2346.051,2410.031,2475.447,2542.319,2610.660,2680.485,2751.804,2824.623,2898.947,2974.775,3052.101,3130.917,3211.209,3292.956,3376.132,3460.704,3546.634,3633.875,3722.371,3812.062,3902.876,3994.732,4087.544,4181.211,4275.627,4370.673,4466.224,4562.142,4658.282,4754.489,4850.600,4946.443,5041.839,5136.604,5230.547,5323.472,5415.181,5505.472,5594.145,5680.996,5765.827,5848.441,5928.645,6006.251,6081.079,6152.957,6221.719,6287.210,6349.285,6407.807,6462.653,6513.707,6560.865,6604.036,6643.134,6678.089,6708.834,6735.318,6757.494,6775.324,6788.781,6797.843,6802.496,6802.735,6798.558,6789.975,6777.001,6759.658,6737.978,6711.997,6681.764,6647.334,6608.771,6566.150,6519.555,6469.078,6414.826,6356.913,6295.463,6230.614,6162.510,6091.307,6017.168,5940.267,5860.782,5778.901,5694.813,5608.715,5520.805,5431.282,5340.347,5248.197,5155.030,5061.037,4966.408,4871.325,4775.963,4680.491,4585.070,4489.852,4394.979,4300.586,4206.796,4113.724,4021.475,3930.146,3839.822,3750.581,3662.492,3575.614,3490.001,3405.698,3322.742,3241.164,3160.989,3082.236,3004.919,2929.045,2854.619,2781.641,2710.106,2640.009,2571.337,2504.078,2438.216,2373.733,2310.610,2248.825,2188.356,2129.177,2071.265,2014.593,1959.134,1904.861,1851.746,1799.761,1748.878,1699.069,1650.304,1602.556,1555.796,1509.995,1465.127,1421.163,1378.075,1335.837,1294.421,1253.801,1213.951,1174.846,1136.459,1098.766,1061.743,1025.366,989.610,954.453,919.872,885.845,852.349,819.364,786.868,754.840,723.259,692.107,661.363,631.008,601.023,571.389,542.089,513.103,484.415,456.007,427.861,399.961,372.290,344.832,317.569,290.487,263.569,236.799,210.162,183.642,157.223,130.892,104.631,78.427,52.263,26.126,0.000
0.000,26.651,53.320,80.024,106.777,133.594,160.489,187.479,214.578,241.803,269.167,296.688,324.381,352.261,380.346,408.652,437.196,465.995,495.066,524.427,554.096,584.093,614.434,645.140,676.230,707.724,739.644,772.008,804.839,838.159,871.990,906.355,941.277,976.780,1012.888,1049.627,1087.022,1125.098,1163.883,1203.404,1243.688,1284.764,1326.661,1369.408,1413.035,1457.573,1503.052,1549.504,1596.962,1645.458,1695.024,1745.695,1797.504,1850.484,1904.670,1960.097,2016.799,2074.811,2134.167,2194.902,2257.048,2320.642,2385.714,2452.298,2520.426,2590.127,2661.432,2734.367,2808.959,2885.231,2963.206,3042.903,3124.336,3207.520,3292.463,3379.171,3467.644,3557.876,3649.860,3743.578,3839.008,3936.121,4034.881,4135.241,4237.150,4340.544,4445.352,4551.492,4658.871,4767.387,4876.925,4987.359,5098.553,5210.358,5322.616,5435.154,5547.791,5660.335,5772.585,5884.330,5995.352,6105.425,6214.320,6321.801,6427.631,6531.572,6633.384,6732.832,6829.683,6923.709,7014.689,7102.411,7186.669,7267.270,7344.032,7416.784,7485.366,7549.632,7609.450,7664.697,7715.267,7761.062,7801.998,7838.003,7869.013,7894.976,7915.851,7931.604,7942.211,7947.656,7947.933,7943.041,7932.991,7917.799,7897.492,7872.104,7841.679,7806.271,7765.945,7720.774,7670.845,7616.253,7557.110,7493.535,7425.664,7353.644,7277.632,7197.801,7114.331,7027.418,6937.263,6844.080,6748.087,6649.511,6548.584,6445.538,6340.611,6234.038,6126.054,6016.892,5906.778,5795.936,5684.579,5572.916,5461.144,5349.452,5238.019,5127.011,5016.586,4906.888,4798.051,4690.198,4583.439,4477.876,4373.597,4270.682,4169.202,4069.215,3970.772,3873.919,3778.688,3685.108,3593.200,3502.979,3414.453,3327.626,3242.497,3159.062,3077.309,2997.226,2918.797,2842.003,2766.823,2693.232,2621.206,2550.716,2481.735,2414.233,2348.179,2283.541,2220.288,2158.386,2097.803,2038.504,1980.458,1923.630,1867.987,1813.497,1760.125,1707.839,1656.606,1606.395,1557.174,1508.911,1461.575,1415.136,1369.564,1324.829,1280.902,1237.755,1195.359,1153.688,1112.714,1072.410,1032.751,993.711,955.264,917.387,880.055,843.244,806.931,771.093,735.708,700.754,666.209,632.051,598.260,564.815,531.695,498.881,466.353,434.091,402.077,370.291,338.714,307.328,276.115,245.056,214.133,183.329,152.625,122.005,91.449,60.942,30.464,0.000
0.000,30.442,60.906,91.409,121.968,152.599,183.321,214.149,245.103,276.198,307.453,338.886,370.514,402.357,434.432,466.759,499.357,532.245,565.443,598.972,632.851,667.102,701.746,736.807,772.304,808.262,844.703,881.652,919.133,957.170,995.789,1035.017,1074.880,1115.405,1156.620,1198.552,1241.233,1284.691,1328.956,1374.061,1420.035,1466.912,1514.725,1563.508,1613.294,1664.119,1716.018,1769.027,1823.184,1878.525,1935.087,1992.911,2052.033,2112.493,2174.330,2237.584,2302.295,2368.502,2436.245,2505.563,2576.497,2649.084,2723.363,2799.372,2877.147,2956.724,3038.136,3121.417,3206.596,3293.702,3382.760,3473.793,3566.820,3661.858,3758.918,3858.006,3959.126,4062.271,4167.434,4274.597,4383.736,4494.819,4607.805,4722.646,4839.280,4957.639,5077.641,5199.194,5322.193,5446.521,5572.049,5698.633,5826.116,5954.330,6083.090,6212.201,6341.454,6470.627,6599.487,6727.792,6855.290,6981.718,7106.810,7230.295,7351.896,7471.336,7588.339,7702.631,7813.940,7922.004,8026.566,8127.378,8224.205,8316.824,8405.023,8488.606,8567.389,8641.206,8709.904,8773.346,8831.408,8883.981,8930.971,8972.294,9007.881,9037.673,9061.623,9079.696,9091.863,9098.108,9098.423,9092.808,9081.273,9063.839,9040.534,9011.397,8976.477,8935.833,8889.539,8837.678,8780.346,8717.654,8649.725,8576.700,8498.730,8415.984,8328.644,8236.908,8140.985,8041.099,7937.486,7830.390,7720.067,7606.779,7490.794,7372.383,7251.822,7129.384,7005.341,6879.963,6753.514,6626.250,6498.420,6370.264,6242.009,6113.875,5986.065,5858.773,5732.177,5606.443,5481.724,5358.161,5235.879,5114.992,4995.601,4877.796,4761.656,4647.248,4534.628,4423.845,4314.937,4207.935,4102.860,3999.729,3898.550,3799.325,3702.054,3606.728,3513.334,3421.858,3332.279,3244.575,3158.720,3074.687,2992.446,2911.965,2833.210,2756.148,2680.742,2606.956,2534.752,2464.094,2394.943,2327.260,2261.007,2196.146,2132.639,2070.447,2009.531,1949.856,1891.383,1834.076,1777.898,1722.814,1668.787,1615.783,1563.768,1512.708,1462.569,1413.320,1364.928,1317.361,1270.589,1224.582,1179.309,1134.742,1090.851,1047.610,1004.989,962.963,921.505,880.587,840.186,800.276,760.831,721.829,683.244,645.053,607.233,569.761,532.616,495.774,459.213,422.912,386.850,351.006,315.358,279.886,244.569,209.387,174.320,139.347,104.448,69.604,34.795,0.000
0.000,34.227,68.479,102.775,137.133,171.572,206.112,240.773,275.573,310.532,345.669,381.006,416.563,452.359,488.415,524.754,561.396,598.363,635.677,673.362,711.439,749.934,788.869,828.269,868.160,908.567,949.516,991.033,1033.146,1075.884,1119.274,1163.346,1208.130,1253.657,1299.956,1347.062,1395.005,1443.821,1493.543,1544.205,1595.843,1648.495,1702.196,1756.986,1812.902,1869.984,1928.271,1987.806,2048.628,2110.781,2174.306,2239.247,2305.646,2373.550,2443.001,2514.046,2586.728,2661.092,2737.185,2815.050,2894.732,2976.276,3059.725,3145.123,3232.510,3321.928,3413.416,3507.010,3602.747,3700.659,3800.776,3903.125,4007.729,4114.606,4223.773,4335.237,4449.003,4565.068,4683.423,4804.051,4926.926,5052.015,5179.273,5308.647,5440.072,5573.470,5708.753,5845.817,5984.547,6124.811,6266.465,6409.348,6553.284,6698.081,6843.534,6989.420,7135.502,7281.528,7427.234,7572.344,7716.569,7859.612,8001.167,8140.923,8278.564,8413.774,8546.235,8675.633,8801.658,8924.009,9042.392,9156.526,9266.141,9370.982,9470.809,9565.399,9654.547,9738.063,9815.775,9887.530,9953.190,10012.634,10065.756,10112.465,10152.685,10186.352,10213.414,10233.832,10247.577,10254.629,10254.981,10248.633,10235.596,10215.893,10189.553,10156.620,10117.147,10071.200,10018.857,9960.212,9895.372,9824.459,9747.612,9664.987,9576.756,9483.108,9384.250,9280.405,9171.812,9058.726,8941.414,8820.159,8695.250,8566.989,8435.682,8301.640,8165.179,8026.610,7886.248,7744.399,7601.364,7457.438,7312.903,7168.033,7023.087,6878.312,6733.941,6590.191,6447.265,6305.350,6164.617,6025.224,5887.310,5751.004,5616.417,5483.650,5352.788,5223.906,5097.065,4972.319,4849.708,4729.264,4611.011,4494.964,4381.131,4269.515,4160.110,4052.906,3947.890,3845.040,3744.334,3645.746,3549.245,3454.800,3362.375,3271.935,3183.440,3096.852,3012.129,2929.230,2848.112,2768.733,2691.049,2615.017,2540.593,2467.734,2396.395,2326.535,2258.110,2191.078,2125.397,2061.024,1997.920,1936.043,1875.355,1815.814,1757.384,1700.025,1643.700,1588.374,1534.008,1480.570,1428.023,1376.333,1325.468,1275.394,1226.079,1177.492,1129.602,1082.378,1035.791,989.811,944.409,899.558,855.229,811.395,768.030,725.107,682.600,640.483,598.731,557.320,516.224,475.420,434.883,394.590,354.518,314.642,274.941,235.391,195.969,156.653,117.420,78.249,39.116,0.000
0.000,38.005,76.038,114.118,152.268,190.508,228.859,267.343,305.982,344.796,383.808,423.040,462.515,502.254,542.282,582.622,623.297,664.332,705.751,747.579,789.842,832.565,875.777,919.503,963.772,1008.611,1054.050,1100.118,1146.846,1194.264,1242.405,1291.300,1340.983,1391.488,1442.849,1495.103,1548.284,1602.431,1657.581,1713.772,1771.046,1829.441,1889.000,1949.764,2011.777,2075.081,2139.722,2205.746,2273.197,2342.123,2412.572,2484.591,2558.229,2633.535,2710.559,2789.352,2869.963,2952.442,3036.841,3123.210,3211.598,3302.057,3394.634,3489.379,3586.338,3685.558,3787.083,3890.956,3997.217,4105.903,4217.051,4330.690,4446.848,4565.549,4686.809,4810.642,4937.054,5066.044,5197.603,5331.716,5468.357,5607.489,5749.068,5893.036,6039.321,6187.842,6338.500,6491.185,6645.769,6802.107,6960.040,7119.390,7279.962,7441.543,7603.901,7766.790,7929.943,8093.079,8255.900,8418.094,8579.336,8739.290,8897.610,9053.944,9207.935,9359.223,9507.448,9652.253,9793.289,9930.213,10062.693,10190.410,10313.060,10430.357,10542.029,10647.829,10747.524,10840.905,10927.781,11007.982,11081.357,11147.773,11207.115,11259.285,11304.200,11341.791,11372.004,11394.795,11410.135,11418.003,11418.392,11411.301,11396.743,11374.740,11345.325,11308.545,11264.456,11213.130,11154.650,11089.119,11016.653,10937.385,10851.471,10759.079,10660.403,10555.653,10445.060,10328.874,10207.364,10080.817,9949.535,9813.837,9674.051,9530.518,9383.586,9233.608,9080.941,8925.940,8768.958,8610.345,8450.441,8289.577,8128.074,7966.239,7804.363,7642.724,7481.582,7321.181,7161.746,7003.485,6846.589,6691.230,6537.566,6385.734,6235.859,6088.049,5942.397,5798.984,5657.877,5519.130,5382.788,5248.883,5117.439,4988.472,4861.988,4737.986,4616.460,4497.397,4380.778,4266.579,4154.775,4045.333,3938.218,3833.395,3730.823,3630.461,3532.265,3436.190,3342.190,3250.218,3160.226,3072.167,2985.990,2901.649,2819.093,2738.274,2659.144,2581.654,2505.757,2431.404,2358.550,2287.148,2217.151,2148.516,2081.197,2015.152,1950.336,1886.709,1824.227,1762.851,1702.540,1643.256,1584.959,1527.612,1471.178,1415.620,1360.903,1306.992,1253.853,1201.451,1149.754,1098.729,1048.345,998.569,949.373,900.724,852.594,804.953,757.773,711.024,664.680,618.713,573.095,527.799,482.800,438.070,393.584,349.316,305.241,261.333,217.567,173.919,130.363,86.874,43.428,0.000
0.000,41.775,83.580,125.438,167.371,209.403,251.557,293.856,336.323,378.984,421.860,464.978,508.360,552.033,596.021,640.350,685.046,730.136,775.646,821.604,868.037,914.976,962.448,1010.483,1059.112,1108.365,1158.276,1208.875,1260.196,1312.274,1365.142,1418.838,1473.396,1528.854,1585.250,1642.624,1701.014,1760.463,1821.011,1882.700,1945.576,2009.682,2075.063,2141.766,2209.838,2279.327,2350.283,2422.755,2496.794,2572.451,2649.780,2728.833,2809.664,2892.327,2976.878,3063.372,3151.865,3242.411,3335.069,3429.893,3526.940,3626.264,3727.922,3831.967,3938.453,4047.430,4158.950,4273.060,4389.805,4509.230,4631.375,4756.274,4883.962,5014.464,5147.803,5283.995,5423.049,5564.967,5709.743,5857.361,6007.797,6161.014,6316.965,6475.588,6636.811,6800.544,6966.683,7135.109,7305.682,7478.246,7652.627,7828.631,8006.043,8184.628,8364.131,8544.279,8724.777,8905.310,9085.547,9265.141,9443.726,9620.927,9796.356,9969.617,10140.308,10308.023,10472.360,10632.915,10789.295,10941.115,11088.003,11229.599,11365.565,11495.578,11619.340,11736.572,11847.019,11950.450,12046.656,12135.449,12216.668,12290.167,12355.824,12413.535,12463.210,12504.779,12538.183,12563.378,12580.332,12589.026,12589.449,12581.605,12565.504,12541.170,12508.638,12467.956,12419.184,12362.397,12297.684,12225.155,12144.933,12057.165,11962.016,11859.674,11750.349,11634.273,11511.702,11382.914,11248.209,11107.907,10962.347,10811.884,10656.890,10497.746,10334.846,10168.586,9999.367,9827.589,9653.651,9477.942,9300.847,9122.736,8943.967,8764.883,8585.810,8407.056,8228.910,8051.641,7875.497,7700.709,7527.484,7356.013,7186.465,7018.992,6853.727,6690.787,6530.272,6372.268,6216.844,6064.058,5913.957,5766.572,5621.927,5480.037,5340.905,5204.528,5070.897,4939.994,4811.797,4686.279,4563.408,4443.146,4325.456,4210.295,4097.617,3987.375,3879.521,3774.003,3670.771,3569.772,3470.951,3374.256,3279.633,3187.027,3096.384,3007.650,2920.771,2835.694,2752.366,2670.734,2590.747,2512.354,2435.504,2360.147,2286.235,2213.720,2142.554,2072.690,2004.083,1936.689,1870.463,1805.362,1741.343,1678.366,1616.389,1555.373,1495.279,1436.068,1377.701,1320.144,1263.358,1207.309,1151.961,1097.281,1043.235,989.789,936.911,884.569,832.731,781.367,730.445,679.936,629.809,580.036,530.587,481.433,432.546,383.898,335.461,287.208,239.110,191.140,143.271,95.476,47.728,0.000
0.000,45.536,91.105,136.731,182.439,228.253,274.200,320.304,366.592,413.088,459.818,506.810,554.089,601.683,649.619,697.925,746.629,795.760,845.346,895.419,946.008,997.143,1048.858,1101.184,1154.154,1207.802,1262.163,1317.272,1373.164,1429.878,1487.450,1545.919,1605.325,1665.709,1727.112,1789.575,1853.144,1917.861,1983.774,2050.927,2119.369,2189.147,2260.312,2332.915,2407.005,2482.637,2559.864,2638.740,2719.321,2801.664,2885.825,2971.864,3059.838,3149.808,3241.834,3335.977,3432.298,3530.859,3631.722,3734.947,3840.598,3948.736,4059.422,4172.715,4288.675,4407.359,4528.825,4653.125,4780.311,4910.433,5043.536,5179.662,5318.848,5461.126,5606.523,5755.060,5906.750,6061.598,6219.600,6380.744,6545.005,6712.348,6882.723,7056.070,7232.311,7411.353,7593.086,7777.381,7964.090,8153.047,8344.062,8536.924,8731.400,8927.234,9124.148,9321.839,9519.984,9718.235,9916.227,10113.573,10309.868,10504.694,10697.617,10888.196,11075.980,11260.518,11441.357,11618.047,11790.147,11957.227,12118.870,12274.678,12424.272,12567.295,12703.416,12832.328,12953.753,13067.436,13173.151,13270.696,13359.896,13440.599,13512.673,13576.008,13630.514,13676.115,13712.752,13740.382,13758.970,13768.498,13768.957,13760.347,13742.681,13715.984,13680.290,13635.649,13582.123,13519.789,13448.741,13369.092,13280.975,13184.547,13079.983,12967.487,12847.288,12719.640,12584.821,12443.141,12294.929,12140.542,11980.356,11814.769,11644.195,11469.060,11289.804,11106.872,10920.711,10731.770,10540.494,10347.319,10152.672,9956.966,9760.600,9563.953,9367.385,9171.237,8975.827,8781.451,8588.380,8396.864,8207.131,8019.386,7833.812,7650.572,7469.809,7291.646,7116.190,6943.529,6773.738,6606.875,6442.985,6282.102,6124.248,5969.433,5817.660,5668.922,5523.205,5380.487,5240.743,5103.939,4970.037,4838.998,4710.774,4585.319,4462.581,4342.508,4225.045,4110.135,3997.721,3887.744,3780.146,3674.867,3571.847,3471.026,3372.345,3275.744,3181.164,3088.547,2997.835,2908.969,2821.894,2736.553,2652.891,2570.854,2490.388,2411.442,2333.963,2257.900,2183.204,2109.825,2037.717,1966.831,1897.122,1828.545,1761.055,1694.608,1629.163,1564.677,1501.109,1438.419,1376.568,1315.517,1255.228,1195.664,1136.789,1078.565,1020.958,963.932,907.455,851.491,796.008,740.973,686.353,632.117,578.232,524.669,471.395,418.380,365.595,313.008,260.590,208.312,156.143,104.054,52.016,0.000
0.000,49.288,98.611,147.995,197.467,247.055,296.784,346.684,396.780,447.101,497.674,548.529,599.692,651.195,703.066,755.334,808.032,861.188,914.836,969.006,1023.732,1079.048,1134.987,1191.584,1248.874,1306.896,1365.685,1425.279,1485.718,1547.041,1609.289,1672.505,1736.731,1802.009,1868.386,1935.908,2004.620,2074.572,2145.812,2218.391,2292.359,2367.770,2444.677,2523.135,2603.200,2684.929,2768.379,2853.611,2940.685,3029.661,3120.603,3213.573,3308.637,3405.858,3505.303,3607.037,3711.129,3817.646,3926.654,4038.222,4152.418,4269.310,4388.964,4511.447,4636.824,4765.159,4896.516,5030.953,5168.530,5309.301,5453.319,5600.630,5751.279,5905.303,6062.735,6223.600,6387.915,6555.691,6726.927,6901.613,7079.728,7261.237,7446.093,7634.233,7825.577,8020.029,8217.475,8417.778,8620.782,8826.310,9034.158,9244.101,9455.887,9669.238,9883.852,10099.400,10315.527,10531.853,10747.974,10963.464,11177.877,11390.748,11601.596,11809.931,12015.251,12217.053,12414.832,12608.088,12796.328,12979.074,13155.862,13326.250,13489.819,13646.175,13794.953,13935.819,14068.467,14192.622,14308.040,14414.508,14511.837,14599.868,14678.465,14747.513,14806.920,14856.610,14896.525,14926.620,14946.862,14957.234,14957.726,14948.339,14929.087,14899.993,14861.092,14812.434,14754.079,14686.108,14608.617,14521.722,14425.562,14320.301,14206.127,14083.258,13951.939,13812.446,13665.084,13510.188,13348.125,13179.286,13004.089,12822.974,12636.402,12444.850,12248.805,12048.763,11845.224,11638.689,11429.650,11218.594,11005.993,10792.307,10577.974,10363.415,10149.024,9935.176,9722.218,9510.473,9300.235,9091.775,8885.339,8681.146,8479.393,8280.252,8083.875,7890.392,7699.912,7512.530,7328.318,7147.338,6969.634,6795.237,6624.166,6456.430,6292.026,6130.944,5973.165,5818.663,5667.406,5519.354,5374.466,5232.693,5093.984,4958.286,4825.541,4695.691,4568.673,4444.426,4322.886,4203.988,4087.668,3973.860,3862.499,3753.519,3646.854,3542.440,3440.213,3340.107,3242.060,3146.011,3051.895,2959.654,2869.226,2780.554,2693.579,2608.244,2524.492,2442.270,2361.523,2282.198,2204.243,2127.608,2052.243,1978.098,1905.125,1833.279,1762.512,1692.779,1624.037,1556.242,1489.351,1423.323,1358.116,1293.691,1230.007,1167.026,1104.711,1043.022,981.923,921.378,861.352,801.808,742.711,684.028,625.724,567.766,510.120,452.753,395.633,338.728,282.004,225.430,168.975,112.606,56.291,0.000
0.000,53.030,106.096,159.228,212.455,265.805,319.307,372.990,426.883,481.017,535.421,590.125,645.161,700.558,756.349,812.566,869.241,926.407,984.098,1042.349,1101.194,1160.670,1220.813,1281.659,1343.249,1405.620,1468.812,1532.867,1597.825,1663.731,1730.627,1798.558,1867.571,1937.712,2009.030,2081.573,2155.393,2230.540,2307.069,2385.032,2464.485,2545.484,2628.088,2712.355,2798.345,2886.120,2975.743,3067.278,3160.789,3256.344,3354.010,3453.854,3555.947,3660.358,3767.160,3876.424,3988.224,4102.631,4219.721,4339.566,4462.242,4587.822,4716.379,4847.987,4982.718,5120.642,5261.828,5406.344,5554.254,5705.621,5860.503,6018.954,6181.024,6346.759,6516.194,6689.364,6866.290,7046.987,7231.461,7419.705,7611.701,7807.417,8006.808,8209.810,8416.346,8626.314,8839.597,9056.055,9275.523,9497.812,9722.710,9949.974,10179.335,10410.494,10643.126,10876.873,11111.350,11346.141,11580.805,11814.874,12047.856,12279.239,12508.492,12735.070,12958.418,13177.976,13393.184,13603.486,13808.334,14007.198,14199.562,14384.940,14562.867,14732.911,14894.674,15047.789,15191.926,15326.791,15452.122,15567.691,15673.305,15768.795,15854.023,15928.874,15993.255,16047.091,16090.325,16122.915,16144.831,16156.055,16156.578,16146.404,16125.543,16094.020,16051.867,15999.132,15935.876,15862.176,15778.130,15683.857,15579.497,15465.223,15341.230,15207.750,15065.044,14913.410,14753.178,14584.713,14408.417,14224.719,14034.082,13836.991,13633.959,13425.512,13212.194,12994.556,12773.154,12548.542,12321.268,12091.870,11860.871,11628.777,11396.073,11163.217,10930.644,10698.760,10467.944,10238.544,10010.880,9785.243,9561.894,9341.068,9122.972,8907.790,8695.678,8486.772,8281.186,8079.014,7880.331,7685.196,7493.652,7305.727,7121.437,6940.786,6763.767,6590.365,6420.554,6254.303,6091.572,5932.318,5776.491,5624.037,5474.898,5329.014,5186.320,5046.751,4910.240,4776.718,4646.114,4518.357,4393.377,4271.102,4151.460,4034.380,3919.792,3807.623,3697.805,3590.267,3484.942,3381.762,3280.659,3181.569,3084.426,2989.167,2895.729,2804.051,2714.073,2625.734,2538.978,2453.747,2369.985,2287.639,2206.653,2126.975,2048.555,1971.341,1895.284,1820.336,1746.449,1673.577,1601.673,1530.694,1460.595,1391.332,1322.864,1255.150,1188.147,1121.816,1056.116,991.010,926.459,862.424,798.869,735.757,673.050,610.714,548.712,487.009,425.570,364.360,303.346,242.492,181.764,121.129,60.552,0.000
0.000,56.760,113.559,170.429,227.399,284.500,341.762,399.217,456.896,514.830,573.052,631.593,690.485,749.763,809.459,869.608,930.244,991.402,1053.120,1115.432,1178.376,1241.991,1306.316,1371.390,1437.254,1503.949,1571.519,1640.007,1709.456,1779.914,1851.426,1924.041,1997.808,2072.777,2148.998,2226.525,2305.412,2385.714,2467.488,2550.791,2635.683,2722.223,2810.474,2900.499,2992.363,3086.131,3181.871,3279.652,3379.543,3481.616,3585.943,3692.598,3801.656,3913.193,4027.285,4144.010,4263.448,4385.676,4510.777,4638.828,4769.912,4904.109,5041.498,5182.160,5326.173,5473.616,5624.564,5779.093,5937.273,6099.175,6264.864,6434.402,6607.846,6785.247,6966.651,7152.097,7341.613,7535.221,7732.932,7934.744,8140.645,8350.607,8564.585,8782.522,9004.336,9229.930,9459.181,9691.946,9928.055,10167.309,10409.485,10654.327,10901.548,11150.831,11401.824,11654.143,11907.370,12161.055,12414.716,12667.842,12919.892,13170.304,13418.493,13663.855,13905.778,14143.640,14376.820,14604.701,14826.678,15042.160,15250.580,15451.397,15644.104,15828.227,16003.329,16169.014,16324.928,16470.754,16606.217,16731.078,16845.136,16948.220,17040.190,17120.932,17190.357,17248.393,17294.988,17330.101,17353.708,17365.792,17366.346,17355.373,17332.884,17298.899,17253.451,17196.582,17128.351,17048.831,16958.119,16856.330,16743.610,16620.131,16486.099,16341.754,16187.375,16023.279,15849.822,15667.401,15476.451,15277.447,15070.894,14857.330,14637.321,14411.452,14180.323,13944.548,13704.742,13461.519,13215.486,12967.237,12717.349,12466.377,12214.854,11963.282,11712.133,11461.849,11212.839,10965.479,10720.111,10477.046,10236.561,9998.905,9764.296,9532.924,9304.952,9080.519,8859.742,8642.713,8429.508,8220.183,8014.777,7813.315,7615.808,7422.254,7232.641,7046.946,6865.139,6687.180,6513.024,6342.619,6175.909,6012.832,5853.324,5697.316,5544.739,5395.518,5249.581,5106.850,4967.249,4830.702,4697.129,4566.454,4438.599,4313.485,4191.037,4071.177,3953.831,3838.922,3726.379,3616.127,3508.094,3402.210,3298.406,3196.613,3096.764,2998.793,2902.635,2808.227,2715.507,2624.413,2534.887,2446.869,2360.302,2275.130,2191.299,2108.753,2027.440,1947.309,1868.309,1790.390,1713.503,1637.601,1562.636,1488.562,1415.336,1342.911,1271.245,1200.294,1130.016,1060.370,991.314,922.809,854.814,787.290,720.200,653.503,587.162,521.139,455.398,389.901,324.611,259.492,194.507,129.621,64.797,0.000
0.000,60.479,121.000,181.595,242.296,303.136,364.147,425.362,486.813,548.535,610.560,672.923,735.658,798.801,862.386,926.450,991.030,1056.162,1121.886,1188.239,1255.262,1322.994,1391.477,1460.754,1530.867,1601.860,1673.780,1746.671,1820.582,1895.560,1971.655,2048.919,2127.404,2207.162,2288.248,2370.718,2454.630,2540.043,2627.017,2715.612,2805.893,2897.924,2991.770,3087.499,3185.180,3284.884,3386.681,3490.646,3596.854,3705.381,3816.303,3929.701,4045.655,4164.245,4285.555,4409.668,4536.669,4666.643,4799.677,4935.858,5075.272,5218.007,5364.149,5513.787,5667.006,5823.891,5984.527,6148.994,6317.374,6489.743,6666.175,6846.739,7031.500,7220.519,7413.848,7611.534,7813.613,8020.115,8231.056,8446.443,8666.268,8890.509,9119.127,9352.066,9589.249,9830.578,10075.931,10325.161,10578.095,10834.527,11094.224,11356.916,11622.303,11890.046,12159.771,12431.065,12703.478,12976.524,13249.679,13522.386,13794.054,14064.066,14331.777,14596.523,14857.626,15114.400,15366.155,15612.209,15851.889,16084.544,16309.546,16526.301,16734.250,16932.875,17121.703,17300.305,17468.301,17625.356,17771.181,17905.529,18028.194,18139.005,18237.826,18324.546,18399.082,18461.368,18511.359,18549.022,18574.335,18587.285,18587.868,18576.086,18551.950,18515.476,18466.693,18405.637,18332.361,18246.933,18149.442,18040.003,17918.756,17785.876,17641.573,17486.096,17319.737,17142.833,16955.766,16758.965,16552.903,16338.097,16115.104,15884.518,15646.960,15403.081,15153.546,14899.033,14640.223,14377.798,14112.426,13844.764,13575.446,13305.082,13034.253,12763.505,12493.354,12224.275,11956.710,11691.060,11427.691,11166.932,10909.078,10654.386,10403.085,10155.371,9911.410,9671.345,9435.291,9203.341,8975.566,8752.019,8532.735,8317.731,8107.015,7900.576,7698.396,7500.445,7306.683,7117.066,6931.538,6750.041,6572.511,6398.877,6229.068,6063.008,5900.618,5741.819,5586.528,5434.664,5286.141,5140.876,4998.785,4859.783,4723.785,4590.709,4460.471,4332.989,4208.182,4085.969,3966.272,3849.011,3734.109,3621.492,3511.084,3402.814,3296.608,3192.397,3090.112,2989.684,2891.048,2794.139,2698.893,2605.247,2513.142,2422.516,2333.312,2245.472,2158.940,2073.661,1989.581,1906.647,1824.808,1744.013,1664.212,1585.356,1507.397,1430.288,1353.984,1278.437,1203.603,1129.439,1055.901,982.946,910.532,838.618,767.161,696.122,625.461,555.136,485.110,415.342,345.794,276.427,207.202,138.081,69.027,0.000
0.000,64.186,128.417,192.725,257.146,321.712,386.459,451.419,516.630,582.124,647.939,714.109,780.672,847.663,915.120,983.082,1051.587,1120.674,1190.383,1260.757,1331.835,1403.661,1476.278,1549.732,1624.067,1699.331,1775.570,1852.834,1931.173,2010.638,2091.282,2173.158,2256.321,2340.829,2426.738,2514.108,2603.001,2693.477,2785.602,2879.440,2975.058,3072.524,3171.909,3273.284,3376.723,3482.300,3590.091,3700.176,3812.633,3927.543,4044.990,4165.058,4287.833,4413.401,4541.851,4673.272,4807.756,4945.394,5086.279,5230.504,5378.164,5529.352,5684.163,5842.692,6005.031,6171.275,6341.515,6515.841,6694.340,6877.100,7064.202,7255.723,7451.739,7652.318,7857.520,8067.403,8282.010,8501.380,8725.538,8954.499,9188.261,9426.811,9670.115,9918.122,10170.761,10427.935,10689.525,10955.383,11225.333,11499.164,11776.635,12057.467,12341.343,12627.906,12916.759,13207.462,13499.533,13792.447,14085.638,14378.500,14670.389,14960.628,15248.510,15533.302,15814.257,16090.616,16361.615,16626.497,16884.519,17134.960,17377.127,17610.365,17834.061,18047.650,18250.619,18442.508,18622.911,18791.475,18947.901,19091.934,19223.370,19342.041,19447.815,19540.593,19620.299,19686.880,19740.298,19780.530,19807.560,19821.381,19821.991,19809.392,19783.594,19744.607,19692.455,19627.165,19548.780,19457.361,19352.986,19235.762,19105.823,18963.341,18808.527,18641.636,18462.973,18272.891,18071.799,17860.156,17638.478,17407.329,17167.318,16919.099,16663.362,16400.821,16132.218,15858.300,15579.825,15297.542,15012.194,14724.500,14435.160,14144.839,13854.171,13563.751,13274.136,12985.838,12699.329,12415.039,12133.354,11854.623,11579.152,11307.211,11039.033,10774.821,10514.744,10258.941,10007.528,9760.594,9518.206,9280.411,9047.236,8818.695,8594.783,8375.485,8160.773,7950.608,7744.944,7543.725,7346.888,7154.366,6966.085,6781.968,6601.934,6425.899,6253.776,6085.479,5920.916,5759.998,5602.635,5448.733,5298.203,5150.952,5006.891,4865.929,4727.977,4592.947,4460.752,4331.305,4204.522,4080.320,3958.616,3839.329,3722.381,3607.693,3495.189,3384.795,3276.437,3170.043,3065.543,2962.867,2861.950,2762.723,2665.123,2569.087,2474.552,2381.458,2289.745,2199.355,2110.231,2022.318,1935.560,1849.904,1765.297,1681.687,1599.025,1517.260,1436.342,1356.225,1276.861,1198.202,1120.205,1042.822,966.011,889.726,813.925,738.564,663.601,588.993,514.700,440.680,366.891,293.293,219.845,146.507,73.239,0.000
0.000,67.881,135.809,203.818,271.945,340.225,408.693,477.387,546.342,615.595,685.184,755.146,825.519,896.342,967.654,1039.494,1111.904,1184.926,1258.600,1332.971,1408.081,1483.976,1560.702,1638.306,1716.835,1796.338,1876.867,1958.471,2041.204,2125.121,2210.275,2296.724,2384.526,2473.741,2564.429,2656.653,2750.478,2845.969,2943.193,3042.219,3143.119,3245.964,3350.828,3457.788,3566.921,3678.305,3792.023,3908.157,4026.791,4148.012,4271.907,4398.567,4528.083,4660.547,4796.053,4934.698,5076.578,5221.791,5370.438,5522.617,5678.431,5837.981,6001.368,6168.694,6340.062,6515.573,6695.326,6879.421,7067.954,7261.019,7458.709,7661.110,7868.308,8080.379,8297.395,8519.420,8746.512,8978.717,9216.071,9458.596,9706.302,9959.182,10217.213,10480.350,10748.527,11021.655,11299.617,11582.266,11869.426,12160.885,12456.395,12755.668,13058.373,13364.138,13672.543,13983.121,14295.358,14608.690,14922.506,15236.150,15548.920,15860.076,16168.842,16474.413,16775.963,17072.652,17363.635,17648.074,17925.144,18194.048,18454.020,18704.340,18944.334,19173.389,19390.948,19596.518,19789.670,19970.034,20137.302,20291.220,20431.586,20558.240,20671.063,20769.968,20854.894,20925.803,20982.671,21025.484,21054.238,21068.932,21069.567,21056.146,21028.674,20987.158,20931.610,20862.049,20778.503,20681.019,20569.662,20444.525,20305.732,20153.448,19987.878,19809.281,19617.970,19414.316,19198.750,18971.768,18733.924,18485.835,18228.169,17961.647,17687.027,17405.105,17116.699,16822.640,16523.764,16220.903,15914.873,15606.469,15296.455,14985.562,14674.478,14363.848,14054.271,13746.298,13440.433,13137.131,12836.800,12539.803,12246.460,11957.048,11671.807,11390.941,11114.617,10842.975,10576.124,10314.150,10057.111,9805.048,9557.981,9315.911,9078.828,8846.706,8619.505,8397.180,8179.672,7966.917,7758.842,7555.370,7356.418,7161.899,6971.724,6785.800,6604.032,6426.324,6252.577,6082.695,5916.577,5754.126,5595.243,5439.830,5287.788,5139.023,4993.438,4850.939,4711.434,4574.829,4441.035,4309.964,4181.527,4055.639,3932.216,3811.175,3692.436,3575.919,3461.546,3349.243,3238.933,3130.544,3024.005,2919.247,2816.201,2714.800,2614.978,2516.672,2419.819,2324.357,2230.227,2137.370,2045.728,1955.244,1865.864,1777.533,1690.196,1603.803,1518.302,1433.641,1349.772,1266.645,1184.211,1102.425,1021.238,940.605,860.480,780.818,701.573,622.703,544.162,465.908,387.897,310.087,232.435,154.897,77.433,0.000
0.000,71.563,143.174,214.872,286.692,358.672,430.848,503.261,575.946,648.943,722.290,796.027,870.194,944.830,1019.978,1095.678,1171.974,1248.908,1326.525,1404.869,1483.987,1563.926,1644.733,1726.458,1809.151,1892.864,1977.648,2063.559,2150.650,2238.980,2328.606,2419.587,2511.985,2605.862,2701.283,2798.313,2897.020,2997.472,3099.741,3203.900,3310.022,3418.185,3528.465,3640.944,3755.703,3872.826,3992.398,4114.507,4239.242,4366.695,4496.958,4630.127,4766.299,4905.572,5048.046,5193.823,5343.006,5495.700,5652.013,5812.049,5975.919,6143.730,6315.593,6491.617,6671.913,6856.590,7045.757,7239.522,7437.991,7641.269,7849.455,8062.650,8280.946,8504.432,8733.190,8967.297,9206.819,9451.815,9702.332,9958.403,10220.049,10487.275,10760.065,11038.385,11322.179,11611.364,11905.829,12205.433,12510.001,12819.321,13133.141,13451.167,13773.060,14098.429,14426.835,14757.786,15090.734,15425.076,15760.157,16095.265,16429.638,16762.469,17092.906,17420.063,17743.030,18060.876,18372.665,18677.467,18974.368,19262.483,19540.967,19809.024,20065.919,20310.981,20543.610,20763.279,20969.537,21162.000,21340.355,21504.352,21653.797,21788.547,21908.499,22013.586,22103.768,22179.025,22239.352,22284.751,22315.228,22330.793,22331.451,22317.205,22288.055,22244.002,22185.045,22111.187,22022.441,21918.833,21800.410,21667.244,21519.444,21357.159,21180.588,20989.985,20785.669,20568.023,20337.504,20094.641,19840.032,19574.350,19298.327,19012.757,18718.480,18416.377,18107.354,17792.336,17472.247,17148.009,16820.523,16490.662,16159.266,15827.129,15495.001,15163.580,14833.508,14505.376,14179.717,13857.011,13537.687,13222.121,12910.643,12603.537,12301.043,12003.365,11710.670,11423.091,11140.731,10863.666,10591.949,10325.607,10064.652,9809.075,9558.854,9313.950,9074.317,8839.893,8610.611,8386.395,8167.163,7952.826,7743.291,7538.462,7338.239,7142.521,6951.202,6764.179,6581.345,6402.593,6227.817,6056.910,5889.767,5726.282,5566.351,5409.871,5256.739,5106.857,4960.124,4816.442,4675.716,4537.852,4402.757,4270.340,4140.513,4013.188,3888.279,3765.703,3645.378,3527.224,3411.163,3297.116,3185.011,3074.772,2966.329,2859.611,2754.549,2651.075,2549.125,2448.633,2349.537,2251.775,2155.285,2060.010,1965.890,1872.869,1780.891,1689.900,1599.844,1510.668,1422.320,1334.750,1247.907,1161.741,1076.203,991.245,906.818,822.876,739.371,656.258,573.490,491.022,408.809,326.806,244.968,163.250,81.609,0.000
0.000,75.232,150.514,225.885,301.385,377.051,452.922,529.038,605.438,682.163,759.253,836.748,914.691,993.123,1072.087,1151.626,1231.786,1312.611,1394.147,1476.441,1559.541,1643.496,1728.356,1814.173,1900.999,1988.887,2077.894,2168.074,2259.487,2352.191,2446.247,2541.718,2638.667,2737.160,2837.264,2939.049,3042.584,3147.943,3255.200,3364.431,3475.714,3589.130,3704.761,3822.690,3943.004,4065.791,4191.142,4319.147,4449.902,4583.503,4720.049,4859.639,5002.377,5148.366,5297.712,5450.525,5606.912,5766.987,5930.862,6098.651,6270.471,6446.437,6626.668,6811.281,7000.396,7194.131,7392.603,7595.931,7804.230,8017.615,8236.197,8460.087,8689.388,8924.200,9164.619,9410.733,9662.620,9920.351,10183.987,10453.575,10729.147,11010.720,11298.292,11591.841,11891.321,12196.659,12507.754,12824.472,13146.644,13474.060,13806.469,14143.573,14485.023,14830.418,15179.300,15531.151,15885.394,16241.385,16598.420,16955.735,17312.500,17667.836,18020.811,18370.448,18715.741,19055.661,19389.168,19715.230,20032.829,20340.983,20638.756,20925.272,21199.722,21461.376,21709.588,21943.798,22163.530,22368.394,22558.076,22732.336,22890.996,23033.936,23161.078,23272.381,23367.834,23447.442,23511.222,23559.197,23591.390,23607.819,23608.497,23593.427,23562.604,23516.017,23453.651,23375.490,23281.524,23171.754,23046.199,22904.907,22747.961,22575.488,22387.672,22184.759,21967.066,21734.988,21489.003,21229.674,20957.648,20673.655,20378.501,20073.061,19758.266,19435.093,19104.551,18767.665,18425.465,18078.969,17729.172,17377.037,17023.481,16669.373,16315.525,15962.687,15611.551,15262.743,14916.828,14574.309,14235.632,13901.185,13571.304,13246.276,12926.343,12611.702,12302.516,11998.909,11700.975,11408.781,11122.365,10841.746,10566.921,10297.868,10034.553,9776.925,9524.923,9278.474,9037.499,8801.910,8571.612,8346.505,8126.485,7911.447,7701.279,7495.869,7295.104,7098.870,6907.051,6719.533,6536.201,6356.939,6181.636,6010.178,5842.454,5678.353,5517.768,5360.592,5206.720,5056.047,4908.473,4763.898,4622.224,4483.355,4347.197,4213.660,4082.651,3954.084,3827.872,3703.931,3582.178,3462.533,3344.917,3229.253,3115.465,3003.481,2893.227,2784.633,2677.631,2572.152,2468.131,2365.503,2264.205,2164.175,2065.351,1967.675,1871.088,1775.532,1680.950,1587.289,1494.491,1402.506,1311.279,1220.759,1130.895,1041.635,952.930,864.731,776.988,689.653,602.679,516.018,429.623,343.447,257.443,171.564,85.765,0.000
0.000,78.887,157.826,236.858,316.023,395.360,474.911,554.716,634.816,715.253,796.068,877.304,959.005,1041.213,1123.974,1207.332,1291.334,1376.026,1461.457,1547.676,1634.731,1722.674,1811.558,1901.436,1992.362,2084.393,2177.585,2271.998,2367.693,2464.730,2563.173,2663.088,2764.541,2867.601,2972.337,3078.823,3187.132,3297.339,3409.524,3523.765,3640.144,3758.746,3879.657,4002.964,4128.758,4257.132,4388.180,4522.000,4658.690,4798.351,4941.089,5087.007,5236.214,5388.822,5544.940,5704.685,5868.172,6035.519,6206.847,6382.278,6561.934,6745.940,6934.423,7127.508,7325.324,7527.998,7735.657,7948.430,8166.443,8389.821,8618.687,8853.161,9093.362,9339.401,9591.386,9849.418,10113.592,10383.991,10660.690,10943.750,11233.219,11529.129,11831.494,12140.304,12455.528,12777.106,13104.951,13438.937,13778.905,14124.652,14475.930,14832.441,15193.832,15559.692,15929.547,16302.858,16679.016,17057.339,17437.076,17817.402,18197.422,18576.174,18952.639,19325.742,19694.371,20057.384,20413.624,20761.940,21101.201,21430.313,21748.235,22053.999,22346.718,22625.596,22889.937,23139.147,23372.733,23590.298,23791.537,23976.227,24144.217,24295.415,24429.780,24547.307,24648.018,24731.954,24799.162,24849.689,24883.578,24900.861,24901.556,24885.668,24853.186,24804.084,24738.330,24655.882,24556.702,24440.758,24308.034,24158.542,23992.332,23809.500,23610.207,23394.679,23163.229,22916.257,22654.259,22377.834,22087.679,21784.588,21469.448,21143.225,20806.955,20461.725,20108.658,19748.899,19383.590,19013.862,18640.815,18265.507,17888.946,17512.076,17135.775,16760.853,16388.046,16018.018,15651.363,15288.605,14930.204,14576.557,14228.004,13884.831,13547.274,13215.525,12889.736,12570.021,12256.461,11949.109,11647.990,11353.106,11064.440,10781.958,10505.607,10235.323,9971.031,9712.644,9460.069,9213.205,8971.943,8736.173,8505.779,8280.641,8060.640,7845.652,7635.554,7430.221,7229.531,7033.358,6841.579,6654.072,6470.715,6291.388,6115.974,5944.354,5776.413,5612.040,5451.121,5293.549,5139.215,4988.015,4839.845,4694.605,4552.196,4412.521,4275.487,4140.999,4008.968,3879.306,3751.926,3626.744,3503.677,3382.644,3263.568,3146.370,3030.975,2917.310,2805.302,2694.882,2585.980,2478.529,2372.463,2267.716,2164.226,2061.930,1960.768,1860.679,1761.605,1663.488,1566.271,1469.899,1374.316,1279.468,1185.302,1091.766,998.807,906.374,814.416,722.883,631.724,540.891,450.335,360.006,269.857,179.838,89.902,0.000
0.000,82.528,165.111,247.789,330.605,413.600,496.815,580.293,664.077,748.209,832.732,917.692,1003.131,1089.097,1175.634,1262.789,1350.610,1439.147,1528.448,1618.564,1709.547,1801.450,1894.327,1988.233,2083.226,2179.364,2276.705,2375.312,2475.247,2576.575,2679.360,2783.673,2889.581,2997.156,3106.471,3217.602,3330.626,3445.622,3562.671,3681.856,3803.263,3926.981,4053.098,4181.707,4312.903,4446.782,4583.444,4722.991,4865.525,5011.155,5159.988,5312.136,5467.713,5626.834,5789.618,5956.186,6126.660,6301.166,6479.831,6662.784,6850.155,7042.079,7238.689,7440.120,7646.510,7857.995,8074.714,8296.804,8524.403,8757.647,8996.672,9241.611,9492.593,9749.744,10013.187,10283.038,10559.404,10842.387,11132.076,11428.551,11731.875,12042.097,12359.248,12683.338,13014.350,13352.243,13696.943,14048.341,14406.290,14770.598,15141.025,15517.276,15899.000,16285.778,16677.126,17072.484,17471.216,17872.602,18275.843,18680.053,19084.265,19487.433,19888.439,20286.101,20679.186,21066.424,21446.528,21818.210,22180.206,22531.295,22870.317,23196.199,23507.964,23804.745,24085.795,24350.484,24598.306,24828.865,25041.873,25237.134,25414.534,25574.024,25715.608,25839.330,25945.257,26033.470,26104.054,26157.088,26192.639,26210.756,26211.466,26194.773,26160.658,26109.081,26039.984,25953.296,25848.941,25726.845,25586.949,25429.219,25253.659,25060.324,24849.336,24620.899,24375.306,24112.959,23834.369,23540.169,23231.108,22908.053,22571.981,22223.962,21865.150,21496.761,21120.050,20736.294,20346.770,19952.732,19555.399,19155.937,18755.448,18354.959,17955.420,17557.698,17162.577,16770.757,16382.857,15999.421,15620.919,15247.752,14880.259,14518.720,14163.365,13814.373,13471.883,13135.993,12806.769,12484.245,12168.431,11859.312,11556.852,11260.999,10971.686,10688.830,10412.341,10142.117,9878.048,9620.019,9367.910,9121.595,8880.946,8645.831,8416.119,8191.676,7972.368,7758.060,7548.618,7343.910,7143.802,6948.165,6756.869,6569.786,6386.790,6207.757,6032.566,5861.096,5693.231,5528.855,5367.855,5210.120,5055.543,4904.017,4755.438,4609.707,4466.723,4326.389,4188.612,4053.298,3920.358,3789.703,3661.247,3534.905,3410.597,3288.241,3167.758,3049.073,2932.110,2816.795,2703.058,2590.827,2480.034,2370.611,2262.493,2155.615,2049.914,1945.326,1841.793,1739.252,1637.646,1536.916,1437.005,1337.857,1239.417,1141.630,1044.442,947.800,851.650,755.941,660.620,565.638,470.942,376.482,282.208,188.070,94.017,0.000
0.000,86.155,172.367,258.678,345.130,431.767,518.632,605.768,693.219,781.029,869.244,957.908,1047.068,1136.770,1227.062,1317.993,1409.610,1501.967,1595.112,1689.099,1783.981,1879.813,1976.652,2074.554,2173.578,2273.786,2375.238,2477.998,2582.132,2687.705,2794.787,2903.448,3013.760,3125.797,3239.635,3355.354,3473.032,3592.753,3714.600,3838.661,3965.026,4093.785,4225.032,4358.863,4495.378,4634.677,4776.865,4922.047,5070.332,5221.832,5376.661,5534.935,5696.775,5862.301,6031.638,6204.913,6382.257,6563.800,6749.677,6940.026,7134.985,7334.695,7539.299,7748.941,7963.768,8183.927,8409.567,8640.835,8877.881,9120.853,9369.900,9625.168,9886.799,10154.936,10429.714,10711.265,10999.716,11295.182,11597.773,11907.585,12224.703,12549.194,12881.109,13220.478,13567.305,13921.570,14283.217,14652.158,15028.262,15411.352,15801.202,16197.526,16599.977,17008.137,17421.515,17839.536,18261.537,18686.765,19114.371,19543.408,19972.835,20401.513,20828.218,21251.648,21670.434,22083.164,22488.396,22884.687,23270.619,23644.820,24005.998,24352.955,24684.614,25000.030,25298.398,25579.060,25841.498,26085.327,26310.287,26516.223,26703.071,26870.839,27019.593,27149.435,27260.489,27352.890,27426.768,27482.241,27519.405,27538.329,27539.049,27521.573,27485.869,27431.879,27359.515,27268.669,27159.219,27031.041,26884.018,26718.056,26533.102,26329.154,26106.285,25864.657,25604.539,25326.321,25030.527,24717.820,24389.007,24045.033,23686.977,23316.033,22933.488,22540.707,22139.098,21730.095,21315.123,20895.582,20472.823,20048.129,19622.707,19197.674,18774.054,18352.773,17934.660,17520.450,17110.785,16706.222,16307.237,15914.230,15527.536,15147.423,14774.106,14407.751,14048.475,13696.360,13351.451,13013.761,12683.280,12359.972,12043.781,11734.636,11432.450,11137.122,10848.544,10566.598,10291.156,10022.090,9759.262,9502.533,9251.761,9006.803,8767.515,8533.750,8305.363,8082.211,7864.148,7651.033,7442.723,7239.080,7039.966,6845.245,6654.784,6468.451,6286.119,6107.661,5932.954,5761.875,5594.307,5430.133,5269.240,5111.518,4956.857,4805.152,4656.300,4510.198,4366.749,4225.856,4087.425,3951.364,3817.584,3685.996,3556.516,3429.059,3303.544,3179.892,3058.024,2937.864,2819.338,2702.372,2586.896,2472.839,2360.134,2248.712,2138.508,2029.458,1921.499,1814.567,1708.603,1603.546,1499.337,1395.918,1293.231,1191.219,1089.828,989.001,888.684,788.822,689.363,590.254,491.441,392.872,294.496,196.259,98.111,0.000
0.000,89.768,179.595,269.523,359.598,449.863,540.361,631.139,722.241,813.713,905.601,997.951,1090.811,1184.230,1278.256,1372.939,1468.330,1564.480,1661.443,1759.274,1858.026,1957.756,2058.524,2160.387,2263.408,2367.647,2473.170,2580.042,2688.330,2798.103,2909.432,3022.391,3137.054,3253.498,3371.802,3492.047,3614.317,3738.697,3865.275,3994.141,4125.388,4259.111,4395.408,4534.379,4676.127,4820.757,4968.377,5119.099,5273.036,5430.305,5591.024,5755.316,5923.306,6095.121,6270.893,6450.755,6634.842,6823.295,7016.254,7213.865,7416.273,7623.630,7836.086,8053.795,8276.913,8505.598,8740.008,8980.304,9226.647,9479.197,9738.116,10003.563,10275.698,10554.675,10840.649,11133.768,11434.176,11742.007,12057.392,12380.447,12711.276,13049.972,13396.607,13751.234,14113.883,14484.556,14863.223,15249.818,15644.233,16046.312,16455.848,16872.572,17296.146,17726.159,18162.118,18603.438,19049.438,19499.332,19952.224,20407.108,20862.861,21318.249,21771.931,22222.470,22668.347,23107.984,23539.763,23962.060,24373.274,24771.861,25156.368,25525.458,25877.938,26212.773,26529.103,26826.238,27103.660,27361.007,27598.060,27814.723,28011.000,28186.974,28342.787,28478.616,28594.658,28691.111,28768.162,28825.975,28864.682,28884.374,28885.103,28866.873,28829.644,28773.332,28697.815,28602.940,28488.528,28354.393,28200.346,28026.220,27831.885,27617.265,27382.368,27127.296,26852.280,26557.687,26244.044,25912.044,25562.553,25196.607,24815.398,24420.261,24012.645,23594.086,23166.175,22730.522,22288.730,21842.362,21392.916,20941.811,20490.365,20039.791,19591.188,19145.543,18703.729,18266.509,17834.545,17408.402,16988.555,16575.398,16169.251,15770.368,15378.945,14995.123,14618.999,14250.630,13890.035,13537.206,13192.106,12854.677,12524.839,12202.499,11887.548,11579.867,11279.326,10985.789,10699.113,10419.148,10145.744,9878.746,9617.998,9363.343,9114.623,8871.681,8634.360,8402.504,8175.960,7954.574,7738.197,7526.679,7319.876,7117.643,6919.839,6726.327,6536.970,6351.637,6170.196,5992.522,5818.489,5647.976,5480.865,5317.040,5156.387,4998.796,4844.159,4692.370,4543.328,4396.931,4253.082,4111.686,3972.648,3835.879,3701.289,3568.792,3438.302,3309.738,3183.018,3058.064,2934.798,2813.144,2693.030,2574.382,2457.130,2341.204,2226.536,2113.060,2000.710,1889.422,1779.132,1669.779,1561.302,1453.641,1346.735,1240.526,1134.958,1029.972,925.512,821.523,717.950,614.737,511.829,409.174,306.717,204.405,102.183,0.000
0.000,93.367,186.794,280.326,374.008,467.885,562.002,656.406,751.143,846.259,941.802,1037.819,1134.360,1231.475,1329.213,1427.625,1526.764,1626.684,1727.438,1829.083,1931.675,2035.273,2139.936,2245.726,2352.705,2460.937,2570.490,2681.430,2793.827,2907.752,3023.279,3140.484,3259.443,3380.237,3502.946,3627.656,3754.452,3883.422,4014.660,4148.256,4284.309,4422.917,4564.180,4708.204,4855.095,5004.962,5157.920,5314.082,5473.567,5636.497,5802.996,5973.193,6147.216,6325.200,6507.282,6693.601,6884.302,7079.528,7279.431,7484.162,7693.876,7908.730,8128.887,8354.509,8585.762,8822.813,9065.834,9314.996,9570.471,9832.435,10101.061,10376.525,10659.000,10948.659,11245.672,11550.207,11862.425,12182.484,12510.533,12846.712,13191.150,13543.962,13905.249,14275.090,14653.542,15040.635,15436.368,15840.705,16253.566,16674.823,17104.293,17541.729,17986.814,18439.150,18898.250,19363.527,19834.285,20309.714,20788.875,21270.700,21753.987,22237.398,22719.466,23198.607,23673.129,24141.264,24601.188,25051.065,25489.081,25913.486,26322.636,26715.031,27089.343,27444.441,27779.401,28093.512,28386.264,28657.333,28906.562,29133.935,29339.546,29523.575,29686.260,29827.874,29948.699,30049.013,30129.070,30189.089,30229.243,30249.654,30250.388,30231.447,30192.780,30134.272,30055.763,29957.042,29837.866,29697.968,29537.077,29354.930,29151.300,28926.019,28679.003,28410.278,28120.012,27808.538,27476.372,27124.235,26753.055,26363.966,25958.295,25537.542,25103.344,24657.444,24201.645,23737.769,23267.622,22792.954,22315.433,21836.624,21357.969,20880.781,20406.237,19935.380,19469.125,19008.260,18553.457,18105.282,17664.202,17230.596,16804.764,16386.937,15977.283,15575.917,15182.907,14798.279,14422.025,14054.107,13694.461,13343.001,12999.622,12664.206,12336.621,12016.724,11704.366,11399.388,11101.630,10810.924,10527.102,10249.995,9979.429,9715.235,9457.241,9205.278,8959.176,8718.769,8483.892,8254.382,8030.080,7810.828,7596.472,7386.860,7181.844,6981.277,6785.018,6592.928,6404.870,6220.711,6040.322,5863.575,5690.347,5520.516,5353.965,5190.579,5030.245,4872.855,4718.301,4566.478,4417.287,4270.628,4126.403,3984.519,3844.884,3707.408,3572.003,3438.584,3307.067,3177.371,3049.415,2923.122,2798.416,2675.221,2553.465,2433.076,2313.984,2196.119,2079.415,1963.805,1849.223,1735.607,1622.893,1511.018,1399.922,1289.545,1179.826,1070.708,962.132,854.040,746.376,639.083,532.105,425.386,318.871,212.505,106.233,0.000
0.000,96.952,193.966,291.086,388.361,485.835,583.555,681.569,779.924,878.667,977.846,1077.512,1177.714,1278.504,1379.931,1482.050,1584.913,1688.575,1793.093,1898.524,2004.925,2112.357,2220.881,2330.561,2441.461,2553.647,2667.187,2782.151,2898.610,3016.639,3136.313,3257.709,3380.908,3505.992,3633.045,3762.154,3893.408,4026.900,4162.722,4300.973,4441.751,4585.160,4731.303,4880.290,5032.231,5187.240,5345.433,5506.932,5671.858,5840.338,6012.502,6188.483,6368.417,6552.443,6740.705,6933.348,7130.522,7332.381,7539.082,7750.783,7967.648,8189.844,8417.542,8650.913,8890.133,9135.382,9386.841,9644.693,9909.124,10180.323,10458.478,10743.779,11036.416,11336.579,11644.457,11960.235,12284.098,12616.224,12956.785,13305.946,13663.863,14030.679,14406.521,14791.501,15185.707,15589.203,16002.021,16424.159,16855.573,17296.168,17745.794,18204.237,18671.207,19146.328,19629.129,20119.031,20615.334,21117.207,21623.676,22133.618,22645.747,23158.619,23670.633,24180.036,24684.945,25183.371,25673.251,26152.497,26619.038,27070.879,27506.150,27923.153,28320.407,28696.669,29050.954,29382.533,29690.920,29975.852,30237.262,30475.236,30689.990,30881.826,31051.103,31198.209,31323.534,31427.450,31510.289,31572.337,31613.817,31634.883,31635.616,31616.022,31576.031,31515.497,31434.209,31331.894,31208.228,31062.852,30895.387,30705.458,30492.718,30256.875,29997.729,29715.201,29409.373,29080.519,28729.134,28355.955,27961.976,27548.441,27116.836,26668.854,26206.362,25731.346,25245.863,24751.989,24251.764,23747.158,23240.028,22732.102,22224.955,21720.002,21218.501,20721.548,20230.091,19744.934,19266.753,18796.103,18333.434,17879.102,17433.377,16996.458,16568.480,16149.522,15739.617,15338.757,14946.898,14563.971,14189.878,13824.504,13467.716,13119.367,12779.300,12447.347,12123.336,11807.088,11498.419,11197.146,10903.081,10616.037,10335.828,10062.267,9795.170,9534.353,9279.635,9030.839,8787.787,8550.309,8318.234,8091.395,7869.631,7652.780,7440.687,7233.199,7030.166,6831.444,6636.889,6446.363,6259.731,6076.858,5897.618,5721.884,5549.533,5380.447,5214.507,5051.602,4891.621,4734.455,4580.000,4428.152,4278.812,4131.883,3987.270,3844.879,3704.620,3566.405,3430.148,3295.763,3163.170,3032.288,2903.037,2775.341,2649.125,2524.315,2400.838,2278.624,2157.602,2037.706,1918.867,1801.020,1684.101,1568.044,1452.788,1338.270,1224.429,1111.205,998.538,886.369,774.639,663.291,552.265,441.506,330.957,220.561,110.260,0.000
0.000,100.523,201.108,301.804,402.657,503.713,605.021,706.629,808.585,910.937,1013.736,1117.031,1220.874,1325.317,1430.411,1536.212,1642.774,1750.153,1858.407,1967.593,2077.772,2189.006,2301.357,2414.890,2529.672,2645.769,2763.254,2882.196,3002.670,3124.751,3248.519,3374.051,3501.431,3630.745,3762.077,3895.519,4031.162,4169.101,4309.433,4452.258,4597.680,4745.803,4896.737,5050.594,5207.488,5367.537,5530.863,5697.589,5867.844,6041.759,6219.468,6401.110,6586.826,6776.762,6971.067,7169.893,7373.397,7581.738,7795.083,8013.597,8237.452,8466.824,8701.892,8942.838,9189.849,9443.113,9702.825,9969.181,10242.379,10522.620,10810.109,11105.052,11407.655,11718.126,12036.674,12363.504,12698.822,13042.830,13395.726,13757.701,14128.940,14509.614,14899.886,15299.899,15709.778,16129.624,16559.509,16999.472,17449.508,17909.568,18379.542,18859.257,19348.461,19846.812,20353.867,20869.065,21391.714,21920.976,22455.850,22995.161,23537.547,24081.453,24625.133,25166.652,25703.908,26234.657,26756.554,27267.210,27764.245,28245.366,28708.427,29151.498,29572.911,29971.302,30345.621,30695.133,31019.400,31318.250,31591.735,31840.084,32063.666,32262.938,32438.411,32590.612,32720.060,32827.237,32912.571,32976.423,33019.071,33040.710,33041.440,33021.265,32980.097,32917.755,32833.968,32728.389,32600.602,32450.135,32276.485,32079.135,31857.589,31611.401,31340.219,31043.826,30722.183,30375.477,30004.157,29608.968,29190.969,28751.531,28292.323,27815.277,27322.531,26816.373,26299.164,25773.280,25241.042,24704.668,24166.235,23627.647,23090.621,22556.679,22027.153,21503.186,20985.750,20475.654,19973.565,19480.017,18995.430,18520.124,18054.332,17598.209,17151.848,16715.286,16288.513,15871.481,15464.106,15066.281,14677.873,14298.732,13928.694,13567.582,13215.210,12871.384,12535.907,12208.577,11889.190,11577.541,11273.424,10976.635,10686.970,10404.228,10128.210,9858.719,9595.562,9338.548,9087.492,8842.210,8602.522,8368.253,8139.232,7915.290,7696.264,7481.993,7272.322,7067.098,6866.172,6669.401,6476.642,6287.758,6102.615,5921.083,5743.035,5568.346,5396.896,5228.568,5063.247,4900.821,4741.182,4584.224,4429.844,4277.942,4128.418,3981.178,3836.129,3693.178,3552.238,3413.222,3276.045,3140.624,3006.878,2874.728,2744.097,2614.909,2487.088,2360.564,2235.264,2111.117,1988.056,1866.012,1744.919,1624.712,1505.326,1386.696,1268.762,1151.459,1034.728,918.507,802.737,687.357,572.309,457.534,342.974,228.570,114.265,0.000
0.000,104.079,208.223,312.480,416.896,521.520,626.400,731.586,837.126,943.071,1049.471,1156.376,1263.840,1371.915,1480.654,1590.114,1700.349,1811.418,1923.379,2036.291,2150.217,2265.218,2381.360,2498.709,2617.332,2737.300,2858.684,2981.558,3105.998,3232.081,3359.887,3489.498,3621.000,3754.480,3890.026,4027.732,4167.692,4310.003,4454.766,4602.084,4752.063,4904.812,5060.444,5219.074,5380.821,5545.807,5714.156,5885.999,6061.466,6240.695,6423.824,6610.998,6802.363,6998.071,7198.276,7403.138,7612.819,7827.488,8047.315,8272.477,8503.152,8739.525,8981.784,9230.121,9484.734,9745.822,10013.591,10288.250,10570.009,10859.086,11155.700,11460.071,11772.426,12092.990,12421.991,12759.658,13106.219,13461.900,13826.926,14201.518,14585.889,14980.247,15384.786,15799.689,16225.121,16661.224,17108.117,17565.885,18034.573,18514.181,19004.653,19505.865,20017.617,20539.614,21071.454,21612.611,22162.415,22720.036,23284.459,23854.469,24428.634,25005.290,25582.538,26158.244,26730.059,27295.443,27851.718,28396.130,28925.925,29438.442,29931.199,30401.977,30848.893,31270.438,31665.502,32033.366,32373.668,32686.367,32971.680,33230.024,33461.964,33668.151,33849.280,34006.051,34139.133,34249.137,34336.602,34401.974,34445.598,34467.710,34468.432,34447.768,34405.609,34341.731,34255.800,34147.382,34015.953,33860.912,33681.603,33477.343,33247.449,32991.286,32708.305,32398.104,32060.480,31695.494,31303.519,30885.289,30441.925,29974.942,29486.232,28978.012,28452.759,27913.125,27361.849,26801.666,26235.228,25665.045,25093.437,24522.503,23954.108,23389.879,22831.214,22279.293,21735.097,21199.428,20672.923,20156.084,19649.286,19152.800,18666.808,18191.412,17726.654,17272.518,16828.947,16395.842,15973.078,15560.504,15157.946,14765.218,14382.119,14008.442,13643.968,13288.478,12941.746,12603.546,12273.652,11951.837,11637.877,11331.549,11032.632,10740.909,10456.166,10178.193,9906.785,9641.739,9382.856,9129.944,8882.813,8641.278,8405.160,8174.282,7948.473,7727.565,7511.395,7299.805,7092.640,6889.750,6690.988,6496.210,6305.279,6118.059,5934.418,5754.229,5577.366,5403.709,5233.138,5065.539,4900.801,4738.813,4579.469,4422.667,4268.304,4116.283,3966.508,3818.884,3673.321,3529.730,3388.023,3248.116,3109.925,2973.369,2838.369,2704.847,2572.726,2441.931,2312.390,2184.032,2056.784,1930.577,1805.345,1681.018,1557.532,1434.821,1312.821,1191.468,1070.699,950.453,830.667,711.281,592.235,473.467,354.920,236.532,118.245,0.000
0.000,107.623,215.312,323.114,431.080,539.257,647.694,756.443,865.552,975.071,1085.054,1195.550,1306.614,1418.300,1530.662,1643.757,1757.640,1872.372,1988.011,2104.619,2222.258,2340.994,2460.890,2582.017,2704.442,2828.237,2953.476,3080.234,3208.588,3338.619,3470.409,3604.041,3739.603,3877.185,4016.877,4158.776,4302.978,4449.585,4598.698,4750.424,4904.872,5062.156,5222.390,5385.694,5552.190,5722.005,5895.266,6072.108,6252.668,6437.085,6625.506,6818.077,7014.952,7216.288,7422.245,7632.990,7848.691,8069.523,8295.665,8527.301,8764.617,9007.806,9257.067,9512.602,9774.617,10043.325,10318.942,10601.690,10891.793,11189.483,11494.994,11808.565,12130.438,12460.859,12800.077,13148.342,13505.907,13873.025,14249.949,14636.928,15034.211,15442.039,15860.646,16290.255,16731.076,17183.299,17647.092,18122.596,18609.911,19109.099,19620.165,20143.049,20677.614,21223.629,21780.750,22348.505,22926.265,23513.226,24108.380,24710.489,25318.062,25929.334,26542.248,27154.458,27763.335,28366.000,28959.375,29540.264,30105.451,30651.816,31176.456,31676.800,32150.699,32596.485,33012.993,33399.546,33755.908,34082.221,34378.927,34646.690,34886.321,35098.716,35284.795,35445.459,35581.553,35693.843,35782.988,35849.533,35893.895,35916.358,35917.066,35896.026,35853.104,35788.028,35700.394,35589.670,35455.209,35296.259,35111.989,34901.513,34663.926,34398.351,34103.993,33780.205,33426.565,33042.949,32629.610,32187.243,31717.027,31220.640,30700.241,30158.401,29598.021,29022.210,28434.166,27837.065,27233.953,26627.678,26020.830,25415.721,24814.363,24218.482,23629.531,23048.708,22476.984,21915.130,21363.742,20823.264,20294.011,19776.191,19269.919,18775.235,18292.117,17820.489,17360.236,16911.207,16473.224,16046.088,15629.584,15223.483,14827.547,14441.533,14065.191,13698.270,13340.517,12991.682,12651.514,12319.764,11996.188,11680.544,11372.594,11072.105,10778.847,10492.598,10213.138,9940.253,9673.733,9413.375,9158.979,8910.352,8667.304,8429.653,8197.217,7969.823,7747.302,7529.488,7316.220,7107.343,6902.704,6702.155,6505.554,6312.759,6123.635,5938.051,5755.875,5576.985,5401.259,5228.577,5058.824,4891.888,4727.661,4566.034,4406.905,4250.172,4095.737,3943.504,3793.380,3645.272,3499.092,3354.752,3212.167,3071.254,2931.932,2794.120,2657.741,2522.718,2388.977,2256.443,2125.044,1994.710,1865.371,1736.958,1609.403,1482.640,1356.603,1231.227,1106.448,982.203,858.428,735.062,612.042,489.307,366.796,244.448,122.203,0.000
0.000,111.153,222.373,333.709,445.210,556.926,668.906,781.201,893.863,1006.940,1120.487,1234.557,1349.202,1464.477,1580.439,1697.144,1814.650,1933.018,2052.306,2172.579,2293.900,2416.334,2539.949,2664.814,2791.000,2918.579,3047.626,3178.220,3310.438,3444.363,3580.079,3717.673,3857.232,3998.849,4142.619,4288.639,4437.008,4587.829,4741.209,4897.257,5056.084,5217.807,5382.545,5550.420,5721.559,5896.090,6074.149,6255.870,6441.397,6630.875,6824.451,7022.282,7224.523,7431.338,7642.894,7859.361,8080.917,8307.742,8540.023,8777.951,9021.721,9271.534,9527.599,9790.126,10059.335,10335.446,10618.689,10909.299,11207.513,11513.577,11827.743,12150.264,12481.404,12821.425,13170.600,13529.201,13897.506,14275.796,14664.352,15063.457,15473.393,15894.441,16326.874,16770.961,17226.959,17695.112,18175.644,18668.755,19174.613,19693.349,20225.041,20769.706,21327.286,21897.630,22480.476,23075.422,23681.909,24299.185,24926.272,25561.936,26204.648,26852.553,27503.446,28154.753,28803.536,29446.522,30080.159,30700.707,31304.372,31887.456,32446.521,32978.551,33481.074,33952.240,34390.846,34796.301,35168.561,35508.028,35815.446,36091.800,36338.217,36555.888,36746.004,36909.706,37048.043,37161.950,37252.228,37319.526,37364.342,37387.009,37387.700,37366.420,37323.010,37257.147,37168.348,37055.973,36919.239,36757.223,36568.890,36353.118,36108.731,35834.556,35529.486,35192.558,34823.047,34420.573,33985.203,33517.548,33018.831,32490.916,31936.286,31357.964,30759.382,30144.229,29516.282,28879.251,28236.657,27591.733,26947.376,26306.112,25670.102,25041.155,24420.753,23810.090,23210.100,22621.500,22044.814,21480.411,20928.525,20389.283,19862.718,19348.795,18847.415,18358.435,17881.672,17416.915,16963.931,16522.468,16092.262,15673.041,15264.527,14866.437,14478.489,14100.400,13731.889,13372.676,13022.488,12681.054,12348.108,12023.389,11706.641,11397.615,11096.068,10801.760,10514.460,10233.941,9959.984,9692.372,9430.899,9175.360,8925.559,8681.302,8442.404,8208.683,7979.962,7756.071,7536.843,7322.115,7111.731,6905.538,6703.387,6505.135,6310.641,6119.769,5932.386,5748.364,5567.576,5389.903,5215.225,5043.426,4874.394,4708.021,4544.200,4382.826,4223.801,4067.024,3912.400,3759.835,3609.239,3460.521,3313.594,3168.375,3024.778,2882.723,2742.129,2602.920,2465.017,2328.347,2192.835,2058.408,1924.996,1792.529,1660.937,1530.152,1400.108,1270.737,1141.976,1013.758,886.020,758.698,631.729,505.050,378.600,252.316,126.137,0.000
0.000,114.670,229.409,344.265,459.288,574.529,690.038,805.865,922.062,1038.682,1155.776,1273.399,1391.605,1510.449,1629.988,1750.280,1871.384,1993.360,2116.270,2240.177,2365.146,2491.245,2618.541,2747.105,2877.009,3008.328,3141.137,3275.517,3411.547,3549.311,3688.896,3830.389,3973.881,4119.467,4267.243,4417.309,4569.767,4724.722,4882.283,5042.563,5205.676,5371.742,5540.882,5713.223,5888.894,6068.028,6250.764,6437.242,6627.608,6822.011,7020.606,7223.551,7431.009,7643.149,7860.143,8082.168,8309.407,8542.048,8780.285,9024.315,9274.343,9530.580,9793.240,10062.546,10338.725,10622.013,10912.648,11210.878,11516.955,11831.141,12153.700,12484.906,12825.039,13174.383,13533.231,13901.880,14280.633,14669.800,15069.692,15480.625,15902.920,16336.894,16782.866,17241.152,17712.063,18195.898,18692.945,19203.470,19727.717,20265.894,20818.165,21384.639,21965.355,22560.260,23169.195,23791.861,24427.792,25076.323,25736.542,26407.251,27086.918,27773.626,28465.031,29158.334,29850.259,30537.082,31214.680,31878.646,32524.454,33147.658,33744.134,34310.290,34843.257,35340.981,35802.249,36226.630,36614.365,36966.221,37283.352,37567.154,37819.150,38040.895,38233.900,38399.580,38539.218,38653.938,38744.691,38812.244,38857.177,38879.879,38880.547,38859.189,38815.617,38749.455,38660.136,38546.906,38408.828,38244.793,38053.534,37833.653,37583.656,37302.008,36987.209,36637.885,36252.908,35831.535,35373.552,34879.416,34350.365,33788.473,33196.627,32578.424,31937.990,31279.758,30608.235,29927.796,29242.523,28556.097,27871.740,27192.201,26519.770,25856.309,25203.302,24561.898,23932.963,23317.123,22714.805,22126.274,21551.660,20990.989,20444.197,19911.157,19391.685,18885.557,18392.518,17912.289,17444.574,16989.066,16545.449,16113.402,15692.605,15282.737,14883.477,14494.512,14115.529,13746.222,13386.292,13035.445,12693.394,12359.858,12034.564,11717.247,11407.646,11105.511,10810.594,10522.659,10241.473,9966.812,9698.457,9436.196,9179.823,8929.139,8683.948,8444.064,8209.302,7979.486,7754.443,7534.006,7318.013,7106.307,6898.733,6695.144,6495.396,6299.348,6106.863,5917.811,5732.062,5549.492,5369.978,5193.402,5019.650,4848.610,4680.172,4514.232,4350.685,4189.430,4030.371,3873.410,3718.455,3565.415,3414.200,3264.724,3116.901,2970.649,2825.886,2682.532,2540.509,2399.741,2260.152,2121.669,1984.218,1847.730,1712.132,1577.356,1443.333,1309.997,1177.280,1045.116,913.441,782.189,651.296,520.699,390.334,260.137,130.047,0.000
0.000,118.176,236.420,354.784,473.316,592.069,711.092,830.437,950.156,1070.301,1190.925,1312.084,1433.831,1556.223,1679.317,1803.172,1927.848,2053.405,2179.907,2307.418,2436.003,2565.731,2696.671,2828.894,2962.475,3097.488,3234.012,3372.128,3511.916,3653.464,3796.858,3942.188,4089.548,4239.034,4390.744,4544.780,4701.247,4860.252,5021.908,5186.328,5353.632,5523.940,5697.379,5874.077,6054.167,6237.787,6425.078,6616.184,6811.256,7010.448,7213.918,7421.830,7634.351,7851.656,8073.922,8301.333,8534.077,8772.350,9016.352,9266.289,9522.371,9784.820,10053.858,10329.717,10612.636,10902.860,11200.640,11506.236,11819.915,12141.951,12472.627,12812.233,13161.066,13519.432,13887.646,14266.029,14654.910,15054.628,15465.525,15887.953,16322.269,16768.832,17228.009,17700.165,18185.666,18684.872,19198.141,19725.813,20268.212,20825.636,21398.348,21986.562,22590.431,23210.026,23845.314,24496.128,25162.134,25842.793,26537.303,27244.552,27963.050,28690.862,29425.541,30164.071,30902.825,31637.564,32363.490,33075.364,33767.719,34435.136,35072.575,35675.698,36241.131,36766.598,37250.933,37693.977,38096.394,38459.469,38784.899,39074.610,39330.619,39554.914,39749.381,39915.749,40055.556,40170.133,40260.590,40327.816,40372.475,40395.013,40395.654,40374.404,40331.051,40265.162,40176.085,40062.943,39924.642,39759.865,39567.092,39344.610,39090.553,38802.953,38479.820,38119.250,37719.575,37279.543,36798.519,36276.697,35715.273,35116.551,34483.930,33821.759,33135.081,32429.304,31709.873,30981.986,30250.396,29519.286,28792.223,28072.162,27361.485,26662.069,25975.345,25302.373,24643.902,24000.431,23372.250,22759.492,22162.158,21580.149,21013.289,20461.341,19924.026,19401.030,18892.017,18396.634,17914.517,17445.298,16988.607,16544.073,16111.329,15690.014,15279.771,14880.251,14491.112,14112.019,13742.648,13382.680,13031.808,12689.733,12356.161,12030.812,11713.410,11403.689,11101.392,10806.268,10518.073,10236.575,9961.543,9692.757,9430.004,9173.075,8921.769,8675.891,8435.252,8199.669,7968.963,7742.963,7521.501,7304.415,7091.548,6882.747,6677.863,6476.753,6279.278,6085.301,5894.690,5707.319,5523.062,5341.799,5163.411,4987.785,4814.809,4644.375,4476.378,4310.713,4147.283,3985.988,3826.734,3669.427,3513.978,3360.297,3208.298,3057.895,2909.007,2761.552,2615.450,2470.623,2326.995,2184.491,2043.037,1902.559,1762.988,1624.251,1486.280,1349.007,1212.362,1076.280,940.693,805.536,670.744,536.252,401.996,267.911,133.933,0.000
0.000,121.669,243.408,365.268,487.298,609.549,732.074,854.922,978.148,1101.802,1225.940,1350.617,1475.886,1601.806,1728.434,1855.828,1984.051,2113.163,2243.228,2374.311,2506.479,2639.800,2774.346,2910.189,3047.403,3186.067,3326.257,3468.058,3611.552,3756.825,3903.969,4053.073,4204.234,4357.549,4513.119,4671.048,4831.443,4994.413,5160.074,5328.542,5499.938,5674.387,5852.017,6032.962,6217.355,6405.340,6597.059,6792.664,6992.306,7196.144,7404.342,7617.067,7834.493,8056.797,8284.165,8516.784,8754.850,8998.565,9248.134,9503.772,9765.698,10034.138,10309.327,10591.505,10880.921,11177.830,11482.495,11795.189,12116.193,12445.794,12784.292,13131.993,13489.213,13856.280,14233.528,14621.305,15019.965,15429.876,15851.413,16284.963,16730.921,17189.691,17661.685,18147.324,18647.029,19161.230,19690.353,20234.820,20795.044,21371.424,21964.331,22574.101,23201.019,23845.302,24507.072,25186.330,25882.915,26596.460,27326.333,28071.571,28830.792,29602.112,30383.038,31170.378,31960.156,32747.568,33527.015,34292.225,35036.507,35753.137,36435.839,37079.271,37679.413,38233.758,38741.294,39202.309,39618.104,39990.682,40322.463,40616.054,40874.072,41099.019,41293.209,41458.718,41597.358,41710.676,41799.944,41866.174,41910.113,41932.262,41932.871,41911.946,41869.248,41804.291,41716.336,41604.388,41467.186,41303.202,41110.637,40887.436,40631.304,40339.761,40010.217,39640.093,39227.001,38768.972,38264.745,37714.073,37118.008,36479.096,35801.389,35090.250,34351.963,33593.242,32820.746,32040.704,31258.659,30479.345,29706.665,28943.740,28192.988,27456.225,26734.766,26029.515,25341.050,24669.690,24015.553,23378.600,22758.676,22155.537,21568.874,20998.328,20443.510,19904.009,19379.398,18869.246,18373.116,17890.577,17421.199,16964.561,16520.248,16087.857,15666.993,15257.271,14858.319,14469.774,14091.285,13722.512,13363.124,13012.802,12671.237,12338.131,12013.193,11696.144,11386.713,11084.638,10789.665,10501.550,10220.055,9944.950,9676.014,9413.030,9155.792,8904.096,8657.749,8416.562,8180.349,7948.936,7722.150,7499.823,7281.795,7067.908,6858.012,6651.957,6449.603,6250.809,6055.441,5863.367,5674.462,5488.601,5305.664,5125.534,4948.099,4773.247,4600.871,4430.866,4263.130,4097.564,3934.071,3772.556,3612.926,3455.093,3298.966,3144.461,2991.493,2839.979,2689.840,2540.994,2393.365,2246.876,2101.452,1957.020,1813.506,1670.839,1528.949,1387.767,1247.222,1107.247,967.775,828.739,690.073,551.711,413.587,275.638,137.797,0.000
0.000,125.152,250.375,375.719,501.235,626.974,752.987,879.326,1006.044,1133.193,1260.829,1389.006,1517.779,1647.207,1777.346,1908.257,2040.002,2172.642,2306.241,2440.866,2576.583,2713.464,2851.578,2991.000,3131.806,3274.073,3417.882,3563.316,3710.460,3859.403,4010.235,4163.049,4317.943,4475.016,4634.371,4796.114,4960.353,5127.202,5296.777,5469.197,5644.586,5823.071,6004.784,6189.860,6378.439,6570.664,6766.684,6966.651,7170.723,7379.063,7591.837,7809.218,8031.385,8258.520,8490.812,8728.457,8971.655,9220.613,9475.545,9736.672,10004.221,10278.426,10559.530,10847.783,11143.441,11446.773,11758.052,12077.563,12405.599,12742.465,13088.472,13443.946,13809.221,14184.643,14570.570,14967.373,15375.434,15795.148,16226.924,16671.184,17128.361,17598.906,18083.279,18581.953,19095.414,19624.156,20168.684,20729.505,21307.129,21902.062,22514.795,23145.802,23795.519,24464.330,25152.544,25860.366,26587.856,27334.878,28101.037,28885.598,29687.383,30504.656,31334.977,32175.058,33020.613,33866.253,34705.449,35530.639,36333.527,37105.607,37838.875,38526.600,39163.922,39748.127,40278.548,40756.209,41183.356,41562.995,41898.504,42193.343,42450.852,42674.127,42865.955,43028.781,43164.704,43275.482,43362.549,43427.028,43469.748,43491.258,43491.830,43471.470,43429.917,43366.634,43280.804,43171.317,43036.754,42875.371,42685.085,42463.472,42207.763,41914.887,41581.531,41204.266,40779.750,40305.017,39777.866,39197.325,38564.113,37880.999,37152.885,36386.540,35589.978,34771.697,33939.959,33102.268,32265.081,31433.706,30612.338,29804.177,29011.578,28236.198,27479.140,26741.074,26022.336,25323.009,24642.989,23982.033,23339.798,22715.872,22109.792,21521.067,20949.187,20393.631,19853.880,19329.416,18819.729,18324.317,17842.694,17374.382,16918.920,16475.861,16044.772,15625.233,15216.841,14819.204,14431.945,14054.701,13687.120,13328.865,12979.608,12639.035,12306.840,11982.731,11666.425,11357.648,11056.137,10761.635,10473.898,10192.687,9917.772,9648.931,9385.949,9128.618,8876.738,8630.113,8388.555,8151.883,7919.919,7692.494,7469.441,7250.600,7035.815,6824.936,6617.817,6414.316,6214.295,6017.620,5824.162,5633.796,5446.397,5261.849,5080.034,4900.841,4724.160,4549.884,4377.910,4208.136,4040.464,3874.798,3711.044,3549.110,3388.906,3230.347,3073.344,2917.816,2763.680,2610.855,2459.262,2308.825,2159.466,2011.112,1863.688,1717.122,1571.343,1426.279,1281.861,1138.021,994.690,851.800,709.284,567.076,425.109,283.318,141.637,0.000
0.000,128.626,257.323,386.141,515.132,644.347,773.837,903.654,1033.851,1164.481,1295.599,1427.259,1559.519,1692.434,1826.065,1960.470,2095.712,2231.853,2368.959,2507.095,2646.329,2786.733,2928.378,3071.339,3215.693,3361.519,3508.897,3657.913,3808.653,3961.206,4115.665,4272.124,4430.683,4591.441,4754.505,4919.981,5087.981,5258.620,5432.016,5608.290,5787.570,5969.986,6155.670,6344.762,6537.404,6733.743,6933.930,7138.123,7346.482,7559.174,7776.369,7998.245,8224.984,8456.774,8693.811,8936.292,9184.426,9438.425,9698.509,9964.906,10237.851,10517.584,10804.358,11098.430,11400.068,11709.549,12027.158,12353.191,12687.956,13031.768,13384.956,13747.862,14120.837,14504.248,14898.474,15303.910,15720.963,16150.058,16591.636,17046.153,17514.085,17995.924,18492.180,19003.382,19530.078,20072.834,20632.231,21208.869,21803.357,22416.316,23048.372,23700.143,24372.237,25065.229,25779.645,26515.932,27274.420,28055.269,28858.403,29683.417,30529.458,31395.075,32278.031,33175.086,34081.760,34992.105,35898.562,36791.981,37661.935,38497.422,39287.949,40024.785,40701.966,41316.667,41868.921,42360.955,42796.423,43179.724,43515.486,43808.218,44062.107,44280.912,44467.922,44625.960,44757.399,44864.199,44947.937,45009.834,45050.787,45071.381,45071.912,45052.383,45012.513,44951.726,44869.139,44763.540,44633.368,44476.678,44291.112,44073.865,43821.670,43530.793,43197.073,42816.035,42383.088,41893.881,41344.813,40733.720,40060.635,39328.457,38543.217,37713.696,36850.413,35964.362,35065.926,34164.183,33266.600,32379.017,31505.809,30650.109,29814.053,28998.999,28205.718,27434.544,26685.491,25958.342,25252.720,24568.140,23904.043,23259.823,22634.851,22028.487,21440.092,20869.030,20314.682,19776.440,19253.717,18745.943,18252.568,17773.062,17306.914,16853.635,16412.753,15983.813,15566.381,15160.037,14764.379,14379.021,14003.591,13637.732,13281.099,12933.363,12594.204,12263.317,11940.405,11625.186,11317.384,11016.736,10722.986,10435.889,10155.207,9880.712,9612.182,9349.402,9092.167,8840.277,8593.539,8351.766,8114.777,7882.398,7654.459,7430.797,7211.252,6995.671,6783.905,6575.808,6371.241,6170.067,5972.155,5777.376,5585.606,5396.723,5210.611,5027.154,4846.242,4667.766,4491.620,4317.703,4145.914,3976.156,3808.332,3642.351,3478.122,3315.555,3154.564,2995.065,2836.974,2680.209,2524.691,2370.341,2217.083,2064.839,1913.537,1763.102,1613.462,1464.546,1316.284,1168.604,1021.439,874.720,728.378,582.348,436.562,290.952,145.454,0.000
0.000,132.090,264.252,396.536,528.992,661.673,794.630,927.913,1061.577,1195.674,1330.260,1465.388,1601.116,1737.501,1874.603,2012.480,2151.196,2290.812,2431.396,2573.012,2715.732,2859.624,3004.762,3151.222,3299.081,3448.419,3599.318,3751.863,3906.143,4062.248,4220.272,4380.310,4542.463,4706.834,4873.529,5042.658,5214.332,5388.671,5565.793,5745.824,5928.891,6115.128,6304.670,6497.659,6694.241,6894.564,7098.785,7307.062,7519.561,7736.452,7957.909,8184.114,8415.254,8651.521,8893.114,9140.239,9393.107,9651.937,9916.956,10188.397,10466.502,10751.521,11043.711,11343.339,11650.683,11966.029,12289.672,12621.921,12963.093,13313.520,13673.545,14043.523,14423.826,14814.838,15216.959,15630.606,16056.215,16494.237,16945.143,17409.427,17887.602,18380.203,18887.792,19410.952,19950.293,20506.453,21080.094,21671.907,22282.607,22912.937,23563.659,24235.554,24929.412,25646.020,26386.149,27150.528,27939.808,28754.515,29594.983,30461.254,31352.952,32269.096,33207.874,34166.332,35140.017,36122.573,37105.388,38077.411,39025.384,39934.724,40791.196,41583.065,42302.895,42948.023,43519.851,44022.579,44461.948,44844.264,45175.749,45462.171,45708.670,45919.704,46099.065,46249.931,46374.921,46476.162,46555.345,46613.762,46652.357,46671.745,46672.229,46653.815,46616.209,46558.806,46480.676,46380.535,46256.707,46107.080,45929.048,45719.452,45474.521,45189.820,44860.236,44480.037,44043.040,43542.989,42974.206,42332.563,41616.750,40829.525,39978.425,39075.263,38134.320,37170.170,36196.014,35222.808,34259.041,33310.933,32382.806,31477.482,30596.658,29741.208,28911.419,28107.169,27328.059,26573.505,25842.809,25135.203,24449.883,23786.034,23142.843,22519.512,21915.264,21329.346,20761.032,20209.625,19674.458,19154.892,18650.315,18160.142,17683.816,17220.804,16770.594,16332.701,15906.657,15492.017,15088.354,14695.260,14312.342,13939.225,13575.550,13220.969,12875.151,12537.778,12208.542,11887.149,11573.316,11266.767,10967.242,10674.487,10388.256,10108.315,9834.436,9566.400,9303.995,9047.016,8795.266,8548.554,8306.695,8069.511,7836.829,7608.482,7384.306,7164.147,6947.853,6735.274,6526.270,6320.701,6118.434,5919.338,5723.286,5530.156,5339.828,5152.187,4967.118,4784.513,4604.265,4426.269,4250.424,4076.632,3904.796,3734.820,3566.615,3400.090,3235.157,3071.731,2909.726,2749.061,2589.656,2431.430,2274.306,2118.206,1963.057,1808.784,1655.313,1502.573,1350.491,1198.998,1048.025,897.501,747.358,597.529,447.946,298.541,149.248,0.000
0.000,135.547,271.166,406.907,542.821,678.958,815.371,952.111,1089.230,1226.782,1364.822,1503.403,1642.584,1782.421,1922.973,2064.301,2206.466,2349.533,2493.567,2638.635,2784.807,2932.153,3080.747,3230.666,3381.987,3534.791,3689.161,3845.184,4002.948,4162.546,4324.071,4487.622,4653.300,4821.209,4991.457,5164.154,5339.417,5517.364,5698.118,5881.803,6068.553,6258.500,6451.785,6648.550,6848.945,7053.121,7261.237,7473.456,7689.945,7910.879,8136.436,8366.801,8602.164,8842.724,9088.684,9340.253,9597.648,9861.095,10130.825,10407.078,10690.101,10980.153,11277.497,11582.411,11895.177,12216.092,12545.464,12883.608,13230.857,13587.552,13954.052,14330.727,14717.965,15116.168,15525.757,15947.172,16380.870,16827.331,17287.059,17760.578,18248.440,18751.224,19269.539,19804.023,20355.348,20924.221,21511.387,22117.628,22743.768,23390.672,24059.246,24750.436,25465.230,26204.643,26969.715,27761.489,28580.988,29429.173,30306.881,31214.737,32153.015,33121.447,34118.943,35143.202,36190.195,37253.518,38323.683,39387.511,40428.029,41425.409,42359.509,43213.806,43978.906,44653.027,45240.199,45747.851,46184.793,46559.882,46881.305,47156.264,47390.902,47590.361,47758.888,47899.953,48016.361,48110.352,48183.678,48237.672,48273.295,48291.170,48291.603,48274.601,48239.865,48186.781,48114.399,48021.397,47906.035,47766.086,47598.758,47400.599,47167.382,46893.986,46574.294,46201.139,45766.374,45261.193,44676.855,44006.018,43244.761,42395.002,41466.283,40475.256,39442.137,38386.746,37325.978,36272.876,35236.764,34223.870,33238.055,32281.464,31355.053,30458.971,29592.844,28755.965,27947.427,27166.211,26411.250,25681.459,24975.770,24293.139,23632.561,22993.073,22373.755,21773.733,21192.177,20628.299,20081.350,19550.625,19035.449,18535.187,18049.232,17577.010,17117.975,16671.605,16237.406,15814.906,15403.654,15003.220,14613.194,14233.184,13862.812,13501.718,13149.559,12806.004,12470.735,12143.447,11823.847,11511.655,11206.599,10908.418,10616.863,10331.690,10052.669,9779.572,9512.185,9250.298,8993.709,8742.223,8495.652,8253.814,8016.534,7783.639,7554.966,7330.356,7109.654,6892.709,6679.378,6469.520,6262.998,6059.681,5859.439,5662.149,5467.689,5275.942,5086.793,4900.131,4715.848,4533.839,4354.001,4176.234,4000.440,3826.525,3654.395,3483.960,3315.130,3147.820,2981.944,2817.419,2654.163,2492.097,2331.141,2171.219,2012.254,1854.172,1696.899,1540.361,1384.488,1229.208,1074.450,920.146,766.226,612.621,459.264,306.086,153.021,0.000
0.000,138.997,278.066,417.258,556.621,696.208,836.069,976.255,1116.820,1257.815,1399.296,1541.317,1683.935,1827.206,1971.191,2115.949,2261.542,2408.035,2555.493,2703.982,2853.574,3004.340,3156.353,3309.690,3464.430,3620.654,3778.447,3937.895,4099.088,4262.118,4427.082,4594.079,4763.210,4934.582,5108.304,5284.488,5463.251,5644.714,5829.000,6016.239,6206.564,6400.110,6597.020,6797.439,7001.518,7209.413,7421.284,7637.297,7857.624,8082.442,8311.932,8546.284,8785.692,9030.357,9280.488,9536.298,9798.009,10065.852,10340.064,10620.889,10908.583,11203.409,11505.639,11815.556,12133.453,12459.634,12794.415,13138.125,13491.104,13853.708,14226.307,14609.286,15003.049,15408.015,15824.622,16253.333,16694.628,17149.013,17617.019,18099.204,18596.156,19108.494,19636.873,20181.984,20744.560,21325.375,21925.254,22545.070,23185.751,23848.287,24533.728,25243.192,25977.864,26739.001,27527.927,28346.028,29194.737,30075.511,30989.784,31938.895,32923.966,33945.719,35004.175,36098.201,37224.842,38378.360,39548.988,40721.536,41874.367,42979.868,44008.069,44934.143,45746.254,46445.299,47040.357,47544.100,47969.731,48329.388,48633.534,48890.871,49108.493,49292.121,49446.336,49574.789,49680.370,49765.351,49831.486,49880.095,49912.121,49928.174,49928.554,49913.264,49882.014,49834.202,49768.894,49684.781,49580.118,49452.646,49299.487,49117.004,48900.635,48644.679,48342.067,47984.125,47560.429,47058.890,46466.375,45770.305,44961.737,44039.956,43017.023,41917.980,40772.926,39609.465,38449.109,37306.852,36192.229,35110.750,34065.161,33056.407,32084.313,31148.028,30246.321,29377.768,28540.866,27734.104,26956.001,26205.137,25480.160,24779.789,24102.823,23448.129,22814.647,22201.381,21607.397,21031.819,20473.821,19932.630,19407.514,18897.785,18402.793,17921.924,17454.596,17000.257,16558.385,16128.484,15710.080,15302.723,14905.986,14519.459,14142.752,13775.491,13417.320,13067.897,12726.895,12393.999,12068.908,11751.333,11440.997,11137.632,10840.981,10550.798,10266.843,9988.888,9716.711,9450.099,9188.847,8932.756,8681.634,8435.296,8193.564,7956.263,7723.227,7494.294,7269.306,7048.113,6830.567,6616.526,6405.852,6198.410,5994.070,5792.708,5594.200,5398.427,5205.274,5014.628,4826.379,4640.422,4456.653,4274.970,4095.276,3917.473,3741.470,3567.172,3394.492,3223.342,3053.636,2885.289,2718.221,2552.350,2387.597,2223.884,2061.134,1899.273,1738.225,1577.918,1418.279,1259.236,1100.720,942.659,784.984,627.626,470.517,313.588,156.772,0.000
0.000,142.442,284.957,427.593,570.401,713.429,856.731,1000.356,1144.357,1288.786,1433.697,1579.144,1725.184,1871.874,2019.273,2167.442,2316.441,2466.336,2617.191,2769.074,2922.055,3076.207,3231.602,3388.318,3546.435,3706.034,3867.200,4030.020,4194.585,4360.989,4529.328,4699.703,4872.216,5046.976,5224.091,5403.677,5585.852,5770.737,5958.458,6149.147,6342.938,6539.970,6740.385,6944.333,7151.966,7363.443,7578.927,7798.587,8022.596,8251.136,8484.391,8722.553,8965.821,9214.400,9468.502,9728.346,9994.157,10266.171,10544.629,10829.783,11121.893,11421.228,11728.066,12042.699,12365.426,12696.559,13036.423,13385.356,13743.709,14111.849,14490.157,14879.032,15278.892,15690.172,16113.329,16548.842,16997.216,17458.978,17934.688,18424.933,18930.334,19451.551,19989.280,20544.262,21117.286,21709.193,22320.880,22953.309,23607.511,24284.592,24985.746,25712.257,26465.510,27247.003,28058.352,28901.298,29777.712,30689.590,31639.034,32628.218,33659.303,34734.295,35854.778,37021.464,38233.424,39486.834,40773.047,42075.883,43368.571,44612.104,45759.175,46768.809,47626.993,48341.849,48932.088,49418.696,49820.857,50154.601,50432.752,50665.359,50860.236,51023.443,51159.688,51272.630,51365.110,51439.322,51496.943,51539.220,51567.041,51580.972,51581.294,51568.010,51540.848,51499.247,51442.329,51368.854,51277.155,51165.047,51029.701,50867.471,50673.663,50442.234,50165.392,49833.110,49432.598,48947.866,48359.789,47647.475,46792.360,45786.558,44644.430,43407.342,42122.822,40829.850,39554.985,38314.104,37115.531,35962.786,34856.539,33795.860,32778.991,31803.788,30867.979,29969.308,29105.603,28274.817,27475.039,26704.496,25961.548,25244.680,24552.491,23883.686,23237.067,22611.520,22006.014,21419.586,20851.338,20300.433,19766.085,19247.558,18744.161,18255.241,17780.185,17318.412,16869.375,16432.553,16007.453,15593.608,15190.573,14797.923,14415.255,14042.183,13678.340,13323.374,12976.947,12638.738,12308.438,11985.750,11670.391,11362.087,11060.576,10765.605,10476.932,10194.323,9917.552,9646.404,9380.668,9120.142,8864.633,8613.951,8367.916,8126.352,7889.088,7655.962,7426.814,7201.490,6979.842,6761.726,6547.001,6335.532,6127.189,5921.843,5719.371,5519.653,5322.572,5128.014,4935.869,4746.030,4558.392,4372.853,4189.314,4007.678,3827.850,3649.739,3473.254,3298.307,3124.811,2952.683,2781.839,2612.199,2443.682,2276.209,2109.706,1944.094,1779.300,1615.249,1451.870,1289.089,1126.837,965.042,803.635,642.547,481.707,321.048,160.502,0.000
0.000,145.884,291.840,437.916,584.163,730.630,877.366,1024.423,1171.853,1319.706,1468.036,1616.899,1766.349,1916.443,2067.240,2218.800,2371.185,2524.458,2678.686,2833.934,2990.275,3147.778,3306.520,3466.576,3628.027,3790.955,3955.445,4121.586,4289.467,4459.185,4630.835,4804.520,4980.344,5158.415,5338.843,5521.746,5707.243,5895.456,6086.513,6280.548,6477.695,6678.096,6881.897,7089.247,7300.302,7515.222,7734.175,7957.329,8184.863,8416.960,8653.808,8895.601,9142.543,9394.842,9652.712,9916.377,10186.068,10462.022,10744.488,11033.721,11329.986,11633.558,11944.722,12263.775,12591.023,12926.786,13271.397,13625.202,13988.562,14361.852,14745.466,15139.815,15545.328,15962.457,16391.673,16833.474,17288.383,17756.950,18239.759,18737.424,19250.599,19779.975,20326.289,20890.329,21472.934,22075.005,22697.510,23341.489,24008.069,24698.468,25414.012,26156.142,26926.437,27726.626,28558.609,29424.480,30326.552,31267.374,32249.761,33276.797,34351.830,35478.410,36660.142,37900.347,39201.374,40563.250,41981.152,43440.972,44912.447,46341.251,47648.103,48755.258,49651.347,50363.267,50927.676,51377.938,51740.579,52035.572,52277.664,52477.719,52643.778,52781.850,52896.461,52991.046,53068.224,53129.990,53177.846,53212.905,53235.949,53247.479,53247.741,53236.736,53214.226,53179.717,53132.431,53071.265,52994.722,52900.815,52786.937,52649.660,52484.471,52285.375,52044.345,51750.536,51389.220,50940.451,50377.742,49667.791,48774.070,47669.952,46367.334,44944.751,43481.866,42032.901,40627.729,39279.975,37994.004,36769.395,35603.483,34492.703,33433.263,32421.471,31453.874,30527.306,29638.896,28786.046,27966.411,27177.872,26418.510,25686.583,24980.502,24298.820,23640.207,23003.444,22387.405,21791.050,21213.415,20653.604,20110.781,19584.166,19073.031,18576.690,18094.500,17625.854,17170.180,16726.939,16295.620,15875.737,15466.831,15068.465,14680.221,14301.706,13932.540,13572.363,13220.830,12877.611,12542.390,12214.865,11894.745,11581.753,11275.621,10976.092,10682.918,10395.864,10114.699,9839.203,9569.165,9304.378,9044.647,8789.780,8539.594,8293.910,8052.556,7815.368,7582.184,7352.849,7127.213,6905.130,6686.458,6471.062,6258.808,6049.568,5843.217,5639.634,5438.701,5240.305,5044.332,4850.677,4659.232,4469.896,4282.568,4097.151,3913.551,3731.673,3551.429,3372.728,3195.484,3019.612,2845.029,2671.653,2499.405,2328.205,2157.977,1988.643,1820.129,1652.362,1485.267,1318.773,1152.808,987.302,822.184,657.385,492.836,328.468,164.212,0.000
0.000,149.323,298.718,448.233,597.916,747.817,897.984,1048.468,1199.319,1350.590,1502.331,1654.599,1807.446,1960.931,2115.111,2270.045,2425.796,2582.426,2740.001,2898.589,3058.258,3219.082,3381.134,3544.492,3709.236,3875.448,4043.214,4212.622,4383.764,4556.735,4731.634,4908.561,5087.623,5268.928,5452.590,5638.724,5827.452,6018.897,6213.191,6410.465,6610.858,6814.513,7021.576,7232.200,7446.543,7664.767,7887.041,8113.537,8344.436,8579.923,8820.189,9065.432,9315.857,9571.677,9833.109,10100.381,10373.726,10653.387,10939.616,11232.673,11532.828,11840.360,12155.561,12478.732,12810.186,13150.250,13499.264,13857.580,14225.568,14603.613,14992.118,15391.505,15802.215,16224.710,16659.479,17107.033,17567.913,18042.689,18531.965,19036.379,19556.613,20093.389,20647.480,21219.712,21810.971,22422.210,23054.458,23708.829,24386.533,25088.889,25817.340,26573.471,27359.035,28175.973,29026.447,29912.882,30838.006,31804.905,32817.089,33878.569,34993.933,36168.429,37408.017,38719.317,40109.307,41584.392,43148.005,44794.986,46499.487,48192.764,49737.071,50953.056,51860.113,52532.405,53037.591,53424.962,53728.095,53969.574,54164.735,54324.184,54455.413,54563.816,54653.351,54726.957,54786.837,54834.648,54871.628,54898.683,54916.449,54925.333,54925.531,54917.046,54899.685,54873.047,54836.501,54789.145,54729.747,54656.657,54567.678,54459.878,54329.311,54170.589,53976.230,53735.639,53433.487,53047.196,52543.189,51872.178,50966.531,49752.271,48210.712,46523.061,44827.681,43192.938,41643.918,40185.011,38812.138,37518.402,36296.463,35139.439,34041.184,32996.316,32000.153,31048.616,30138.148,29265.627,28428.301,27623.729,26849.738,26104.377,25385.891,24692.694,24023.342,23376.517,22751.014,22145.723,21559.621,20991.761,20441.264,19907.312,19389.141,18886.037,18397.332,17922.396,17460.637,17011.497,16574.449,16148.993,15734.657,15330.992,14937.571,14553.989,14179.859,13814.813,13458.497,13110.577,12770.730,12438.648,12114.035,11796.610,11486.100,11182.245,10884.794,10593.505,10308.147,10028.497,9754.340,9485.469,9221.683,8962.791,8708.605,8458.947,8213.643,7972.526,7735.432,7502.206,7272.696,7046.755,6824.241,6605.015,6388.944,6175.899,5965.755,5758.388,5553.680,5351.517,5151.787,4954.380,4759.191,4566.116,4375.056,4185.912,3998.588,3812.991,3629.031,3446.619,3265.667,3086.089,2907.803,2730.727,2554.780,2379.883,2205.959,2032.931,1860.724,1689.264,1518.478,1348.293,1178.638,1009.442,840.634,672.146,503.907,335.849,167.902,0.000
0.000,152.762,305.596,458.548,611.667,764.999,918.595,1072.502,1226.771,1381.452,1536.598,1692.262,1848.497,2005.360,2162.908,2321.201,2480.299,2640.265,2801.165,2963.065,3126.035,3290.147,3455.476,3622.098,3790.093,3959.545,4130.538,4303.162,4477.509,4653.675,4831.758,5011.860,5194.088,5378.551,5565.364,5754.643,5946.511,6141.094,6338.521,6538.929,6742.456,6949.246,7159.449,7373.219,7590.714,7812.100,8037.547,8267.230,8501.331,8740.038,8983.546,9232.054,9485.771,9744.910,10009.695,10280.354,10557.126,10840.256,11130.001,11426.623,11730.397,12041.608,12360.551,12687.533,13022.871,13366.900,13719.963,14082.422,14454.653,14837.048,15230.019,15633.997,16049.432,16476.799,16916.598,17369.353,17835.621,18315.986,18811.072,19321.539,19848.088,20391.471,20952.488,21532.000,22130.931,22750.280,23391.127,24054.648,24742.121,25454.952,26194.683,26963.023,27761.870,28593.346,29459.839,30364.058,31309.091,32298.497,33336.410,34427.680,35578.059,36794.442,38085.190,39460.527,40932.992,42517.762,44232.154,46092.044,48098.218,50193.614,52154.645,53460.006,54303.829,54868.802,55265.457,55556.343,55777.371,55949.991,56087.605,56198.951,56289.946,56364.722,56426.238,56476.658,56517.581,56550.197,56575.391,56593.806,56605.890,56611.929,56612.062,56606.291,56594.479,56576.345,56551.443,56519.132,56478.533,56428.461,56367.318,56292.950,56202.399,56091.539,55954.461,55782.428,55562.036,55271.823,54875.837,54311.437,53467.899,52162.264,50200.662,48109.683,46113.548,44268.040,42570.875,41004.978,39552.183,38196.740,36925.728,35728.674,34597.050,33523.853,32503.258,31530.367,30601.016,29711.627,28859.096,28040.712,27254.081,26497.082,25767.818,25064.584,24385.842,23730.193,23096.364,22483.187,21889.590,21314.584,20757.251,20216.743,19692.267,19183.086,18688.509,18207.887,17740.610,17286.107,16843.836,16413.286,15993.972,15585.437,15187.244,14798.981,14420.253,14050.684,13689.917,13337.610,12993.437,12657.083,12328.250,12006.650,11692.010,11384.064,11082.559,10787.251,10497.904,10214.295,9936.205,9663.426,9395.755,9132.998,8874.968,8621.482,8372.367,8127.453,7886.577,7649.581,7416.312,7186.623,6960.369,6737.414,6517.620,6300.860,6087.006,5875.936,5667.531,5461.674,5258.254,5057.161,4858.289,4661.534,4466.796,4273.977,4082.979,3893.711,3706.080,3519.998,3335.376,3152.130,2970.176,2789.432,2609.818,2431.254,2253.662,2076.967,1901.092,1725.965,1551.510,1377.657,1204.333,1031.467,858.990,686.832,514.922,343.192,171.575,0.000
0.000,156.203,312.477,468.868,625.422,782.187,939.210,1096.539,1254.222,1412.311,1570.855,1729.908,1889.522,2049.752,2210.657,2372.293,2534.722,2698.005,2862.207,3027.395,3193.638,3361.008,3529.579,3699.428,3870.634,4043.281,4217.455,4393.244,4570.741,4750.041,4931.244,5114.454,5299.776,5487.320,5677.203,5869.541,6064.458,6262.081,6462.542,6665.975,6872.524,7082.332,7295.549,7512.334,7732.844,7957.249,8185.719,8418.432,8655.572,8897.329,9143.899,9395.485,9652.298,9914.555,10182.479,10456.305,10736.273,11022.631,11315.639,11615.564,11922.683,12237.287,12559.672,12890.152,13229.048,13576.699,13933.454,14299.680,14675.759,15062.092,15459.094,15867.206,16286.886,16718.618,17162.911,17620.301,18091.355,18576.674,19076.893,19592.690,20124.786,20673.951,21241.011,21826.852,22432.430,23058.778,23707.018,24378.372,25074.177,25795.900,26545.164,27323.771,28133.732,28977.310,29857.065,30775.923,31737.252,32744.973,33803.702,34918.944,36097.370,37347.207,38678.813,40105.562,41645.236,43322.277,45171.470,47243.372,49608.158,52329.139,55228.091,56428.641,57026.512,57373.615,57599.175,57757.653,57875.119,57965.471,58036.794,58094.119,58140.745,58178.929,58210.262,58235.893,58256.667,58273.206,58285.970,58295.293,58301.409,58304.464,58304.531,58301.611,58295.632,58286.449,58273.831,58257.447,58236.836,58211.379,58180.234,58142.254,58095.851,58038.771,57967.715,57877.653,57760.496,57602.327,57377.028,57029.995,56431.580,55228.523,52320.426,49602.031,47249.479,45195.597,43367.461,41712.836,40195.955,38791.805,37482.271,36253.782,35095.864,34000.225,32960.157,31970.134,31025.531,30122.427,29257.454,28427.694,27630.590,26863.890,26125.588,25413.893,24727.192,24064.025,23423.066,22803.103,22203.026,21621.811,21058.514,20512.261,19982.237,19467.685,18967.896,18482.208,18009.998,17550.681,17103.705,16668.548,16244.719,15831.750,15429.200,15036.648,14653.694,14279.957,13915.075,13558.701,13210.504,12870.168,12537.389,12211.878,11893.357,11581.558,11276.226,10977.114,10683.986,10396.613,10114.779,9838.270,9566.884,9300.425,9038.704,8781.538,8528.752,8280.176,8035.644,7794.999,7558.087,7324.758,7094.870,6868.283,6644.862,6424.475,6206.997,5992.304,5780.277,5570.799,5363.757,5159.043,4956.549,4756.173,4557.812,4361.368,4166.746,3973.852,3782.593,3592.882,3404.630,3217.752,3032.165,2847.786,2664.534,2482.332,2301.101,2120.764,1941.246,1762.474,1584.374,1406.873,1229.901,1053.386,877.257,701.447,525.884,350.501,175.230,0.000
0.000,159.648,319.365,479.197,639.190,799.390,959.841,1120.591,1281.689,1443.183,1605.122,1767.558,1930.544,2094.134,2258.383,2423.349,2589.093,2755.675,2923.159,3091.611,3261.101,3431.699,3603.480,3776.519,3950.898,4126.697,4304.004,4482.907,4663.499,4845.876,5030.137,5216.385,5404.729,5595.279,5788.149,5983.460,6181.334,6381.901,6585.292,6791.644,7001.100,7213.806,7429.914,7649.581,7872.970,8100.249,8331.591,8567.176,8807.189,9051.823,9301.275,9555.751,9815.463,10080.631,10351.481,10628.250,10911.179,11200.521,11496.538,11799.500,12109.687,12427.393,12752.918,13086.579,13428.701,13779.627,14139.710,14509.323,14888.851,15278.700,15679.292,16091.073,16514.508,16950.088,17398.328,17859.775,18335.003,18824.624,19329.283,19849.671,20386.522,20940.622,21512.813,22104.002,22715.165,23347.362,24001.741,24679.558,25382.188,26111.143,26868.098,27654.916,28473.683,29326.752,30216.793,31146.867,32120.514,33141.874,34215.847,35348.324,36546.500,37819.354,39178.361,40638.656,42221.001,43955.429,45888.751,48102.363,50762.309,54286.928,60000.000,60000.000,60000.000,60000.000,60000.000,60000.000,60000.000,60000.000,60000.000,60000.000,60000.000,60000.000,60000.000,60000.000,60000.000,60000.000,60000.000,60000.000,60000.000,60000.000,60000.000,60000.000,60000.000,60000.000,60000.000,60000.000,60000.000,60000.000,60000.000,60000.000,60000.000,60000.000,60000.000,60000.000,60000.000,60000.000,60000.000,60000.000,60000.000,60000.000,54250.892,50729.105,48087.442,45898.230,43991.464,42283.971,40728.110,39293.450,37959.042,36709.667,35533.816,34422.508,33368.554,32366.081,31410.204,30496.803,29622.357,28783.822,27978.543,27204.185,26458.678,25740.171,25047.004,24377.677,23730.829,23105.218,22499.708,21913.252,21344.888,20793.721,20258.924,19739.724,19235.402,18745.282,18268.734,17805.162,17354.008,16914.742,16486.867,16069.909,15663.421,15266.978,14880.176,14502.629,14133.971,13773.853,13421.940,13077.913,12741.467,12412.309,12090.158,11774.747,11465.816,11163.118,10866.416,10575.478,10290.087,10010.028,9735.098,9465.100,9199.843,8939.145,8682.829,8430.724,8182.664,7938.492,7698.051,7461.193,7227.775,6997.655,6770.699,6546.776,6325.757,6107.521,5891.947,5678.920,5468.325,5260.054,5053.999,4850.058,4648.128,4448.111,4249.912,4053.437,3858.594,3665.293,3473.449,3282.975,3093.787,2905.805,2718.946,2533.133,2348.288,2164.334,1981.197,1798.803,1617.078,1435.951,1255.349,1075.202,895.441,715.996,536.798,357.778,178.868,0.000
0.000,163.098,326.264,489.544,652.980,816.618,980.501,1144.676,1309.188,1474.087,1639.419,1805.236,1971.589,2138.530,2306.115,2474.400,2643.445,2813.309,2984.055,3155.750,3328.461,3502.260,3677.219,3853.414,4030.926,4209.835,4390.230,4572.197,4755.829,4941.224,5128.480,5317.701,5508.994,5702.472,5898.249,6096.446,6297.186,6500.599,6706.818,6915.981,7128.231,7343.715,7562.588,7785.006,8011.134,8241.142,8475.204,8713.501,8956.221,9203.557,9455.709,9712.884,9975.297,10243.169,10516.728,10796.213,11081.869,11373.949,11672.718,11978.448,12291.423,12611.938,12940.297,13276.818,13621.831,13975.681,14338.725,14711.338,15093.911,15486.851,15890.586,16305.565,16732.258,17171.161,17622.795,18087.711,18566.490,19059.749,19568.144,20092.369,20633.170,21191.340,21767.733,22363.265,22978.928,23615.792,24275.024,24957.895,25665.800,26400.273,27163.014,27955.913,28781.089,29640.927,30538.141,31475.837,32457.604,33487.638,34570.902,35713.346,36922.223,38206.538,39577.729,41050.719,42645.604,44390.502,46326.440,48515.582,51052.186,54056.434,57504.515,60000.000,60000.000,60000.000,60000.000,60000.000,60000.000,60000.000,60000.000,60000.000,60000.000,60000.000,60000.000,60000.000,60000.000,60000.000,60000.000,60000.000,60000.000,60000.000,60000.000,60000.000,60000.000,60000.000,60000.000,60000.000,60000.000,60000.000,60000.000,60000.000,60000.000,60000.000,60000.000,60000.000,60000.000,60000.000,60000.000,60000.000,60000.000,57403.502,53954.471,50976.648,48473.686,46319.271,44417.155,42704.535,41140.215,39696.081,38352.097,37093.419,35908.687,34788.964,33727.061,32717.080,31754.105,30833.982,29953.155,29108.546,28297.473,27517.571,26766.744,26043.122,25345.023,24670.929,24019.463,23389.369,22779.496,22188.788,21616.269,21061.037,20522.255,19999.143,19490.974,18997.067,18516.784,18049.526,17594.727,17151.856,16720.410,16299.912,15889.911,15489.979,15099.709,14718.713,14346.623,13983.086,13627.767,13280.344,12940.510,12607.971,12282.445,11963.662,11651.362,11345.298,11045.228,10750.924,10462.164,10178.736,9900.434,9627.060,9358.423,9094.341,8834.635,8579.135,8327.675,8080.095,7836.241,7595.964,7359.118,7125.565,6895.167,6667.795,6443.321,6221.621,6002.576,5786.069,5571.988,5360.223,5150.667,4943.217,4737.772,4534.232,4332.503,4132.491,3934.105,3737.255,3541.854,3347.818,3155.063,2963.507,2773.070,2583.673,2395.240,2207.693,2020.959,1834.964,1649.634,1464.898,1280.685,1096.925,913.548,730.484,547.666,365.024,182.492,0.000
0.000,166.556,333.180,499.915,666.802,833.884,1001.204,1168.808,1336.739,1505.044,1673.770,1842.966,2012.682,2182.970,2353.884,2525.478,2697.811,2870.942,3044.934,3219.851,3395.760,3572.732,3750.839,3930.156,4110.763,4292.742,4476.179,4661.161,4847.781,5036.136,5226.324,5418.451,5612.623,5808.952,6007.555,6208.551,6412.066,6618.228,6827.172,7039.038,7253.967,7472.110,7693.620,7918.656,8147.384,8379.974,8616.603,8857.452,9102.711,9352.574,9607.243,9866.927,10131.841,10402.207,10678.258,10960.232,11248.376,11542.946,11844.208,12152.436,12467.916,12790.945,13121.829,13460.888,13808.454,14164.874,14530.508,14905.733,15290.941,15686.544,16092.971,16510.673,16940.123,17381.820,17836.288,18304.079,18785.780,19282.009,19793.424,20320.726,20864.661,21426.027,22005.680,22604.540,23223.601,23863.938,24526.718,25213.214,25924.822,26663.075,27429.668,28226.487,29055.636,29919.484,30820.712,31762.382,32748.014,33781.699,34868.237,36013.327,37223.823,38508.081,39876.451,41341.946,42921.157,44635.389,46511.660,48581.941,50874.872,53382.394,55961.758,58178.030,60000.000,60000.000,60000.000,60000.000,60000.000,60000.000,60000.000,60000.000,60000.000,60000.000,60000.000,60000.000,60000.000,60000.000,60000.000,60000.000,60000.000,60000.000,60000.000,60000.000,60000.000,60000.000,60000.000,60000.000,60000.000,60000.000,60000.000,60000.000,60000.000,60000.000,60000.000,60000.000,60000.000,60000.000,60000.000,58800.676,57652.620,55659.874,53187.340,50749.977,48512.161,46488.907,44654.356,42977.904,41433.331,39999.845,38661.208,37404.665,36220.059,35099.178,34035.285,33022.771,32056.911,31133.675,30249.591,29401.641,28587.180,27803.872,27049.637,26322.617,25621.138,24943.687,24288.889,23655.488,23042.335,22448.372,21872.622,21314.181,20772.211,20245.929,19734.607,19237.561,18754.153,18283.780,17825.876,17379.907,16945.368,16521.782,16108.695,15705.679,15312.324,14928.243,14553.065,14186.437,13828.022,13477.498,13134.557,12798.905,12470.257,12148.345,11832.907,11523.694,11220.467,10922.995,10631.057,10344.438,10062.935,9786.348,9514.487,9247.168,8984.214,8725.452,8470.718,8219.852,7972.700,7729.111,7488.941,7252.051,7018.305,6787.572,6559.725,6334.640,6112.197,5892.282,5674.781,5459.584,5246.586,5035.683,4826.773,4619.760,4414.547,4211.042,4009.153,3808.791,3609.870,3412.305,3216.014,3020.914,2826.925,2633.971,2441.973,2250.856,2060.546,1870.969,1682.053,1493.727,1305.920,1118.561,931.583,744.916,558.492,372.243,186.101,0.000
0.000,170.025,340.117,510.317,680.664,851.199,1021.965,1193.004,1364.360,1536.076,1708.198,1880.774,2053.853,2227.485,2401.721,2576.617,2752.228,2928.614,3105.835,3283.955,3463.040,3643.160,3824.386,4006.793,4190.460,4375.468,4561.902,4749.851,4939.407,5130.664,5323.724,5518.690,5715.670,5914.775,6116.122,6319.832,6526.029,6734.844,6946.411,7160.870,7378.364,7599.045,7823.065,8050.587,8281.775,8516.801,8755.843,8999.084,9246.713,9498.927,9755.929,10017.928,10285.142,10557.794,10836.117,11120.351,11410.744,11707.555,12011.049,12321.503,12639.205,12964.450,13297.549,13638.822,13988.602,14347.237,14715.088,15092.534,15479.968,15877.802,16286.467,16706.414,17138.118,17582.077,18038.815,18508.887,18992.877,19491.403,20005.124,20534.738,21080.989,21644.672,22226.640,22827.810,23449.166,24091.777,24756.799,25445.491,26159.231,26899.528,27668.049,28466.636,29297.344,30162.468,31064.598,32006.664,32992.011,34024.483,35108.530,36249.342,37453.023,38726.797,40079.247,41520.564,43062.698,44719.142,46503.658,48426.316,50483.495,52636.899,54782.343,56750.480,58484.307,60000.000,60000.000,60000.000,60000.000,60000.000,60000.000,60000.000,60000.000,60000.000,60000.000,60000.000,60000.000,60000.000,60000.000,60000.000,60000.000,60000.000,60000.000,60000.000,60000.000,60000.000,60000.000,60000.000,60000.000,60000.000,60000.000,60000.000,60000.000,60000.000,60000.000,60000.000,60000.000,60000.000,58820.224,57550.270,56150.232,54396.474,52385.613,50324.469,48336.910,46470.792,44734.512,43120.550,41616.608,40210.093,38889.641,37645.464,36469.266,35354.033,34293.821,33283.562,32318.902,31396.077,30511.805,29663.206,28847.739,28063.144,27307.399,26578.691,25875.379,25195.978,24539.132,23903.603,23288.253,22692.034,22113.977,21553.186,21008.825,20480.118,19966.338,19466.806,18980.882,18507.968,18047.498,17598.939,17161.788,16735.566,16319.822,15914.127,15518.072,15131.270,14753.349,14383.958,14022.759,13669.430,13323.663,12985.164,12653.650,12328.850,12010.504,11698.362,11392.186,11091.744,10796.816,10507.188,10222.654,9943.017,9668.086,9397.678,9131.614,8869.724,8611.843,8357.811,8107.473,7860.681,7617.290,7377.160,7140.157,6906.150,6675.011,6446.618,6220.852,5997.597,5776.741,5558.174,5341.792,5127.489,4915.167,4704.728,4496.076,4289.119,4083.766,3879.929,3677.522,3476.461,3276.663,3078.046,2880.533,2684.044,2488.504,2293.838,2099.972,1906.832,1714.348,1522.448,1331.061,1140.120,949.555,759.298,569.281,379.437,189.699,0.000
0.000,173.508,347.081,520.758,694.577,868.578,1042.800,1217.284,1392.071,1567.205,1742.729,1918.689,2095.132,2272.106,2449.662,2627.854,2806.735,2986.365,3166.801,3348.107,3530.348,3713.591,3897.909,4083.375,4270.067,4458.066,4647.455,4838.324,5030.763,5224.868,5420.738,5618.479,5818.196,6020.001,6224.012,6430.349,6639.138,6850.508,7064.596,7281.540,7501.485,7724.583,7950.987,8180.860,8414.368,8651.683,8892.984,9138.455,9388.285,9642.674,9901.824,10165.946,10435.258,10709.984,10990.360,11276.624,11569.028,11867.828,12173.294,12485.702,12805.340,13132.505,13467.508,13810.668,14162.321,14522.815,14892.511,15271.786,15661.034,16060.668,16471.117,16892.832,17326.285,17771.975,18230.422,18702.178,19187.825,19687.979,20203.291,20734.453,21282.204,21847.331,22430.676,23033.141,23655.698,24299.396,24965.367,25654.845,26369.169,27109.806,27878.367,28676.626,29506.546,30370.310,31270.356,32209.418,33190.578,34217.324,35293.619,36423.979,37613.549,38868.175,40194.429,41599.528,43090.993,44675.783,46358.368,48136.902,49996.503,51899.842,53780.586,55557.474,57186.860,58662.812,60000.000,60000.000,60000.000,60000.000,60000.000,60000.000,60000.000,60000.000,60000.000,60000.000,60000.000,60000.000,60000.000,60000.000,60000.000,60000.000,60000.000,60000.000,60000.000,60000.000,60000.000,60000.000,60000.000,60000.000,60000.000,60000.000,60000.000,60000.000,60000.000,60000.000,60000.000,58926.136,57730.824,56430.252,55001.977,53390.711,51634.831,49826.161,48041.117,46323.850,44693.464,43154.388,41703.762,40335.665,39043.267,37819.830,36659.123,35555.549,34504.151,33500.558,32540.921,31621.841,30740.310,29893.654,29079.484,28295.664,27540.263,26811.543,26107.920,25427.955,24770.330,24133.837,23517.362,22919.878,22340.433,21778.144,21232.187,20701.795,20186.251,19684.879,19197.050,18722.167,18259.669,17809.028,17369.742,16941.337,16523.364,16115.395,15717.023,15327.862,14947.544,14575.717,14212.044,13856.205,13507.894,13166.815,12832.687,12505.241,12184.216,11869.365,11560.447,11257.234,10959.504,10667.045,10379.651,10097.126,9819.279,9545.928,9276.894,9012.008,8751.104,8494.024,8240.614,7990.725,7744.214,7500.941,7260.771,7023.575,6789.227,6557.603,6328.585,6102.058,5877.910,5656.034,5436.322,5218.674,5002.988,4789.169,4577.122,4366.754,4157.975,3950.699,3744.839,3540.312,3337.035,3134.929,2933.914,2733.915,2534.855,2336.659,2139.254,1942.569,1746.532,1551.072,1356.121,1161.610,967.471,773.635,580.037,386.610,193.286,0.000
0.000,177.007,354.077,531.247,708.554,886.034,1063.725,1241.666,1419.897,1598.458,1777.391,1956.740,2136.550,2316.869,2497.744,2679.228,2861.374,3044.238,3227.877,3412.354,3597.732,3784.078,3971.463,4159.958,4349.642,4540.593,4732.897,4926.639,5121.911,5318.808,5517.430,5717.880,5920.264,6124.696,6331.291,6540.171,6751.460,6965.289,7181.794,7401.115,7623.397,7848.791,8077.453,8309.544,8545.231,8784.688,9028.094,9275.632,9527.496,9783.882,10044.994,10311.046,10582.254,10858.844,11141.051,11429.117,11723.290,12023.831,12331.007,12645.096,12966.384,13295.172,13631.767,13976.490,14329.677,14691.673,15062.840,15443.553,15834.207,16235.210,16646.990,17069.996,17504.697,17951.587,18411.184,18884.033,19370.711,19871.824,20388.018,20919.974,21468.419,22034.126,22617.920,23220.684,23843.366,24486.986,25152.644,25841.530,26554.935,27294.263,28061.049,28856.970,29683.873,30543.789,31438.963,32371.882,33345.307,34362.301,35426.264,36540.955,37710.493,38939.319,40232.078,41593.347,43027.090,44535.656,46118.051,47767.228,49466.463,51185.954,52883.141,54512.306,56043.068,57464.500,58779.876,60000.000,60000.000,60000.000,60000.000,60000.000,60000.000,60000.000,60000.000,60000.000,60000.000,60000.000,60000.000,60000.000,60000.000,60000.000,60000.000,60000.000,60000.000,60000.000,60000.000,60000.000,60000.000,60000.000,60000.000,60000.000,60000.000,60000.000,60000.000,60000.000,59101.480,57973.917,56746.980,55438.342,54037.231,52530.195,50937.587,49305.090,47678.520,46091.106,44562.284,43101.048,41709.750,40386.986,39129.458,37933.068,36793.518,35706.629,34668.478,33675.462,32724.301,31812.029,30935.963,30093.682,29282.995,28501.917,27748.642,27021.526,26319.067,25639.887,24982.721,24346.403,23729.856,23132.082,22552.153,21989.207,21442.438,20911.094,20394.470,19891.903,19402.770,18926.485,18462.495,18010.275,17569.331,17139.193,16719.415,16309.574,15909.266,15518.109,15135.736,14761.798,14395.961,14037.906,13687.329,13343.936,13007.447,12677.595,12354.120,12036.776,11725.324,11419.535,11119.191,10824.078,10533.994,10248.741,9968.131,9691.981,9420.115,9152.363,8888.562,8628.552,8372.181,8119.301,7869.769,7623.447,7380.201,7139.900,6902.421,6667.641,6435.442,6205.709,5978.333,5753.205,5530.220,5309.277,5090.276,4873.122,4657.721,4443.982,4231.814,4021.132,3811.850,3603.885,3397.158,3191.587,2987.094,2783.605,2581.044,2379.337,2178.411,1978.195,1778.620,1579.615,1381.111,1183.041,985.338,787.935,590.765,393.763,196.863,0.000
0.000,180.524,361.111,541.792,722.605,903.581,1084.758,1266.172,1447.859,1629.859,1812.212,1994.959,2178.144,2361.810,2546.007,2730.782,2916.188,3102.280,3289.113,3476.748,3665.247,3854.675,4045.102,4236.600,4429.243,4623.112,4818.289,5014.860,5212.916,5412.552,5613.867,5816.962,6021.946,6228.930,6438.030,6649.367,6863.066,7079.259,7298.080,7519.670,7744.175,7971.745,8202.536,8436.712,8674.439,8915.891,9161.246,9410.692,9664.418,9922.624,10185.515,10453.302,10726.204,11004.447,11288.266,11577.903,11873.607,12175.638,12484.262,12799.759,13122.414,13452.526,13790.403,14136.366,14490.746,14853.890,15226.157,15607.920,15999.571,16401.515,16814.177,17238.001,17673.453,18121.018,18581.211,19054.567,19541.655,20043.071,20559.449,21091.456,21639.803,22205.242,22788.578,23390.667,24012.427,24654.841,25318.963,26005.933,26716.976,27453.422,28216.711,29008.406,29830.212,30683.985,31571.747,32495.709,33458.274,34462.054,35509.860,36604.693,37749.683,38947.986,40202.591,41515.979,42889.559,44322.798,45811.944,47348.386,48916.947,50495.037,52054.270,53565.980,55008.935,56372.460,57655.112,58861.619,60000.000,60000.000,60000.000,60000.000,60000.000,60000.000,60000.000,60000.000,60000.000,60000.000,60000.000,60000.000,60000.000,60000.000,60000.000,60000.000,60000.000,60000.000,60000.000,60000.000,60000.000,60000.000,60000.000,60000.000,60000.000,60000.000,60000.000,60000.000,58432.174,57121.355,55845.234,54539.409,53179.024,51755.975,50281.067,48779.035,47277.815,45800.920,44364.767,42979.110,41648.629,40374.580,39156.100,37991.126,36876.986,35810.768,34789.532,33810.431,32870.770,31968.038,31099.909,30264.242,29459.068,28682.579,27933.112,27209.140,26509.254,25832.156,25176.644,24541.606,23926.009,23328.894,22749.363,22186.583,21639.771,21108.195,20591.165,20088.035,19598.194,19121.068,18656.112,18202.812,17760.679,17329.252,16908.090,16496.776,16094.911,15702.116,15318.028,14942.302,14574.608,14214.628,13862.062,13516.618,13178.019,12845.999,12520.300,12200.679,11886.897,11578.729,11275.955,10978.365,10685.758,10397.937,10114.715,9835.910,9561.348,9290.859,9024.282,8761.459,8502.237,8246.470,7994.016,7744.738,7498.502,7255.181,7014.649,6776.786,6541.474,6308.601,6078.057,5849.734,5623.530,5399.342,5177.073,4956.627,4737.913,4520.839,4305.317,4091.261,3878.587,3667.213,3457.059,3248.046,3040.098,2833.139,2627.094,2421.892,2217.460,2013.728,1810.626,1608.087,1406.041,1204.423,1003.166,802.203,601.470,400.902,200.433,0.000
0.000,184.065,368.189,552.404,736.743,921.236,1105.918,1290.822,1475.983,1661.438,1847.224,2033.380,2219.947,2406.969,2594.491,2782.560,2971.226,3160.541,3350.560,3541.342,3732.947,3925.440,4118.888,4313.361,4508.935,4705.687,4903.699,5103.056,5303.849,5506.171,5710.120,5915.799,6123.315,6332.778,6544.304,6758.015,6974.035,7192.495,7413.531,7637.283,7863.896,8093.523,8326.318,8562.445,8802.072,9045.371,9292.523,9543.713,9799.134,10058.984,10323.467,10592.796,10867.191,11146.877,11432.088,11723.066,12020.061,12323.332,12633.145,12949.778,13273.517,13604.658,13943.509,14290.387,14645.625,15009.564,15382.562,15764.989,16157.232,16559.694,16972.792,17396.967,17832.677,18280.401,18740.643,19213.930,19700.819,20201.894,20717.771,21249.102,21796.577,22360.925,22942.923,23543.396,24163.223,24803.344,25464.762,26148.553,26855.871,27587.956,28346.141,29131.864,29946.670,30792.224,31670.315,32582.858,33531.895,34519.584,35548.171,36619.946,37737.156,38901.871,40115.762,41379.773,42693.635,44055.202,45459.615,46898.395,48358.768,49823.736,51273.571,52688.950,54054.666,55361.620,56606.707,57791.475,58920.501,60000.000,60000.000,60000.000,60000.000,60000.000,60000.000,60000.000,60000.000,60000.000,60000.000,60000.000,60000.000,60000.000,60000.000,60000.000,60000.000,60000.000,60000.000,60000.000,60000.000,60000.000,60000.000,60000.000,60000.000,60000.000,60000.000,58812.281,57506.125,56234.479,54973.683,53695.640,52384.190,51034.431,49652.596,48253.196,46853.913,45471.218,44118.072,42803.403,41532.571,40308.180,39130.889,38000.074,36914.326,35871.786,34870.374,33907.939,32982.346,32091.532,31233.532,30406.493,29608.684,28838.486,28094.394,27375.010,26679.030,26005.245,25352.529,24719.829,24106.167,23510.627,22932.351,22370.537,21824.430,21293.322,20776.546,20273.472,19783.507,19306.089,18840.686,18386.795,17943.938,17511.660,17089.530,16677.136,16274.086,15880.006,15494.540,15117.346,14748.097,14386.481,14032.200,13684.966,13344.505,13010.552,12682.854,12361.168,12045.259,11734.904,11429.884,11129.992,10835.026,10544.795,10259.109,9977.792,9700.668,9427.571,9158.339,8892.816,8630.851,8372.300,8117.021,7864.877,7615.738,7369.477,7125.968,6885.094,6646.738,6410.788,6177.134,5945.673,5716.299,5488.915,5263.422,5039.727,4817.737,4597.365,4378.521,4161.122,3945.084,3730.326,3516.770,3304.337,3092.952,2882.540,2673.029,2464.346,2256.421,2049.185,1842.568,1636.504,1430.926,1225.767,1020.962,816.447,612.158,408.029,203.998,0.000
0.000,187.631,375.318,563.092,750.982,939.016,1127.225,1315.641,1504.295,1693.223,1882.458,2072.038,2262.001,2452.388,2643.242,2834.608,3026.535,3219.072,3412.273,3606.193,3800.893,3996.434,4192.883,4390.309,4588.785,4788.387,4989.197,5191.299,5394.783,5599.739,5806.268,6014.469,6224.449,6436.319,6650.195,6866.196,7084.449,7305.082,7528.232,7754.039,7982.648,8214.211,8448.885,8686.830,8928.217,9173.217,9422.012,9674.786,9931.732,10193.049,10458.941,10729.620,11005.306,11286.224,11572.608,11864.700,12162.748,12467.010,12777.753,13095.252,13419.793,13751.669,14091.186,14438.661,14794.421,15158.807,15532.171,15914.880,16307.316,16709.876,17122.973,17547.038,17982.522,18429.896,18889.651,19362.306,19848.400,20348.503,20863.214,21393.163,21939.017,22501.478,23081.290,23679.242,24296.171,24932.965,25590.572,26269.996,26972.312,27698.664,28450.269,29228.429,30034.525,30870.023,31736.473,32635.501,33568.795,34538.085,35545.098,36591.499,37678.789,38808.168,39980.322,41195.141,42451.344,43746.010,45074.072,46427.868,47796.948,49168.421,50528.077,51862.225,53159.695,54413.078,55618.945,56777.288,57890.639,58963.179,60000.000,60000.000,60000.000,60000.000,60000.000,60000.000,60000.000,60000.000,60000.000,60000.000,60000.000,60000.000,60000.000,60000.000,60000.000,60000.000,60000.000,60000.000,60000.000,60000.000,60000.000,60000.000,60000.000,60000.000,58890.613,57743.249,56545.934,55337.236,54119.973,52885.980,51628.472,50345.874,49042.700,47728.353,46414.633,45113.270,43834.294,42585.342,41371.637,40196.323,39060.918,37965.748,36910.318,35893.598,34914.222,33970.646,33061.241,32184.361,31338.389,30521.759,29732.974,28970.614,28233.335,27519.874,26829.044,26159.731,25510.887,24881.533,24270.745,23677.659,23101.460,22541.383,21996.705,21466.746,20950.863,20448.449,19958.927,19481.754,19016.412,18562.410,18119.282,17686.584,17263.893,16850.806,16446.938,16051.923,15665.409,15287.060,14916.556,14553.588,14197.863,13849.095,13507.016,13171.363,12841.887,12518.347,12200.512,11888.159,11581.074,11279.051,10981.891,10689.403,10401.402,10117.711,9838.158,9562.577,9290.809,9022.699,8758.098,8496.862,8238.852,7983.933,7731.976,7482.853,7236.442,6992.627,6751.291,6512.325,6275.620,6041.072,5808.580,5578.045,5349.371,5122.466,4897.239,4673.601,4451.467,4230.753,4011.377,3793.260,3576.322,3360.489,3145.685,2931.837,2718.873,2506.722,2295.315,2084.584,1874.462,1664.881,1455.777,1247.084,1038.738,830.675,622.833,415.148,207.558,0.000
0.000,191.226,382.507,573.868,765.336,956.938,1148.700,1340.652,1532.824,1725.245,1917.950,2110.970,2304.344,2498.109,2692.306,2886.978,3082.169,3277.929,3474.309,3671.362,3869.147,4067.723,4267.155,4467.511,4668.863,4871.286,5074.860,5279.667,5485.796,5693.338,5902.391,6113.054,6325.434,6539.641,6755.789,6973.999,7194.396,7417.108,7642.272,7870.028,8100.521,8333.902,8570.328,8809.960,9052.968,9299.523,9549.808,9804.006,10062.309,10324.917,10592.034,10863.872,11140.649,11422.590,11709.929,12002.907,12301.771,12606.778,12918.193,13236.290,13561.353,13893.673,14233.553,14581.307,14937.260,15301.747,15675.116,16057.731,16449.967,16852.213,17264.877,17688.380,18123.165,18569.690,19028.437,19499.908,19984.628,20483.148,20996.048,21523.934,22067.445,22627.254,23204.069,23798.639,24411.754,25044.248,25697.005,26370.957,27067.092,27786.452,28530.138,29299.310,30095.183,30919.028,31772.160,32655.928,33571.693,34520.796,35504.508,36523.965,37580.068,38673.350,39803.799,40970.628,42172.007,43404.750,44664.033,45943.199,47233.779,48525.872,49808.935,51072.924,52309.451,53512.590,54679.138,55808.418,56901.807,57962.187,58993.436,60000.000,60000.000,60000.000,60000.000,60000.000,60000.000,60000.000,60000.000,60000.000,60000.000,60000.000,60000.000,60000.000,60000.000,60000.000,60000.000,60000.000,60000.000,60000.000,60000.000,60000.000,60000.000,58893.020,57819.449,56724.529,55597.605,54449.147,53283.690,52100.636,50898.748,49678.898,48445.082,47204.084,45964.290,44734.319,43521.964,42333.590,41173.949,40046.273,38952.499,37893.538,36869.527,35880.052,34924.319,34001.288,33109.769,32248.493,31416.163,30611.483,29833.187,29080.045,28350.880,27644.566,26960.033,26296.266,25652.306,25027.242,24420.218,23830.420,23257.084,22699.482,22156.929,21628.774,21114.403,20613.232,20124.706,19648.300,19183.511,18729.867,18286.911,17854.213,17431.360,17017.959,16613.633,16218.023,15830.787,15451.593,15080.127,14716.086,14359.182,14009.134,13665.677,13328.553,12997.517,12672.330,12352.765,12038.602,11729.629,11425.644,11126.450,10831.858,10541.686,10255.759,9973.906,9695.965,9421.777,9151.190,8884.057,8620.235,8359.587,8101.980,7847.284,7595.377,7346.137,7099.448,6855.196,6613.273,6373.572,6135.989,5900.426,5666.785,5434.972,5204.894,4976.463,4749.592,4524.197,4300.194,4077.505,3856.049,3635.750,3416.534,3198.326,2981.056,2764.651,2549.044,2334.165,2119.947,1906.325,1693.234,1480.608,1268.385,1056.501,844.894,633.503,422.264,211.117,0.000
0.000,194.854,389.761,584.742,779.820,975.020,1170.366,1365.883,1561.598,1757.539,1953.735,2150.218,2347.021,2544.180,2741.733,2939.720,3138.183,3337.170,3536.729,3736.912,3937.775,4139.375,4341.775,4545.043,4749.247,4954.462,5160.766,5368.240,5576.971,5787.051,5998.575,6211.643,6426.358,6642.832,6861.178,7081.515,7303.969,7528.668,7755.748,7985.347,8217.612,8452.693,8690.747,8931.935,9176.425,9424.391,9676.012,9931.474,10190.969,10454.693,10722.852,10995.657,11273.326,11556.083,11844.161,12137.799,12437.244,12742.751,13054.583,13373.013,13698.321,14030.796,14370.740,14718.460,15074.279,15438.527,15811.548,16193.698,16585.346,16986.875,17398.683,17821.183,18254.805,18699.998,19157.227,19626.980,20109.765,20606.113,21116.580,21641.747,22182.225,22738.654,23311.703,23902.077,24510.517,25137.801,25784.744,26452.204,27141.079,27852.310,28586.877,29345.802,30130.138,30940.965,31779.380,32646.475,33543.315,34470.898,35430.112,36421.658,37445.972,38503.098,39592.550,40713.144,41862.800,43038.360,44235.434,45448.346,46670.237,47893.394,49109.814,50311.931,51493.341,52649.336,53777.141,54875.876,55946.312,56990.549,58011.669,59013.430,60000.000,60000.000,60000.000,60000.000,60000.000,60000.000,60000.000,60000.000,60000.000,60000.000,60000.000,60000.000,60000.000,60000.000,60000.000,60000.000,60000.000,60000.000,60000.000,59248.304,58643.521,57752.888,56770.004,55738.293,54671.399,53578.753,52465.804,51335.027,50187.990,49026.988,47855.842,46679.900,45505.501,44339.220,43187.207,42054.737,40946.007,39864.108,38811.129,37788.305,36796.192,35834.820,34903.829,34002.588,33130.277,32285.953,31468.605,30677.189,29910.650,29167.946,28448.057,27749.994,27072.804,26415.574,25777.432,25157.543,24555.115,23969.394,23399.663,22845.239,22305.474,21779.752,21267.487,20768.121,20281.123,19805.988,19342.233,18889.399,18447.046,18014.757,17592.131,17178.785,16774.353,16378.483,15990.841,15611.104,15238.965,14874.126,14516.302,14165.222,13820.624,13482.254,13149.870,12823.239,12502.138,12186.348,11875.663,11569.881,11268.811,10972.264,10680.063,10392.034,10108.009,9827.827,9551.333,9278.377,9008.812,8742.500,8479.304,8219.093,7961.740,7707.123,7455.124,7205.626,6958.520,6713.696,6471.051,6230.484,5991.895,5755.189,5520.275,5287.060,5055.458,4825.384,4596.754,4369.488,4143.506,3918.731,3695.089,3472.505,3250.908,3030.227,2810.392,2591.336,2372.992,2155.294,1938.178,1721.579,1505.436,1289.685,1074.264,859.114,644.172,429.380,214.675,0.000
0.000,198.520,397.089,595.726,794.450,993.283,1192.246,1391.360,1590.649,1790.137,1989.853,2189.822,2390.077,2590.650,2791.574,2992.890,3194.637,3396.857,3599.599,3802.911,4006.846,4211.462,4416.819,4622.981,4830.016,5037.997,5246.999,5457.104,5668.398,5880.969,6094.912,6310.326,6527.315,6745.988,6966.458,7188.843,7413.269,7639.862,7868.759,8100.098,8334.025,8570.689,8810.246,9052.860,9298.696,9547.928,9800.735,10057.302,10317.820,10582.488,10851.508,11125.091,11403.453,11686.820,11975.422,12269.496,12569.289,12875.054,13187.051,13505.551,13830.830,14163.177,14502.887,14850.266,15205.629,15569.305,15941.629,16322.951,16713.633,17114.050,17524.590,17945.656,18377.666,18821.054,19276.273,19743.793,20224.102,20717.710,21225.149,21746.974,22283.763,22836.120,23404.677,23990.092,24593.055,25214.283,25854.526,26514.563,27195.204,27897.287,28621.677,29369.259,30140.932,30937.600,31760.156,32609.461,33486.319,34391.440,35325.390,36288.530,37280.941,38302.325,39351.896,40428.255,41529.268,42651.952,43792.408,44945.836,46106.659,47268.792,48426.041,49572.594,50703.497,51815.022,52904.865,53972.179,55017.460,56042.363,57049.488,58042.164,59024.259,60000.000,60000.000,60000.000,60000.000,60000.000,60000.000,60000.000,60000.000,60000.000,60000.000,60000.000,60000.000,60000.000,60000.000,60000.000,60000.000,60000.000,59152.497,58349.879,57573.176,56705.393,55769.876,54787.837,53771.648,52729.469,51666.652,50586.685,49492.301,48386.420,47272.685,46155.555,45040.062,43931.406,42834.540,41753.860,40693.023,39654.886,38641.534,37654.362,36694.181,35761.328,34855.770,33977.195,33125.084,32298.773,31497.500,30720.444,29966.747,29235.539,28525.950,27837.123,27168.221,26518.430,25886.965,25273.068,24676.014,24095.107,23529.681,22979.098,22442.751,21920.059,21410.467,20913.444,20428.486,19955.108,19492.847,19041.263,18599.931,18168.448,17746.426,17333.494,16929.297,16533.493,16145.756,15765.771,15393.239,15027.868,14669.381,14317.512,13972.002,13632.605,13299.084,12971.209,12648.759,12331.523,12019.296,11711.880,11409.087,11110.733,10816.640,10526.640,10240.567,9958.262,9679.573,9404.352,9132.455,8863.745,8598.088,8335.356,8075.423,7818.168,7563.477,7311.234,7061.331,6813.662,6568.124,6324.618,6083.046,5843.316,5605.336,5369.018,5134.276,4901.025,4669.186,4438.677,4209.423,3981.347,3754.376,3528.438,3303.463,3079.380,2856.123,2633.625,2411.821,2190.646,1970.039,1749.935,1530.274,1310.995,1092.037,873.341,654.849,436.500,218.237,0.000
0.000,202.226,404.498,606.831,809.242,1011.747,1214.364,1417.112,1620.009,1823.079,2026.343,2229.827,2433.559,2637.568,2841.886,3046.547,3251.590,3457.055,3662.985,3869.429,4076.436,4284.062,4492.365,4701.407,4911.253,5121.976,5333.648,5546.351,5760.167,5975.185,6191.498,6409.204,6628.405,6849.210,7071.731,7296.086,7522.399,7750.797,7981.414,8214.390,8449.868,8687.999,8928.938,9172.847,9419.893,9670.247,9924.090,10181.605,10442.983,10708.421,10978.121,11252.294,11531.155,11814.927,12103.840,12398.130,12698.040,13003.822,13315.734,13634.045,13959.027,14290.964,14630.150,14976.883,15331.477,15694.251,16065.537,16445.676,16835.023,17233.943,17642.814,18062.027,18491.989,18933.118,19385.852,19850.641,20327.956,20818.282,21322.127,21840.015,22372.494,22920.131,23483.516,24063.261,24660.003,25274.401,25907.135,26558.907,27230.442,27922.478,28635.766,29371.065,30129.129,30910.699,31716.484,32547.144,33403.258,34285.293,35193.558,36128.149,37088.890,38075.249,39086.264,40120.451,41175.728,42249.353,43337.909,44437.346,45543.101,46650.311,47754.109,48849.960,49933.989,51003.248,52055.879,53091.175,54109.542,55112.407,56102.099,57081.712,58054.990,59026.198,60000.000,60000.000,60000.000,60000.000,60000.000,60000.000,60000.000,60000.000,60000.000,60000.000,60000.000,60000.000,60000.000,60000.000,60000.000,59116.903,58260.323,57425.852,56594.321,55726.145,54816.883,53872.248,52898.704,51901.740,50885.666,49853.870,48809.311,47755.001,46694.308,45631.044,44569.344,43513.441,42467.404,41434.933,40419.207,39422.818,38447.766,37495.500,36566.975,35662.734,34782.978,33927.641,33096.444,32288.955,31504.627,30742.830,30002.885,29284.079,28585.683,27906.964,27247.193,26605.655,25981.649,25374.494,24783.531,24208.122,23647.654,23101.536,22569.201,22050.105,21543.724,21049.559,20567.128,20095.972,19635.650,19185.737,18745.828,18315.534,17894.482,17482.313,17078.682,16683.260,16295.728,15915.783,15543.131,15177.489,14818.587,14466.165,14119.969,13779.760,13445.305,13116.379,12792.766,12474.259,12160.656,11851.766,11547.400,11247.380,10951.531,10659.688,10371.687,10087.374,9806.598,9529.214,9255.081,8984.063,8716.030,8450.855,8188.416,7928.594,7671.275,7416.347,7163.704,6913.241,6664.858,6418.457,6173.944,5931.226,5690.215,5450.824,5212.969,4976.567,4741.540,4507.810,4275.300,4043.938,3813.652,3584.370,3356.025,3128.548,2901.874,2675.939,2450.677,2226.028,2001.928,1778.319,1555.139,1332.329,1109.831,887.587,665.539,443.630,221.802,0.000
0.000,205.978,411.999,618.074,824.214,1030.434,1236.747,1443.168,1649.713,1856.400,2063.248,2270.280,2477.519,2684.991,2892.725,3100.752,3309.108,3517.830,3726.960,3936.541,4146.622,4357.255,4568.497,4780.406,4993.048,5206.490,5420.807,5636.075,5852.376,6069.799,6288.434,6508.378,6729.732,6952.604,7177.105,7403.353,7631.470,7861.583,8093.825,8328.335,8565.257,8804.740,9046.940,9292.016,9540.136,9791.471,10046.200,10304.506,10566.580,10832.617,11102.820,11377.396,11656.562,11940.537,12229.550,12523.836,12823.636,13129.199,13440.781,13758.646,14083.065,14414.318,14752.692,15098.483,15451.998,15813.550,16183.464,16562.075,16949.726,17346.775,17753.588,18170.544,18598.035,19036.468,19486.260,19947.844,20421.668,20908.197,21407.909,21921.300,22448.885,22991.194,23548.774,24122.192,24712.031,25318.890,25943.383,26586.139,27247.795,27928.997,28630.389,29352.609,30096.281,30861.998,31650.307,32461.692,33296.543,34155.128,35037.552,35943.712,36873.248,37825.481,38799.355,39793.380,40805.585,41833.491,42874.120,43924.047,44979.509,46036.577,47091.372,48140.305,49180.315,50209.071,51225.102,52227.875,53217.798,54196.195,55165.250,56127.950,57088.031,58049.926,59018.708,60000.000,60000.000,60000.000,60000.000,60000.000,60000.000,60000.000,60000.000,60000.000,60000.000,60000.000,60000.000,60000.000,59090.520,58207.521,57346.376,56499.324,55652.650,54788.618,53900.002,52986.403,52050.111,51094.152,50121.526,49135.033,48137.381,47131.358,46119.984,45106.534,44094.478,43087.334,42088.507,41101.140,40128.003,39171.429,38233.298,37315.042,36417.692,35541.918,34688.087,33856.316,33046.518,32258.446,31491.732,30745.918,30020.477,29314.839,28628.402,27960.549,27310.656,26678.098,26062.258,25462.527,24878.312,24309.034,23754.131,23213.060,22685.293,22170.325,21667.665,21176.843,20697.406,20228.916,19770.955,19323.119,18885.019,18456.283,18036.552,17625.481,17222.738,16828.003,16440.969,16061.341,15688.835,15323.176,14964.100,14611.354,14264.692,13923.879,13588.689,13258.901,12934.306,12614.698,12299.883,11989.670,11683.878,11382.331,11084.857,10791.295,10501.485,10215.274,9932.515,9653.066,9376.789,9103.551,8833.223,8565.683,8300.809,8038.485,7778.600,7521.045,7265.715,7012.508,6761.325,6512.071,6264.654,6018.984,5774.972,5532.537,5291.593,5052.063,4813.868,4576.933,4341.183,4106.547,3872.955,3640.339,3408.630,3177.764,2947.677,2718.305,2489.587,2261.461,2033.868,1806.750,1580.046,1353.701,1127.658,901.859,676.249,450.773,225.375,0.000
0.000,209.781,419.600,629.465,839.385,1049.367,1259.423,1469.562,1679.798,1890.143,2100.614,2311.229,2522.008,2732.974,2944.152,3155.570,3367.260,3579.257,3791.598,4004.326,4217.485,4431.126,4645.301,4860.069,5075.492,5291.636,5508.572,5726.376,5945.128,6164.915,6385.826,6607.956,6831.406,7056.282,7282.694,7510.759,7740.598,7972.338,8206.111,8442.055,8680.314,8921.035,9164.374,9410.491,9659.551,9911.727,10167.194,10426.137,10688.744,10955.212,11225.739,11500.535,11779.812,12063.791,12352.696,12646.762,12946.227,13251.337,13562.346,13879.515,14203.109,14533.406,14870.689,15215.247,15567.381,15927.399,16295.617,16672.361,17057.967,17452.781,17857.160,18271.468,18696.085,19131.399,19577.811,20035.736,20505.600,20987.841,21482.914,21991.282,22513.428,23049.842,23601.033,24167.520,24749.833,25348.513,25964.111,26597.182,27248.284,27917.971,28606.791,29315.272,30043.917,30793.188,31563.493,32355.164,33168.433,34003.409,34860.037,35738.069,36637.017,37556.114,38494.269,39450.034,40421.575,41406.667,42402.716,43406.814,44415.832,45426.555,46435.849,47440.834,48439.069,49428.698,50408.571,51378.315,52338.371,53290.013,54235.341,55177.285,56119.623,57067.013,58025.034,59000.217,60000.000,60000.000,60000.000,60000.000,60000.000,60000.000,60000.000,60000.000,60000.000,60000.000,60000.000,59060.332,58154.803,57276.638,56418.800,55572.980,54729.003,53876.439,53008.964,52124.205,51222.236,50304.373,49372.483,48428.680,47475.229,46514.564,45549.313,44582.290,43616.437,42654.724,41700.038,40755.077,39822.265,38903.696,38001.112,37115.901,36249.112,35401.495,34573.526,33765.459,32977.352,32209.110,31460.514,30731.248,30020.921,29329.087,28655.261,27998.931,27359.567,26736.634,26129.590,25537.900,24961.032,24398.464,23849.686,23314.200,22791.521,22281.180,21782.720,21295.701,20819.696,20354.294,19899.097,19453.724,19017.802,18590.978,18172.906,17763.256,17361.709,16967.956,16581.702,16202.661,15830.557,15465.126,15106.110,14753.263,14406.347,14065.134,13729.401,13398.935,13073.531,12752.989,12437.118,12125.734,11818.657,11515.717,11216.746,10921.585,10630.078,10342.076,10057.436,9776.017,9497.685,9222.311,8949.767,8679.934,8412.693,8147.932,7885.540,7625.412,7367.445,7111.540,6857.600,6605.532,6355.246,6106.654,5859.672,5614.217,5370.208,5127.569,4886.223,4646.097,4407.119,4169.219,3932.330,3696.384,3461.316,3227.064,2993.563,2760.754,2528.577,2296.971,2065.881,1835.247,1605.015,1375.128,1145.530,916.169,686.989,457.936,228.958,0.000
0.000,213.638,427.311,641.021,854.772,1068.570,1282.419,1496.327,1710.300,1924.349,2138.486,2352.726,2567.083,2781.578,2996.231,3211.068,3426.117,3641.409,3856.978,4072.865,4289.110,4505.762,4722.871,4940.491,5158.684,5377.512,5597.046,5817.359,6038.530,6260.643,6483.785,6708.052,6933.542,7160.360,7388.615,7618.423,7849.905,8083.185,8318.396,8555.675,8795.164,9037.012,9281.372,9528.403,9778.271,10031.147,10287.206,10546.633,10809.614,11076.343,11347.021,11621.854,11901.053,12184.837,12473.429,12767.061,13065.970,13370.398,13680.595,13996.820,14319.335,14648.411,14984.327,15327.367,15677.825,16036.003,16402.208,16776.759,17159.982,17552.212,17953.793,18365.077,18786.429,19218.223,19660.839,20114.674,20580.131,21057.624,21547.579,22050.433,22566.631,23096.629,23640.893,24199.897,24774.120,25364.048,25970.168,26592.967,27232.928,27890.522,28566.205,29260.406,29973.521,30705.897,31457.821,32229.497,33021.028,33832.395,34663.423,35513.755,36382.824,37269.812,38173.634,39092.904,40025.935,40970.734,41925.038,42886.359,43852.068,44819.502,45786.088,46749.484,47707.712,48659.277,49603.272,50539.449,51468.272,52390.960,53309.526,54226.830,55146.660,56073.851,57014.458,57975.967,58967.518,60000.000,60000.000,60000.000,60000.000,60000.000,60000.000,60000.000,60000.000,60000.000,59019.228,58086.784,57192.096,56325.916,55479.797,54645.487,53814.735,52980.058,52136.189,51280.293,50411.423,49529.874,48636.699,47733.406,46821.806,45903.951,44982.090,44058.632,43136.088,42216.993,41303.822,40398.912,39504.396,38622.155,37753.794,36900.634,36063.717,35243.830,34441.525,33657.150,32890.877,32142.729,31412.609,30700.321,30005.590,29328.080,28667.409,28023.160,27394.891,26782.147,26184.461,25601.363,25032.383,24477.053,23934.913,23405.509,22888.399,22383.148,21889.336,21406.550,20934.392,20472.477,20020.428,19577.883,19144.493,18719.917,18303.828,17895.909,17495.853,17103.367,16718.163,16339.968,15968.515,15603.547,15244.817,14892.085,14545.121,14203.703,13867.614,13536.648,13210.603,12889.288,12572.514,12260.102,11951.879,11647.676,11347.330,11050.686,10757.593,10467.904,10181.479,9898.182,9617.881,9340.449,9065.765,8793.709,8524.166,8257.027,7992.185,7729.535,7468.979,7210.418,6953.760,6698.914,6445.791,6194.307,5944.380,5695.928,5448.873,5203.142,4958.659,4715.354,4473.158,4232.001,3991.819,3752.547,3514.122,3276.482,3039.567,2803.317,2567.675,2332.585,2097.989,1863.833,1630.062,1396.622,1163.461,930.525,697.763,465.123,232.552,0.000
0.000,217.556,435.141,652.756,870.398,1088.068,1305.767,1523.496,1741.260,1959.064,2176.916,2394.824,2612.803,2830.865,3049.030,3267.318,3485.754,3704.365,3923.184,4142.245,4361.588,4581.258,4801.301,5021.771,5242.726,5464.225,5686.338,5909.136,6132.695,6357.097,6582.429,6808.785,7036.262,7264.961,7494.994,7726.473,7959.518,8194.254,8430.811,8669.327,8909.942,9152.805,9398.067,9645.889,9896.434,10149.872,10406.379,10666.137,10929.332,11196.159,11466.814,11741.504,12020.437,12303.831,12591.908,12884.896,13183.030,13486.549,13795.701,14110.740,14431.924,14759.519,15093.800,15435.044,15783.540,16139.580,16503.467,16875.508,17256.020,17645.327,18043.761,18451.661,18869.377,19297.265,19735.690,20185.026,20645.655,21117.966,21602.359,22099.239,22609.020,23132.121,23668.967,24219.988,24785.615,25366.278,25962.408,26574.426,27202.744,27847.758,28509.838,29189.328,29886.526,30601.682,31334.975,32086.506,32856.272,33644.153,34449.883,35273.031,36112.976,36968.884,37839.692,38724.093,39620.536,40527.239,41442.213,42363.311,43288.299,44214.937,45141.079,46064.782,46984.410,47898.733,48807.010,49709.065,50605.342,51496.967,52385.813,53274.587,54166.965,55067.792,55983.380,56921.952,57894.250,58914.284,60000.000,60000.000,60000.000,60000.000,60000.000,60000.000,60000.000,58959.133,57990.404,57075.875,56201.396,55355.754,54529.711,53715.261,52905.313,52093.884,51276.549,50450.551,49614.571,48768.373,47912.489,47047.975,46176.258,45299.043,44418.240,43535.912,42654.215,41775.333,40901.408,40034.484,39176.447,38328.991,37493.593,36671.498,35863.722,35071.066,34294.127,33533.320,32788.901,32060.988,31349.581,30654.584,29975.820,29313.050,28665.981,28034.282,27417.593,26815.529,26227.693,25653.678,25093.070,24545.455,24010.419,23487.554,22976.455,22476.726,21987.977,21509.828,21041.907,20583.852,20135.311,19695.944,19265.419,18843.412,18429.614,18023.721,17625.441,17234.492,16850.600,16473.499,16102.935,15738.659,15380.432,15028.023,14681.209,14339.775,14003.510,13672.215,13345.694,13023.759,12706.230,12392.931,12083.693,11778.352,11476.749,11178.735,10884.160,10592.883,10304.767,10019.678,9737.490,9458.078,9181.324,8907.111,8635.329,8365.869,8098.628,7833.505,7570.403,7309.228,7049.888,6792.296,6536.366,6282.015,6029.164,5777.735,5527.652,5278.842,5031.234,4784.760,4539.351,4294.942,4051.469,3808.871,3567.087,3326.056,3085.722,2846.026,2606.913,2368.327,2130.217,1892.527,1655.206,1418.202,1181.463,944.940,708.582,472.339,236.161,0.000
0.000,221.539,443.103,664.686,886.283,1107.888,1329.498,1551.109,1772.721,1994.335,2215.953,2437.581,2659.227,2880.901,3102.618,3324.394,3546.250,3768.209,3990.301,4212.557,4435.013,4657.710,4880.694,5104.014,5327.724,5551.885,5776.560,6001.820,6227.739,6454.397,6681.880,6910.279,7139.690,7370.214,7601.959,7835.039,8069.570,8305.678,8543.492,8783.148,9024.787,9268.554,9514.604,9763.092,10014.184,10268.049,10524.860,10784.799,11048.052,11314.811,11585.273,11859.641,12138.124,12420.936,12708.298,13000.435,13297.579,13599.968,13907.845,14221.459,14541.067,14866.928,15199.311,15538.489,15884.743,16238.358,16599.629,16968.853,17346.339,17732.398,18127.350,18531.521,18945.246,19368.863,19802.721,20247.173,20702.578,21169.302,21647.717,22138.200,22641.132,23156.895,23685.878,24228.466,24785.043,25355.992,25941.684,26542.483,27158.734,27790.763,28438.868,29103.310,29784.307,30482.019,31196.540,31927.883,32675.960,33440.570,34221.383,35017.914,35829.513,36655.346,37494.385,38345.404,39206.980,40077.507,40955.226,41838.267,42724.701,43612.612,44500.175,45385.742,46267.920,47145.657,48018.309,48885.709,49748.223,50606.820,51463.142,52319.610,53179.590,54047.631,54929.865,55834.639,56773.539,57763.043,58827.031,60000.000,60000.000,60000.000,60000.000,60000.000,58865.530,57846.424,56907.804,56025.461,55182.512,54366.753,53568.893,52781.491,51998.423,51214.757,50426.802,49632.110,48829.338,48018.044,47198.476,46371.393,45537.935,44699.524,43857.789,43014.508,42171.546,41330.802,40494.148,39663.385,38840.196,38026.111,37222.487,36430.494,35651.113,34885.141,34133.200,33395.752,32673.113,31965.475,31272.916,30595.423,29932.903,29285.196,28652.091,28033.332,27428.629,26837.667,26260.111,25695.610,25143.806,24604.333,24076.825,23560.913,23056.233,22562.422,22079.122,21605.984,21142.662,20688.819,20244.128,19808.265,19380.920,18961.788,18550.573,18146.988,17750.754,17361.602,16979.269,16603.502,16234.055,15870.689,15513.174,15161.288,14814.815,14473.546,14137.279,13805.820,13478.979,13156.575,12838.432,12524.379,12214.253,11907.894,11605.150,11305.871,11009.916,10717.146,10427.427,10140.631,9856.633,9575.314,9296.557,9020.250,8746.286,8474.559,8204.968,7937.416,7671.809,7408.056,7146.067,6885.758,6627.046,6369.852,6114.098,5859.707,5606.609,5354.732,5104.007,4854.368,4605.751,4358.091,4111.328,3865.402,3620.253,3375.826,3132.065,2888.913,2646.318,2404.227,2162.588,1921.351,1680.466,1439.882,1199.550,959.423,719.452,479.589,239.788,0.000
0.000,225.593,451.207,676.829,902.450,1128.058,1353.645,1579.203,1804.726,2030.210,2255.653,2481.056,2706.422,2931.756,3157.070,3382.374,3607.687,3833.028,4058.421,4283.895,4509.483,4735.222,4961.154,5187.327,5413.792,5640.605,5867.830,6095.533,6323.787,6552.670,6782.266,7012.665,7243.960,7476.252,7709.647,7944.258,8180.200,8417.598,8656.581,8897.282,9139.842,9384.407,9631.128,9880.163,10131.673,10385.829,10642.803,10902.775,11165.931,11432.461,11702.560,11976.431,12254.281,12536.321,12822.771,13113.854,13409.798,13710.838,14017.215,14329.172,14646.963,14970.841,15301.072,15637.920,15981.661,16332.572,16690.939,17057.052,17431.207,17813.705,18204.855,18604.968,19014.364,19433.365,19862.301,20301.506,20751.316,21212.075,21684.128,22167.823,22663.508,23171.535,23692.252,24226.004,24773.133,25333.971,25908.840,26498.046,27101.877,27720.595,28354.430,29003.573,29668.170,30348.308,31044.006,31755.203,32481.745,33223.371,33979.699,34750.212,35534.244,36330.974,37139.414,37958.414,38786.664,39622.709,40464.980,41311.821,42161.546,43012.482,43863.043,44711.788,45557.491,46399.205,47236.317,48068.609,48896.309,49720.146,50541.428,51362.133,52185.065,53014.086,53854.511,54713.783,55602.686,56537.641,57545.256,58671.593,60000.000,60000.000,60000.000,58703.303,57616.026,56653.689,55769.513,54936.349,54137.242,53360.758,52598.619,51844.478,51093.317,50341.189,49585.149,48823.189,48054.149,47277.591,46493.656,45702.941,44906.396,44105.232,43300.861,42494.831,41688.774,40884.358,40083.240,39287.019,38497.206,37715.191,36942.226,36179.408,35427.676,34687.816,33960.458,33246.095,32545.089,31857.685,31184.027,30524.166,29878.081,29245.682,28626.824,28021.321,27428.945,26849.443,26282.535,25727.926,25185.307,24654.359,24134.758,23626.176,23128.284,22640.754,22163.259,21695.479,21237.094,20787.792,20347.266,19915.217,19491.350,19075.379,18667.024,18266.014,17872.084,17484.975,17104.439,16730.233,16362.121,15999.874,15643.272,15292.100,14946.150,14605.221,14269.118,13937.653,13610.643,13287.913,12969.291,12654.614,12343.722,12036.460,11732.682,11432.242,11135.002,10840.829,10549.592,10261.168,9975.435,9692.276,9411.580,9133.239,8857.146,8583.201,8311.306,8041.366,7773.291,7506.993,7242.385,6979.385,6717.915,6457.896,6199.253,5941.916,5685.812,5430.876,5177.040,4924.240,4672.414,4421.502,4171.444,3922.184,3673.664,3425.832,3178.632,2932.012,2685.922,2440.311,2195.130,1950.329,1705.861,1461.679,1217.736,973.986,730.382,486.880,243.435,0.000
0.000,229.724,459.464,689.202,918.922,1148.607,1378.244,1607.820,1837.322,2066.742,2296.073,2525.311,2754.453,2983.502,3212.462,3441.341,3670.153,3898.912,4127.639,4356.359,4585.101,4813.900,5042.794,5271.826,5501.046,5730.507,5960.270,6190.400,6420.966,6652.046,6883.720,7116.077,7349.209,7583.215,7818.199,8054.274,8291.554,8530.162,8770.226,9011.879,9255.260,9500.515,9747.795,9997.255,10249.058,10503.372,10760.368,11020.227,11283.132,11549.272,11818.843,12092.043,12369.079,12650.162,12935.507,13225.334,13519.872,13819.349,14124.004,14434.078,14749.816,15071.471,15399.300,15733.563,16074.527,16422.465,16777.651,17140.367,17510.900,17889.539,18276.579,18672.321,19077.067,19491.125,19914.805,20348.422,20792.293,21246.736,21712.071,22188.619,22676.698,23176.626,23688.716,24213.276,24750.604,25300.989,25864.705,26442.008,27033.130,27638.276,28257.618,28891.286,29539.361,30201.868,30878.763,31569.927,32275.152,32994.131,33726.444,34471.553,35228.790,35997.349,36776.285,37564.517,38360.833,39163.907,39972.317,40784.584,41599.201,42414.681,43229.607,44042.683,44852.785,45659.010,46460.723,47257.600,48049.671,48837.357,49621.531,50403.581,51185.509,51970.096,52761.167,53564.046,54386.418,55240.090,56145.129,57141.322,58326.016,60000.000,58348.686,57197.564,56242.100,55383.433,54580.963,53814.039,53070.305,52341.469,51621.490,50905.720,50190.493,49472.936,48750.898,48022.909,47288.120,46546.232,45797.407,45042.187,44281.411,43516.155,42747.668,41977.322,41206.567,40436.889,39669.766,38906.636,38148.866,37397.727,36654.376,35919.843,35195.027,34480.692,33777.471,33085.874,32406.295,31739.021,31084.245,30442.076,29812.546,29195.627,28591.234,27999.238,27419.468,26851.724,26295.781,25751.390,25218.290,24696.204,24184.849,23683.935,23193.166,22712.249,22240.886,21778.782,21325.647,20881.190,20445.127,20017.178,19597.069,19184.529,18779.297,18381.114,17989.729,17604.899,17226.386,16853.957,16487.388,16126.460,15770.962,15420.686,15075.433,14735.011,14399.231,14067.911,13740.876,13417.956,13098.986,12783.807,12472.265,12164.211,11859.502,11557.998,11259.566,10964.075,10671.401,10381.423,10094.023,9809.090,9526.515,9246.192,8968.021,8691.904,8417.746,8145.456,7874.947,7606.133,7338.931,7073.264,6809.053,6546.225,6284.708,6024.433,5765.332,5507.340,5250.394,4994.433,4739.396,4485.227,4231.868,3979.265,3727.364,3476.113,3225.462,2975.360,2725.759,2476.610,2227.867,1979.483,1731.413,1483.612,1236.036,988.640,741.382,494.218,247.105,0.000
0.000,233.939,467.888,701.823,935.723,1169.566,1403.331,1637.000,1870.557,2103.985,2337.273,2570.411,2803.393,3036.214,3268.876,3501.381,3733.737,3965.956,4198.055,4430.053,4661.977,4893.856,5125.727,5357.629,5589.608,5821.717,6054.011,6286.553,6519.412,6752.662,6986.382,7220.657,7455.580,7691.248,7927.764,8165.237,8403.782,8643.521,8884.581,9127.093,9371.198,9617.038,9864.764,10114.532,10366.501,10620.841,10877.721,11137.322,11399.825,11665.418,11934.295,12206.654,12482.699,12762.640,13046.689,13335.065,13627.992,13925.698,14228.415,14536.382,14849.840,15169.036,15494.220,15825.650,16163.584,16508.286,16860.024,17219.070,17585.700,17960.193,18342.833,18733.905,19133.698,19542.503,19960.615,20388.328,20825.937,21273.739,21732.030,22201.102,22681.248,23172.751,23675.894,24190.946,24718.167,25257.806,25810.092,26375.234,26953.417,27544.794,28149.483,28767.562,29399.058,30043.940,30702.115,31373.415,32057.589,32754.293,33463.085,34183.412,34914.608,35655.888,36406.348,37164.969,37930.620,38702.081,39478.053,40257.187,41038.117,41819.491,42600.012,43378.473,44153.805,44925.102,45691.665,46453.022,47208.959,47959.543,48705.141,49446.445,50184.500,50920.741,51657.039,52395.742,53139.671,53891.883,54654.440,55423.005,56163.021,56700.418,56197.665,55496.774,54772.096,54057.804,53357.792,52669.560,51989.585,51314.527,50641.439,49967.792,49291.453,48610.694,47924.208,47231.114,46530.950,45823.643,45109.460,44388.962,43662.951,42932.421,42198.509,41462.462,40725.588,39989.229,39254.722,38523.372,37796.429,37075.062,36360.346,35653.250,34954.632,34265.233,33585.682,32916.499,32258.098,31610.798,30974.832,30350.351,29737.437,29136.111,28546.340,27968.043,27401.101,26845.363,26300.649,25766.756,25243.464,24730.537,24227.728,23734.784,23251.442,22777.437,22312.503,21856.370,21408.772,20969.442,20538.118,20114.538,19698.447,19289.593,18887.728,18492.610,18104.001,17721.671,17345.393,16974.948,16610.119,16250.700,15896.486,15547.280,15202.892,14863.135,14527.829,14196.799,13869.877,13546.897,13227.702,12912.138,12600.057,12291.315,11985.773,11683.298,11383.759,11087.032,10792.995,10501.533,10212.532,9925.884,9641.485,9359.232,9079.029,8800.781,8524.398,8249.791,7976.876,7705.573,7435.800,7167.483,6900.548,6634.924,6370.541,6107.335,5845.240,5584.194,5324.137,5065.010,4806.756,4549.321,4292.651,4036.693,3781.398,3526.714,3272.595,3018.992,2765.860,2513.153,2260.827,2008.837,1757.142,1505.698,1254.464,1003.398,752.459,501.607,250.801,0.000
0.000,238.243,476.491,714.712,952.880,1190.967,1428.945,1666.791,1904.481,2141.995,2379.315,2616.425,2853.314,3089.973,3326.396,3562.582,3798.535,4034.261,4269.772,4505.085,4740.221,4975.207,5210.074,5444.861,5679.608,5914.365,6149.185,6384.130,6619.264,6854.660,7090.395,7326.553,7563.224,7800.503,8038.492,8277.301,8517.041,8757.835,8999.806,9243.088,9487.818,9734.139,9982.201,10232.158,10484.172,10738.407,10995.035,11254.234,11516.185,11781.075,12049.096,12320.445,12595.325,12873.943,13156.509,13443.240,13734.357,14030.085,14330.654,14636.296,14947.250,15263.757,15586.064,15914.419,16249.076,16590.290,16938.322,17293.435,17655.895,18025.970,18403.931,18790.050,19184.604,19587.867,20000.116,20421.627,20852.677,21293.539,21744.486,22205.786,22677.702,23160.491,23654.402,24159.670,24676.522,25205.166,25745.793,26298.568,26863.632,27441.095,28031.028,28633.460,29248.373,29875.691,30515.278,31166.927,31830.352,32505.183,33190.961,33887.126,34593.018,35307.874,36030.827,36760.909,37497.064,38238.154,38982.975,39730.284,40478.817,41227.319,41974.572,42719.425,43460.821,44197.823,44929.633,45655.610,46375.275,47088.314,47794.566,48493.999,49186.664,49872.606,50551.697,51223.314,51885.653,52534.251,53158.569,53733.975,54203.315,54441.675,54245.540,53820.611,53292.634,52718.912,52123.947,51518.012,50905.224,50286.967,49663.383,49034.069,48398.421,47755.844,47105.862,46448.198,45782.806,45109.879,44429.845,43743.336,43051.162,42354.281,41653.765,40950.766,40246.492,39542.171,38839.031,38138.268,37441.035,36748.416,36061.414,35380.945,34707.828,34042.780,33386.422,32739.275,32101.771,31474.250,30856.973,30250.130,29653.841,29068.168,28493.122,27928.667,27374.727,26831.193,26297.928,25774.768,25261.533,24758.022,24264.025,23779.319,23303.674,22836.853,22378.617,21928.723,21486.926,21052.983,20626.652,20207.691,19795.862,19390.929,18992.662,18600.832,18215.215,17835.594,17461.753,17093.485,16730.584,16372.852,16020.095,15672.125,15328.759,14989.818,14655.130,14324.527,13997.847,13674.931,13355.629,13039.791,12727.275,12417.944,12111.662,11808.302,11507.738,11209.850,10914.522,10621.641,10331.099,10042.792,9756.619,9472.483,9190.289,8909.948,8631.372,8354.478,8079.184,7805.412,7533.087,7262.135,6992.488,6724.075,6456.833,6190.699,5925.610,5661.507,5398.334,5136.034,4874.555,4613.843,4353.847,4094.520,3835.812,3577.678,3320.070,3062.945,2806.260,2549.971,2294.037,2038.417,1783.069,1527.956,1273.036,1018.271,763.624,509.054,254.526,0.000
0.000,242.644,485.286,727.890,970.420,1212.843,1455.126,1697.237,1939.148,2180.832,2422.264,2663.425,2904.295,3144.860,3385.111,3625.040,3864.646,4103.931,4342.901,4581.570,4819.953,5058.075,5295.963,5533.651,5771.178,6008.588,6245.935,6483.274,6720.669,6958.190,7195.912,7433.918,7672.295,7911.137,8150.546,8390.627,8631.494,8873.266,9116.068,9360.029,9605.289,9851.989,10100.277,10350.309,10602.243,10856.246,11112.487,11371.142,11632.393,11896.426,12163.431,12433.604,12707.147,12984.263,13265.162,13550.059,13839.171,14132.720,14430.932,14734.038,15042.270,15355.866,15675.066,16000.113,16331.254,16668.738,17012.817,17363.745,17721.778,18087.174,18460.191,18841.092,19230.136,19627.583,20033.695,20448.730,20872.945,21306.592,21749.923,22203.180,22666.603,23140.419,23624.847,24120.095,24626.352,25143.794,25672.575,26212.821,26764.636,27328.087,27903.206,28489.982,29088.356,29698.216,30319.387,30951.632,31594.640,32248.020,32911.300,33583.918,34265.225,34954.475,35650.837,36353.389,37061.132,37772.997,38487.857,39204.546,39921.878,40638.665,41353.740,42065.976,42774.309,43477.746,44175.378,44866.385,45550.023,46225.606,46892.471,47549.909,48197.064,48832.756,49455.189,50061.445,50646.584,51202.028,51712.670,52152.011,52475.551,52618.399,52523.218,52248.566,51860.051,51402.473,50902.357,50374.676,49827.765,49266.242,48692.641,48108.331,47514.045,46910.193,46297.064,45674.944,45044.194,44405.290,43758.836,43105.568,42446.336,41782.094,41113.878,40442.782,39769.935,39096.482,38423.562,37752.289,37083.731,36418.903,35758.748,35104.133,34455.841,33814.566,33180.917,32555.416,31938.501,31330.529,30731.787,30142.489,29562.791,28992.787,28432.526,27882.010,27341.200,26810.027,26288.388,25776.158,25273.190,24779.318,24294.363,23818.132,23350.424,22891.031,22439.736,21996.323,21560.568,21132.251,20711.148,20297.036,19889.694,19488.904,19094.449,18706.116,18323.694,17946.977,17575.764,17209.855,16849.057,16493.183,16142.046,15795.468,15453.273,15115.291,14781.357,14451.310,14124.996,13802.262,13482.962,13166.955,12854.104,12544.275,12237.341,11933.177,11631.664,11332.686,11036.132,10741.893,10449.866,10159.950,9872.050,9586.071,9301.925,9019.524,8738.785,8459.628,8181.976,7905.754,7630.890,7357.316,7084.963,6813.768,6543.668,6274.604,6006.517,5739.352,5473.054,5207.571,4942.852,4678.849,4415.512,4152.796,3890.656,3629.049,3367.930,3107.259,2846.994,2587.097,2327.527,2068.246,1809.217,1550.404,1291.767,1033.273,774.884,516.566,258.283,0.000
0.000,247.149,494.289,741.377,988.372,1235.231,1481.916,1728.389,1974.614,2220.558,2466.191,2711.485,2956.416,3200.965,3445.115,3688.854,3932.174,4175.074,4417.555,4659.625,4901.297,5142.589,5383.525,5624.136,5864.457,6104.531,6344.404,6584.134,6823.778,7063.406,7303.091,7542.912,7782.956,8023.315,8264.089,8505.384,8747.311,8989.987,9233.537,9478.092,9723.786,9970.764,10219.171,10469.163,10720.897,10974.540,11230.259,11488.232,11748.637,12011.660,12277.491,12546.324,12818.359,13093.798,13372.850,13655.725,13942.640,14233.813,14529.467,14829.829,15135.127,15445.595,15761.467,16082.980,16410.375,16743.894,17083.781,17430.282,17783.643,18144.112,18511.937,18887.365,19270.645,19662.022,20061.741,20470.044,20887.169,21313.351,21748.817,22193.790,22648.482,23113.097,23587.827,24072.848,24568.323,25074.394,25591.181,26118.778,26657.253,27206.637,27766.928,28338.079,28919.998,29512.539,30115.502,30728.620,31351.563,31983.926,32625.228,33274.909,33932.329,34596.762,35267.405,35943.378,36623.729,37307.442,37993.453,38680.655,39367.916,40054.097,40738.060,41418.686,42094.886,42765.603,43429.816,44086.531,44734.760,45373.485,46001.603,46617.835,47220.592,47807.762,48376.387,48922.153,49438.604,49915.941,50339.351,50687.089,50929.696,51034.368,50981.612,50791.668,50497.872,50129.970,49709.793,49252.097,48766.513,48259.255,47734.334,47194.365,46641.095,46075.748,45499.248,44912.374,44315.856,43710.431,43096.886,42476.065,41848.881,41216.303,40579.351,39939.081,39296.570,38652.899,38009.138,37366.332,36725.486,36087.551,35453.422,34823.921,34199.799,33581.729,32970.305,32366.047,31769.395,31180.721,30600.327,30028.450,29465.270,28910.913,28365.458,27828.938,27301.349,26782.653,26272.782,25771.641,25279.117,24795.072,24319.358,23851.810,23392.252,22940.502,22496.368,22059.655,21630.162,21207.688,20792.027,20382.977,19980.331,19583.888,19193.445,18808.803,18429.765,18056.137,17687.728,17324.351,16965.823,16611.965,16262.601,15917.561,15576.679,15239.791,14906.739,14577.371,14251.539,13929.096,13609.904,13293.826,12980.731,12670.492,12362.987,12058.095,11755.704,11455.701,11157.981,10862.439,10568.977,10277.500,9987.913,9700.129,9414.062,9129.631,8846.754,8565.355,8285.363,8006.704,7729.313,7453.121,7178.068,6904.090,6631.131,6359.133,6088.041,5817.803,5548.369,5279.688,5011.714,4744.399,4477.701,4211.575,3945.979,3680.873,3416.216,3151.970,2888.098,2624.561,2361.324,2098.352,1835.609,1573.061,1310.674,1048.415,786.251,524.149,262.076,0.000
0.000,251.765,503.514,755.197,1006.764,1258.168,1509.360,1760.298,2010.938,2261.239,2511.166,2760.684,3009.764,3258.377,3506.504,3754.125,4001.228,4247.805,4493.853,4739.376,4984.380,5228.881,5472.898,5716.457,5959.592,6202.340,6444.747,6686.864,6928.750,7170.470,7412.094,7653.700,7895.374,8137.207,8379.296,8621.745,8864.665,9108.174,9352.393,9597.454,9843.491,10090.646,10339.066,10588.904,10840.319,11093.475,11348.541,11605.692,11865.107,12126.971,12391.471,12658.802,12929.162,13202.752,13479.777,13760.448,14044.977,14333.581,14626.479,14923.895,15226.052,15533.180,15845.509,16163.269,16486.696,16816.025,17151.492,17493.334,17841.789,18197.095,18559.489,18929.207,19306.483,19691.551,20084.640,20485.975,20895.778,21314.264,21741.641,22178.111,22623.864,23079.079,23543.922,24018.545,24503.082,24997.646,25502.327,26017.190,26542.271,27077.571,27623.055,28178.648,28744.228,29319.624,29904.610,30498.901,31102.148,31713.937,32333.784,32961.130,33595.344,34235.720,34881.481,35531.780,36185.703,36842.283,37500.499,38159.291,38817.570,39474.226,40128.140,40778.189,41423.253,42062.212,42693.941,43317.291,43931.067,44533.975,45124.562,45701.115,46261.523,46803.068,47322.138,47813.814,48271.318,48685.314,49043.194,49328.754,49523.215,49609.205,49578.655,49440.113,49211.333,48911.323,48556.384,48159.098,47728.688,47271.745,46792.949,46295.634,45782.219,45254.511,44713.924,44161.628,43598.661,43025.990,42444.564,41855.339,41259.287,40657.407,40050.717,39440.250,38827.045,38212.136,37596.539,36981.243,36367.199,35755.311,35146.425,34541.329,33940.744,33345.320,32755.639,32172.215,31595.490,31025.842,30463.585,29908.975,29362.213,28823.449,28292.785,27770.285,27255.972,26749.837,26251.840,25761.918,25279.981,24805.923,24339.620,23880.933,23429.712,22985.797,22549.019,22119.203,21696.170,21279.736,20869.716,20465.921,20068.164,19676.256,19290.010,18909.240,18533.761,18163.393,17797.955,17437.270,17081.167,16729.475,16382.029,16038.666,15699.227,15363.559,15031.511,14702.937,14377.695,14055.646,13736.659,13420.602,13107.350,12796.782,12488.780,12183.232,11880.027,11579.060,11280.229,10983.435,10688.584,10395.584,10104.349,9814.792,9526.834,9240.395,8955.400,8671.777,8389.456,8108.371,7828.457,7549.653,7271.898,6995.135,6719.310,6444.369,6170.261,5896.937,5624.350,5352.453,5081.203,4810.556,4540.472,4270.910,4001.831,3733.198,3464.973,3197.121,2929.607,2662.398,2395.460,2128.760,1862.266,1595.948,1329.773,1063.712,797.734,531.809,265.908,0.000
0.000,256.500,512.977,769.372,1025.628,1281.691,1537.504,1793.017,2048.179,2302.943,2557.266,2811.105,3064.426,3317.193,3569.380,3820.962,4071.921,4322.243,4571.921,4820.951,5069.338,5317.090,5564.225,5810.763,6056.734,6302.173,6547.121,6791.629,7035.750,7279.548,7523.091,7766.456,8009.725,8252.989,8496.343,8739.890,8983.740,9228.009,9472.821,9718.303,9964.590,10211.823,10460.151,10709.723,10960.701,11213.245,11467.527,11723.720,11982.001,12242.556,12505.572,12771.242,13039.761,13311.330,13586.154,13864.440,14146.399,14432.244,14722.193,15016.464,15315.280,15618.863,15927.439,16241.235,16560.479,16885.400,17216.227,17553.189,17896.515,18246.433,18603.172,18966.954,19338.004,19716.539,20102.777,20496.926,20899.192,21309.774,21728.861,22156.633,22593.262,23038.903,23493.700,23957.781,24431.254,24914.206,25406.702,25908.778,26420.443,26941.673,27472.404,28012.536,28561.923,29120.371,29687.635,30263.414,30847.348,31439.014,32037.926,32643.529,33255.203,33872.259,34493.942,35119.433,35747.855,36378.272,37009.705,37641.127,38271.482,38899.682,39524.616,40145.154,40760.147,41368.417,41968.752,42559.879,43140.436,43708.923,44263.634,44802.565,45323.284,45822.760,46297.139,46741.454,47149.301,47512.521,47821.042,48063.176,48226.854,48302.232,48285.348,48180.483,47997.742,47749.368,47447.126,47101.079,46719.302,46308.051,45872.100,45415.078,44939.767,44448.341,43942.550,43423.854,42893.524,42352.713,41802.508,41243.957,40678.094,40105.945,39528.534,38946.881,38361.998,37774.881,37186.506,36597.814,36009.713,35423.064,34838.676,34257.303,33679.639,33106.316,32537.901,31974.899,31417.753,30866.845,30322.497,29784.979,29254.508,28731.253,28215.340,27706.853,27205.841,26712.320,26226.276,25747.668,25276.436,24812.495,24355.747,23906.075,23463.353,23027.440,22598.191,22175.449,21759.053,21348.840,20944.638,20546.277,20153.583,19766.385,19384.506,19007.775,18636.020,18269.070,17906.757,17548.915,17195.382,16845.996,16500.601,16159.044,15821.174,15486.843,15155.911,14828.238,14503.688,14182.130,13863.438,13547.487,13234.158,12923.335,12614.908,12308.767,12004.808,11702.931,11403.038,11105.037,10808.838,10514.353,10221.500,9930.198,9640.371,9351.945,9064.848,8779.012,8494.372,8210.865,7928.431,7647.011,7366.551,7086.996,6808.295,6530.398,6253.259,5976.832,5701.072,5425.937,5151.387,4877.382,4603.884,4330.857,4058.263,3786.070,3514.244,3242.751,2971.561,2700.642,2429.964,2159.498,1889.214,1619.085,1349.081,1079.177,809.343,539.553,269.781,0.000
0.000,261.363,522.694,783.927,1044.998,1305.842,1566.398,1826.604,2086.404,2345.743,2604.569,2862.835,3120.496,3377.512,3633.849,3889.478,4144.372,4398.513,4651.887,4904.487,5156.311,5407.363,5657.656,5907.207,6156.041,6404.190,6651.693,6898.595,7144.949,7390.815,7636.260,7881.358,8126.190,8370.844,8615.415,8860.005,9104.723,9349.684,9595.010,9840.829,10087.275,10334.490,10582.620,10831.816,11082.238,11334.049,11587.416,11842.514,12099.521,12358.620,12619.999,12883.848,13150.364,13419.745,13692.195,13967.919,14247.126,14530.027,14816.837,15107.771,15403.047,15702.885,16007.507,16317.133,16631.987,16952.290,17278.266,17610.135,17948.119,18292.438,18643.307,19000.943,19365.555,19737.350,20116.531,20503.295,20897.829,21300.317,21710.932,22129.835,22557.177,22993.095,23437.713,23891.133,24353.443,24824.707,25304.965,25794.231,26292.488,26799.688,27315.747,27840.540,28373.903,28915.623,29465.438,30023.035,30588.046,31160.043,31738.538,32322.984,32912.769,33507.220,34105.603,34707.124,35310.932,35916.125,36521.752,37126.817,37730.286,38331.090,38928.124,39520.251,40106.297,40685.040,41255.200,41815.413,42364.199,42899.917,43420.704,43924.391,44408.401,44869.615,45304.221,45707.533,46073.843,46396.326,46667.145,46877.903,47020.631,47089.360,47081.873,47000.598,46851.681,46643.212,46383.645,46080.806,45741.449,45371.167,44974.482,44555.020,44115.690,43658.851,43186.449,42700.133,42201.339,41691.354,41171.371,40642.513,40105.861,39562.469,39013.366,38459.563,37902.051,37341.797,36779.742,36216.791,35653.814,35091.634,34531.028,33972.721,33417.383,32865.625,32318.002,31775.011,31237.091,30704.625,30177.943,29657.323,29142.995,28635.145,28133.915,27639.409,27151.698,26670.817,26196.775,25729.556,25269.118,24815.401,24368.326,23927.800,23493.715,23065.952,22644.383,22228.871,21819.273,21415.440,21017.218,20624.452,20236.984,19854.653,19477.299,19104.762,18736.881,18373.497,18014.452,17659.592,17308.763,16961.814,16618.595,16278.964,15942.777,15609.895,15280.184,14953.511,14629.747,14308.769,13990.456,13674.690,13361.358,13050.350,12741.559,12434.884,12130.225,11827.486,11526.577,11227.409,10929.896,10633.957,10339.513,10046.489,9754.812,9464.413,9175.225,8887.184,8600.228,8314.300,8029.343,7745.303,7462.128,7179.769,6898.178,6617.309,6337.119,6057.566,5778.610,5500.212,5222.334,4944.941,4667.998,4391.471,4115.329,3839.541,3564.075,3288.903,3013.996,2739.326,2464.867,2190.592,1916.476,1642.492,1368.616,1094.822,821.088,547.389,273.700,0.000
0.000,266.361,532.682,798.888,1064.907,1330.664,1596.091,1861.118,2125.679,2389.712,2653.159,2915.962,3178.071,3439.439,3700.025,3959.791,4218.706,4476.746,4733.890,4990.125,5245.446,5499.851,5753.348,6005.950,6257.678,6508.561,6758.634,7007.939,7256.526,7504.452,7751.784,7998.592,8244.956,8490.962,8736.705,8982.284,9227.809,9473.393,9719.158,9965.231,10211.747,10458.846,10706.675,10955.385,11205.135,11456.088,11708.412,11962.281,12217.873,12475.371,12734.960,12996.834,13261.185,13528.212,13798.118,14071.105,14347.381,14627.156,14910.640,15198.048,15489.593,15785.493,16085.963,16391.221,16701.483,17016.967,17337.888,17664.462,17996.902,18335.417,18680.217,19031.506,19389.483,19754.345,20126.280,20505.473,20892.097,21286.321,21688.301,22098.182,22516.098,22942.167,23376.492,23819.159,24270.232,24729.756,25197.750,25674.206,26159.087,26652.324,27153.813,27663.413,28180.940,28706.167,29238.820,29778.577,30325.062,30877.845,31436.440,32000.305,32568.839,33141.383,33717.220,34295.581,34875.637,35456.514,36037.287,36616.984,37194.593,37769.058,38339.282,38904.125,39462.396,40012.844,40554.144,41084.872,41603.478,42108.243,42597.225,43068.198,43518.571,43945.293,44344.766,44712.748,45044.308,45333.861,45575.354,45762.688,45890.427,45954.724,45954.213,45890.398,45767.239,45590.251,45365.565,45099.218,44796.732,44462.938,44101.939,43717.175,43311.516,42887.364,42446.752,41991.429,41522.929,41042.630,40551.792,40051.592,39543.147,39027.527,38505.767,37978.867,37447.802,36913.514,36376.914,35838.876,35300.236,34761.786,34224.275,33688.399,33154.807,32624.091,32096.795,31573.403,31054.353,30540.025,30030.753,29526.824,29028.475,28535.905,28049.270,27568.692,27094.256,26626.019,26164.008,25708.224,25258.648,24815.237,24377.933,23946.661,23521.332,23101.845,22688.090,22279.945,21877.286,21479.977,21087.882,20700.858,20318.760,19941.443,19568.757,19200.554,18836.686,18477.004,18121.361,17769.611,17421.611,17077.218,16736.293,16398.699,16064.301,15732.970,15404.576,15078.995,14756.106,14435.790,14117.933,13802.424,13489.156,13178.024,12868.928,12561.771,12256.460,11952.904,11651.017,11350.715,11051.919,10754.552,10458.538,10163.809,9870.296,9577.934,9286.661,8996.417,8707.146,8418.793,8131.305,7844.634,7558.732,7273.552,6989.053,6705.191,6421.927,6139.223,5857.042,5575.350,5294.112,5013.298,4732.874,4452.812,4173.083,3893.658,3614.512,3335.618,3056.951,2778.487,2500.202,2222.072,1944.076,1666.190,1388.393,1110.663,832.980,555.322,277.669,0.000
0.000,271.504,542.960,814.283,1085.391,1356.202,1626.637,1896.620,2166.074,2434.931,2703.121,2970.582,3237.255,3503.084,3768.022,4032.024,4295.053,4557.077,4818.070,5078.014,5336.896,5594.712,5851.463,6107.160,6361.817,6615.461,6868.123,7119.842,7370.666,7620.649,7869.854,8118.351,8366.218,8613.540,8860.410,9106.927,9353.199,9599.338,9845.468,10091.713,10338.209,10585.097,10832.522,11080.637,11329.599,11579.573,11830.725,12083.232,12337.269,12593.020,12850.671,13110.413,13372.440,13636.950,13904.142,14174.221,14447.391,14723.860,15003.837,15287.534,15575.161,15866.932,16163.058,16463.754,16769.232,17079.702,17395.374,17716.458,18043.159,18375.679,18714.219,19058.973,19410.131,19767.878,20132.393,20503.845,20882.398,21268.203,21661.404,22062.130,22470.499,22886.612,23310.554,23742.395,24182.179,24629.934,25085.659,25549.328,26020.887,26500.248,26987.292,27481.860,27983.756,28492.741,29008.532,29530.797,30059.157,30593.182,31132.389,31676.242,32224.149,32775.466,33329.494,33885.481,34442.624,35000.070,35556.918,36112.219,36664.979,37214.158,37758.669,38297.373,38829.074,39352.507,39866.324,40369.073,40859.173,41334.879,41794.239,42235.047,42654.788,43050.580,43419.124,43756.672,44059.038,44321.688,44539.933,44709.266,44825.854,44887.085,44892.055,44841.752,44738.855,44587.243,44391.431,44156.084,43885.678,43584.305,43255.594,42902.702,42528.355,42134.902,41724.375,41298.555,40859.019,40407.189,39944.363,39471.751,38990.486,38501.648,38006.270,37505.343,36999.823,36490.631,35978.650,35464.726,34949.667,34434.236,33919.155,33405.096,32892.687,32382.503,31875.073,31370.873,30870.334,30373.836,29881.712,29394.252,28911.704,28434.273,27962.129,27495.405,27034.202,26578.592,26128.617,25684.298,25245.629,24812.588,24385.131,23963.202,23546.728,23135.625,22729.798,22329.142,21933.545,21542.890,21157.051,20775.900,20399.306,20027.133,19659.246,19295.508,18935.780,18579.924,18227.805,17879.284,17534.227,17192.502,16853.977,16518.523,16186.014,15856.327,15529.340,15204.936,14883.001,14563.422,14246.092,13930.905,13617.762,13306.562,12997.212,12689.621,12383.699,12079.363,11776.531,11475.125,11175.071,10876.295,10578.729,10282.307,9986.966,9692.646,9399.289,9106.841,8815.248,8524.460,8234.431,7945.115,7656.467,7368.447,7081.016,6794.135,6507.769,6221.884,5936.447,5651.427,5366.794,5082.519,4798.576,4514.937,4231.578,3948.474,3665.603,3382.941,3100.467,2818.160,2536.000,2253.966,1972.039,1690.200,1408.431,1126.713,845.029,563.360,281.690,0.000
0.000,276.802,553.546,830.139,1106.488,1382.503,1658.094,1933.176,2207.665,2481.481,2754.548,3026.795,3298.153,3568.562,3837.963,4106.307,4373.549,4639.650,4904.578,5168.308,5430.823,5692.112,5952.173,6211.011,6468.637,6725.073,6980.347,7234.495,7487.562,7739.599,7990.668,8240.836,8490.180,8738.783,8986.737,9234.141,9481.100,9727.730,9974.149,10220.486,10466.875,10713.455,10960.374,11207.784,11455.843,11704.716,11954.570,12205.580,12457.924,12711.784,12967.348,13224.805,13484.350,13746.180,14010.493,14277.493,14547.384,14820.371,15096.662,15376.466,15659.991,15947.448,16239.046,16534.992,16835.497,17140.765,17451.002,17766.409,18087.186,18413.528,18745.627,19083.669,19427.835,19778.300,20135.232,20498.789,20869.122,21246.371,21630.665,22022.120,22420.838,22826.907,23240.396,23661.356,24089.820,24525.795,24969.267,25420.192,25878.501,26344.092,26816.830,27296.545,27783.029,28276.034,28775.268,29280.396,29791.036,30306.759,30827.085,31351.485,31879.378,32410.134,32943.070,33477.452,34012.498,34547.377,35081.209,35613.068,36141.979,36666.918,37186.813,37700.533,38206.887,38704.610,39192.352,39668.661,40131.959,40580.515,41012.418,41425.537,41817.491,42185.616,42526.945,42838.212,43115.893,43356.309,43555.791,43710.948,43818.987,43878.058,43887.525,43848.068,43761.570,43630.841,43459.265,43250.473,43008.086,42735.541,42435.995,42112.289,41766.946,41402.197,41020.018,40622.165,40210.214,39785.595,39349.617,38903.498,38448.376,37985.328,37515.379,37039.509,36558.653,36073.709,35585.538,35094.958,34602.749,34109.650,33616.356,33123.519,32631.745,32141.594,31653.579,31168.168,30685.783,30206.801,29731.556,29260.338,28793.401,28330.957,27873.183,27420.225,26972.195,26529.176,26091.227,25658.381,25230.648,24808.020,24390.470,23977.954,23570.418,23167.789,22769.989,22376.926,21988.502,21604.613,21225.147,20849.987,20479.014,20112.106,19749.137,19389.981,19034.509,18682.594,18334.108,17988.925,17646.918,17307.962,16971.936,16638.717,16308.187,15980.229,15654.731,15331.582,15010.673,14691.899,14375.159,14060.354,13747.390,13436.172,13126.614,12818.628,12512.132,12207.048,11903.299,11600.812,11299.517,10999.348,10700.240,10402.132,10104.968,9808.689,9513.245,9218.584,8924.660,8631.425,8338.837,8046.855,7755.441,7464.555,7174.165,6884.235,6594.735,6305.635,6016.905,5728.519,5440.449,5152.673,4865.166,4577.906,4290.871,4004.040,3717.395,3430.915,3144.583,2858.382,2572.293,2286.302,2000.391,1714.544,1428.748,1142.987,857.246,571.511,285.767,0.000
0.000,282.265,564.462,846.487,1128.238,1409.615,1690.519,1970.854,2250.527,2529.449,2807.535,3084.704,3360.880,3635.992,3909.977,4182.776,4454.337,4724.613,4993.567,5261.168,5527.392,5792.224,6055.655,6317.686,6578.325,6837.588,7095.501,7352.096,7607.415,7861.507,8114.432,8366.255,8617.050,8866.901,9115.898,9364.138,9611.729,9858.782,10105.418,10351.766,10597.959,10844.137,11090.448,11337.045,11584.086,11831.736,12080.165,12329.546,12580.059,12831.885,13085.213,13340.233,13597.139,13856.127,14117.397,14381.150,14647.590,14916.922,15189.351,15465.084,15744.328,16027.291,16314.177,16605.193,16900.542,17200.427,17505.047,17814.598,18129.274,18449.264,18774.751,19105.915,19442.927,19785.954,20135.153,20490.672,20852.652,21221.221,21596.495,21978.578,22367.559,22763.512,23166.492,23576.538,23993.665,24417.869,24849.119,25287.360,25732.508,26184.450,26643.037,27108.090,27579.392,28056.686,28539.678,29028.027,29521.352,30019.226,30521.173,31026.672,31535.154,32046.000,32558.543,33072.069,33585.815,34098.971,34610.678,35120.032,35626.079,36127.814,36624.184,37114.072,37596.303,38069.626,38532.707,38984.114,39422.300,39845.582,40252.119,40639.895,41006.692,41350.084,41667.434,41955.917,42212.572,42434.398,42618.496,42762.258,42863.593,42921.140,42934.429,42903.944,42831.052,42717.839,42566.890,42381.058,42163.283,41916.440,41643.253,41346.243,41027.708,40689.727,40334.177,39962.754,39576.998,39178.318,38768.011,38347.283,37917.265,37479.021,37033.562,36581.846,36124.792,35663.274,35198.127,34730.144,34260.079,33788.648,33316.520,32844.327,32372.656,31902.049,31433.006,30965.985,30501.399,30039.620,29580.980,29125.771,28674.247,28226.626,27783.092,27343.797,26908.864,26478.388,26052.438,25631.058,25214.272,24802.086,24394.484,23991.438,23592.904,23198.826,22809.135,22423.756,22042.600,21665.577,21292.586,20923.522,20558.278,20196.741,19838.797,19484.329,19133.219,18785.348,18440.599,18098.852,17759.991,17423.898,17090.460,16759.561,16431.092,16104.943,15781.008,15459.183,15139.366,14821.459,14505.366,14190.995,13878.257,13567.065,13257.336,12948.991,12641.952,12336.145,12031.500,11727.950,11425.429,11123.875,10823.231,10523.440,10224.449,9926.208,9628.667,9331.782,9035.510,8739.809,8444.641,8149.970,7855.761,7561.981,7268.599,6975.587,6682.916,6390.561,6098.497,5806.702,5515.153,5223.829,4932.710,4641.779,4351.018,4060.409,3769.936,3479.585,3189.341,2899.189,2609.116,2319.110,2029.157,1739.245,1449.363,1159.499,869.642,579.780,289.903,0.000
0.000,287.902,575.726,863.357,1150.683,1437.592,1723.975,2009.727,2294.743,2578.927,2862.182,3144.418,3425.551,3705.502,3984.198,4261.572,4537.565,4812.123,5085.202,5356.764,5626.780,5895.228,6162.095,6427.376,6691.075,6953.205,7213.786,7472.849,7730.433,7986.584,8241.359,8494.822,8747.047,8998.114,9248.113,9497.142,9745.306,9992.718,10239.499,10485.777,10731.686,10977.367,11222.969,11468.643,11714.552,11960.859,12207.735,12455.354,12703.897,12953.547,13204.491,13456.921,13711.032,13967.019,14225.082,14485.422,14748.243,15013.748,15282.141,15553.629,15828.416,16106.706,16388.704,16674.611,16964.629,17258.955,17557.783,17861.307,18169.713,18483.184,18801.898,19126.025,19455.732,19791.174,20132.502,20479.854,20833.359,21193.137,21559.292,21931.917,22311.089,22696.869,23089.302,23488.412,23894.203,24306.659,24725.735,25151.366,25583.457,26021.881,26466.484,26917.077,27373.434,27835.297,28302.364,28774.296,29250.711,29731.185,30215.249,30702.390,31192.050,31683.623,32176.459,32669.861,33163.084,33655.341,34145.795,34633.562,35117.713,35597.266,36071.186,36538.384,36997.705,37447.925,37887.740,38315.757,38730.477,39130.289,39513.445,39878.061,40222.096,40543.363,40839.532,41108.168,41346.777,41552.896,41724.201,41858.652,41954.640,42011.130,42027.763,42004.890,41943.530,41845.268,41712.110,41546.324,41350.309,41126.473,40877.155,40604.575,40310.802,39997.746,39667.164,39320.666,38959.733,38585.730,38199.923,37803.494,37397.551,36983.137,36561.240,36132.798,35698.705,35259.811,34816.925,34370.815,33922.212,33471.804,33020.241,32568.132,32116.045,31664.507,31214.003,30764.978,30317.840,29872.952,29430.643,28991.203,28554.888,28121.918,27692.482,27266.738,26844.817,26426.820,26012.828,25602.894,25197.054,24795.322,24397.698,24004.161,23614.682,23229.215,22847.704,22470.083,22096.278,21726.207,21359.782,20996.908,20637.487,20281.418,19928.594,19578.911,19232.257,18888.525,18547.604,18209.384,17873.756,17540.611,17209.841,16881.342,16555.008,16230.738,15908.433,15587.994,15269.328,14952.341,14636.945,14323.054,14010.584,13699.455,13389.589,13080.913,12773.354,12466.845,12161.320,11856.718,11552.978,11250.045,10947.865,10646.387,10345.562,10045.346,9745.695,9446.569,9147.929,8849.738,8551.964,8254.575,7957.539,7660.829,7364.420,7068.285,6772.402,6476.750,6181.307,5886.056,5590.977,5296.055,5001.274,4706.619,4412.077,4117.633,3823.277,3528.997,3234.781,2940.619,2646.502,2352.419,2058.363,1764.324,1470.294,1176.265,882.228,588.177,294.103,0.000
0.000,293.726,587.362,880.784,1173.866,1466.487,1758.527,2049.869,2340.399,2630.009,2918.593,3206.052,3492.291,3777.223,4060.765,4342.843,4623.389,4902.343,5179.652,5455.273,5729.168,6001.312,6271.685,6540.278,6807.090,7072.129,7335.414,7596.969,7856.833,8115.049,8371.671,8626.762,8880.394,9132.647,9383.609,9633.379,9882.061,10129.768,10376.621,10622.749,10868.286,11113.376,11358.165,11602.809,11847.470,12092.312,12337.507,12583.232,12829.667,13076.997,13325.410,13575.100,13826.259,14079.086,14333.780,14590.542,14849.575,15111.084,15375.271,15642.340,15912.496,16185.941,16462.877,16743.503,17028.017,17316.613,17609.482,17906.812,18208.786,18515.579,18827.365,19144.308,19466.566,19794.289,20127.617,20466.682,20811.604,21162.491,21519.440,21882.533,22251.837,22627.402,23009.261,23397.429,23791.899,24192.642,24599.606,25012.714,25431.860,25856.913,26287.708,26724.050,27165.709,27612.421,28063.885,28519.761,28979.669,29443.189,29909.860,30379.178,30850.594,31323.518,31797.315,32271.306,32744.767,33216.929,33686.980,34154.060,34617.263,35075.632,35528.162,35973.788,36411.389,36839.775,37257.684,37663.773,38056.610,38434.663,38796.295,39139.759,39463.193,39764.636,40042.038,40293.296,40516.305,40709.023,40869.566,40996.305,41087.976,41143.769,41163.400,41147.125,41095.724,41010.423,40892.801,40744.686,40568.045,40364.901,40137.263,39887.072,39616.180,39326.325,39019.131,38696.111,38358.667,38008.109,37645.656,37272.451,36889.572,36498.032,36098.792,35692.763,35280.812,34863.763,34442.399,34017.462,33589.658,33159.653,32728.071,32295.503,31862.497,31429.563,30997.174,30565.761,30135.722,29707.414,29281.161,28857.250,28435.935,28017.439,27601.953,27189.639,26780.632,26375.043,25972.956,25574.436,25179.526,24788.250,24400.617,24016.619,23636.233,23259.426,22886.152,22516.354,22149.970,21786.926,21427.145,21070.542,20717.029,20366.512,20018.896,19674.083,19331.972,18992.462,18655.453,18320.840,17988.524,17658.402,17330.376,17004.345,16680.214,16357.886,16037.269,15718.273,15400.809,15084.790,14770.135,14456.763,14144.596,13833.560,13523.583,13214.598,12906.538,12599.340,12292.946,11987.297,11682.342,11378.027,11074.305,10771.131,10468.460,10166.254,9864.473,9563.083,9262.049,8961.340,8660.929,8360.786,8060.887,7761.209,7461.730,7162.429,6863.289,6564.291,6265.419,5966.660,5667.999,5369.425,5070.924,4772.488,4474.106,4175.768,3877.467,3579.195,3280.946,2982.710,2684.484,2386.261,2088.036,1789.804,1491.560,1193.298,895.016,596.708,298.371,0.000
0.000,299.748,599.393,898.800,1197.833,1496.358,1794.242,2091.360,2387.584,2682.796,2976.880,3269.726,3561.229,3851.293,4139.827,4426.746,4711.974,4995.444,5277.096,5556.878,5834.748,6110.673,6384.628,6656.600,6926.581,7194.578,7460.602,7724.679,7986.840,8247.130,8505.598,8762.306,9017.325,9270.735,9522.622,9773.086,10022.230,10270.167,10517.021,10762.918,11007.996,11252.398,11496.273,11739.777,11983.073,12226.328,12469.716,12713.413,12957.602,13202.469,13448.204,13694.999,13943.052,14192.560,14443.723,14696.743,14951.823,15209.166,15468.977,15731.458,15996.812,16265.241,16536.945,16812.120,17090.963,17373.663,17660.410,17951.387,18246.771,18546.735,18851.447,19161.064,19475.739,19795.615,20120.825,20451.493,20787.732,21129.641,21477.309,21830.808,22190.196,22555.514,22926.787,23304.019,23687.193,24076.272,24471.195,24871.877,25278.205,25690.039,26107.209,26529.517,26956.727,27388.575,27824.759,28264.939,28708.741,29155.749,29605.509,30057.526,30511.266,30966.150,31421.561,31876.838,32331.275,32784.128,33234.606,33681.875,34125.054,34563.216,34995.386,35420.532,35837.569,36245.351,36642.666,37028.230,37400.684,37758.586,38100.413,38424.556,38729.327,39012.971,39273.687,39509.655,39719.086,39900.275,40051.673,40171.959,40260.116,40315.497,40337.869,40327.424,40284.764,40210.855,40106.961,39974.565,39815.298,39630.862,39422.982,39193.357,38943.634,38675.384,38390.098,38089.180,37773.950,37445.646,37105.433,36754.409,36393.609,36024.013,35646.548,35262.095,34871.492,34475.534,34074.976,33670.535,33262.891,32852.685,32440.521,32026.967,31612.554,31197.774,30783.084,30368.905,29955.624,29543.589,29133.118,28724.494,28317.970,27913.766,27512.075,27113.062,26716.866,26323.601,25933.359,25546.210,25162.205,24781.376,24403.739,24029.294,23658.030,23289.920,22924.928,22563.007,22204.102,21848.149,21495.081,21144.821,20797.288,20452.400,20110.067,19770.201,19432.709,19097.498,18764.474,18433.542,18104.608,17777.578,17452.360,17128.861,16806.990,16486.661,16167.786,15850.280,15534.062,15219.053,14905.175,14592.354,14280.518,13969.600,13659.533,13350.255,13041.706,12733.828,12426.567,12119.874,11813.698,11507.994,11202.719,10897.834,10593.300,10289.081,9985.146,9681.463,9378.005,9074.745,8771.658,8468.724,8165.920,7863.229,7560.634,7258.119,6955.669,6653.273,6350.919,6048.596,5746.295,5444.008,5141.728,4839.449,4537.164,4234.868,3932.557,3630.228,3327.877,3025.501,2723.098,2420.666,2118.203,1815.708,1513.179,1210.615,908.016,605.381,302.709,0.000
0.000,305.979,611.843,917.444,1222.633,1527.264,1831.194,2134.282,2436.392,2737.393,3037.157,3335.565,3632.501,3927.859,4221.536,4513.442,4803.490,5091.605,5377.719,5661.773,5943.719,6223.516,6501.135,6776.557,7049.769,7320.774,7589.581,7856.209,8120.690,8383.063,8643.378,8901.695,9158.083,9412.621,9665.396,9916.507,10166.057,10414.161,10660.942,10906.528,11151.058,11394.676,11637.533,11879.787,12121.602,12363.148,12604.598,12846.133,13087.936,13330.197,13573.104,13816.855,14061.645,14307.675,14555.145,14804.259,15055.220,15308.232,15563.498,15821.222,16081.606,16344.851,16611.155,16880.713,17153.720,17430.364,17710.830,17995.298,18283.942,18576.932,18874.429,19176.587,19483.552,19795.462,20112.444,20434.615,20762.080,21094.933,21433.254,21777.107,22126.543,22481.594,22842.277,23208.588,23580.502,23957.976,24340.940,24729.301,25122.943,25521.719,25925.456,26333.950,26746.966,27164.238,27585.463,28010.308,28438.399,28869.330,29302.653,29737.884,30174.502,30611.942,31049.603,31486.843,31922.978,32357.284,32788.996,33217.305,33641.359,34060.262,34473.071,34878.794,35276.385,35664.746,36042.721,36409.091,36762.573,37101.823,37425.427,37731.911,38019.750,38287.377,38533.204,38755.654,38953.197,39124.395,39267.958,39382.799,39468.086,39523.289,39548.212,39542.999,39508.123,39444.356,39352.719,39234.431,39090.850,38923.418,38733.620,38522.939,38292.837,38044.729,37779.974,37499.866,37205.637,36898.451,36579.410,36249.559,35909.888,35561.336,35204.793,34841.107,34471.083,34095.485,33715.042,33330.443,32942.341,32551.353,32158.062,31763.013,31366.719,30969.654,30572.261,30174.947,29778.087,29382.023,28987.063,28593.486,28201.540,27811.444,27423.390,27037.545,26654.049,26273.020,25894.554,25518.725,25145.590,24775.188,24407.542,24042.659,23680.533,23321.148,22964.473,22610.471,22259.094,21910.288,21563.991,21220.135,20878.648,20539.453,20202.472,19867.621,19534.816,19203.970,18874.998,18547.811,18222.322,17898.445,17576.092,17255.180,16935.623,16617.340,16300.251,15984.278,15669.345,15355.378,15042.308,14730.064,14418.582,14107.800,13797.657,13488.096,13179.063,12870.507,12562.379,12254.634,11947.228,11640.122,11333.278,11026.661,10720.239,10413.982,10107.862,9801.854,9495.934,9190.083,8884.280,8578.508,8272.753,7967.000,7661.237,7355.454,7049.640,6743.789,6437.892,6131.944,5825.941,5519.879,5213.755,4907.565,4601.310,4294.988,3988.598,3682.142,3375.619,3069.031,2762.379,2455.664,2148.890,1842.058,1535.170,1228.230,921.240,614.203,307.122,0.000
0.000,312.432,624.737,936.753,1248.317,1559.270,1869.456,2178.724,2486.923,2793.910,3099.547,3403.702,3706.250,4007.071,4306.057,4603.103,4898.117,5191.013,5481.716,5770.160,6056.289,6340.057,6621.427,6900.374,7176.885,7450.953,7722.586,7991.801,8258.624,8523.095,8785.259,9045.178,9302.917,9558.556,9812.182,10063.893,10313.794,10562.001,10808.635,11053.828,11297.721,11540.458,11782.193,12023.085,12263.302,12503.013,12742.397,12981.634,13220.911,13460.419,13700.351,13940.903,14182.274,14424.667,14668.283,14913.327,15160.003,15408.517,15659.071,15911.871,16167.117,16425.011,16685.750,16949.529,17216.540,17486.969,17760.999,18038.809,18320.568,18606.442,18896.590,19191.161,19490.297,19794.129,20102.780,20416.361,20734.972,21058.699,21387.616,21721.780,22061.235,22406.008,22756.107,23111.522,23472.222,23838.156,24209.250,24585.406,24966.501,25352.385,25742.883,26137.788,26536.866,26939.849,27346.439,27756.304,28169.077,28584.358,29001.709,29420.658,29840.695,30261.272,30681.803,31101.666,31520.198,31936.698,32350.426,32760.601,33166.400,33566.961,33961.375,34348.690,34727.906,35097.977,35457.802,35806.233,36142.066,36464.049,36770.879,37061.210,37333.663,37586.838,37819.337,38029.783,38216.860,38379.346,38516.154,38626.374,38709.316,38764.539,38791.872,38791.423,38763.567,38708.928,38628.342,38522.819,38393.498,38241.607,38068.424,37875.249,37663.375,37434.074,37188.578,36928.077,36653.709,36366.563,36067.676,35758.036,35438.581,35110.208,34773.765,34430.066,34079.880,33723.941,33362.946,32997.558,32628.402,32256.072,31881.127,31504.091,31125.457,30745.683,30365.195,29984.387,29603.622,29223.230,28843.514,28464.744,28087.165,27710.992,27336.416,26963.602,26592.692,26223.804,25857.038,25492.471,25130.165,24770.163,24412.494,24057.170,23704.192,23353.549,23005.219,22659.170,22315.362,21973.747,21634.270,21296.872,20961.486,20628.044,20296.472,19966.696,19638.637,19312.217,18987.355,18663.970,18341.981,18021.309,17701.873,17383.595,17066.396,16750.202,16434.938,16120.532,15806.915,15494.019,15181.779,14870.132,14559.020,14248.386,13938.174,13628.334,13318.818,13009.579,12700.576,12391.767,12083.117,11774.589,11466.153,11157.778,10849.439,10541.110,10232.769,9924.397,9615.975,9307.488,8998.921,8690.264,8381.505,8072.635,7763.648,7454.538,7145.300,6835.930,6526.427,6216.789,5907.017,5597.111,5287.072,4976.903,4666.606,4356.184,4045.642,3734.984,3424.214,3113.337,2802.360,2491.287,2180.124,1868.878,1557.554,1246.159,934.699,623.182,311.613,0.000
0.000,319.122,638.103,956.767,1274.937,1592.441,1909.110,2224.777,2539.280,2852.463,3164.177,3474.276,3782.624,4089.091,4393.557,4695.909,4996.043,5293.866,5589.293,5882.252,6172.678,6460.519,6745.732,7028.288,7308.166,7585.358,7859.866,8131.705,8400.897,8667.480,8931.500,9193.013,9452.087,9708.800,9963.241,10215.506,10465.702,10713.945,10960.359,11205.078,11448.242,11689.999,11930.506,12169.924,12408.421,12646.173,12883.357,13120.160,13356.769,13593.378,13830.183,14067.382,14305.177,14543.773,14783.372,15024.181,15266.408,15510.256,15755.933,16003.641,16253.584,16505.962,16760.974,17018.812,17279.668,17543.727,17811.171,18082.175,18356.908,18635.532,18918.201,19205.063,19496.255,19791.904,20092.129,20397.035,20706.716,21021.255,21340.718,21665.159,21994.615,22329.106,22668.635,23013.187,23362.725,23717.193,24076.513,24440.582,24809.275,25182.438,25559.895,25941.439,26326.834,26715.816,27108.089,27503.327,27901.168,28301.221,28703.056,29106.215,29510.199,29914.478,30318.481,30721.608,31123.215,31522.627,31919.128,32311.966,32700.350,33083.450,33460.397,33830.279,34192.144,34544.996,34887.798,35219.467,35538.881,35844.877,36136.257,36411.793,36670.239,36910.345,37130.872,37330.618,37508.440,37663.290,37794.242,37900.528,37981.564,38036.976,38066.613,38070.554,38049.102,38002.764,37932.232,37838.348,37722.074,37584.460,37426.612,37249.667,37054.773,36843.066,36615.663,36373.651,36118.080,35849.962,35570.265,35279.919,34979.810,34670.787,34353.659,34029.198,33698.139,33361.183,33018.997,32672.213,32321.432,31967.220,31610.114,31250.617,30889.201,30526.306,30162.343,29797.692,29432.701,29067.693,28702.957,28338.760,27975.339,27612.904,27251.645,26891.723,26533.280,26176.435,25821.289,25467.921,25116.396,24766.761,24419.047,24073.273,23729.444,23387.555,23047.589,22709.519,22373.311,22038.925,21706.310,21375.414,21046.178,20718.538,20392.428,20067.779,19744.518,19422.575,19101.874,18782.340,18463.900,18146.480,17830.004,17514.401,17199.599,16885.528,16572.121,16259.311,15947.034,15635.229,15323.837,15012.802,14702.069,14391.587,14081.308,13771.187,13461.181,13151.250,12841.357,12531.468,12221.551,11911.577,11601.520,11291.356,10981.064,10670.625,10360.022,10049.240,9738.269,9427.096,9115.713,8804.114,8492.293,8180.248,7867.975,7555.474,7242.745,6929.790,6616.612,6303.214,5989.601,5675.778,5361.750,5047.526,4733.111,4418.513,4103.740,3788.801,3473.705,3158.461,2843.078,2527.565,2211.933,1896.190,1580.348,1264.417,948.406,632.326,316.187,0.000
0.000,326.062,651.969,977.528,1302.551,1626.848,1950.237,2272.537,2593.574,2913.176,3231.181,3547.433,3861.782,4174.087,4484.216,4792.046,5097.465,5400.368,5700.663,5998.268,6293.112,6585.137,6874.293,7160.544,7443.865,7724.244,8001.679,8276.182,8547.772,8816.485,9082.365,9345.469,9605.862,9863.624,10118.842,10371.614,10622.048,10870.261,11116.380,11360.540,11602.883,11843.560,12082.730,12320.559,12557.216,12792.879,13027.732,13261.960,13495.757,13729.319,13962.844,14196.534,14430.594,14665.230,14900.649,15137.059,15374.669,15613.685,15854.316,16096.768,16341.242,16587.941,16837.062,17088.801,17343.346,17600.883,17861.593,18125.648,18393.217,18664.458,18939.525,19218.561,19501.700,19789.066,20080.774,20376.925,20677.610,20982.904,21292.872,21607.561,21927.004,22251.217,22580.197,22913.924,23252.359,23595.441,23943.088,24295.195,24651.634,25012.250,25376.866,25745.275,26117.244,26492.511,26870.785,27251.742,27635.031,28020.268,28407.035,28794.883,29183.329,29571.858,29959.920,30346.930,30732.270,31115.286,31495.291,31871.561,32243.337,32609.824,32970.190,33323.569,33669.054,34005.703,34332.539,34648.549,34952.685,35243.872,35521.008,35782.975,36028.648,36256.906,36466.650,36656.823,36826.428,36974.558,37100.416,37203.346,37282.847,37338.596,37370.460,37378.494,37362.943,37324.223,37262.911,37179.715,37075.452,36951.024,36807.390,36645.548,36466.513,36271.303,36060.927,35836.374,35598.611,35348.571,35087.158,34815.241,34533.652,34243.193,33944.628,33638.691,33326.079,33007.460,32683.469,32354.708,32021.751,31685.140,31345.386,31002.971,30658.347,30311.936,29964.131,29615.297,29265.772,28915.862,28565.852,28215.996,27866.526,27517.648,27169.544,26822.375,26476.279,26131.377,25787.767,25445.531,25104.734,24765.426,24427.642,24091.404,23756.719,23423.587,23091.996,22761.925,22433.344,22106.216,21780.499,21456.144,21133.097,20811.302,20490.697,20171.219,19852.803,19535.381,19218.885,18903.246,18588.396,18274.265,17960.787,17647.894,17335.520,17023.601,16712.076,16400.883,16089.965,15779.267,15468.734,15158.316,14847.965,14537.635,14227.285,13916.874,13606.366,13295.727,12984.924,12673.930,12362.719,12051.268,11739.556,11427.564,11115.279,10802.685,10489.772,10176.532,9862.957,9549.043,9234.786,8920.184,8605.240,8289.953,7974.327,7658.366,7342.076,7025.464,6708.537,6391.303,6073.773,5755.955,5437.860,5119.500,4800.886,4482.031,4162.945,3843.643,3524.137,3204.441,2884.568,2564.530,2244.343,1924.020,1603.574,1283.020,962.371,641.642,320.847,0.000
0.000,333.268,666.364,999.083,1331.217,1662.565,1992.927,2322.108,2649.919,2976.176,3300.702,3623.326,3943.888,4262.234,4578.221,4891.714,5202.590,5510.735,5816.049,6118.441,6417.833,6714.157,7007.359,7297.398,7584.243,7867.877,8148.295,8425.504,8699.523,8970.386,9238.134,9502.824,9764.521,10023.305,10279.263,10532.494,10783.108,11031.225,11276.972,11520.486,11761.914,12001.409,12239.133,12475.254,12709.947,12943.391,13175.775,13407.288,13638.126,13868.489,14098.579,14328.602,14558.765,14789.278,15020.351,15252.195,15485.021,15719.039,15954.457,16191.484,16430.324,16671.180,16914.251,17159.731,17407.811,17658.676,17912.504,18169.471,18429.740,18693.471,18960.815,19231.911,19506.893,19785.882,20068.988,20356.310,20647.934,20943.935,21244.371,21549.286,21858.709,22172.652,22491.109,22814.057,23141.452,23473.232,23809.312,24149.585,24493.920,24842.166,25194.141,25549.644,25908.442,26270.276,26634.862,27001.881,27370.991,27741.816,28113.949,28486.954,28860.363,29233.676,29606.362,29977.856,30347.562,30714.852,31079.064,31439.504,31795.446,32146.129,32490.763,32828.521,33158.547,33479.950,33791.814,34093.189,34383.104,34660.562,34924.554,35174.062,35408.065,35625.559,35825.565,36007.147,36169.433,36311.630,36433.047,36533.114,36611.399,36667.621,36701.656,36713.542,36703.478,36671.810,36619.018,36545.702,36452.562,36340.372,36209.970,36062.230,35898.053,35718.349,35524.028,35315.989,35095.117,34862.274,34618.295,34363.991,34100.143,33827.501,33546.788,33258.694,32963.881,32662.983,32356.600,32045.308,31729.650,31410.143,31087.274,30761.503,30433.262,30102.952,29770.952,29437.609,29103.248,28768.164,28432.629,28096.889,27761.168,27425.666,27090.558,26756.003,26422.136,26089.073,25756.914,25425.739,25095.615,24766.592,24438.707,24111.983,23786.433,23462.057,23138.848,22816.788,22495.852,22176.007,21857.215,21539.433,21222.610,20906.697,20591.635,20277.367,19963.834,19650.971,19338.718,19027.010,18715.784,18404.977,18094.527,17784.371,17474.451,17164.706,16855.081,16545.522,16235.975,15926.391,15616.722,15306.922,14996.950,14686.766,14376.334,14065.619,13754.590,13443.219,13131.481,12819.353,12506.814,12193.848,11880.440,11566.578,11252.251,10937.453,10622.178,10306.422,9990.185,9673.468,9356.272,9038.603,8720.465,8401.867,8082.815,7763.321,7443.394,7123.047,6802.292,6481.143,6159.613,5837.718,5515.473,5192.893,4869.995,4546.795,4223.310,3899.558,3575.554,3251.318,2926.865,2602.215,2277.383,1952.389,1627.250,1301.983,976.607,651.139,325.598,0.000
0.000,340.754,681.321,1021.476,1360.999,1699.669,2037.271,2373.596,2708.438,3041.599,3372.887,3702.118,4029.118,4353.720,4675.768,4995.118,5311.635,5625.195,5935.688,6243.015,6547.089,6847.836,7145.195,7439.118,7729.571,8016.532,8299.991,8579.953,8856.436,9129.469,9399.094,9665.367,9928.353,10188.132,10444.792,10698.434,10949.170,11197.120,11442.416,11685.197,11925.613,12163.821,12399.985,12634.278,12866.878,13097.971,13327.746,13556.398,13784.127,14011.138,14237.636,14463.830,14689.933,14916.158,15142.717,15369.826,15597.699,15826.548,16056.585,16288.020,16521.060,16755.910,16992.768,17231.833,17473.293,17717.336,17964.141,18213.879,18466.717,18722.813,18982.314,19245.362,19512.086,19782.606,20057.029,20335.452,20617.960,20904.621,21195.493,21490.617,21790.018,22093.705,22401.670,22713.888,23030.311,23350.876,23675.497,24004.065,24336.451,24672.501,25012.038,25354.860,25700.739,26049.421,26400.626,26754.044,27109.339,27466.145,27824.068,28182.686,28541.543,28900.157,29258.014,29614.572,29969.257,30321.463,30670.558,31015.877,31356.725,31692.378,32022.084,32345.059,32660.494,32967.552,33265.371,33553.067,33829.736,34094.459,34346.310,34584.359,34807.683,35015.379,35206.569,35380.424,35536.173,35673.119,35790.657,35888.291,35965.640,36022.455,36058.622,36074.167,36069.249,36044.155,35999.291,35935.167,35852.383,35751.609,35633.576,35499.052,35348.838,35183.745,35004.595,34812.204,34607.379,34390.913,34163.576,33926.124,33679.282,33423.754,33160.218,32889.323,32611.695,32327.930,32038.599,31744.244,31445.384,31142.508,30836.078,30526.532,30214.280,29899.706,29583.170,29265.005,28945.518,28624.994,28303.692,27981.850,27659.681,27337.378,27015.111,26693.033,26371.274,26049.949,25729.154,25408.969,25089.460,24770.676,24452.656,24135.423,23818.992,23503.367,23188.541,22874.501,22561.224,22248.680,21936.837,21625.653,21315.084,21005.081,20695.595,20386.570,20077.951,19769.681,19461.702,19153.955,18846.383,18538.926,18231.528,17924.132,17616.684,17309.130,17001.419,16693.502,16385.332,16076.864,15768.057,15458.871,15149.269,14839.217,14528.685,14217.645,13906.071,13593.940,13281.234,12967.935,12654.030,12339.506,12024.356,11708.573,11392.152,11075.092,10757.395,10439.062,10120.099,9800.512,9480.308,9159.498,8838.094,8516.107,8193.552,7870.445,7546.800,7222.635,6897.968,6572.817,6247.202,5921.143,5594.658,5267.770,4940.498,4612.863,4284.888,3956.593,3628.000,3299.131,2970.006,2640.649,2311.081,1981.322,1651.396,1321.323,991.125,660.824,330.442,0.000
0.000,348.539,696.873,1044.760,1391.962,1738.242,2083.369,2427.115,2769.259,3109.588,3447.894,3783.978,4117.653,4448.738,4777.066,5102.478,5424.829,5743.986,6059.827,6372.244,6681.143,6986.443,7288.075,7585.986,7880.136,8170.499,8457.062,8739.826,9018.807,9294.033,9565.545,9833.398,10097.658,10358.404,10615.727,10869.730,11120.526,11368.239,11613.002,11854.960,12094.264,12331.076,12565.564,12797.905,13028.282,13256.885,13483.908,13709.551,13934.018,14157.519,14380.263,14602.465,14824.340,15046.107,15267.983,15490.186,15712.934,15936.444,16160.929,16386.604,16613.677,16842.355,17072.841,17305.331,17540.020,17777.092,18016.728,18259.102,18504.378,18752.714,19004.259,19259.151,19517.520,19779.482,20045.146,20314.604,20587.940,20865.221,21146.501,21431.820,21721.200,22014.650,22312.158,22613.697,22919.219,23228.660,23541.932,23858.928,24179.517,24503.548,24830.846,25161.212,25494.422,25830.227,26168.353,26508.498,26850.334,27193.506,27537.633,27882.304,28227.079,28571.494,28915.053,29257.233,29597.484,29935.225,30269.850,30600.724,30927.185,31248.544,31564.086,31873.071,32174.735,32468.291,32752.932,33027.834,33292.159,33545.059,33785.683,34013.181,34226.718,34425.476,34608.671,34775.560,34925.458,35057.751,35171.904,35267.478,35344.136,35401.657,35439.934,35458.980,35458.923,35440.004,35402.565,35347.042,35273.951,35183.874,35077.451,34955.358,34818.305,34667.019,34502.239,34324.703,34135.149,33934.301,33722.872,33501.558,33271.036,33031.961,32784.966,32530.663,32269.636,32002.449,31729.640,31451.721,31169.181,30882.483,30592.067,30298.346,30001.710,29702.522,29401.125,29097.834,28792.944,28486.725,28179.424,27871.267,27562.459,27253.184,26943.606,26633.870,26324.102,26014.414,25704.897,25395.629,25086.675,24778.083,24469.890,24162.123,23854.794,23547.910,23241.466,22935.449,22629.840,22324.612,22019.735,21715.170,21410.877,21106.812,20802.927,20499.172,20195.496,19891.845,19588.166,19284.406,18980.509,18676.424,18372.096,18067.477,17762.514,17457.161,17151.370,16845.100,16538.306,16230.951,15922.999,15614.414,15305.167,14995.228,14684.574,14373.181,14061.031,13748.106,13434.393,13119.882,12804.563,12488.433,12171.487,11853.726,11535.152,11215.770,10895.585,10574.607,10252.846,9930.315,9607.028,9283.000,8958.249,8632.793,8306.651,7979.845,7652.395,7324.325,6995.657,6666.415,6336.622,6006.306,5675.489,5344.197,5012.457,4680.293,4347.731,4014.798,3681.519,3347.920,3014.027,2679.866,2345.462,2010.842,1676.030,1341.054,1005.936,670.705,335.384,0.000
0.000,356.639,713.054,1068.985,1424.176,1778.371,2131.322,2482.783,2832.517,3180.293,3525.887,3869.086,4209.687,4547.496,4882.331,5214.022,5542.412,5867.356,6188.723,6506.396,6820.271,7130.259,7436.287,7738.294,8036.235,8330.079,8619.812,8905.429,9186.946,9464.389,9737.798,10007.227,10272.745,10534.431,10792.377,11046.689,11297.482,11544.883,11789.029,12030.069,12268.158,12503.462,12736.154,12966.415,13194.435,13420.407,13644.530,13867.010,14088.058,14307.887,14526.712,14744.753,14962.231,15179.368,15396.387,15613.510,15830.959,16048.955,16267.716,16487.459,16708.397,16930.738,17154.688,17380.447,17608.209,17838.162,18070.488,18305.360,18542.945,18783.400,19026.874,19273.506,19523.423,19776.743,20033.572,20294.002,20558.115,20825.977,21097.642,21373.145,21652.510,21935.743,22222.831,22513.746,22808.441,23106.849,23408.884,23714.438,24023.385,24335.573,24650.830,24968.962,25289.749,25612.947,25938.289,26265.482,26594.207,26924.120,27254.851,27586.002,27917.152,28247.849,28577.620,28905.960,29232.342,29556.210,29876.986,30194.062,30506.809,30814.572,31116.674,31412.417,31701.079,31981.924,32254.195,32517.126,32769.940,33011.853,33242.083,33459.856,33664.409,33855.004,34030.933,34191.531,34336.188,34464.354,34575.556,34669.400,34745.590,34803.921,34844.296,34866.715,34871.283,34858.199,34827.755,34780.325,34716.352,34636.345,34540.862,34430.503,34305.895,34167.690,34016.553,33853.151,33678.154,33492.227,33296.024,33090.187,32875.343,32652.102,32421.053,32182.767,31937.793,31686.659,31429.871,31167.911,30901.239,30630.293,30355.485,30077.209,29795.830,29511.695,29225.126,28936.423,28645.864,28353.704,28060.180,27765.505,27469.874,27173.462,26876.424,26578.900,26281.010,25982.858,25684.534,25386.112,25087.653,24789.205,24490.803,24192.472,23894.226,23596.070,23298.002,23000.009,22702.075,22404.173,22106.275,21808.347,21510.350,21212.243,20913.981,20615.518,20316.807,20017.797,19718.439,19418.684,19118.481,18817.782,18516.540,18214.706,17912.237,17609.089,17305.221,17000.594,16695.171,16388.919,16081.807,15773.807,15464.893,15155.043,14844.237,14532.458,14219.694,13905.934,13591.169,13275.397,12958.613,12640.819,12322.020,12002.219,11681.426,11359.652,11036.908,10713.211,10388.576,10063.022,9736.570,9409.241,9081.058,8752.044,8422.227,8091.631,7760.284,7428.214,7095.450,6762.021,6427.955,6093.284,5758.036,5422.243,5085.935,4749.141,4411.893,4074.221,3736.155,3397.726,3058.963,2719.896,2380.556,2040.972,1701.174,1361.191,1021.053,680.789,340.428,0.000
0.000,365.073,729.901,1094.208,1457.714,1820.148,2181.241,2540.728,2898.355,3253.872,3607.041,3957.631,4305.423,4650.209,4991.793,5329.992,5664.636,5995.569,6322.650,6645.751,6964.760,7279.581,7590.133,7896.349,8198.179,8495.589,8788.559,9077.084,9361.175,9640.859,9916.175,10187.179,10453.938,10716.533,10975.061,11229.627,11480.351,11727.363,11970.805,12210.829,12447.596,12681.275,12912.046,13140.096,13365.617,13588.811,13809.883,14029.044,14246.510,14462.500,14677.237,14890.945,15103.850,15316.180,15528.164,15740.029,15952.001,16164.307,16377.169,16590.807,16805.438,17021.275,17238.526,17457.393,17678.074,17900.759,18125.631,18352.866,18582.630,18815.083,19050.374,19288.641,19530.014,19774.608,20022.529,20273.871,20528.713,20787.121,21049.147,21314.827,21584.184,21857.222,22133.929,22414.277,22698.218,22985.686,23276.596,23570.842,23868.298,24168.816,24472.229,24778.345,25086.949,25397.806,25710.653,26025.208,26341.160,26658.176,26975.899,27293.946,27611.909,27929.355,28245.828,28560.845,28873.900,29184.463,29491.980,29795.874,30095.547,30390.377,30679.725,30962.929,31239.314,31508.186,31768.842,32020.565,32262.635,32494.330,32714.930,32923.726,33120.023,33303.150,33472.469,33627.381,33767.337,33891.845,34000.480,34092.892,34168.810,34228.052,34270.521,34296.212,34305.206,34297.672,34273.855,34234.076,34178.722,34108.234,34023.103,33923.856,33811.054,33685.278,33547.125,33397.199,33236.109,33064.461,32882.854,32691.880,32492.117,32284.131,32068.469,31845.664,31616.227,31380.652,31139.413,30892.961,30641.730,30386.129,30126.549,29863.356,29596.897,29327.498,29055.462,28781.072,28504.589,28226.257,27946.295,27664.908,27382.277,27098.569,26813.931,26528.492,26242.368,25955.657,25668.443,25380.797,25092.774,24804.422,24515.772,24226.848,23937.664,23648.224,23358.524,23068.554,22778.296,22487.728,22196.820,21905.542,21613.856,21321.723,21029.103,20735.950,20442.221,20147.870,19852.849,19557.114,19260.618,18963.317,18665.166,18366.125,18066.151,17765.207,17463.256,17160.265,16856.201,16551.037,16244.747,15937.308,15628.699,15318.905,15007.912,14695.709,14382.287,14067.644,13751.777,13434.688,13116.381,12796.863,12476.143,12154.234,11831.150,11506.909,11181.529,10855.032,10527.440,10198.778,9869.073,9538.352,9206.645,8873.981,8540.392,8205.911,7870.569,7534.401,7197.441,6859.723,6521.282,6182.154,5842.373,5501.974,5160.993,4819.466,4477.426,4134.911,3791.952,3448.587,3104.848,2760.771,2416.389,2071.736,1726.846,1381.751,1036.487,691.084,345.578,0.000
0.000,373.860,747.456,1120.487,1492.656,1863.670,2233.240,2601.082,2966.923,3330.495,3691.540,4049.812,4405.076,4757.106,5105.694,5450.642,5791.767,6128.902,6461.893,6790.604,7114.914,7434.719,7749.929,8060.473,8366.295,8667.357,8963.635,9255.123,9541.829,9823.780,10101.014,10373.588,10641.570,10905.044,11164.107,11418.871,11669.457,11916.000,12158.646,12397.552,12632.883,12864.817,13093.538,13319.238,13542.116,13762.381,13980.244,14195.923,14409.639,14621.619,14832.092,15041.288,15249.441,15456.784,15663.551,15869.975,16076.290,16282.724,16489.508,16696.864,16905.015,17114.177,17324.563,17536.378,17749.822,17965.088,18182.363,18401.823,18623.638,18847.968,19074.963,19304.763,19537.498,19773.284,20012.227,20254.421,20499.944,20748.863,21001.230,21257.082,21516.439,21779.307,22045.674,22315.512,22588.774,22865.395,23145.292,23428.360,23714.476,24003.497,24295.258,24589.571,24886.230,25185.003,25485.638,25787.859,26091.366,26395.839,26700.930,27006.273,27311.473,27616.116,27919.763,28221.952,28522.199,28819.999,29114.822,29406.121,29693.327,29975.852,30253.091,30524.421,30789.207,31046.799,31296.539,31537.763,31769.800,31991.984,32203.652,32404.153,32592.854,32769.143,32932.442,33082.209,33217.948,33339.216,33445.631,33536.876,33612.706,33672.952,33717.521,33746.402,33759.658,33757.428,33739.922,33707.416,33660.244,33598.792,33523.490,33434.806,33333.237,33219.303,33093.540,32956.492,32808.713,32650.754,32483.164,32306.485,32121.250,31927.981,31727.186,31519.359,31304.975,31084.496,30858.362,30626.996,30390.802,30150.165,29905.450,29657.000,29405.141,29150.178,28892.395,28632.058,28369.412,28104.685,27838.084,27569.798,27300.001,27028.846,26756.471,26482.998,26208.534,25933.171,25656.987,25380.048,25102.405,24824.102,24545.166,24265.621,23985.477,23704.737,23423.397,23141.446,22858.867,22575.636,22291.728,22007.109,21721.747,21435.603,21148.637,20860.809,20572.076,20282.396,19991.724,19700.019,19407.238,19113.340,18818.286,18522.036,18224.555,17925.809,17625.766,17324.397,17021.675,16717.577,16412.083,16105.176,15796.840,15487.065,15175.842,14863.168,14549.040,14233.461,13916.434,13597.967,13278.071,12956.759,12634.047,12309.954,11984.502,11657.712,11329.612,11000.227,10669.589,10337.727,10004.676,9670.467,9335.139,8998.725,8661.264,8322.794,7983.354,7642.984,7301.722,6959.610,6616.686,6272.992,5928.569,5583.457,5237.695,4891.325,4544.385,4196.915,3848.955,3500.544,3151.720,2802.522,2452.989,2103.157,1753.065,1402.750,1052.248,701.598,350.836,0.000
0.000,383.022,765.757,1147.884,1529.083,1909.039,2287.441,2663.987,3038.382,3410.338,3779.579,4145.841,4508.871,4868.429,5224.289,5576.239,5924.084,6267.643,6606.753,6941.265,7271.050,7595.996,7916.006,8231.002,8540.924,8845.727,9145.388,9439.896,9729.259,10013.501,10292.664,10566.802,10835.988,11100.307,11359.860,11614.760,11865.135,12111.124,12352.877,12590.557,12824.337,13054.399,13280.933,13504.140,13724.225,13941.403,14155.893,14367.920,14577.713,14785.506,14991.534,15196.035,15399.250,15601.419,15802.782,16003.579,16204.048,16404.427,16604.949,16805.843,17007.337,17209.651,17413.003,17617.601,17823.650,18031.346,18240.878,18452.426,18666.162,18882.248,19100.835,19322.065,19546.070,19772.966,20002.860,20235.847,20472.006,20711.404,20954.092,21200.110,21449.477,21702.200,21958.268,22217.654,22480.312,22746.179,23015.173,23287.193,23562.119,23839.810,24120.108,24402.829,24687.773,24974.715,25263.411,25553.595,25844.976,26137.245,26430.069,26723.092,27015.939,27308.209,27599.483,27889.319,28177.256,28462.809,28745.477,29024.738,29300.054,29570.867,29836.606,30096.687,30350.510,30597.469,30836.948,31068.328,31290.988,31504.311,31707.688,31900.518,32082.224,32252.246,32410.058,32555.168,32687.126,32805.532,32910.039,33000.358,33076.267,33137.607,33184.290,33216.297,33233.676,33236.543,33225.076,33199.513,33160.142,33107.301,33041.369,32962.758,32871.910,32769.290,32655.378,32530.667,32395.657,32250.847,32096.741,31933.833,31762.614,31583.564,31397.152,31203.834,31004.053,30798.235,30586.790,30370.113,30148.579,29922.547,29692.357,29458.330,29220.770,28979.960,28736.167,28489.639,28240.603,27989.272,27735.839,27480.481,27223.358,26964.612,26704.373,26442.752,26179.847,25915.745,25650.515,25384.219,25116.902,24848.602,24579.345,24309.149,24038.024,23765.970,23492.981,23219.045,22944.144,22668.255,22391.351,22113.401,21834.371,21554.225,21272.926,20990.433,20706.707,20421.707,20135.393,19847.725,19558.662,19268.169,18976.209,18682.747,18387.751,18091.191,17793.041,17493.275,17191.872,16888.814,16584.085,16277.674,15969.571,15659.771,15348.272,15035.075,14720.185,14403.609,14085.357,13765.445,13443.889,13120.708,12795.926,12469.568,12141.661,11812.236,11481.323,11148.958,10815.178,10480.018,10143.519,9805.722,9466.667,9126.398,8784.958,8442.392,8098.744,7754.060,7408.386,7061.767,6714.248,6365.877,6016.699,5666.759,5316.102,4964.774,4612.819,4260.282,3907.207,3553.636,3199.613,2845.181,2490.382,2135.257,1779.850,1424.200,1068.350,712.339,356.209,0.000
0.000,392.581,784.851,1176.466,1567.083,1956.364,2343.975,2729.593,3112.900,3493.589,3871.364,4245.941,4617.049,4984.432,5347.847,5707.067,6061.883,6412.101,6757.546,7098.060,7433.503,7763.754,8088.711,8408.288,8722.420,9031.061,9334.180,9631.767,9923.828,10210.389,10491.488,10767.185,11037.553,11302.680,11562.671,11817.644,12067.730,12313.075,12553.834,12790.177,13022.281,13250.338,13474.544,13695.107,13912.241,14126.168,14337.114,14545.314,14751.004,14954.424,15155.820,15355.437,15553.522,15750.323,15946.089,16141.066,16335.499,16529.632,16723.704,16917.951,17112.607,17307.897,17504.041,17701.257,17899.750,18099.721,18301.364,18504.861,18710.386,18918.105,19128.172,19340.729,19555.910,19773.834,19994.610,20218.332,20445.081,20674.925,20907.917,21144.095,21383.483,21626.086,21871.897,22120.887,22373.015,22628.219,22886.420,23147.519,23411.401,23677.929,23946.948,24218.282,24491.736,24767.093,25044.117,25322.550,25602.114,25882.509,26163.415,26444.492,26725.377,27005.689,27285.025,27562.963,27839.062,28112.862,28383.887,28651.639,28915.610,29175.273,29430.088,29679.505,29922.963,30159.892,30389.718,30611.864,30825.755,31030.818,31226.491,31412.223,31587.481,31751.755,31904.565,32045.460,32174.033,32289.919,32392.800,32482.415,32558.556,32621.077,32669.893,32704.977,32726.366,32734.154,32728.492,32709.585,32677.682,32633.079,32576.108,32507.135,32426.551,32334.771,32232.227,32119.360,31996.623,31864.471,31723.359,31573.742,31416.066,31250.773,31078.296,30899.053,30713.454,30521.893,30324.751,30122.391,29915.164,29703.401,29487.418,29267.514,29043.970,28817.050,28586.999,28354.049,28118.411,27880.281,27639.837,27397.242,27152.644,26906.174,26657.949,26408.073,26156.634,25903.710,25649.363,25393.648,25136.606,24878.268,24618.656,24357.784,24095.657,23832.275,23567.628,23301.702,23034.478,22765.933,22496.038,22224.763,21952.074,21677.936,21402.311,21125.162,20846.450,20566.137,20284.184,20000.554,19715.211,19428.120,19139.248,18848.564,18556.041,18261.651,17965.373,17667.187,17367.075,17065.024,16761.024,16455.068,16147.153,15837.279,15525.449,15211.671,14895.956,14578.317,14258.770,13937.339,13614.044,13288.913,12961.975,12633.263,12302.810,11970.653,11636.832,11301.387,10964.361,10625.798,10285.746,9944.250,9601.359,9257.123,8911.591,8564.814,8216.844,7867.730,7517.527,7166.283,6814.052,6460.885,6106.833,5751.946,5396.276,5039.872,4682.784,4325.060,3966.750,3607.902,3248.562,2888.777,2528.595,2168.061,1807.220,1446.119,1084.802,723.313,361.698,0.000
0.000,402.560,804.784,1206.303,1606.749,2005.759,2402.978,2798.057,3190.656,3580.446,3967.112,4350.347,4729.862,5105.384,5476.651,5843.422,6205.473,6562.596,6914.605,7261.331,7602.623,7938.352,8268.409,8592.701,8911.160,9223.734,9530.390,9831.117,10125.919,10414.822,10697.867,10975.113,11246.638,11512.534,11772.909,12027.885,12277.600,12522.204,12761.862,12996.747,13227.047,13452.959,13674.689,13892.451,14106.468,14316.972,14524.197,14728.386,14929.784,15128.640,15325.209,15519.744,15712.500,15903.735,16093.704,16282.661,16470.861,16658.552,16845.981,17033.393,17221.024,17409.107,17597.870,17787.532,17978.305,18170.395,18363.998,18559.302,18756.484,18955.713,19157.144,19360.925,19567.189,19776.060,19987.646,20202.045,20419.338,20639.595,20862.872,21089.206,21318.623,21551.132,21786.725,22025.377,22267.048,22511.679,22759.194,23009.497,23262.478,23518.005,23775.926,24036.072,24298.255,24562.266,24827.876,25094.837,25362.881,25631.720,25901.047,26170.535,26439.837,26708.586,26976.400,27242.874,27507.589,27770.107,28029.974,28286.720,28539.863,28788.905,29033.338,29272.643,29506.295,29733.758,29954.499,30167.978,30373.661,30571.018,30759.528,30938.685,31107.998,31266.999,31415.247,31552.332,31677.879,31791.555,31893.070,31982.183,32058.702,32122.489,32173.460,32211.585,32236.889,32249.449,32249.392,32236.891,32212.166,32175.472,32127.102,32067.379,31996.651,31915.286,31823.671,31722.205,31611.293,31491.349,31362.786,31226.016,31081.449,30929.489,30770.530,30604.961,30433.155,30255.476,30072.275,29883.889,29690.638,29492.832,29290.760,29084.699,28874.908,28661.630,28445.092,28225.506,28003.068,27777.955,27550.332,27320.348,27088.137,26853.818,26617.497,26379.267,26139.206,25897.383,25653.855,25408.666,25161.851,24913.436,24663.438,24411.865,24158.720,23903.996,23647.683,23389.763,23130.216,22869.017,22606.135,22341.540,22075.199,21807.075,21537.131,21265.332,20991.640,20716.016,20438.426,20158.834,19877.206,19593.510,19307.717,19019.798,18729.730,18437.490,18143.060,17846.424,17547.569,17246.488,16943.174,16637.627,16329.848,16019.844,15707.624,15393.201,15076.591,14757.816,14436.898,14113.865,13788.747,13461.577,13132.392,12801.229,12468.132,12133.143,11796.308,11457.675,11117.295,10775.218,10431.498,10086.189,9739.345,9391.024,9041.280,8690.172,8337.757,7984.092,7629.236,7273.246,6916.178,6558.091,6199.042,5839.085,5478.278,5116.674,4754.329,4391.296,4027.629,3663.380,3298.600,2933.341,2567.654,2201.589,1835.195,1468.520,1101.616,734.528,367.307,0.000
0.000,412.984,825.605,1237.468,1648.179,2057.348,2464.595,2869.547,3271.840,3671.121,4067.053,4459.308,4847.578,5231.568,5611.001,5985.620,6355.183,6719.471,7078.283,7431.439,7778.780,8120.167,8455.482,8784.630,9107.535,9424.141,9734.415,10038.342,10335.927,10627.196,10912.193,11190.978,11463.633,11730.253,11990.951,12245.857,12495.112,12738.875,12977.317,13210.619,13438.977,13662.597,13881.692,14096.488,14307.216,14514.116,14717.434,14917.419,15114.329,15308.422,15499.961,15689.208,15876.430,16061.891,16245.856,16428.588,16610.349,16791.396,16971.984,17152.364,17332.779,17513.471,17694.670,17876.603,18059.489,18243.538,18428.949,18615.916,18804.620,18995.231,19187.912,19382.810,19580.064,19779.797,19982.122,20187.138,20394.929,20605.567,20819.108,21035.593,21255.050,21477.488,21702.903,21931.272,22162.557,22396.703,22633.636,22873.267,23115.487,23360.168,23607.167,23856.320,24107.445,24360.340,24614.786,24870.544,25127.356,25384.947,25643.020,25901.263,26159.343,26416.911,26673.600,26929.025,27182.788,27434.470,27683.642,27929.859,28172.662,28411.584,28646.145,28875.856,29100.225,29318.752,29530.935,29736.273,29934.270,30124.433,30306.281,30479.345,30643.173,30797.335,30941.426,31075.068,31197.918,31309.669,31410.056,31498.855,31575.887,31641.022,31694.177,31735.319,31764.462,31781.667,31787.041,31780.732,31762.929,31733.856,31693.769,31642.952,31581.714,31510.383,31429.305,31338.836,31239.343,31131.198,31014.775,30890.450,30758.594,30619.575,30473.754,30321.486,30163.113,29998.970,29829.378,29654.644,29475.067,29290.927,29102.491,28910.013,28713.730,28513.866,28310.628,28104.209,27894.786,27682.522,27467.566,27250.052,27030.100,26807.818,26583.298,26356.623,26127.862,25897.072,25664.302,25429.588,25192.959,24954.433,24714.021,24471.727,24227.547,23981.472,23733.487,23483.571,23231.701,22977.849,22721.984,22464.075,22204.087,21941.982,21677.726,21411.281,21142.610,20871.677,20598.449,20322.890,20044.970,19764.660,19481.932,19196.761,18909.127,18619.011,18326.399,18031.279,17733.643,17433.488,17130.813,16825.622,16517.923,16207.727,15895.050,15579.910,15262.331,14942.340,14619.967,14295.245,13968.212,13638.908,13307.375,12973.661,12637.813,12299.882,11959.922,11617.988,11274.137,10928.428,10580.920,10231.675,9880.755,9528.223,9174.142,8818.576,8461.589,8103.244,7743.607,7382.741,7020.708,6657.573,6293.396,5928.241,5562.168,5195.236,4827.507,4459.037,4089.885,3720.108,3349.762,2978.903,2607.586,2235.864,1863.790,1491.419,1118.802,745.992,373.041,0.000
0.000,423.879,847.368,1270.041,1691.477,2111.260,2528.982,2944.242,3356.653,3765.837,4171.432,4573.090,4970.479,5363.287,5751.216,6133.993,6511.359,6883.082,7248.948,7608.764,7962.361,8309.593,8650.333,8984.481,9311.954,9632.696,9946.669,10253.857,10554.268,10847.926,11134.878,11415.188,11688.940,11956.235,12217.193,12471.948,12720.648,12963.461,13200.565,13432.150,13658.421,13879.592,14095.888,14307.543,14514.800,14717.906,14917.121,15112.702,15304.919,15494.039,15680.335,15864.082,16045.554,16225.026,16402.772,16579.066,16754.176,16928.370,17101.911,17275.057,17448.060,17621.167,17794.617,17968.643,18143.470,18319.312,18496.375,18674.857,18854.944,19036.811,19220.622,19406.530,19594.676,19785.188,19978.179,20173.751,20371.993,20572.977,20776.762,20983.392,21192.896,21405.287,21620.561,21838.700,22059.669,22283.416,22509.870,22738.947,22970.541,23204.531,23440.778,23679.126,23919.397,24161.401,24404.925,24649.740,24895.598,25142.235,25389.367,25636.695,25883.901,26130.652,26376.597,26621.370,26864.591,27105.864,27344.779,27580.917,27813.844,28043.118,28268.287,28488.892,28704.469,28914.552,29118.671,29316.359,29507.153,29690.597,29866.244,30033.659,30192.427,30342.149,30482.452,30612.990,30733.445,30843.534,30943.013,31031.672,31109.345,31175.908,31231.280,31275.424,31308.343,31330.088,31340.745,31340.442,31329.339,31307.633,31275.546,31233.330,31181.257,31119.619,31048.724,30968.891,30880.449,30783.732,30679.080,30566.830,30447.320,30320.884,30187.852,30048.544,29903.274,29752.347,29596.055,29434.681,29268.495,29097.754,28922.701,28743.567,28560.568,28373.907,28183.772,27990.336,27793.761,27594.192,27391.761,27186.589,26978.781,26768.432,26555.621,26340.420,26122.886,25903.068,25681.004,25456.722,25230.243,25001.577,24770.729,24537.696,24302.470,24065.035,23825.373,23583.460,23339.268,23092.768,22843.926,22592.707,22339.077,22082.997,21824.432,21563.343,21299.695,21033.452,20764.581,20493.050,20218.829,19941.890,19662.210,19379.766,19094.541,18806.520,18515.691,18222.049,17925.588,17626.311,17324.221,17019.329,16711.646,16401.190,16087.983,15772.050,15453.420,15132.127,14808.207,14481.702,14152.654,13821.113,13487.127,13150.751,12812.039,12471.051,12127.848,11782.491,11435.046,11085.578,10734.156,10380.847,10025.720,9668.845,9310.294,8950.137,8588.444,8225.285,7860.733,7494.856,7127.723,6759.404,6389.967,6019.479,5648.006,5275.613,4902.366,4528.327,4153.559,3778.124,3402.082,3025.492,2648.414,2270.907,1893.026,1514.829,1136.372,757.711,378.902,0.000
0.000,435.275,870.128,1304.106,1736.756,2167.633,2596.301,3022.332,3445.309,3864.830,4280.509,4691.972,5098.867,5500.858,5897.631,6288.892,6674.368,7053.810,7426.990,7793.706,8153.777,8507.048,8853.385,9192.680,9524.849,9849.831,10167.585,10478.098,10781.374,11077.442,11366.349,11648.166,11922.979,12190.896,12452.042,12706.557,12954.602,13196.348,13431.983,13661.709,13885.738,14104.296,14317.617,14525.947,14729.539,14928.654,15123.559,15314.526,15501.834,15685.762,15866.595,16044.617,16220.115,16393.373,16564.677,16734.310,16902.550,17069.674,17235.954,17401.657,17567.044,17732.369,17897.879,18063.813,18230.403,18397.869,18566.424,18736.270,18907.598,19080.588,19255.409,19432.218,19611.157,19792.360,19975.943,20162.011,20350.653,20541.948,20735.955,20932.722,21132.279,21334.643,21539.813,21747.775,21958.495,22171.925,22387.999,22606.636,22827.736,23051.184,23276.845,23504.569,23734.187,23965.516,24198.351,24432.473,24667.644,24903.611,25140.104,25376.834,25613.499,25849.781,26085.346,26319.844,26552.915,26784.182,27013.258,27239.745,27463.233,27683.304,27899.533,28111.488,28318.735,28520.835,28717.351,28907.845,29091.887,29269.051,29438.924,29601.102,29755.200,29900.851,30037.708,30165.452,30283.790,30392.461,30491.234,30579.917,30658.353,30726.424,30784.048,30831.186,30867.835,30894.031,30909.845,30915.386,30910.790,30896.227,30871.893,30838.007,30794.810,30742.560,30681.531,30612.008,30534.284,30448.662,30355.443,30254.934,30147.439,30033.261,29912.696,29786.037,29653.567,29515.563,29372.291,29224.006,29070.953,28913.365,28751.463,28585.454,28415.533,28241.883,28064.671,27884.054,27700.174,27513.159,27323.127,27130.181,26934.414,26735.904,26534.721,26330.922,26124.554,25915.655,25704.252,25490.365,25274.005,25055.176,24833.875,24610.091,24383.810,24155.012,23923.672,23689.763,23453.253,23214.109,22972.295,22727.773,22480.507,22230.457,21977.586,21721.855,21463.230,21201.674,20937.156,20669.643,20399.108,20125.525,19848.872,19569.131,19286.285,19000.325,18711.241,18419.032,18123.699,17825.245,17523.683,17219.024,16911.289,16600.500,16286.684,15969.874,15650.104,15327.416,15001.852,14673.461,14342.294,14008.405,13671.852,13332.696,12991.001,12646.833,12300.259,11951.351,11600.181,11246.823,10891.350,10533.840,10174.370,9813.015,9449.854,9084.965,8718.426,8350.313,7980.705,7609.676,7237.303,6863.660,6488.823,6112.862,5735.851,5357.859,4978.957,4599.213,4218.693,3837.463,3455.590,3073.136,2690.165,2306.738,1922.918,1538.763,1154.335,769.693,384.894,0.000
0.000,447.200,893.946,1339.752,1784.133,2226.615,2666.729,3104.017,3538.035,3968.354,4394.559,4816.253,5233.059,5644.621,6050.602,6450.690,6844.596,7232.054,7612.823,7986.688,8353.459,8712.969,9065.080,9409.677,9746.672,10076.000,10397.620,10711.517,11017.698,11316.193,11607.054,11890.353,12166.185,12434.663,12695.919,12950.102,13197.379,13437.934,13671.961,13899.675,14121.298,14337.067,14547.228,14752.038,14951.763,15146.675,15337.054,15523.184,15705.357,15883.863,16059.000,16231.065,16400.354,16567.164,16731.793,16894.532,17055.673,17215.502,17374.300,17532.345,17689.904,17847.242,18004.614,18162.265,18320.435,18479.352,18639.234,18800.288,18962.712,19126.690,19292.396,19459.992,19629.624,19801.428,19975.526,20152.025,20331.018,20512.586,20696.791,20883.685,21073.300,21265.657,21460.757,21658.590,21859.125,22062.318,22268.108,22476.417,22687.151,22900.199,23115.434,23332.711,23551.869,23772.731,23995.102,24218.772,24443.514,24669.085,24895.226,25121.662,25348.105,25574.251,25799.782,26024.366,26247.659,26469.306,26688.938,26906.177,27120.639,27331.928,27539.644,27743.380,27942.729,28137.279,28326.621,28510.347,28688.055,28859.349,29023.843,29181.164,29330.954,29472.873,29606.600,29731.839,29848.318,29955.793,30054.052,30142.914,30222.229,30291.884,30351.799,30401.933,30442.274,30472.849,30493.714,30504.959,30506.702,30499.088,30482.288,30456.492,30421.914,30378.780,30327.334,30267.829,30200.526,30125.694,30043.605,29954.534,29858.754,29756.536,29648.148,29533.854,29413.908,29288.561,29158.051,29022.609,28882.455,28737.798,28588.835,28435.752,28278.723,28117.909,27953.460,27785.512,27614.190,27439.605,27261.857,27081.036,26897.217,26710.466,26520.840,26328.382,26133.127,25935.103,25734.325,25530.804,25324.541,25115.532,24903.765,24689.223,24471.884,24251.722,24028.708,23802.808,23573.986,23342.206,23107.426,22869.609,22628.713,22384.698,22137.524,21887.154,21633.551,21376.678,21116.504,20852.999,20586.135,20315.889,20042.241,19765.174,19484.675,19200.738,18913.356,18622.533,18328.273,18030.585,17729.484,17424.991,17117.129,16805.926,16491.416,16173.638,15852.634,15528.450,15201.137,14870.751,14537.350,14200.997,13861.756,13519.696,13174.889,12827.409,12477.333,12124.737,11769.704,11412.314,11052.650,10690.796,10326.836,9960.855,9592.939,9223.172,8851.639,8478.425,8103.613,7727.286,7349.526,6970.415,6590.031,6208.454,5825.761,5442.027,5057.328,4671.736,4285.324,3898.162,3510.319,3121.863,2732.861,2343.379,1953.483,1563.236,1172.701,781.942,391.021,0.000
0.000,459.687,918.885,1377.074,1833.736,2288.361,2740.450,3189.513,3635.075,4076.677,4513.876,4946.249,5373.395,5794.933,6210.506,6619.782,7022.453,7418.238,7806.882,8188.156,8561.860,8927.820,9285.887,9635.944,9977.897,10311.679,10637.248,10954.589,11263.712,11564.649,11857.455,12142.210,12419.013,12687.985,12949.264,13203.012,13449.402,13688.629,13920.900,14146.438,14365.480,14578.273,14785.076,14986.160,15181.802,15372.289,15557.914,15738.974,15915.773,16088.617,16257.814,16423.675,16586.510,16746.628,16904.336,17059.942,17213.745,17366.044,17517.130,17667.290,17816.804,17965.942,18114.970,18264.142,18413.704,18563.892,18714.929,18867.032,19020.401,19175.229,19331.693,19489.959,19650.179,19812.493,19977.027,20143.890,20313.181,20484.981,20659.359,20836.368,21016.044,21198.410,21383.472,21571.222,21761.634,21954.667,22150.265,22348.354,22548.845,22751.633,22956.595,23163.595,23372.479,23583.075,23795.200,24008.650,24223.210,24438.646,24654.712,24871.146,25087.672,25304.000,25519.828,25734.841,25948.712,26161.102,26371.664,26580.040,26785.866,26988.770,27188.373,27384.295,27576.151,27763.556,27946.127,28123.482,28295.246,28461.049,28620.534,28773.351,28919.169,29057.672,29188.561,29311.561,29426.420,29532.910,29630.833,29720.017,29800.322,29871.638,29933.887,29987.023,30031.031,30065.925,30091.752,30108.583,30116.520,30115.685,30106.226,30088.310,30062.123,30027.864,29985.748,29935.998,29878.849,29814.536,29743.304,29665.397,29581.060,29490.534,29394.060,29291.873,29184.203,29071.271,28953.291,28830.469,28703.001,28571.072,28434.858,28294.523,28150.218,28002.086,27850.255,27694.844,27535.959,27373.693,27208.131,27039.345,26867.397,26692.338,26514.209,26333.041,26148.858,25961.674,25771.494,25578.318,25382.137,25182.937,24980.699,24775.398,24567.003,24355.484,24140.802,23922.919,23701.795,23477.387,23249.653,23018.549,22784.031,22546.057,22304.586,22059.577,21810.993,21558.799,21302.962,21043.452,20780.242,20513.312,20242.642,19968.218,19690.030,19408.074,19122.348,18832.858,18539.612,18242.626,17941.919,17637.515,17329.444,17017.741,16702.446,16383.603,16061.261,15735.475,15406.302,15073.805,14738.049,14399.106,14057.048,13711.951,13363.897,13012.967,12659.245,12302.819,11943.776,11582.206,11218.200,10851.851,10483.250,10112.491,9739.666,9364.867,8988.187,8609.718,8229.549,7847.771,7464.472,7079.740,6693.659,6306.316,5917.792,5528.169,5137.526,4745.942,4353.492,3960.253,3566.298,3171.698,2776.525,2380.849,1984.737,1588.259,1191.479,794.466,397.285,0.000
0.000,472.770,945.014,1416.175,1885.699,2353.041,2817.665,3279.049,3736.685,4190.083,4638.770,5082.297,5520.233,5952.175,6377.743,6796.585,7208.373,7612.810,8009.626,8398.581,8779.461,9152.085,9516.299,9871.977,10219.023,10557.367,10886.968,11207.812,11519.911,11823.299,12118.039,12404.214,12681.933,12951.323,13212.533,13465.731,13711.105,13948.859,14179.213,14402.401,14618.673,14828.291,15031.527,15228.665,15419.997,15605.824,15786.452,15962.195,16133.369,16300.296,16463.298,16622.698,16778.821,16931.989,17082.523,17230.742,17376.959,17521.483,17664.617,17806.659,17947.899,18088.618,18229.090,18369.578,18510.336,18651.608,18793.626,18936.611,19080.772,19226.305,19373.394,19522.211,19672.912,19825.641,19980.528,20137.686,20297.219,20459.210,20623.733,20790.842,20960.578,21132.968,21308.021,21485.732,21666.079,21849.026,22034.520,22222.492,22412.859,22605.520,22800.360,22997.247,23196.034,23396.560,23598.646,23802.100,24006.714,24212.268,24418.525,24625.234,24832.135,25038.949,25245.390,25451.159,25655.944,25859.425,26061.272,26261.149,26458.708,26653.601,26845.471,27033.958,27218.702,27399.342,27575.518,27746.873,27913.057,28073.725,28228.541,28377.184,28519.342,28654.720,28783.043,28904.053,29017.514,29123.215,29220.969,29310.613,29392.015,29465.068,29529.695,29585.847,29633.504,29672.672,29703.385,29725.702,29739.706,29745.502,29743.218,29732.996,29714.999,29689.401,29656.391,29616.165,29568.929,29514.893,29454.273,29387.285,29314.146,29235.071,29150.275,29059.964,28964.344,28863.609,28757.951,28647.549,28532.577,28413.197,28289.563,28161.816,28030.087,27894.499,27755.160,27612.170,27465.617,27315.577,27162.116,27005.292,26845.150,26681.727,26515.048,26345.132,26171.989,25995.620,25816.021,25633.177,25447.072,25257.680,25064.973,24868.917,24669.476,24466.608,24260.270,24050.418,23837.005,23619.983,23399.306,23174.926,22946.796,22714.870,22479.106,22239.461,21995.896,21748.375,21496.864,21241.335,20981.762,20718.124,20450.404,20178.589,19902.673,19622.652,19338.531,19050.316,18758.023,18461.669,18161.280,17856.884,17548.519,17236.223,16920.044,16600.033,16276.245,15948.742,15617.589,15282.856,14944.617,14602.951,14257.939,13909.666,13558.220,13203.692,12846.176,12485.765,12122.558,11756.653,11388.148,11017.145,10643.744,10268.046,9890.151,9510.159,9128.172,8744.286,8358.601,7971.213,7582.217,7191.706,6799.773,6406.508,6011.999,5616.333,5219.596,4821.869,4423.234,4023.770,3623.557,3222.668,2821.180,2419.165,2016.696,1613.844,1210.680,807.271,403.688,0.000
0.000,486.485,972.406,1457.164,1940.166,2420.831,2898.584,3372.869,3843.142,4308.878,4769.576,5224.754,5673.957,6116.752,6552.739,6981.542,7402.815,7816.244,8221.543,8618.459,9006.769,9386.281,9756.833,10118.297,10470.573,10813.589,11147.305,11471.707,11786.810,12092.656,12389.310,12676.865,12955.436,13225.159,13486.194,13738.721,13982.938,14219.062,14447.325,14667.976,14881.278,15087.508,15286.953,15479.911,15666.691,15847.608,16022.985,16193.149,16358.435,16519.177,16675.713,16828.382,16977.522,17123.471,17266.564,17407.132,17545.501,17681.994,17816.927,17950.608,18083.337,18215.408,18347.103,18478.695,18610.447,18742.611,18875.427,19009.123,19143.915,19280.005,19417.584,19556.827,19697.898,19840.943,19986.097,20133.479,20283.194,20435.332,20589.968,20747.161,20906.956,21069.381,21234.451,21402.164,21572.501,21745.432,21920.906,22098.861,22279.218,22461.881,22646.741,22833.673,23022.536,23213.177,23405.426,23599.098,23793.996,23989.908,24186.609,24383.862,24581.415,24779.006,24976.362,25173.197,25369.217,25564.118,25757.589,25949.308,26138.951,26326.186,26510.678,26692.088,26870.079,27044.309,27214.443,27380.147,27541.090,27696.953,27847.422,27992.195,28130.983,28263.510,28389.520,28508.772,28621.045,28726.140,28823.881,28914.117,28996.718,29071.583,29138.634,29197.821,29249.117,29292.524,29328.062,29355.780,29375.745,29388.046,29392.789,29390.100,29380.116,29362.991,29338.888,29307.979,29270.444,29226.469,29176.242,29119.953,29057.795,28989.957,28916.626,28837.986,28754.214,28665.484,28571.961,28473.803,28371.158,28264.168,28152.963,28037.665,27918.384,27795.220,27668.265,27537.598,27403.288,27265.395,27123.968,26979.046,26830.659,26678.829,26523.566,26364.875,26202.752,26037.186,25868.158,25695.646,25519.618,25340.040,25156.874,24970.077,24779.602,24585.402,24387.426,24185.622,23979.937,23770.319,23556.715,23339.073,23117.343,22891.476,22661.424,22427.146,22188.598,21945.744,21698.551,21446.989,21191.032,20930.661,20665.859,20396.617,20122.929,19844.796,19562.223,19275.224,18983.815,18688.019,18387.868,18083.395,17774.641,17461.654,17144.486,16823.196,16497.845,16168.503,15835.243,15498.142,15157.284,14812.754,14464.642,14113.043,13758.054,13399.773,13038.303,12673.749,12306.215,11935.809,11562.640,11186.816,10808.447,10427.641,10044.508,9659.157,9271.693,8882.225,8490.857,8097.693,7702.835,7306.383,6908.435,6509.088,6108.436,5706.570,5303.582,4899.558,4494.584,4088.745,3682.123,3274.796,2866.845,2458.346,2049.374,1640.004,1230.309,820.362,410.235,0.000
0.000,500.873,1001.138,1500.156,1997.293,2491.923,2983.436,3471.234,3954.738,4433.387,4906.647,5374.004,5834.973,6289.096,6735.946,7175.126,7606.269,8029.043,8443.149,8848.318,9244.317,9630.945,10008.036,10375.454,10733.097,11080.894,11418.804,11746.817,12064.951,12373.254,12671.798,12960.682,13240.032,13509.994,13770.740,14022.461,14265.367,14499.689,14725.675,14943.588,15153.706,15356.320,15551.735,15740.266,15922.237,16097.979,16267.833,16432.144,16591.260,16745.534,16895.320,17040.973,17182.847,17321.294,17456.665,17589.304,17719.554,17847.750,17974.220,18099.284,18223.257,18346.440,18469.128,18591.604,18714.140,18836.997,18960.422,19084.652,19209.909,19336.403,19464.330,19593.872,19725.196,19858.455,19993.787,20131.318,20271.155,20413.392,20558.107,20705.365,20855.212,21007.682,21162.792,21320.544,21480.924,21643.904,21809.441,21977.474,22147.929,22320.718,22495.736,22672.865,22851.971,23032.906,23215.510,23399.606,23585.007,23771.509,23958.899,24146.949,24335.421,24524.066,24712.623,24900.821,25088.382,25275.016,25460.428,25644.316,25826.372,26006.283,26183.734,26358.405,26529.978,26698.134,26862.556,27022.933,27178.955,27330.322,27476.741,27617.930,27753.619,27883.551,28007.484,28125.194,28236.473,28341.136,28439.015,28529.966,28613.866,28690.616,28760.140,28822.384,28877.320,28924.938,28965.254,28998.302,29024.138,29042.833,29054.479,29059.180,29057.056,29048.238,29032.867,29011.093,28983.073,28948.966,28908.938,28863.156,28811.786,28754.993,28692.940,28625.787,28553.688,28476.791,28395.240,28309.169,28218.704,28123.966,28025.062,27922.092,27815.148,27704.310,27589.647,27471.222,27349.084,27223.276,27093.828,26960.764,26824.096,26683.830,26539.962,26392.482,26241.371,26086.605,25928.153,25765.979,25600.041,25430.293,25256.686,25079.167,24897.682,24712.173,24522.582,24328.849,24130.916,23928.722,23722.211,23511.325,23296.009,23076.211,22851.881,22622.972,22389.442,22151.251,21908.365,21660.754,21408.392,21151.261,20889.345,20622.636,20351.130,20074.832,19793.750,19507.900,19217.303,18921.987,18621.987,18317.344,18008.104,17694.320,17376.052,17053.364,16726.326,16395.016,16059.513,15719.905,15376.282,15028.739,14677.374,14322.292,13963.598,13601.400,13235.810,12866.942,12494.910,12119.831,11741.823,11361.004,10977.490,10591.401,10202.855,9811.966,9418.852,9023.627,8626.403,8227.291,7826.401,7423.838,7019.708,6614.113,6207.153,5798.926,5389.526,4979.046,4567.577,4155.207,3742.022,3328.106,2913.541,2498.407,2082.783,1666.748,1250.377,833.745,416.928,0.000
0.000,515.974,1031.296,1545.278,2057.243,2566.524,3072.464,3574.425,4071.789,4563.958,5050.362,5530.453,6003.716,6469.664,6927.844,7377.836,7819.252,8251.742,8674.989,9088.713,9492.671,9886.652,10270.484,10644.026,11007.176,11359.861,11702.043,12033.715,12354.900,12665.651,12966.050,13256.206,13536.252,13806.348,14066.677,14317.443,14558.872,14791.209,15014.716,15229.674,15436.377,15635.133,15826.264,16010.103,16186.990,16357.277,16521.321,16679.485,16832.136,16979.643,17122.380,17260.716,17395.024,17525.672,17653.026,17777.448,17899.293,18018.911,18136.645,18252.828,18367.786,18481.833,18595.276,18708.406,18821.508,18934.849,19048.688,19163.268,19278.819,19395.558,19513.687,19633.394,19754.851,19878.218,20003.638,20131.237,20261.131,20393.416,20528.175,20665.474,20805.366,20947.887,21093.057,21240.883,21391.354,21544.448,21700.123,21858.325,22018.985,22182.018,22347.327,22514.798,22684.305,22855.708,23028.852,23203.571,23379.683,23556.997,23735.308,23914.401,24094.047,24274.010,24454.042,24633.886,24813.276,24991.940,25169.598,25345.963,25520.744,25693.647,25864.373,26032.622,26198.094,26360.490,26519.512,26674.867,26826.266,26973.426,27116.075,27253.948,27386.791,27514.365,27636.443,27752.814,27863.283,27967.676,28065.834,28157.619,28242.915,28321.624,28393.670,28459.000,28517.578,28569.392,28614.448,28652.769,28684.399,28709.396,28727.836,28739.807,28745.409,28744.754,28737.963,28725.165,28706.493,28682.087,28652.089,28616.643,28575.890,28529.975,28479.036,28423.209,28362.627,28297.416,28227.695,28153.577,28075.166,27992.561,27905.848,27815.108,27720.410,27621.814,27519.372,27413.125,27303.105,27189.335,27071.829,26950.593,26825.623,26696.907,26564.427,26428.156,26288.062,26144.107,25996.245,25844.427,25688.600,25528.707,25364.686,25196.476,25024.009,24847.222,24666.046,24480.414,24290.260,24095.518,23896.123,23692.014,23483.131,23269.417,23050.818,22827.285,22598.773,22365.240,22126.651,21882.975,21634.186,21380.266,21121.201,20856.983,20587.612,20313.094,20033.439,19748.669,19458.807,19163.887,18863.948,18559.036,18249.204,17934.511,17615.024,17290.813,16961.958,16628.542,16290.655,15948.390,15601.848,15251.134,14896.354,14537.622,14175.053,13808.764,13438.879,13065.518,12688.808,12308.875,11925.845,11539.845,11151.004,10759.447,10365.302,9968.694,9569.747,9168.583,8765.323,8360.085,7952.985,7544.137,7133.651,6721.637,6308.200,5893.444,5477.467,5060.369,4642.243,4223.183,3803.279,3382.617,2961.284,2539.364,2116.938,1694.086,1270.889,847.424,423.769,0.000
0.000,531.835,1062.968,1592.664,2120.197,2644.851,3165.926,3682.740,4194.631,4700.963,5201.125,5694.537,6180.650,6658.946,7128.947,7590.205,8042.315,8484.904,8917.643,9340.236,9752.429,10154.004,10544.783,10924.623,11293.418,11651.097,11997.625,12332.999,12657.248,12970.433,13272.644,13564.001,13844.649,14114.761,14374.532,14624.182,14863.952,15094.104,15314.916,15526.685,15729.726,15924.363,16110.938,16289.802,16461.315,16625.848,16783.777,16935.484,17081.356,17221.782,17357.151,17487.854,17614.280,17736.816,17855.845,17971.743,18084.884,18195.632,18304.343,18411.367,18517.042,18621.694,18725.642,18829.189,18932.629,19036.240,19140.289,19245.028,19350.696,19457.515,19565.694,19675.428,19786.895,19900.260,20015.669,20133.256,20253.139,20375.418,20500.180,20627.497,20757.422,20889.996,21025.244,21163.176,21303.784,21447.050,21592.937,21741.395,21892.360,22045.752,22201.478,22359.433,22519.495,22681.530,22845.393,23010.923,23177.949,23346.287,23515.743,23686.111,23857.175,24028.708,24200.476,24372.234,24543.730,24714.707,24884.897,25054.032,25221.834,25388.027,25552.327,25714.454,25874.124,26031.055,26184.968,26335.588,26482.643,26625.869,26765.008,26899.814,27030.049,27155.488,27275.919,27391.142,27500.975,27605.252,27703.823,27796.558,27883.342,27964.082,28038.703,28107.148,28169.380,28225.380,28275.147,28318.695,28356.057,28387.280,28412.422,28431.558,28444.771,28452.154,28453.811,28449.850,28440.385,28425.533,28405.417,28380.157,28349.875,28314.692,28274.724,28230.087,28180.889,28127.235,28069.223,28006.944,27940.482,27869.912,27795.302,27716.710,27634.185,27547.769,27457.492,27363.377,27265.437,27163.677,27058.092,26948.670,26835.391,26718.226,26597.141,26472.092,26343.033,26209.910,26072.665,25931.235,25785.553,25635.549,25481.151,25322.286,25158.877,24990.849,24818.126,24640.631,24458.291,24271.032,24078.783,23881.477,23679.048,23471.434,23258.579,23040.430,22816.938,22588.059,22353.758,22114.001,21868.763,21618.025,21361.774,21100.004,20832.716,20559.918,20281.626,19997.860,19708.652,19414.039,19114.064,18808.779,18498.244,18182.524,17861.691,17535.826,17205.014,16869.347,16528.923,16183.845,15834.223,15480.169,15121.803,14759.245,14392.621,14022.060,13647.693,13269.653,12888.075,12503.095,12114.851,11723.479,11329.116,10931.899,10531.964,10129.445,9724.474,9317.183,8907.699,8496.149,8082.655,7667.340,7250.320,6831.711,6411.623,5990.165,5567.443,5143.559,4718.613,4292.700,3865.915,3438.350,3010.092,2581.230,2151.847,1722.028,1291.853,861.404,430.760,0.000
0.000,548.504,1096.252,1642.458,2186.343,2727.142,3264.105,3796.502,4323.627,4844.800,5359.372,5866.723,6366.270,6857.465,7339.799,7812.802,8276.043,8729.133,9171.724,9603.509,10024.222,10433.639,10831.576,11217.886,11592.464,11955.241,12306.183,12645.296,12972.614,13288.208,13592.178,13884.655,14165.798,14435.794,14694.852,14943.209,15181.123,15408.872,15626.754,15835.085,16034.197,16224.436,16406.164,16579.752,16745.581,16904.042,17055.532,17200.454,17339.214,17472.223,17599.891,17722.626,17840.838,17954.932,18065.309,18172.364,18276.486,18378.056,18477.447,18575.022,18671.132,18766.118,18860.312,18954.028,19047.569,19141.226,19235.275,19329.975,19425.573,19522.302,19620.375,19719.993,19821.341,19924.589,20029.888,20137.377,20247.177,20359.393,20474.117,20591.422,20711.367,20833.995,20959.335,21087.401,21218.189,21351.683,21487.851,21626.649,21768.015,21911.875,22058.142,22206.714,22357.477,22510.305,22665.056,22821.580,22979.713,23139.279,23300.094,23461.961,23624.675,23788.019,23951.772,24115.700,24279.566,24443.122,24606.119,24768.299,24929.403,25089.167,25247.325,25403.612,25557.760,25709.505,25858.584,26004.737,26147.711,26287.257,26423.133,26555.107,26682.957,26806.471,26925.448,27039.703,27149.063,27253.371,27352.484,27446.276,27534.640,27617.483,27694.731,27766.326,27832.227,27892.412,27946.871,27995.611,28038.656,28076.038,28107.806,28134.019,28154.745,28170.061,28180.052,28184.808,28184.426,28179.004,28168.641,28153.441,28133.503,28108.927,28079.810,28046.244,28008.318,27966.115,27919.712,27869.180,27814.580,27755.967,27693.389,27626.883,27556.479,27482.197,27404.050,27322.039,27236.159,27146.397,27052.728,26955.123,26853.545,26747.946,26638.276,26524.477,26406.485,26284.230,26157.641,26026.640,25891.147,25751.079,25606.352,25456.880,25302.576,25143.354,24979.129,24809.815,24635.328,24455.590,24270.522,24080.048,23884.099,23682.608,23475.513,23262.757,23044.289,22820.063,22590.039,22354.186,22112.475,21864.889,21611.414,21352.047,21086.788,20815.650,20538.649,20255.811,19967.171,19672.770,19372.657,19066.890,18755.533,18438.660,18116.349,17788.689,17455.772,17117.700,16774.580,16426.523,16073.648,15716.079,15353.944,14987.375,14616.507,14241.481,13862.437,13479.520,13092.874,12702.648,12308.988,11912.041,11511.955,11108.877,10702.950,10294.320,9883.127,9469.511,9053.610,8635.555,8215.479,7793.509,7369.770,6944.383,6517.465,6089.130,5659.488,5228.648,4796.711,4363.780,3929.952,3495.321,3059.980,2624.018,2187.523,1750.580,1313.274,875.687,437.902,0.000
0.000,566.032,1131.252,1694.815,2255.888,2813.650,3367.299,3916.055,4459.163,4995.897,5525.565,6047.508,6561.106,7065.778,7560.984,8046.230,8521.060,8985.066,9437.885,9879.195,10308.722,10726.232,11131.539,11524.493,11904.989,12272.962,12628.383,12971.263,13301.647,13619.615,13925.278,14218.782,14500.299,14770.031,15028.206,15275.076,15510.917,15736.029,15950.727,16155.349,16350.247,16535.790,16712.360,16880.350,17040.163,17192.214,17336.920,17474.707,17606.005,17731.243,17850.854,17965.269,18074.916,18180.221,18281.603,18379.477,18474.250,18566.321,18656.077,18743.898,18830.150,18915.189,18999.357,19082.983,19166.380,19249.851,19333.679,19418.135,19503.474,19589.934,19677.737,19767.092,19858.188,19951.199,20046.285,20143.586,20243.229,20345.323,20449.961,20557.224,20667.172,20779.852,20895.296,21013.520,21134.527,21258.302,21384.819,21514.035,21645.894,21780.327,21917.252,22056.572,22198.179,22341.951,22487.755,22635.448,22784.872,22935.862,23088.241,23241.820,23396.406,23551.792,23707.767,23864.110,24020.594,24176.986,24333.047,24488.537,24643.207,24796.809,24949.092,25099.806,25248.698,25395.519,25540.022,25681.963,25821.102,25957.206,26090.049,26219.412,26345.086,26466.872,26584.581,26698.037,26807.078,26911.555,27011.331,27106.288,27196.319,27281.336,27361.265,27436.046,27505.638,27570.010,27629.151,27683.058,27731.745,27775.235,27813.566,27846.783,27874.939,27898.097,27916.326,27929.701,27938.297,27942.196,27941.480,27936.231,27926.530,27912.458,27894.089,27871.498,27844.752,27813.914,27779.040,27740.180,27697.376,27650.663,27600.066,27545.604,27487.286,27425.112,27359.076,27289.159,27215.338,27137.578,27055.838,26970.070,26880.217,26786.217,26688.000,26585.491,26478.611,26367.275,26251.394,26130.877,26005.630,25875.556,25740.557,25600.536,25455.394,25305.035,25149.361,24988.278,24821.694,24649.522,24471.673,24288.069,24098.630,23903.286,23701.970,23494.620,23281.183,23061.608,22835.855,22603.889,22365.683,22121.217,21870.480,21613.466,21350.181,21080.637,20804.855,20522.863,20234.701,19940.412,19640.054,19333.688,19021.386,18703.226,18379.297,18049.693,17714.517,17373.878,17027.891,16676.680,16320.372,15959.101,15593.006,15222.230,14846.920,14467.225,14083.298,13695.295,13303.373,12907.689,12508.402,12105.669,11699.648,11290.497,10878.370,10463.420,10045.799,9625.655,9203.132,8778.374,8351.518,7922.701,7492.052,7059.699,6625.766,6190.372,5753.634,5315.661,4876.563,4436.444,3995.406,3553.545,3110.958,2667.737,2223.971,1779.749,1335.156,890.278,445.199,0.000
0.000,584.478,1168.080,1749.903,2329.053,2904.650,3475.834,4041.773,4601.657,5154.714,5700.204,6237.427,6765.725,7284.481,7793.125,8291.133,8778.030,9253.385,9716.818,10167.997,10606.636,11032.496,11445.386,11845.156,12231.704,12604.966,12964.923,13311.591,13645.026,13965.321,14272.600,14567.022,14848.776,15118.080,15375.182,15620.352,15853.888,16076.106,16287.347,16487.969,16678.347,16858.873,17029.951,17191.999,17345.444,17490.723,17628.280,17758.562,17882.022,17999.115,18110.295,18216.015,18316.726,18412.874,18504.901,18593.241,18678.318,18760.550,18840.343,18918.093,18994.180,19068.976,19142.836,19216.102,19289.100,19362.141,19435.521,19509.520,19584.400,19660.408,19737.774,19816.712,19897.417,19980.070,20064.833,20151.853,20241.260,20333.168,20427.675,20524.861,20624.792,20727.518,20833.075,20941.481,21052.743,21166.849,21283.777,21403.487,21525.928,21651.035,21778.730,21908.922,22041.508,22176.372,22313.388,22452.417,22593.312,22735.912,22880.050,23025.548,23172.218,23319.866,23468.290,23617.279,23766.620,23916.089,24065.463,24214.510,24362.998,24510.691,24657.352,24802.744,24946.630,25088.775,25228.946,25366.912,25502.449,25635.338,25765.365,25892.324,26016.019,26136.261,26252.875,26365.693,26474.562,26579.339,26679.896,26776.118,26867.903,26955.164,27037.828,27115.836,27189.141,27257.712,27321.529,27380.586,27434.886,27484.444,27529.287,27569.447,27604.966,27635.892,27662.280,27684.187,27701.675,27714.807,27723.647,27728.260,27728.709,27725.054,27717.353,27705.658,27690.020,27670.480,27647.074,27619.833,27588.778,27553.924,27515.278,27472.836,27426.588,27376.516,27322.591,27264.776,27203.028,27137.294,27067.513,26993.618,26915.534,26833.179,26746.468,26655.307,26559.601,26459.247,26354.141,26244.177,26129.244,26009.234,25884.033,25753.532,25617.620,25476.188,25329.128,25176.336,25017.711,24853.155,24682.574,24505.879,24322.987,24133.820,23938.305,23736.378,23527.979,23313.058,23091.569,22863.476,22628.751,22387.374,22139.333,21884.625,21623.255,21355.238,21080.597,20799.366,20511.585,20217.306,19916.589,19609.501,19296.122,18976.537,18650.841,18319.137,17981.537,17638.159,17289.128,16934.577,16574.645,16209.476,15839.219,15464.030,15084.066,14699.489,14310.463,13917.157,13519.737,13118.374,12713.238,12304.496,11892.320,11476.875,11058.328,10636.842,10212.577,9785.692,9356.340,8924.671,8490.832,8054.966,7617.211,7177.700,6736.564,6293.926,5849.907,5404.624,4958.189,4510.710,4062.292,3613.036,3163.039,2712.396,2261.200,1809.540,1357.504,905.179,452.649,0.000
0.000,603.900,1206.859,1807.904,2406.077,3000.436,3590.060,4174.055,4751.558,5321.744,5883.825,6437.055,6980.735,7514.213,8036.886,8548.202,9047.661,9534.812,10009.260,10470.660,10918.716,11353.185,11773.873,12180.630,12573.357,12951.997,13316.536,13667.003,14003.464,14326.024,14634.824,14930.040,15211.876,15480.572,15736.393,15979.631,16210.604,16429.654,16637.142,16833.450,17018.978,17194.142,17359.373,17515.111,17661.812,17799.935,17929.952,18052.334,18167.561,18276.111,18378.462,18475.092,18566.475,18653.081,18735.372,18813.803,18888.820,18960.859,19030.344,19097.689,19163.290,19227.535,19290.792,19353.417,19415.748,19478.108,19540.804,19604.124,19668.340,19733.706,19800.460,19868.822,19938.993,20011.159,20085.488,20162.131,20241.222,20322.878,20407.200,20494.273,20584.166,20676.931,20772.606,20871.215,20972.765,21077.249,21184.647,21294.924,21408.032,21523.910,21642.484,21763.668,21887.364,22013.461,22141.840,22272.368,22404.903,22539.294,22675.380,22812.992,22951.950,23092.070,23233.159,23375.017,23517.441,23660.219,23803.138,23945.980,24088.524,24230.547,24371.825,24512.135,24651.252,24788.954,24925.022,25059.239,25191.393,25321.277,25448.692,25573.443,25695.344,25814.219,25929.901,26042.232,26151.067,26256.271,26357.720,26455.304,26548.927,26638.502,26723.956,26805.232,26882.279,26955.062,27023.559,27087.755,27147.648,27203.243,27254.558,27301.614,27344.441,27383.075,27417.556,27447.928,27474.236,27496.528,27514.853,27529.257,27539.785,27546.481,27549.383,27548.527,27543.942,27535.651,27523.672,27508.015,27488.682,27465.668,27438.958,27408.532,27374.359,27336.399,27294.604,27248.919,27199.279,27145.612,27087.837,27025.868,26959.612,26888.969,26813.832,26734.093,26649.636,26560.343,26466.093,26366.764,26262.230,26152.365,26037.046,25916.145,25789.541,25657.112,25518.739,25374.307,25223.704,25066.823,24903.563,24733.825,24557.521,24374.565,24184.879,23988.394,23785.046,23574.780,23357.550,23133.317,22902.051,22663.730,22418.345,22165.891,21906.376,21639.816,21366.237,21085.676,20798.177,20503.798,20202.602,19894.664,19580.070,19258.912,18931.293,18597.326,18257.128,17910.830,17558.567,17200.481,16836.723,16467.448,16092.817,15712.996,15328.157,14938.473,14544.122,14145.281,13742.133,13334.859,12923.640,12508.658,12090.093,11668.125,11242.929,10814.680,10383.548,9949.701,9513.301,9074.508,8633.476,8190.356,7745.292,7298.425,6849.889,6399.817,5948.332,5495.557,5041.606,4586.592,4130.623,3673.802,3216.229,2758.002,2299.214,1839.957,1380.320,920.391,460.256,0.000
0.000,624.367,1247.719,1869.014,2487.221,3101.329,3710.353,4313.334,4909.351,5497.521,6077.004,6647.008,7206.790,7755.660,8292.981,8818.172,9330.708,9830.120,10315.995,10787.975,11245.759,11689.099,12117.797,12531.709,12930.737,13314.834,13683.993,14038.256,14377.703,14702.453,15012.665,15308.531,15590.278,15858.163,16112.473,16353.525,16581.659,16797.239,17000.654,17192.311,17372.635,17542.069,17701.070,17850.107,17989.660,18120.219,18242.280,18356.344,18462.915,18562.499,18655.601,18742.724,18824.366,18901.020,18973.174,19041.303,19105.876,19167.349,19226.164,19282.754,19337.534,19390.905,19443.251,19494.942,19546.330,19597.748,19649.514,19701.926,19755.264,19809.791,19865.753,19923.374,19982.864,20044.412,20108.191,20174.357,20243.047,20314.382,20388.466,20465.387,20545.216,20628.010,20713.809,20802.637,20894.507,20989.413,21087.338,21188.251,21292.107,21398.849,21508.407,21620.698,21735.630,21853.098,21972.985,22095.167,22219.508,22345.862,22474.077,22603.990,22735.431,22868.224,23002.185,23137.125,23272.848,23409.154,23545.842,23682.704,23819.530,23956.110,24092.233,24227.685,24362.256,24495.736,24627.918,24758.597,24887.575,25014.656,25139.650,25262.377,25382.660,25500.333,25615.237,25727.225,25836.157,25941.906,26044.355,26143.397,26238.938,26330.895,26419.196,26503.781,26584.601,26661.617,26734.801,26804.134,26869.607,26931.219,26988.975,27042.891,27092.984,27139.279,27181.801,27220.583,27255.656,27287.052,27314.805,27338.944,27359.499,27376.496,27389.957,27399.897,27406.330,27409.259,27408.683,27404.594,27396.973,27385.798,27371.033,27352.637,27330.560,27304.742,27275.116,27241.606,27204.126,27162.585,27116.883,27066.913,27012.562,26953.711,26890.236,26822.008,26748.894,26670.757,26587.460,26498.863,26404.824,26305.203,26199.858,26088.651,25971.445,25848.106,25718.502,25582.508,25440.000,25290.862,25134.983,24972.257,24802.587,24625.881,24442.057,24251.037,24052.755,23847.152,23634.177,23413.791,23185.961,22950.666,22707.894,22457.642,22199.919,21934.743,21662.142,21382.158,21094.837,20800.242,20498.443,20189.521,19873.566,19550.680,19220.974,18884.568,18541.592,18192.184,17836.489,17474.663,17106.866,16733.265,16354.036,15969.356,15579.408,15184.380,14784.462,14379.846,13970.726,13557.296,13139.751,12718.284,12293.090,11864.357,11432.274,10997.026,10558.794,10117.755,9674.082,9227.943,8779.500,8328.912,7876.332,7421.904,6965.771,6508.070,6048.929,5588.475,5126.827,4664.100,4200.406,3735.850,3270.534,2804.558,2338.016,1871.002,1403.606,935.915,468.018,0.000
0.000,645.949,1290.804,1933.444,2572.763,3207.676,3837.123,4460.079,5075.559,5682.619,6280.364,6867.951,7444.592,8009.556,8562.173,9101.831,9627.979,10140.130,10637.854,11120.784,11588.611,12041.082,12478.003,12899.230,13304.675,13694.297,14068.103,14426.147,14768.524,15095.371,15406.866,15703.221,15984.683,16251.533,16504.082,16742.669,16967.661,17179.448,17378.446,17565.087,17739.827,17903.135,18055.497,18197.412,18329.389,18451.947,18565.610,18670.909,18768.378,18858.549,18941.955,19019.127,19090.590,19156.863,19218.455,19275.869,19329.594,19380.108,19427.875,19473.345,19516.951,19559.111,19600.226,19640.679,19680.834,19721.038,19761.618,19802.884,19845.124,19888.609,19933.591,19980.303,20028.959,20079.753,20132.863,20188.448,20246.650,20307.592,20371.382,20438.110,20507.850,20580.660,20656.584,20735.648,20817.865,20903.235,20991.743,21083.359,21178.042,21275.737,21376.380,21479.890,21586.180,21695.149,21806.686,21920.671,22036.976,22155.460,22275.977,22398.372,22522.484,22648.142,22775.173,22903.396,23032.624,23162.669,23293.338,23424.433,23555.757,23687.110,23818.291,23949.100,24079.337,24208.803,24337.304,24464.647,24590.642,24715.108,24837.864,24958.740,25077.570,25194.197,25308.470,25420.250,25529.406,25635.815,25739.365,25839.955,25937.494,26031.900,26123.103,26211.043,26295.668,26376.939,26454.823,26529.296,26600.344,26667.959,26732.138,26792.887,26850.215,26904.134,26954.661,27001.812,27045.608,27086.066,27123.205,27157.040,27187.586,27214.851,27238.840,27259.554,27276.986,27291.123,27301.946,27309.426,27313.528,27314.208,27311.413,27305.081,27295.142,27281.516,27264.116,27242.844,27217.597,27188.261,27154.716,27116.836,27074.486,27027.529,26975.819,26919.210,26857.548,26790.679,26718.447,26640.695,26557.263,26467.995,26372.735,26271.327,26163.622,26049.470,25928.730,25801.261,25666.930,25525.611,25377.182,25221.529,25058.547,24888.137,24710.210,24524.683,24331.485,24130.554,23921.834,23705.283,23480.869,23248.567,23008.365,22760.262,22504.267,22240.399,21968.691,21689.185,21401.934,21107.004,20804.471,20494.421,20176.954,19852.177,19520.211,19181.184,18835.236,18482.517,18123.182,17757.398,17385.338,17007.182,16623.117,16233.335,15838.034,15437.412,15031.675,14621.029,14205.681,13785.839,13361.712,12933.506,12501.427,12065.678,11626.459,11183.966,10738.391,10289.923,9838.743,9385.028,8928.951,8470.676,8010.364,7548.167,7084.233,6618.703,6151.713,5683.391,5213.861,4743.242,4271.646,3799.183,3325.956,2852.065,2377.607,1902.675,1427.360,951.752,475.936,0.000
0.000,668.725,1336.270,2001.428,2663.011,3319.851,3970.814,4614.798,5250.749,5877.659,6494.574,7100.599,7694.895,8276.692,8845.281,9400.021,9940.337,10465.720,10975.727,11469.981,11948.167,12410.031,12855.381,13284.080,13696.046,14091.251,14469.715,14831.507,15176.742,15505.575,15818.204,16114.863,16395.825,16661.393,16911.904,17147.723,17369.245,17576.887,17771.095,17952.329,18121.075,18277.833,18423.119,18557.463,18681.405,18795.496,18900.291,18996.351,19084.240,19164.523,19237.761,19304.514,19365.334,19420.769,19471.354,19517.616,19560.068,19599.212,19635.531,19669.497,19701.562,19732.160,19761.709,19790.605,19819.228,19847.935,19877.066,19906.939,19937.853,19970.086,20003.897,20039.525,20077.189,20117.089,20159.407,20204.306,20251.929,20302.405,20355.843,20412.335,20471.957,20534.770,20600.818,20670.132,20742.725,20818.599,20897.740,20980.123,21065.709,21154.445,21246.269,21341.107,21438.873,21539.470,21642.793,21748.727,21857.148,21967.921,22080.908,22195.959,22312.920,22431.629,22551.919,22673.618,22796.549,22920.533,23045.384,23170.917,23296.943,23423.273,23549.717,23676.085,23802.188,23927.838,24052.852,24177.047,24300.245,24422.273,24542.963,24662.152,24779.685,24895.412,25009.194,25120.895,25230.392,25337.570,25442.320,25544.545,25644.158,25741.080,25835.240,25926.580,26015.047,26100.599,26183.199,26262.822,26339.446,26413.058,26483.648,26551.214,26615.755,26677.275,26735.778,26791.270,26843.760,26893.252,26939.750,26983.258,27023.772,27061.288,27095.794,27127.274,27155.705,27181.055,27203.289,27222.359,27238.212,27250.783,27260.002,27265.786,27268.045,27266.680,27261.582,27252.633,27239.710,27222.677,27201.393,27175.712,27145.479,27110.534,27070.713,27025.848,26975.766,26920.294,26859.257,26792.478,26719.781,26640.993,26555.939,26464.450,26366.361,26261.508,26149.736,26030.891,25904.830,25771.414,25630.512,25482.002,25325.768,25161.705,24989.717,24809.716,24621.625,24425.376,24220.913,24008.189,23787.169,23557.829,23320.155,23074.146,22819.812,22557.176,22286.270,22007.141,21719.846,21424.456,21121.051,20809.726,20490.586,20163.747,19829.338,19487.499,19138.378,18782.135,18418.939,18048.968,17672.409,17289.454,16900.305,16505.167,16104.252,15697.774,15285.953,14869.009,14447.165,14020.642,13589.664,13154.451,12715.222,12272.193,11825.578,11375.583,10922.414,10466.268,10007.339,9545.812,9081.867,8615.680,8147.416,7677.235,7205.291,6731.730,6256.693,5780.311,5302.713,4824.019,4344.345,3863.801,3382.493,2900.521,2417.984,1934.974,1451.583,967.899,484.010,0.000
0.000,692.780,1384.285,2073.217,2758.295,3438.265,4111.907,4778.040,5435.535,6083.315,6720.363,7345.725,7958.515,8557.917,9143.184,9713.647,10268.703,10807.826,11330.559,11836.516,12325.379,12796.895,13250.875,13687.191,14105.772,14506.602,14889.720,15255.212,15603.211,15933.896,16247.488,16544.245,16824.465,17088.477,17336.647,17569.368,17787.063,17990.182,18179.197,18354.603,18516.915,18666.668,18804.410,18930.702,19046.121,19151.247,19246.672,19332.988,19410.793,19480.682,19543.251,19599.087,19648.775,19692.891,19731.997,19766.646,19797.379,19824.719,19849.174,19871.235,19891.373,19910.042,19927.674,19944.684,19961.462,19978.379,19995.787,20014.013,20033.365,20054.129,20076.570,20100.935,20127.446,20156.309,20187.709,20221.812,20258.766,20298.700,20341.725,20387.936,20437.411,20490.211,20546.383,20605.959,20668.953,20735.369,20805.195,20878.408,20954.969,21034.830,21117.932,21204.202,21293.557,21385.906,21481.147,21579.170,21679.853,21783.071,21888.688,21996.562,22106.544,22218.481,22332.212,22447.573,22564.396,22682.509,22801.736,22921.900,23042.824,23164.325,23286.226,23408.345,23530.504,23652.525,23774.235,23895.461,24016.035,24135.794,24254.579,24372.237,24488.620,24603.588,24717.008,24828.753,24938.705,25046.754,25152.797,25256.743,25358.504,25458.006,25555.180,25649.966,25742.311,25832.171,25919.510,26004.295,26086.502,26166.112,26243.110,26317.484,26389.226,26458.331,26524.795,26588.612,26649.779,26708.289,26764.134,26817.303,26867.780,26915.544,26960.570,27002.825,27042.269,27078.856,27112.531,27143.229,27170.878,27195.395,27216.691,27234.662,27249.200,27260.183,27267.483,27270.962,27270.474,27265.861,27256.964,27243.611,27225.629,27202.836,27175.045,27142.069,27103.713,27059.786,27010.089,26954.430,26892.613,26824.445,26749.737,26668.301,26579.957,26484.526,26381.838,26271.728,26154.039,26028.620,25895.332,25754.041,25604.623,25446.965,25280.964,25106.526,24923.568,24732.017,24531.815,24322.910,24105.266,23878.857,23643.668,23399.698,23146.958,22885.472,22615.276,22336.419,22048.961,21752.980,21448.560,21135.804,20814.824,20485.744,20148.702,19803.847,19451.339,19091.350,18724.062,18349.663,17968.355,17580.346,17185.849,16785.086,16378.284,15965.674,15547.489,15123.965,14695.341,14261.854,13823.743,13381.242,12934.585,12484.002,12029.719,11571.956,11110.930,10646.850,10179.919,9710.334,9238.284,8763.951,8287.509,7809.125,7328.957,6847.159,6363.873,5879.237,5393.381,4906.429,4418.498,3929.700,3440.141,2949.923,2459.143,1967.896,1476.270,984.355,492.237,0.000
0.000,718.206,1435.035,2149.086,2858.979,3563.364,4260.928,4950.406,5630.586,6300.317,6958.514,7604.165,8236.329,8854.145,9456.829,10043.677,10614.066,11167.449,11703.358,12221.402,12721.258,13202.679,13665.482,14109.549,14534.824,14941.307,15329.055,15698.176,16048.825,16381.206,16695.565,16992.186,17271.395,17533.552,17779.049,18008.312,18221.795,18419.977,18603.367,18772.491,18927.898,19070.158,19199.853,19317.582,19423.953,19519.586,19605.105,19681.140,19748.323,19807.283,19858.648,19903.042,19941.080,19973.366,20000.496,20023.049,20041.591,20056.673,20068.824,20078.559,20086.368,20092.724,20098.076,20102.855,20107.464,20112.289,20117.690,20124.006,20131.553,20140.624,20151.493,20164.410,20179.603,20197.282,20217.635,20240.832,20267.021,20296.335,20328.886,20364.771,20404.068,20446.840,20493.134,20542.983,20596.403,20653.398,20713.958,20778.061,20845.670,20916.739,20991.210,21069.013,21150.070,21234.291,21321.578,21411.824,21504.914,21600.725,21699.127,21799.985,21903.155,22008.490,22115.836,22225.038,22335.932,22448.357,22562.144,22677.125,22793.131,22909.989,23027.530,23145.583,23263.978,23382.547,23501.127,23619.553,23737.668,23855.317,23972.350,24088.623,24203.996,24318.336,24431.519,24543.423,24653.937,24762.956,24870.383,24976.129,25080.112,25182.257,25282.498,25380.776,25477.038,25571.239,25663.339,25753.304,25841.107,25926.721,26010.128,26091.309,26170.249,26246.935,26321.352,26393.488,26463.327,26530.852,26596.043,26658.876,26719.322,26777.347,26832.910,26885.964,26936.454,26984.316,27029.478,27071.859,27111.369,27147.906,27181.359,27211.609,27238.524,27261.964,27281.779,27297.810,27309.887,27317.834,27321.467,27320.594,27315.018,27304.535,27288.938,27268.014,27241.551,27209.333,27171.144,27126.769,27075.992,27018.604,26954.395,26883.162,26804.705,26718.833,26625.360,26524.106,26414.903,26297.587,26172.007,26038.020,25895.493,25744.306,25584.345,25415.512,25237.718,25050.886,24854.951,24649.861,24435.574,24212.065,23979.318,23737.332,23486.117,23225.699,22956.117,22677.421,22389.679,22092.970,21787.387,21473.037,21150.040,20818.531,20478.655,20130.572,19774.454,19410.485,19038.858,18659.777,18273.458,17880.123,17480.001,17073.330,16660.354,16241.318,15816.474,15386.074,14950.373,14509.626,14064.085,13614.002,13159.625,12701.200,12238.965,11773.156,11304.000,10831.719,10356.526,9878.630,9398.227,8915.509,8430.656,7943.844,7455.235,6964.988,6473.250,5980.163,5485.858,4990.463,4494.096,3996.870,3498.891,3000.261,2501.078,2001.433,1501.417,1001.117,500.617,0.000
0.000,745.107,1488.722,2229.335,2965.458,3695.633,4418.450,5132.547,5836.626,6529.457,7209.882,7876.824,8529.288,9166.365,9787.232,10391.154,10977.484,11545.660,12095.202,12625.714,13136.878,13628.449,14100.255,14552.194,14984.224,15396.367,15788.701,16161.357,16514.518,16848.413,17163.315,17459.539,17737.441,17997.410,18239.873,18465.287,18674.137,18866.941,19044.238,19206.592,19354.589,19488.832,19609.945,19718.560,19815.327,19900.900,19975.944,20041.125,20097.113,20144.574,20184.172,20216.565,20242.403,20262.322,20276.950,20286.895,20292.752,20295.097,20294.485,20291.452,20286.512,20280.154,20272.848,20265.038,20257.143,20249.560,20242.661,20236.795,20232.287,20229.437,20228.525,20229.805,20233.511,20239.856,20249.032,20261.209,20276.539,20295.155,20317.170,20342.682,20371.770,20404.497,20440.911,20481.044,20524.914,20572.524,20623.867,20678.919,20737.646,20800.004,20865.935,20935.372,21008.238,21084.448,21163.905,21246.506,21332.140,21420.689,21512.028,21606.025,21702.543,21801.440,21902.569,22005.781,22110.921,22217.832,22326.356,22436.331,22547.595,22659.987,22773.344,22887.503,23002.305,23117.591,23233.204,23348.991,23464.802,23580.492,23695.917,23810.943,23925.437,24039.275,24152.337,24264.510,24375.689,24485.772,24594.668,24702.292,24808.564,24913.414,25016.777,25118.593,25218.811,25317.385,25414.273,25509.440,25602.853,25694.484,25784.309,25872.303,25958.445,26042.713,26125.088,26205.546,26284.062,26360.609,26435.157,26507.668,26578.104,26646.415,26712.548,26776.440,26838.022,26897.214,26953.928,27008.065,27059.517,27108.164,27153.876,27196.514,27235.926,27271.950,27304.417,27333.144,27357.940,27378.607,27394.936,27406.714,27413.721,27415.729,27412.507,27403.822,27389.438,27369.116,27342.619,27309.710,27270.155,27223.722,27170.183,27109.317,27040.908,26964.746,26880.630,26788.367,26687.774,26578.676,26460.909,26334.321,26198.769,26054.123,25900.263,25737.084,25564.489,25382.398,25190.742,24989.463,24778.519,24557.881,24327.534,24087.474,23837.713,23578.279,23309.211,23030.565,22742.411,22444.833,22137.929,21821.816,21496.619,21162.482,20819.562,20468.028,20108.064,19739.867,19363.643,18979.613,18588.005,18189.058,17783.019,17370.142,16950.686,16524.917,16093.104,15655.515,15212.424,14764.103,14310.822,13852.848,13390.447,12923.877,12453.395,11979.248,11501.678,11020.919,10537.196,10050.725,9561.715,9070.366,8576.865,8081.393,7584.122,7085.212,6584.816,6083.077,5580.132,5076.109,4571.126,4065.297,3558.729,3051.524,2543.776,2035.578,1527.018,1018.180,509.147,0.000
0.000,773.592,1545.569,2314.296,3078.166,3835.607,4585.098,5325.177,6054.450,6771.600,7475.392,8164.683,8838.419,9495.642,10135.490,10757.197,11360.093,11943.602,12507.237,13050.600,13573.376,14075.333,14556.310,15016.222,15455.050,15872.838,16269.689,16645.761,17001.267,17336.463,17651.656,17947.192,18223.457,18480.877,18719.910,18941.049,19144.815,19331.761,19502.463,19657.524,19797.566,19923.234,20035.189,20134.105,20220.669,20295.580,20359.541,20413.259,20457.443,20492.799,20520.030,20539.831,20552.887,20559.871,20561.441,20558.240,20550.890,20539.996,20526.138,20509.877,20491.746,20472.258,20451.899,20431.128,20410.380,20390.064,20370.564,20352.237,20335.417,20320.410,20307.503,20296.954,20289.002,20283.861,20281.727,20282.770,20287.144,20294.982,20306.400,20321.493,20340.340,20363.006,20389.538,20419.966,20454.310,20492.572,20534.745,20580.806,20630.721,20684.447,20741.926,20803.095,20867.878,20936.189,21007.938,21083.023,21161.337,21242.764,21327.184,21414.471,21504.491,21597.109,21692.183,21789.570,21889.121,21990.687,22094.115,22199.252,22305.945,22414.038,22523.377,22633.808,22745.179,22857.341,22970.144,23083.443,23197.098,23310.970,23424.925,23538.834,23652.575,23766.028,23879.080,23991.626,24103.564,24214.801,24325.248,24434.823,24543.453,24651.067,24757.603,24863.003,24967.217,25070.198,25171.903,25272.294,25371.338,25469.002,25565.257,25660.075,25753.430,25845.292,25935.635,26024.426,26111.634,26197.222,26281.148,26363.365,26443.822,26522.458,26599.207,26673.991,26746.727,26817.320,26885.666,26951.648,27015.141,27076.007,27134.097,27189.252,27241.300,27290.058,27335.334,27376.923,27414.612,27448.180,27477.394,27502.018,27521.805,27536.507,27545.867,27549.628,27547.529,27539.311,27524.712,27503.473,27475.337,27440.054,27397.374,27347.057,27288.869,27222.583,27147.982,27064.857,26973.012,26872.258,26762.421,26643.335,26514.849,26376.824,26229.132,26071.659,25904.305,25726.983,25539.618,25342.152,25134.537,24916.743,24688.752,24450.561,24202.183,23943.645,23674.991,23396.277,23107.579,22808.984,22500.599,22182.544,21854.955,21517.984,21171.798,20816.578,20452.521,20079.836,19698.744,19309.481,18912.292,18507.432,18095.166,17675.766,17249.511,16816.684,16377.572,15932.466,15481.655,15025.431,14564.082,14097.893,13627.147,13152.119,12673.080,12190.293,11704.014,11214.488,10721.954,10226.639,9728.760,9228.525,8726.132,8221.767,7715.606,7207.815,6698.552,6187.962,5676.183,5163.345,4649.567,4134.963,3619.639,3103.695,2587.225,2070.319,1553.063,1035.538,517.824,0.000
0.000,803.787,1605.820,2404.332,3197.582,3983.872,4761.562,5529.078,6284.923,7027.687,7756.055,8468.809,9164.837,9843.130,10502.786,11143.010,11763.112,12362.501,12940.689,13497.279,14031.965,14544.526,15034.823,15502.791,15948.434,16371.826,16773.097,17152.437,17510.089,17846.346,18161.544,18456.066,18730.334,18984.807,19219.980,19436.383,19634.576,19815.148,19978.715,20125.920,20257.426,20373.919,20476.101,20564.690,20640.417,20704.021,20756.251,20797.857,20829.589,20852.197,20866.423,20873.004,20872.663,20866.109,20854.035,20837.119,20816.013,20791.352,20763.742,20733.769,20701.990,20668.937,20635.114,20600.997,20567.035,20533.651,20501.237,20470.162,20440.766,20413.363,20388.243,20365.669,20345.884,20329.104,20315.525,20305.319,20298.641,20295.624,20296.381,20301.009,20309.587,20322.176,20338.823,20359.559,20384.401,20413.352,20446.403,20483.532,20524.704,20569.876,20618.993,20671.990,20728.793,20789.320,20853.479,20921.174,20992.298,21066.740,21144.384,21225.106,21308.779,21395.270,21484.445,21576.164,21670.287,21766.668,21865.162,21965.624,22067.906,22171.861,22277.341,22384.201,22492.296,22601.484,22711.624,22822.580,22934.217,23046.406,23159.019,23271.936,23385.040,23498.219,23611.368,23724.384,23837.173,23949.647,24061.722,24173.320,24284.370,24394.806,24504.566,24613.597,24721.846,24829.267,24935.819,25041.461,25146.157,25249.874,25352.578,25454.238,25554.820,25654.293,25752.621,25849.767,25945.690,26040.346,26133.682,26225.643,26316.165,26405.178,26492.600,26578.344,26662.311,26744.390,26824.463,26902.397,26978.048,27051.260,27121.867,27189.688,27254.530,27316.191,27374.454,27429.094,27479.874,27526.547,27568.857,27606.543,27639.334,27666.955,27689.125,27705.562,27715.980,27720.094,27717.620,27708.274,27691.778,27667.858,27636.244,27596.676,27548.901,27492.673,27427.758,27353.933,27270.986,27178.714,27076.932,26965.462,26844.142,26712.825,26571.374,26419.669,26257.602,26085.080,25902.025,25708.373,25504.076,25289.098,25063.422,24827.044,24579.976,24322.247,24053.902,23775.000,23485.621,23185.857,22875.821,22555.639,22225.457,21885.435,21535.752,21176.599,20808.188,20430.740,20044.493,19649.699,19246.620,18835.529,18416.710,17990.454,17557.060,17116.831,16670.076,16217.103,15758.225,15293.752,14823.990,14349.246,13869.819,13386.002,12898.083,12406.341,11911.044,11412.454,10910.819,10406.379,9899.361,9389.981,8878.446,8364.947,7849.666,7332.775,6814.433,6294.790,5773.983,5252.144,4729.393,4205.842,3681.596,3156.754,2631.406,2105.641,1579.540,1053.183,526.644,0.000
0.000,835.826,1669.747,2499.843,3324.231,4141.073,4948.597,5745.106,6528.994,7298.750,8052.970,8790.363,9509.752,10210.077,10890.398,11549.891,12187.848,12803.670,13396.868,13967.052,14513.929,15037.297,15537.039,16013.118,16465.567,16894.491,17300.054,17682.481,18042.051,18379.090,18693.975,18987.123,19258.994,19510.086,19740.933,19952.102,20144.193,20317.836,20473.688,20612.433,20734.780,20841.455,20933.208,21010.800,21075.008,21126.620,21166.428,21195.229,21213.819,21222.994,21223.540,21216.235,21201.843,21181.113,21154.778,21123.547,21088.108,21049.124,21007.233,20963.043,20917.136,20870.064,20822.351,20774.488,20726.940,20680.141,20634.494,20590.376,20548.135,20508.091,20470.536,20435.740,20403.946,20375.371,20350.213,20328.644,20310.818,20296.867,20286.903,20281.022,20279.300,20281.798,20288.561,20299.617,20314.983,20334.661,20358.639,20386.895,20419.394,20456.092,20496.934,20541.855,20590.782,20643.633,20700.321,20760.748,20824.811,20892.402,20963.407,21037.707,21115.177,21195.691,21279.117,21365.322,21454.169,21545.520,21639.237,21735.178,21833.203,21933.173,22034.946,22138.383,22243.349,22349.707,22457.326,22566.074,22675.825,22786.458,22897.852,23009.893,23122.471,23235.481,23348.823,23462.402,23576.129,23689.920,23803.696,23917.383,24030.914,24144.226,24257.261,24369.965,24482.288,24594.185,24705.613,24816.534,24926.908,25036.700,25145.874,25254.395,25362.228,25469.334,25575.672,25681.200,25785.869,25889.627,25992.415,26094.167,26194.810,26294.261,26392.429,26489.213,26584.501,26678.168,26770.079,26860.087,26948.030,27033.735,27117.015,27197.670,27275.488,27350.241,27421.694,27489.595,27553.684,27613.690,27669.332,27720.322,27766.363,27807.153,27842.386,27871.753,27894.941,27911.641,27921.542,27924.335,27919.720,27907.397,27887.077,27858.476,27821.321,27775.350,27720.309,27655.959,27582.072,27498.434,27404.843,27301.112,27187.068,27062.554,26927.425,26781.553,26624.825,26457.140,26278.417,26088.587,25887.597,25675.412,25452.010,25217.387,24971.556,24714.546,24446.402,24167.189,23876.988,23575.897,23264.034,22941.532,22608.547,22265.248,21911.823,21548.479,21175.439,20792.939,20401.235,20000.595,19591.299,19173.641,18747.923,18314.459,17873.568,17425.574,16970.809,16509.604,16042.291,15569.203,15090.667,14607.009,14118.549,13625.598,13128.460,12627.433,12122.799,11614.833,11103.798,10589.944,10073.509,9554.718,9033.784,8510.907,7986.273,7460.058,6932.424,6403.524,5873.496,5342.471,4810.570,4277.902,3744.572,3210.675,2676.298,2141.527,1606.438,1071.106,535.604,0.000
0.000,869.860,1737.647,2601.274,3458.695,4307.922,5147.035,5974.206,6787.706,7585.917,8367.343,9130.611,9874.479,10597.837,11299.706,11979.238,12635.708,13268.515,13877.171,14461.302,15020.632,15554.985,16064.272,16548.487,17007.700,17442.050,17851.743,18237.040,18598.259,18935.767,19249.981,19541.357,19810.396,20057.634,20283.648,20489.044,20674.464,20840.581,20988.096,21117.736,21230.255,21326.427,21407.046,21472.925,21524.890,21563.775,21590.424,21605.683,21610.398,21605.411,21591.556,21569.657,21540.523,21504.944,21463.692,21417.515,21367.135,21313.247,21256.517,21197.582,21137.047,21075.486,21013.440,20951.419,20889.900,20829.329,20770.121,20712.659,20657.298,20604.362,20554.150,20506.931,20462.950,20422.426,20385.554,20352.509,20323.440,20298.478,20277.735,20261.302,20249.254,20241.649,20238.529,20239.921,20245.839,20256.282,20271.237,20290.681,20314.577,20342.881,20375.535,20412.475,20453.629,20498.916,20548.247,20601.528,20658.657,20719.528,20784.029,20852.045,20923.454,20998.134,21075.957,21156.795,21240.516,21326.987,21416.074,21507.643,21601.560,21697.690,21795.900,21896.058,21998.034,22101.700,22206.928,22313.598,22421.588,22530.785,22641.074,22752.349,22864.505,22977.445,23091.073,23205.303,23320.048,23435.230,23550.776,23666.616,23782.686,23898.927,24015.282,24131.702,24248.137,24364.544,24480.880,24597.106,24713.184,24829.076,24944.745,25060.153,25175.261,25290.026,25404.405,25518.348,25631.802,25744.707,25856.997,25968.596,26079.424,26189.387,26298.384,26406.301,26513.013,26618.383,26722.260,26824.481,26924.867,27023.228,27119.358,27213.036,27304.029,27392.088,27476.953,27558.350,27635.992,27709.584,27778.818,27843.377,27902.940,27957.176,28005.751,28048.327,28084.565,28114.128,28136.677,28151.880,28159.408,28158.940,28150.160,28132.764,28106.458,28070.958,28025.994,27971.309,27906.660,27831.817,27746.565,27650.707,27544.058,27426.451,27297.733,27157.768,27006.434,26843.629,26669.263,26483.264,26285.576,26076.160,25854.993,25622.069,25377.401,25121.018,24852.968,24573.316,24282.147,23979.565,23665.692,23340.671,23004.663,22657.849,22300.429,21932.620,21554.662,21166.807,20769.327,20362.508,19946.650,19522.068,19089.087,18648.040,18199.272,17743.130,17279.969,16810.142,16334.008,15851.919,15364.227,14871.279,14373.415,13870.967,13364.258,12853.601,12339.296,11821.633,11300.887,10777.320,10251.182,9722.706,9192.112,8659.607,8125.383,7589.619,7052.480,6514.119,5974.677,5434.284,4893.057,4351.107,3808.533,3265.427,2721.874,2177.953,1633.737,1089.296,544.695,0.000
0.000,906.058,1809.853,2709.116,3601.620,4485.207,5357.798,6217.418,7062.207,7890.431,8700.491,9490.935,10260.452,11007.881,11732.208,12432.560,13108.205,13758.541,14383.093,14981.503,15553.524,16099.010,16617.907,17110.248,17576.145,18015.779,18429.397,18817.307,19179.868,19517.492,19830.636,20119.802,20385.531,20628.402,20849.034,21048.077,21226.216,21384.167,21522.677,21642.520,21744.497,21829.431,21898.167,21951.568,21990.513,22015.888,22028.592,22029.522,22019.579,21999.654,21970.634,21933.391,21888.781,21837.640,21780.780,21718.990,21653.028,21583.624,21511.474,21437.242,21361.558,21285.018,21208.181,21131.574,21055.688,20980.980,20907.874,20836.760,20768.000,20701.922,20638.825,20578.982,20522.637,20470.009,20421.292,20376.657,20336.253,20300.207,20268.628,20241.604,20219.205,20201.488,20188.491,20180.237,20176.736,20177.986,20183.972,20194.666,20210.031,20230.019,20254.574,20283.630,20317.114,20354.944,20397.034,20443.288,20493.608,20547.887,20606.017,20667.884,20733.371,20802.357,20874.720,20950.333,21029.071,21110.805,21195.407,21282.747,21372.697,21465.129,21559.915,21656.929,21756.048,21857.149,21960.115,22064.828,22171.176,22279.049,22388.342,22498.953,22610.786,22723.747,22837.750,22952.710,23068.549,23185.194,23302.574,23420.626,23539.289,23658.507,23778.228,23898.403,24018.987,24139.936,24261.211,24382.772,24504.580,24626.599,24748.788,24871.110,24993.521,25115.978,25238.432,25360.830,25483.112,25605.214,25727.062,25848.575,25969.662,26090.222,26210.141,26329.296,26447.550,26564.751,26680.736,26795.324,26908.323,27019.522,27128.697,27235.607,27339.997,27441.596,27540.120,27635.271,27726.735,27814.191,27897.302,27975.726,28049.109,28117.094,28179.315,28235.408,28285.002,28327.731,28363.229,28391.136,28411.095,28422.759,28425.788,28419.856,28404.644,28379.850,28345.183,28300.369,28245.148,28179.276,28102.525,28014.684,27915.558,27804.969,27682.758,27548.779,27402.905,27245.025,27075.047,26892.892,26698.502,26491.835,26272.864,26041.584,25798.005,25542.157,25274.089,24993.867,24701.582,24397.339,24081.268,23753.518,23414.259,23063.682,22701.998,22329.440,21946.260,21552.729,21149.135,20735.785,20313.001,19881.119,19440.486,18991.463,18534.415,18069.718,17597.750,17118.892,16633.526,16142.030,15644.779,15142.145,14634.489,14122.163,13605.512,13084.866,12560.543,12032.848,11502.069,10968.482,10432.346,9893.903,9353.383,8810.997,8266.944,7721.403,7174.544,6626.520,6077.472,5527.528,4976.805,4425.409,3873.436,3320.974,2768.103,2214.896,1661.421,1107.740,553.914,0.000
0.000,944.605,1886.736,2823.918,3753.724,4673.805,5581.908,6475.896,7353.764,8213.655,9053.864,9872.850,10669.235,11441.809,12189.523,12911.488,13606.966,14275.365,14916.228,15529.224,16114.141,16670.871,17199.405,17699.821,18172.278,18617.008,19034.305,19424.526,19788.077,20125.419,20437.053,20723.527,20985.426,21223.375,21438.034,21630.099,21800.301,21949.401,22078.192,22187.498,22278.169,22351.081,22407.131,22447.237,22472.333,22483.364,22481.282,22467.045,22441.608,22405.920,22360.921,22307.536,22246.672,22179.212,22106.014,22027.908,21945.692,21860.130,21771.950,21681.845,21590.470,21498.442,21406.341,21314.707,21224.047,21134.826,21047.479,20962.402,20879.960,20800.484,20724.276,20651.607,20582.722,20517.838,20457.145,20400.812,20348.983,20301.784,20259.316,20221.664,20188.896,20161.061,20138.194,20120.315,20107.430,20099.532,20096.602,20098.611,20105.518,20117.274,20133.820,20155.088,20181.005,20211.489,20246.451,20285.798,20329.431,20377.246,20429.135,20484.986,20544.685,20608.115,20675.154,20745.682,20819.577,20896.713,20976.968,21060.217,21146.337,21235.204,21326.698,21420.697,21517.086,21615.747,21716.568,21819.441,21924.256,22030.913,22139.312,22249.357,22360.958,22474.028,22588.486,22704.253,22821.256,22939.428,23058.703,23179.021,23300.327,23422.568,23545.696,23669.665,23794.432,23919.956,24046.198,24173.121,24300.688,24428.859,24557.597,24686.861,24816.608,24946.791,25077.358,25208.254,25339.414,25470.770,25602.241,25733.740,25865.168,25996.416,26127.363,26257.872,26387.797,26516.973,26645.221,26772.349,26898.145,27022.382,27144.817,27265.188,27383.219,27498.616,27611.070,27720.257,27825.838,27927.462,28024.766,28117.374,28204.906,28286.971,28363.174,28433.118,28496.402,28552.629,28601.403,28642.333,28675.036,28699.135,28714.267,28720.077,28716.227,28702.391,28678.259,28643.537,28597.950,28541.238,28473.159,28393.490,28302.024,28198.576,28082.975,27955.068,27814.722,27661.821,27496.265,27317.972,27126.880,26922.943,26706.133,26476.442,26233.878,25978.472,25710.273,25429.350,25135.793,24829.715,24511.251,24180.555,23837.806,23483.207,23116.980,22739.372,22350.651,21951.104,21541.042,21120.790,20690.692,20251.110,19802.416,19344.995,18879.242,18405.558,17924.350,17436.025,16940.993,16439.660,15932.426,15419.687,14901.829,14379.228,13852.247,13321.237,12786.534,12248.458,11707.314,11163.388,10616.951,10068.255,9517.537,8965.013,8410.887,7855.342,7298.548,6740.659,6181.815,5622.143,5061.755,4500.755,3939.234,3377.274,2814.949,2252.326,1689.465,1126.423,563.251,0.000
0.000,985.711,1968.712,2946.293,3915.807,4874.692,5820.500,6750.917,7663.781,8557.099,9429.055,10278.017,11102.539,11901.362,12673.410,13417.781,14133.743,14820.719,15478.281,16106.135,16704.112,17272.154,17810.303,18318.694,18797.539,19247.127,19667.807,20059.989,20424.133,20760.747,21070.385,21353.640,21611.144,21843.569,22051.619,22236.038,22397.600,22537.115,22655.425,22753.404,22831.955,22892.006,22934.514,22960.452,22970.814,22966.607,22948.843,22918.543,22876.722,22824.390,22762.546,22692.172,22614.227,22529.648,22439.340,22344.178,22244.999,22142.605,22037.757,21931.178,21823.548,21715.506,21607.650,21500.537,21394.684,21290.569,21188.631,21089.274,20992.864,20899.735,20810.189,20724.495,20642.896,20565.605,20492.810,20424.673,20361.336,20302.916,20249.512,20201.202,20158.049,20120.096,20087.373,20059.895,20037.662,20020.664,20008.877,20002.269,20000.795,20004.403,20013.031,20026.610,20045.064,20068.310,20096.260,20128.818,20165.887,20207.363,20253.140,20303.106,20357.150,20415.156,20477.008,20542.586,20611.772,20684.446,20760.487,20839.778,20922.198,21007.630,21095.958,21187.067,21280.845,21377.183,21475.974,21577.114,21680.503,21786.044,21893.644,22003.214,22114.669,22227.928,22342.916,22459.560,22577.794,22697.552,22818.777,22941.413,23065.407,23190.714,23317.287,23445.084,23574.066,23704.194,23835.433,23967.745,24101.095,24235.447,24370.761,24506.998,24644.112,24782.058,24920.780,25060.220,25200.313,25340.983,25482.147,25623.711,25765.572,25907.611,26049.698,26191.690,26333.426,26474.731,26615.415,26755.268,26894.064,27031.557,27167.485,27301.568,27433.506,27562.982,27689.662,27813.195,27933.214,28049.339,28161.177,28268.322,28370.359,28466.866,28557.416,28641.577,28718.916,28789.002,28851.407,28905.709,28951.494,28988.358,29015.908,29033.765,29041.564,29038.958,29025.615,29001.225,28965.492,28918.142,28858.919,28787.588,28703.932,28607.753,28498.873,28377.132,28242.390,28094.524,27933.430,27759.022,27571.231,27370.009,27155.326,26927.169,26685.549,26430.491,26162.047,25880.286,25585.302,25277.210,24956.149,24622.283,24275.797,23916.905,23545.842,23162.869,22768.269,22362.351,21945.442,21517.894,21080.073,20632.367,20175.176,19708.912,19234.001,18750.872,18259.962,17761.710,17256.554,16744.927,16227.261,15703.977,15175.486,14642.189,14104.472,13562.707,13017.246,12468.430,11916.575,11361.982,10804.934,10245.691,9684.496,9121.575,8557.131,7991.352,7424.409,6856.455,6287.629,5718.053,5147.839,4577.082,4005.869,3434.276,2862.369,2290.208,1717.845,1145.327,572.699,0.000
0.000,1029.611,2056.245,3076.930,4088.768,5088.962,6074.844,7043.906,7993.815,8922.433,9827.823,10708.262,11562.235,12388.441,13185.779,13953.347,14690.423,15396.462,16071.072,16714.011,17325.163,17904.530,18452.218,18968.426,19453.431,19907.584,20331.297,20725.037,21089.322,21424.715,21731.821,22011.284,22263.783,22490.036,22690.796,22866.851,23019.024,23148.172,23255.188,23340.998,23406.558,23452.856,23480.905,23491.742,23486.425,23466.025,23431.622,23384.301,23325.146,23255.231,23175.619,23087.353,22991.451,22888.904,22780.670,22667.669,22550.783,22430.851,22308.669,22184.990,22060.519,21935.917,21811.802,21688.744,21567.272,21447.872,21330.990,21217.033,21106.369,20999.332,20896.222,20797.307,20702.823,20612.980,20527.960,20447.921,20372.995,20303.295,20238.913,20179.921,20126.372,20078.306,20035.745,19998.698,19967.161,19941.116,19920.536,19905.382,19895.607,19891.153,19891.958,19897.948,19909.045,19925.164,19946.216,19972.105,20002.732,20037.994,20077.785,20121.996,20170.516,20223.230,20280.026,20340.786,20405.395,20473.736,20545.694,20621.154,20700.000,20782.121,20867.404,20955.740,21047.024,21141.150,21238.018,21337.529,21439.590,21544.109,21651.000,21760.179,21871.568,21985.092,22100.680,22218.266,22337.789,22459.190,22582.414,22707.413,22834.139,22962.548,23092.600,23224.257,23357.483,23492.243,23628.503,23766.229,23905.389,24045.946,24187.864,24331.103,24475.620,24621.365,24768.286,24916.321,25065.402,25215.452,25366.384,25518.100,25670.489,25823.428,25976.779,26130.389,26284.090,26437.694,26590.997,26743.776,26895.790,27046.776,27196.453,27344.519,27490.653,27634.512,27775.739,27913.953,28048.761,28179.750,28306.495,28428.559,28545.491,28656.835,28762.129,28860.904,28952.694,29037.031,29113.454,29181.507,29240.743,29290.727,29331.037,29361.266,29381.025,29389.942,29387.664,29373.859,29348.216,29310.445,29260.275,29197.459,29121.768,29032.997,28930.958,28815.483,28686.427,28543.659,28387.072,28216.573,28032.090,27833.572,27620.984,27394.312,27153.562,26898.761,26629.957,26347.222,26050.650,25740.360,25416.495,25079.225,24728.745,24365.277,23989.070,23600.400,23199.568,22786.901,22362.749,21927.487,21481.509,21025.229,20559.077,20083.498,19598.946,19105.885,18604.784,18096.114,17580.345,17057.944,16529.370,15995.075,15455.498,14911.064,14362.185,13809.253,13252.643,12692.710,12129.788,11564.191,10996.211,10426.121,9854.169,9280.585,8705.578,8129.337,7552.032,6973.816,6394.824,5815.176,5234.977,4654.318,4073.277,3491.924,2910.316,2328.503,1746.530,1164.433,582.246,0.000
0.000,1076.571,2149.861,3216.604,4273.618,5317.840,6346.360,7356.454,8345.602,9311.508,10252.112,11165.595,12050.378,12905.120,13728.708,14520.246,15279.040,16004.585,16696.545,17354.738,17979.118,18569.760,19126.847,19650.650,20141.521,20599.884,21026.218,21421.055,21784.977,22118.602,22422.591,22697.638,22944.474,23163.862,23356.602,23523.529,23665.514,23783.463,23878.320,23951.063,24002.706,24034.296,24046.909,24041.649,24019.641,23982.027,23929.959,23864.596,23787.090,23698.591,23600.227,23493.108,23378.318,23256.904,23129.880,22998.217,22862.840,22724.629,22584.417,22442.986,22301.067,22159.344,22018.450,21878.970,21741.443,21606.363,21474.180,21345.302,21220.098,21098.900,20982.004,20869.674,20762.140,20659.605,20562.245,20470.209,20383.624,20302.592,20227.197,20157.503,20093.557,20035.389,19983.016,19936.437,19895.643,19860.609,19831.303,19807.680,19789.687,19777.264,19770.342,19768.846,19772.694,19781.799,19796.069,19815.408,19839.716,19868.889,19902.821,19941.404,19984.528,20032.080,20083.948,20140.020,20200.180,20264.317,20332.317,20404.070,20479.464,20558.392,20640.746,20726.423,20815.321,20907.341,21002.387,21100.367,21201.193,21304.779,21411.044,21519.912,21631.308,21745.165,21861.417,21980.005,22100.871,22223.963,22349.234,22476.636,22606.130,22737.675,22871.237,23006.782,23144.277,23283.691,23424.995,23568.159,23713.151,23859.938,24008.486,24158.757,24310.708,24464.292,24619.455,24776.136,24934.265,25093.764,25254.543,25416.500,25579.520,25743.476,25908.221,26073.597,26239.424,26405.506,26571.626,26737.548,26903.015,27067.749,27231.448,27393.790,27554.431,27713.005,27869.126,28022.387,28172.362,28318.609,28460.667,28598.064,28730.315,28856.926,28977.395,29091.218,29197.890,29296.905,29387.765,29469.978,29543.064,29606.552,29659.992,29702.946,29734.997,29755.751,29764.830,29761.884,29746.583,29718.620,29677.712,29623.599,29556.041,29474.824,29379.752,29270.650,29147.366,29009.766,28857.734,28691.176,28510.013,28314.190,28103.669,27878.433,27638.483,27383.846,27114.569,26830.722,26532.399,26219.723,25892.840,25551.926,25197.184,24828.847,24447.175,24052.461,23645.023,23225.209,22793.393,22349.975,21895.378,21430.045,20954.440,20469.039,19974.334,19470.822,18959.008,18439.399,17912.500,17378.812,16838.827,16293.029,15741.886,15185.853,14625.364,14060.837,13492.668,12921.228,12346.870,11769.920,11190.683,10609.438,10026.442,9441.930,8856.113,8269.182,7681.305,7092.633,6503.298,5913.414,5323.080,4732.380,4141.385,3550.153,2958.735,2367.168,1775.487,1183.718,591.883,0.000
0.000,1126.891,2250.156,3366.193,4471.499,5562.710,6636.647,7690.345,8721.080,9726.388,10704.078,11652.237,12569.224,13453.669,14304.456,15120.712,15901.784,16647.226,17356.772,18030.318,18667.906,19269.698,19835.964,20367.065,20863.437,21325.584,21754.062,22149.475,22512.469,22843.725,23143.958,23413.917,23654.382,23866.163,24050.108,24207.097,24338.046,24443.912,24525.689,24584.411,24621.150,24637.015,24633.150,24610.727,24570.947,24515.027,24444.197,24359.695,24262.753,24154.596,24036.431,23909.437,23774.768,23633.534,23486.807,23335.611,23180.920,23023.656,22864.687,22704.827,22544.832,22385.407,22227.201,22070.813,21916.789,21765.629,21617.786,21473.666,21333.638,21198.030,21067.131,20941.199,20820.456,20705.098,20595.291,20491.174,20392.864,20300.455,20214.021,20133.616,20059.278,19991.029,19928.875,19872.809,19822.812,19778.855,19740.895,19708.884,19682.763,19662.465,19647.918,19639.041,19635.751,19637.956,19645.562,19658.472,19676.584,19699.793,19727.993,19761.075,19798.931,19841.448,19888.517,19940.026,19995.863,20055.919,20120.083,20188.248,20260.308,20336.157,20415.695,20498.820,20585.436,20675.450,20768.771,20865.312,20964.990,21067.725,21173.443,21282.071,21393.544,21507.797,21624.772,21744.413,21866.672,21991.500,22118.855,22248.698,22380.991,22515.702,22652.799,22792.254,22934.039,23078.128,23224.496,23373.115,23523.959,23676.997,23832.200,23989.530,24148.948,24310.408,24473.857,24639.236,24806.474,24975.492,25146.199,25318.491,25492.250,25667.344,25843.622,26020.917,26199.043,26377.794,26556.942,26736.238,26915.410,27094.163,27272.178,27449.111,27624.595,27798.240,27969.631,28138.332,28303.886,28465.816,28623.627,28776.809,28924.838,29067.180,29203.295,29332.637,29454.657,29568.813,29674.565,29771.383,29858.748,29936.157,30003.124,30059.181,30103.884,30136.809,30157.560,30165.763,30161.071,30143.160,30111.735,30066.522,30007.274,29933.765,29845.794,29743.179,29625.762,29493.402,29345.981,29183.397,29005.570,28812.438,28603.960,28380.114,28140.899,27886.337,27616.472,27331.374,27031.137,26715.884,26385.764,26040.959,25681.678,25308.164,24920.692,24519.569,24105.132,23677.750,23237.824,22785.781,22322.073,21847.178,21361.593,20865.834,20360.427,19845.910,19322.827,18791.724,18253.143,17707.624,17155.695,16597.873,16034.659,15466.538,14893.971,14317.400,13737.243,13153.892,12567.716,11979.055,11388.224,10795.513,10201.184,9605.476,9008.603,8410.754,7812.098,7212.781,6612.931,6012.655,5412.044,4811.175,4210.108,3608.891,3007.564,2406.153,1804.679,1203.157,601.595,0.000
0.000,1180.915,2357.808,3526.695,4683.705,5825.138,6947.509,8047.586,9122.423,10169.376,11186.119,12170.645,13121.260,14036.575,14915.487,15757.164,16561.016,17326.672,18053.959,18742.873,19393.558,20006.283,20581.423,21119.439,21620.865,22086.294,22516.367,22911.766,23273.206,23601.432,23897.220,24161.368,24394.707,24598.094,24772.420,24918.610,25037.627,25130.474,25198.198,25241.885,25262.671,25261.728,25240.270,25199.547,25140.836,25065.439,24974.671,24869.856,24752.314,24623.354,24484.264,24336.305,24180.702,24018.635,23851.239,23679.595,23504.725,23327.597,23149.114,22970.121,22791.401,22613.679,22437.617,22263.825,22092.857,21925.216,21761.353,21601.674,21446.543,21296.280,21151.169,21011.456,20877.355,20749.051,20626.697,20510.425,20400.337,20296.517,20199.027,20107.911,20023.196,19944.893,19872.999,19807.498,19748.362,19695.551,19649.019,19608.708,19574.552,19546.480,19524.412,19508.265,19497.950,19493.372,19494.436,19501.039,19513.078,19530.449,19553.043,19580.751,19613.465,19651.075,19693.470,19740.540,19792.177,19848.272,19908.720,19973.414,20042.253,20115.134,20191.961,20272.637,20357.071,20445.174,20536.860,20632.048,20730.660,20832.622,20937.864,21046.321,21157.932,21272.638,21390.387,21511.131,21634.825,21761.428,21890.902,22023.214,22158.333,22296.232,22436.885,22580.268,22726.360,22875.139,23026.585,23180.675,23337.387,23496.696,23658.573,23822.987,23989.902,24159.274,24331.053,24505.180,24681.587,24860.195,25040.914,25223.638,25408.247,25594.605,25782.559,25971.936,26162.542,26354.163,26546.562,26739.476,26932.620,27125.683,27318.327,27510.189,27700.876,27889.974,28077.039,28261.606,28443.182,28621.256,28795.296,28964.751,29129.057,29287.637,29439.907,29585.276,29723.154,29852.952,29974.089,30085.992,30188.103,30279.880,30360.802,30430.369,30488.106,30533.563,30566.319,30585.980,30592.178,30584.578,30562.868,30526.764,30476.010,30410.372,30329.643,30233.634,30122.181,29995.141,29852.390,29693.821,29519.350,29328.910,29122.455,28899.958,28661.414,28406.840,28136.277,27849.791,27547.475,27229.451,26895.872,26546.921,26182.815,25803.807,25410.184,25002.268,24580.417,24145.024,23696.515,23235.347,22762.006,22277.005,21780.880,21274.185,20757.491,20231.378,19696.432,19153.242,18602.393,18044.464,17480.023,16909.626,16333.807,15753.082,15167.943,14578.859,13986.269,13390.588,12792.198,12191.457,11588.690,10984.194,10378.239,9771.067,9162.891,8553.902,7944.264,7334.120,6723.589,6112.774,5501.754,4890.597,4279.352,3668.056,3056.734,2445.401,1834.064,1222.722,611.370,0.000
0.000,1239.034,2473.593,3699.249,4911.715,6106.904,7280.989,8430.443,9552.076,10643.052,11700.906,12723.543,13709.225,14656.562,15564.486,16432.226,17259.276,18045.373,18790.456,19494.646,20158.212,20781.549,21365.154,21909.604,22415.544,22883.668,23314.709,23709.432,24068.627,24393.107,24683.703,24941.268,25166.680,25360.839,25524.678,25659.165,25765.304,25844.145,25896.784,25924.365,25928.081,25909.176,25868.937,25808.694,25729.811,25633.681,25521.714,25395.326,25255.935,25104.943,24943.728,24773.638,24595.979,24412.005,24222.918,24029.858,23833.903,23636.061,23437.277,23238.424,23040.311,22843.679,22649.206,22457.510,22269.148,22084.623,21904.385,21728.834,21558.327,21393.174,21233.649,21079.987,20932.389,20791.027,20656.042,20527.549,20405.641,20290.387,20181.836,20080.020,19984.954,19896.636,19815.052,19740.177,19671.972,19610.389,19555.371,19506.853,19464.764,19429.023,19399.545,19376.242,19359.020,19347.781,19342.423,19342.844,19348.937,19360.596,19377.710,19400.172,19427.871,19460.698,19498.543,19541.298,19588.855,19641.109,19697.955,19759.292,19825.018,19895.038,19969.257,20047.583,20129.930,20216.212,20306.349,20400.265,20497.887,20599.147,20703.980,20812.326,20924.130,21039.341,21157.912,21279.799,21404.965,21533.374,21664.995,21799.802,21937.768,22078.872,22223.095,22370.420,22520.830,22674.309,22830.842,22990.414,23153.005,23318.597,23487.167,23658.687,23833.125,24010.441,24190.590,24373.514,24559.150,24747.420,24938.233,25131.487,25327.059,25524.812,25724.590,25926.216,26129.492,26334.194,26540.077,26746.867,26954.266,27161.947,27369.554,27576.703,27782.979,27987.939,28191.113,28392.002,28590.079,28784.796,28975.579,29161.837,29342.960,29518.327,29687.304,29849.255,30003.541,30149.526,30286.581,30414.089,30531.449,30638.078,30733.415,30816.928,30888.109,30946.481,30991.596,31023.040,31040.429,31043.409,31031.657,31004.881,30962.814,30905.216,30831.873,30742.595,30637.212,30515.576,30377.558,30223.050,30051.960,29864.218,29659.772,29438.589,29200.657,28945.989,28674.620,28386.611,28082.053,27761.064,27423.798,27070.441,26701.216,26316.384,25916.243,25501.134,25071.433,24627.559,24169.964,23699.139,23215.607,22719.919,22212.652,21694.407,21165.800,20627.456,20080.011,19524.101,18960.356,18389.400,17811.846,17228.287,16639.297,16045.426,15447.198,14845.108,14239.621,13631.172,13020.163,12406.962,11791.908,11175.306,10557.429,9938.523,9318.802,8698.453,8077.637,7456.489,6835.123,6213.630,5592.080,4970.529,4349.013,3727.556,3106.169,2484.851,1863.593,1242.381,621.191,0.000
0.000,1301.702,2598.403,3885.165,5157.220,6410.043,7639.418,8841.489,10012.800,11150.313,12251.424,13313.956,14336.147,15316.625,16254.381,17148.736,17999.303,18805.948,19568.759,20288.006,20964.110,21597.614,22189.156,22739.450,23249.262,23719.399,24150.697,24544.008,24900.201,25220.155,25504.761,25754.923,25971.560,26155.616,26308.058,26429.892,26522.162,26585.960,26622.428,26632.767,26618.231,26580.134,26519.844,26438.777,26338.391,26220.179,26085.653,25936.338,25773.755,25599.411,25414.785,25221.319,25020.407,24813.384,24601.524,24386.031,24168.037,23948.597,23728.692,23509.228,23291.035,23074.870,22861.424,22651.318,22445.112,22243.304,22046.341,21854.613,21668.466,21488.199,21314.071,21146.303,20985.083,20830.565,20682.875,20542.113,20408.356,20281.658,20162.054,20049.561,19944.180,19845.897,19754.686,19670.507,19593.314,19523.047,19459.639,19403.017,19353.101,19309.803,19273.032,19242.693,19218.686,19200.909,19189.257,19183.622,19183.897,19189.971,19201.734,19219.076,19241.886,19270.055,19303.474,19342.034,19385.631,19434.159,19487.517,19545.605,19608.326,19675.587,19747.296,19823.368,19903.716,19988.263,20076.932,20169.652,20266.355,20366.978,20471.462,20579.753,20691.802,20807.563,20926.994,21050.060,21176.728,21306.971,21440.761,21578.079,21718.906,21863.228,22011.030,22162.303,22317.035,22475.218,22636.844,22801.901,22970.378,23142.262,23317.536,23496.178,23678.161,23863.451,24052.005,24243.774,24438.696,24636.695,24837.686,25041.567,25248.216,25457.496,25669.251,25883.299,26099.439,26317.441,26537.052,26757.990,26979.941,27202.565,27425.489,27648.307,27870.581,28091.843,28311.591,28529.293,28744.386,28956.282,29164.365,29367.998,29566.524,29759.272,29945.557,30124.691,30295.983,30458.745,30612.296,30755.972,30889.124,31011.124,31121.374,31219.300,31304.362,31376.055,31433.906,31477.478,31506.370,31520.213,31518.674,31501.451,31468.270,31418.886,31353.082,31270.664,31171.458,31055.314,30922.099,30771.702,30604.025,30418.993,30216.547,29996.648,29759.277,29504.439,29232.162,28942.499,28635.537,28311.390,27970.209,27612.182,27237.535,26846.537,26439.498,26016.774,25578.764,25125.910,24658.697,24177.650,23683.330,23176.332,22657.281,22126.824,21585.630,21034.376,20473.750,19904.440,19327.128,18742.488,18151.178,17553.835,16951.076,16343.486,15731.623,15116.012,14497.145,13875.475,13251.424,12625.376,11997.677,11368.642,10738.547,10107.640,9476.133,8844.210,8212.026,7579.708,6947.361,6315.064,5682.877,5050.839,4418.975,3787.291,3155.783,2524.433,1893.216,1262.099,631.041,0.000
0.000,1369.441,2733.269,4085.954,5422.170,6736.890,8025.458,9283.651,10507.723,11694.426,12841.019,13945.258,15005.375,16020.050,16988.367,17909.774,18784.037,19611.195,20391.513,21125.445,21813.593,22456.674,23055.493,23610.914,24123.843,24595.211,25025.963,25417.047,25769.411,26084.003,26361.770,26603.662,26810.638,26983.675,27123.773,27231.966,27309.332,27357.001,27376.158,27368.057,27334.015,27275.419,27193.720,27090.430,26967.109,26825.361,26666.814,26493.110,26305.889,26106.774,25897.356,25679.180,25453.738,25222.453,24986.675,24747.676,24506.644,24264.683,24022.811,23781.961,23542.984,23306.654,23073.666,22844.644,22620.146,22400.664,22186.633,21978.433,21776.395,21580.803,21391.898,21209.885,21034.932,20867.175,20706.724,20553.659,20408.040,20269.904,20139.268,20016.135,19900.490,19792.304,19691.538,19598.140,19512.049,19433.196,19361.503,19296.888,19239.259,19188.523,19144.581,19107.330,19076.666,19052.480,19034.662,19023.103,19017.689,19018.309,19024.850,19037.200,19055.248,19078.884,19107.998,19142.484,19182.237,19227.154,19277.134,19332.081,19391.901,19456.501,19525.796,19599.702,19678.139,19761.031,19848.308,19939.902,20035.751,20135.797,20239.987,20348.273,20460.611,20576.960,20697.287,20821.561,20949.756,21081.850,21217.825,21357.666,21501.363,21648.906,21800.289,21955.509,22114.562,22277.447,22444.161,22614.702,22789.065,22967.244,23149.228,23335.002,23524.546,23717.833,23914.826,24115.481,24319.740,24527.536,24738.785,24953.388,25171.228,25392.169,25616.053,25842.700,26071.905,26303.434,26537.026,26772.392,27009.208,27247.117,27485.730,27724.623,27963.332,28201.362,28438.182,28673.223,28905.887,29135.540,29361.524,29583.152,29799.715,30010.489,30214.734,30411.703,30600.650,30780.828,30951.504,31111.956,31261.487,31399.420,31525.112,31637.951,31737.363,31822.809,31893.792,31949.854,31990.576,32015.578,32024.514,32017.076,31992.986,31951.996,31893.885,31818.459,31725.542,31614.983,31486.645,31340.412,31176.186,30993.883,30793.436,30574.800,30337.947,30082.870,29809.589,29518.149,29208.626,28881.130,28535.807,28172.841,27792.463,27394.947,26980.614,26549.835,26103.031,25640.671,25163.273,24671.398,24165.652,23646.677,23115.149,22571.770,22017.265,21452.370,20877.831,20294.392,19702.795,19103.765,18498.014,17886.226,17269.062,16647.148,16021.077,15391.406,14758.652,14123.293,13485.768,12846.473,12205.766,11563.968,10921.359,10278.185,9634.657,8990.953,8347.220,7703.576,7060.115,6416.901,5773.983,5131.382,4489.107,3847.148,3205.482,2564.073,1922.875,1281.837,640.900,0.000
0.000,1442.862,2879.394,4303.371,5708.823,7090.141,8442.170,9760.278,11040.405,12279.086,13473.450,14621.208,15720.621,16770.455,17769.932,18718.672,19616.641,20464.092,21261.512,22009.575,22709.098,23361.002,23966.281,24525.973,25041.138,25512.844,25942.153,26330.111,26677.751,26986.087,27256.117,27488.833,27685.228,27846.300,27973.074,28066.605,28127.995,28158.403,28159.056,28131.254,28076.378,27995.890,27891.332,27764.317,27616.520,27449.666,27265.516,27065.844,26852.424,26627.007,26391.311,26146.996,25895.660,25638.821,25377.914,25114.280,24849.165,24583.723,24319.006,24055.975,23795.500,23538.362,23285.262,23036.822,22793.591,22556.051,22324.624,22099.673,21881.509,21670.398,21466.561,21270.179,21081.401,20900.343,20727.092,20561.708,20404.230,20254.677,20113.049,19979.328,19853.483,19735.472,19625.237,19522.714,19427.828,19340.499,19260.636,19188.145,19122.928,19064.881,19013.897,18969.866,18932.676,18902.215,18878.366,18861.015,18850.046,18845.344,18846.794,18854.281,18867.694,18886.921,18911.853,18942.384,18978.409,19019.826,19066.538,19118.448,19175.466,19237.502,19304.474,19376.300,19452.906,19534.220,19620.175,19710.709,19805.765,19905.290,20009.235,20117.559,20230.223,20347.194,20468.444,20593.948,20723.688,20857.647,20995.815,21138.184,21284.750,21435.512,21590.471,21749.631,21912.996,22080.572,22252.365,22428.381,22608.622,22793.090,22981.782,23174.692,23371.807,23573.107,23778.564,23988.140,24201.786,24419.438,24641.021,24866.440,25095.582,25328.315,25564.484,25803.908,26046.381,26291.669,26539.505,26789.592,27041.596,27295.148,27549.844,27805.238,28060.844,28316.141,28570.563,28823.509,29074.337,29322.372,29566.905,29807.198,30042.486,30271.985,30494.896,30710.410,30917.717,31116.007,31304.487,31482.376,31648.919,31803.390,31945.096,32073.383,32187.640,32287.297,32371.831,32440.762,32493.655,32530.119,32549.800,32552.385,32537.594,32505.178,32454.918,32386.618,32300.104,32195.224,32071.840,31929.834,31769.102,31589.553,31391.115,31173.730,30937.360,30681.987,30407.617,30114.285,29802.053,29471.022,29121.330,28753.158,28366.734,27962.337,27540.299,27101.004,26644.896,26172.472,25684.284,25180.936,24663.079,24131.409,23586.659,23029.592,22460.995,21881.670,21292.428,20694.077,20087.422,19473.249,18852.324,18225.387,17593.144,16956.266,16315.384,15671.087,15023.922,14374.387,13722.940,13069.991,12415.909,11761.016,11105.597,10449.896,9794.117,9138.433,8482.981,7827.868,7173.173,6518.947,5865.219,5211.997,4559.268,3907.004,3255.162,2603.685,1952.508,1301.555,650.747,0.000
0.000,1522.681,3038.183,4539.468,6019.808,7472.924,8893.089,10275.218,11614.911,12908.483,14152.951,15346.014,16486.001,17571.819,18602.879,19579.034,20500.502,21367.805,22181.698,22943.123,23653.146,24312.928,24923.678,25486.627,26003.010,26474.041,26900.908,27284.761,27626.714,27927.845,28189.199,28411.802,28596.666,28744.805,28857.253,28935.076,28979.387,28991.366,28972.269,28923.444,28846.330,28742.469,28613.497,28461.140,28287.201,28093.544,27882.077,27654.725,27413.413,27160.040,26896.463,26624.474,26345.785,26062.020,25774.700,25485.242,25194.954,24905.034,24616.569,24330.545,24047.845,23769.256,23495.477,23227.123,22964.729,22708.764,22459.628,22217.663,21983.160,21756.356,21537.451,21326.601,21123.929,20929.526,20743.456,20565.757,20396.445,20235.516,20082.950,19938.711,19802.749,19675.003,19555.400,19443.861,19340.296,19244.610,19156.702,19076.467,19003.794,18938.571,18880.681,18830.007,18786.431,18749.832,18720.091,18697.086,18680.698,18670.808,18667.299,18670.055,18678.960,18693.904,18714.776,18741.470,18773.882,18811.911,18855.460,18904.435,18958.749,19018.314,19083.049,19152.879,19227.732,19307.539,19392.239,19481.774,19576.090,19675.142,19778.887,19887.287,20000.310,20117.929,20240.123,20366.873,20498.168,20633.998,20774.360,20919.253,21068.682,21222.652,21381.174,21544.258,21711.919,21884.168,22061.022,22242.494,22428.597,22619.341,22814.732,23014.773,23219.460,23428.783,23642.721,23861.247,24084.319,24311.883,24543.870,24780.192,25020.744,25265.398,25514.004,25766.383,26022.332,26281.614,26543.962,26809.070,27076.599,27346.169,27617.358,27889.703,28162.696,28435.787,28708.379,28979.832,29249.463,29516.551,29780.334,30040.016,30294.775,30543.760,30786.106,31020.935,31247.368,31464.527,31671.549,31867.589,32051.830,32223.489,32381.823,32526.130,32655.761,32770.112,32868.635,32950.830,33016.246,33064.484,33095.185,33108.033,33102.751,33079.090,33036.836,32975.796,32895.800,32796.696,32678.348,32540.634,32383.446,32206.687,32010.276,31794.142,31558.234,31302.520,31026.990,30731.662,30416.584,30081.841,29727.560,29353.914,28961.128,28549.480,28119.310,27671.018,27205.069,26721.988,26222.367,25706.853,25176.149,24631.011,24072.235,23500.651,22917.118,22322.510,21717.712,21103.604,20481.060,19850.933,19214.052,18571.213,17923.176,17270.657,16614.329,15954.816,15292.690,14628.477,13962.650,13295.633,12627.801,11959.482,11290.960,10622.475,9954.226,9286.375,8619.047,7952.336,7286.303,6620.984,5956.390,5292.506,4629.301,3966.724,3304.710,2643.180,1982.044,1321.206,660.561,0.000
0.000,1609.742,3211.297,4796.659,6358.211,7888.891,9382.323,10832.912,12235.902,13587.389,14884.308,16124.388,17306.088,18428.519,19491.355,20494.749,21439.241,22325.682,23155.157,23928.917,24648.330,25314.826,25929.859,26494.881,27011.313,27480.531,27903.854,28282.537,28617.776,28910.705,29162.411,29373.938,29546.308,29680.536,29777.647,29838.700,29864.808,29857.157,29817.023,29745.790,29644.957,29516.144,29361.092,29181.650,28979.764,28757.459,28516.808,28259.913,27988.870,27705.747,27412.559,27111.242,26803.639,26491.485,26176.397,25859.869,25543.268,25227.839,24914.700,24604.857,24299.201,23998.519,23703.502,23414.749,23132.781,22858.041,22590.905,22331.689,22080.654,21838.011,21603.928,21378.533,21161.922,20954.156,20755.273,20565.285,20384.183,20211.940,20048.513,19893.844,19747.863,19610.491,19481.637,19361.204,19249.087,19145.179,19049.363,18961.523,18881.536,18809.280,18744.629,18687.459,18637.641,18595.049,18559.558,18531.041,18509.374,18494.435,18486.103,18484.258,18488.786,18499.572,18516.506,18539.481,18568.393,18603.143,18643.634,18689.775,18741.479,18798.662,18861.247,18929.159,19002.332,19080.699,19164.205,19252.796,19346.424,19445.047,19548.628,19657.135,19770.544,19888.831,20011.983,20139.988,20272.841,20410.541,20553.090,20700.498,20852.774,21009.935,21171.998,21338.983,21510.912,21687.808,21869.695,22056.597,22248.536,22445.533,22647.604,22854.761,23067.012,23284.356,23506.785,23734.280,23966.811,24204.333,24446.785,24694.092,24946.155,25202.854,25464.046,25729.557,25999.187,26272.702,26549.832,26830.272,27113.674,27399.648,27687.759,27977.528,28268.424,28559.868,28851.232,29141.837,29430.957,29717.820,30001.607,30281.465,30556.501,30825.798,31088.415,31343.400,31589.794,31826.645,32053.012,32267.980,32470.661,32660.211,32835.830,32996.768,33142.333,33271.889,33384.859,33480.726,33559.028,33619.357,33661.354,33684.705,33689.137,33674.409,33640.314,33586.666,33513.301,33420.071,33306.842,33173.491,33019.906,32845.982,32651.627,32436.758,32201.308,31945.225,31668.480,31371.070,31053.022,30714.403,30355.323,29975.941,29576.474,29157.198,28718.459,28260.668,27784.311,27289.947,26778.204,26249.780,25705.438,25145.995,24572.320,23985.321,23385.936,22775.122,22153.844,21523.066,20883.736,20236.785,19583.107,18923.565,18258.973,17590.098,16917.655,16242.305,15564.651,14885.239,14204.562,13523.054,12841.097,12159.022,11477.110,10795.593,10114.664,9434.471,8755.125,8076.703,7399.249,6722.778,6047.279,5372.716,4699.035,4026.160,3354.002,2682.457,2011.411,1340.740,670.314,0.000
0.000,1705.051,3400.706,5077.803,6727.670,8342.332,9914.665,11438.515,12908.746,14321.254,15672.935,16961.615,18185.960,19345.371,20439.875,21470.008,22436.717,23341.256,24185.100,24969.876,25697.292,26369.090,26987.002,27552.721,28067.873,28534.005,28952.573,29324.941,29652.378,29936.071,30177.132,30376.613,30535.527,30654.868,30735.636,30778.863,30785.637,30757.133,30694.635,30599.552,30473.437,30317.992,30135.068,29926.655,29694.860,29441.892,29170.019,28881.543,28578.763,28263.939,27939.264,27606.838,27268.647,26926.548,26582.258,26237.351,25893.255,25551.254,25212.498,24878.001,24548.658,24225.249,23908.447,23598.833,23296.900,23003.062,22717.662,22440.986,22173.258,21914.656,21665.314,21425.327,21194.758,20973.638,20761.974,20559.748,20366.926,20183.453,20009.262,19844.271,19688.390,19541.518,19403.545,19274.357,19153.833,19041.848,18938.274,18842.980,18755.832,18676.697,18605.439,18541.923,18486.015,18437.582,18396.489,18362.606,18335.805,18315.957,18302.939,18296.630,18296.910,18303.664,18316.782,18336.156,18361.683,18393.261,18430.798,18474.203,18523.390,18578.278,18638.793,18704.863,18776.424,18853.416,18935.785,19023.482,19116.466,19214.698,19318.147,19426.788,19540.601,19659.571,19783.688,19912.950,20047.357,20186.917,20331.640,20481.542,20636.644,20796.968,20962.541,21133.393,21309.555,21491.061,21677.945,21870.240,22067.980,22271.196,22479.916,22694.164,22913.960,23139.314,23370.231,23606.704,23848.714,24096.229,24349.201,24607.564,24871.231,25140.092,25414.013,25692.828,25976.343,26264.328,26556.517,26852.602,27152.232,27455.010,27760.491,28068.177,28377.517,28687.906,28998.682,29309.127,29618.469,29925.883,30230.492,30531.374,30827.567,31118.074,31401.875,31677.931,31945.198,32202.638,32449.225,32683.963,32905.890,33114.090,33307.701,33485.922,33648.015,33793.310,33921.205,34031.166,34122.721,34195.459,34249.026,34283.115,34297.461,34291.838,34266.047,34219.917,34153.292,34066.033,33958.008,33829.095,33679.179,33508.146,33315.893,33102.321,32867.343,32610.884,32332.890,32033.333,31712.212,31369.571,31005.495,30620.124,30213.662,29786.378,29338.618,28870.805,28383.447,27877.131,27352.532,26810.399,26251.561,25676.907,25087.387,24483.996,23867.762,23239.737,22600.977,21952.537,21295.453,20630.738,19959.364,19282.259,18600.303,17914.314,17225.053,16533.219,15839.444,15144.299,14448.291,13751.865,13055.408,12359.249,11663.665,10968.881,10275.074,9582.381,8890.893,8200.668,7511.729,6824.069,6137.651,5452.417,4768.284,4085.152,3402.904,2721.410,2040.526,1360.103,679.981,0.000
0.000,1809.816,3608.772,5386.315,7132.513,8838.316,10495.748,12098.031,13639.645,15116.321,16524.979,17863.632,19131.260,20327.667,21453.339,22509.309,23497.022,24418.222,25274.855,26068.978,26802.698,27478.109,28097.252,28662.084,29174.455,29636.090,30048.588,30413.414,30731.911,31005.303,31234.715,31421.188,31565.702,31669.209,31732.655,31757.017,31743.337,31692.754,31606.537,31486.108,31333.066,31149.198,30936.473,30697.037,30433.189,30147.347,29842.012,29519.721,29183.004,28834.347,28476.147,28110.688,27740.115,27366.414,26991.410,26616.757,26243.939,25874.280,25508.947,25148.961,24795.209,24448.454,24109.345,23778.432,23456.172,23142.943,22839.051,22544.738,22260.189,21985.544,21720.896,21466.303,21221.791,20987.356,20762.970,20548.587,20344.139,20149.545,19964.710,19789.529,19623.886,19467.658,19320.718,19182.930,19054.157,18934.257,18823.087,18720.502,18626.357,18540.506,18462.802,18393.103,18331.265,18277.146,18230.606,18191.509,18159.721,18135.109,18117.546,18106.908,18103.073,18105.924,18115.349,18131.240,18153.493,18182.008,18216.693,18257.457,18304.217,18356.894,18415.417,18479.716,18549.731,18625.406,18706.691,18793.542,18885.920,18983.795,19087.139,19195.933,19310.163,19429.821,19554.904,19685.417,19821.368,19962.770,20109.644,20262.014,20419.908,20583.359,20752.403,20927.079,21107.429,21293.498,21485.329,21682.969,21886.462,22095.852,22311.180,22532.482,22759.791,22993.132,23232.521,23477.967,23729.465,23986.998,24250.530,24520.009,24795.363,25076.493,25363.277,25655.562,25953.160,26255.851,26563.373,26875.420,27191.640,27511.634,27834.944,28161.062,28489.414,28819.371,29150.237,29481.256,29811.607,30140.407,30466.719,30789.547,31107.850,31420.547,31726.526,32024.655,32313.792,32592.802,32860.565,33115.992,33358.037,33585.706,33798.070,33994.269,34173.518,34335.113,34478.428,34602.913,34708.091,34793.556,34858.959,34904.010,34928.459,34932.098,34914.748,34876.253,34816.471,34735.274,34632.539,34508.145,34361.971,34193.899,34003.810,33791.586,33557.116,33300.300,33021.052,32719.309,32395.041,32048.254,31679.005,31287.409,30873.645,30437.973,29980.733,29502.356,29003.369,28484.394,27946.150,27389.447,26815.183,26224.332,25617.935,24997.085,24362.916,23716.582,23059.247,22392.069,21716.182,21032.689,20342.649,19647.065,18946.882,18242.977,17536.159,16827.164,16116.656,15405.228,14693.399,13981.625,13270.293,12559.730,11850.204,11141.928,10435.064,9729.729,9025.996,8323.899,7623.436,6924.574,6227.250,5531.377,4836.846,4143.526,3451.271,2759.920,2069.302,1379.236,689.532,0.000
0.000,1925.497,3838.347,5726.302,7577.919,9382.879,11132.224,12818.498,14435.804,15979.764,17447.424,18837.110,20148.254,21381.207,22537.058,23617.458,24624.469,25560.427,26427.828,27229.236,27967.205,28644.228,29262.687,29824.827,30332.732,30788.318,31193.322,31549.311,31857.689,32119.704,32336.472,32509.002,32638.218,32724.993,32770.190,32774.700,32739.480,32665.604,32554.300,32406.982,32225.287,32011.081,31766.468,31493.772,31195.513,30874.360,30533.087,30174.510,29801.436,29416.608,29022.663,28622.090,28217.207,27810.144,27402.834,26997.009,26594.207,26195.782,25802.911,25416.608,25037.742,24667.047,24305.138,23952.522,23609.614,23276.742,22954.167,22642.081,22340.626,22049.891,21769.928,21500.751,21242.345,20994.667,20757.653,20531.221,20315.271,20109.692,19914.359,19729.141,19553.896,19388.480,19232.742,19086.527,18949.679,18822.040,18703.451,18593.752,18492.784,18400.390,18316.414,18240.701,18173.099,18113.458,18061.632,18017.478,17980.855,17951.628,17929.664,17914.836,17907.019,17906.096,17911.952,17924.478,17943.570,17969.129,18001.061,18039.278,18083.700,18134.249,18190.854,18253.451,18321.982,18396.395,18476.644,18562.688,18654.496,18752.040,18855.299,18964.259,19078.914,19199.260,19325.303,19457.053,19594.527,19737.748,19886.742,20041.543,20202.187,20368.719,20541.183,20719.630,20904.112,21094.685,21291.404,21494.329,21703.516,21919.022,22140.902,22369.207,22603.983,22845.271,23093.104,23347.505,23608.485,23876.043,24150.162,24430.805,24717.914,25011.408,25311.179,25617.088,25928.961,26246.586,26569.712,26898.038,27231.216,27568.843,27910.458,28255.539,28603.498,28953.678,29305.353,29657.725,30009.924,30361.010,30709.975,31055.747,31397.200,31733.156,32062.403,32383.702,32695.803,32997.458,33287.443,33564.563,33827.676,34075.701,34307.635,34522.553,34719.623,34898.103,35057.345,35196.789,35315.958,35414.456,35491.950,35548.170,35582.893,35595.936,35587.145,35556.387,35503.541,35428.494,35331.132,35211.339,35068.993,34903.965,34716.121,34505.321,34271.426,34014.303,33733.827,33429.897,33102.438,32751.416,32376.846,31978.807,31557.451,31113.013,30645.827,30156.326,29645.053,29112.666,28559.931,27987.725,27397.025,26788.901,26164.497,25525.020,24871.723,24205.880,23528.777,22841.687,22145.856,21442.490,20732.740,20017.694,19298.367,18575.698,17850.545,17123.685,16395.810,15667.534,14939.390,14211.837,13485.261,12759.982,12036.256,11314.281,10594.199,9876.105,9160.047,8446.034,7734.034,7023.986,6315.798,5609.350,4904.503,4201.094,3498.945,2797.863,2097.645,1398.076,698.936,0.000
0.000,2053.879,4092.905,6102.752,8070.144,9983.255,11832.002,13608.204,15305.615,16919.847,18448.220,19889.545,21243.891,22512.339,23696.752,24799.558,25823.570,26771.828,27647.473,28453.647,29193.415,29869.707,30485.279,31042.682,31544.249,31992.087,32388.074,32733.869,33030.921,33280.486,33483.652,33641.363,33754.452,33823.683,33849.793,33833.541,33775.762,33677.420,33539.666,33363.883,33151.724,32905.136,32626.369,32317.955,31982.674,31623.500,31243.533,30845.926,30433.813,30010.245,29578.127,29140.183,28698.924,28256.629,27815.341,27376.867,26942.791,26514.483,26093.116,25679.688,25275.032,24879.840,24494.679,24120.003,23756.168,23403.450,23062.049,22732.105,22413.700,22106.876,21811.631,21527.933,21255.721,20994.910,20745.395,20507.056,20279.759,20063.359,19857.701,19662.624,19477.963,19303.545,19139.199,18984.748,18840.018,18704.831,18579.013,18462.389,18354.787,18256.035,18165.968,18084.420,18011.228,17946.237,17889.291,17840.241,17798.942,17765.251,17739.034,17720.158,17708.496,17703.930,17706.341,17715.621,17731.663,17754.371,17783.650,17819.415,17861.584,17910.082,17964.843,18025.803,18092.908,18166.110,18245.366,18330.641,18421.906,18519.141,18622.330,18731.464,18846.542,18967.570,19094.558,19227.525,19366.496,19511.500,19662.574,19819.760,19983.105,20152.661,20328.485,20510.638,20699.184,20894.190,21095.725,21303.861,21518.668,21740.218,21968.580,22203.821,22446.004,22695.185,22951.416,23214.736,23485.176,23762.753,24047.467,24339.302,24638.220,24944.158,25257.024,25576.699,25903.025,26235.805,26574.799,26919.718,27270.220,27625.905,27986.310,28350.904,28719.086,29090.175,29463.415,29837.969,30212.916,30587.252,30959.899,31329.701,31695.435,32055.819,32409.529,32755.204,33091.470,33416.955,33730.309,34030.221,34315.438,34584.783,34837.165,35071.593,35287.182,35483.155,35658.843,35813.681,35947.200,36059.021,36148.838,36216.411,36261.553,36284.116,36283.980,36261.042,36215.210,36146.390,36054.482,35939.377,35800.952,35639.068,35453.573,35244.302,35011.083,34753.741,34472.108,34166.031,33835.382,33480.075,33100.073,32695.406,32266.187,31812.620,31335.019,30833.817,30309.570,29762.969,29194.834,28606.113,27997.876,27371.298,26727.645,26068.256,25394.518,24707.848,24009.667,23301.383,22584.366,21859.938,21129.354,20393.791,19654.343,18912.013,18167.711,17422.252,16676.358,15930.660,15185.700,14441.940,13699.759,12959.466,12221.300,11485.439,10752.002,10021.057,9292.623,8566.678,7843.159,7121.973,6402.993,5686.067,4971.019,4257.654,3545.758,2835.104,2125.452,1416.556,708.158,0.000
0.000,2197.167,4376.726,6521.778,8616.803,10648.181,12604.546,14476.957,16258.893,17946.115,19536.422,21029.351,22425.853,23727.971,24938.553,26060.988,27098.996,28056.449,28937.233,29745.146,30483.820,31156.665,31766.835,32317.207,32810.371,33248.623,33633.976,33968.169,34252.682,34488.755,34677.419,34819.521,34915.768,34966.766,34973.080,34935.282,34854.029,34730.125,34564.595,34358.747,34114.232,33833.074,33517.680,33170.827,32795.612,32395.378,31973.626,31533.919,31079.783,30614.629,30141.678,29663.918,29184.067,28704.560,28227.548,27754.906,27288.246,26828.941,26378.144,25936.813,25505.733,25085.537,24676.725,24279.686,23894.708,23521.995,23161.683,22813.846,22478.504,22155.640,21845.195,21547.085,21261.198,20987.403,20725.552,20475.484,20237.028,20010.002,19794.220,19589.491,19395.620,19212.411,19039.668,18877.193,18724.789,18582.263,18449.422,18326.076,18212.039,18107.127,18011.160,17923.964,17845.367,17775.203,17713.311,17659.534,17613.719,17575.722,17545.402,17522.623,17507.255,17499.176,17498.269,17504.421,17517.527,17537.489,17564.215,17597.617,17637.617,17684.143,17737.127,17796.513,17862.247,17934.284,18012.586,18097.123,18187.870,18284.812,18387.939,18497.247,18612.743,18734.437,18862.350,18996.505,19136.936,19283.681,19436.785,19596.301,19762.284,19934.798,20113.910,20299.693,20492.222,20691.578,20897.843,21111.103,21331.442,21558.949,21793.708,22035.802,22285.314,22542.316,22806.880,23079.065,23358.923,23646.491,23941.792,24244.830,24555.590,24874.031,25200.084,25533.650,25874.592,26222.732,26577.849,26939.667,27307.857,27682.025,28061.711,28446.382,28835.423,29228.138,29623.741,30021.355,30420.007,30818.632,31216.072,31611.081,32002.332,32388.428,32767.914,33139.294,33501.052,33851.672,34189.661,34513.573,34822.028,35113.737,35387.516,35642.297,35877.140,36091.232,36283.890,36454.549,36602.759,36728.168,36830.508,36909.585,36965.256,36997.421,37006.005,36990.945,36952.184,36889.654,36803.276,36692.948,36558.548,36399.927,36216.913,36009.310,35776.906,35519.482,35236.811,34928.681,34594.899,34235.311,33849.814,33438.376,33001.056,32538.014,32049.536,31536.042,30998.100,30436.432,29851.915,29245.580,28618.597,27972.266,27307.994,26627.270,25931.643,25222.690,24501.991,23771.105,23031.547,22284.767,21532.134,20774.925,20014.316,19251.378,18487.074,17722.256,16957.673,16193.971,15431.697,14671.307,13913.173,13157.585,12404.762,11654.854,10907.952,10164.093,9423.263,8685.404,7950.419,7218.176,6488.513,5761.240,5036.143,4312.990,3591.530,2871.498,2152.618,1434.604,717.163,0.000
0.000,2358.111,4695.136,6990.945,9227.253,11388.296,13461.255,15436.426,17307.159,19069.604,20722.342,22265.959,23702.604,25035.579,26268.973,27407.352,28455.519,29418.314,30300.475,31106.531,31840.735,32507.014,33108.943,33649.735,34132.234,34558.926,34931.947,35253.100,35523.873,35745.467,35918.823,36044.656,36123.498,36155.750,36141.738,36081.790,35976.310,35825.872,35631.309,35393.805,35114.967,34796.886,34442.148,34053.822,33635.392,33190.659,32723.624,32238.352,31738.848,31228.950,30712.245,30192.013,29671.198,29152.392,28637.846,28129.484,27628.929,27137.535,26656.410,26186.452,25728.374,25282.730,24849.939,24430.303,24024.030,23631.243,23251.999,22886.298,22534.091,22195.292,21869.782,21557.418,21258.034,20971.449,20697.468,20435.886,20186.492,19949.068,19723.393,19509.245,19306.400,19114.634,18933.726,18763.457,18603.610,18453.970,18314.327,18184.476,18064.217,17953.351,17851.689,17759.042,17675.232,17600.082,17533.423,17475.091,17424.930,17382.788,17348.519,17321.984,17303.051,17291.594,17287.495,17290.639,17300.921,17318.242,17342.510,17373.641,17411.554,17456.181,17507.457,17565.327,17629.739,17700.655,17778.039,17861.864,17952.112,18048.772,18151.838,18261.316,18377.215,18499.555,18628.362,18763.668,18905.515,19053.949,19209.026,19370.805,19539.355,19714.749,19897.066,20086.389,20282.809,20486.418,20697.313,20915.593,21141.362,21374.721,21615.773,21864.621,22121.363,22386.096,22658.909,22939.885,23229.097,23526.607,23832.461,24146.690,24469.302,24800.284,25139.592,25487.153,25842.854,26206.544,26578.022,26957.033,27343.265,27736.338,28135.800,28541.119,28951.677,29366.762,29785.562,30207.163,30630.543,31054.570,31478.004,31899.503,32317.624,32730.839,33137.549,33536.105,33924.825,34302.027,34666.053,35015.297,35348.236,35663.450,35959.648,36235.679,36490.545,36723.399,36933.549,37120.440,37283.652,37422.875,37537.897,37628.580,37694.844,37736.650,37753.978,37746.821,37715.161,37658.968,37578.184,37472.724,37342.464,37187.245,37006.873,36801.117,36569.721,36312.405,36028.880,35718.858,35382.066,35018.268,34627.276,34208.981,33763.367,33290.536,32790.729,32264.345,31711.955,31134.312,30532.353,29907.200,29260.142,28592.621,27906.208,27202.571,26483.444,25750.594,25005.785,24250.752,23487.170,22716.634,21940.640,21160.573,20377.699,19593.156,18807.958,18022.998,17239.043,16456.750,15676.667,14899.240,14124.822,13353.681,12586.008,11821.923,11061.480,10304.680,9551.469,8801.751,8055.390,7312.211,6572.011,5834.562,5099.606,4366.873,3636.070,2906.893,2179.026,1452.143,725.913,0.000
0.000,2540.189,5054.836,7519.716,9913.106,12216.663,14415.947,16500.562,18463.973,20303.088,22017.702,23609.888,25083.408,26443.183,27694.852,28844.407,29897.923,30861.356,31740.395,32540.377,33266.219,33922.391,34512.902,35041.303,35510.689,35923.723,36282.646,36589.307,36845.180,37051.395,37208.770,37317.844,37378.926,37392.148,37357.534,37275.078,37144.848,36967.094,36742.370,36471.654,36156.463,35798.929,35401.841,34968.618,34503.231,34010.064,33493.745,32958.968,32410.323,31852.158,31288.483,30722.903,30158.595,29598.304,29044.363,28498.720,27962.983,27438.451,26926.162,26426.924,25941.352,25469.900,25012.882,24570.500,24142.863,23729.999,23331.877,22948.411,22579.476,22224.911,21884.529,21558.124,21245.471,20946.336,20660.474,20387.634,20127.562,19880.002,19644.697,19421.392,19209.833,19009.769,18820.953,18643.142,18476.097,18319.585,18173.379,18037.255,17910.999,17794.401,17687.255,17589.366,17500.542,17420.600,17349.361,17286.656,17232.321,17186.198,17148.138,17117.999,17095.644,17080.945,17073.781,17074.038,17081.608,17096.394,17118.302,17147.248,17183.156,17225.956,17275.588,17331.996,17395.136,17464.968,17541.464,17624.600,17714.362,17810.744,17913.747,18023.382,18139.664,18262.621,18392.285,18528.698,18671.907,18821.970,18978.949,19142.917,19313.951,19492.135,19677.560,19870.323,20070.526,20278.276,20493.686,20716.870,20947.946,21187.036,21434.260,21689.741,21953.597,22225.947,22506.903,22796.571,23095.050,23402.428,23718.779,24044.159,24378.608,24722.142,25074.747,25436.380,25806.961,26186.364,26574.419,26970.899,27375.514,27787.905,28207.634,28634.180,29066.924,29505.146,29948.014,30394.581,30843.775,31294.398,31745.125,32194.508,32640.979,33082.865,33518.405,33945.768,34363.087,34768.482,35160.103,35536.158,35894.952,36234.918,36554.642,36852.879,37128.569,37380.838,37608.989,37812.494,37990.977,38144.190,38271.991,38374.322,38451.182,38502.609,38528.658,38529.382,38504.822,38454.987,38379.853,38279.349,38153.356,38001.703,37824.171,37620.489,37390.347,37133.399,36849.277,36537.605,36198.012,35830.159,35433.755,35008.588,34554.549,34071.657,33560.094,33020.221,32452.601,31858.016,31237.467,30592.176,29923.570,29233.259,28523.008,27794.694,27050.272,26291.728,25521.045,24740.157,23950.924,23155.103,22354.332,21550.110,20743.795,19936.598,19129.583,18323.673,17519.656,16718.190,15919.814,15124.958,14333.951,13547.029,12764.349,11985.990,11211.967,10442.237,9676.704,8915.224,8157.617,7403.665,6653.119,5905.704,5161.123,4419.057,3679.174,2941.127,2204.555,1469.093,734.367,0.000
0.000,2747.850,5464.374,8120.079,10688.918,13149.458,15485.494,17686.116,19745.324,21661.345,23435.791,25072.813,26578.313,27959.282,29223.262,30377.947,31430.889,32389.298,33259.914,34048.935,34761.975,35404.063,35979.642,36492.587,36946.234,37343.401,37686.417,37977.148,38217.028,38407.086,38547.980,38640.028,38683.261,38677.475,38622.307,38517.324,38362.144,38156.572,37900.759,37595.371,37241.750,36842.035,36399.236,35917.207,35400.543,34854.376,34284.146,33695.340,33093.269,32482.895,31868.709,31254.672,30644.192,30040.150,29444.927,28860.462,28288.303,27729.659,27185.459,26656.385,26142.928,25645.410,25164.021,24698.842,24249.865,23817.012,23400.149,22999.098,22613.645,22243.550,21888.552,21548.377,21222.738,20911.343,20613.894,20330.093,20059.642,19802.244,19557.606,19325.437,19105.453,18897.375,18700.928,18515.848,18341.873,18178.750,18026.233,17884.084,17752.071,17629.971,17517.567,17414.652,17321.025,17236.491,17160.867,17093.974,17035.642,16985.710,16944.022,16910.432,16884.801,16866.998,16856.899,16854.389,16859.361,16871.714,16891.357,16918.208,16952.188,16993.232,17041.280,17096.281,17158.191,17226.975,17302.608,17385.072,17474.357,17570.461,17673.391,17783.164,17899.802,18023.339,18153.816,18291.280,18435.790,18587.411,18746.215,18912.285,19085.708,19266.580,19455.005,19651.092,19854.958,20066.723,20286.516,20514.468,20750.715,20995.395,21248.650,21510.622,21781.454,22061.284,22350.252,22648.489,22956.122,23273.266,23600.025,23936.490,24282.730,24638.796,25004.709,25380.462,25766.009,26161.262,26566.085,26980.284,27403.602,27835.707,28276.186,28724.534,29180.142,29642.288,30110.128,30582.686,31058.845,31537.342,32016.764,32495.549,32971.995,33444.267,33910.417,34368.410,34816.156,35251.549,35672.508,36077.021,36463.193,36829.280,37173.726,37495.186,37792.533,38064.868,38311.507,38531.963,38725.924,38893.229,39033.831,39147.772,39235.155,39296.114,39330.793,39339.326,39321.819,39278.336,39208.889,39113.428,38991.841,38843.945,38669.490,38468.163,38239.591,37983.350,37698.980,37385.998,37043.916,36672.269,36270.639,35838.682,35376.167,34883.009,34359.301,33805.346,33221.689,32609.132,31968.744,31301.861,30610.069,29895.178,29159.180,28404.206,27632.473,26846.228,26047.705,25239.072,24422.400,23599.629,22772.548,21942.782,21111.784,20280.835,19451.046,18623.367,17798.594,16977.379,16160.246,15347.597,14539.727,13736.833,12939.026,12146.342,11358.746,10576.144,9798.390,9025.292,8256.618,7492.101,6731.442,5974.320,5220.389,4469.285,3720.629,2974.027,2229.078,1485.368,742.483,0.000
0.000,2986.877,5934.799,8807.399,11573.148,14206.903,16690.626,19013.280,21170.089,23161.428,24991.583,26667.566,28198.085,29592.730,30861.356,32013.649,33058.835,34005.508,34861.533,35634.004,36329.248,36952.840,37509.639,38003.826,38438.948,38817.953,39143.227,39416.629,39639.524,39812.807,39936.937,40011.969,40037.597,40013.210,39937.963,39810.883,39630.996,39397.505,39109.990,38768.645,38374.508,37929.663,37437.357,36901.994,36328.979,35724.441,35094.879,34446.798,33786.408,33119.401,32450.812,31784.972,31125.510,30475.398,29837.021,29212.251,28602.522,28008.905,27432.168,26872.833,26331.226,25807.511,25301.728,24813.815,24343.632,23890.978,23455.607,23037.236,22635.557,22250.242,21880.953,21527.341,21189.055,20865.741,20557.049,20262.630,19982.138,19715.237,19461.594,19220.885,18992.793,18777.010,18573.237,18381.182,18200.564,18031.108,17872.550,17724.637,17587.120,17459.764,17342.338,17234.624,17136.411,17047.496,16967.687,16896.799,16834.654,16781.087,16735.936,16699.053,16670.294,16649.526,16636.623,16631.469,16633.954,16643.980,16661.454,16686.294,16718.424,16757.780,16804.303,16857.945,16918.666,16986.434,17061.227,17143.030,17231.840,17327.659,17430.502,17540.387,17657.347,17781.421,17912.657,18051.112,18196.851,18349.949,18510.489,18678.562,18854.269,19037.716,19229.019,19428.302,19635.694,19851.332,20075.361,20307.927,20549.187,20799.297,21058.421,21326.722,21604.365,21891.516,22188.338,22494.993,22811.636,23138.413,23475.464,23822.911,24180.862,24549.405,24928.602,25318.485,25719.050,26130.252,26551.998,26984.136,27426.447,27878.639,28340.332,28811.046,29290.195,29777.064,30270.807,30770.427,31274.767,31782.502,32292.131,32801.975,33310.182,33814.736,34313.481,34804.144,35284.375,35751.798,36204.057,36638.877,37054.122,37447.840,37818.311,38164.072,38483.932,38776.976,39042.547,39280.223,39489.788,39671.191,39824.513,39949.927,40047.661,40117.972,40161.113,40177.316,40166.767,40129.591,40065.848,39975.515,39858.485,39714.564,39543.473,39344.844,39118.236,38863.135,38578.973,38265.139,37921.008,37545.960,37139.417,36700.875,36229.946,35726.401,35190.217,34621.612,34021.090,33389.465,32727.877,32037.790,31320.977,30579.486,29815.586,29031.710,28230.389,27414.184,26585.623,25747.148,24901.069,24049.528,23194.483,22337.690,21480.698,20624.854,19771.311,18921.035,18074.819,17233.301,16396.973,15566.202,14741.236,13922.223,13109.220,12302.208,11501.095,10705.730,9915.911,9131.389,8351.876,7577.052,6806.566,6040.043,5277.087,4517.284,3760.207,3005.415,2252.458,1500.880,750.216,0.000
0.000,3264.896,6480.605,9601.658,12589.482,15414.514,18056.988,20506.474,22760.531,24822.928,26701.807,28408.065,29954.038,31352.531,32616.144,33756.843,34785.706,35712.807,36547.171,37296.796,37968.694,38568.959,39102.826,39574.740,39988.419,40346.905,40652.609,40907.354,41112.401,41268.485,41375.832,41434.191,41442.866,41400.762,41306.456,41158.294,40954.547,40693.604,40374.246,39995.959,39559.279,39066.115,38519.962,37925.921,37290.492,36621.152,35925.816,35212.319,34487.990,33759.381,33032.127,32310.924,31599.572,30901.074,30217.739,29551.294,28902.991,28273.693,27663.959,27074.099,26504.236,25954.345,25424.287,24913.837,24422.704,23950.551,23497.007,23061.677,22644.149,22244.005,21860.820,21494.171,21143.637,20808.803,20489.261,20184.609,19894.458,19618.426,19356.142,19107.249,18871.395,18648.245,18437.471,18238.758,18051.803,17876.311,17712.000,17558.598,17415.845,17283.488,17161.287,17049.011,16946.440,16853.362,16769.576,16694.890,16629.122,16572.098,16523.655,16483.639,16451.903,16428.311,16412.737,16405.061,16405.174,16412.975,16428.375,16451.289,16481.645,16519.377,16564.432,16616.762,16676.330,16743.109,16817.079,16898.231,16986.563,17082.086,17184.818,17294.785,17412.025,17536.585,17668.519,17807.893,17954.781,18109.266,18271.443,18441.411,18619.283,18805.179,18999.225,19201.559,19412.327,19631.680,19859.778,20096.789,20342.884,20598.244,20863.051,21137.493,21421.760,21716.043,22020.535,22335.426,22660.904,22997.150,23344.338,23702.629,24072.173,24453.097,24845.511,25249.491,25665.084,26092.293,26531.074,26981.327,27442.885,27915.502,28398.843,28892.469,29395.825,29908.220,30428.815,30956.605,31490.403,32028.829,32570.294,33112.998,33654.929,34193.874,34727.436,35253.066,35768.111,36269.867,36755.651,37222.868,37669.087,38092.111,38490.022,38861.228,39204.475,39518.841,39803.724,40058.797,40283.974,40479.358,40645.191,40781.811,40889.605,40968.979,41020.320,41043.974,41040.222,41009.267,40951.220,40866.090,40753.782,40614.089,40446.697,40251.184,40027.025,39773.606,39490.233,39176.149,38830.561,38452.666,38041.689,37596.925,37117.785,36603.855,36054.950,35471.168,34852.943,34201.087,33516.809,32801.721,32057.817,31287.432,30493.171,29677.838,28844.344,27995.625,27134.560,26263.907,25386.248,24503.954,23619.163,22733.763,21849.401,20967.482,20089.188,19215.489,18347.163,17484.816,16628.897,15779.721,14937.478,14102.254,13274.042,12452.757,11638.242,10830.281,10028.609,9232.914,8442.847,7658.030,6878.053,6102.487,5330.881,4562.770,3797.674,3035.103,2274.558,1515.534,757.519,0.000
0.000,3592.136,7121.124,10529.223,13768.709,16804.807,19616.483,22195.264,24542.827,26668.158,28584.890,30309.110,31857.756,33247.519,34494.177,35612.226,36614.719,37513.245,38317.977,39037.767,39680.255,40251.983,40758.497,41204.449,41593.672,41929.256,42213.599,42448.453,42634.952,42773.642,42864.491,42906.909,42899.763,42841.406,42729.732,42562.264,42336.310,42049.186,41698.551,41282.836,40801.761,40256.846,39651.805,38992.650,38287.398,37545.407,36776.534,35990.359,35195.609,34399.832,33609.290,32828.990,32062.818,31313.692,30583.736,29874.431,29186.754,28521.284,27878.302,27257.856,26659.825,26083.956,25529.906,24997.265,24485.575,23994.350,23523.081,23071.254,22638.349,22223.848,21827.239,21448.022,21085.702,20739.802,20409.853,20095.403,19796.015,19511.264,19240.740,18984.048,18740.808,18510.653,18293.229,18088.198,17895.232,17714.019,17544.257,17385.659,17237.949,17100.861,16974.143,16857.552,16750.859,16653.843,16566.295,16488.016,16418.819,16358.523,16306.961,16263.975,16229.415,16203.144,16185.031,16174.957,16172.811,16178.492,16191.910,16212.982,16241.637,16277.811,16321.450,16372.512,16430.962,16496.774,16569.935,16650.437,16738.286,16833.495,16936.088,17046.098,17163.570,17288.556,17421.119,17561.333,17709.280,17865.053,18028.755,18200.499,18380.407,18568.610,18765.251,18970.480,19184.456,19407.348,19639.333,19880.597,20131.331,20391.737,20662.019,20942.390,21233.065,21534.265,21846.210,22169.124,22503.228,22848.740,23205.873,23574.830,23955.803,24348.970,24754.486,25172.484,25603.062,26046.282,26502.161,26970.657,27451.665,27944.999,28450.382,28967.432,29495.638,30034.351,30582.755,31139.853,31704.441,32275.095,32850.144,33427.668,34005.487,34581.167,35152.041,35715.240,36267.748,36806.472,37328.324,37830.317,38309.662,38763.857,39190.755,39588.617,39956.124,40292.375,40596.851,40869.369,41110.018,41319.101,41497.072,41644.472,41761.888,41849.905,41909.068,41939.858,41942.670,41917.794,41865.403,41785.545,41678.136,41542.959,41379.662,41187.760,40966.641,40715.573,40433.720,40120.155,39773.888,39393.897,38979.169,38528.746,38041.787,37517.635,36955.888,36356.471,35719.712,35046.393,34337.790,33595.684,32822.334,32020.425,31192.979,30343.254,29474.630,28590.493,27694.142,26788.703,25877.069,24961.861,24045.405,23129.728,22216.562,21307.360,20403.316,19505.386,18614.315,17730.658,16854.805,15987.000,15127.362,14275.901,13432.534,12597.098,11769.362,10949.038,10135.789,9329.233,8528.958,7734.518,6945.445,6161.249,5381.423,4605.446,3832.784,3062.896,2295.231,1529.234,764.344,0.000
0.000,3982.557,7882.582,11625.475,15151.414,18419.634,21409.007,24115.426,26547.526,28722.184,30660.698,32385.966,33920.613,35285.891,36501.121,37583.487,38548.044,39407.844,40174.114,40856.453,41463.014,42000.680,42475.217,42891.395,43253.100,43563.410,43824.669,44038.524,44205.960,44327.317,44402.292,44429.936,44408.649,44336.183,44209.655,44025.618,43780.184,43469.267,43088.971,42636.165,42109.232,41508.911,40839.032,40106.813,39322.449,38498.018,37646.100,36778.593,35905.944,35036.812,34178.041,33334.833,32510.990,31709.182,30931.192,30178.119,29450.552,28748.695,28072.479,27421.633,26795.743,26194.299,25616.727,25062.409,24530.706,24020.968,23532.545,23064.793,22617.078,22188.781,21779.301,21388.054,21014.475,20658.019,20318.161,19994.395,19686.235,19393.215,19114.885,18850.815,18600.593,18363.822,18140.123,17929.133,17730.504,17543.902,17369.010,17205.522,17053.148,16911.610,16780.643,16659.994,16549.424,16448.703,16357.615,16275.954,16203.526,16140.146,16085.643,16039.854,16002.627,15973.822,15953.305,15940.956,15936.665,15940.329,15951.859,15971.172,15998.198,16032.874,16075.150,16124.985,16182.346,16247.211,16319.571,16399.422,16486.775,16581.647,16684.067,16794.077,16911.724,17037.070,17170.185,17311.150,17460.057,17617.008,17782.115,17955.503,18137.304,18327.663,18526.735,18734.684,18951.685,19177.924,19413.594,19658.900,19914.055,20179.281,20454.806,20740.867,21037.708,21345.578,21664.729,21995.418,22337.902,22692.438,23059.281,23438.679,23830.874,24236.091,24654.545,25086.423,25531.887,25991.066,26464.041,26950.845,27451.445,27965.729,28493.494,29034.429,29588.091,30153.887,30731.049,31318.606,31915.361,32519.857,33130.360,33744.831,34360.917,34975.947,35586.947,36190.677,36783.690,37362.416,37923.270,38462.777,38977.701,39465.163,39922.742,40348.530,40741.155,41099.766,41423.978,41713.808,41969.588,42191.882,42381.409,42538.970,42665.391,42761.470,42827.941,42865.444,42874.501,42855.502,42808.692,42734.161,42631.842,42501.507,42342.764,42155.061,41937.687,41689.784,41410.353,41098.273,40752.327,40371.232,39953.687,39498.424,39004.283,38470.290,37895.752,37280.354,36624.257,35928.178,35193.451,34422.047,33616.547,32780.070,31916.161,31028.645,30121.480,29198.606,28263.822,27320.681,26372.429,25421.957,24471.787,23524.075,22580.626,21642.920,20712.142,19789.210,18874.810,17969.426,17073.364,16186.782,15309.708,14442.062,13583.670,12734.282,11893.582,11061.199,10236.717,9419.682,8609.607,7805.979,7008.265,6215.911,5428.351,4645.005,3865.284,3088.592,2314.327,1541.880,770.642,0.000
0.000,4455.536,8801.219,12938.743,16791.921,20313.411,23484.603,26310.045,28809.825,31012.528,32949.948,34653.656,36153.070,37474.563,38641.201,39672.848,40586.435,41396.302,42114.535,42751.289,43315.059,43812.923,44250.733,44633.276,44964.405,45247.125,45483.675,45675.571,45823.633,45927.988,45988.066,46002.566,45969.423,45885.761,45747.867,45551.187,45290.401,44959.632,44552.857,44064.630,43491.153,42831.660,42089.791,41274.376,40398.894,39479.515,38532.728,37573.515,36614.385,35665.125,34733.000,33823.151,32939.038,32082.837,31255.781,30458.421,29690.822,28952.714,28243.600,27562.827,26909.650,26283.267,25682.847,25107.548,24556.538,24028.992,23524.112,23041.120,22579.265,22137.825,21716.105,21313.440,20929.192,20562.752,20213.533,19880.980,19564.558,19263.757,18978.091,18707.095,18450.323,18207.352,17977.777,17761.210,17557.283,17365.644,17185.956,17017.900,16861.169,16715.474,16580.537,16456.096,16341.902,16237.717,16143.317,16058.490,15983.035,15916.765,15859.501,15811.079,15771.344,15740.150,15717.366,15702.868,15696.546,15698.297,15708.030,15725.665,15751.133,15784.371,15825.332,15873.977,15930.276,15994.211,16065.774,16144.969,16231.807,16326.313,16428.522,16538.479,16656.240,16781.871,16915.452,17057.072,17206.830,17364.838,17531.219,17706.106,17889.646,18081.995,18283.320,18493.801,18713.628,18943.003,19182.138,19431.256,19690.591,19960.387,20240.896,20532.383,20835.117,21149.379,21475.453,21813.632,22164.211,22527.488,22903.762,23293.330,23696.483,24113.507,24544.671,24990.231,25450.417,25925.429,26415.430,26920.534,27440.792,27976.184,28526.598,29091.813,29671.475,30265.074,30871.913,31491.078,32121.400,32761.422,33409.362,34063.080,34720.048,35377.344,36031.655,36679.309,37316.342,37938.601,38541.879,39122.083,39675.411,40198.514,40688.633,41143.671,41562.222,41943.531,42287.423,42594.194,42864.500,43099.248,43299.495,43466.359,43600.953,43704.329,43777.439,43821.101,43835.985,43822.591,43781.243,43712.080,43615.055,43489.928,43336.267,43153.448,42940.657,42696.895,42420.984,42111.585,41767.220,41386.302,40967.187,40508.226,40007.856,39464.696,38877.663,38246.105,37569.932,36849.741,36086.902,35283.601,34442.813,33568.207,32663.988,31734.706,30785.041,29819.614,28842.820,27858.714,26870.931,25882.650,24896.587,23915.011,22939.776,21972.359,21013.902,20065.256,19127.017,18199.570,17283.116,16377.700,15483.241,14599.552,13726.356,12863.301,12009.975,11165.918,10330.627,9503.565,8684.170,7871.856,7066.019,6266.040,5471.290,4681.129,3894.912,3111.985,2331.691,1553.371,776.362,0.000
0.000,5038.395,9928.053,14536.416,18764.188,22557.576,25906.054,28830.448,31369.339,33568.311,35473.082,37125.827,38563.655,39818.311,40916.512,41880.525,42728.822,43476.685,44136.747,44719.437,45233.359,45685.587,46081.902,46426.982,46724.546,46977.459,47187.808,47356.951,47485.532,47573.483,47619.990,47623.441,47581.345,47490.235,47345.562,47141.595,46871.377,46526.821,46099.062,45579.262,44960.067,44237.820,43415.200,42503.179,41520.483,40489.743,39433.180,38369.830,37314.507,36277.930,35267.385,34287.513,33341.023,32429.267,31552.665,30711.019,29903.726,29129.932,28388.633,27678.743,26999.143,26348.711,25726.340,25130.954,24561.512,24017.016,23496.508,22999.078,22523.857,22070.016,21636.771,21223.373,20829.113,20453.316,20095.340,19754.575,19430.442,19122.388,18829.890,18552.449,18289.589,18040.860,17805.829,17584.089,17375.250,17178.941,16994.808,16822.517,16661.749,16512.201,16373.584,16245.626,16128.070,16020.668,15923.192,15835.420,15757.148,15688.184,15628.345,15577.462,15535.378,15501.946,15477.032,15460.511,15452.271,15452.211,15460.240,15476.278,15500.255,15532.114,15571.806,15619.296,15674.557,15737.573,15808.341,15886.867,15973.169,16067.275,16169.226,16279.072,16396.876,16522.713,16656.666,16798.834,16949.325,17108.260,17275.772,17452.005,17637.117,17831.275,18034.662,18247.471,18469.908,18702.190,18944.550,19197.228,19460.479,19734.571,20019.782,20316.399,20624.725,20945.068,21277.748,21623.094,21981.440,22353.129,22738.506,23137.919,23551.714,23980.237,24423.822,24882.796,25357.464,25848.109,26354.980,26878.287,27418.181,27974.747,28547.985,29137.785,29743.908,30365.956,31003.335,31655.222,32320.515,32997.791,33685.254,34380.686,35081.402,35784.222,36485.458,37180.943,37866.093,38536.033,39185.771,39810.422,40405.449,40966.904,41491.607,41977.255,42422.440,42826.583,43189.815,43512.829,43796.718,44042.830,44252.643,44427.663,44569.346,44679.037,44757.936,44807.062,44827.245,44819.106,44783.054,44719.283,44627.766,44508.255,44360.278,44183.136,43975.906,43737.440,43466.367,43161.107,42819.890,42440.777,42021.717,41560.603,41055.369,40504.107,39905.215,39257.568,38560.708,37815.017,37021.864,36183.675,35303.914,34386.956,33437.864,32462.118,31465.316,30452.920,29430.046,28401.321,27370.809,26341.984,25317.737,24300.423,23291.903,22293.609,21306.600,20331.616,19369.132,18419.396,17482.474,16558.278,15646.596,14747.113,13859.434,12983.093,12117.574,11262.314,10416.719,9580.163,8752.002,7931.572,7118.198,6311.192,5509.858,4713.497,3921.401,3132.861,2347.165,1563.600,781.450,0.000
0.000,5770.010,11336.220,16514.729,21170.905,25246.728,28751.680,31736.461,34268.891,36418.432,38248.390,39813.079,41157.588,42318.709,43326.218,44204.143,44971.881,45645.126,46236.599,46756.641,47213.659,47614.484,47964.643,48268.559,48529.713,48750.750,48933.562,49079.324,49188.515,49260.899,49295.473,49290.389,49242.833,49148.855,49003.166,48798.901,48527.376,48177.941,47738.082,47194.113,46532.914,45745.298,44831.022,43803.741,42691.281,41527.035,40341.741,39159.521,37997.367,36866.265,35772.735,34720.205,33710.063,32742.403,31816.525,30931.264,30085.199,29276.788,28504.454,27766.628,27061.789,26388.474,25745.288,25130.911,24544.093,23983.655,23448.486,22937.539,22449.828,21984.423,21540.447,21117.074,20713.522,20329.055,19962.973,19614.619,19283.367,18968.625,18669.834,18386.460,18118.002,17863.979,17623.938,17397.448,17184.099,16983.503,16795.292,16619.115,16454.641,16301.555,16159.557,16028.367,15907.717,15797.355,15697.041,15606.553,15525.678,15454.220,15391.993,15338.825,15294.555,15259.035,15232.128,15213.711,15203.669,15201.901,15208.316,15222.835,15245.390,15275.924,15314.392,15360.758,15415.001,15477.107,15547.076,15624.919,15710.657,15804.324,15905.964,16015.636,16133.407,16259.358,16393.582,16536.185,16687.282,16847.004,17015.493,17192.905,17379.409,17575.184,17780.426,17995.343,18220.156,18455.100,18700.424,18956.389,19223.272,19501.362,19790.962,20092.388,20405.970,20732.049,21070.981,21423.131,21788.874,22168.600,22562.701,22971.578,23395.638,23835.288,24290.934,24762.976,25251.804,25757.790,26281.283,26822.596,27381.996,27959.693,28555.813,29170.389,29803.322,30454.359,31123.051,31808.705,32510.337,33226.607,33955.754,34695.527,35443.113,36195.083,36947.353,37695.192,38433.274,39155.830,39856.858,40530.434,41171.057,41773.990,42335.530,42853.149,43325.500,43752.300,44134.141,44472.266,44768.351,45024.312,45242.152,45423.842,45571.236,45686.016,45769.653,45823.390,45848.223,45844.904,45813.931,45755.555,45669.773,45556.328,45414.711,45244.149,45043.608,44811.787,44547.113,44247.747,43911.594,43536.323,43119.406,42658.189,42149.983,41592.205,40982.561,40319.270,39601.324,38828.753,38002.845,37126.291,36203.169,35238.779,34239.323,33211.498,32162.084,31097.590,30023.990,28946.566,27869.836,26797.554,25732.754,24677.819,23634.561,22604.311,21587.987,20586.170,19599.166,18627.052,17669.726,16726.936,15798.318,14883.411,13981.686,13092.549,12215.369,11349.473,10494.167,9648.733,8812.438,7984.539,7164.283,6350.912,5543.665,4741.776,3944.480,3151.007,2360.591,1572.463,785.856,0.000
0.000,6705.445,13132.117,19015.418,24158.028,28506.816,32117.558,35094.913,37551.435,39588.248,41289.095,42720.649,43935.061,44972.885,45865.685,46638.136,47309.639,47895.554,48408.114,48857.111,49250.408,49594.322,49893.914,50153.202,50375.314,50562.602,50716.715,50838.637,50928.695,50986.531,51011.040,51000.261,50951.217,50859.683,50719.875,50524.025,50261.878,49920.113,49481.889,48926.916,48232.957,47380.282,46360.763,45190.477,43914.940,42586.535,41248.473,39930.476,38650.586,37418.522,36238.660,35112.160,34038.347,33015.557,32041.640,31114.254,30231.025,29389.644,28587.904,27823.728,27095.174,26400.429,25737.809,25105.747,24502.786,23927.572,23378.841,22855.415,22356.195,21880.151,21426.319,20993.798,20581.738,20189.342,19815.859,19460.581,19122.843,18802.013,18497.498,18208.734,17935.191,17676.365,17431.778,17200.980,16983.543,16779.061,16587.152,16407.450,16239.613,16083.314,15938.245,15804.114,15680.648,15567.585,15464.682,15371.708,15288.449,15214.701,15150.277,15095.001,15048.710,15011.254,14982.495,14962.308,14950.577,14947.203,14952.094,14965.173,14986.371,15015.634,15052.918,15098.191,15151.433,15212.633,15281.796,15358.935,15444.077,15537.259,15638.532,15747.959,15865.614,15991.584,16125.969,16268.882,16420.449,16580.807,16750.110,16928.523,17116.226,17313.412,17520.289,17737.079,17964.018,18201.359,18449.367,18708.326,18978.531,19260.295,19553.946,19859.829,20178.301,20509.737,20854.528,21213.077,21585.803,21973.139,22375.531,22793.435,23227.318,23677.653,24144.922,24629.604,25132.180,25653.119,26192.876,26751.883,27330.538,27929.187,28548.113,29187.510,29847.456,30527.880,31228.520,31948.872,32688.125,33445.091,34218.114,35004.979,35802.803,36607.946,37415.923,38221.374,39018.101,39799.211,40557.394,41285.340,41976.238,42624.299,43225.152,43776.041,44275.794,44724.617,45123.783,45475.306,45781.633,46045.406,46269.270,46455.743,46607.138,46725.506,46812.616,46869.938,46898.647,46899.624,46873.459,46820.458,46740.644,46633.757,46499.251,46336.284,46143.716,45920.094,45663.640,45372.246,45043.473,44674.552,44262.420,43803.772,43295.162,42733.149,42114.520,41436.579,40697.508,39896.752,39035.391,38116.379,37144.585,36126.553,35070.024,33983.327,32874.779,31752.199,30622.579,29491.923,28365.207,27246.420,26138.666,25044.276,23964.935,22901.789,21855.549,20826.574,19814.950,18820.538,17843.033,16881.992,15936.872,15007.049,14091.839,13190.515,12302.316,11426.453,10562.125,9708.516,8864.802,8030.155,7203.746,6384.743,5572.316,4765.636,3963.874,3166.206,2371.806,1579.853,789.524,0.000
0.000,7919.666,15471.412,22256.830,27939.019,32505.006,36116.886,38974.273,41253.772,43094.125,44599.198,45845.476,46889.245,47772.219,48525.649,49173.232,49733.150,50219.515,50643.381,51013.482,51336.751,51618.705,51863.727,52075.270,52256.000,52407.903,52532.348,52630.119,52701.416,52745.827,52762.248,52748.768,52702.481,52619.201,52493.060,52315.912,52076.493,51759.274,51343.012,50799.324,50092.387,49182.846,48042.086,46683.359,45192.452,43656.771,42136.307,40664.582,39257.323,37920.005,36652.733,35453.018,34317.275,33241.578,32222.037,31254.968,30336.956,29464.874,28635.871,27847.352,27096.955,26382.525,25702.095,25053.861,24436.170,23847.496,23286.432,22751.679,22242.027,21756.356,21293.621,20852.846,20433.120,20033.590,19653.454,19291.963,18948.408,18622.124,18312.486,18018.902,17740.814,17477.695,17229.049,16994.404,16773.315,16565.362,16370.148,16187.295,16016.448,15857.271,15709.447,15572.677,15446.677,15331.181,15225.940,15130.718,15045.296,14969.467,14903.040,14845.835,14797.690,14758.451,14727.979,14706.149,14692.845,14687.966,14691.423,14703.137,14723.042,14751.086,14787.226,14831.432,14883.686,14943.983,15012.327,15088.738,15173.246,15265.894,15366.737,15475.842,15593.290,15719.175,15853.604,15996.697,16148.588,16309.423,16479.365,16658.590,16847.288,17045.664,17253.941,17472.353,17701.152,17940.606,18191.001,18452.636,18725.832,19010.921,19308.259,19618.215,19941.178,20277.557,20627.775,20992.276,21371.523,21765.995,22176.188,22602.619,23045.815,23506.321,23984.694,24481.500,24997.312,25532.705,26088.253,26664.513,27262.027,27881.300,28522.788,29186.877,29873.853,30583.872,31316.910,32072.712,32850.717,33649.973,34469.028,35305.803,36157.445,37020.179,37889.158,38758.356,39620.556,40467.466,41290.056,42079.118,42826.024,43523.530,44166.400,44751.680,45278.585,45748.113,46162.551,46524.983,46838.878,47107.785,47335.120,47524.037,47677.352,47797.515,47886.600,47946.309,47977.991,47982.651,47960.967,47913.298,47839.694,47739.893,47613.318,47459.070,47275.911,47062.247,46816.105,46535.111,46216.467,45856.945,45452.888,45000.245,44494.658,43931.611,43306.681,42615.900,41856.245,41026.217,40126.436,39160.091,38133.072,37053.646,35931.705,34777.811,33602.303,32414.632,31222.977,30034.103,28853.396,27684.987,26531.931,25396.390,24279.802,23183.032,22106.495,21050.260,20014.131,18997.709,18000.443,17021.673,16060.650,15116.568,14188.579,13275.804,12377.345,11492.293,10619.731,9758.742,8908.408,8067.817,7236.056,6412.222,5595.416,4784.742,3979.312,3178.241,2380.651,1585.662,792.403,0.000
0.000,9501.819,18577.055,26601.498,32836.246,37457.344,40870.758,43431.577,45395.320,46935.356,48168.176,49172.902,50004.322,50701.202,51291.574,51796.114,52230.345,52606.111,52932.562,53216.843,53464.574,53680.194,53867.204,54028.344,54165.717,54280.878,54374.881,54448.310,54501.274,54533.374,54543.632,54530.375,54491.044,54421.905,54317.598,54170.435,53969.300,53697.898,53332.021,52835.479,52154.977,51217.249,49942.073,48309.218,46515.631,44712.786,42976.493,41335.409,39795.395,38352.809,37000.696,35731.434,34537.763,33413.124,32351.718,31348.450,30398.850,29498.986,28645.379,27834.942,27064.917,26332.829,25636.449,24973.756,24342.912,23742.238,23170.197,22625.373,22106.462,21612.258,21141.640,20693.569,20267.075,19861.254,19475.261,19108.303,18759.637,18428.566,18114.433,17816.622,17534.552,17267.674,17015.472,16777.457,16553.169,16342.174,16144.060,15958.440,15784.947,15623.237,15472.984,15333.880,15205.637,15087.981,14980.659,14883.430,14796.070,14718.370,14650.135,14591.185,14541.353,14500.485,14468.442,14445.096,14430.333,14424.051,14426.160,14436.585,14455.260,14482.134,14517.165,14560.328,14611.606,14670.996,14738.508,14814.163,14897.995,14990.053,15090.396,15199.097,15316.243,15441.932,15576.280,15719.413,15871.473,16032.615,16203.012,16382.847,16572.324,16771.659,16981.086,17200.854,17431.229,17672.497,17924.959,18188.935,18464.765,18752.807,19053.437,19367.055,19694.079,20034.947,20390.122,20760.086,21145.344,21546.423,21963.874,22398.267,22850.198,23320.282,23809.154,24317.471,24845.904,25395.139,25965.871,26558.800,27174.620,27814.012,28477.627,29166.069,29879.868,30619.448,31385.083,32176.837,32994.486,33837.424,34704.526,35593.997,36503.168,37428.273,38364.209,39304.308,40240.204,41161.878,42058.016,42916.760,43726.860,44478.988,45166.776,45787.184,46340.194,46828.098,47254.685,47624.519,47942.399,48212.993,48440.617,48629.131,48781.891,48901.751,48991.083,49051.811,49085.438,49093.084,49075.500,49033.096,48965.945,48873.787,48756.028,48611.720,48439.549,48237.802,48004.332,47736.518,47431.221,47084.743,46692.798,46250.507,45752.448,45192.780,44565.506,43864.898,43086.149,42226.224,41284.827,40265.252,39174.736,38024.018,36826.096,35594.659,34342.733,33081.785,31821.319,30568.834,29329.993,28108.895,26908.363,25730.219,24575.504,23444.678,22337.758,21254.442,20194.187,19156.284,18139.902,17144.126,16167.984,15210.471,14270.557,13347.204,12439.371,11546.019,10666.115,9798.637,8942.572,8096.917,7260.683,6432.890,5612.569,4798.763,3990.520,3186.899,2386.965,1589.787,794.440,0.000
0.000,11510.564,22733.507,32735.880,39347.150,43617.397,46477.262,48485.999,49960.621,51083.857,51965.305,52673.699,53254.007,53736.770,54143.414,54489.390,54786.100,55042.123,55264.019,55456.864,55624.626,55770.418,55896.682,56005.323,56097.795,56175.164,56238.150,56287.137,56322.176,56342.951,56348.730,56338.265,56309.637,56260.011,56185.239,56079.196,55932.659,55731.305,55452.031,55055.967,54475.213,53589.585,52200.314,50096.492,47848.868,45703.161,43722.490,41906.284,40237.253,38696.442,37267.197,35935.730,34690.768,33523.064,32424.957,31390.031,30412.847,29488.743,28613.685,27784.149,26997.031,26249.576,25539.325,24864.066,24221.802,23610.720,23029.167,22475.628,21948.714,21447.143,20969.729,20515.377,20083.064,19671.842,19280.824,18909.183,18556.143,18220.978,17903.007,17601.588,17316.119,17046.032,16790.795,16549.903,16322.883,16109.285,15908.689,15720.696,15544.930,15381.039,15228.689,15087.566,14957.374,14837.837,14728.694,14629.702,14540.633,14461.276,14391.433,14330.920,14279.571,14237.229,14203.755,14179.021,14162.912,14155.326,14156.176,14165.386,14182.891,14208.642,14242.600,14284.740,14335.049,14393.528,14460.187,14535.053,14618.164,14709.572,14809.341,14917.550,15034.290,15159.667,15293.801,15436.826,15588.892,15750.163,15920.819,16101.054,16291.082,16491.130,16701.444,16922.287,17153.939,17396.702,17650.894,17916.853,18194.940,18485.535,18789.038,19105.876,19436.495,19781.368,20140.991,20515.884,20906.596,21313.702,21737.804,22179.533,22639.548,23118.536,23617.216,24136.332,24676.659,25238.997,25824.172,26433.028,27066.427,27725.237,28410.324,29122.536,29862.678,30631.491,31429.601,32257.468,33115.308,34002.985,34919.867,35864.634,36835.030,37827.543,38837.033,39856.326,40875.864,41883.550,42865.024,43804.633,44687.193,45500.253,46235.943,46891.446,47468.223,47970.672,48404.804,48777.207,49094.373,49362.304,49586.331,49771.060,49920.387,50037.547,50125.183,50185.403,50219.840,50229.698,50215.790,50178.560,50118.105,50034.171,49926.157,49793.090,49633.607,49445.910,49227.720,48976.212,48687.947,48358.788,47983.823,47557.298,47072.596,46522.298,45898.399,45192.767,44397.952,43508.418,42522.110,41442.062,40277.306,39042.297,37754.700,36432.693,35092.877,33749.141,32412.360,31090.592,29789.511,28512.890,27263.053,26041.248,24847.936,23683.020,22546.007,21436.133,20352.447,19293.876,18259.272,17247.441,16257.167,15287.228,14336.406,13403.494,12487.302,11586.658,10700.411,9827.432,8966.610,8116.857,7277.101,6446.291,5623.388,4807.371,3997.230,3191.967,2390.592,1592.122,795.582,0.000
0.000,13806.937,28110.537,42261.376,48199.093,51187.850,52934.916,54074.561,54877.337,55474.177,55935.523,56302.622,56601.279,56848.501,57055.971,57231.985,57382.597,57512.322,57624.589,57722.038,57806.721,57880.244,57943.864,57998.555,58045.062,58083.927,58115.515,58140.017,58157.449,58167.638,58170.193,58164.444,58149.360,58123.406,58084.302,58028.613,57951.008,57842.822,57689.040,57461.379,57100.596,56465.893,55173.531,52028.139,49080.899,46529.334,44304.972,42331.039,40552.045,38929.752,37437.252,36054.935,34768.009,33564.975,32436.659,31375.585,30375.545,29431.302,28538.381,27692.913,26891.516,26131.212,25409.357,24723.585,24071.769,23451.985,22862.485,22301.672,21768.084,21260.378,20777.314,20317.744,19880.606,19464.911,19069.739,18694.230,18337.582,17999.044,17677.911,17373.522,17085.256,16812.529,16554.794,16311.531,16082.256,15866.508,15663.857,15473.894,15296.237,15130.524,14976.415,14833.591,14701.752,14580.615,14469.917,14369.410,14278.864,14198.064,14126.812,14064.922,14012.225,13968.566,13933.802,13907.807,13890.466,13881.677,13881.353,13889.420,13905.814,13930.487,13963.403,14004.540,14053.885,14111.442,14177.227,14251.267,14333.607,14424.300,14523.416,14631.038,14747.263,14872.204,15005.984,15148.747,15300.648,15461.860,15632.571,15812.984,16003.323,16203.827,16414.752,16636.374,16868.989,17112.911,17368.476,17636.041,17915.985,18208.709,18514.639,18834.226,19167.945,19516.300,19879.821,20259.067,20654.630,21067.129,21497.220,21945.592,22412.967,22900.106,23407.808,23936.910,24488.289,25062.863,25661.590,26285.466,26935.527,27612.841,28318.501,29053.621,29819.314,30616.674,31446.738,32310.442,33208.546,34141.528,35109.441,36111.693,37146.754,38211.741,39301.883,40409.854,41525.056,42633.037,43715.430,44751.017,45718.421,46600.223,47386.576,48075.662,48671.761,49182.706,49617.755,49986.203,50296.621,50556.529,50772.328,50949.353,51091.987,51203.786,51287.597,51345.658,51379.682,51390.924,51380.229,51348.064,51294.541,51219.421,51122.110,51001.636,50856.626,50685.247,50485.148,50253.376,49986.270,49679.332,49327.091,48922.941,48459.008,47926.078,47313.680,46610.466,45805.123,44888.027,43853.775,42704.223,41450.771,40113.807,38718.355,37289.179,35847.580,34410.180,32989.023,31592.295,30225.191,28890.715,27590.318,26324.380,25092.557,23894.031,22727.676,21592.179,20486.117,19408.011,18356.361,17329.673,16326.470,15345.303,14384.758,13443.455,12520.053,11613.245,10721.762,9844.367,8979.854,8127.048,7284.799,6451.982,5627.494,4810.250,3999.183,3193.240,2391.379,1592.567,795.781,0.000
0.000,15606.650,33640.333,60000.000,60000.000,60000.000,60000.000,60000.000,60000.000,60000.000,60000.000,60000.000,60000.000,60000.000,60000.000,60000.000,60000.000,60000.000,60000.000,60000.000,60000.000,60000.000,60000.000,60000.000,60000.000,60000.000,60000.000,60000.000,60000.000,60000.000,60000.000,60000.000,60000.000,60000.000,60000.000,60000.000,60000.000,60000.000,60000.000,60000.000,60000.000,60000.000,60000.000,53762.095,49917.887,47029.076,44637.915,42561.854,40711.234,39034.461,37498.403,36080.110,34762.798,33533.683,32382.708,31301.765,30284.173,29324.332,28417.481,27559.522,26746.885,25976.436,25245.399,24551.296,23891.906,23265.220,22669.418,22102.843,21563.974,21051.420,20563.897,20100.218,19659.286,19240.081,18841.654,18463.120,18103.654,17762.485,17438.887,17132.184,16841.740,16566.956,16307.271,16062.157,15831.116,15613.680,15409.408,15217.887,15038.725,14871.556,14716.033,14571.832,14438.650,14316.199,14204.213,14102.443,14010.653,13928.629,13856.169,13793.088,13739.214,13694.393,13658.481,13631.352,13612.891,13602.998,13601.585,13608.579,13623.920,13647.559,13679.463,13719.611,13767.994,13824.618,13889.501,13962.676,14044.188,14134.097,14232.476,14339.413,14455.009,14579.382,14712.664,14855.002,15006.559,15167.516,15338.067,15518.427,15708.827,15909.517,16120.764,16342.856,16576.103,16820.833,17077.397,17346.170,17627.549,17921.956,18229.841,18551.677,18887.969,19239.249,19606.081,19989.063,20388.824,20806.032,21241.391,21695.648,22169.587,22664.042,23179.891,23718.061,24279.534,24865.342,25476.579,26114.395,26780.002,27474.672,28199.742,28956.602,29746.696,30571.506,31432.529,32331.248,33269.070,34247.239,35266.703,36327.899,37430.431,38572.588,39750.628,40957.796,42183.035,43409.595,44614.050,45766.914,46836.515,47796.837,48635.616,49353.953,49961.500,50471.640,50898.276,51254.166,51550.286,51795.747,51997.959,52162.874,52295.240,52398.813,52476.544,52530.715,52563.056,52574.823,52566.859,52539.635,52493.271,52427.547,52341.895,52235.379,52106.662,51953.941,51774.878,51566.495,51325.034,51045.784,50722.864,50348.954,49914.998,49409.905,48820.348,48130.865,47324.615,46385.363,45301.310,44070.856,42708.325,41244.384,39716.319,38158.674,36598.672,35055.565,33541.847,32064.958,30628.825,29235.038,27883.694,26573.957,25304.432,24073.410,22879.015,21719.306,20592.333,19496.174,18428.957,17388.871,16374.169,15383.170,14414.262,13465.890,12536.562,11624.839,10729.333,9848.705,8981.654,8126.920,7283.279,6449.535,5624.520,4807.092,3996.127,3190.520,2389.180,1591.026,794.988,0.000
0.000,14979.331,30844.144,47748.660,60000.000,60000.000,60000.000,60000.000,60000.000,60000.000,60000.000,60000.000,60000.000,60000.000,60000.000,60000.000,60000.000,60000.000,60000.000,60000.000,60000.000,60000.000,60000.000,60000.000,60000.000,60000.000,60000.000,60000.000,60000.000,60000.000,60000.000,60000.000,60000.000,60000.000,60000.000,60000.000,60000.000,60000.000,60000.000,60000.000,60000.000,60000.000,56954.116,53102.780,49800.067,47031.889,44656.599,42568.177,40697.624,38999.595,37443.016,36005.614,34670.781,33425.714,32260.264,31166.201,30136.722,29166.109,28249.492,27382.671,26561.988,25784.228,25046.541,24346.385,23681.479,23049.763,22449.370,21878.598,21335.890,20819.818,20329.066,19862.421,19418.757,18997.032,18596.274,18215.581,17854.108,17511.066,17185.719,16877.374,16585.382,16309.136,16048.063,15801.624,15569.315,15350.661,15145.212,14952.550,14772.277,14604.021,14447.433,14302.184,14167.966,14044.491,13931.488,13828.705,13735.908,13652.878,13579.413,13515.327,13460.448,13414.621,13377.702,13349.566,13330.097,13319.197,13316.778,13322.770,13337.112,13359.758,13390.677,13429.849,13477.270,13532.945,13596.898,13669.163,13749.789,13838.840,13936.393,14042.539,14157.387,14281.057,14413.687,14555.431,14706.458,14866.954,15037.125,15217.190,15407.391,15607.985,15819.253,16041.494,16275.028,16520.197,16777.369,17046.934,17329.306,17624.928,17934.269,18257.829,18596.135,18949.751,19319.271,19705.329,20108.592,20529.772,20969.622,21428.942,21908.580,22409.435,22932.464,23478.683,24049.172,24645.081,25267.631,25918.128,26597.958,27308.601,28051.635,28828.737,29641.694,30492.395,31382.836,32315.098,33291.325,34313.665,35384.171,36504.631,37676.270,38899.254,40171.867,41489.200,42841.142,44209.619,45565.536,46867.272,48065.005,49116.049,50006.095,50743.978,51349.545,51844.942,52250.375,52582.701,52855.387,53078.968,53261.618,53409.659,53527.981,53620.363,53689.713,53738.252,53767.640,53779.076,53773.362,53750.946,53711.950,53656.178,53583.111,53491.886,53381.252,53249.519,53094.464,52913.219,52702.105,52456.417,52170.132,51835.514,51442.622,50978.686,50427.432,49768.520,48977.601,48027.990,46895.745,45570.069,44067.802,42439.602,40744.393,39031.059,37333.410,35672.105,34058.385,32497.410,30990.654,29537.459,28135.998,26783.848,25478.325,24216.672,22996.169,21814.185,20668.208,19555.855,18474.867,17423.114,16398.575,15399.342,14423.604,13469.637,12535.801,11620.530,10722.322,9839.737,8971.386,8115.928,7272.066,6438.539,5614.118,4797.605,3987.824,3183.620,2383.855,1587.405,793.156,0.000
0.000,13466.531,27008.251,40150.498,51169.388,60000.000,60000.000,60000.000,60000.000,60000.000,60000.000,60000.000,60000.000,60000.000,60000.000,60000.000,60000.000,60000.000,60000.000,60000.000,60000.000,60000.000,60000.000,60000.000,60000.000,60000.000,60000.000,60000.000,60000.000,60000.000,60000.000,60000.000,60000.000,60000.000,60000.000,60000.000,60000.000,60000.000,60000.000,60000.000,58456.729,57053.464,54713.959,51895.269,49148.277,46642.506,44389.219,42357.539,40512.495,38824.377,37269.633,35829.811,34490.339,33239.543,32067.918,30967.608,29932.025,28955.575,28033.453,27161.489,26336.035,25553.869,24812.129,24108.255,23439.945,22805.118,22201.884,21628.520,21083.448,20565.218,20072.498,19604.053,19158.743,18735.508,18333.364,17951.394,17588.739,17244.601,16918.230,16608.926,16316.030,16038.925,15777.032,15529.806,15296.735,15077.338,14871.161,14677.780,14496.793,14327.826,14170.525,14024.559,13889.617,13765.408,13651.660,13548.120,13454.551,13370.735,13296.468,13231.564,13175.851,13129.174,13091.389,13062.370,13042.005,13030.194,13026.852,13031.909,13045.306,13066.999,13096.957,13135.165,13181.618,13236.327,13299.317,13370.624,13450.302,13538.417,13635.051,13740.298,13854.271,13977.097,14108.917,14249.890,14400.194,14560.019,14729.577,14909.098,15098.829,15299.038,15510.015,15732.068,15965.531,16210.759,16468.131,16738.053,17020.956,17317.302,17627.580,17952.309,18292.045,18647.374,19018.924,19407.359,19813.384,20237.752,20681.262,21144.764,21629.164,22135.426,22664.581,23217.729,23796.044,24400.785,25033.302,25695.043,26387.568,27112.556,27871.821,28667.326,29501.196,30375.736,31293.448,32257.045,33269.462,34333.847,35453.533,36631.955,37872.453,39177.894,40549.904,41987.422,43484.044,45023.439,46572.345,48072.682,49441.156,50597.159,51529.575,52267.113,52848.510,53308.924,53676.267,53971.540,54210.233,54403.741,54560.488,54686.749,54787.234,54865.502,54924.240,54965.473,54990.699,55000.993,54997.069,54979.330,54947.889,54902.580,54842.955,54768.259,54677.395,54568.864,54440.678,54290.242,54114.175,53908.070,53666.147,53380.760,53041.698,52635.194,52142.577,51538.588,50789.687,49853.664,48684.031,47246.305,45553.657,43702.289,41791.061,39888.240,38032.296,36241.556,34522.679,32876.148,31299.426,29788.648,28339.490,26947.609,25608.836,24319.265,23075.273,21873.516,20710.910,19584.605,18491.967,17430.547,16398.067,15392.395,14411.530,13453.591,12516.796,11599.458,10699.970,9816.795,8948.463,8093.558,7250.714,6418.609,5595.960,4781.514,3974.047,3172.361,2375.273,1581.619,790.244,0.000
0.000,11878.541,23571.831,34675.694,44527.054,52931.459,60000.000,60000.000,60000.000,60000.000,60000.000,60000.000,60000.000,60000.000,60000.000,60000.000,60000.000,60000.000,60000.000,60000.000,60000.000,60000.000,60000.000,60000.000,60000.000,60000.000,60000.000,60000.000,60000.000,60000.000,60000.000,60000.000,60000.000,60000.000,60000.000,60000.000,60000.000,60000.000,60000.000,58411.876,56773.567,55043.370,52953.302,50616.498,48255.822,46001.307,43901.008,41961.138,40171.407,38516.840,36982.468,35554.876,34222.516,32975.567,31805.694,30705.792,29669.766,28692.347,27768.950,26895.553,26068.605,25284.950,24541.771,23836.534,23166.953,22530.955,21926.653,21352.321,20806.379,20287.372,19793.958,19324.898,18879.042,18455.324,18052.750,17670.396,17307.397,16962.947,16636.289,16326.717,16033.567,15756.216,15494.079,15246.607,15013.284,14793.624,14587.172,14393.498,14212.200,14042.899,13885.240,13738.890,13603.535,13478.885,13364.666,13260.623,13166.521,13082.138,13007.273,12941.738,12885.362,12837.989,12799.478,12769.702,12748.550,12735.924,12731.740,12735.927,12748.431,12769.207,12798.229,12835.480,12880.960,12934.682,12996.671,13066.970,13145.633,13232.731,13328.347,13432.583,13545.552,13667.386,13798.232,13938.254,14087.633,14246.569,14415.277,14593.994,14782.977,14982.500,15192.862,15414.382,15647.404,15892.293,16149.443,16419.272,16702.228,16998.787,17309.458,17634.781,17975.332,18331.725,18704.613,19094.690,19502.697,19929.423,20375.709,20842.454,21330.615,21841.218,22375.362,22934.222,23519.062,24131.243,24772.231,25443.612,26147.102,26884.570,27658.053,28469.779,29322.198,30218.013,31160.220,32152.153,33197.541,34300.564,35465.922,36698.882,38005.292,39391.475,40863.848,42427.855,44085.387,45828.858,47628.723,49410.854,51030.585,52302.589,53248.608,53947.020,54469.054,54866.540,55174.771,55417.478,55610.764,55765.760,55890.315,55990.072,56069.152,56130.604,56176.697,56209.115,56229.098,56237.525,56234.983,56221.800,56198.072,56163.669,56118.233,56061.158,55991.556,55908.209,55809.485,55693.234,55556.615,55395.868,55205.949,54980.003,54708.537,54378.131,53969.414,53453.888,52789.218,51913.281,50740.753,49177.822,47198.607,45025.234,42829.739,40698.974,38666.420,36739.599,34915.086,33185.542,31542.724,29978.684,28486.173,27058.724,25690.604,24376.730,23112.586,21894.132,20717.733,19580.102,18478.247,17409.428,16371.122,15360.994,14376.871,13416.722,12478.639,11560.823,10661.570,9779.258,8912.340,8059.333,7218.809,6389.390,5569.742,4758.565,3954.592,3156.582,2363.315,1573.588,786.210,0.000
0.000,10475.805,20724.837,30453.392,39331.675,47198.783,54057.445,60000.000,60000.000,60000.000,60000.000,60000.000,60000.000,60000.000,60000.000,60000.000,60000.000,60000.000,60000.000,60000.000,60000.000,60000.000,60000.000,60000.000,60000.000,60000.000,60000.000,60000.000,60000.000,60000.000,60000.000,60000.000,60000.000,60000.000,60000.000,60000.000,60000.000,60000.000,58490.381,56874.044,55182.465,53393.396,51439.730,49362.047,47257.759,45206.550,43253.119,41415.446,39696.092,38090.128,36589.620,35185.888,33870.531,32635.836,31474.889,30381.557,29350.418,28376.679,27456.089,26584.867,25759.636,24977.367,24235.335,23531.073,22862.345,22227.112,21623.514,21049.842,20504.530,19986.130,19493.306,19024.821,18579.527,18156.357,17754.318,17372.482,17009.982,16666.010,16339.808,16030.665,15737.916,15460.934,15199.133,14951.960,14718.899,14499.461,14293.189,14099.652,13918.445,13749.189,13591.528,13445.128,13309.675,13184.877,13070.461,12966.171,12871.771,12787.042,12711.782,12645.802,12588.933,12541.019,12501.921,12471.512,12449.682,12436.334,12431.386,12434.769,12446.429,12466.324,12494.429,12530.730,12575.228,12627.938,12688.890,12758.126,12835.705,12921.700,13016.199,13119.304,13231.135,13351.826,13481.529,13620.412,13768.662,13926.482,14094.095,14271.744,14459.690,14658.218,14867.633,15088.263,15320.461,15564.603,15821.094,16090.365,16372.877,16669.121,16979.623,17304.941,17645.671,18002.449,18375.952,18766.904,19176.073,19604.285,20052.418,20521.412,21012.275,21526.085,22064.002,22627.271,23217.235,23835.346,24483.176,25162.430,25874.969,26622.829,27408.246,28233.687,29101.895,30015.929,30979.232,31995.705,33069.812,34206.703,35412.387,36693.956,38059.864,39520.283,41087.474,42775.978,44601.890,46578.863,48703.694,50912.162,52968.370,54334.553,55215.748,55803.764,56214.575,56513.818,56739.189,56913.208,57049.944,57158.567,57245.278,57314.399,57369.018,57411.379,57443.132,57465.492,57479.343,57485.313,57483.817,57475.089,57459.199,57436.056,57405.411,57366.839,57319.715,57263.177,57196.064,57116.832,57023.422,56913.071,56782.011,56624.998,56434.544,56199.608,55903.288,55518.564,55000.254,54269.733,53188.138,51525.905,49038.024,46370.639,43804.049,41411.880,39195.210,37135.744,35212.948,33408.639,31707.676,30097.625,28568.230,27110.944,25718.552,24384.891,23104.628,21873.101,20686.187,19540.212,18431.869,17358.161,16316.352,15303.926,14318.561,13358.094,12420.505,11503.898,10606.483,9726.564,8862.524,8012.823,7175.976,6350.559,5535.189,4728.528,3929.268,3136.133,2347.869,1563.238,781.020,0.000
0.000,9299.840,18398.321,27081.362,35147.471,42474.553,49030.997,54850.148,60000.000,60000.000,60000.000,60000.000,60000.000,60000.000,60000.000,60000.000,60000.000,60000.000,60000.000,60000.000,60000.000,60000.000,60000.000,60000.000,60000.000,60000.000,60000.000,60000.000,60000.000,60000.000,60000.000,60000.000,60000.000,60000.000,60000.000,60000.000,60000.000,58685.090,57087.570,55411.598,53689.066,51908.306,50050.544,48134.661,46207.171,44314.660,42490.208,40752.256,39108.291,37558.945,36101.060,34729.662,33439.094,32223.635,31077.813,29996.537,28975.143,28009.394,27095.450,26229.836,25409.406,24631.304,23892.935,23191.937,22526.148,21893.591,21292.450,20721.054,20177.861,19661.447,19170.492,18703.772,18260.147,17838.559,17438.018,17057.601,16696.447,16353.746,16028.743,15720.728,15429.036,15153.042,14892.157,14645.832,14413.548,14194.817,13989.181,13796.209,13615.498,13446.668,13289.361,13143.246,13008.008,12883.355,12769.015,12664.734,12570.274,12485.418,12409.963,12343.724,12286.532,12238.231,12198.683,12167.763,12145.363,12131.386,12125.751,12128.392,12139.256,12158.303,12185.510,12220.863,12264.368,12316.041,12375.913,12444.030,12520.452,12605.256,12698.532,12800.387,12910.941,13030.333,13158.720,13296.272,13443.181,13599.655,13765.922,13942.230,14128.846,14326.062,14534.188,14753.562,14984.544,15227.520,15482.903,15751.137,16032.694,16328.078,16637.830,16962.523,17302.773,17659.233,18032.603,18423.630,18833.111,19261.898,19710.906,20181.110,20673.559,21189.381,21729.786,22296.081,22889.677,23512.104,24165.022,24850.244,25569.748,26325.712,27120.540,27956.902,28837.778,29766.527,30746.960,31783.446,32881.049,34045.723,35284.565,36606.203,38021.349,39543.646,41191.014,42987.808,44968.324,47181.871,49695.736,52566.284,55596.594,56851.852,57476.374,57837.993,58071.924,58235.213,58355.193,58446.445,58517.454,58573.496,58618.033,58653.425,58681.332,58702.948,58719.144,58730.555,58737.645,58740.738,58740.052,58735.706,58727.739,58716.103,58700.672,58681.225,58657.440,58628.869,58594.909,58554.751,58507.313,58451.126,58384.165,58303.572,58205.170,58082.609,57925.704,57716.967,57423.646,56977.413,56216.329,54699.831,51057.186,47615.532,44604.248,41949.625,39567.156,37395.593,35392.711,33528.782,31782.116,30136.314,28578.584,27098.673,25688.173,24340.051,23048.328,21807.841,20614.081,19463.058,18351.213,17275.341,16232.530,15220.119,14235.657,13276.877,12341.663,11428.039,10534.142,9658.212,8798.578,7953.644,7121.884,6301.829,5492.059,4691.200,3897.912,3110.886,2328.839,1550.507,774.641,0.000
0.000,8325.233,16487.244,24326.266,31702.295,38520.962,44741.843,50369.593,55438.776,60000.000,60000.000,60000.000,60000.000,60000.000,60000.000,60000.000,60000.000,60000.000,60000.000,60000.000,60000.000,60000.000,60000.000,60000.000,60000.000,60000.000,60000.000,60000.000,60000.000,60000.000,60000.000,60000.000,60000.000,60000.000,60000.000,60000.000,60000.000,57652.859,55763.334,53995.892,52254.136,50500.533,48719.869,46919.352,45122.156,43355.347,41641.515,39995.877,38426.752,36937.253,35527.042,34193.706,32933.715,31743.033,30617.491,29552.996,28545.646,27591.785,26688.019,25831.217,25018.495,24247.207,23514.918,22819.393,22158.569,21530.550,20933.583,20366.048,19826.444,19313.378,18825.558,18361.780,17920.924,17501.943,17103.860,16725.763,16366.795,16026.156,15703.095,15396.906,15106.927,14832.537,14573.150,14328.219,14097.226,13879.686,13675.143,13483.166,13303.354,13135.328,12978.732,12833.235,12698.525,12574.310,12460.320,12356.300,12262.016,12177.251,12101.803,12035.490,11978.141,11929.605,11889.744,11858.434,11835.569,11821.053,11814.807,11816.767,11826.881,11845.112,11871.436,11905.844,11948.342,11998.948,12057.697,12124.635,12199.826,12283.347,12375.293,12475.772,12584.908,12702.843,12829.735,12965.761,13111.113,13266.005,13430.669,13605.358,13790.343,13985.922,14192.412,14410.156,14639.520,14880.900,15134.717,15401.422,15681.500,15975.465,16283.870,16607.303,16946.393,17301.811,17674.275,18064.552,18473.462,18901.883,19350.755,19821.088,20313.964,20830.549,21372.099,21939.969,22535.627,23160.665,23816.817,24505.977,25230.220,25991.835,26793.353,27637.596,28527.726,29467.318,30460.447,31511.812,32626.891,33812.172,35075.466,36426.378,37877.026,39443.188,41146.270,43016.940,45102.622,47485.307,50331.666,54061.007,60000.000,60000.000,60000.000,60000.000,60000.000,60000.000,60000.000,60000.000,60000.000,60000.000,60000.000,60000.000,60000.000,60000.000,60000.000,60000.000,60000.000,60000.000,60000.000,60000.000,60000.000,60000.000,60000.000,60000.000,60000.000,60000.000,60000.000,60000.000,60000.000,60000.000,60000.000,60000.000,60000.000,60000.000,60000.000,60000.000,60000.000,60000.000,60000.000,60000.000,52875.536,48430.285,45048.058,42215.515,39728.517,37487.099,35433.872,33532.025,31756.061,30087.306,28511.496,27017.369,25595.790,24239.186,22941.158,21696.218,20499.591,19347.072,18234.922,17159.785,16118.623,15108.664,14127.362,13172.367,12241.494,11332.699,10444.064,9573.779,8720.126,7881.471,7056.249,6242.956,5440.144,4646.406,3860.379,3080.727,2306.143,1535.340,767.046,0.000
0.000,7513.850,14899.156,22034.162,28814.480,35165.157,41045.821,46447.606,51385.511,55890.011,60000.000,60000.000,60000.000,60000.000,60000.000,60000.000,60000.000,60000.000,60000.000,60000.000,60000.000,60000.000,60000.000,60000.000,60000.000,60000.000,60000.000,60000.000,60000.000,60000.000,60000.000,60000.000,60000.000,60000.000,60000.000,60000.000,58131.676,56163.113,54317.163,52554.709,50831.319,49120.152,47409.450,45701.198,44007.307,42343.685,40725.331,39163.766,37666.440,36237.200,34877.143,33585.468,32360.156,31198.485,30097.378,29053.626,28064.036,27125.514,26235.114,25390.058,24587.746,23825.756,23101.835,22413.890,21759.978,21138.295,20547.167,19985.037,19450.455,18942.072,18458.630,17998.955,17561.951,17146.592,16751.917,16377.029,16021.084,15683.291,15362.908,15059.238,14771.625,14499.453,14242.142,13999.148,13769.960,13554.093,13351.096,13160.541,12982.030,12815.185,12659.655,12515.109,12381.238,12257.752,12144.381,12040.875,11947.002,11862.544,11787.303,11721.097,11663.759,11615.138,11575.097,11543.517,11520.289,11505.323,11498.541,11499.879,11509.287,11526.730,11552.186,11585.649,11627.124,11676.633,11734.212,11799.909,11873.791,11955.937,12046.442,12145.417,12252.990,12369.305,12494.522,12628.820,12772.397,12925.468,13088.268,13261.054,13444.103,13637.716,13842.214,14057.946,14285.284,14524.630,14776.411,15041.088,15319.152,15611.127,15917.576,16239.097,16576.332,16929.966,17300.731,17689.410,18096.843,18523.927,18971.624,19440.969,19933.072,20449.129,20990.431,21558.369,22154.455,22780.329,23437.777,24128.753,24855.400,25620.082,26425.416,27274.322,28170.073,29116.371,30117.437,31178.134,32304.132,33502.134,34780.194,36148.179,37618.460,39206.984,40935.008,42832.011,44940.736,47325.731,50085.081,53346.259,57102.047,60000.000,60000.000,60000.000,60000.000,60000.000,60000.000,60000.000,60000.000,60000.000,60000.000,60000.000,60000.000,60000.000,60000.000,60000.000,60000.000,60000.000,60000.000,60000.000,60000.000,60000.000,60000.000,60000.000,60000.000,60000.000,60000.000,60000.000,60000.000,60000.000,60000.000,60000.000,60000.000,60000.000,60000.000,60000.000,60000.000,60000.000,60000.000,56458.248,52014.821,48182.214,44942.420,42136.126,39644.586,37390.723,35323.974,33409.717,31623.137,29945.699,28363.076,26863.868,25438.784,24080.092,22781.246,21536.623,20341.326,19191.042,18081.936,17010.564,15973.811,14968.836,13993.034,13043.998,12119.492,11217.431,10335.853,9472.914,8626.863,7796.034,6978.836,6173.739,5379.270,4594.004,3816.552,3045.564,2279.711,1517.691,758.213,0.000
0.000,6831.012,13561.368,20096.747,26356.307,32279.365,37828.679,42989.497,47765.650,52174.533,56242.309,60000.000,60000.000,60000.000,60000.000,60000.000,60000.000,60000.000,60000.000,60000.000,60000.000,60000.000,60000.000,60000.000,60000.000,60000.000,60000.000,60000.000,60000.000,60000.000,60000.000,60000.000,60000.000,60000.000,60000.000,58172.681,56363.670,54550.879,52787.674,51074.691,49396.566,47739.653,46096.992,44469.162,42862.735,41287.376,39753.046,38268.177,36838.872,35468.859,34159.829,32911.895,31724.047,30594.529,29521.124,28501.366,27532.687,26612.506,25738.303,24907.645,24118.218,23367.829,22654.416,21976.041,21330.889,20717.263,20133.575,19578.341,19050.173,18547.771,18069.920,17615.483,17183.393,16772.652,16382.320,16011.518,15659.419,15325.247,15008.272,14707.806,14423.204,14153.858,13899.196,13658.680,13431.803,13218.089,13017.088,12828.380,12651.567,12486.279,12332.166,12188.900,12056.176,11933.706,11821.225,11718.484,11625.252,11541.315,11466.478,11400.560,11343.397,11294.838,11254.752,11223.017,11199.530,11184.201,11176.954,11177.726,11186.470,11203.153,11227.754,11260.268,11300.703,11349.082,11405.443,11469.836,11542.328,11623.001,11711.953,11809.296,11915.159,12029.688,12153.047,12285.415,12426.993,12577.999,12738.671,12909.268,13090.070,13281.381,13483.528,13696.861,13921.759,14158.626,14407.897,14670.037,14945.542,15234.946,15538.818,15857.764,16192.436,16543.529,16911.786,17298.003,17703.033,18127.787,18573.245,19040.458,19530.559,20044.763,20584.385,21150.843,21745.678,22370.559,23027.306,23717.908,24444.547,25209.627,26015.807,26866.047,27763.661,28712.384,29716.460,30780.753,31910.897,33113.493,34396.375,35768.979,37242.856,38832.389,40555.770,42436.250,44503.340,46792.419,49337.120,52137.166,55062.042,57693.127,60000.000,60000.000,60000.000,60000.000,60000.000,60000.000,60000.000,60000.000,60000.000,60000.000,60000.000,60000.000,60000.000,60000.000,60000.000,60000.000,60000.000,60000.000,60000.000,60000.000,60000.000,60000.000,60000.000,60000.000,60000.000,60000.000,60000.000,60000.000,60000.000,60000.000,60000.000,60000.000,60000.000,60000.000,60000.000,58185.676,56543.676,53818.259,50543.419,47341.507,44403.491,41742.221,39323.241,37107.512,35061.876,33160.040,31381.385,29709.597,28131.564,26636.571,25215.713,23861.477,22567.435,21328.022,20138.362,18994.142,17891.515,16827.014,15797.501,14800.107,13832.199,12891.344,11975.281,11081.897,10209.211,9355.354,8518.554,7697.129,6889.466,6094.022,5309.307,4533.880,3766.342,3005.325,2249.492,1497.525,748.125,0.000
0.000,6248.829,12418.559,18435.152,24234.637,29767.317,35000.033,39916.053,44513.061,48800.163,52794.703,56519.394,60000.000,60000.000,60000.000,60000.000,60000.000,60000.000,60000.000,60000.000,60000.000,60000.000,60000.000,60000.000,60000.000,60000.000,60000.000,60000.000,60000.000,60000.000,60000.000,60000.000,60000.000,60000.000,58093.886,56327.122,54599.548,52889.212,51208.158,49560.063,47940.900,46345.261,44770.122,43216.204,41687.642,40190.645,38731.978,37317.765,35952.816,34640.407,33382.351,32179.231,31030.666,29935.574,28892.395,27899.259,26954.121,26054.859,25199.334,24385.443,23611.140,22874.465,22173.543,21506.598,20871.950,20268.012,19693.291,19146.383,18625.966,18130.799,17659.716,17211.620,16785.481,16380.330,15995.255,15629.399,15281.957,14952.167,14639.316,14342.731,14061.777,13795.857,13544.409,13306.903,13082.840,12871.750,12673.192,12486.749,12312.030,12148.669,11996.320,11854.661,11723.389,11602.221,11490.895,11389.165,11296.804,11213.601,11139.362,11073.909,11017.082,10968.733,10928.730,10896.956,10873.309,10857.702,10850.059,10850.320,10858.441,10874.389,10898.146,10929.707,10969.082,11016.297,11071.389,11134.412,11205.434,11284.537,11371.821,11467.399,11571.403,11683.979,11805.293,11935.527,12074.881,12223.576,12381.852,12549.970,12728.212,12916.884,13116.315,13326.858,13548.896,13782.835,14029.114,14288.202,14560.599,14846.844,15147.509,15463.209,15794.601,16142.385,16507.313,16890.189,17291.874,17713.290,18155.427,18619.347,19106.194,19617.197,20153.683,20717.086,21308.958,21930.984,22584.998,23273.000,23997.181,24759.950,25563.965,26412.172,27307.857,28254.702,29256.861,30319.051,31446.673,32645.956,33924.145,35289.735,36752.741,38324.997,40020.383,41854.721,43844.680,46004.079,48334.270,50803.557,53316.012,55710.549,57933.203,60000.000,60000.000,60000.000,60000.000,60000.000,60000.000,60000.000,60000.000,60000.000,60000.000,60000.000,60000.000,60000.000,60000.000,60000.000,60000.000,60000.000,60000.000,60000.000,60000.000,60000.000,60000.000,60000.000,60000.000,60000.000,60000.000,60000.000,60000.000,60000.000,60000.000,60000.000,60000.000,60000.000,58126.038,56199.058,54170.827,51727.783,48999.215,46237.066,43588.006,41106.241,38798.881,36654.465,34656.248,32787.463,31033.058,29380.036,27817.315,26335.444,24926.326,23582.971,22299.298,21069.966,19890.250,18755.939,17663.247,16608.751,15589.335,14602.146,13644.556,12714.132,11808.610,10925.874,10063.935,9220.916,8395.039,7584.612,6788.016,6003.698,5230.162,4465.960,3709.684,2959.961,2215.447,1474.818,736.768,0.000
0.000,5745.745,11428.886,16990.666,22379.773,27555.232,32488.086,37161.622,41570.377,45718.356,49616.945,53282.875,56736.434,60000.000,60000.000,60000.000,60000.000,60000.000,60000.000,60000.000,60000.000,60000.000,60000.000,60000.000,60000.000,60000.000,60000.000,60000.000,60000.000,60000.000,60000.000,60000.000,58621.476,57558.528,56048.479,54442.464,52818.318,51198.431,49595.898,48016.765,46462.022,44930.736,43422.450,41938.372,40481.521,39056.185,37667.117,36318.811,35015.006,33758.445,32550.843,31392.974,30284.830,29225.785,28214.755,27250.337,26330.919,25454.764,24620.073,23825.040,23067.873,22346.830,21660.223,21006.434,20383.917,19791.203,19226.895,18689.673,18178.289,17691.562,17228.380,16787.692,16368.508,15969.892,15590.965,15230.895,14888.898,14564.237,14256.214,13964.172,13687.491,13425.587,13177.909,12943.938,12723.183,12515.184,12319.507,12135.743,11963.506,11802.437,11652.195,11512.464,11382.945,11263.361,11153.452,11052.977,10961.712,10879.450,10806.001,10741.190,10684.857,10636.860,10597.068,10565.368,10541.659,10525.855,10517.885,10517.689,10525.225,10540.461,10563.381,10593.983,10632.279,10678.293,10732.065,10793.651,10863.118,10940.552,11026.051,11119.732,11221.726,11332.181,11451.263,11579.155,11716.059,11862.195,12017.806,12183.153,12358.519,12544.212,12740.561,12947.922,13166.677,13397.236,13640.038,13895.555,14164.289,14446.781,14743.607,15055.383,15382.769,15726.470,16087.241,16465.889,16863.280,17280.339,17718.062,18177.515,18659.845,19166.285,19698.167,20256.924,20844.111,21461.408,22110.645,22793.811,23513.080,24270.832,25069.683,25912.520,26802.539,27743.295,28738.757,29793.381,30912.183,32100.836,33365.766,34714.248,36154.464,37695.476,39346.948,41118.373,43017.275,45045.527,47192.787,49427.123,51688.137,53899.996,56022.327,58050.625,60000.000,60000.000,60000.000,60000.000,60000.000,60000.000,60000.000,60000.000,60000.000,60000.000,60000.000,60000.000,60000.000,60000.000,60000.000,60000.000,60000.000,60000.000,60000.000,60000.000,60000.000,60000.000,60000.000,60000.000,60000.000,60000.000,60000.000,60000.000,60000.000,60000.000,60000.000,58213.108,56305.122,54313.735,52212.855,49922.925,47488.715,45019.687,42605.401,40296.053,38111.796,36055.454,34121.436,32300.765,30583.614,28960.451,27422.496,25961.846,24571.459,23245.070,21977.102,20762.572,19597.011,18476.387,17397.047,16355.664,15349.191,14374.826,13429.976,12512.237,11619.363,10749.251,9899.922,9069.507,8256.232,7458.407,6674.416,5902.707,5141.783,4390.198,3646.542,2909.443,2177.556,1449.556,724.136,0.000
0.000,5305.266,10560.575,15718.855,20738.555,25585.753,30235.455,34671.971,38888.470,42885.939,46671.847,50258.727,53662.862,56903.124,60000.000,60000.000,60000.000,60000.000,60000.000,60000.000,60000.000,60000.000,60000.000,60000.000,60000.000,60000.000,60000.000,60000.000,60000.000,60000.000,60000.000,58394.562,56927.409,55564.212,54099.123,52576.050,51032.980,49490.484,47960.466,46449.351,44960.006,43493.581,42050.992,40633.790,39244.419,37886.044,36562.138,35276.060,34030.712,32828.343,31670.474,30557.923,29490.880,28469.018,27491.594,26557.560,25665.649,24814.446,24002.448,23228.108,22489.868,21786.189,21115.560,20476.515,19867.642,19287.586,18735.052,18208.805,17707.671,17230.534,16776.340,16344.086,15932.824,15541.659,15169.742,14816.272,14480.492,14161.685,13859.176,13572.325,13300.529,13043.218,12799.856,12569.933,12352.972,12148.522,11956.157,11775.477,11606.105,11447.687,11299.890,11162.403,11034.934,10917.209,10808.975,10709.994,10620.047,10538.931,10466.460,10402.461,10346.780,10299.275,10259.820,10228.303,10204.626,10188.707,10180.474,10179.872,10186.858,10201.404,10223.496,10253.132,10290.324,10335.099,10387.499,10447.578,10515.408,10591.071,10674.670,10766.320,10866.152,10974.316,11090.978,11216.320,11350.546,11493.876,11646.551,11808.834,11981.008,12163.380,12356.280,12560.063,12775.112,13001.836,13240.676,13492.101,13756.616,14034.760,14327.109,14634.280,14956.934,15295.774,15651.555,16025.086,16417.229,16828.910,17261.123,17714.931,18191.478,18691.993,19217.798,19770.321,20351.101,20961.803,21604.231,22280.345,22992.275,23742.346,24533.098,25367.317,26248.061,27178.701,28162.954,29204.932,30309.177,31480.706,32725.030,34048.143,35456.431,36956.448,38554.422,40255.320,42061.193,43968.537,45964.695,48024.378,50109.690,52179.157,54205.598,56180.227,58107.742,60000.000,60000.000,60000.000,60000.000,60000.000,60000.000,60000.000,60000.000,60000.000,60000.000,60000.000,60000.000,60000.000,60000.000,60000.000,60000.000,60000.000,60000.000,60000.000,60000.000,60000.000,60000.000,60000.000,60000.000,60000.000,60000.000,60000.000,60000.000,60000.000,58439.187,56547.330,54567.643,52537.958,50444.003,48262.440,46013.152,43747.705,41518.020,39360.959,37296.995,35334.335,33473.504,31710.788,30040.432,28455.913,26950.630,25518.250,24152.859,22849.012,21601.732,20406.473,19259.092,18155.804,17093.139,16067.909,15077.174,14118.214,13188.503,12285.683,11407.549,10552.030,9717.170,8901.121,8102.125,7318.505,6548.657,5791.039,5044.163,4306.587,3576.910,2853.766,2135.814,1421.735,710.228,0.000
0.000,4914.743,9789.294,14585.623,19269.839,23813.771,28196.011,32402.339,36425.593,40265.085,43925.776,47417.325,50753.162,53949.635,57025.252,60000.000,60000.000,60000.000,60000.000,60000.000,60000.000,60000.000,60000.000,60000.000,60000.000,60000.000,60000.000,60000.000,60000.000,60000.000,58271.216,56650.871,55129.439,53671.863,52207.850,50729.767,49247.230,47770.262,46306.370,44860.450,43435.396,42032.962,40654.571,39301.847,37976.846,36682.010,35419.963,34193.263,33004.178,31854.532,30745.633,29678.261,28652.702,27668.813,26726.093,25823.761,24960.821,24136.121,23348.408,22596.363,21878.638,21193.875,20540.730,19917.884,19324.051,18757.989,18218.502,17704.441,17214.708,16748.255,16304.083,15881.244,15478.836,15096.001,14731.928,14385.846,14057.028,13744.781,13448.452,13167.422,12901.107,12648.953,12410.438,12185.067,11972.375,11771.921,11583.290,11406.093,11239.959,11084.545,10939.523,10804.590,10679.460,10563.866,10457.559,10360.308,10271.896,10192.127,10120.817,10057.799,10002.921,9956.046,9917.049,9885.823,9862.271,9846.313,9837.881,9836.921,9843.393,9857.270,9878.538,9907.198,9943.263,9986.761,10037.734,10096.238,10162.344,10236.137,10317.717,10407.201,10504.720,10610.423,10724.476,10847.062,10978.382,11118.656,11268.127,11427.053,11595.719,11774.428,11963.512,12163.323,12374.242,12596.678,12831.068,13077.882,13337.621,13610.822,13898.058,14199.945,14517.139,14850.342,15200.303,15567.826,15953.769,16359.053,16784.662,17231.652,17701.155,18194.388,18712.658,19257.371,19830.042,20432.305,21065.926,21732.813,22435.036,23174.839,23954.659,24777.150,25645.197,26561.947,27530.824,28555.551,29640.160,30788.988,32006.645,33297.928,34667.659,36120.374,37659.802,39288.035,41004.291,42803.294,44673.547,46596.385,48547.384,50501.566,52440.834,54357.037,56250.782,58128.558,60000.000,60000.000,60000.000,60000.000,60000.000,60000.000,60000.000,60000.000,60000.000,60000.000,60000.000,60000.000,60000.000,60000.000,60000.000,60000.000,60000.000,60000.000,60000.000,60000.000,60000.000,60000.000,60000.000,60000.000,60000.000,60000.000,60000.000,60000.000,57209.433,54969.411,52880.201,50826.508,48762.835,46669.775,44553.860,42440.093,40358.169,38332.936,36381.076,34511.587,32727.668,31028.672,29411.642,27872.375,26406.103,25007.909,23672.961,22396.638,21174.585,20002.739,18877.324,17794.836,16752.028,15745.884,14773.602,13832.568,12920.342,12034.638,11173.306,10334.323,9515.771,8715.834,7932.781,7164.960,6410.785,5668.733,4937.331,4215.152,3500.809,2792.945,2090.233,1391.365,695.047,0.000
0.000,4564.414,9096.234,13564.505,17941.409,22203.483,26332.477,30315.784,34146.476,37823.033,41348.847,44731.636,47982.828,51117.001,54151.374,57105.344,60000.000,60000.000,60000.000,60000.000,60000.000,60000.000,60000.000,60000.000,60000.000,60000.000,60000.000,60000.000,60000.000,58160.910,56434.022,54808.316,53267.681,51786.043,50330.764,48888.082,47456.088,46037.175,44634.550,43250.971,41888.494,40548.675,39232.899,37942.646,36679.622,35445.749,34243.054,33073.516,31938.919,30840.740,29780.082,28757.651,27773.768,26828.401,25921.217,25051.630,24218.857,23421.960,22659.895,21931.539,21235.726,20571.267,19936.967,19331.643,18754.132,18203.299,17678.044,17177.303,16700.055,16245.318,15812.153,15399.664,15006.997,14633.336,14277.906,13939.972,13618.834,13313.828,13024.326,12749.729,12489.474,12243.024,12009.874,11789.545,11581.584,11385.563,11201.079,11027.751,10865.223,10713.155,10571.232,10439.156,10316.650,10203.451,10099.318,10004.025,9917.362,9839.135,9769.167,9707.294,9653.369,9607.256,9568.837,9538.005,9514.667,9498.747,9490.177,9488.906,9494.896,9508.121,9528.569,9556.243,9591.156,9633.337,9682.829,9739.688,9803.984,9875.805,9955.249,10042.432,10137.486,10240.559,10351.816,10471.437,10599.625,10736.597,10882.593,11037.871,11202.713,11377.422,11562.323,11757.769,11964.138,12181.833,12411.291,12652.975,12907.384,13175.050,13456.541,13752.468,14063.479,14390.271,14733.586,15094.219,15473.017,15870.892,16288.813,16727.823,17189.037,17673.649,18182.943,18718.296,19281.187,19873.208,20496.072,21151.623,21841.852,22568.904,23335.094,24142.920,24995.074,25894.457,26844.179,27847.566,28908.141,30029.596,31215.720,32470.285,33796.851,35198.459,36677.172,38233.440,39865.277,41567.353,43330.284,45140.624,46982.210,48839.137,50699.317,52556.433,54409.871,56263.485,58124.062,60000.000,60000.000,60000.000,60000.000,60000.000,60000.000,60000.000,60000.000,60000.000,60000.000,60000.000,60000.000,60000.000,60000.000,60000.000,60000.000,60000.000,60000.000,60000.000,60000.000,60000.000,60000.000,60000.000,60000.000,60000.000,60000.000,57770.157,55429.155,53240.711,51157.289,49125.096,47111.129,45100.056,43092.528,41100.766,39141.767,37231.700,35382.959,33603.452,31897.104,30264.796,28705.304,27216.060,25793.722,24434.550,23134.670,21890.223,20697.462,19552.804,18452.854,17394.411,16374.471,15390.211,14438.987,13518.312,12625.851,11759.402,10916.890,10096.348,9295.911,8513.805,7748.338,6997.888,6260.900,5535.873,4821.360,4115.954,3418.286,2727.019,2040.842,1358.462,678.604,0.000
0.000,4246.678,8466.723,12634.756,16727.807,20726.274,24614.633,28381.843,32021.497,35531.724,38914.946,42177.543,45329.514,48384.169,51357.899,54270.003,57142.533,60000.000,60000.000,60000.000,60000.000,60000.000,60000.000,60000.000,60000.000,60000.000,60000.000,60000.000,58038.915,56209.646,54495.688,52880.753,51347.009,49873.968,48441.210,47035.864,45652.050,44288.018,42943.938,41620.680,40319.263,39040.716,37786.119,36556.674,35353.750,34178.861,33033.585,31919.471,30837.933,29790.166,28777.090,27799.328,26857.198,25950.734,25079.716,24243.703,23442.077,22674.073,21938.819,21235.361,20562.691,19919.769,19305.538,18718.938,18158.921,17624.454,17114.529,16628.167,16164.418,15722.369,15301.140,14899.888,14517.807,14154.124,13808.103,13479.044,13166.279,12869.171,12587.117,12319.545,12065.909,11825.694,11598.412,11383.599,11180.817,10989.654,10809.717,10640.639,10482.070,10333.685,10195.175,10066.252,9946.645,9836.100,9734.382,9641.271,9556.563,9480.070,9411.618,9351.051,9298.222,9253.002,9215.276,9184.939,9161.903,9146.092,9137.443,9135.906,9141.444,9154.034,9173.666,9200.341,9234.076,9274.900,9322.855,9377.998,9440.401,9510.147,9587.338,9672.087,9764.525,9864.799,9973.072,10089.524,10214.354,10347.778,10490.032,10641.374,10802.080,10972.450,11152.807,11343.499,11544.899,11757.407,11981.451,12217.493,12466.023,12727.567,13002.686,13291.982,13596.096,13915.713,14251.565,14604.434,14975.155,15364.621,15773.787,16203.674,16655.372,17130.050,17628.959,18153.438,18704.923,19284.952,19895.175,20537.362,21213.409,21925.352,22675.368,23465.789,24299.102,25177.954,26105.143,27083.610,28116.403,29206.634,30357.391,31571.614,32851.907,34200.273,35617.750,37103.969,38656.639,40271.097,41940.081,43654.011,45402.024,47173.719,48961.072,50759.659,52568.891,54391.515,56232.793,58099.658,60000.000,60000.000,60000.000,60000.000,60000.000,60000.000,60000.000,60000.000,60000.000,60000.000,60000.000,60000.000,60000.000,60000.000,60000.000,60000.000,60000.000,60000.000,60000.000,60000.000,60000.000,60000.000,60000.000,60000.000,57810.198,55651.489,53496.346,51407.026,49383.198,47405.517,45456.607,43526.879,41615.536,39728.794,37876.568,36069.284,34315.769,32622.331,30992.682,29428.296,27928.914,26493.046,25118.381,23802.112,22541.159,21332.336,20172.450,19058.374,17987.087,16955.693,15961.436,15001.703,14074.015,13176.029,12305.526,11460.403,10638.667,9838.422,9057.865,8295.274,7549.002,6817.469,6099.155,5392.592,4696.362,4009.085,3329.418,2656.048,1987.684,1323.057,660.911,0.000
0.000,3955.577,7889.225,11779.990,15608.788,19359.176,23017.936,26575.461,30025.946,33367.423,36601.670,39734.078,42773.516,45732.264,48626.051,51474.235,54300.131,57131.368,60000.000,60000.000,60000.000,60000.000,60000.000,60000.000,60000.000,60000.000,60000.000,57889.628,55946.039,54143.110,52458.388,50872.071,49365.725,47921.725,46524.382,45162.279,43828.426,42519.131,41232.763,39968.840,38727.490,37509.175,36314.592,35144.628,34000.336,32882.892,31793.532,30733.473,29703.844,28705.611,27739.543,26806.175,25905.808,25038.511,24204.141,23402.365,22632.692,21894.496,21187.047,20509.534,19861.088,19240.798,18647.730,18080.941,17539.486,17022.429,16528.849,16057.847,15608.545,15180.095,14771.676,14382.499,14011.805,13658.865,13322.984,13003.495,12699.763,12411.183,12137.177,11877.197,11630.720,11397.252,11176.322,10967.485,10770.319,10584.424,10409.423,10244.960,10090.697,9946.320,9811.529,9686.045,9569.606,9461.966,9362.897,9272.185,9189.634,9115.060,9048.296,8989.188,8937.596,8893.395,8856.473,8826.730,8804.079,8788.447,8779.775,8778.014,8783.130,8795.101,8813.917,8839.581,8872.111,8911.536,8957.900,9011.258,9071.680,9139.252,9214.072,9296.254,9385.927,9483.235,9588.340,9701.419,9822.668,9952.301,10090.550,10237.669,10393.930,10559.629,10735.084,10920.636,11116.654,11323.532,11541.691,11771.583,12013.693,12268.536,12536.665,12818.670,13115.181,13426.870,13754.455,14098.702,14460.428,14840.507,15239.871,15659.515,16100.501,16563.964,17051.116,17563.254,18101.760,18668.111,19263.888,19890.773,20550.564,21245.176,21976.644,22747.127,23558.906,24414.378,25316.045,26266.489,27268.335,28324.196,29436.586,30607.800,31839.756,33133.775,34490.322,35908.710,37386.810,38920.846,40505.394,42133.713,43798.492,45492.920,47211.816,48952.415,50714.648,52500.983,54315.995,56165.862,58057.873,60000.000,60000.000,60000.000,60000.000,60000.000,60000.000,60000.000,60000.000,60000.000,60000.000,60000.000,60000.000,60000.000,60000.000,60000.000,60000.000,60000.000,60000.000,60000.000,60000.000,60000.000,60000.000,57705.480,55589.316,53529.275,51497.743,49507.889,47563.009,45657.231,43782.976,41935.406,40114.044,38322.418,36566.555,34853.239,33188.650,31577.580,30023.167,28526.968,27089.195,25709.016,24384.839,23114.553,21895.719,20725.712,19601.828,18521.356,17481.623,16480.030,15514.070,14581.334,13679.522,12806.438,11959.988,11138.178,10339.105,9560.953,8801.989,8060.551,7335.044,6623.938,5925.754,5239.064,4562.485,3894.671,3234.307,2580.111,1930.819,1285.188,641.989,0.000
0.000,3686.403,7354.611,10987.191,14568.181,18083.708,21522.476,24876.117,28139.405,31310.352,34390.234,37383.583,40298.210,43145.323,45939.806,48700.758,51452.388,54225.342,57058.403,60000.000,60000.000,60000.000,60000.000,60000.000,60000.000,60000.000,57693.377,55612.495,53712.536,51958.417,50322.746,48783.500,47322.198,45922.945,44572.458,43260.616,41980.441,40727.544,39499.399,38294.719,37113.005,35954.264,34818.846,33707.348,32620.550,31559.358,30524.736,29517.649,28538.999,27589.577,26670.020,25780.790,24922.159,24094.214,23296.864,22529.859,21792.803,21085.185,20406.391,19755.732,19132.455,18535.767,17964.845,17418.846,16896.923,16398.230,15921.929,15467.194,15033.220,14619.219,14224.431,13848.117,13489.566,13148.094,12823.045,12513.788,12219.722,11940.271,11674.886,11423.043,11184.243,10958.014,10743.904,10541.486,10350.354,10170.125,10000.435,9840.941,9691.319,9551.265,9420.489,9298.722,9185.711,9081.219,8985.026,8896.924,8816.724,8744.249,8679.337,8621.839,8571.620,8528.560,8492.550,8463.494,8441.308,8425.924,8417.283,8415.339,8420.059,8431.423,8449.424,8474.064,8505.362,8543.348,8588.063,8639.565,8697.924,8763.222,8835.556,8915.040,9001.799,9095.977,9197.731,9307.236,9424.685,9550.288,9684.272,9826.886,9978.399,10139.098,10309.298,10489.333,10679.563,10880.376,11092.183,11315.428,11550.585,11798.159,12058.691,12332.757,12620.974,12923.997,13242.527,13577.312,13929.147,14298.883,14687.424,15095.735,15524.846,15975.852,16449.924,16948.304,17472.320,18023.382,18602.990,19212.740,19854.323,20529.528,21240.247,21988.467,22776.269,23605.813,24479.326,25399.071,26367.306,27386.228,28457.898,29584.131,30766.368,32005.514,33301.757,34654.382,36061.624,37520.599,39027.390,40577.354,42165.650,43787.939,45441.092,47123.726,48836.453,50581.882,52364.418,54189.972,56065.651,57999.456,60000.000,60000.000,60000.000,60000.000,60000.000,60000.000,60000.000,60000.000,60000.000,60000.000,60000.000,60000.000,60000.000,60000.000,60000.000,60000.000,60000.000,60000.000,60000.000,58328.104,57046.030,55232.616,53312.327,51378.575,49457.495,47563.820,45703.771,43877.482,42082.734,40317.808,38582.912,36880.387,35214.112,33588.596,32008.151,30476.319,28995.597,27567.378,26192.051,24869.160,23597.586,22375.726,21201.636,20073.150,18987.981,17943.783,16938.203,15968.917,15033.656,14130.216,13256.471,12410.376,11589.969,10793.366,10018.764,9264.434,8528.715,7810.014,7106.797,6417.585,5740.949,5075.507,4419.915,3772.864,3133.079,2499.307,1870.320,1244.904,621.862,0.000
0.000,3435.424,6855.626,10245.982,13593.038,16884.999,20112.143,23267.129,26345.207,29344.349,32265.334,35111.812,37890.421,40611.015,43287.093,45936.604,48583.323,51259.209,54008.273,56892.587,60000.000,60000.000,60000.000,60000.000,60000.000,57413.622,55161.033,53154.468,51333.238,49655.332,48090.751,46617.073,45216.730,43875.527,42582.041,41327.459,40105.378,38911.431,37742.827,36597.920,35475.869,34376.385,33299.568,32245.792,31215.622,30209.753,29228.944,28273.964,27345.545,26444.335,25570.869,24725.541,23908.599,23120.136,22360.098,21628.294,20924.408,20248.016,19598.605,18975.586,18378.310,17806.083,17258.180,16733.853,16232.342,15752.883,15294.716,14857.088,14439.256,14040.498,13660.105,13297.393,12951.697,12622.376,12308.814,12010.418,11726.617,11456.869,11200.651,10957.466,10726.840,10508.322,10301.479,10105.905,9921.211,9747.030,9583.012,9428.830,9284.171,9148.742,9022.266,8904.485,8795.154,8694.045,8600.946,8515.657,8437.997,8367.794,8304.893,8249.150,8200.436,8158.635,8123.640,8095.362,8073.720,8058.646,8050.087,8047.998,8052.348,8063.119,8080.302,8103.904,8133.943,8170.447,8213.460,8263.037,8319.248,8382.173,8451.908,8528.564,8612.265,8703.150,8801.375,8907.110,9020.543,9141.880,9271.345,9409.178,9555.643,9711.023,9875.622,10049.768,10233.813,10428.134,10633.133,10849.244,11076.927,11316.676,11569.017,11834.512,12113.758,12407.396,12716.104,13040.609,13381.682,13740.144,14116.873,14512.797,14928.909,15366.263,15825.978,16309.245,16817.328,17351.566,17913.378,18504.266,19125.812,19779.683,20467.624,21191.460,21953.079,22754.425,23597.475,24484.214,25416.589,26396.464,27425.545,28505.301,29636.859,30820.889,32057.483,33346.055,34685.267,36073.037,37506.660,38983.054,40499.153,42052.383,43641.134,45265.142,46925.717,48625.801,50369.916,52164.022,54015.343,55932.193,57923.780,60000.000,60000.000,60000.000,60000.000,60000.000,60000.000,60000.000,60000.000,60000.000,60000.000,60000.000,60000.000,60000.000,60000.000,60000.000,60000.000,60000.000,58044.561,56266.389,54623.411,52866.641,51048.823,49215.230,47389.878,45586.166,43810.825,42066.252,40352.743,38670.262,37019.500,35402.209,33821.021,32279.004,30779.168,29324.088,27915.668,26555.050,25242.631,23978.149,22760.787,21589.300,20462.118,19377.446,18333.338,17327.765,16358.659,15423.949,14521.586,13649.564,12805.927,11988.780,11196.291,10426.694,9678.287,8949.429,8238.543,7544.105,6864.647,6198.749,5545.037,4902.176,4268.868,3643.849,3025.882,2413.755,1806.274,1202.264,600.558,0.000
0.000,3199.668,6386.485,9548.076,12672.990,15751.107,18773.970,21735.051,24629.945,27456.506,30214.942,32907.911,35540.651,38121.223,40660.951,43175.244,45685.095,48219.900,50822.894,53562.077,56552.599,60000.000,60000.000,60000.000,56961.442,54493.473,52382.690,50511.146,48810.664,47238.985,45767.932,44377.406,43052.234,41780.525,40552.872,39361.975,38202.382,37070.203,35962.811,34878.549,33816.478,32776.184,31757.628,30761.040,29786.841,28835.571,27907.840,27004.273,26125.473,25271.979,24444.244,23642.611,22867.301,22118.411,21395.913,20699.662,20029.403,19384.788,18765.384,18170.688,17600.139,17053.133,16529.030,16027.166,15546.861,15087.429,14648.180,14228.427,13827.492,13444.710,13079.426,12731.007,12398.833,12082.306,11780.849,11493.905,11220.939,10961.436,10714.906,10480.875,10258.896,10048.538,9849.392,9661.069,9483.199,9315.431,9157.433,9008.889,8869.502,8738.991,8617.091,8503.553,8398.143,8300.643,8210.849,8128.570,8053.631,7985.867,7925.130,7871.282,7824.199,7783.768,7749.890,7722.476,7701.452,7686.751,7678.322,7676.124,7680.128,7690.315,7706.680,7729.229,7757.980,7792.962,7834.218,7881.802,7935.782,7996.237,8063.262,8136.964,8217.464,8304.899,8399.418,8501.190,8610.397,8727.240,8851.934,8984.718,9125.845,9275.591,9434.252,9602.147,9779.619,9967.032,10164.779,10373.280,10592.982,10824.364,11067.937,11324.243,11593.864,11877.417,12175.559,12488.991,12818.457,13164.750,13528.710,13911.232,14313.266,14735.819,15179.961,15646.822,16137.601,16653.564,17196.047,17766.454,18366.262,18997.014,19660.318,20357.839,21091.291,21862.418,22672.979,23524.718,24419.324,25358.394,26343.370,27375.472,28455.630,29584.396,30761.877,31987.680,33260.888,34580.110,35943.593,37349.432,38795.863,40281.598,41806.167,43370.202,44975.641,46625.826,48325.532,50080.936,51899.563,53790.226,55762.945,57828.850,60000.000,60000.000,60000.000,60000.000,60000.000,60000.000,60000.000,60000.000,60000.000,60000.000,60000.000,60000.000,60000.000,60000.000,60000.000,57884.652,55911.860,54069.490,52314.596,50561.731,48801.118,47043.672,45300.655,43580.186,41887.161,40224.019,38591.791,36991.076,35422.705,33888.023,32388.866,30927.343,29505.550,28125.327,26788.074,25494.663,24245.422,23040.167,21878.269,20758.727,19680.252,18641.337,17640.320,16675.440,15744.878,14846.789,13979.331,13140.678,12329.040,11542.668,10779.860,10038.965,9318.384,8616.572,7932.032,7263.319,6609.033,5967.816,5338.352,4719.360,4109.594,3507.834,2912.889,2323.590,1738.783,1157.332,578.111,0.000
0.000,2976.763,5942.572,8886.845,11799.741,14672.472,17497.580,20269.161,22983.018,25636.789,28230.020,30764.241,33243.052,35672.278,38060.249,40418.329,42761.918,45112.407,47501.328,49980.232,52648.321,55744.134,60000.000,56023.640,53352.310,51216.158,49365.142,47696.803,46159.344,44722.079,43364.667,42072.484,40834.392,39641.601,38487.100,37365.365,36272.171,35204.411,34159.915,33137.262,32135.616,31154.579,30194.084,29254.299,28335.560,27438.315,26563.069,25710.348,24880.660,24074.465,23292.154,22534.028,21800.289,21091.034,20406.255,19745.844,19109.597,18497.225,17908.364,17342.583,16799.399,16278.284,15778.675,15299.984,14841.604,14402.916,13983.299,13582.128,13198.784,12832.657,12483.145,12149.661,11831.632,11528.500,11239.729,10964.796,10703.200,10454.458,10218.107,9993.702,9780.818,9579.048,9388.007,9207.323,9036.646,8875.642,8723.995,8581.403,8447.584,8322.271,8205.209,8096.161,7994.905,7901.231,7814.944,7735.862,7663.817,7598.653,7540.227,7488.407,7443.075,7404.124,7371.457,7344.992,7324.655,7310.385,7302.134,7299.861,7303.539,7313.153,7328.697,7350.177,7377.613,7411.032,7450.477,7496.001,7547.670,7605.562,7669.768,7740.392,7817.552,7901.381,7992.025,8089.646,8194.422,8306.546,8426.229,8553.700,8689.205,8833.012,8985.408,9146.701,9317.222,9497.324,9687.387,9887.817,10099.046,10321.537,10555.781,10802.304,11061.664,11334.456,11621.313,11922.908,12239.955,12573.213,12923.489,13291.635,13678.559,14085.218,14512.626,14961.855,15434.036,15930.359,16452.074,17000.493,17576.985,18182.976,18819.940,19489.397,20192.896,20932.006,21708.294,22523.297,23378.495,24275.274,25214.875,26198.350,27226.505,28299.852,29418.566,30582.465,31791.014,33043.392,34338.591,35675.596,37053.602,38472.270,39931.982,41434.071,42980.997,44576.477,46225.567,47934.716,49711.816,51566.249,53508.952,55552.469,57710.948,60000.000,60000.000,60000.000,60000.000,60000.000,60000.000,60000.000,60000.000,60000.000,60000.000,60000.000,60000.000,60000.000,57739.210,55626.750,53648.745,51785.126,50003.766,48264.589,46550.270,44857.714,43188.923,41546.804,39933.666,38350.930,36799.391,35279.621,33792.302,32338.402,30919.177,29536.056,28190.477,26883.716,25616.763,24390.237,23204.362,22058.971,20953.538,19887.234,18858.975,17867.478,16911.314,15988.946,15098.771,14239.146,13408.412,12604.918,11827.025,11073.125,10341.642,9631.042,8939.829,8266.551,7609.799,6968.204,6340.439,5725.213,5121.269,4527.386,3942.370,3365.053,2794.292,2228.963,1667.959,1110.185,554.558,0.000
0.000,2764.815,5520.193,8256.994,10966.658,13641.459,16274.721,18860.994,21396.181,23877.614,26304.111,28675.983,30995.042,33264.593,35489.442,37675.911,39831.844,41966.488,44089.784,46209.206,48316.324,50328.220,51819.762,50742.262,49208.022,47653.739,46164.953,44751.629,43407.889,42125.393,40896.259,39713.573,38571.367,37464.522,36388.715,35340.389,34316.721,33315.575,32335.419,31375.239,30434.440,29512.757,28610.182,27726.892,26863.199,26019.501,25196.247,24393.895,23612.891,22853.639,22116.483,21401.695,20709.462,20039.882,19392.965,18768.629,18166.714,17586.981,17029.123,16492.772,15977.511,15482.880,15008.383,14553.500,14117.690,13700.398,13301.063,12919.119,12554.004,12205.158,11872.030,11554.078,11250.773,10961.600,10686.057,10423.659,10173.937,9936.439,9710.732,9496.396,9293.033,9100.259,8917.709,8745.033,8581.899,8427.992,8283.010,8146.670,8018.703,7898.853,7786.880,7682.560,7585.678,7496.037,7413.450,7337.745,7268.761,7206.350,7150.375,7100.711,7057.245,7019.876,6988.512,6963.074,6943.492,6929.710,6921.679,6919.363,6922.737,6931.786,6946.505,6966.902,6992.994,7024.811,7062.392,7105.791,7155.070,7210.306,7271.586,7339.012,7412.698,7492.772,7579.375,7672.663,7772.809,7879.998,7994.434,8116.338,8245.949,8383.522,8529.335,8683.685,8846.890,9019.291,9201.253,9393.167,9595.448,9808.541,10032.917,10269.081,10517.570,10778.952,11053.833,11342.857,11646.706,11966.105,12301.819,12654.662,13025.492,13415.218,13824.796,14255.237,14707.602,15183.004,15682.612,16207.642,16759.360,17339.080,17948.152,18587.957,19259.899,19965.389,20705.824,21482.571,22296.937,23150.140,24043.273,24977.268,25952.864,26970.572,28030.658,29133.138,30277.808,31464.303,32692.191,33961.123,35271.002,36622.181,38015.670,39453.317,40937.981,42473.670,44065.667,45720.647,47446.812,49254.058,51154.186,53161.152,55291.335,57563.749,60000.000,60000.000,60000.000,60000.000,60000.000,60000.000,60000.000,60000.000,60000.000,60000.000,60000.000,57578.514,55330.095,53234.401,51271.254,49418.518,47650.770,45942.609,44277.686,42648.022,41050.554,39484.486,37949.817,36446.700,34975.287,33535.785,32128.558,30754.191,29413.474,28107.327,26836.691,25602.410,24405.141,23245.283,22122.946,21037.944,19989.811,18977.831,18001.071,17058.425,16148.650,15270.399,14422.252,13602.745,12810.389,12043.685,11301.143,10581.286,9882.661,9203.846,8543.447,7900.108,7272.505,6659.350,6059.390,5471.402,4894.195,4326.606,3767.500,3215.762,2670.300,2130.041,1593.924,1060.903,529.939,0.000
0.000,2562.304,5116.392,7654.281,10168.440,12651.986,15098.852,17503.919,19863.098,22173.380,24432.830,26640.543,28796.543,30901.613,32957.019,34964.033,36923.064,38831.923,40682.122,42450.492,44079.559,45432.670,46208.580,45917.645,45083.801,44025.855,42889.346,41736.920,40595.254,39475.420,38381.489,37314.285,36273.098,35256.539,34263.003,33290.925,32338.943,31405.961,30491.184,29594.095,28714.431,27852.139,27007.332,26180.253,25371.234,24580.668,23808.974,23056.577,22323.882,21611.257,20919.016,20247.410,19596.615,18966.732,18357.785,17769.718,17202.404,16655.646,16129.186,15622.713,15135.864,14668.239,14219.403,13788.896,13376.236,12980.927,12602.464,12240.337,11894.034,11563.044,11246.864,10944.997,10656.955,10382.262,10120.454,9871.080,9633.704,9407.906,9193.278,8989.431,8795.989,8612.594,8438.900,8274.581,8119.323,7972.827,7834.811,7705.007,7583.159,7469.026,7362.382,7263.012,7170.716,7085.305,7006.602,6934.445,6868.680,6809.167,6755.777,6708.390,6666.901,6631.212,6601.237,6576.901,6558.139,6544.896,6537.127,6534.799,6537.887,6546.378,6560.268,6579.566,6604.287,6634.462,6670.129,6711.338,6758.151,6810.641,6868.894,6933.007,7003.088,7079.262,7161.664,7250.444,7345.767,7447.812,7556.776,7672.869,7796.319,7927.374,8066.299,8213.378,8368.917,8533.241,8706.702,8889.672,9082.548,9285.756,9499.747,9725.002,9962.033,10211.383,10473.628,10749.381,11039.289,11344.041,11664.362,12001.020,12354.827,12726.638,13117.353,13527.919,13959.326,14412.615,14888.868,15389.213,15914.817,16466.884,17046.648,17655.365,18294.306,18964.740,19667.921,20405.067,21177.344,21985.838,22831.528,23715.266,24637.750,25599.513,26600.909,27642.135,28723.251,29844.251,31005.139,32206.056,33447.415,34730.063,36055.444,37425.758,38844.121,40314.710,41842.913,43435.496,45100.810,46849.051,48692.632,50646.649,52729.511,54963.670,57376.368,60000.000,60000.000,60000.000,60000.000,60000.000,60000.000,60000.000,60000.000,60000.000,57384.011,54983.964,52768.259,50709.514,48783.363,46966.933,45238.206,43577.414,41969.869,40406.164,38880.822,37390.812,35934.463,34510.819,33119.333,31759.741,30432.029,29136.410,27873.287,26643.180,25446.646,24284.196,23156.217,22062.922,21004.312,19980.169,18990.055,18033.331,17109.179,16216.629,15354.590,14521.873,13717.219,12939.320,12186.836,11458.413,10752.694,10068.328,9403.981,8758.338,8130.106,7518.023,6920.852,6337.386,5766.446,5206.881,4657.566,4117.402,3585.310,3060.236,2541.141,2027.003,1516.814,1009.576,504.299,0.000
0.000,2368.008,4728.790,7075.300,9400.837,11699.194,13964.785,16192.732,18378.915,20519.980,22613.289,24656.819,26648.978,28588.303,30472.994,32300.146,34064.465,35756.025,37356.297,38831.090,40118.764,41114.333,41664.263,41635.959,41183.711,40476.571,39629.702,38711.504,37760.853,36799.619,35840.083,34889.082,33950.316,33025.667,32115.979,31221.535,30342.349,29478.350,28629.487,27795.776,26977.324,26174.332,25387.077,24615.901,23861.191,23123.362,22402.832,21700.012,21015.287,20349.003,19701.455,19072.880,18463.452,17873.273,17302.378,16750.735,16218.245,15704.748,15210.029,14733.820,14275.810,13835.652,13412.964,13007.339,12618.350,12245.555,11888.499,11546.723,11219.764,10907.158,10608.445,10323.171,10050.889,9791.161,9543.558,9307.664,9083.075,8869.400,8666.261,8473.295,8290.150,8116.493,7952.001,7796.367,7649.297,7510.511,7379.744,7256.742,7141.267,7033.092,6932.002,6837.796,6750.285,6669.290,6594.646,6526.198,6463.802,6407.326,6356.647,6311.654,6272.244,6238.328,6209.825,6186.662,6168.779,6156.125,6148.657,6146.344,6149.163,6157.103,6170.160,6188.342,6211.667,6240.161,6273.864,6312.822,6357.096,6406.755,6461.882,6522.569,6588.920,6661.055,6739.102,6823.205,6913.522,7010.224,7113.497,7223.543,7340.581,7464.845,7596.589,7736.083,7883.619,8039.509,8204.084,8377.700,8560.735,8753.594,8956.706,9170.527,9395.543,9632.267,9881.248,10143.064,10418.327,10707.687,11011.826,11331.469,11667.377,12020.351,12391.234,12780.907,13190.295,13620.360,14072.106,14546.570,15044.827,15567.976,16117.145,16693.474,17298.111,17932.202,18596.873,19293.220,20022.288,20785.054,21582.414,22415.157,23283.961,24189.382,25131.857,26111.726,27129.260,28184.720,29278.432,30410.884,31582.843,32795.484,34050.522,35350.358,36698.216,38098.291,39555.909,41077.726,42671.967,44348.777,46120.695,48003.344,50016.417,52185.068,54541.810,57128.827,60000.000,60000.000,60000.000,60000.000,60000.000,60000.000,60000.000,57132.590,54552.082,52205.079,50049.470,48052.042,46185.764,44427.661,42757.726,41158.994,39618.239,38125.974,36675.794,35263.519,33886.449,32542.834,31231.543,29951.880,28703.474,27486.210,26300.165,25145.545,24022.610,22931.606,21872.710,20845.978,19851.319,18888.476,17957.023,17056.376,16185.801,15344.441,14531.325,13745.402,12985.548,12250.594,11539.335,10850.547,10182.999,9535.457,8906.699,8295.515,7700.710,7121.114,6555.577,6002.972,5462.198,4932.175,4411.846,3900.176,3396.150,2898.770,2407.057,1920.042,1436.771,956.298,477.685,0.000
0.000,2180.938,4355.462,6517.294,8660.414,10779.169,12868.364,14923.312,16939.855,18914.338,20843.530,22724.472,24554.252,26329.632,28046.513,29699.100,31278.631,32771.425,34155.963,35398.820,36450.088,37241.654,37698.200,37778.245,37538.544,37067.054,36441.434,35718.599,34937.100,34122.195,33290.230,32451.744,31613.531,30779.963,29953.858,29137.047,28330.746,27535.803,26752.856,25982.435,25225.019,24481.070,23751.047,23035.411,22334.623,21649.134,20979.383,20325.781,19688.706,19068.494,18465.428,17879.740,17311.599,16761.114,16228.332,15713.238,15215.759,14735.764,14273.076,13827.468,13398.671,12986.385,12590.275,12209.983,11845.132,11495.326,11160.160,10839.221,10532.090,10238.348,9957.578,9689.365,9433.301,9188.985,8956.022,8734.030,8522.637,8321.480,8130.211,7948.491,7775.996,7612.414,7457.446,7310.805,7172.217,7041.421,6918.168,6802.222,6693.358,6591.366,6496.043,6407.202,6324.663,6248.261,6177.840,6113.254,6054.369,6001.060,5953.211,5910.719,5873.488,5841.433,5814.478,5792.555,5775.608,5763.589,5756.458,5754.186,5756.753,5764.147,5776.366,5793.418,5815.319,5842.096,5873.786,5910.435,5952.099,5998.845,6050.751,6107.905,6170.408,6238.370,6311.916,6391.181,6476.316,6567.483,6664.858,6768.634,6879.017,6996.230,7120.514,7252.125,7391.339,7538.450,7693.774,7857.647,8030.427,8212.496,8404.259,8606.148,8818.619,9042.158,9277.281,9524.530,9784.483,10057.748,10344.966,10646.812,10963.999,11297.274,11647.420,12015.255,12401.636,12807.452,13233.625,13681.111,14150.892,14643.972,15161.375,15704.136,16273.296,16869.885,17494.921,18149.389,18834.235,19550.348,20298.550,21079.587,21894.120,22742.725,23625.906,24544.111,25497.766,26487.326,27513.339,28576.527,29677.881,30818.766,32001.034,33227.140,34500.272,35824.480,37204.840,38647.640,40160.647,41753.469,43438.086,45229.661,47147.778,49218.398,51476.991,53973.507,56779.949,60000.000,60000.000,60000.000,60000.000,60000.000,56781.599,53978.280,51486.652,49234.806,47172.508,45263.431,43480.002,41800.238,40206.060,38682.619,37218.145,35803.729,34432.895,33101.059,31805.023,30542.571,29312.180,28112.822,26943.842,25804.858,24695.694,23616.306,22566.726,21546.997,20557.131,19597.058,18666.610,17765.493,16893.289,16049.453,15233.318,14444.114,13680.978,12942.969,12229.085,11538.279,10869.467,10221.545,9593.396,8983.900,8391.938,7816.401,7256.191,6710.228,6177.445,5656.800,5147.265,4647.834,4157.521,3675.355,3200.385,2731.675,2268.303,1809.360,1353.945,901.169,450.147,0.000
0.000,2000.281,3994.828,5978.002,7944.356,9888.707,11806.192,13692.298,15542.857,17353.993,19122.023,20843.293,22513.929,24129.467,25684.335,27171.119,28579.542,29895.090,31097.323,32158.155,33041.128,33704.016,34108.660,34240.305,34125.201,33811.708,33350.427,32784.412,32146.819,31461.907,30746.982,30014.232,29272.212,28526.920,27782.582,27042.205,26307.958,25581.448,24863.907,24156.316,23459.493,22774.149,22100.918,21440.384,20793.086,20159.525,19540.164,18935.426,18345.690,17771.287,17212.498,16669.550,16142.613,15631.801,15137.170,14658.723,14196.406,13750.119,13319.711,12904.994,12505.736,12121.677,11752.526,11397.969,11057.671,10731.282,10418.440,10118.775,9831.912,9557.472,9295.078,9044.353,8804.927,8576.433,8358.511,8150.812,7952.992,7764.720,7585.672,7415.540,7254.021,7100.829,6955.685,6818.324,6688.492,6565.947,6450.456,6341.802,6239.774,6144.176,6054.820,5971.531,5894.142,5822.498,5756.454,5695.874,5640.632,5590.612,5545.706,5505.817,5470.857,5440.745,5415.409,5394.790,5378.832,5367.491,5360.731,5358.524,5360.852,5367.705,5379.080,5394.986,5415.439,5440.465,5470.096,5504.379,5543.366,5587.120,5635.716,5689.236,5747.775,5811.439,5880.344,5954.619,6034.405,6119.855,6211.136,6308.429,6411.928,6521.844,6638.404,6761.848,6892.436,7030.446,7176.174,7329.936,7492.069,7662.930,7842.902,8032.387,8231.815,8441.642,8662.347,8894.440,9138.459,9394.970,9664.572,9947.894,10245.594,10558.367,10886.936,11232.058,11594.520,11975.140,12374.765,12794.266,13234.540,13696.500,14181.076,14689.204,15221.825,15779.868,16364.251,16975.866,17615.570,18284.175,18982.444,19711.081,20470.732,21261.987,22085.393,22941.475,23830.764,24753.845,25711.406,26704.309,27733.663,28800.914,29907.928,31057.093,32251.423,33494.670,34791.458,36147.457,37569.606,39066.441,40648.582,42329.487,44126.672,46063.784,48174.268,50508.271,53146.293,56226.897,60000.000,60000.000,60000.000,56227.447,53148.119,50512.283,48181.448,46074.990,44142.332,42349.186,40670.586,39087.245,37583.678,36147.300,34768.017,33437.932,32151.033,30902.837,29690.055,28510.295,27361.833,26243.443,25154.274,24093.752,23061.514,22057.333,21081.067,20132.609,19211.842,18318.602,17452.658,16613.692,15801.285,15014.925,14254.002,13517.819,12805.602,12116.509,11449.644,10804.066,10178.804,9572.863,8985.232,8414.896,7860.837,7322.041,6797.505,6286.233,5787.247,5299.582,4822.288,4354.432,3895.098,3443.382,2998.399,2559.275,2125.149,1695.170,1268.497,844.295,421.738,0.000
0.000,1825.360,3645.566,5455.531,7250.303,9025.111,10775.399,12496.836,14185.286,15836.756,17447.279,19012.754,20528.711,21989.977,23390.247,24721.508,25973.336,27132.082,28180.096,29095.364,29852.271,30424.643,30792.144,30949.144,30910.282,30704.189,30364.203,29921.861,29403.918,28831.708,28221.640,27586.087,26934.271,26273.041,25607.479,24941.379,24277.594,23618.304,22965.203,22319.642,21682.720,21055.363,20438.362,19832.411,19238.122,18656.046,18086.674,17530.443,16987.736,16458.885,15944.168,15443.812,14957.988,14486.814,14030.356,13588.629,13161.600,12749.189,12351.276,11967.699,11598.264,11242.744,10900.888,10572.419,10257.044,9954.453,9664.325,9386.329,9120.130,8865.388,8621.763,8388.917,8166.511,7954.215,7751.702,7558.653,7374.754,7199.703,7033.204,6874.972,6724.733,6582.220,6447.179,6319.365,6198.544,6084.492,5976.996,5875.852,5780.868,5691.862,5608.659,5531.097,5459.022,5392.290,5330.767,5274.326,5222.852,5176.235,5134.377,5097.187,5064.582,5036.489,5012.842,4993.583,4978.663,4968.041,4961.683,4959.563,4961.666,4967.981,4978.508,4993.254,5012.235,5035.474,5063.004,5094.867,5131.113,5171.802,5217.002,5266.792,5321.261,5380.507,5444.640,5513.780,5588.060,5667.622,5752.623,5843.233,5939.633,6042.020,6150.606,6265.616,6387.294,6515.898,6651.705,6795.010,6946.127,7105.391,7273.155,7449.797,7635.716,7831.335,8037.100,8253.485,8480.988,8720.134,8971.476,9235.594,9513.099,9804.627,10110.844,10432.445,10770.151,11124.708,11496.889,11887.488,12297.317,12727.205,13177.992,13650.524,14145.647,14664.201,15207.013,15774.890,16368.609,16988.917,17636.518,18312.081,19016.229,19749.556,20512.634,21306.031,22130.342,22986.226,23874.445,24795.925,25751.811,26743.533,27772.880,28842.069,29953.823,31111.462,32318.992,33581.232,34903.969,36294.184,37760.378,39313.082,40965.682,42735.830,44648.047,46739.032,49070.066,51761.300,55104.801,60000.000,55104.854,51761.671,49071.152,46741.290,44651.872,42741.383,40972.654,39320.408,37765.925,36294.494,34894.124,33554.909,32268.716,31028.978,29830.497,28669.236,27542.105,26446.764,25381.461,24344.894,23336.111,22354.424,21399.341,20470.512,19567.672,18690.606,17839.102,17012.931,16211.815,15435.415,14683.322,13955.049,13250.036,12567.649,11907.193,11267.912,10649.004,10049.627,9468.909,8905.956,8359.858,7829.697,7314.550,6813.498,6325.624,5850.021,5385.793,4932.053,4487.929,4052.560,3625.102,3204.718,2790.590,2381.908,1977.873,1577.694,1180.590,785.786,392.512,0.000
0.000,1655.594,3306.545,4948.255,6576.216,8186.037,9773.462,11334.361,12864.699,14360.469,15817.586,17231.739,18598.188,19911.490,21165.174,22351.339,23460.225,24479.816,25395.627,26190.950,26847.966,27350.164,27686.154,27853.876,27862.628,27730.603,27480.380,27134.965,26715.348,26239.435,25721.865,25174.293,24605.847,24023.606,23433.041,22838.376,22242.889,21649.137,21059.144,20474.525,19896.599,19326.455,18765.008,18213.042,17671.234,17140.172,16620.371,16112.281,15616.292,15132.734,14661.885,14203.970,13759.160,13327.579,12909.299,12504.347,12112.705,11734.313,11369.074,11016.853,10677.485,10350.777,10036.509,9734.442,9444.318,9165.865,8898.798,8642.824,8397.646,8162.959,7938.459,7723.842,7518.806,7323.050,7136.280,6958.207,6788.548,6627.026,6473.373,6327.332,6188.649,6057.083,5932.402,5814.381,5702.806,5597.472,5498.183,5404.754,5317.006,5234.773,5157.895,5086.223,5019.615,4957.938,4901.069,4848.892,4801.299,4758.192,4719.478,4685.075,4654.905,4628.903,4607.006,4589.162,4575.325,4565.459,4559.531,4557.519,4559.408,4565.190,4574.862,4588.434,4605.919,4627.340,4652.728,4682.121,4715.567,4753.121,4794.846,4840.816,4891.113,4945.830,5005.068,5068.938,5137.564,5211.078,5289.626,5373.365,5462.465,5557.106,5657.486,5763.813,5876.314,5995.228,6120.811,6253.336,6393.095,6540.395,6695.566,6858.955,7030.931,7211.883,7402.223,7602.388,7812.836,8034.050,8266.536,8510.828,8767.482,9037.083,9320.238,9617.579,9929.761,10257.465,10601.389,10962.251,11340.786,11737.740,12153.869,12589.934,13046.696,13524.910,14025.320,14548.654,15095.618,15666.895,16263.137,16884.972,17532.998,18207.800,18909.953,19640.043,20398.693,21186.589,22004.516,22853.403,23734.365,24648.748,25598.189,26584.654,27610.497,28678.501,29791.936,30954.613,32170.944,33446.024,34785.726,36196.833,37687.185,39265.840,40943.085,42729.761,44633.650,46643.446,48657.909,50160.403,48657.750,46643.234,44633.534,42729.859,40943.376,39266.023,37686.505,36193.877,34778.226,33430.699,32143.432,30909.516,29722.984,28578.793,27472.771,26401.538,25362.400,24353.236,23372.396,22418.610,21490.905,20588.546,19710.974,18857.762,18028.570,17223.106,16441.102,15682.278,14946.330,14232.910,13541.617,12871.994,12223.524,11595.632,10987.690,10399.023,9828.914,9276.609,8741.328,8222.272,7718.624,7229.557,6754.241,6291.844,5841.537,5402.497,4973.908,4554.963,4144.864,3742.825,3348.071,2959.837,2577.368,2199.922,1826.762,1457.160,1090.396,725.755,362.525,0.000
0.000,1490.472,2976.765,4454.729,5920.269,7369.361,8798.052,10202.451,11578.684,12922.838,14230.860,15498.435,16720.817,17892.629,19007.628,20058.456,21036.418,21931.342,22731.661,23424.860,23998.497,24441.912,24748.459,24917.605,24955.783,24875.255,24691.796,24422.322,24083.133,23688.886,23252.167,22783.460,22291.312,21782.602,21262.819,20736.326,20206.589,19676.369,19147.877,18622.901,18102.896,17589.063,17082.404,16583.764,16093.863,15613.317,15142.657,14682.339,14232.752,13794.229,13367.042,12951.413,12547.515,12155.472,11775.362,11407.221,11051.044,10706.787,10374.374,10053.692,9744.604,9446.943,9160.521,8885.130,8620.547,8366.531,8122.835,7889.199,7665.359,7451.047,7245.992,7049.923,6862.569,6683.662,6512.938,6350.138,6195.006,6047.294,5906.761,5773.172,5646.300,5525.926,5411.838,5303.835,5201.721,5105.310,5014.425,4928.896,4848.562,4773.270,4702.876,4637.242,4576.241,4519.751,4467.659,4419.859,4376.255,4336.754,4301.273,4269.738,4242.077,4218.230,4198.140,4181.761,4169.050,4159.973,4154.501,4152.616,4154.302,4159.551,4168.365,4180.749,4196.717,4216.291,4239.498,4266.375,4296.964,4331.317,4369.493,4411.560,4457.593,4507.676,4561.904,4620.379,4683.214,4750.532,4822.466,4899.161,4980.772,5067.466,5159.424,5256.839,5359.916,5468.876,5583.955,5705.402,5833.484,5968.486,6110.705,6260.463,6418.094,6583.956,6758.426,6941.901,7134.799,7337.559,7550.644,7774.537,8009.744,8256.794,8516.237,8788.645,9074.610,9374.743,9689.674,10020.046,10366.520,10729.764,11110.454,11509.271,11926.895,12364.002,12821.258,13299.320,13798.824,14320.392,14864.626,15432.108,16023.406,16639.082,17279.697,17945.835,18638.114,19357.212,20103.897,20879.055,21683.721,22519.111,23386.658,24288.029,25225.155,26200.238,27215.754,28274.440,29379.257,30533.315,31739.733,33001.389,34320.427,35697.293,37128.719,38603.300,40091.342,41520.937,42722.994,43325.959,42722.515,41519.988,40089.897,38601.244,37125.755,35692.837,34313.475,32990.380,31722.417,30506.658,29339.406,28216.759,27134.934,26090.462,25080.282,24101.776,23152.755,22231.421,21336.319,20466.287,19620.400,18797.930,17998.300,17221.049,16465.796,15732.210,15019.984,14328.816,13658.385,13008.346,12378.314,11767.859,11176.507,10603.738,10048.987,9511.652,8991.092,8486.638,7997.595,7523.251,7062.876,6615.732,6181.076,5758.161,5346.242,4944.578,4552.432,4169.075,3793.784,3425.846,3064.557,2709.222,2359.154,2013.675,1672.113,1333.804,998.090,664.318,331.837,0.000
0.000,1329.530,2655.315,3973.628,5280.773,6573.086,7846.938,9098.708,10324.752,11521.341,12684.585,13810.327,14894.022,15930.588,16914.260,17838.450,18695.658,19477.485,20174.828,20778.346,21279.269,21670.550,21948.187,22112.332,22167.678,22122.877,21989.268,21779.444,21506.033,21180.871,20814.529,20416.146,19993.427,19552.769,19099.416,18637.639,18170.903,17702.014,17233.252,16766.474,16303.202,15844.693,15391.992,14945.974,14507.378,14076.834,13654.873,13241.952,12838.456,12444.708,12060.978,11687.481,11324.387,10971.820,10629.861,10298.553,9977.901,9667.875,9368.413,9079.427,8800.799,8532.389,8274.036,8025.563,7786.773,7557.460,7337.407,7126.387,6924.169,6730.517,6545.191,6367.953,6198.562,6036.781,5882.376,5735.115,5594.771,5461.122,5333.954,5213.055,5098.224,4989.262,4885.982,4788.200,4695.743,4608.443,4526.139,4448.680,4375.920,4307.722,4243.955,4184.496,4129.230,4078.046,4030.842,3987.525,3948.004,3912.199,3880.033,3851.439,3826.354,3804.721,3786.492,3771.622,3760.074,3751.817,3746.827,3745.084,3746.576,3751.296,3759.245,3770.429,3784.860,3802.559,3823.550,3847.866,3875.548,3906.642,3941.200,3979.286,4020.968,4066.322,4115.435,4168.400,4225.319,4286.304,4351.476,4420.967,4494.917,4573.480,4656.819,4745.108,4838.535,4937.300,5041.617,5151.713,5267.828,5390.221,5519.163,5654.942,5797.864,5948.250,6106.442,6272.797,6447.694,6631.527,6824.714,7027.689,7240.908,7464.843,7699.989,7946.857,8205.977,8477.894,8763.169,9062.377,9376.103,9704.942,10049.495,10410.364,10788.155,11183.467,11596.895,12029.024,12480.427,12951.665,13443.285,13955.824,14489.811,15045.775,15624.251,16225.796,16851.002,17500.515,18175.052,18875.425,19602.558,20357.506,21141.471,21955.802,22801.993,23681.663,24596.508,25548.230,26538.411,27568.314,28638.561,29748.612,30895.881,32074.220,33271.226,34463.400,35607.498,36625.980,37387.179,37697.933,37386.372,36624.311,35604.831,34459.470,33265.572,32066.103,30884.189,29731.762,28614.416,27534.123,26490.793,25483.198,24509.552,23567.862,22656.146,21772.558,20915.453,20083.406,19275.209,18489.857,17726.520,16984.518,16263.295,15562.390,14881.409,14220.008,13577.867,12954.674,12350.111,11763.840,11195.497,10644.685,10110.973,9593.891,9092.936,8607.571,8137.230,7681.320,7239.228,6810.322,6393.957,5989.479,5596.226,5213.537,4840.745,4477.191,4122.215,3775.164,3435.390,3102.255,2775.123,2453.371,2136.377,1823.532,1514.229,1207.867,903.853,601.596,300.507,0.000
0.000,1172.332,2341.337,3503.698,4656.108,5795.275,6917.907,8020.695,9100.278,10153.194,11175.816,12164.273,13114.361,14021.447,14880.381,15685.434,16430.288,17108.122,17711.833,18234.442,18669.700,19012.851,19261.430,19415.883,19479.750,19459.341,19362.996,19200.196,18980.737,18714.092,18408.999,18073.239,17713.563,17335.721,16944.536,16544.021,16137.487,15727.662,15316.783,14906.693,14498.911,14094.694,13695.086,13300.963,12913.060,12531.996,12158.295,11792.400,11434.684,11085.460,10744.984,10413.465,10091.066,9777.908,9474.074,9179.608,8894.524,8618.804,8352.400,8095.240,7847.227,7608.244,7378.153,7156.804,6944.029,6739.650,6543.479,6355.320,6174.973,6002.231,5836.887,5678.730,5527.552,5383.144,5245.299,5113.815,4988.491,4869.132,4755.548,4647.553,4544.967,4447.617,4355.334,4267.958,4185.334,4107.311,4033.750,3964.514,3899.473,3838.506,3781.497,3728.335,3678.918,3633.148,3590.935,3552.193,3516.844,3484.814,3456.037,3430.451,3408.001,3388.637,3372.315,3358.994,3348.644,3341.235,3336.746,3335.161,3336.467,3340.660,3347.739,3357.711,3370.588,3386.385,3405.128,3426.846,3451.573,3479.352,3510.231,3544.266,3581.518,3622.057,3665.959,3713.308,3764.196,3818.724,3877.000,3939.141,4005.276,4075.539,4150.078,4229.050,4312.622,4400.973,4494.295,4592.791,4696.676,4806.181,4921.549,5043.038,5170.918,5305.480,5447.025,5595.874,5752.363,5916.844,6089.686,6271.277,6462.020,6662.336,6872.660,7093.446,7325.161,7568.287,7823.318,8090.759,8371.128,8664.945,8972.739,9295.040,9632.379,9985.285,10354.281,10739.886,11142.608,11562.948,12001.399,12458.447,12934.576,13430.272,13946.032,14482.374,15039.844,15619.034,16220.594,16845.239,17493.766,18167.056,18866.073,19591.854,20345.478,21128.023,21940.482,22783.647,23657.918,24563.033,25497.641,26458.664,27440.306,28432.514,29418.591,30371.598,31249.285,31988.319,32501.823,32692.229,32500.739,31986.060,31245.651,30366.241,29410.969,28421.824,27425.424,26438.073,25469.375,24524.642,23606.458,22715.705,21852.233,21015.309,20203.903,19416.882,18653.122,17911.571,17191.288,16491.447,15811.341,15150.367,14508.016,13883.849,13277.489,12688.595,12116.852,11561.956,11023.598,10501.461,9995.205,9504.470,9028.866,8567.975,8121.353,7688.525,7268.995,6862.243,6467.732,6084.908,5713.206,5352.052,5000.865,4659.062,4326.059,4001.270,3684.114,3374.014,3070.396,2772.693,2480.342,2192.786,1909.476,1629.867,1353.418,1079.596,807.869,537.711,268.595,0.000
0.000,1018.461,2034.005,3043.718,4044.689,5034.000,6008.721,6965.889,7902.473,8815.344,9701.215,10556.591,11377.706,12160.464,12900.391,13592.625,14231.948,14812.892,15329.951,15777.904,16152.255,16449.741,16668.822,16810.044,16876.128,16871.774,16803.216,16677.649,16502.672,16285.813,16034.194,15754.313,15451.939,15132.094,14799.075,14456.517,14107.471,13754.478,13399.650,13044.740,12691.201,12340.241,11992.865,11649.915,11312.096,10980.001,10654.128,10334.899,10022.664,9717.718,9420.302,9130.611,8848.799,8574.981,8309.238,8051.615,7802.132,7560.777,7327.517,7102.292,6885.025,6675.616,6473.953,6279.907,6093.336,5914.091,5742.009,5576.925,5418.665,5267.053,5121.910,4983.055,4850.308,4723.489,4602.418,4486.919,4376.820,4271.951,4172.145,4077.242,3987.085,3901.521,3820.406,3743.598,3670.962,3602.367,3537.690,3476.812,3419.619,3366.006,3315.870,3269.115,3225.650,3185.391,3148.257,3114.174,3083.074,3054.891,3029.568,3007.050,2987.290,2970.241,2955.867,2944.133,2935.010,2928.474,2924.506,2923.090,2924.219,2927.885,2934.091,2942.840,2954.145,2968.019,2984.485,3003.567,3025.297,3049.713,3076.857,3106.778,3139.530,3175.175,3213.781,3255.420,3300.175,3348.135,3399.393,3454.056,3512.234,3574.048,3639.627,3709.108,3782.640,3860.382,3942.500,4029.174,4120.594,4216.961,4318.491,4425.409,4537.954,4656.379,4780.951,4911.949,5049.668,5194.417,5346.519,5506.312,5674.149,5850.396,6035.434,6229.658,6433.475,6647.302,6871.570,7106.718,7353.191,7611.445,7881.935,8165.121,8461.465,8771.425,9095.456,9434.011,9787.535,10156.468,10541.247,10942.302,11360.069,11794.984,12247.495,12718.068,13207.194,13715.398,14243.246,14791.352,15360.378,15951.030,16564.049,17200.186,17860.154,18544.569,19253.841,19988.035,20746.651,21528.319,22330.358,23148.142,23974.202,24796.967,25599.054,26355.137,27029.745,27576.201,27939.576,28068.433,27938.303,27573.547,27025.480,26348.883,25590.245,24784.808,23957.621,23125.741,22300.380,21488.622,20694.706,19920.945,19168.385,18437.256,17727.297,17037.969,16368.605,15718.496,15086.952,14473.334,13877.063,13297.631,12734.588,12187.543,11656.144,11140.074,10639.037,10152.745,9680.913,9223.248,8779.443,8349.174,7932.096,7527.843,7136.025,6756.232,6388.032,6030.975,5684.597,5348.420,5021.954,4704.704,4396.165,4095.832,3803.197,3517.754,3238.994,2966.416,2699.519,2437.807,2180.790,1927.979,1678.894,1433.058,1189.996,949.241,710.325,472.787,236.165,0.000
0.000,867.506,1732.504,2592.483,3444.929,4287.316,5117.092,5931.667,6728.386,7504.496,8257.111,8983.174,9679.414,10342.315,10968.099,11552.735,12091.995,12581.557,13017.185,13394.980,13711.691,13965.051,14154.094,14279.364,14342.966,14348.441,14300.478,14204.550,14066.529,13892.342,13687.705,13457.936,13207.851,12941.712,12663.229,12375.587,12081.493,11783.230,11482.710,11181.535,10881.041,10582.340,10286.365,9993.893,9705.575,9421.961,9143.508,8870.602,8603.566,8342.667,8088.127,7840.123,7598.794,7364.248,7136.559,6915.773,6701.911,6494.969,6294.922,6101.723,5915.308,5735.600,5562.503,5395.911,5235.708,5081.766,4933.951,4792.123,4656.136,4525.843,4401.091,4281.728,4167.601,4058.558,3954.446,3855.115,3760.419,3670.212,3584.354,3502.707,3425.136,3351.514,3281.714,3215.615,3153.104,3094.067,3038.398,2985.997,2936.766,2890.614,2847.452,2807.198,2769.776,2735.111,2703.136,2673.786,2647.002,2622.729,2600.917,2581.520,2564.495,2549.805,2537.416,2527.299,2519.431,2513.789,2510.357,2509.124,2510.079,2513.221,2518.548,2526.066,2535.784,2547.715,2561.877,2578.292,2596.989,2617.998,2641.358,2667.109,2695.299,2725.981,2759.214,2795.061,2833.593,2874.885,2919.021,2966.090,3016.188,3069.420,3125.896,3185.736,3249.067,3316.026,3386.756,3461.414,3540.161,3623.172,3710.631,3802.733,3899.683,4001.699,4109.009,4221.854,4340.487,4465.172,4596.187,4733.821,4878.376,5030.165,5189.513,5356.758,5532.247,5716.335,5909.390,6111.784,6323.898,6546.118,6778.832,7022.431,7277.306,7543.851,7822.453,8113.497,8417.368,8734.445,9065.103,9409.719,9768.671,10142.342,10531.123,10935.422,11355.665,11792.303,12245.814,12716.705,13205.508,13712.769,14239.030,14784.796,15350.484,15936.344,16542.356,17168.069,17812.391,18473.287,19147.375,19829.382,20511.427,21182.127,21825.544,22420.172,22938.372,23347.176,23611.859,23703.632,23610.503,23344.352,22933.847,22413.571,21816.326,21169.550,20494.518,19806.900,19117.792,18434.772,17762.810,17105.000,16463.120,15838.049,15230.076,14639.114,14064.855,13506.879,12964.717,12437.899,11925.977,11428.534,10945.197,10475.623,10019.505,9576.557,9146.514,8729.115,8324.103,7931.217,7550.187,7180.730,6822.546,6475.320,6138.718,5812.390,5495.969,5189.072,4891.305,4602.263,4321.529,4048.683,3783.297,3524.940,3273.181,3027.586,2787.724,2553.166,2323.483,2098.253,1877.053,1659.467,1445.082,1233.489,1024.281,817.055,611.410,406.951,203.279,0.000
0.000,719.060,1436.022,2148.782,2855.231,3553.242,4240.664,4915.304,5574.910,6217.145,6839.564,7439.585,8014.466,8561.289,9076.959,9558.228,10001.747,10404.163,10762.262,11073.153,11334.489,11544.693,11703.157,11810.371,11867.956,11878.570,11845.732,11773.576,11666.589,11529.362,11366.391,11181.926,10979.871,10763.735,10536.609,10301.183,10059.766,9814.323,9566.519,9317.751,9069.194,8821.832,8576.487,8333.849,8094.495,7858.910,7627.501,7400.605,7178.509,6961.448,6749.614,6543.165,6342.223,6146.884,5957.213,5773.253,5595.026,5422.532,5255.752,5094.651,4939.179,4789.274,4644.859,4505.848,4372.146,4243.650,4120.251,4001.833,3888.277,3779.461,3675.261,3575.551,3480.205,3389.096,3302.099,3219.091,3139.949,3064.553,2992.786,2924.535,2859.687,2798.136,2739.777,2684.511,2632.240,2582.873,2536.320,2492.498,2451.325,2412.724,2376.624,2342.954,2311.651,2282.654,2255.904,2231.350,2208.941,2188.632,2170.380,2154.148,2139.899,2127.602,2117.230,2108.759,2102.167,2097.438,2094.557,2093.514,2094.303,2096.920,2101.365,2107.643,2115.762,2125.731,2137.568,2151.289,2166.919,2184.485,2204.017,2225.550,2249.125,2274.786,2302.581,2332.564,2364.793,2399.334,2436.255,2475.631,2517.544,2562.079,2609.331,2659.398,2712.389,2768.416,2827.601,2890.073,2955.969,3025.435,3098.624,3175.699,3256.831,3342.203,3432.006,3526.439,3625.714,3730.052,3839.683,3954.848,4075.799,4202.796,4336.110,4476.020,4622.815,4776.789,4938.248,5107.499,5284.858,5470.644,5665.179,5868.788,6081.794,6304.522,6537.296,6780.437,7034.263,7299.094,7575.244,7863.031,8162.774,8474.795,8799.428,9137.014,9487.911,9852.492,10231.147,10624.280,11032.303,11455.621,11894.609,12349.579,12820.725,13308.044,13811.237,14329.555,14861.611,15405.109,15956.514,16510.617,17060.028,17594.593,18100.845,18561.651,18956.410,19262.285,19457.063,19523.743,19455.732,19259.519,18951.990,18555.236,18091.946,17582.556,17044.007,16489.555,15929.126,15369.874,14816.773,14273.136,13741.057,13221.760,12715.861,12223.571,11744.841,11279.467,10827.160,10387.593,9960.434,9545.360,9142.068,8750.277,8369.725,8000.169,7641.379,7293.130,6955.200,6627.365,6309.395,6001.049,5702.075,5412.210,5131.175,4858.679,4594.417,4338.075,4089.325,3847.831,3613.251,3385.235,3163.431,2947.482,2737.028,2531.713,2331.178,2135.064,1943.019,1754.688,1569.721,1387.771,1208.493,1031.547,856.593,683.294,511.317,340.330,170.001,0.000
0.000,572.713,1143.741,1711.393,2273.971,2829.759,3377.020,3913.977,4438.806,4949.612,5444.417,5921.138,6377.578,6811.419,7220.226,7601.476,7952.608,8271.093,8554.555,8800.890,9008.431,9176.087,9303.482,9391.026,9439.934,9452.171,9430.328,9377.462,9296.918,9192.158,9066.608,8923.546,8766.019,8596.796,8418.345,8232.830,8042.128,7847.851,7651.368,7453.839,7256.244,7059.402,6864.005,6670.630,6479.763,6291.809,6107.109,5925.949,5748.565,5575.155,5405.879,5240.870,5080.229,4924.036,4772.348,4625.202,4482.618,4344.597,4211.126,4082.181,3957.724,3837.704,3722.064,3610.737,3503.648,3400.714,3301.852,3206.970,3115.974,3028.767,2945.251,2865.326,2788.893,2715.850,2646.099,2579.541,2516.078,2455.615,2398.060,2343.320,2291.308,2241.937,2195.125,2150.791,2108.859,2069.254,2031.906,1996.747,1963.712,1932.740,1903.773,1876.756,1851.637,1828.366,1806.899,1787.193,1769.207,1752.907,1738.256,1725.226,1713.786,1703.913,1695.585,1688.781,1683.485,1679.683,1677.364,1676.521,1677.147,1679.240,1682.800,1687.832,1694.340,1702.333,1711.825,1722.830,1735.367,1749.458,1765.126,1782.402,1801.316,1821.904,1844.206,1868.265,1894.128,1921.846,1951.476,1983.077,2016.714,2052.457,2090.382,2130.568,2173.101,2218.072,2265.579,2315.726,2368.622,2424.385,2483.136,2545.008,2610.137,2678.670,2750.759,2826.564,2906.255,2990.008,3078.009,3170.449,3267.529,3369.457,3476.450,3588.730,3706.527,3830.077,3959.621,4095.407,4237.683,4386.705,4542.729,4706.014,4876.816,5055.396,5242.011,5436.918,5640.373,5852.631,6073.947,6304.576,6544.775,6794.806,7054.938,7325.445,7606.612,7898.737,8202.122,8517.077,8843.906,9182.895,9534.291,9898.265,10274.861,10663.933,11065.047,11477.355,11899.432,12329.064,12762.986,13196.574,13623.499,14035.394,14421.608,14769.194,15063.343,15288.505,15430.372,15478.554,15429.169,15286.007,15059.365,14763.442,14413.671,14024.727,13609.406,13178.196,12739.289,12298.834,11861.280,11429.722,11006.225,10592.085,10188.050,9794.481,9411.486,9039.004,8676.878,8324.897,7982.826,7650.425,7327.461,7013.714,6708.973,6413.041,6125.729,5846.853,5576.230,5313.678,5059.007,4812.024,4572.525,4340.299,4115.122,3896.762,3684.977,3479.515,3280.117,3086.514,2898.436,2715.604,2537.737,2364.551,2195.762,2031.083,1870.229,1712.916,1558.858,1407.776,1259.387,1113.416,969.586,827.623,687.257,548.219,410.240,273.053,136.395,0.000
0.000,428.053,854.837,1279.079,1699.500,2114.805,2523.679,2924.780,3316.726,3698.082,4067.355,4422.974,4763.294,5086.586,5391.053,5674.849,5936.118,6173.055,6383.980,6567.430,6722.264,6847.754,6943.669,7010.328,7048.599,7059.869,7045.964,7009.045,6951.488,6875.770,6784.367,6679.663,6563.899,6439.126,6307.187,6169.710,6028.118,5883.639,5737.322,5590.060,5442.609,5295.604,5149.582,5004.990,4862.208,4721.550,4583.282,4447.624,4314.762,4184.847,4058.005,3934.337,3813.925,3696.828,3583.093,3472.747,3365.808,3262.279,3162.151,3065.406,2972.017,2881.947,2795.156,2711.592,2631.201,2553.923,2479.694,2408.447,2340.112,2274.618,2211.891,2151.856,2094.441,2039.568,1987.166,1937.159,1889.475,1844.044,1800.794,1759.659,1720.572,1683.468,1648.286,1614.966,1583.449,1553.681,1525.608,1499.180,1474.348,1451.066,1429.290,1408.980,1390.096,1372.601,1356.461,1341.645,1328.122,1315.865,1304.849,1295.050,1286.447,1279.022,1272.757,1267.638,1263.653,1260.792,1259.044,1258.407,1258.873,1260.443,1263.116,1266.894,1271.783,1277.789,1284.921,1293.191,1302.613,1313.203,1324.980,1337.965,1352.182,1367.659,1384.424,1402.510,1421.953,1442.792,1465.068,1488.827,1514.118,1540.993,1569.508,1599.725,1631.706,1665.522,1701.246,1738.955,1778.731,1820.663,1864.844,1911.372,1960.349,2011.885,2066.095,2123.100,2183.027,2246.007,2312.180,2381.688,2454.684,2531.323,2611.766,2696.181,2784.739,2877.616,2974.994,3077.056,3183.990,3295.985,3413.233,3535.927,3664.260,3798.426,3938.618,4085.029,4237.850,4397.274,4563.492,4736.696,4917.083,5104.848,5300.195,5503.329,5714.465,5933.822,6161.622,6398.085,6643.427,6897.836,7161.463,7434.387,7716.576,8007.829,8307.707,8615.424,8929.732,9248.758,9569.820,9889.216,10202.020,10501.893,10781.013,11030.187,11239.274,11398.027,11497.374,11530.938,11496.387,11395.983,11236.023,11025.502,10774.574,10493.279,10190.700,9874.538,9551.005,9224.901,8899.797,8578.256,8262.043,7952.315,7649.781,7354.830,7067.629,6788.199,6516.467,6252.307,5995.563,5746.068,5503.656,5268.163,5039.432,4817.314,4601.665,4392.344,4189.212,3992.130,3800.954,3615.538,3435.727,3261.362,3092.276,2928.295,2769.237,2614.915,2465.134,2319.696,2178.396,2041.028,1907.381,1777.244,1650.404,1526.646,1405.758,1287.526,1171.738,1058.182,946.649,836.930,728.819,622.111,516.601,412.089,308.372,205.251,102.527,0.000
0.000,284.661,568.475,850.588,1130.146,1406.282,1678.113,1944.741,2205.236,2458.639,2703.946,2940.112,3166.038,3380.581,3582.554,3770.750,3943.964,4101.032,4240.883,4362.593,4465.448,4549.001,4613.122,4658.027,4684.276,4692.755,4684.629,4661.281,4624.235,4575.088,4515.446,4446.865,4370.815,4288.651,4201.596,4110.739,4017.033,3921.305,3824.264,3726.517,3628.577,3530.878,3433.784,3337.604,3242.594,3148.972,3056.917,2966.582,2878.092,2791.552,2707.046,2624.645,2544.403,2466.363,2390.554,2316.998,2245.706,2176.680,2109.917,2045.403,1983.123,1923.051,1865.161,1809.420,1755.791,1704.236,1654.711,1607.173,1561.575,1517.870,1476.009,1435.944,1397.623,1360.999,1326.022,1292.642,1260.812,1230.484,1201.612,1174.151,1148.056,1123.284,1099.795,1077.548,1056.505,1036.629,1017.885,1000.238,983.657,968.110,953.569,940.006,927.396,915.713,904.934,895.039,886.008,877.822,870.465,863.920,858.173,853.213,849.028,845.608,842.945,841.033,839.864,839.436,839.746,840.793,842.576,845.097,848.360,852.369,857.130,862.651,868.942,876.012,883.876,892.546,902.039,912.373,923.569,935.647,948.631,962.547,977.424,993.291,1010.181,1028.129,1047.174,1067.355,1088.715,1111.300,1135.160,1160.346,1186.914,1214.922,1244.431,1275.508,1308.221,1342.644,1378.853,1416.927,1456.954,1499.019,1543.215,1589.640,1638.392,1689.576,1743.299,1799.672,1858.811,1920.831,1985.854,2054.001,2125.398,2200.169,2278.444,2360.349,2446.014,2535.568,2629.139,2726.855,2828.845,2935.237,3046.159,3161.740,3282.111,3407.403,3537.752,3673.295,3814.175,3960.536,4112.523,4270.278,4433.936,4603.611,4779.386,4961.289,5149.265,5343.138,5542.557,5746.930,5955.339,6166.439,6378.336,6588.469,6793.485,6989.157,7170.376,7331.276,7465.544,7566.964,7630.162,7651.442,7629.464,7565.517,7463.248,7327.973,7165.848,6983.119,6785.578,6578.257,6365.298,6149.971,5934.756,5721.468,5511.383,5305.357,5103.937,4907.436,4716.009,4529.704,4348.493,4172.310,4001.061,3834.642,3672.945,3515.862,3363.291,3215.131,3071.286,2931.660,2796.160,2664.692,2537.159,2413.462,2293.499,2177.163,2064.342,1954.921,1848.778,1745.789,1645.825,1548.754,1454.440,1362.745,1273.530,1186.654,1101.976,1019.353,938.643,859.704,782.395,706.575,632.104,558.844,486.656,415.405,344.953,275.167,205.911,137.054,68.461,0.000
0.000,142.118,283.812,424.654,564.215,702.062,837.752,970.833,1100.840,1227.290,1349.682,1467.490,1580.168,1687.146,1787.833,1881.635,1967.957,2046.230,2115.932,2176.615,2227.936,2269.683,2301.798,2324.388,2337.728,2342.251,2338.525,2327.224,2309.092,2284.913,2255.476,2221.549,2183.861,2143.083,2099.828,2054.638,2007.993,1960.307,1911.940,1863.196,1814.335,1765.577,1717.108,1669.083,1621.633,1574.867,1528.878,1483.742,1439.523,1396.274,1354.038,1312.851,1272.740,1233.727,1195.828,1159.053,1123.407,1088.893,1055.508,1023.246,992.099,962.056,933.103,905.223,878.399,852.610,827.836,804.055,781.244,759.379,738.436,718.390,699.218,680.893,663.392,646.690,630.762,615.587,601.139,587.397,574.338,561.942,550.187,539.054,528.523,518.576,509.195,500.364,492.065,484.284,477.007,470.218,463.907,458.059,452.665,447.712,443.192,439.095,435.412,432.136,429.259,426.776,424.681,422.969,421.636,420.678,420.093,419.878,420.033,420.556,421.448,422.709,424.341,426.348,428.730,431.493,434.641,438.180,442.115,446.454,451.205,456.377,461.981,468.026,474.524,481.489,488.935,496.877,505.331,514.315,523.847,533.949,544.640,555.946,567.889,580.496,593.794,607.814,622.585,638.141,654.516,671.747,689.872,708.931,728.966,750.022,772.145,795.382,819.785,845.404,872.294,900.510,930.108,961.149,993.691,1027.797,1063.527,1100.945,1140.115,1181.100,1223.965,1268.775,1315.593,1364.484,1415.511,1468.740,1524.234,1582.058,1642.277,1704.957,1770.166,1837.974,1908.450,1981.667,2057.696,2136.606,2218.462,2303.318,2391.209,2482.142,2576.080,2672.921,2772.472,2874.417,2978.271,3083.334,3188.629,3292.850,3394.303,3490.880,3580.064,3659.001,3724.667,3774.126,3804.873,3815.207,3804.512,3773.377,3723.480,3657.295,3577.729,3487.772,3390.241,3287.614,3181.961,3074.931,2967.792,2861.481,2756.665,2653.799,2553.177,2454.971,2359.274,2266.119,2175.499,2087.386,2001.736,1918.500,1837.625,1759.058,1682.747,1608.643,1536.697,1466.860,1399.086,1333.328,1269.536,1207.662,1147.654,1089.458,1033.019,978.278,925.175,873.649,823.634,775.064,727.873,681.991,637.348,593.875,551.500,510.154,469.763,430.258,391.569,353.624,316.354,279.690,243.562,207.902,172.643,137.716,103.055,68.593,34.263,0.000
0.000,0.000,0.000,0.000,0.000,0.000,0.000,0.000,0.000,0.000,0.000,0.000,0.000,0.000,0.000,0.000,0.000,0.000,0.000,0.000,0.000,0.000,0.000,0.000,0.000,0.000,0.000,0.000,0.000,0.000,0.000,0.000,0.000,0.000,0.000,0.000,0.000,0.000,0.000,0.000,0.000,0.000,0.000,0.000,0.000,0.000,0.000,0.000,0.000,0.000,0.000,0.000,0.000,0.000,0.000,0.000,0.000,0.000,0.000,0.000,0.000,0.000,0.000,0.000,0.000,0.000,0.000,0.000,0.000,0.000,0.000,0.000,0.000,0.000,0.000,0.000,0.000,0.000,0.000,0.000,0.000,0.000,0.000,0.000,0.000,0.000,0.000,0.000,0.000,0.000,0.000,0.000,0.000,0.000,0.000,0.000,0.000,0.000,0.000,0.000,0.000,0.000,0.000,0.000,0.000,0.000,0.000,0.000,0.000,0.000,0.000,0.000,0.000,0.000,0.000,0.000,0.000,0.000,0.000,0.000,0.000,0.000,0.000,0.000,0.000,0.000,0.000,0.000,0.000,0.000,0.000,0.000,0.000,0.000,0.000,0.000,0.000,0.000,0.000,0.000,0.000,0.000,0.000,0.000,0.000,0.000,0.000,0.000,0.000,0.000,0.000,0.000,0.000,0.000,0.000,0.000,0.000,0.000,0.000,0.000,0.000,0.000,0.000,0.000,0.000,0.000,0.000,0.000,0.000,0.000,0.000,0.000,0.000,0.000,0.000,0.000,0.000,0.000,0.000,0.000,0.000,0.000,0.000,0.000,0.000,0.000,0.000,0.000,0.000,0.000,0.000,0.000,0.000,0.000,0.000,0.000,0.000,0.000,0.000,0.000,0.000,0.000,0.000,0.000,0.000,0.000,0.000,0.000,0.000,0.000,0.000,0.000,0.000,0.000,0.000,0.000,0.000,0.000,0.000,0.000,0.000,0.000,0.000,0.000,0.000,0.000,0.000,0.000,0.000,0.000,0.000,0.000,0.000,0.000,0.000,0.000,0.000,0.000,0.000,0.000,0.000,0.000,0.000,0.000,0.000,0.000,0.000,0.000,0.000,0.000,0.000,0.000,0.000,0.000,0.000,0.000
