0.000,0.000,0.000,0.000,0.000,0.000,0.000,0.000,0.000,0.000,0.000,0.000,0.000,0.000,0.000,0.000,0.000,0.000,0.000,0.000,0.000,0.000,0.000,0.000,0.000,0.000,0.000,0.000,0.000,0.000,0.000,0.000,0.000,0.000,0.000,0.000,0.000,0.000,0.000,0.000,0.000,0.000,0.000,0.000,0.000,0.000,0.000,0.000,0.000,0.000,0.000,0.000,0.000,0.000,0.000,0.000,0.000,0.000,0.000,0.000,0.000,0.000,0.000,0.000,0.000,0.000,0.000,0.000,0.000,0.000,0.000,0.000,0.000,0.000,0.000,0.000,0.000,0.000,0.000,0.000,0.000,0.000,0.000,0.000,0.000,0.000,0.000,0.000,0.000,0.000,0.000,0.000,0.000,0.000,0.000,0.000,0.000,0.000,0.000,0.000,0.000,0.000,0.000,0.000,0.000,0.000,0.000,0.000,0.000,0.000,0.000,0.000,0.000,0.000,0.000,0.000,0.000,0.000,0.000,0.000,0.000,0.000,0.000,0.000,0.000,0.000,0.000,0.000,0.000,0.000,0.000,0.000,0.000,0.000,0.000,0.000,0.000,0.000,0.000,0.000,0.000,0.000,0.000,0.000,0.000,0.000,0.000,0.000,0.000,0.000,0.000,0.000,0.000,0.000,0.000,0.000,0.000,0.000,0.000,0.000,0.000,0.000,0.000,0.000,0.000,0.000,0.000,0.000,0.000,0.000,0.000,0.000,0.000,0.000,0.000,0.000,0.000,0.000,0.000,0.000,0.000,0.000,0.000,0.000,0.000,0.000,0.000,0.000,0.000,0.000,0.000,0.000,0.000,0.000,0.000,0.000,0.000,0.000,0.000,0.000,0.000,0.000,0.000,0.000,0.000,0.000,0.000,0.000,0.000,0.000,0.000,0.000,0.000,0.000,0.000,0.000,0.000,0.000,0.000,0.000,0.000,0.000,0.000,0.000,0.000,0.000,0.000,0.000,0.000,0.000,0.000,0.000,0.000,0.000,0.000,0.000,0.000,0.000,0.000,0.000,0.000,0.000,0.000,0.000,0.000,0.000,0.000,0.000,0.000,0.000,0.000,0.000,0.000,0.000,0.000,0.000
0.000,5.156,10.310,15.460,20.604,25.740,30.864,35.975,41.070,46.147,51.204,56.239,61.249,66.232,71.187,76.110,81.001,85.857,90.676,95.457,100.196,104.894,109.547,114.155,118.715,123.226,127.686,132.095,136.451,140.752,144.997,149.184,153.314,157.384,161.394,165.342,169.229,173.052,176.811,180.506,184.135,187.699,191.196,194.626,197.989,201.284,204.511,207.669,210.760,213.781,216.733,219.616,222.430,225.174,227.850,230.456,232.993,235.462,237.861,240.191,242.454,244.648,246.774,248.832,250.823,252.747,254.604,256.394,258.119,259.777,261.371,262.900,264.364,265.765,267.101,268.375,269.586,270.734,271.821,272.847,273.811,274.716,275.560,276.345,277.071,277.738,278.348,278.899,279.394,279.832,280.213,280.539,280.810,281.025,281.187,281.294,281.348,281.348,281.296,281.192,281.036,280.828,280.570,280.261,279.902,279.493,279.035,278.529,277.973,277.370,276.719,276.022,275.277,274.486,273.650,272.768,271.841,270.870,269.854,268.796,267.694,266.550,265.363,264.135,262.867,261.557,260.207,258.819,257.391,255.925,254.421,252.880,251.303,249.689,248.041,246.357,244.640,242.890,241.107,239.291,237.445,235.569,233.662,231.726,229.763,227.772,225.754,223.710,221.642,219.549,217.433,215.294,213.133,210.952,208.751,206.531,204.292,202.037,199.765,197.477,195.175,192.859,190.531,188.190,185.839,183.478,181.108,178.729,176.343,173.951,171.553,169.150,166.744,164.335,161.924,159.511,157.098,154.686,152.275,149.865,147.459,145.056,142.657,140.264,137.876,135.494,133.120,130.753,128.395,126.045,123.705,121.375,119.056,116.747,114.451,112.166,109.893,107.634,105.387,103.155,100.936,98.732,96.542,94.367,92.207,90.062,87.932,85.818,83.720,81.637,79.570,77.520,75.485,73.465,71.462,69.475,67.503,65.548,63.608,61.683,59.773,57.879,55.999,54.134,52.283,50.447,48.625,46.816,45.020,43.237,41.467,39.709,37.963,36.229,34.505,32.792,31.089,29.396,27.712,26.037,24.370,22.711,21.059,19.413,17.774,16.141,14.513,12.890,11.270,9.654,8.041,6.431,4.822,3.214,1.607,0.000
0.000,10.316,20.629,30.934,41.227,51.501,61.754,71.979,82.174,92.332,102.451,112.524,122.549,132.519,142.432,152.284,162.069,171.785,181.427,190.991,200.474,209.873,219.183,228.402,237.525,246.551,255.476,264.296,273.010,281.615,290.108,298.486,306.748,314.891,322.913,330.813,338.588,346.237,353.757,361.149,368.410,375.539,382.536,389.398,396.126,402.718,409.173,415.492,421.674,427.718,433.623,439.391,445.020,450.511,455.863,461.076,466.152,471.089,475.889,480.552,485.077,489.466,493.718,497.836,501.818,505.667,509.381,512.963,516.413,519.731,522.919,525.977,528.906,531.707,534.381,536.928,539.351,541.648,543.822,545.873,547.803,549.612,551.301,552.871,554.323,555.658,556.876,557.980,558.969,559.845,560.608,561.260,561.801,562.232,562.555,562.769,562.876,562.878,562.773,562.565,562.252,561.837,561.320,560.702,559.984,559.166,558.250,557.236,556.125,554.918,553.617,552.221,550.731,549.149,547.476,545.711,543.857,541.914,539.883,537.765,535.561,533.272,530.898,528.442,525.903,523.283,520.584,517.805,514.949,512.016,509.008,505.925,502.769,499.541,496.243,492.876,489.440,485.938,482.371,478.739,475.046,471.291,467.477,463.605,459.676,455.692,451.656,447.567,443.428,439.241,435.007,430.728,426.406,422.042,417.638,413.196,408.718,404.205,399.659,395.083,390.477,385.844,381.185,376.502,371.798,367.075,362.332,357.573,352.800,348.013,343.216,338.409,333.595,328.774,323.951,319.124,314.296,309.469,304.645,299.825,295.010,290.203,285.404,280.615,275.838,271.073,266.322,261.587,256.869,252.168,247.486,242.824,238.184,233.565,228.970,224.399,219.853,215.332,210.838,206.372,201.933,197.523,193.141,188.790,184.468,180.177,175.916,171.687,167.489,163.322,159.187,155.084,151.013,146.973,142.966,138.990,135.046,131.133,127.251,123.401,119.580,115.790,112.029,108.299,104.597,100.923,97.277,93.658,90.065,86.499,82.958,79.441,75.948,72.478,69.029,65.602,62.196,58.808,55.440,52.088,48.753,45.434,42.129,38.838,35.559,32.292,29.034,25.787,22.547,19.314,16.087,12.865,9.646,6.430,3.215,0.000
0.000,15.485,30.964,46.432,61.881,77.303,92.691,108.040,123.342,138.589,153.777,168.896,183.942,198.908,213.787,228.573,243.260,257.843,272.315,286.670,300.903,315.009,328.983,342.819,356.512,370.058,383.453,396.691,409.769,422.683,435.429,448.003,460.403,472.623,484.663,496.518,508.186,519.665,530.951,542.044,552.940,563.639,574.138,584.436,594.532,604.424,614.111,623.593,632.870,641.939,650.801,659.455,667.902,676.140,684.171,691.994,699.610,707.018,714.220,721.216,728.006,734.590,740.971,747.149,753.124,758.898,764.472,769.846,775.021,780.000,784.782,789.371,793.765,797.967,801.979,805.801,809.434,812.881,816.143,819.220,822.115,824.828,827.362,829.717,831.895,833.898,835.726,837.381,838.865,840.178,841.323,842.301,843.112,843.759,844.243,844.564,844.725,844.726,844.569,844.256,843.787,843.164,842.388,841.460,840.381,839.154,837.779,836.257,834.591,832.779,830.826,828.731,826.496,824.122,821.610,818.963,816.180,813.264,810.216,807.038,803.730,800.295,796.733,793.046,789.237,785.306,781.254,777.084,772.798,768.397,763.882,759.256,754.520,749.676,744.726,739.672,734.517,729.261,723.907,718.458,712.914,707.280,701.556,695.744,689.848,683.870,677.811,671.675,665.464,659.180,652.826,646.404,639.917,633.368,626.758,620.092,613.370,606.598,599.775,592.907,585.994,579.040,572.048,565.021,557.961,550.871,543.753,536.611,529.447,522.263,515.063,507.849,500.623,493.389,486.149,478.905,471.659,464.415,457.175,449.941,442.715,435.500,428.297,421.110,413.940,406.789,399.659,392.553,385.471,378.416,371.390,364.393,357.429,350.498,343.602,336.742,329.919,323.135,316.390,309.687,303.025,296.406,289.831,283.300,276.815,270.375,263.981,257.634,251.334,245.081,238.876,232.718,226.608,220.546,214.533,208.566,202.647,196.775,190.950,185.171,179.439,173.751,168.108,162.509,156.954,151.441,145.970,140.539,135.149,129.797,124.483,119.206,113.964,108.756,103.582,98.439,93.327,88.244,83.189,78.160,73.156,68.176,63.216,58.277,53.357,48.454,43.567,38.693,33.832,28.981,24.139,19.303,14.474,9.648,4.824,0.000
0.000,20.665,41.323,61.965,82.581,103.162,123.699,144.182,164.602,184.950,205.217,225.395,245.473,265.445,285.300,305.032,324.632,344.091,363.402,382.559,401.552,420.375,439.021,457.483,475.756,493.831,511.704,529.368,546.819,564.050,581.057,597.834,614.378,630.683,646.747,662.564,678.132,693.446,708.504,723.304,737.841,752.114,766.121,779.860,793.328,806.525,819.449,832.098,844.472,856.571,868.392,879.937,891.204,902.194,912.906,923.341,933.500,943.382,952.988,962.319,971.375,980.158,988.669,996.909,1004.879,1012.579,1020.013,1027.180,1034.083,1040.723,1047.101,1053.220,1059.081,1064.685,1070.035,1075.132,1079.978,1084.574,1088.923,1093.027,1096.887,1100.506,1103.884,1107.025,1109.929,1112.599,1115.036,1117.243,1119.221,1120.973,1122.499,1123.802,1124.883,1125.745,1126.389,1126.817,1127.031,1127.032,1126.822,1126.403,1125.777,1124.945,1123.908,1122.670,1121.231,1119.594,1117.759,1115.729,1113.504,1111.088,1108.481,1105.686,1102.704,1099.536,1096.185,1092.653,1088.941,1085.051,1080.984,1076.743,1072.331,1067.747,1062.995,1058.077,1052.995,1047.750,1042.344,1036.781,1031.063,1025.190,1019.167,1012.995,1006.676,1000.213,993.609,986.867,979.988,972.976,965.832,958.561,951.165,943.647,936.009,928.256,920.389,912.412,904.328,896.141,887.853,879.468,870.990,862.421,853.766,845.027,836.208,827.313,818.344,809.307,800.204,791.039,781.815,772.537,763.207,753.831,744.410,734.949,725.452,715.921,706.362,696.776,687.169,677.543,667.902,658.249,648.588,638.921,629.254,619.588,609.927,600.274,590.633,581.005,571.395,561.805,552.238,542.696,533.183,523.701,514.252,504.838,495.463,486.128,476.836,467.588,458.387,449.233,440.130,431.078,422.080,413.136,404.248,395.417,386.645,377.931,369.278,360.686,352.156,343.687,335.282,326.940,318.661,310.446,302.295,294.208,286.185,278.225,270.328,262.495,254.724,247.014,239.366,231.778,224.251,216.782,209.370,202.016,194.717,187.473,180.282,173.143,166.054,159.014,152.021,145.075,138.172,131.312,124.493,117.712,110.969,104.260,97.585,90.941,84.326,77.737,71.174,64.634,58.115,51.614,45.129,38.658,32.199,25.749,19.307,12.869,6.434,0.000
0.000,25.860,51.712,77.544,103.343,129.098,154.798,180.431,205.984,231.448,256.810,282.059,307.185,332.176,357.023,381.714,406.239,430.589,454.754,478.724,502.489,526.042,549.373,572.474,595.336,617.952,640.315,662.416,684.250,705.808,727.086,748.076,768.774,789.174,809.270,829.058,848.533,867.692,886.529,905.043,923.228,941.083,958.604,975.789,992.637,1009.144,1025.309,1041.131,1056.608,1071.740,1086.526,1100.966,1115.058,1128.803,1142.200,1155.251,1167.955,1180.314,1192.327,1203.996,1215.322,1226.306,1236.949,1247.252,1257.218,1266.848,1276.143,1285.105,1293.736,1302.039,1310.015,1317.665,1324.993,1332.000,1338.689,1345.061,1351.119,1356.866,1362.304,1367.435,1372.260,1376.783,1381.007,1384.933,1388.563,1391.900,1394.947,1397.705,1400.178,1402.366,1404.273,1405.901,1407.252,1408.329,1409.133,1409.666,1409.932,1409.932,1409.668,1409.143,1408.358,1407.317,1406.019,1404.470,1402.669,1400.620,1398.324,1395.783,1393.000,1389.977,1386.716,1383.219,1379.488,1375.526,1371.334,1366.915,1362.271,1357.404,1352.317,1347.012,1341.491,1335.758,1329.813,1323.661,1317.303,1310.741,1303.979,1297.020,1289.866,1282.520,1274.984,1267.263,1259.358,1251.273,1243.011,1234.576,1225.970,1217.197,1208.261,1199.164,1189.911,1180.505,1170.949,1161.249,1151.407,1141.427,1131.313,1121.070,1110.700,1100.210,1089.603,1078.882,1068.052,1057.118,1046.084,1034.955,1023.734,1012.427,1001.037,989.570,978.029,966.420,954.747,943.015,931.228,919.391,907.508,895.583,883.622,871.629,859.608,847.564,835.501,823.423,811.335,799.241,787.145,775.051,762.964,750.887,738.823,726.778,714.754,702.755,690.785,678.848,666.945,655.081,643.260,631.482,619.753,608.074,596.449,584.879,573.367,561.916,550.527,539.203,527.945,516.756,505.636,494.589,483.614,472.714,461.889,451.140,440.469,429.875,419.361,408.925,398.569,388.292,378.096,367.980,357.944,347.987,338.109,328.310,318.590,308.946,299.380,289.889,280.473,271.131,261.861,252.662,243.533,234.471,225.477,216.547,207.681,198.876,190.130,181.442,172.808,164.228,155.699,147.219,138.785,130.394,122.046,113.736,105.463,97.223,89.015,80.835,72.681,64.551,56.440,48.347,40.269,32.203,24.146,16.095,8.047,0.000
0.000,31.075,62.140,93.180,124.181,155.130,186.011,216.812,247.517,278.115,308.590,338.929,369.120,399.149,429.004,458.671,488.139,517.397,546.431,575.230,603.784,632.082,660.113,687.868,715.335,742.506,769.372,795.924,822.153,848.052,873.613,898.829,923.692,948.197,972.337,996.106,1019.499,1042.512,1065.138,1087.374,1109.216,1130.661,1151.705,1172.345,1192.578,1212.403,1231.816,1250.818,1269.405,1287.576,1305.332,1322.671,1339.593,1356.098,1372.185,1387.856,1403.110,1417.949,1432.373,1446.383,1459.981,1473.168,1485.946,1498.316,1510.281,1521.841,1533.000,1543.759,1554.120,1564.087,1573.661,1582.844,1591.640,1600.051,1608.079,1615.728,1623.000,1629.898,1636.424,1642.581,1648.373,1653.802,1658.870,1663.581,1667.937,1671.942,1675.598,1678.907,1681.873,1684.498,1686.786,1688.738,1690.358,1691.648,1692.611,1693.250,1693.567,1693.565,1693.246,1692.613,1691.669,1690.416,1688.857,1686.994,1684.831,1682.368,1679.609,1676.557,1673.214,1669.582,1665.665,1661.464,1656.982,1652.222,1647.187,1641.879,1636.301,1630.455,1624.345,1617.973,1611.342,1604.455,1597.314,1589.925,1582.287,1574.406,1566.284,1557.925,1549.331,1540.508,1531.456,1522.181,1512.686,1502.975,1493.050,1482.918,1472.580,1462.042,1451.307,1440.380,1429.264,1417.965,1406.487,1394.834,1383.010,1371.021,1358.872,1346.566,1334.110,1321.507,1308.764,1295.885,1282.875,1269.739,1256.484,1243.113,1229.633,1216.049,1202.365,1188.589,1174.724,1160.778,1146.754,1132.659,1118.498,1104.277,1090.001,1075.675,1061.305,1046.896,1032.455,1017.985,1003.493,988.983,974.461,959.931,945.399,930.870,916.349,901.839,887.347,872.876,858.432,844.017,829.637,815.296,800.998,786.746,772.544,758.396,744.306,730.277,716.311,702.413,688.584,674.829,661.148,647.545,634.022,620.582,607.226,593.956,580.774,567.680,554.678,541.768,528.950,516.226,503.597,491.063,478.624,466.282,454.036,441.886,429.832,417.873,406.010,394.242,382.568,370.986,359.497,348.100,336.791,325.572,314.439,303.392,292.429,281.548,270.747,260.024,249.376,238.803,228.300,217.867,207.500,197.197,186.955,176.772,166.644,156.570,146.545,136.567,126.632,116.739,106.883,97.061,87.270,77.508,67.769,58.052,48.352,38.667,28.992,19.326,9.663,0.000
0.000,36.313,72.613,108.885,145.111,181.275,217.361,253.352,289.231,324.984,360.594,396.045,431.323,466.410,501.294,535.958,570.390,604.574,638.497,672.146,705.507,738.569,771.318,803.743,835.833,867.576,898.961,929.980,960.620,990.875,1020.734,1050.189,1079.232,1107.855,1136.052,1163.815,1191.138,1218.016,1244.442,1270.413,1295.922,1320.967,1345.543,1369.647,1393.275,1416.425,1439.096,1461.283,1482.987,1504.205,1524.937,1545.182,1564.940,1584.210,1602.993,1621.288,1639.097,1656.420,1673.259,1689.615,1705.489,1720.883,1735.798,1750.238,1764.203,1777.697,1790.722,1803.279,1815.373,1827.005,1838.179,1848.896,1859.162,1868.977,1878.347,1887.273,1895.759,1903.808,1911.423,1918.608,1925.366,1931.700,1937.613,1943.109,1948.191,1952.863,1957.127,1960.987,1964.446,1967.508,1970.175,1972.451,1974.339,1975.842,1976.963,1977.706,1978.073,1978.067,1977.692,1976.951,1975.846,1974.380,1972.557,1970.380,1967.851,1964.974,1961.750,1958.184,1954.279,1950.036,1945.460,1940.552,1935.318,1929.758,1923.876,1917.677,1911.161,1904.333,1897.197,1889.755,1882.010,1873.966,1865.627,1856.995,1848.075,1838.870,1829.384,1819.621,1809.583,1799.277,1788.705,1777.871,1766.781,1755.438,1743.846,1732.010,1719.936,1707.626,1695.087,1682.323,1669.339,1656.140,1642.732,1629.120,1615.308,1601.304,1587.111,1572.736,1558.185,1543.463,1528.577,1513.531,1498.333,1482.988,1467.503,1451.883,1436.135,1420.265,1404.280,1388.186,1371.989,1355.696,1339.313,1322.847,1306.303,1289.689,1273.011,1256.274,1239.487,1222.654,1205.783,1188.879,1171.948,1154.997,1138.031,1121.058,1104.081,1087.108,1070.143,1053.193,1036.264,1019.359,1002.485,985.646,968.848,952.095,935.392,918.744,902.154,885.628,869.169,852.781,836.467,820.233,804.080,788.012,772.033,756.144,740.349,724.651,709.050,693.551,678.154,662.862,647.676,632.597,617.627,602.766,588.017,573.378,558.852,544.438,530.136,515.947,501.870,487.905,474.051,460.309,446.676,433.152,419.736,406.426,393.221,380.120,367.121,354.222,341.420,328.715,316.103,303.582,291.150,278.804,266.542,254.360,242.256,230.226,218.269,206.379,194.555,182.792,171.088,159.438,147.840,136.289,124.782,113.316,101.885,90.487,79.118,67.773,56.449,45.142,33.847,22.561,11.280,0.000
0.000,41.576,83.139,124.669,166.146,207.552,248.868,290.075,331.155,372.089,412.859,453.448,493.836,534.007,573.944,613.629,653.047,692.182,731.016,769.537,807.727,845.574,883.062,920.179,956.911,993.245,1029.170,1064.673,1099.743,1134.371,1168.545,1202.256,1235.494,1268.252,1300.520,1332.292,1363.559,1394.316,1424.556,1454.273,1483.462,1512.118,1540.237,1567.815,1594.848,1621.334,1647.270,1672.653,1697.482,1721.755,1745.471,1768.629,1791.229,1813.271,1834.754,1855.680,1876.049,1895.862,1915.121,1933.826,1951.980,1969.584,1986.641,2003.153,2019.123,2034.553,2049.446,2063.805,2077.632,2090.932,2103.708,2115.962,2127.697,2138.919,2149.630,2159.834,2169.535,2178.735,2187.440,2195.653,2203.377,2210.616,2217.374,2223.655,2229.463,2234.801,2239.674,2244.084,2248.035,2251.533,2254.579,2257.178,2259.333,2261.047,2262.326,2263.171,2263.587,2263.576,2263.144,2262.292,2261.024,2259.344,2257.256,2254.762,2251.866,2248.571,2244.881,2240.799,2236.328,2231.472,2226.235,2220.618,2214.627,2208.265,2201.534,2194.439,2186.983,2179.170,2171.004,2162.487,2153.625,2144.420,2134.877,2125.000,2114.792,2104.258,2093.403,2082.230,2070.745,2058.950,2046.852,2034.454,2021.763,2008.782,1995.516,1981.971,1968.152,1954.065,1939.714,1925.107,1910.247,1895.142,1879.796,1864.217,1848.410,1832.381,1816.137,1799.685,1783.030,1766.180,1749.142,1731.921,1714.525,1696.962,1679.237,1661.359,1643.333,1625.169,1606.872,1588.450,1569.911,1551.261,1532.509,1513.661,1494.724,1475.708,1456.617,1437.460,1418.245,1398.978,1379.666,1360.317,1340.937,1321.535,1302.116,1282.687,1263.256,1243.828,1224.411,1205.010,1185.633,1166.284,1146.970,1127.697,1108.471,1089.296,1070.179,1051.125,1032.138,1013.224,994.387,975.631,956.961,938.381,919.896,901.507,883.220,865.037,846.962,828.997,811.145,793.408,775.789,758.290,740.912,723.658,706.528,689.524,672.647,655.898,639.277,622.784,606.421,590.186,574.080,558.102,542.252,526.529,510.932,495.460,480.111,464.884,449.778,434.790,419.919,405.163,390.519,375.984,361.557,347.234,333.013,318.891,304.864,290.930,277.084,263.325,249.647,236.048,222.523,209.069,195.681,182.356,169.091,155.879,142.718,129.603,116.529,103.493,90.489,77.514,64.562,51.630,38.712,25.804,12.902,0.000
0.000,46.871,93.726,140.543,187.302,233.980,280.557,327.010,373.319,419.464,465.423,511.176,556.704,601.986,647.004,691.738,736.169,780.280,824.053,867.470,910.514,953.171,995.422,1037.253,1078.650,1119.598,1160.084,1200.093,1239.614,1278.635,1317.143,1355.129,1392.582,1429.491,1465.848,1501.645,1536.872,1571.523,1605.591,1639.068,1671.951,1704.231,1735.906,1766.970,1797.420,1827.253,1856.464,1885.053,1913.016,1940.352,1967.061,1993.140,2018.590,2043.411,2067.602,2091.165,2114.100,2136.408,2158.091,2179.151,2199.590,2219.409,2238.612,2257.200,2275.177,2292.546,2309.311,2325.473,2341.037,2356.007,2370.386,2384.177,2397.385,2410.014,2422.068,2433.551,2444.467,2454.820,2464.615,2473.855,2482.545,2490.690,2498.293,2505.359,2511.892,2517.897,2523.376,2528.336,2532.780,2536.712,2540.136,2543.056,2545.477,2547.402,2548.836,2549.783,2550.246,2550.229,2549.737,2548.772,2547.340,2545.444,2543.088,2540.275,2537.010,2533.295,2529.136,2524.535,2519.496,2514.024,2508.122,2501.794,2495.043,2487.875,2480.291,2472.298,2463.897,2455.095,2445.894,2436.299,2426.314,2415.944,2405.192,2394.064,2382.564,2370.697,2358.466,2345.879,2332.938,2319.650,2306.019,2292.051,2277.751,2263.125,2248.179,2232.918,2217.348,2201.474,2185.305,2168.845,2152.101,2135.081,2117.789,2100.234,2082.422,2064.361,2046.056,2027.516,2008.749,1989.761,1970.560,1951.154,1931.551,1911.758,1891.784,1871.636,1851.323,1830.852,1810.232,1789.471,1768.578,1747.561,1726.427,1705.186,1683.846,1662.414,1640.900,1619.310,1597.655,1575.941,1554.178,1532.372,1510.532,1488.666,1466.782,1444.887,1422.989,1401.095,1379.213,1357.350,1335.513,1313.709,1291.944,1270.225,1248.560,1226.953,1205.411,1183.939,1162.545,1141.232,1120.006,1098.872,1077.835,1056.901,1036.072,1015.353,994.749,974.262,953.897,933.656,913.543,893.560,873.710,853.996,834.418,814.980,795.682,776.527,757.514,738.646,719.923,701.345,682.912,664.625,646.483,628.485,610.632,592.923,575.355,557.928,540.641,523.491,506.477,489.597,472.849,456.230,439.737,423.369,407.121,390.992,374.977,359.073,343.277,327.586,311.995,296.500,281.098,265.784,250.555,235.405,220.330,205.327,190.389,175.513,160.694,145.926,131.206,116.527,101.886,87.276,72.693,58.132,43.587,29.054,14.526,0.000
0.000,52.199,104.380,156.520,208.594,260.578,312.448,364.180,415.752,467.140,518.321,569.272,619.971,670.396,720.525,770.338,819.813,868.930,917.669,966.012,1013.939,1061.432,1108.473,1155.046,1201.134,1246.720,1291.791,1336.330,1380.325,1423.761,1466.626,1508.908,1550.594,1591.676,1632.141,1671.981,1711.186,1749.749,1787.661,1824.915,1861.505,1897.425,1932.669,1967.233,2001.113,2034.304,2066.803,2098.608,2129.716,2160.126,2189.836,2218.846,2247.155,2274.762,2301.669,2327.876,2353.383,2378.193,2402.307,2425.726,2448.454,2470.493,2491.845,2512.514,2532.503,2551.814,2570.452,2588.421,2605.725,2622.366,2638.350,2653.681,2668.363,2682.401,2695.799,2708.562,2720.694,2732.200,2743.085,2753.353,2763.010,2772.060,2780.508,2788.359,2795.617,2802.287,2808.373,2813.882,2818.816,2823.182,2826.983,2830.223,2832.909,2835.043,2836.631,2837.677,2838.186,2838.161,2837.607,2836.529,2834.930,2832.815,2830.189,2827.054,2823.417,2819.280,2814.648,2809.526,2803.916,2797.824,2791.255,2784.211,2776.697,2768.718,2760.278,2751.381,2742.032,2732.235,2721.996,2711.317,2700.205,2688.664,2676.699,2664.314,2651.516,2638.309,2624.698,2610.688,2596.286,2581.497,2566.327,2550.781,2534.866,2518.588,2501.952,2484.966,2467.636,2449.969,2431.971,2413.651,2395.014,2376.069,2356.822,2337.281,2317.454,2297.349,2276.973,2256.335,2235.444,2214.306,2192.932,2171.330,2149.507,2127.473,2105.237,2082.808,2060.194,2037.405,2014.450,1991.338,1968.079,1944.680,1921.153,1897.506,1873.748,1849.888,1825.937,1801.902,1777.794,1753.620,1729.391,1705.116,1680.802,1656.459,1632.097,1607.722,1583.344,1558.971,1534.611,1510.273,1485.964,1461.691,1437.463,1413.286,1389.169,1365.117,1341.137,1317.237,1293.422,1269.698,1246.072,1222.549,1199.134,1175.832,1152.649,1129.589,1106.656,1083.855,1061.190,1038.663,1016.278,994.040,971.949,950.009,928.223,906.591,885.116,863.800,842.644,821.649,800.815,780.142,759.633,739.285,719.099,699.075,679.211,659.507,639.963,620.574,601.341,582.262,563.334,544.555,525.924,507.436,489.089,470.881,452.807,434.865,417.051,399.360,381.790,364.337,346.994,329.760,312.629,295.596,278.657,261.807,245.041,228.354,211.740,195.196,178.714,162.290,145.919,129.594,113.310,97.062,80.844,64.650,48.475,32.311,16.155,0.000
0.000,57.565,115.111,172.610,230.037,287.364,344.565,401.614,458.485,515.153,571.591,627.776,683.682,739.284,794.560,849.485,904.037,958.193,1011.932,1065.231,1118.071,1170.432,1222.293,1273.636,1324.443,1374.696,1424.379,1473.475,1521.968,1569.845,1617.090,1663.691,1709.635,1754.910,1799.504,1843.408,1886.611,1929.104,1970.878,2011.927,2052.242,2091.817,2130.647,2168.725,2206.048,2242.611,2278.411,2313.444,2347.709,2381.204,2413.926,2445.876,2477.052,2507.455,2537.086,2565.944,2594.031,2621.349,2647.900,2673.685,2698.708,2722.972,2746.478,2769.232,2791.236,2812.493,2833.009,2852.788,2871.833,2890.148,2907.740,2924.612,2940.770,2956.218,2970.961,2985.005,2998.354,3011.013,3022.989,3034.286,3044.910,3054.865,3064.157,3072.792,3080.774,3088.109,3094.802,3100.858,3106.283,3111.081,3115.257,3118.817,3121.765,3124.107,3125.847,3126.991,3127.543,3127.508,3126.890,3125.695,3123.928,3121.592,3118.692,3115.234,3111.222,3106.659,3101.552,3095.904,3089.720,3083.005,3075.764,3068.000,3059.719,3050.926,3041.625,3031.820,3021.518,3010.722,2999.438,2987.671,2975.426,2962.709,2949.524,2935.877,2921.773,2907.219,2892.220,2876.783,2860.912,2844.614,2827.897,2810.765,2793.226,2775.287,2756.953,2738.234,2719.135,2699.664,2679.829,2659.637,2639.097,2618.216,2597.003,2575.465,2553.612,2531.452,2508.994,2486.246,2463.218,2439.920,2416.360,2392.547,2368.493,2344.205,2319.694,2294.970,2270.042,2244.921,2219.616,2194.139,2168.499,2142.706,2116.771,2090.703,2064.513,2038.211,2011.807,1985.313,1958.736,1932.089,1905.380,1878.619,1851.817,1824.983,1798.127,1771.258,1744.386,1717.519,1690.667,1663.839,1637.043,1610.288,1583.582,1556.933,1530.350,1503.839,1477.409,1451.066,1424.817,1398.670,1372.630,1346.704,1320.898,1295.218,1269.668,1244.254,1218.982,1193.854,1168.876,1144.052,1119.385,1094.879,1070.537,1046.362,1022.355,998.520,974.858,951.372,928.063,904.930,881.976,859.201,836.605,814.188,791.950,769.890,748.008,726.303,704.772,683.415,662.229,641.213,620.364,599.679,579.157,558.794,538.587,518.532,498.626,478.865,459.245,439.763,420.413,401.191,382.093,363.113,344.248,325.491,306.838,288.282,269.820,251.444,233.150,214.931,196.782,178.698,160.671,142.695,124.765,106.874,89.016,71.185,53.374,35.577,17.788,0.000
0.000,62.973,125.925,188.825,251.646,314.358,376.931,439.337,501.548,563.536,625.272,686.729,747.880,808.699,869.158,929.234,988.899,1048.131,1106.904,1165.195,1222.983,1280.245,1336.958,1393.104,1448.661,1503.611,1557.936,1611.617,1664.638,1716.982,1768.634,1819.580,1869.806,1919.298,1968.045,2016.035,2063.257,2109.701,2155.358,2200.220,2244.279,2287.527,2329.958,2371.567,2412.349,2452.298,2491.412,2529.688,2567.122,2603.713,2639.459,2674.359,2708.413,2741.622,2773.984,2805.503,2836.177,2866.011,2895.005,2923.163,2950.487,2976.981,3002.647,3027.489,3051.512,3074.720,3097.118,3118.709,3139.498,3159.491,3178.693,3197.108,3214.743,3231.602,3247.692,3263.017,3277.584,3291.398,3304.465,3316.791,3328.381,3339.242,3349.378,3358.796,3367.502,3375.501,3382.800,3389.402,3395.316,3400.545,3405.095,3408.972,3412.182,3414.730,3416.621,3417.860,3418.453,3418.405,3417.722,3416.408,3414.468,3411.909,3408.733,3404.948,3400.557,3395.566,3389.979,3383.803,3377.041,3369.699,3361.782,3353.294,3344.242,3334.629,3324.461,3313.744,3302.483,3290.683,3278.350,3265.488,3252.104,3238.203,3223.792,3208.876,3193.461,3177.553,3161.159,3144.284,3126.937,3109.123,3090.849,3072.123,3052.951,3033.341,3013.300,2992.837,2971.959,2950.674,2928.991,2906.917,2884.462,2861.634,2838.443,2814.896,2791.005,2766.777,2742.223,2717.353,2692.176,2666.702,2640.943,2614.906,2588.605,2562.049,2535.249,2508.215,2480.958,2453.490,2425.821,2397.963,2369.927,2341.723,2313.364,2284.860,2256.222,2227.462,2198.590,2169.619,2140.559,2111.421,2082.215,2052.954,2023.647,1994.306,1964.940,1935.561,1906.178,1876.801,1847.441,1818.107,1788.809,1759.556,1730.357,1701.221,1672.156,1643.171,1614.275,1585.475,1556.778,1528.193,1499.725,1471.383,1443.171,1415.098,1387.168,1359.388,1331.761,1304.295,1276.992,1249.858,1222.896,1196.111,1169.505,1143.082,1116.845,1090.795,1064.936,1039.268,1013.794,988.515,963.430,938.542,913.851,889.355,865.056,840.951,817.042,793.325,769.801,746.466,723.319,700.358,677.580,654.983,632.563,610.317,588.242,566.334,544.589,523.003,501.571,480.290,459.154,438.158,417.298,396.568,375.962,355.475,335.102,314.835,294.671,274.602,254.622,234.724,214.903,195.153,175.465,155.834,136.253,116.714,97.212,77.739,58.288,38.853,19.426,0.000
0.000,68.427,136.830,205.177,273.437,341.578,409.569,477.376,544.971,612.323,679.400,746.173,812.612,878.688,944.373,1009.640,1074.459,1138.805,1202.651,1265.973,1328.746,1390.944,1452.546,1513.529,1573.871,1633.552,1692.550,1750.848,1808.426,1865.268,1921.356,1976.675,2031.210,2084.946,2137.870,2189.971,2241.235,2291.653,2341.214,2389.910,2437.732,2484.672,2530.723,2575.881,2620.137,2663.490,2705.933,2747.465,2788.082,2827.782,2866.563,2904.426,2941.369,2977.392,3012.497,3046.684,3079.955,3112.312,3143.758,3174.295,3203.926,3232.655,3260.486,3287.423,3313.470,3338.632,3362.914,3386.321,3408.859,3430.531,3451.345,3471.306,3490.420,3508.692,3526.130,3542.738,3558.523,3573.492,3587.651,3601.006,3613.562,3625.328,3636.308,3646.509,3655.938,3664.600,3672.503,3679.651,3686.051,3691.710,3696.633,3700.826,3704.296,3707.047,3709.086,3710.419,3711.051,3710.988,3710.236,3708.800,3706.686,3703.899,3700.445,3696.329,3691.556,3686.132,3680.063,3673.354,3666.010,3658.037,3649.439,3640.223,3630.393,3619.957,3608.918,3597.283,3585.057,3572.247,3558.857,3544.895,3530.365,3515.275,3499.630,3483.437,3466.702,3449.433,3431.635,3413.316,3394.483,3375.143,3355.304,3334.973,3314.158,3292.868,3271.110,3248.892,3226.224,3203.113,3179.570,3155.602,3131.220,3106.433,3081.250,3055.682,3029.739,3003.430,2976.766,2949.759,2922.418,2894.755,2866.780,2838.506,2809.942,2781.102,2751.997,2722.637,2693.035,2663.203,2633.153,2602.898,2572.448,2541.817,2511.016,2480.059,2448.956,2417.720,2386.363,2354.898,2323.336,2291.689,2259.970,2228.190,2196.361,2164.494,2132.602,2100.695,2068.784,2036.880,2004.995,1973.138,1941.320,1909.552,1877.843,1846.202,1814.640,1783.165,1751.786,1720.512,1689.351,1658.312,1627.401,1596.626,1565.995,1535.514,1505.189,1475.027,1445.033,1415.213,1385.572,1356.114,1326.844,1297.766,1268.884,1240.201,1211.720,1183.444,1155.374,1127.514,1099.864,1072.426,1045.201,1018.189,991.391,964.807,938.436,912.277,886.330,860.593,835.065,809.745,784.628,759.713,734.998,710.479,686.154,662.018,638.068,614.299,590.707,567.289,544.038,520.951,498.022,475.246,452.617,430.129,407.777,385.555,363.455,341.473,319.600,297.832,276.161,254.579,233.081,211.659,190.305,169.013,147.776,126.585,105.433,84.313,63.217,42.138,21.069,0.000
0.000,73.929,147.834,221.677,295.426,369.045,442.501,515.759,588.786,661.548,734.014,806.149,877.922,949.302,1020.257,1090.758,1160.775,1230.278,1299.240,1367.634,1435.431,1502.607,1569.136,1634.994,1700.157,1764.604,1828.312,1891.260,1953.429,2014.800,2075.355,2135.077,2193.950,2251.958,2309.087,2365.324,2420.656,2475.072,2528.561,2581.113,2632.720,2683.372,2733.064,2781.787,2829.537,2876.309,2922.098,2966.901,3010.716,3053.539,3095.369,3136.206,3176.049,3214.899,3252.756,3289.622,3325.498,3360.387,3394.291,3427.214,3459.159,3490.131,3520.132,3549.168,3577.244,3604.365,3630.536,3655.763,3680.051,3703.406,3725.834,3747.343,3767.937,3787.625,3806.411,3824.303,3841.308,3857.432,3872.683,3887.066,3900.590,3913.259,3925.083,3936.066,3946.217,3955.542,3964.047,3971.740,3978.626,3984.713,3990.006,3994.514,3998.240,4001.193,4003.378,4004.802,4005.471,4005.390,4004.566,4003.005,4000.714,3997.696,3993.959,3989.509,3984.351,3978.492,3971.936,3964.689,3956.758,3948.149,3938.866,3928.916,3918.305,3907.038,3895.123,3882.564,3869.367,3855.540,3841.088,3826.018,3810.336,3794.048,3777.162,3759.685,3741.622,3722.982,3703.772,3683.999,3663.671,3642.796,3621.381,3599.436,3576.968,3553.986,3530.498,3506.515,3482.044,3457.096,3431.680,3405.805,3379.483,3352.722,3325.535,3297.931,3269.921,3241.516,3212.728,3183.568,3154.047,3124.178,3093.973,3063.443,3032.602,3001.460,2970.032,2938.329,2906.364,2874.151,2841.702,2809.031,2776.150,2743.073,2709.812,2676.382,2642.795,2609.064,2575.203,2541.225,2507.142,2472.969,2438.717,2404.399,2370.028,2335.617,2301.178,2266.724,2232.266,2197.817,2163.387,2128.989,2094.633,2060.331,2026.093,1991.930,1957.852,1923.869,1889.990,1856.225,1822.583,1789.072,1755.701,1722.478,1689.410,1656.505,1623.769,1591.210,1558.833,1526.644,1494.650,1462.853,1431.261,1399.877,1368.704,1337.747,1307.009,1276.493,1246.201,1216.135,1186.297,1156.688,1127.310,1098.163,1069.247,1040.563,1012.110,983.886,955.892,928.124,900.584,873.267,846.171,819.294,792.632,766.183,739.943,713.908,688.074,662.437,636.991,611.733,586.656,561.756,537.027,512.463,488.059,463.807,439.702,415.737,391.905,368.199,344.613,321.140,297.771,274.500,251.318,228.219,205.194,182.236,159.336,136.487,113.681,90.909,68.162,45.435,22.717,0.000
0.000,79.486,158.944,238.337,317.627,396.777,475.752,554.512,633.023,711.248,789.152,866.700,943.856,1020.589,1096.863,1172.647,1247.908,1322.615,1396.738,1470.247,1543.113,1615.308,1686.806,1757.579,1827.604,1896.855,1965.310,2032.946,2099.741,2165.676,2230.732,2294.889,2358.131,2420.441,2481.804,2542.205,2601.632,2660.072,2717.514,2773.946,2829.361,2883.747,2937.100,2989.410,3040.672,3090.882,3140.034,3188.125,3235.152,3281.112,3326.005,3369.830,3412.585,3454.273,3494.893,3534.447,3572.938,3610.368,3646.739,3682.056,3716.322,3749.542,3781.720,3812.861,3842.971,3872.055,3900.119,3927.168,3953.210,3978.251,4002.297,4025.355,4047.432,4068.536,4088.673,4107.850,4126.074,4143.355,4159.697,4175.109,4189.599,4203.173,4215.839,4227.604,4238.476,4248.462,4257.569,4265.804,4273.175,4279.688,4285.350,4290.169,4294.151,4297.303,4299.632,4301.144,4301.846,4301.745,4300.846,4299.157,4296.684,4293.433,4289.410,4284.622,4279.075,4272.774,4265.727,4257.939,4249.417,4240.166,4230.193,4219.504,4208.105,4196.003,4183.205,4169.715,4155.542,4140.691,4125.169,4108.984,4092.141,4074.649,4056.513,4037.742,4018.343,3998.324,3977.692,3956.456,3934.622,3912.202,3889.201,3865.629,3841.497,3816.811,3791.583,3765.820,3739.535,3712.735,3685.433,3657.638,3629.360,3600.612,3571.405,3541.749,3511.658,3481.141,3450.212,3418.883,3387.166,3355.074,3322.620,3289.818,3256.679,3223.218,3189.449,3155.384,3121.038,3086.424,3051.557,3016.450,2981.118,2945.575,2909.835,2873.911,2837.820,2801.574,2765.188,2728.676,2692.053,2655.331,2618.525,2581.649,2544.716,2507.741,2470.735,2433.713,2396.688,2359.672,2322.678,2285.718,2248.804,2211.948,2175.162,2138.457,2101.844,2065.334,2028.936,1992.662,1956.519,1920.519,1884.670,1848.980,1813.458,1778.111,1742.948,1707.974,1673.198,1638.624,1604.259,1570.109,1536.179,1502.472,1468.995,1435.749,1402.740,1369.970,1337.441,1305.156,1273.117,1241.324,1209.781,1178.486,1147.440,1116.644,1086.096,1055.797,1025.744,995.936,966.371,937.048,907.962,879.113,850.495,822.107,793.943,766.001,738.274,710.760,683.451,656.344,629.434,602.713,576.176,549.817,523.629,497.607,471.742,446.027,420.456,395.022,369.716,344.530,319.457,294.490,269.620,244.837,220.135,195.504,170.937,146.424,121.957,97.526,73.124,48.742,24.370,0.000
0.000,85.100,170.169,255.168,340.057,424.796,509.344,593.663,677.713,761.456,844.853,927.868,1010.462,1092.599,1174.244,1255.362,1335.917,1415.878,1495.210,1573.882,1651.863,1729.124,1805.635,1881.368,1956.296,2030.394,2103.635,2175.998,2247.458,2317.993,2387.585,2456.212,2523.856,2590.501,2656.129,2720.725,2784.276,2846.767,2908.188,2968.526,3027.773,3085.918,3142.953,3198.871,3253.666,3307.332,3359.865,3411.261,3461.517,3510.631,3558.601,3605.427,3651.109,3695.646,3739.041,3781.294,3822.410,3862.389,3901.236,3938.955,3975.549,4011.025,4045.385,4078.637,4110.785,4141.837,4171.798,4200.675,4228.474,4255.203,4280.869,4305.479,4329.041,4351.562,4373.050,4393.513,4412.959,4431.395,4448.830,4465.271,4480.727,4495.204,4508.712,4521.258,4532.850,4543.496,4553.203,4561.979,4569.832,4576.770,4582.798,4587.927,4592.162,4595.510,4597.980,4599.577,4600.310,4600.185,4599.208,4597.388,4594.730,4591.241,4586.928,4581.798,4575.857,4569.111,4561.568,4553.233,4544.114,4534.217,4523.548,4512.115,4499.923,4486.979,4473.291,4458.865,4443.707,4427.825,4411.227,4393.918,4375.907,4357.201,4337.808,4317.734,4296.989,4275.581,4253.517,4230.806,4207.458,4183.480,4158.881,4133.672,4107.863,4081.461,4054.478,4026.924,3998.809,3970.145,3940.942,3911.211,3880.964,3850.213,3818.969,3787.246,3755.055,3722.410,3689.322,3655.806,3621.875,3587.541,3552.821,3517.726,3482.272,3446.472,3410.341,3373.895,3337.146,3300.111,3262.805,3225.242,3187.437,3149.406,3111.165,3072.728,3034.110,2995.327,2956.395,2917.328,2878.140,2838.849,2799.467,2760.010,2720.493,2680.931,2641.336,2601.725,2562.111,2522.507,2482.926,2443.383,2403.890,2364.459,2325.104,2285.836,2246.667,2207.609,2168.672,2129.867,2091.205,2052.696,2014.349,1976.173,1938.178,1900.371,1862.761,1825.356,1788.162,1751.186,1714.434,1677.913,1641.628,1605.584,1569.785,1534.236,1498.939,1463.900,1429.120,1394.601,1360.346,1326.357,1292.634,1259.178,1225.990,1193.069,1160.415,1128.027,1095.903,1064.043,1032.444,1001.103,970.017,939.185,908.602,878.263,848.166,818.306,788.678,759.277,730.098,701.134,672.381,643.831,615.478,587.316,559.338,531.536,503.904,476.432,449.116,421.945,394.911,368.007,341.224,314.554,287.987,261.516,235.130,208.820,182.579,156.396,130.262,104.168,78.104,52.061,26.030,0.000
0.000,90.775,181.517,272.184,362.732,453.119,543.303,633.240,722.889,812.208,901.158,989.697,1077.785,1165.384,1252.455,1338.961,1424.865,1510.131,1594.725,1678.611,1761.757,1844.132,1925.704,2006.442,2086.320,2165.307,2243.379,2320.510,2396.675,2471.851,2546.016,2619.150,2691.233,2762.246,2832.172,2900.995,2968.700,3035.272,3100.700,3164.972,3228.076,3290.003,3350.745,3410.293,3468.642,3525.786,3581.719,3636.439,3689.942,3742.225,3793.288,3843.129,3891.750,3939.150,3985.331,4030.295,4074.045,4116.584,4157.916,4198.045,4236.975,4274.712,4311.262,4346.631,4380.823,4413.848,4445.710,4476.417,4505.977,4534.397,4561.686,4587.851,4612.899,4636.839,4659.680,4681.429,4702.097,4721.689,4740.216,4757.686,4774.107,4789.488,4803.837,4817.163,4829.473,4840.777,4851.082,4860.398,4868.732,4876.091,4882.485,4887.920,4892.405,4895.947,4898.555,4900.235,4900.995,4900.842,4899.784,4897.828,4894.982,4891.251,4886.644,4881.168,4874.828,4867.633,4859.588,4850.702,4840.981,4830.432,4819.062,4806.877,4793.886,4780.094,4765.509,4750.139,4733.990,4717.069,4699.386,4680.946,4661.758,4641.829,4621.168,4599.783,4577.682,4554.874,4531.368,4507.172,4482.296,4456.749,4430.541,4403.682,4376.182,4348.051,4319.300,4289.940,4259.982,4229.438,4198.318,4166.636,4134.403,4101.632,4068.335,4034.527,4000.220,3965.427,3930.163,3894.440,3858.275,3821.681,3784.673,3747.266,3709.475,3671.316,3632.803,3593.952,3554.780,3515.302,3475.534,3435.492,3395.193,3354.652,3313.886,3272.912,3231.745,3190.402,3148.899,3107.253,3065.479,3023.593,2981.612,2939.551,2897.427,2855.253,2813.047,2770.823,2728.596,2686.380,2644.191,2602.041,2559.945,2517.917,2475.971,2434.117,2392.370,2350.742,2309.245,2267.889,2226.686,2185.646,2144.780,2104.099,2063.610,2023.324,1983.248,1943.391,1903.761,1864.364,1825.207,1786.297,1747.640,1709.241,1671.103,1633.233,1595.634,1558.309,1521.262,1484.495,1448.010,1411.808,1375.892,1340.261,1304.916,1269.857,1235.083,1200.594,1166.388,1132.463,1098.816,1065.446,1032.350,999.523,966.963,934.665,902.624,870.837,839.297,808.000,776.940,746.111,715.505,685.117,654.940,624.967,595.190,565.601,536.194,506.959,477.888,448.973,420.205,391.576,363.075,334.695,306.426,278.258,250.182,222.188,194.266,166.407,138.599,110.835,83.102,55.393,27.695,0.000
0.000,96.515,192.996,289.395,385.668,481.769,577.651,673.270,768.582,863.541,958.105,1052.230,1145.873,1238.994,1331.551,1423.503,1514.813,1605.441,1695.350,1784.505,1872.870,1960.410,2047.093,2132.887,2217.761,2301.686,2384.634,2466.577,2547.490,2627.348,2706.127,2783.807,2860.366,2935.784,3010.043,3083.126,3155.017,3225.702,3295.167,3363.400,3430.389,3496.125,3560.598,3623.800,3685.726,3746.368,3805.723,3863.785,3920.552,3976.022,4030.194,4083.066,4134.640,4184.916,4233.896,4281.582,4327.978,4373.087,4416.912,4459.460,4500.734,4540.741,4579.487,4616.977,4653.220,4688.221,4721.989,4754.531,4785.856,4815.971,4844.884,4872.604,4899.141,4924.502,4948.696,4971.733,4993.623,5014.372,5033.991,5052.489,5069.875,5086.158,5101.347,5115.451,5128.479,5140.439,5151.342,5161.195,5170.006,5177.786,5184.541,5190.281,5195.013,5198.747,5201.489,5203.248,5204.032,5203.849,5202.705,5200.610,5197.571,5193.595,5188.689,5182.861,5176.119,5168.468,5159.918,5150.475,5140.146,5128.939,5116.861,5103.919,5090.122,5075.474,5059.986,5043.664,5026.516,5008.549,4989.772,4970.192,4949.818,4928.657,4906.719,4884.012,4860.545,4836.326,4811.366,4785.674,4759.258,4732.130,4704.299,4675.777,4646.573,4616.698,4586.165,4554.983,4523.166,4490.725,4457.674,4424.023,4389.787,4354.978,4319.611,4283.699,4247.256,4210.297,4172.836,4134.888,4096.468,4057.592,4018.276,3978.535,3938.386,3897.844,3856.926,3815.650,3774.030,3732.086,3689.832,3647.288,3604.470,3561.395,3518.080,3474.544,3430.803,3386.875,3342.777,3298.526,3254.140,3209.636,3165.030,3120.340,3075.583,3030.774,2985.931,2941.069,2896.204,2851.352,2806.528,2761.748,2717.026,2672.377,2627.814,2583.352,2539.004,2494.782,2450.700,2406.770,2363.004,2319.412,2276.006,2232.797,2189.794,2147.006,2104.444,2062.116,2020.029,1978.191,1936.610,1895.292,1854.244,1813.471,1772.977,1732.769,1692.849,1653.223,1613.892,1574.860,1536.128,1497.699,1459.574,1421.753,1384.238,1347.027,1310.120,1273.516,1237.213,1201.211,1165.505,1130.093,1094.973,1060.141,1025.593,991.323,957.328,923.603,890.142,856.939,823.988,791.282,758.816,726.581,694.571,662.778,631.193,599.810,568.618,537.611,506.779,476.112,445.602,415.240,385.015,354.918,324.939,295.067,265.294,235.608,205.999,176.456,146.969,117.528,88.121,58.738,29.368,0.000
0.000,102.325,204.613,306.815,408.882,510.765,612.415,713.784,814.826,915.491,1015.735,1115.512,1214.775,1313.480,1411.585,1509.046,1605.822,1701.872,1797.157,1891.637,1985.276,2078.037,2169.885,2260.787,2350.709,2439.621,2527.492,2614.295,2700.001,2784.585,2868.022,2950.288,3031.362,3111.224,3189.853,3267.232,3343.343,3418.173,3491.707,3563.931,3634.834,3704.406,3772.636,3839.518,3905.043,3969.206,4032.002,4093.428,4153.478,4212.153,4269.450,4325.369,4379.911,4433.076,4484.868,4535.289,4584.341,4632.030,4678.359,4723.334,4766.960,4809.244,4850.192,4889.812,4928.109,4965.093,5000.771,5035.152,5068.244,5100.056,5130.597,5159.876,5187.902,5214.685,5240.234,5264.560,5287.671,5309.577,5330.288,5349.814,5368.164,5385.348,5401.376,5416.257,5430.000,5442.616,5454.113,5464.501,5473.789,5481.986,5489.100,5495.142,5500.118,5504.040,5506.913,5508.748,5509.552,5509.334,5508.102,5505.864,5502.627,5498.400,5493.191,5487.007,5479.856,5471.746,5462.685,5452.679,5441.736,5429.865,5417.073,5403.368,5388.756,5373.247,5356.848,5339.566,5321.410,5302.388,5282.508,5261.780,5240.210,5217.807,5194.582,5170.542,5145.697,5120.057,5093.631,5066.430,5038.462,5009.740,4980.273,4950.073,4919.150,4887.517,4855.185,4822.167,4788.475,4754.121,4719.119,4683.483,4647.225,4610.360,4572.903,4534.868,4496.269,4457.123,4417.444,4377.249,4336.554,4295.374,4253.727,4211.630,4169.098,4126.151,4082.805,4039.077,3994.987,3950.550,3905.787,3860.715,3815.352,3769.717,3723.828,3677.703,3631.362,3584.822,3538.103,3491.222,3444.197,3397.048,3349.791,3302.445,3255.028,3207.557,3160.050,3112.524,3064.995,3017.481,2969.997,2922.561,2875.186,2827.889,2780.686,2733.589,2686.615,2639.776,2593.086,2546.557,2500.204,2454.036,2408.067,2362.307,2316.766,2271.456,2226.386,2181.564,2136.999,2092.700,2048.674,2004.929,1961.470,1918.303,1875.435,1832.869,1790.611,1748.665,1707.033,1665.719,1624.724,1584.051,1543.702,1503.676,1463.974,1424.596,1385.541,1346.808,1308.395,1270.301,1232.523,1195.058,1157.902,1121.052,1084.503,1048.250,1012.290,976.615,941.221,906.102,871.250,836.659,802.321,768.230,734.377,700.755,667.354,634.166,601.183,568.395,535.793,503.367,471.107,439.003,407.046,375.224,343.528,311.946,280.468,249.083,217.780,186.547,155.374,124.248,93.159,62.096,31.047,0.000
0.000,108.209,216.379,324.457,432.390,540.128,647.618,754.810,861.653,968.096,1074.090,1179.587,1284.538,1388.896,1492.616,1595.651,1697.958,1799.492,1900.214,2000.081,2099.053,2197.093,2294.163,2390.227,2485.252,2579.203,2672.049,2763.760,2854.308,2943.664,3031.802,3118.699,3204.331,3288.676,3371.713,3453.425,3533.794,3612.803,3690.438,3766.684,3841.531,3914.967,3986.982,4057.569,4126.719,4194.426,4260.686,4325.495,4388.849,4450.746,4511.186,4570.169,4627.694,4683.764,4738.381,4791.548,4843.269,4893.548,4942.391,4989.802,5035.788,5080.357,5123.514,5165.268,5205.626,5244.598,5282.190,5318.414,5353.277,5386.789,5418.959,5449.799,5479.316,5507.523,5534.428,5560.042,5584.375,5607.438,5629.241,5649.794,5669.107,5687.191,5704.056,5719.713,5734.170,5747.439,5759.529,5770.449,5780.210,5788.822,5796.293,5802.633,5807.851,5811.956,5814.958,5816.864,5817.685,5817.429,5816.103,5813.717,5810.279,5805.797,5800.280,5793.735,5786.170,5777.595,5768.016,5757.441,5745.879,5733.337,5719.824,5705.348,5689.916,5673.537,5656.218,5637.969,5618.797,5598.711,5577.720,5555.832,5533.057,5509.403,5484.879,5459.495,5433.262,5406.187,5378.283,5349.560,5320.027,5289.697,5258.579,5226.686,5194.030,5160.623,5126.477,5091.605,5056.020,5019.736,4982.766,4945.125,4906.826,4867.886,4828.318,4788.139,4747.364,4706.009,4664.091,4621.626,4578.632,4535.125,4491.124,4446.645,4401.708,4356.330,4310.529,4264.326,4217.738,4170.784,4123.484,4075.858,4027.923,3979.701,3931.210,3882.469,3833.500,3784.321,3734.952,3685.413,3635.721,3585.898,3535.962,3485.932,3435.828,3385.667,3335.468,3285.249,3235.029,3184.825,3134.654,3084.533,3034.479,2984.508,2934.637,2884.880,2835.253,2785.770,2736.446,2687.294,2638.327,2589.560,2541.002,2492.667,2444.566,2396.710,2349.107,2301.770,2254.705,2207.923,2161.431,2115.236,2069.345,2023.765,1978.502,1933.560,1888.944,1844.659,1800.708,1757.094,1713.819,1670.885,1628.294,1586.046,1544.142,1502.581,1461.363,1420.486,1379.949,1339.750,1299.885,1260.352,1221.147,1182.266,1143.705,1105.457,1067.519,1029.884,992.546,955.499,918.735,882.248,846.029,810.071,774.366,738.905,703.678,668.677,633.893,599.316,564.935,530.741,496.723,462.871,429.173,395.619,362.198,328.898,295.708,262.616,229.611,196.681,163.813,130.997,98.220,65.469,32.733,0.000
0.000,114.171,228.300,342.331,456.210,569.880,683.287,796.377,909.096,1021.392,1133.210,1244.501,1355.212,1465.295,1574.699,1683.377,1791.282,1898.369,2004.593,2109.910,2214.279,2317.659,2420.010,2521.296,2621.478,2720.524,2818.398,2915.071,3010.510,3104.687,3197.574,3289.147,3379.380,3468.250,3555.737,3641.821,3726.484,3809.708,3891.478,3971.781,4050.602,4127.933,4203.761,4278.080,4350.880,4422.156,4491.903,4560.116,4626.794,4691.934,4755.534,4817.597,4878.121,4937.110,4994.566,5050.492,5104.893,5157.774,5209.140,5258.997,5307.352,5354.212,5399.586,5443.480,5485.905,5526.869,5566.381,5604.450,5641.087,5676.302,5710.105,5742.507,5773.518,5803.148,5831.409,5858.313,5883.868,5908.087,5930.981,5952.560,5972.836,5991.819,6009.520,6025.950,6041.119,6055.039,6067.719,6079.169,6089.401,6098.425,6106.249,6112.884,6118.340,6122.626,6125.752,6127.727,6128.560,6128.261,6126.838,6124.299,6120.655,6115.913,6110.082,6103.171,6095.187,6086.140,6076.038,6064.888,6052.700,6039.481,6025.240,6009.986,5993.726,5976.469,5958.223,5938.998,5918.801,5897.642,5875.530,5852.473,5828.481,5803.564,5777.731,5750.992,5723.358,5694.837,5665.442,5635.183,5604.071,5572.118,5539.334,5505.734,5471.328,5436.130,5400.153,5363.409,5325.914,5287.680,5248.724,5209.058,5168.699,5127.662,5085.963,5043.618,5000.644,4957.058,4912.878,4868.119,4822.802,4776.944,4730.562,4683.678,4636.308,4588.474,4540.193,4491.486,4442.373,4392.875,4343.010,4292.800,4242.266,4191.428,4140.306,4088.921,4037.295,3985.447,3933.399,3881.171,3828.784,3776.257,3723.612,3670.869,3618.047,3565.166,3512.246,3459.305,3406.364,3353.441,3300.553,3247.719,3194.957,3142.284,3089.717,3037.271,2984.964,2932.810,2880.824,2829.022,2777.417,2726.022,2674.851,2623.916,2573.229,2522.802,2472.644,2422.766,2373.179,2323.890,2274.909,2226.242,2177.899,2129.884,2082.205,2034.866,1987.873,1941.229,1894.940,1849.006,1803.432,1758.220,1713.369,1668.882,1624.759,1580.999,1537.602,1494.566,1451.890,1409.570,1367.605,1325.990,1284.722,1243.797,1203.209,1162.954,1123.026,1083.418,1044.125,1005.138,966.451,928.057,889.947,852.112,814.544,777.234,740.172,703.349,666.754,630.378,594.210,558.239,522.455,486.845,451.398,416.104,380.950,345.924,311.014,276.208,241.494,206.859,172.290,137.775,103.301,68.856,34.427,0.000
0.000,120.216,240.387,360.454,480.358,600.042,719.447,838.515,957.191,1075.417,1193.139,1310.300,1426.848,1542.729,1657.893,1772.287,1885.863,1998.571,2110.366,2221.201,2331.032,2439.816,2547.512,2654.079,2759.480,2863.678,2966.637,3068.325,3168.708,3267.757,3365.443,3461.739,3556.619,3650.060,3742.038,3832.535,3921.531,4009.008,4094.949,4179.342,4262.171,4343.427,4423.098,4501.176,4577.653,4652.522,4725.780,4797.421,4867.443,4935.845,5002.625,5067.785,5131.325,5193.248,5253.556,5312.255,5369.348,5424.841,5478.740,5531.052,5581.784,5630.945,5678.541,5724.583,5769.080,5812.041,5853.476,5893.395,5931.810,5968.731,6004.168,6038.134,6070.638,6101.694,6131.312,6159.504,6186.282,6211.657,6235.641,6258.246,6279.482,6299.362,6317.897,6335.099,6350.978,6365.546,6378.814,6390.792,6401.492,6410.924,6419.098,6426.025,6431.715,6436.179,6439.425,6441.464,6442.305,6441.959,6440.433,6437.737,6433.882,6428.875,6422.725,6415.442,6407.034,6397.509,6386.877,6375.146,6362.325,6348.422,6333.446,6317.406,6300.310,6282.167,6262.986,6242.775,6221.545,6199.303,6176.059,6151.823,6126.605,6100.414,6073.260,6045.153,6016.105,5986.125,5955.225,5923.416,5890.710,5857.119,5822.655,5787.330,5751.158,5714.152,5676.326,5637.693,5598.268,5558.066,5517.102,5475.392,5432.951,5389.796,5345.943,5301.410,5256.214,5210.373,5163.905,5116.829,5069.163,5020.927,4972.140,4922.823,4872.994,4822.675,4771.886,4720.647,4668.981,4616.908,4564.450,4511.628,4458.464,4404.979,4351.196,4297.136,4242.822,4188.275,4133.517,4078.569,4023.454,3968.193,3912.808,3857.320,3801.749,3746.117,3690.445,3634.752,3579.059,3523.385,3467.750,3412.173,3356.673,3301.268,3245.975,3190.812,3135.795,3080.941,3026.265,2971.785,2917.513,2863.465,2809.653,2756.091,2702.792,2649.767,2597.029,2544.586,2492.451,2440.632,2389.138,2337.977,2287.157,2236.685,2186.568,2136.811,2087.419,2038.397,1989.748,1941.476,1893.584,1846.074,1798.946,1752.203,1705.843,1659.867,1614.274,1569.063,1524.231,1479.776,1435.694,1391.983,1348.638,1305.655,1263.028,1220.752,1178.821,1137.228,1095.966,1055.029,1014.407,974.095,934.081,894.359,854.918,815.748,776.841,738.185,699.771,661.587,623.622,585.866,548.306,510.930,473.726,436.683,399.788,363.028,326.390,289.861,253.430,217.082,180.804,144.583,108.406,72.259,36.128,0.000
0.000,126.347,252.646,378.835,504.852,630.635,756.123,881.255,1005.971,1130.212,1253.918,1377.032,1499.496,1621.256,1742.256,1862.443,1981.764,2100.168,2217.606,2334.030,2449.392,2563.648,2676.754,2788.668,2899.349,3008.760,3116.863,3223.623,3329.006,3432.980,3535.516,3636.584,3736.160,3834.217,3930.732,4025.684,4119.053,4210.821,4300.972,4389.489,4476.360,4561.573,4645.118,4726.984,4807.165,4885.655,4962.447,5037.539,5110.927,5182.611,5252.590,5320.865,5387.437,5452.309,5515.485,5576.969,5636.766,5694.883,5751.326,5806.102,5859.219,5910.687,5960.514,6008.710,6055.283,6100.246,6143.609,6185.382,6225.577,6264.206,6301.279,6336.810,6370.811,6403.292,6434.268,6463.749,6491.749,6518.279,6543.352,6566.980,6589.176,6609.952,6629.319,6647.290,6663.877,6679.090,6692.942,6705.445,6716.610,6726.447,6734.968,6742.183,6748.104,6752.740,6756.102,6758.201,6759.047,6758.648,6757.015,6754.158,6750.086,6744.808,6738.334,6730.674,6721.835,6711.826,6700.658,6688.339,6674.878,6660.284,6644.566,6627.732,6609.792,6590.754,6570.629,6549.424,6527.150,6503.815,6479.430,6454.004,6427.548,6400.071,6371.584,6342.097,6311.622,6280.169,6247.750,6214.378,6180.063,6144.818,6108.656,6071.591,6033.635,5994.804,5955.110,5914.568,5873.194,5831.003,5788.011,5744.234,5699.689,5654.394,5608.364,5561.619,5514.177,5466.055,5417.275,5367.855,5317.814,5267.173,5215.953,5164.174,5111.858,5059.026,5005.699,4951.899,4897.650,4842.972,4787.889,4732.424,4676.598,4620.436,4563.960,4507.192,4450.158,4392.878,4335.378,4277.678,4219.803,4161.775,4103.617,4045.350,3986.998,3928.583,3870.125,3811.647,3753.169,3694.714,3636.300,3577.948,3519.678,3461.509,3403.459,3345.547,3287.790,3230.206,3172.812,3115.624,3058.656,3001.925,2945.444,2889.228,2833.289,2777.640,2722.294,2667.261,2612.552,2558.177,2504.146,2450.466,2397.147,2344.195,2291.616,2239.419,2187.606,2136.183,2085.155,2034.525,1984.295,1934.467,1885.042,1836.024,1787.409,1739.200,1691.394,1643.990,1596.986,1550.379,1504.166,1458.343,1412.907,1367.851,1323.171,1278.860,1234.912,1191.321,1148.079,1105.178,1062.610,1020.367,978.439,936.818,895.492,854.454,813.690,773.192,732.948,692.946,653.176,613.624,574.279,535.128,496.158,457.358,418.713,380.210,341.836,303.578,265.421,227.352,189.357,151.423,113.534,75.677,37.837,0.000
0.000,132.570,265.089,397.491,529.710,661.683,793.344,924.628,1055.473,1185.815,1315.592,1444.743,1573.209,1700.930,1827.849,1953.908,2079.054,2203.231,2326.388,2448.475,2569.441,2689.239,2807.824,2925.152,3041.179,3155.866,3269.174,3381.066,3491.506,3600.461,3707.900,3813.794,3918.115,4020.836,4121.933,4221.385,4319.170,4415.270,4509.667,4602.347,4693.295,4782.499,4869.948,4955.633,5039.546,5121.682,5202.035,5280.600,5357.377,5432.365,5505.562,5576.969,5646.590,5714.427,5780.485,5844.767,5907.281,5968.033,6027.029,6084.279,6139.791,6193.574,6245.638,6295.993,6344.649,6391.619,6436.913,6480.543,6522.521,6562.860,6601.572,6638.670,6674.167,6708.075,6740.407,6771.177,6800.398,6828.082,6854.243,6878.894,6902.048,6923.717,6943.914,6962.651,6979.942,6995.799,7010.233,7023.257,7034.883,7045.122,7053.985,7061.485,7067.632,7072.438,7075.912,7078.066,7078.910,7078.455,7076.710,7073.686,7069.392,7063.839,7057.035,7048.990,7039.714,7029.216,7017.506,7004.592,6990.484,6975.191,6958.722,6941.086,6922.294,6902.353,6881.274,6859.065,6835.738,6811.300,6785.763,6759.137,6731.431,6702.656,6672.823,6641.943,6610.028,6577.088,6543.136,6508.184,6472.244,6435.329,6397.453,6358.630,6318.873,6278.196,6236.616,6194.146,6150.802,6106.601,6061.559,6015.693,5969.021,5921.561,5873.331,5824.349,5774.634,5724.207,5673.088,5621.296,5568.853,5515.779,5462.097,5407.828,5352.994,5297.618,5241.722,5185.330,5128.466,5071.152,5013.412,4955.270,4896.750,4837.877,4778.674,4719.166,4659.377,4599.332,4539.054,4478.568,4417.898,4357.069,4296.103,4235.024,4173.857,4112.623,4051.346,3990.049,3928.753,3867.482,3806.255,3745.095,3684.022,3623.056,3562.217,3501.524,3440.996,3380.651,3320.506,3260.578,3200.885,3141.441,3082.262,3023.362,2964.754,2906.454,2848.472,2790.821,2733.512,2676.555,2619.960,2563.737,2507.892,2452.435,2397.373,2342.711,2288.455,2234.610,2181.181,2128.170,2075.581,2023.415,1971.675,1920.361,1869.473,1819.011,1768.974,1719.361,1670.168,1621.393,1573.032,1525.082,1477.538,1430.395,1383.646,1337.286,1291.309,1245.706,1200.470,1155.593,1111.066,1066.880,1023.027,979.495,936.274,893.355,850.725,808.374,766.290,724.460,682.874,641.517,600.378,559.443,518.699,478.131,437.728,397.474,357.356,317.359,277.469,237.671,197.951,158.294,118.685,79.110,39.553,0.000
0.000,138.888,277.722,416.433,554.951,693.208,831.135,968.665,1105.731,1242.266,1378.206,1513.484,1648.039,1781.809,1914.731,2046.748,2177.800,2307.832,2436.788,2564.614,2691.260,2816.675,2940.811,3063.622,3185.064,3305.094,3423.671,3540.756,3656.314,3770.308,3882.707,3993.480,4102.598,4210.032,4315.760,4419.757,4522.002,4622.475,4721.160,4818.039,4913.100,5006.329,5097.715,5187.250,5274.925,5360.734,5444.672,5526.737,5606.925,5685.236,5761.671,5836.230,5908.917,5979.735,6048.688,6115.783,6181.026,6244.424,6305.985,6365.718,6423.633,6479.738,6534.045,6586.566,6637.310,6686.290,6733.519,6779.010,6822.774,6864.826,6905.177,6943.843,6980.836,7016.171,7049.860,7081.919,7112.360,7141.197,7168.445,7194.116,7218.225,7240.785,7261.809,7281.311,7299.304,7315.800,7330.812,7344.354,7356.437,7367.075,7376.277,7384.057,7390.426,7395.396,7398.978,7401.182,7402.021,7401.504,7399.642,7396.445,7391.924,7386.089,7378.949,7370.515,7360.796,7349.801,7337.542,7324.026,7309.263,7293.264,7276.036,7257.591,7237.938,7217.085,7195.043,7171.821,7147.429,7121.878,7095.178,7067.339,7038.372,7008.287,6977.095,6944.809,6911.439,6876.998,6841.497,6804.950,6767.370,6728.768,6689.161,6648.561,6606.983,6564.443,6520.955,6476.536,6431.201,6384.968,6337.854,6289.876,6241.053,6191.404,6140.947,6089.702,6037.690,5984.929,5931.443,5877.252,5822.377,5766.841,5710.666,5653.876,5596.493,5538.542,5480.046,5421.029,5361.516,5301.532,5241.101,5180.249,5119.001,5057.382,4995.417,4933.133,4870.554,4807.707,4744.617,4681.309,4617.809,4554.142,4490.332,4426.406,4362.386,4298.299,4234.167,4170.015,4105.866,4041.743,3977.669,3913.666,3849.755,3785.958,3722.296,3658.788,3595.455,3532.315,3469.387,3406.689,3344.238,3282.050,3220.141,3158.527,3097.222,3036.240,2975.593,2915.296,2855.358,2795.792,2736.607,2677.813,2619.419,2561.432,2503.861,2446.710,2389.987,2333.697,2277.843,2222.430,2167.460,2112.935,2058.858,2005.230,1952.049,1899.316,1847.030,1795.188,1743.788,1692.828,1642.303,1592.209,1542.542,1493.296,1444.464,1396.041,1348.019,1300.390,1253.147,1206.280,1159.782,1113.641,1067.849,1022.395,977.268,932.456,887.949,843.734,799.800,756.133,712.720,669.549,626.606,583.877,541.348,499.006,456.835,414.821,372.950,331.206,289.574,248.038,206.585,165.198,123.861,82.560,41.278,0.000
0.000,145.307,290.557,435.676,580.593,725.233,869.526,1013.400,1156.783,1299.608,1441.804,1583.304,1724.041,1863.950,2002.966,2141.028,2278.074,2414.044,2548.881,2682.529,2814.934,2946.043,3075.805,3204.173,3331.100,3456.541,3580.454,3702.799,3823.536,3942.630,4060.047,4175.755,4289.723,4401.923,4512.330,4620.920,4727.670,4832.560,4935.573,5036.692,5135.902,5233.191,5328.548,5421.964,5513.430,5602.941,5690.492,5776.079,5859.702,5941.359,6021.051,6098.781,6174.551,6248.365,6320.230,6390.151,6458.135,6524.191,6588.326,6650.552,6710.877,6769.312,6825.869,6880.560,6933.397,6984.393,7033.561,7080.915,7126.467,7170.233,7212.226,7252.460,7290.950,7327.711,7362.757,7396.103,7427.763,7457.751,7486.084,7512.773,7537.835,7561.284,7583.132,7603.395,7622.086,7639.219,7654.807,7668.862,7681.399,7692.430,7701.968,7710.023,7716.610,7721.740,7725.424,7727.675,7728.503,7727.919,7725.934,7722.559,7717.805,7711.683,7704.201,7695.371,7685.202,7673.704,7660.888,7646.763,7631.338,7614.625,7596.631,7577.367,7556.844,7535.070,7512.055,7487.810,7462.345,7435.669,7407.795,7378.732,7348.490,7317.082,7284.519,7250.812,7215.974,7180.016,7142.951,7104.793,7065.555,7025.250,6983.892,6941.497,6898.080,6853.655,6808.240,6761.850,6714.502,6666.214,6617.004,6566.890,6515.892,6464.028,6411.318,6357.783,6303.444,6248.323,6192.441,6135.820,6078.483,6020.454,5961.756,5902.413,5842.449,5781.889,5720.759,5659.083,5596.888,5534.198,5471.042,5407.443,5343.430,5279.029,5214.266,5149.169,5083.764,5018.078,4952.138,4885.970,4819.602,4753.059,4686.369,4619.556,4552.648,4485.669,4418.645,4351.601,4284.561,4217.550,4150.592,4083.709,4016.925,3950.261,3883.740,3817.383,3751.210,3685.242,3619.497,3553.994,3488.752,3423.787,3359.117,3294.757,3230.723,3167.029,3103.688,3040.715,2978.120,2915.916,2854.113,2792.721,2731.749,2671.207,2611.100,2551.436,2492.222,2433.461,2375.160,2317.322,2259.949,2203.044,2146.609,2090.645,2035.151,1980.127,1925.572,1871.483,1817.859,1764.695,1711.988,1659.734,1607.928,1556.563,1505.632,1455.130,1405.049,1355.381,1306.116,1257.247,1208.763,1160.655,1112.912,1065.524,1018.478,971.763,925.367,879.278,833.482,787.966,742.718,697.722,652.965,608.433,564.111,519.984,476.036,432.254,388.620,345.120,301.737,258.456,215.261,172.135,129.062,86.026,43.011,0.000
0.000,151.832,303.602,455.235,606.654,757.782,908.543,1058.863,1208.667,1357.881,1506.434,1654.253,1801.268,1947.412,2092.616,2236.815,2379.944,2521.942,2662.747,2802.302,2940.548,3077.431,3212.899,3346.900,3479.386,3610.310,3739.629,3867.299,3993.281,4117.538,4240.033,4360.733,4479.608,4596.627,4711.765,4824.995,4936.297,5045.649,5153.033,5258.431,5361.829,5463.215,5562.577,5659.905,5755.193,5848.434,5939.624,6028.760,6115.840,6200.865,6283.836,6364.755,6443.625,6520.453,6595.244,6668.004,6738.742,6807.466,6874.186,6938.912,7001.656,7062.429,7121.242,7178.110,7233.044,7286.059,7337.169,7386.388,7433.731,7479.212,7522.846,7564.650,7604.637,7642.824,7679.225,7713.857,7746.734,7777.873,7807.287,7834.993,7861.006,7885.339,7908.009,7929.030,7948.416,7966.181,7982.340,7996.906,8009.892,8021.313,8031.180,8039.508,8046.308,8051.593,8055.375,8057.666,8058.478,8057.821,8055.708,8052.150,8047.157,8040.741,8032.911,8023.678,8013.053,8001.045,7987.666,7972.924,7956.830,7939.394,7920.625,7900.534,7879.132,7856.427,7832.430,7807.152,7780.602,7752.791,7723.730,7693.431,7661.904,7629.159,7595.211,7560.069,7523.747,7486.258,7447.613,7407.827,7366.913,7324.886,7281.761,7237.551,7192.274,7145.945,7098.580,7050.197,7000.813,6950.447,6899.117,6846.841,6793.641,6739.536,6684.546,6628.694,6572.001,6514.488,6456.180,6397.099,6337.269,6276.714,6215.460,6153.530,6090.951,6027.749,5963.949,5899.579,5834.665,5769.235,5703.315,5636.934,5570.118,5502.897,5435.298,5367.349,5299.079,5230.515,5161.686,5092.620,5023.344,4953.887,4884.276,4814.539,4744.702,4674.793,4604.838,4534.862,4464.893,4394.956,4325.075,4255.275,4185.579,4116.012,4046.596,3977.352,3908.303,3839.470,3770.873,3702.531,3634.463,3566.688,3499.223,3432.085,3365.289,3298.851,3232.785,3167.104,3101.822,3036.951,2972.501,2908.483,2844.907,2781.781,2719.112,2656.909,2595.177,2533.922,2473.149,2412.862,2353.063,2293.756,2234.941,2176.619,2118.791,2061.456,2004.612,1948.258,1892.390,1837.005,1782.099,1727.667,1673.704,1620.203,1567.159,1514.563,1462.407,1410.684,1359.384,1308.498,1258.016,1207.927,1158.221,1108.885,1059.909,1011.279,962.982,915.007,867.339,819.965,772.869,726.039,679.459,633.113,586.988,541.066,495.333,449.772,404.368,359.102,313.960,268.924,223.978,179.105,134.288,89.509,44.752,0.000
0.000,158.466,316.868,475.125,633.155,790.879,948.217,1105.091,1261.420,1417.130,1572.142,1726.383,1879.779,2032.256,2183.746,2334.178,2483.485,2631.603,2778.467,2924.015,3068.189,3210.930,3352.184,3491.898,3630.020,3766.502,3901.298,4034.364,4165.659,4295.142,4422.778,4548.531,4672.369,4794.263,4914.184,5032.107,5148.009,5261.868,5373.665,5483.385,5591.010,5696.529,5799.931,5901.205,6000.346,6097.346,6192.203,6284.912,6375.474,6463.889,6550.158,6634.285,6716.274,6796.131,6873.862,6949.475,7022.978,7094.382,7163.697,7230.933,7296.103,7359.220,7420.296,7479.345,7536.381,7591.419,7644.473,7695.560,7744.694,7791.892,7837.169,7880.542,7922.026,7961.637,7999.393,8035.309,8069.402,8101.687,8132.182,8160.901,8187.860,8213.076,8236.564,8258.339,8278.416,8296.810,8313.536,8328.608,8342.039,8353.845,8364.038,8372.632,8379.640,8385.075,8388.949,8391.276,8392.066,8391.332,8389.086,8385.338,8380.100,8373.384,8365.199,8355.558,8344.469,8331.944,8317.994,8302.628,8285.856,8267.689,8248.138,8227.211,8204.920,8181.275,8156.286,8129.964,8102.318,8073.361,8043.103,8011.555,7978.728,7944.635,7909.287,7872.696,7834.875,7795.838,7755.597,7714.166,7671.560,7627.792,7582.879,7536.835,7489.677,7441.422,7392.086,7341.687,7290.244,7237.774,7184.299,7129.836,7074.407,7018.033,6960.735,6902.536,6843.458,6783.524,6722.758,6661.185,6598.829,6535.716,6471.871,6407.321,6342.092,6276.211,6209.706,6142.604,6074.934,6006.724,5938.003,5868.800,5799.144,5729.063,5658.588,5587.747,5516.572,5445.090,5373.331,5301.325,5229.101,5156.689,5084.117,5011.413,4938.608,4865.727,4792.800,4719.854,4646.915,4574.011,4501.168,4428.411,4355.765,4283.255,4210.904,4138.737,4066.774,3995.039,3923.553,3852.336,3781.407,3710.787,3640.492,3570.541,3500.950,3431.735,3362.911,3294.492,3226.492,3158.922,3091.795,3025.122,2958.912,2893.174,2827.917,2763.147,2698.872,2635.097,2571.827,2509.067,2446.818,2385.084,2323.866,2263.166,2202.982,2143.315,2084.162,2025.521,1967.391,1909.766,1852.642,1796.015,1739.878,1684.226,1629.050,1574.344,1520.099,1466.307,1412.957,1360.040,1307.545,1255.462,1203.779,1152.484,1101.564,1051.007,1000.799,950.926,901.374,852.130,803.177,754.502,706.088,657.919,609.981,562.255,514.726,467.378,420.193,373.154,326.244,279.444,232.739,186.110,139.539,93.009,46.502,0.000
0.000,165.216,330.364,495.359,660.115,824.550,988.578,1152.116,1315.083,1477.397,1638.978,1799.748,1959.629,2118.544,2276.422,2433.187,2588.771,2743.104,2896.121,3047.755,3197.946,3346.633,3493.758,3639.267,3783.105,3925.222,4065.571,4204.104,4340.781,4475.558,4608.399,4739.267,4868.129,4994.953,5119.712,5242.379,5362.930,5481.343,5597.600,5711.682,5823.575,5933.265,6040.742,6145.997,6249.021,6349.811,6448.361,6544.670,6638.738,6730.564,6820.153,6907.507,6992.631,7075.533,7156.219,7234.698,7310.979,7385.073,7456.992,7526.747,7594.351,7659.818,7723.162,7784.397,7843.538,7900.602,7955.604,8008.561,8059.488,8108.403,8155.322,8200.264,8243.243,8284.278,8323.387,8360.585,8395.891,8429.321,8460.892,8490.621,8518.525,8544.619,8568.921,8591.446,8612.210,8631.229,8648.517,8664.090,8677.961,8690.148,8700.661,8709.517,8716.728,8722.308,8726.270,8728.626,8729.389,8728.572,8726.186,8722.242,8716.753,8709.731,8701.185,8691.127,8679.569,8666.520,8651.991,8635.993,8618.536,8599.630,8579.287,8557.515,8534.327,8509.732,8483.741,8456.364,8427.612,8397.496,8366.028,8333.219,8299.080,8263.624,8226.862,8188.807,8149.472,8108.871,8067.017,8023.923,7979.606,7934.079,7887.358,7839.460,7790.400,7740.196,7688.866,7636.428,7582.901,7528.303,7472.656,7415.979,7358.294,7299.622,7239.987,7179.411,7117.917,7055.530,6992.275,6928.177,6863.261,6797.554,6731.084,6663.876,6595.960,6527.364,6458.115,6388.244,6317.779,6246.751,6175.189,6103.123,6030.584,5957.603,5884.210,5810.437,5736.313,5661.871,5587.141,5512.153,5436.939,5361.528,5285.952,5210.240,5134.423,5058.529,4982.587,4906.628,4830.678,4754.766,4678.919,4603.164,4527.527,4452.034,4376.710,4301.578,4226.663,4151.988,4077.574,4003.444,3929.618,3856.115,3782.955,3710.156,3637.735,3565.709,3494.093,3422.903,3352.152,3281.853,3212.018,3142.659,3073.785,3005.407,2937.532,2870.168,2803.323,2737.001,2671.209,2605.949,2541.227,2477.042,2413.399,2350.296,2287.735,2225.714,2164.231,2103.284,2042.871,1982.986,1923.626,1864.785,1806.457,1748.636,1691.312,1634.480,1578.130,1522.253,1466.838,1411.876,1357.355,1303.264,1249.591,1196.323,1143.447,1090.950,1038.818,987.036,935.590,884.465,833.644,783.113,732.855,682.853,633.091,583.552,534.219,485.073,436.099,387.276,338.588,290.017,241.544,193.150,144.817,96.527,48.261,0.000
0.000,172.086,344.101,515.953,687.556,858.819,1029.654,1199.975,1369.694,1538.728,1706.991,1874.401,2040.877,2206.340,2370.711,2533.914,2695.877,2856.526,3015.793,3173.609,3329.910,3484.633,3637.718,3789.106,3938.743,4086.575,4232.554,4376.630,4518.760,4658.901,4797.014,4933.060,5067.006,5198.820,5328.473,5455.937,5581.188,5704.203,5824.964,5943.453,6059.654,6173.555,6285.143,6394.412,6501.353,6605.961,6708.233,6808.168,6905.765,7001.026,7093.954,7184.554,7272.832,7358.794,7442.449,7523.807,7602.877,7679.672,7754.204,7826.486,7896.531,7964.355,8029.971,8093.397,8154.648,8213.740,8270.691,8325.519,8378.239,8428.872,8477.433,8523.942,8568.415,8610.873,8651.332,8689.810,8726.325,8760.897,8793.541,8824.277,8853.121,8880.090,8905.202,8928.472,8949.919,8969.557,8987.403,9003.472,9017.780,9030.341,9041.170,9050.282,9057.691,9063.410,9067.453,9069.834,9070.564,9069.658,9067.126,9062.980,9057.234,9049.899,9040.986,9030.505,9018.469,9004.888,8989.774,8973.136,8954.985,8935.333,8914.189,8891.564,8867.468,8841.913,8814.909,8786.467,8756.597,8725.312,8692.622,8658.539,8623.075,8586.241,8548.051,8508.517,8467.652,8425.470,8381.986,8337.212,8291.164,8243.859,8195.310,8145.536,8094.553,8042.378,7989.031,7934.529,7878.892,7822.140,7764.294,7705.375,7645.406,7584.407,7522.404,7459.420,7395.479,7330.606,7264.828,7198.169,7130.658,7062.323,6993.190,6923.288,6852.647,6781.296,6709.265,6636.584,6563.284,6489.395,6414.951,6339.981,6264.518,6188.593,6112.240,6035.490,5958.375,5880.929,5803.183,5725.169,5646.920,5568.467,5489.843,5411.078,5332.205,5253.253,5174.254,5095.238,5016.233,4937.269,4858.376,4779.581,4700.910,4622.392,4544.052,4465.916,4388.008,4310.352,4232.972,4155.890,4079.127,4002.705,3926.642,3850.958,3775.671,3700.799,3626.357,3552.362,3478.826,3405.765,3333.190,3261.113,3189.546,3118.497,3047.975,2977.989,2908.545,2839.650,2771.308,2703.524,2636.302,2569.643,2503.549,2438.021,2373.059,2308.662,2244.828,2181.555,2118.838,2056.674,1995.059,1933.986,1873.448,1813.439,1753.952,1694.977,1636.505,1578.527,1521.032,1464.010,1407.448,1351.336,1295.659,1240.405,1185.561,1131.112,1077.044,1023.341,969.989,916.971,864.271,811.873,759.760,707.915,656.320,604.957,553.809,502.858,452.084,401.469,350.995,300.642,250.392,200.224,150.121,100.062,50.028,0.000
0.000,179.082,358.088,536.924,715.496,893.712,1071.478,1248.703,1425.297,1601.169,1776.232,1950.399,2123.585,2295.707,2466.683,2636.433,2804.880,2971.950,3137.569,3301.666,3464.174,3625.027,3784.162,3941.518,4097.040,4250.670,4402.359,4552.055,4699.713,4845.289,4988.742,5130.032,5269.126,5405.990,5540.593,5672.909,5802.912,5930.579,6055.891,6178.831,6299.382,6417.531,6533.269,6646.585,6757.475,6865.932,6971.954,7075.540,7176.691,7275.408,7371.697,7465.562,7557.009,7646.048,7732.687,7816.936,7898.807,7978.313,8055.467,8130.283,8202.776,8272.961,8340.856,8406.475,8469.838,8530.961,8589.863,8646.562,8701.077,8753.426,8803.628,8851.702,8897.668,8941.546,8983.352,9023.107,9060.830,9096.539,9130.253,9161.991,9191.770,9219.610,9245.527,9269.539,9291.663,9311.915,9330.314,9346.874,9361.612,9374.543,9385.682,9395.045,9402.646,9408.499,9412.618,9415.017,9415.709,9414.706,9412.022,9407.669,9401.660,9394.005,9384.717,9373.807,9361.287,9347.167,9331.458,9314.173,9295.320,9274.912,9252.959,9229.471,9204.459,9177.934,9149.907,9120.388,9089.390,9056.923,9022.999,8987.629,8950.825,8912.601,8872.967,8831.939,8789.528,8745.749,8700.616,8654.143,8606.347,8557.242,8506.846,8455.174,8402.245,8348.076,8292.687,8236.096,8178.324,8119.391,8059.319,7998.130,7935.846,7872.490,7808.088,7742.663,7676.242,7608.849,7540.512,7471.259,7401.117,7330.115,7258.281,7185.647,7112.241,7038.095,6963.241,6887.709,6811.531,6734.741,6657.370,6579.452,6501.021,6422.109,6342.750,6262.979,6182.828,6102.332,6021.524,5940.438,5859.108,5777.567,5695.849,5613.986,5532.010,5449.955,5367.853,5285.734,5203.629,5121.569,5039.585,4957.705,4875.957,4794.371,4712.972,4631.789,4550.846,4470.169,4389.781,4309.706,4229.967,4150.585,4071.582,3992.975,3914.786,3837.031,3759.727,3682.891,3606.537,3530.679,3455.331,3380.505,3306.212,3232.461,3159.263,3086.625,3014.554,2943.056,2872.138,2801.803,2732.055,2662.896,2594.328,2526.351,2458.965,2392.169,2325.962,2260.340,2195.300,2130.837,2066.946,2003.621,1940.855,1878.642,1816.972,1755.838,1695.228,1635.134,1575.544,1516.446,1457.829,1399.680,1341.986,1284.733,1227.908,1171.494,1115.477,1059.841,1004.571,949.649,895.059,840.784,786.806,733.106,679.668,626.472,573.500,520.732,468.150,415.733,363.463,311.320,259.284,207.334,155.451,103.615,51.804,0.000
0.000,186.209,372.337,558.287,743.960,929.257,1114.082,1298.338,1481.932,1664.768,1846.754,2027.799,2207.815,2386.713,2564.408,2740.818,2915.862,3089.459,3261.536,3432.017,3600.832,3767.912,3933.192,4096.609,4258.103,4417.618,4575.099,4730.495,4883.758,5034.842,5183.705,5330.308,5474.614,5616.589,5756.202,5893.425,6028.233,6160.602,6290.513,6417.948,6542.891,6665.330,6785.253,6902.653,7017.524,7129.860,7239.660,7346.924,7451.652,7553.849,7653.518,7750.666,7845.300,7937.430,8027.066,8114.220,8198.902,8281.129,8360.913,8438.270,8513.216,8585.769,8655.945,8723.762,8789.239,8852.395,8913.248,8971.819,9028.126,9082.191,9134.033,9183.671,9231.127,9276.420,9319.571,9360.600,9399.525,9436.368,9471.148,9503.883,9534.594,9563.299,9590.016,9614.764,9637.560,9658.422,9677.368,9694.413,9709.576,9722.871,9734.315,9743.923,9751.710,9757.691,9761.880,9764.291,9764.938,9763.833,9760.991,9756.424,9750.144,9742.163,9732.494,9721.147,9708.135,9693.469,9677.159,9659.218,9639.656,9618.483,9595.712,9571.351,9545.413,9517.909,9488.848,9458.243,9426.104,9392.443,9357.272,9320.602,9282.445,9242.815,9201.724,9159.185,9115.212,9069.818,9023.019,8974.829,8925.264,8874.340,8822.075,8768.484,8713.585,8657.399,8599.943,8541.237,8481.304,8420.162,8357.835,8294.346,8229.717,8163.973,8097.140,8029.241,7960.305,7890.358,7819.427,7747.542,7674.730,7601.023,7526.450,7451.042,7374.831,7297.849,7220.129,7141.702,7062.604,6982.867,6902.526,6821.615,6740.170,6658.224,6575.814,6492.974,6409.740,6326.146,6242.229,6158.024,6073.566,5988.889,5904.029,5819.019,5733.895,5648.689,5563.435,5478.167,5392.915,5307.713,5222.591,5137.580,5052.710,4968.010,4883.509,4799.234,4715.213,4631.471,4548.033,4464.924,4382.168,4299.787,4217.802,4136.234,4055.104,3974.428,3894.225,3814.512,3735.304,3656.616,3578.461,3500.852,3423.800,3347.317,3271.410,3196.089,3121.362,3047.234,2973.711,2900.797,2828.497,2756.812,2685.744,2615.293,2545.460,2476.243,2407.639,2339.647,2272.262,2205.479,2139.292,2073.697,2008.685,1944.248,1880.379,1817.067,1754.303,1692.076,1630.374,1569.186,1508.499,1448.300,1388.575,1329.309,1270.489,1212.097,1154.120,1096.539,1039.338,982.501,926.010,869.846,813.992,758.428,703.136,648.097,593.290,538.697,484.297,430.069,375.994,322.052,268.220,214.479,160.808,107.185,53.589,0.000
0.000,193.472,386.860,580.060,772.968,965.481,1157.499,1348.920,1539.644,1729.573,1918.610,2106.659,2293.629,2479.425,2663.961,2847.148,3028.901,3209.140,3387.783,3564.755,3739.980,3913.389,4084.911,4254.484,4422.043,4587.531,4750.889,4912.067,5071.013,5227.682,5382.029,5534.013,5683.597,5830.746,5975.429,6117.617,6257.284,6394.407,6528.965,6660.941,6790.319,6917.087,7041.234,7162.752,7281.637,7397.882,7511.489,7622.456,7730.786,7836.483,7939.553,8040.002,8137.840,8233.077,8325.723,8415.791,8503.296,8588.252,8670.674,8750.579,8827.985,8902.908,8975.370,9045.386,9112.979,9178.168,9240.973,9301.415,9359.514,9415.293,9468.772,9519.972,9568.914,9615.621,9660.112,9702.410,9742.534,9780.506,9816.346,9850.074,9881.710,9911.275,9938.787,9964.265,9987.728,10009.194,10028.681,10046.206,10061.788,10075.441,10087.184,10097.030,10104.997,10111.100,10115.352,10117.770,10118.365,10117.153,10114.146,10109.358,10102.801,10094.487,10084.429,10072.639,10059.128,10043.908,10026.989,10008.385,9988.104,9966.159,9942.560,9917.318,9890.444,9861.949,9831.845,9800.141,9766.851,9731.984,9695.553,9657.570,9618.047,9576.997,9534.432,9490.367,9444.815,9397.790,9349.306,9299.380,9248.026,9195.263,9141.106,9085.573,9028.682,8970.453,8910.905,8850.059,8787.936,8724.558,8659.947,8594.127,8527.122,8458.958,8389.660,8319.253,8247.767,8175.229,8101.667,8027.111,7951.592,7875.140,7797.787,7719.564,7640.506,7560.645,7480.014,7398.649,7316.584,7233.856,7150.498,7066.547,6982.040,6897.013,6811.503,6725.546,6639.179,6552.440,6465.365,6377.990,6290.354,6202.492,6114.440,6026.235,5937.912,5849.506,5761.052,5672.585,5584.138,5495.745,5407.437,5319.249,5231.209,5143.349,5055.699,4968.288,4881.143,4794.292,4707.761,4621.575,4535.759,4450.336,4365.330,4280.760,4196.648,4113.013,4029.873,3947.246,3865.147,3783.592,3702.595,3622.170,3542.326,3463.077,3384.430,3306.396,3228.981,3152.193,3076.037,3000.517,2925.637,2851.400,2777.806,2704.857,2632.551,2560.889,2489.867,2419.481,2349.730,2280.605,2212.104,2144.217,2076.939,2010.261,1944.174,1878.667,1813.732,1749.356,1685.527,1622.233,1559.461,1497.197,1435.426,1374.134,1313.305,1252.923,1192.972,1133.434,1074.292,1015.528,957.123,899.060,841.319,783.881,726.725,669.832,613.181,556.753,500.525,444.477,388.588,332.836,277.201,221.660,166.191,110.772,55.383,0.000
0.000,200.878,401.667,602.258,802.543,1002.413,1201.762,1400.485,1598.477,1795.634,1991.855,2187.041,2381.093,2573.915,2765.415,2955.500,3144.084,3331.079,3516.403,3699.976,3881.720,4061.561,4239.428,4415.253,4588.972,4760.523,4929.848,5096.892,5261.603,5423.934,5583.838,5741.275,5896.205,6048.594,6198.408,6345.619,6490.200,6632.128,6771.382,6907.945,7041.802,7172.939,7301.348,7427.020,7549.951,7670.137,7787.578,7902.275,8014.230,8123.449,8229.939,8333.708,8434.765,8533.122,8628.791,8721.786,8812.122,8899.815,8984.883,9067.342,9147.211,9224.510,9299.258,9371.477,9441.186,9508.408,9573.164,9635.476,9695.366,9752.856,9807.969,9860.727,9911.152,9959.267,10005.095,10048.657,10089.975,10129.070,10165.965,10200.680,10233.237,10263.656,10291.956,10318.159,10342.282,10364.346,10384.368,10402.367,10418.361,10432.366,10444.401,10454.480,10462.621,10468.839,10473.149,10475.566,10476.104,10474.777,10471.599,10466.583,10459.742,10451.089,10440.636,10428.394,10414.377,10398.595,10381.060,10361.784,10340.777,10318.050,10293.615,10267.483,10239.663,10210.168,10179.009,10146.197,10111.742,10075.658,10037.955,9998.646,9957.742,9915.257,9871.204,9825.597,9778.448,9729.773,9679.587,9627.905,9574.743,9520.119,9464.048,9406.550,9347.643,9287.347,9225.681,9162.667,9098.327,9032.683,8965.758,8897.577,8828.164,8757.546,8685.748,8612.799,8538.726,8463.560,8387.328,8310.063,8231.796,8152.558,8072.382,7991.302,7909.352,7826.567,7742.981,7658.632,7573.554,7487.786,7401.363,7314.324,7226.707,7138.549,7049.888,6960.764,6871.215,6781.278,6690.993,6600.399,6509.534,6418.435,6327.140,6235.687,6144.114,6052.458,5960.753,5869.037,5777.344,5685.710,5594.168,5502.752,5411.494,5320.426,5229.580,5138.985,5048.670,4958.664,4868.994,4779.686,4690.767,4602.260,4514.189,4426.576,4339.442,4252.808,4166.691,4081.112,3996.085,3911.626,3827.751,3744.473,3661.804,3579.755,3498.336,3417.557,3337.424,3257.945,3179.126,3100.971,3023.484,2946.666,2870.521,2795.047,2720.245,2646.113,2572.648,2499.848,2427.707,2356.221,2285.383,2215.186,2145.622,2076.683,2008.360,1940.641,1873.517,1806.975,1741.003,1675.587,1610.715,1546.371,1482.541,1419.208,1356.358,1293.972,1232.034,1170.527,1109.431,1048.728,988.400,928.427,868.788,809.464,750.434,691.678,633.173,574.899,516.834,458.957,401.244,343.675,286.226,228.875,171.600,114.377,57.185,0.000
0.000,208.433,416.771,624.901,832.709,1040.082,1246.908,1453.077,1658.478,1863.004,2066.548,2269.005,2470.274,2670.253,2868.846,3065.958,3261.495,3455.368,3647.491,3837.779,4026.152,4212.534,4396.850,4579.029,4759.005,4936.714,5112.095,5285.092,5455.652,5623.725,5789.264,5952.226,6112.571,6270.265,6425.273,6577.567,6727.118,6873.904,7017.904,7159.101,7297.479,7433.027,7565.736,7695.597,7822.608,7946.764,8068.067,8186.518,8302.123,8414.886,8524.815,8631.919,8736.211,8837.702,8936.406,9032.338,9125.514,9215.953,9303.672,9388.690,9471.026,9550.703,9627.741,9702.162,9773.988,9843.243,9909.948,9974.127,10035.804,10095.003,10151.746,10206.058,10257.962,10307.481,10354.640,10399.460,10441.966,10482.180,10520.123,10555.820,10589.291,10620.557,10649.639,10676.559,10701.337,10723.991,10744.542,10763.008,10779.408,10793.759,10806.079,10816.385,10824.693,10831.020,10835.380,10837.790,10838.264,10836.816,10833.460,10828.210,10821.078,10812.079,10801.223,10788.524,10773.992,10757.642,10739.483,10719.526,10697.785,10674.268,10648.988,10621.955,10593.181,10562.676,10530.451,10496.519,10460.889,10423.575,10384.587,10343.938,10301.640,10257.705,10212.149,10164.982,10116.221,10065.879,10013.971,9960.514,9905.523,9849.016,9791.010,9731.523,9670.576,9608.187,9544.376,9479.167,9412.581,9344.641,9275.372,9204.797,9132.943,9059.837,8985.505,8909.977,8833.281,8755.447,8676.506,8596.491,8515.434,8433.367,8350.326,8266.344,8181.457,8095.702,8009.114,7921.733,7833.594,7744.737,7655.199,7565.022,7474.243,7382.902,7291.040,7198.697,7105.912,7012.726,6919.179,6825.312,6731.164,6636.774,6542.184,6447.431,6352.555,6257.594,6162.586,6067.569,5972.579,5877.651,5782.824,5688.130,5593.603,5499.278,5405.185,5311.358,5217.825,5124.616,5031.761,4939.286,4847.218,4755.583,4664.404,4573.704,4483.506,4393.831,4304.698,4216.126,4128.133,4040.733,3953.943,3867.777,3782.246,3697.363,3613.139,3529.581,3446.699,3364.499,3282.986,3202.167,3122.043,3042.619,2963.895,2885.871,2808.546,2731.920,2655.989,2580.750,2506.198,2432.328,2359.132,2286.604,2214.735,2143.517,2072.938,2002.990,1933.659,1864.934,1796.802,1729.250,1662.262,1595.823,1529.919,1464.532,1399.646,1335.244,1271.307,1207.817,1144.756,1082.103,1019.840,957.945,896.398,835.177,774.263,713.633,653.264,593.135,533.224,473.507,413.962,354.566,295.295,236.126,177.035,118.000,58.996,0.000
0.000,216.141,432.183,648.006,863.490,1078.518,1292.972,1506.736,1719.694,1931.735,2142.745,2352.617,2561.242,2768.515,2974.336,3178.605,3381.223,3582.099,3781.142,3978.264,4173.383,4366.416,4557.289,4745.927,4932.261,5116.224,5297.755,5476.795,5653.289,5827.185,5998.436,6166.998,6332.831,6495.896,6656.162,6813.598,6968.176,7119.874,7268.670,7414.548,7557.492,7697.492,7834.538,7968.624,8099.746,8227.904,8353.096,8475.328,8594.603,8710.930,8824.317,8934.775,9042.316,9146.954,9248.704,9347.582,9443.607,9536.798,9627.173,9714.753,9799.561,9881.618,9960.946,10037.569,10111.511,10182.796,10251.448,10317.493,10380.954,10441.857,10500.226,10556.086,10609.464,10660.381,10708.865,10754.938,10798.625,10839.950,10878.936,10915.607,10949.984,10982.091,11011.949,11039.580,11065.004,11088.243,11109.315,11128.241,11145.040,11159.729,11172.328,11182.853,11191.322,11197.751,11202.156,11204.552,11204.955,11203.379,11199.838,11194.347,11186.918,11177.565,11166.299,11153.135,11138.083,11121.156,11102.364,11081.721,11059.236,11034.920,11008.786,10980.844,10951.105,10919.580,10886.280,10851.216,10814.400,10775.844,10735.558,10693.556,10649.849,10604.451,10557.375,10508.634,10458.242,10406.215,10352.567,10297.314,10240.474,10182.062,10122.098,10060.599,9997.586,9933.078,9867.097,9799.664,9730.803,9660.537,9588.891,9515.890,9441.561,9365.932,9289.030,9210.885,9131.526,9050.986,8969.296,8886.489,8802.599,8717.660,8631.708,8544.778,8456.908,8368.135,8278.497,8188.033,8096.783,8004.787,7912.084,7818.715,7724.722,7630.146,7535.029,7439.412,7343.337,7246.847,7149.983,7052.788,6955.302,6857.567,6759.626,6661.518,6563.284,6464.964,6366.599,6268.226,6169.884,6071.611,5973.444,5875.419,5777.572,5679.938,5582.549,5485.438,5388.638,5292.179,5196.090,5100.401,5005.137,4910.327,4815.995,4722.165,4628.860,4536.102,4443.911,4352.307,4261.306,4170.927,4081.184,3992.092,3903.664,3815.913,3728.848,3642.478,3556.814,3471.861,3387.624,3304.111,3221.322,3139.263,3057.932,2977.331,2897.459,2818.313,2739.892,2662.191,2585.204,2508.928,2433.353,2358.473,2284.279,2210.762,2137.910,2065.713,1994.159,1923.234,1852.926,1783.220,1714.101,1645.553,1577.560,1510.105,1443.171,1376.738,1310.790,1245.306,1180.266,1115.652,1051.441,987.613,924.147,861.020,798.211,735.697,673.455,611.462,549.694,488.129,426.742,365.510,304.408,243.412,182.497,121.640,60.816,0.000
0.000,224.011,447.916,671.592,894.912,1117.753,1339.991,1561.506,1782.176,2001.882,2220.509,2437.942,2654.068,2868.778,3081.966,3293.527,3503.360,3711.369,3917.458,4121.537,4323.518,4523.320,4720.860,4916.064,5108.859,5299.177,5486.953,5672.127,5854.643,6034.447,6211.491,6385.729,6557.120,6725.627,6891.215,7053.854,7213.517,7370.181,7523.824,7674.430,7821.985,7966.477,8107.899,8246.244,8381.511,8513.698,8642.807,8768.843,8891.813,9011.723,9128.586,9242.412,9353.217,9461.013,9565.820,9667.654,9766.535,9862.482,9955.518,10045.665,10132.945,10217.382,10299.000,10377.825,10453.881,10527.195,10597.791,10665.696,10730.936,10793.538,10853.528,10910.932,10965.775,11018.085,11067.887,11115.206,11160.067,11202.496,11242.517,11280.154,11315.431,11348.371,11378.997,11407.331,11433.395,11457.209,11478.796,11498.175,11515.365,11530.386,11543.257,11553.994,11562.617,11569.141,11573.582,11575.958,11576.283,11574.573,11570.840,11565.101,11557.368,11547.654,11535.972,11522.335,11506.755,11489.244,11469.813,11448.473,11425.237,11400.115,11373.118,11344.258,11313.545,11280.990,11246.603,11210.398,11172.384,11132.573,11090.978,11047.609,11002.480,10955.603,10906.991,10856.659,10804.619,10750.889,10695.481,10638.414,10579.703,10519.365,10457.419,10393.884,10328.780,10262.127,10193.947,10124.262,10053.096,9980.473,9906.418,9830.958,9754.119,9675.931,9596.421,9515.621,9433.561,9350.273,9265.792,9180.150,9093.383,9005.527,8916.618,8826.693,8735.791,8643.951,8551.212,8457.616,8363.203,8268.014,8172.091,8075.478,7978.216,7880.350,7781.922,7682.976,7583.555,7483.705,7383.467,7282.886,7182.006,7080.869,6979.520,6878.000,6776.351,6674.616,6572.836,6471.052,6369.303,6267.629,6166.068,6064.659,5963.438,5862.441,5761.703,5661.258,5561.139,5461.378,5362.007,5263.053,5164.547,5066.515,4968.984,4871.979,4775.522,4679.638,4584.346,4489.667,4395.619,4302.220,4209.485,4117.430,4026.068,3935.412,3845.471,3756.256,3667.776,3580.037,3493.046,3406.808,3321.325,3236.601,3152.636,3069.431,2986.984,2905.294,2824.358,2744.171,2664.727,2586.022,2508.047,2430.794,2354.255,2278.419,2203.275,2128.811,2055.015,1981.874,1909.373,1837.497,1766.231,1695.559,1625.463,1555.926,1486.929,1418.454,1350.481,1282.990,1215.961,1149.372,1083.203,1017.432,952.035,886.992,822.278,757.870,693.744,629.877,566.244,502.821,439.583,376.506,313.564,250.732,187.985,125.297,62.644,0.000
0.000,232.047,463.984,695.679,927.000,1157.819,1388.005,1617.432,1845.973,2073.503,2299.902,2525.049,2748.827,2971.121,3191.819,3410.814,3628.000,3843.275,4056.541,4267.703,4476.671,4683.358,4887.682,5089.562,5288.925,5485.700,5679.820,5871.222,6059.850,6245.648,6428.565,6608.557,6785.581,6959.598,7130.574,7298.479,7463.285,7624.968,7783.509,7938.891,8091.100,8240.127,8385.962,8528.602,8668.044,8804.291,8937.343,9067.208,9193.892,9317.406,9437.762,9554.971,9669.052,9780.018,9887.890,9992.687,10094.429,10193.139,10288.839,10381.554,10471.307,10558.125,10642.032,10723.056,10801.224,10876.562,10949.097,11018.858,11085.872,11150.167,11211.771,11270.711,11327.015,11380.709,11431.821,11480.378,11526.406,11569.931,11610.979,11649.574,11685.743,11719.507,11750.893,11779.922,11806.617,11831.001,11853.094,11872.917,11890.492,11905.837,11918.971,11929.914,11938.682,11945.294,11949.766,11952.114,11952.355,11950.502,11946.572,11940.578,11932.533,11922.451,11910.346,11896.230,11880.114,11862.011,11841.933,11819.890,11795.895,11769.958,11742.090,11712.302,11680.605,11647.010,11611.528,11574.170,11534.946,11493.870,11450.951,11406.203,11359.637,11311.266,11261.104,11209.164,11155.460,11100.008,11042.823,10983.920,10923.317,10861.030,10797.080,10731.485,10664.264,10595.439,10525.032,10453.065,10379.564,10304.552,10228.055,10150.101,10070.717,9989.933,9907.777,9824.283,9739.481,9653.405,9566.088,9477.568,9387.878,9297.058,9205.143,9112.175,9018.191,8923.233,8827.342,8730.560,8632.930,8534.495,8435.298,8335.384,8234.798,8133.584,8031.788,7929.455,7826.631,7723.360,7619.690,7515.666,7411.332,7306.734,7201.917,7096.926,6991.804,6886.596,6781.343,6676.089,6570.876,6465.744,6360.733,6255.883,6151.232,6046.818,5942.677,5838.844,5735.354,5632.240,5529.534,5427.268,5325.469,5224.167,5123.390,5023.162,4923.509,4824.453,4726.016,4628.220,4531.083,4434.623,4338.857,4243.800,4149.466,4055.868,3963.016,3870.921,3779.592,3689.035,3599.256,3510.262,3422.055,3334.637,3248.009,3162.172,3077.125,2992.864,2909.388,2826.691,2744.767,2663.610,2583.213,2503.566,2424.661,2346.486,2269.031,2192.282,2116.227,2040.851,1966.141,1892.080,1818.652,1745.840,1673.627,1601.993,1530.920,1460.388,1390.378,1320.868,1251.837,1183.263,1115.125,1047.398,980.061,913.090,846.461,780.149,714.130,648.380,582.872,517.582,452.484,387.553,322.762,258.086,193.498,128.972,64.481,0.000
0.000,240.258,480.400,720.287,959.782,1198.749,1437.053,1674.560,1911.138,2146.657,2380.989,2614.009,2845.595,3075.625,3303.984,3530.559,3755.239,3977.920,4198.497,4416.874,4632.955,4846.651,5057.875,5266.546,5472.587,5675.923,5876.487,6074.215,6269.046,6460.925,6649.800,6835.625,7018.356,7197.954,7374.385,7547.617,7717.625,7884.384,8047.874,8208.080,8364.987,8518.587,8668.874,8815.843,8959.493,9099.827,9236.848,9370.565,9500.985,9628.120,9751.984,9872.591,9989.959,10104.106,10215.051,10322.817,10427.426,10528.901,10627.268,10722.551,10814.778,10903.974,10990.168,11073.388,11153.663,11231.020,11305.490,11377.101,11445.882,11511.863,11575.073,11635.542,11693.297,11748.368,11800.782,11850.568,11897.753,11942.366,11984.432,12023.977,12061.028,12095.609,12127.745,12157.461,12184.779,12209.722,12232.314,12252.574,12270.524,12286.185,12299.576,12310.716,12319.623,12326.316,12330.810,12333.124,12333.272,12331.271,12327.136,12320.880,12312.517,12302.061,12289.525,12274.922,12258.264,12239.562,12218.829,12196.076,12171.313,12144.553,12115.805,12085.081,12052.392,12017.747,11981.159,11942.637,11902.193,11859.838,11815.585,11769.444,11721.427,11671.548,11619.820,11566.257,11510.871,11453.679,11394.696,11333.938,11271.421,11207.164,11141.186,11073.505,11004.141,10933.117,10860.455,10786.177,10710.309,10632.876,10553.904,10473.420,10391.455,10308.037,10223.197,10136.968,10049.382,9960.474,9870.279,9778.833,9686.175,9592.342,9497.374,9401.311,9304.194,9206.066,9106.969,9006.947,8906.045,8804.307,8701.779,8598.507,8494.538,8389.918,8284.694,8178.914,8072.625,7965.875,7858.712,7751.182,7643.334,7535.214,7426.870,7318.347,7209.691,7100.948,6992.163,6883.380,6774.642,6665.993,6557.474,6449.125,6340.988,6233.100,6125.500,6018.224,5911.309,5804.789,5698.697,5593.064,5487.923,5383.301,5279.228,5175.730,5072.833,4970.560,4868.934,4767.977,4667.709,4568.146,4469.308,4371.210,4273.865,4177.288,4081.488,3986.477,3892.264,3798.855,3706.257,3614.475,3523.512,3433.370,3344.052,3255.556,3167.880,3081.024,2994.982,2909.750,2825.322,2741.691,2658.849,2576.788,2495.495,2414.962,2335.176,2256.123,2177.791,2100.164,2023.228,1946.965,1871.360,1796.393,1722.047,1648.303,1575.140,1502.540,1430.479,1358.938,1287.893,1217.323,1147.203,1077.511,1008.223,939.314,870.759,802.534,734.613,666.969,599.577,532.412,465.445,398.651,332.003,265.474,199.036,132.663,66.326,0.000
0.000,248.650,497.177,745.437,993.285,1240.579,1487.177,1732.939,1977.727,2221.405,2463.838,2704.896,2944.450,3182.375,3418.550,3652.857,3885.179,4115.408,4343.437,4569.163,4792.488,5013.318,5231.566,5447.144,5659.975,5869.981,6077.093,6281.245,6482.374,6680.423,6875.341,7067.078,7255.592,7440.843,7622.796,7801.420,7976.688,8148.577,8317.068,8482.144,8643.794,8802.009,8956.784,9108.115,9256.003,9400.453,9541.468,9679.058,9813.234,9944.008,10071.395,10195.412,10316.078,10433.414,10547.440,10658.180,10765.659,10869.902,10970.935,11068.787,11163.485,11255.057,11343.534,11428.946,11511.322,11590.693,11667.090,11740.543,11811.084,11878.743,11943.551,12005.539,12064.737,12121.174,12174.881,12225.887,12274.221,12319.911,12362.985,12403.470,12441.394,12476.782,12509.660,12540.053,12567.985,12593.479,12616.560,12637.248,12655.566,12671.535,12685.174,12696.503,12705.541,12712.307,12716.817,12719.089,12719.138,12716.982,12712.633,12706.108,12697.420,12686.583,12673.610,12658.514,12641.306,12621.998,12600.603,12577.131,12551.594,12524.002,12494.367,12462.698,12429.007,12393.304,12355.599,12315.903,12274.228,12230.584,12184.983,12137.436,12087.956,12036.555,11983.245,11928.041,11870.957,11812.007,11751.207,11688.573,11624.122,11557.871,11489.841,11420.049,11348.517,11275.266,11200.320,11123.701,11045.435,10965.547,10884.065,10801.017,10716.433,10630.343,10542.779,10453.773,10363.360,10271.576,10178.456,10084.039,9988.364,9891.469,9793.396,9694.187,9593.884,9492.531,9390.174,9286.856,9182.624,9077.526,8971.608,8864.919,8757.506,8649.419,8540.706,8431.417,8321.602,8211.310,8100.590,7989.493,7878.067,7766.362,7654.427,7542.309,7430.056,7317.717,7205.337,7092.963,6980.640,6868.413,6756.325,6644.418,6532.735,6421.315,6310.199,6199.424,6089.028,5979.046,5869.513,5760.463,5651.926,5543.933,5436.515,5329.698,5223.508,5117.972,5013.111,4908.948,4805.504,4702.797,4600.845,4499.665,4399.270,4299.675,4200.891,4102.928,4005.795,3909.500,3814.049,3719.447,3625.698,3532.803,3440.764,3349.580,3259.249,3169.770,3081.137,2993.346,2906.390,2820.262,2734.954,2650.455,2566.756,2483.844,2401.707,2320.333,2239.705,2159.810,2080.630,2002.150,1924.351,1847.214,1770.722,1694.854,1619.588,1544.905,1470.781,1397.196,1324.126,1251.547,1179.436,1107.767,1036.518,965.660,895.171,825.022,755.188,685.643,616.359,547.308,478.464,409.799,341.285,272.894,204.599,136.370,68.180,0.000
0.000,257.231,514.331,771.151,1027.539,1283.345,1538.420,1792.619,2045.796,2297.809,2548.518,2797.784,3045.476,3291.460,3535.611,3777.806,4017.923,4255.850,4491.473,4724.687,4955.391,5183.487,5408.882,5631.489,5851.225,6068.012,6281.778,6492.454,6699.976,6904.288,7105.334,7303.066,7497.440,7688.416,7875.959,8060.038,8240.626,8417.701,8591.243,8761.237,8927.673,9090.543,9249.842,9405.569,9557.725,9706.316,9851.349,9992.835,10130.784,10265.212,10396.136,10523.575,10647.549,10768.080,10885.192,10998.911,11109.262,11216.273,11319.973,11420.390,11517.557,11611.501,11702.256,11789.853,11874.324,11955.701,12034.017,12109.304,12181.595,12250.923,12317.320,12380.817,12441.447,12499.241,12554.230,12606.445,12655.916,12702.673,12746.745,12788.160,12826.946,12863.131,12896.741,12927.801,12956.337,12982.373,13005.934,13027.042,13045.719,13061.986,13075.865,13087.376,13096.537,13103.368,13107.885,13110.108,13110.051,13107.731,13103.164,13096.363,13087.343,13076.118,13062.701,13047.104,13029.339,13009.419,12987.355,12963.158,12936.839,12908.408,12877.877,12845.255,12810.553,12773.782,12734.951,12694.072,12651.155,12606.210,12559.250,12510.285,12459.327,12406.389,12351.483,12294.622,12235.822,12175.096,12112.460,12047.930,11981.522,11913.256,11843.149,11771.222,11697.495,11621.990,11544.730,11465.739,11385.043,11302.667,11218.641,11132.992,11045.751,10956.949,10866.619,10774.794,10681.511,10586.805,10490.715,10393.278,10294.536,10194.528,10093.299,9990.890,9887.346,9782.713,9677.037,9570.366,9462.746,9354.228,9244.859,9134.690,9023.772,8912.154,8799.889,8687.028,8573.622,8459.723,8345.382,8230.652,8115.584,8000.228,7884.636,7768.858,7652.945,7536.944,7420.906,7304.877,7188.906,7073.038,6957.319,6841.793,6726.503,6611.492,6496.800,6382.467,6268.533,6155.033,6042.004,5929.480,5817.495,5706.079,5595.264,5485.077,5375.547,5266.698,5158.555,5051.141,4944.476,4838.581,4733.473,4629.169,4525.684,4423.033,4321.225,4220.273,4120.186,4020.970,3922.633,3825.179,3728.611,3632.932,3538.143,3444.242,3351.229,3259.100,3167.851,3077.475,2987.968,2899.319,2811.522,2724.565,2638.437,2553.127,2468.621,2384.905,2301.965,2219.783,2138.344,2057.630,1977.622,1898.301,1819.647,1741.640,1664.258,1587.479,1511.281,1435.640,1360.533,1285.934,1211.820,1138.165,1064.943,992.127,919.692,847.611,775.856,704.400,633.213,562.269,491.540,420.995,350.607,280.347,210.185,140.093,70.041,0.000
0.000,266.007,531.877,797.452,1062.573,1327.083,1590.828,1853.652,2115.405,2375.937,2635.101,2892.754,3148.756,3402.971,3655.264,3905.509,4153.579,4399.356,4642.723,4883.570,5121.792,5357.287,5589.958,5819.717,6046.477,6270.158,6490.686,6707.989,6922.003,7132.669,7339.932,7543.741,7744.054,7940.828,8134.029,8323.627,8509.595,8691.910,8870.554,9045.514,9216.779,9384.342,9548.201,9708.356,9864.809,10017.568,10166.642,10312.041,10453.781,10591.879,10726.352,10857.222,10984.511,11108.244,11228.446,11345.145,11458.369,11568.147,11674.510,11777.491,11877.120,11973.431,12066.457,12156.232,12242.790,12326.164,12406.390,12483.501,12557.532,12628.518,12696.492,12761.487,12823.538,12882.677,12938.938,12992.350,13042.947,13090.760,13135.818,13178.151,13217.789,13254.760,13289.090,13320.807,13349.937,13376.506,13400.536,13422.054,13441.080,13457.638,13471.748,13483.431,13492.708,13499.596,13504.114,13506.279,13506.108,13503.619,13498.825,13491.742,13482.383,13470.763,13456.895,13440.791,13422.464,13401.924,13379.184,13354.254,13327.146,13297.869,13266.434,13232.851,13197.131,13159.283,13119.317,13077.244,13033.075,12986.818,12938.487,12888.091,12835.642,12781.153,12724.635,12666.103,12605.570,12543.050,12478.559,12412.112,12343.728,12273.422,12201.216,12127.127,12051.178,11973.391,11893.788,11812.394,11729.235,11644.338,11557.731,11469.444,11379.507,11287.953,11194.816,11100.130,11003.931,10906.257,10807.147,10706.641,10604.781,10501.609,10397.168,10291.505,10184.664,10076.694,9967.641,9857.556,9746.487,9634.486,9521.604,9407.892,9293.404,9178.191,9062.308,8945.808,8828.745,8711.172,8593.144,8474.713,8355.935,8236.861,8117.546,7998.041,7878.399,7758.671,7638.907,7519.158,7399.473,7279.900,7160.486,7041.277,6922.318,6803.654,6685.325,6567.375,6449.843,6332.767,6216.185,6100.133,5984.643,5869.751,5755.486,5641.878,5528.956,5416.746,5305.273,5194.561,5084.630,4975.502,4867.195,4759.725,4653.110,4547.361,4442.493,4338.514,4235.435,4133.264,4032.006,3931.667,3832.249,3733.755,3636.186,3539.540,3443.816,3349.011,3255.119,3162.134,3070.050,2978.858,2888.549,2799.112,2710.535,2622.806,2535.912,2449.836,2364.564,2280.079,2196.364,2113.400,2031.167,1949.647,1868.818,1788.659,1709.147,1630.260,1551.974,1474.265,1397.109,1320.479,1244.352,1168.699,1093.495,1018.711,944.322,870.299,796.613,723.237,650.140,577.295,504.670,432.238,359.968,287.830,215.795,143.831,71.910,0.000
0.000,274.988,549.831,824.364,1098.420,1371.835,1644.446,1916.092,2186.614,2455.856,2723.664,2989.887,3254.381,3517.001,3777.610,4036.073,4292.259,4546.044,4797.309,5045.937,5291.819,5534.850,5774.932,6011.969,6245.875,6476.566,6703.966,6928.002,7148.608,7365.722,7579.290,7789.261,7995.590,8198.237,8397.165,8592.346,8783.752,8971.363,9155.160,9335.131,9511.267,9683.563,9852.017,10016.630,10177.408,10334.359,10487.494,10636.827,10782.373,10924.153,11062.185,11196.495,11327.105,11454.044,11577.338,11697.017,11813.113,11925.656,12034.679,12140.217,12242.304,12340.974,12436.262,12528.206,12616.840,12702.202,12784.326,12863.250,12939.010,13011.641,13081.180,13147.661,13211.120,13271.592,13329.110,13383.708,13435.418,13484.274,13530.306,13573.546,13614.024,13651.768,13686.807,13719.171,13748.884,13775.974,13800.465,13822.382,13841.748,13858.586,13872.919,13884.766,13894.149,13901.086,13905.596,13907.697,13907.406,13904.739,13899.711,13892.339,13882.635,13870.614,13856.289,13839.671,13820.774,13799.609,13776.186,13750.517,13722.613,13692.482,13660.137,13625.585,13588.838,13549.905,13508.796,13465.519,13420.088,13372.509,13322.795,13270.956,13217.004,13160.950,13102.806,13042.586,12980.304,12915.972,12849.607,12781.224,12710.840,12638.474,12564.143,12487.868,12409.670,12329.572,12247.596,12163.768,12078.113,11990.660,11901.436,11810.473,11717.801,11623.454,11527.467,11429.874,11330.714,11230.024,11127.846,11024.220,10919.190,10812.799,10705.093,10596.118,10485.922,10374.554,10262.065,10148.504,10033.923,9918.376,9801.915,9684.595,9566.470,9447.596,9328.027,9207.820,9087.030,8965.715,8843.929,8721.729,8599.170,8476.309,8353.201,8229.900,8106.460,7982.936,7859.379,7735.842,7612.376,7489.031,7365.856,7242.899,7120.207,6997.825,6875.798,6754.168,6632.977,6512.266,6392.072,6272.433,6153.384,6034.959,5917.191,5800.110,5683.745,5568.123,5453.271,5339.212,5225.969,5113.563,5002.012,4891.334,4781.546,4672.661,4564.691,4457.648,4351.541,4246.378,4142.165,4038.907,3936.608,3835.268,3734.888,3635.468,3537.005,3439.496,3342.935,3247.316,3152.631,3058.872,2966.029,2874.090,2783.043,2692.876,2603.573,2515.119,2427.498,2340.693,2254.684,2169.454,2084.982,2001.248,1918.229,1835.904,1754.249,1673.241,1592.855,1513.066,1433.850,1355.179,1277.027,1199.367,1122.170,1045.410,969.057,893.082,817.457,742.152,667.137,592.381,517.854,443.527,369.367,295.344,221.427,147.585,73.786,0.000
0.000,284.180,568.209,851.911,1135.112,1417.640,1699.324,1979.996,2259.488,2537.638,2814.284,3089.270,3362.442,3633.652,3902.753,4169.608,4434.079,4696.037,4955.356,5211.918,5465.608,5716.318,5963.945,6208.392,6449.568,6687.388,6921.772,7152.648,7379.946,7603.606,7823.570,8039.787,8252.212,8460.805,8665.530,8866.357,9063.261,9256.221,9445.222,9630.250,9811.299,9988.364,10161.446,10330.547,10495.676,10656.843,10814.059,10967.341,11116.708,11262.181,11403.782,11541.537,11675.473,11805.619,11932.006,12054.664,12173.628,12288.931,12400.609,12508.697,12613.233,12714.253,12811.794,12905.896,12996.596,13083.932,13167.942,13248.666,13326.141,13400.404,13471.494,13539.448,13604.302,13666.092,13724.854,13780.623,13833.433,13883.319,13930.312,13974.445,14015.749,14054.254,14089.992,14122.989,14153.274,14180.873,14205.814,14228.120,14247.816,14264.926,14279.471,14291.474,14300.954,14307.932,14312.426,14314.455,14314.036,14311.184,14305.917,14298.248,14288.193,14275.764,14260.975,14243.838,14224.365,14202.567,14178.456,14152.042,14123.334,14092.344,14059.081,14023.554,13985.772,13945.746,13903.484,13858.996,13812.292,13763.381,13712.274,13658.981,13603.512,13545.880,13486.097,13424.174,13360.125,13293.964,13225.706,13155.367,13082.963,13008.512,12932.033,12853.547,12773.073,12690.635,12606.256,12519.962,12431.778,12341.733,12249.856,12156.179,12060.732,11963.550,11864.669,11764.124,11661.955,11558.202,11452.904,11346.106,11237.852,11128.187,11017.158,10904.814,10791.203,10676.377,10560.387,10443.287,10325.130,10205.971,10085.865,9964.868,9843.038,9720.432,9597.108,9473.123,9348.536,9223.406,9097.791,8971.750,8845.340,8718.620,8591.646,8464.478,8337.169,8209.777,8082.356,7954.961,7827.644,7700.459,7573.455,7446.682,7320.191,7194.026,7068.236,6942.863,6817.952,6693.544,6569.678,6446.394,6323.727,6201.714,6080.387,5959.778,5839.917,5720.832,5602.551,5485.098,5368.494,5252.764,5137.924,5023.995,4910.991,4798.928,4687.818,4577.672,4468.499,4360.308,4253.105,4146.895,4041.680,3937.462,3834.243,3732.019,3630.789,3530.549,3431.292,3333.013,3235.704,3139.354,3043.954,2949.492,2855.954,2763.328,2671.597,2580.746,2490.758,2401.615,2313.298,2225.786,2139.059,2053.095,1967.873,1883.369,1799.558,1716.416,1633.919,1552.039,1470.751,1390.028,1309.842,1230.164,1150.965,1072.218,993.892,915.958,838.385,761.143,684.201,607.527,531.090,454.859,378.802,302.887,227.081,151.353,75.670,0.000
0.000,293.594,587.028,880.119,1172.683,1464.541,1755.513,2045.422,2334.094,2621.357,2907.044,3190.990,3473.035,3753.023,4030.803,4306.228,4579.158,4849.458,5116.996,5381.649,5643.299,5901.833,6157.145,6409.135,6657.708,6902.778,7144.263,7382.087,7616.182,7846.483,8072.934,8295.483,8514.084,8728.698,8939.288,9145.826,9348.287,9546.651,9740.904,9931.034,10117.035,10298.906,10476.648,10650.267,10819.771,10985.174,11146.489,11303.736,11456.936,11606.110,11751.286,11892.492,12029.756,12163.110,12292.587,12418.222,12540.049,12658.106,12772.429,12883.059,12990.033,13093.392,13193.175,13289.422,13382.174,13471.471,13557.354,13639.862,13719.037,13794.918,13867.544,13936.954,14003.187,14066.281,14126.272,14183.197,14237.092,14287.993,14335.932,14380.945,14423.062,14462.316,14498.737,14532.356,14563.200,14591.298,14616.677,14639.361,14659.377,14676.748,14691.496,14703.645,14713.214,14720.224,14724.695,14726.644,14726.089,14723.046,14717.532,14709.560,14699.146,14686.304,14671.045,14653.383,14633.328,14610.892,14586.087,14558.921,14529.405,14497.548,14463.361,14426.851,14388.029,14346.901,14303.479,14257.771,14209.786,14159.533,14107.022,14052.264,13995.267,13936.044,13874.606,13810.965,13745.134,13677.127,13606.958,13534.642,13460.197,13383.640,13304.989,13224.265,13141.488,13056.682,12969.871,12881.078,12790.332,12697.660,12603.093,12506.661,12408.398,12308.339,12206.519,12102.976,11997.751,11890.883,11782.415,11672.391,11560.858,11447.862,11333.451,11217.677,11100.590,10982.242,10862.689,10741.984,10620.183,10497.344,10373.523,10248.780,10123.175,9996.765,9869.613,9741.777,9613.320,9484.302,9354.784,9224.826,9094.491,8963.837,8832.925,8701.814,8570.563,8439.230,8307.873,8176.547,8045.308,7914.211,7783.309,7652.652,7522.292,7392.278,7262.658,7133.477,7004.782,6876.614,6749.015,6622.024,6495.681,6370.021,6245.079,6120.887,5997.476,5874.877,5753.115,5632.216,5512.205,5393.103,5274.929,5157.703,5041.442,4926.158,4811.867,4698.579,4586.303,4475.048,4364.820,4255.622,4147.460,4040.333,3934.242,3829.185,3725.159,3622.160,3520.182,3419.218,3319.259,3220.295,3122.316,3025.308,2929.259,2834.153,2739.976,2646.710,2554.338,2462.840,2372.196,2282.387,2193.390,2105.184,2017.744,1931.047,1845.067,1759.780,1675.159,1591.177,1507.807,1425.021,1342.790,1261.084,1179.875,1099.132,1018.824,938.922,859.393,780.206,701.329,622.729,544.375,466.234,388.272,310.457,232.755,155.135,77.560,0.000
0.000,303.238,606.307,909.015,1211.170,1512.583,1813.065,2112.433,2410.501,2707.092,3002.030,3295.142,3586.260,3875.223,4161.872,4446.055,4727.624,5006.439,5282.365,5555.271,5825.037,6091.545,6354.685,6614.354,6870.456,7122.900,7371.603,7616.487,7857.482,8094.523,8327.554,8556.521,8781.379,9002.087,9218.612,9430.924,9639.000,9842.821,10042.373,10237.648,10428.642,10615.353,10797.786,10975.948,11149.851,11319.509,11484.940,11646.164,11803.206,11956.091,12104.847,12249.504,12390.096,12526.656,12659.220,12787.824,12912.508,13033.309,13150.270,13263.430,13372.831,13478.515,13580.525,13678.903,13773.692,13864.934,13952.673,14036.950,14117.809,14195.290,14269.435,14340.286,14407.881,14472.261,14533.465,14591.530,14646.495,14698.395,14747.266,14793.142,14836.058,14876.046,14913.138,14947.365,14978.756,15007.340,15033.144,15056.196,15076.520,15094.141,15109.083,15121.368,15131.017,15138.051,15142.490,15144.351,15143.653,15140.412,15134.644,15126.363,15115.585,15102.323,15086.589,15068.395,15047.753,15024.674,14999.169,14971.246,14940.915,14908.187,14873.070,14835.571,14795.700,14753.466,14708.876,14661.939,14612.665,14561.061,14507.137,14450.902,14392.366,14331.539,14268.434,14203.060,14135.432,14065.561,13993.463,13919.152,13842.644,13763.958,13683.112,13600.125,13515.019,13427.816,13338.540,13247.217,13153.874,13058.540,12961.244,12862.019,12760.898,12657.918,12553.114,12446.526,12338.195,12228.161,12116.469,12003.165,11888.296,11771.911,11654.059,11534.793,11414.166,11292.233,11169.048,11044.670,10919.157,10792.567,10664.961,10536.400,10406.945,10276.658,10145.603,10013.841,9881.438,9748.455,9614.958,9481.008,9346.669,9212.005,9077.078,8941.948,8806.679,8671.330,8535.961,8400.630,8265.396,8130.314,7995.440,7860.828,7726.530,7592.597,7459.079,7326.024,7193.478,7061.486,6930.090,6799.332,6669.252,6539.886,6411.270,6283.439,6156.424,6030.255,5904.961,5780.567,5657.098,5534.576,5413.022,5292.455,5172.891,5054.346,4936.833,4820.363,4704.946,4590.589,4477.299,4365.081,4253.937,4143.868,4034.875,3926.955,3820.105,3714.320,3609.595,3505.920,3403.287,3301.685,3201.104,3101.529,3002.948,2905.344,2808.700,2713.001,2618.226,2524.356,2431.371,2339.249,2247.968,2157.504,2067.833,1978.930,1890.770,1803.325,1716.569,1630.473,1545.011,1460.151,1375.865,1292.123,1208.894,1126.146,1043.849,961.970,880.477,799.337,718.518,637.986,557.707,477.648,397.775,318.053,238.450,158.929,79.457,0.000
0.000,313.121,626.065,938.628,1250.610,1561.812,1872.038,2181.092,2488.783,2794.924,3099.330,3401.821,3702.222,4000.363,4296.080,4589.212,4879.607,5167.118,5451.604,5732.932,6010.973,6285.609,6556.724,6824.213,7087.976,7347.920,7603.960,7856.017,8104.019,8347.900,8587.603,8823.074,9054.269,9281.147,9503.675,9721.824,9935.572,10144.902,10349.802,10550.265,10746.287,10937.871,11125.024,11307.754,11486.077,11660.008,11829.568,11994.781,12155.673,12312.272,12464.610,12612.719,12756.637,12896.398,13032.042,13163.609,13291.139,13414.674,13534.259,13649.936,13761.749,13869.743,13973.964,14074.456,14171.265,14264.435,14354.012,14440.041,14522.564,14601.628,14677.274,14749.546,14818.486,14884.134,14946.533,15005.721,15061.737,15114.619,15164.405,15211.130,15254.829,15295.537,15333.285,15368.105,15400.029,15429.086,15455.305,15478.711,15499.332,15517.194,15532.319,15544.730,15554.450,15561.499,15565.897,15567.663,15566.814,15563.368,15557.339,15548.744,15537.595,15523.907,15507.693,15488.962,15467.728,15444.001,15417.790,15389.105,15357.956,15324.350,15288.297,15249.804,15208.880,15165.532,15119.767,15071.595,15021.024,14968.060,14912.713,14854.992,14794.906,14732.464,14667.678,14600.558,14531.117,14459.367,14385.321,14308.996,14230.406,14149.569,14066.503,13981.228,13893.766,13804.137,13712.367,13618.481,13522.507,13424.473,13324.411,13222.352,13118.332,13012.386,12904.553,12794.871,12683.382,12570.131,12455.161,12338.520,12220.257,12100.423,11979.068,11856.247,11732.014,11606.428,11479.545,11351.424,11222.127,11091.715,10960.249,10827.794,10694.414,10560.174,10425.138,10289.373,10152.945,10015.919,9878.362,9740.341,9601.921,9463.167,9324.145,9184.919,9045.552,8906.109,8766.651,8627.239,8487.932,8348.791,8209.872,8071.230,7932.922,7794.999,7657.513,7520.515,7384.051,7248.168,7112.911,6978.322,6844.442,6711.310,6578.963,6447.434,6316.759,6186.966,6058.086,5930.144,5803.167,5677.178,5552.196,5428.242,5305.332,5183.482,5062.705,4943.013,4824.416,4706.920,4590.533,4475.259,4361.100,4248.058,4136.132,4025.319,3915.616,3807.018,3699.517,3593.107,3487.775,3383.513,3280.307,3178.144,3077.010,2976.887,2877.759,2779.608,2682.413,2586.156,2490.813,2396.363,2302.783,2210.048,2118.132,2027.011,1936.657,1847.043,1758.141,1669.921,1582.355,1495.413,1409.063,1323.275,1238.017,1153.257,1068.961,985.098,901.634,818.534,735.766,653.293,571.083,489.100,407.309,325.675,244.162,162.736,81.361,0.000
0.000,323.254,646.320,968.986,1291.042,1612.277,1932.487,2251.467,2569.016,2884.938,3199.038,3511.131,3821.030,4128.561,4433.549,4735.829,5035.242,5331.635,5624.861,5914.782,6201.265,6484.185,6763.427,7038.879,7310.439,7578.012,7841.511,8100.855,8355.970,8606.792,8853.261,9095.324,9332.936,9566.058,9794.657,10018.705,10238.182,10453.072,10663.365,10869.055,11070.142,11266.631,11458.531,11645.851,11828.612,12006.831,12180.532,12349.741,12514.488,12674.804,12830.724,12982.283,13129.521,13272.477,13411.192,13545.710,13676.075,13802.331,13924.525,14042.702,14156.911,14267.199,14373.612,14476.200,14575.009,14670.087,14761.483,14849.242,14933.410,15014.036,15091.163,15164.836,15235.100,15301.998,15365.572,15425.864,15482.913,15536.760,15587.443,15635.000,15679.465,15720.876,15759.264,15794.664,15827.107,15856.624,15883.243,15906.992,15927.898,15945.988,15961.286,15973.814,15983.595,15990.650,15995.000,15996.663,15995.656,15991.997,15985.702,15976.785,15965.260,15951.142,15934.441,15915.170,15893.339,15868.958,15842.038,15812.587,15780.613,15746.126,15709.133,15669.640,15627.657,15583.190,15536.245,15486.831,15434.955,15380.624,15323.846,15264.630,15202.983,15138.915,15072.436,15003.557,14932.288,14858.642,14782.633,14704.274,14623.582,14540.573,14455.264,14367.676,14277.829,14185.746,14091.451,13994.970,13896.330,13795.561,13692.694,13587.761,13480.798,13371.842,13260.931,13148.106,13033.409,12916.886,12798.583,12678.548,12556.831,12433.485,12308.564,12182.122,12054.218,11924.909,11794.256,11662.321,11529.167,11394.857,11259.456,11123.030,10985.647,10847.374,10708.278,10568.429,10427.895,10286.744,10145.047,10002.873,9860.288,9717.363,9574.164,9430.760,9287.216,9143.598,8999.971,8856.398,8712.942,8569.663,8426.622,8283.876,8141.483,7999.497,7857.971,7716.959,7576.508,7436.667,7297.482,7158.997,7021.255,6884.294,6748.154,6612.870,6478.476,6345.004,6212.484,6080.943,5950.407,5820.899,5692.442,5565.054,5438.754,5313.555,5189.473,5066.519,4944.702,4824.030,4704.510,4586.145,4468.938,4352.890,4237.999,4124.264,4011.679,3900.240,3789.938,3680.765,3572.712,3465.765,3359.913,3255.141,3151.432,3048.772,2947.140,2846.520,2746.889,2648.226,2550.511,2453.718,2357.824,2262.804,2168.631,2075.280,1982.720,1890.926,1799.867,1709.513,1619.834,1530.799,1442.377,1354.534,1267.239,1180.458,1094.156,1008.301,922.858,837.792,753.067,668.649,584.500,500.587,416.872,333.320,249.892,166.555,83.269,0.000
0.000,333.647,667.095,1000.122,1332.507,1664.031,1994.476,2323.630,2651.281,2977.223,3301.254,3623.176,3942.799,4259.937,4574.409,4886.044,5194.674,5500.140,5802.291,6100.981,6396.074,6687.443,6974.964,7258.526,7538.022,7813.355,8084.436,8351.183,8613.522,8871.385,9124.714,9373.456,9617.566,9857.005,10091.742,10321.751,10547.012,10767.511,10983.241,11194.197,11400.384,11601.806,11798.476,11990.408,12177.622,12360.141,12537.992,12711.203,12879.808,13043.840,13203.339,13358.342,13508.893,13655.033,13796.809,13934.265,14067.449,14196.409,14321.195,14441.855,14558.441,14671.001,14779.587,14884.248,14985.036,15082.001,15175.192,15264.660,15350.452,15432.617,15511.203,15586.256,15657.823,15725.949,15790.678,15852.053,15910.116,15964.908,16016.470,16064.839,16110.054,16152.150,16191.163,16227.127,16260.074,16290.035,16317.041,16341.120,16362.300,16380.607,16396.066,16408.700,16418.533,16425.586,16429.879,16431.430,16430.259,16426.381,16419.812,16410.568,16398.662,16384.108,16366.916,16347.099,16324.667,16299.629,16271.996,16241.775,16208.974,16173.601,16135.663,16095.168,16052.121,16006.529,15958.399,15907.737,15854.551,15798.845,15740.629,15679.908,15616.691,15550.987,15482.804,15412.152,15339.042,15263.486,15185.497,15105.087,15022.272,14937.069,14849.494,14759.569,14667.312,14572.746,14475.895,14376.786,14275.446,14171.904,14066.193,13958.344,13848.395,13736.383,13622.346,13506.328,13388.371,13268.522,13146.828,13023.339,12898.108,12771.188,12642.634,12512.505,12380.858,12247.757,12113.262,11977.438,11840.350,11702.065,11562.650,11422.174,11280.707,11138.320,10995.081,10851.065,10706.341,10560.982,10415.060,10268.647,10121.814,9974.633,9827.174,9679.507,9531.701,9383.826,9235.947,9088.132,8940.445,8792.949,8645.707,8498.780,8352.225,8206.101,8060.463,7915.363,7770.854,7626.985,7483.804,7341.358,7199.687,7058.836,6918.841,6779.741,6641.571,6504.363,6368.147,6232.953,6098.806,5965.731,5833.750,5702.881,5573.144,5444.554,5317.124,5190.867,5065.791,4941.905,4819.214,4697.723,4577.434,4458.347,4340.462,4223.774,4108.279,3993.971,3880.842,3768.883,3658.082,3548.428,3439.908,3332.504,3226.202,3120.984,3016.831,2913.723,2811.639,2710.557,2610.452,2511.302,2413.081,2315.763,2219.321,2123.726,2028.950,1934.964,1841.737,1749.239,1657.439,1566.302,1475.798,1385.893,1296.552,1207.742,1119.428,1031.575,944.146,857.106,770.419,684.048,597.956,512.107,426.463,340.986,255.639,170.384,85.184,0.000
0.000,344.310,688.411,1032.068,1375.050,1717.126,2058.069,2397.654,2735.661,3071.873,3406.078,3738.070,4067.649,4394.621,4718.797,5039.998,5358.050,5672.787,5984.052,6291.695,6595.574,6895.555,7191.515,7483.335,7770.909,8054.136,8332.925,8607.192,8876.863,9141.870,9402.153,9657.661,9908.349,10154.178,10395.120,10631.149,10862.247,11088.404,11309.612,11525.872,11737.189,11943.571,12145.033,12341.594,12533.275,12720.104,12902.111,13079.327,13251.788,13419.534,13582.605,13741.044,13894.896,14044.209,14189.029,14329.408,14465.394,14597.039,14724.397,14847.519,14966.458,15081.269,15192.003,15298.716,15401.459,15500.286,15595.249,15686.400,15773.791,15857.472,15937.493,16013.902,16086.749,16156.081,16221.942,16284.379,16343.434,16399.151,16451.571,16500.734,16546.679,16589.444,16629.064,16665.575,16699.010,16729.402,16756.780,16781.176,16802.616,16821.128,16836.737,16849.468,16859.343,16866.384,16870.611,16872.043,16870.700,16866.596,16859.749,16850.172,16837.880,16822.884,16805.198,16784.831,16761.794,16736.096,16707.746,16676.752,16643.120,16606.858,16567.973,16526.471,16482.357,16435.637,16386.317,16334.403,16279.900,16222.814,16163.152,16100.920,16036.125,15968.774,15898.877,15826.441,15751.477,15673.996,15594.010,15511.532,15426.576,15339.158,15249.295,15157.007,15062.313,14965.236,14865.800,14764.030,14659.955,14553.603,14445.008,14334.203,14221.223,14106.108,13988.898,13869.635,13748.364,13625.133,13499.990,13372.987,13244.178,13113.618,12981.365,12847.479,12712.020,12575.052,12436.640,12296.850,12155.751,12013.411,11869.901,11725.293,11579.658,11433.071,11285.606,11137.335,10988.335,10838.681,10688.447,10537.708,10386.539,10235.014,10083.208,9931.191,9779.038,9626.820,9474.605,9322.463,9170.462,9018.667,8867.144,8715.954,8565.160,8414.821,8264.993,8115.732,7967.092,7819.125,7671.879,7525.401,7379.737,7234.929,7091.018,6948.041,6806.035,6665.032,6525.066,6386.164,6248.354,6111.660,5976.105,5841.708,5708.489,5576.462,5445.642,5316.040,5187.666,5060.527,4934.630,4809.978,4686.573,4564.415,4443.503,4323.833,4205.399,4088.195,3972.212,3857.442,3743.871,3631.487,3520.275,3410.220,3301.305,3193.510,3086.817,2981.205,2876.651,2773.132,2670.625,2569.103,2468.542,2368.913,2270.188,2172.339,2075.336,1979.148,1883.744,1789.092,1695.160,1601.913,1509.320,1417.344,1325.951,1235.105,1144.771,1054.912,965.492,876.472,787.817,699.488,611.447,523.657,436.078,348.671,261.399,174.223,87.103,0.000
0.000,355.256,710.291,1064.859,1418.716,1771.620,2123.333,2473.619,2822.245,3168.986,3513.619,3855.929,4195.705,4532.746,4866.853,5197.841,5525.527,5849.740,6170.315,6487.097,6799.940,7108.705,7413.264,7713.496,8009.292,8300.549,8587.172,8869.079,9146.192,9418.445,9685.777,9948.138,10205.482,10457.774,10704.985,10947.092,11184.081,11415.940,11642.667,11864.264,12080.740,12292.106,12498.379,12699.583,12895.742,13086.888,13273.052,13454.272,13630.587,13802.039,13968.673,14130.536,14287.677,14440.145,14587.993,14731.274,14870.041,15004.350,15134.256,15259.815,15381.085,15498.120,15610.978,15719.714,15824.386,15925.049,16021.757,16114.566,16203.529,16288.699,16370.130,16447.870,16521.972,16592.484,16659.454,16722.929,16782.954,16839.573,16892.831,16942.767,16989.423,17032.837,17073.046,17110.087,17143.994,17174.800,17202.537,17227.235,17248.923,17267.628,17283.376,17296.191,17306.098,17313.118,17317.272,17318.578,17317.054,17312.719,17305.587,17295.672,17282.989,17267.549,17249.364,17228.444,17204.799,17178.438,17149.369,17117.598,17083.134,17045.981,17006.146,16963.634,16918.450,16870.599,16820.086,16766.916,16711.092,16652.621,16591.507,16527.757,16461.376,16392.371,16320.749,16246.518,16169.688,16090.268,16008.271,15923.707,15836.592,15746.939,15654.766,15560.092,15462.935,15363.319,15261.266,15156.803,15049.958,14940.760,14829.241,14715.436,14599.382,14481.117,14360.683,14238.124,14113.484,13986.813,13858.162,13727.583,13595.132,13460.866,13324.845,13187.130,13047.785,12906.875,12764.469,12620.635,12475.443,12328.966,12181.277,12032.451,11882.563,11731.689,11579.908,11427.295,11273.929,11119.889,10965.252,10810.098,10654.502,10498.544,10342.299,10185.845,10029.255,9872.604,9715.966,9559.411,9403.010,9246.832,9090.943,8935.410,8780.295,8625.661,8471.566,8318.068,8165.223,8013.084,7861.701,7711.124,7561.398,7412.568,7264.675,7117.758,6971.855,6827.001,6683.226,6540.562,6399.035,6258.671,6119.492,5981.519,5844.771,5709.263,5575.009,5442.021,5310.309,5179.880,5050.740,4922.891,4796.336,4671.075,4547.105,4424.423,4303.021,4182.894,4064.032,3946.425,3830.059,3714.922,3600.999,3488.272,3376.723,3266.333,3157.083,3048.949,2941.910,2835.940,2731.015,2627.108,2524.193,2422.240,2321.222,2221.107,2121.866,2023.466,1925.875,1829.061,1732.988,1637.624,1542.933,1448.879,1355.426,1262.539,1170.178,1078.308,986.890,895.886,805.257,714.965,624.970,535.233,445.715,356.375,267.173,178.070,89.026,0.000
0.000,366.497,732.759,1098.530,1463.553,1827.573,2190.339,2551.605,2911.127,3268.666,3623.992,3976.876,4327.101,4674.453,5018.727,5359.728,5697.268,6031.166,6361.254,6687.368,7009.358,7327.081,7640.405,7949.206,8253.370,8552.793,8847.381,9137.046,9421.713,9701.314,9975.790,10245.089,10509.168,10767.994,11021.538,11269.780,11512.707,11750.313,11982.596,12209.562,12431.222,12647.593,12858.694,13064.552,13265.196,13460.661,13650.983,13836.202,14016.363,14191.512,14361.696,14526.968,14687.379,14842.984,14993.838,15139.998,15281.523,15418.470,15550.898,15678.868,15802.439,15921.671,16036.623,16147.355,16253.927,16356.396,16454.820,16549.257,16639.764,16726.396,16809.207,16888.252,16963.582,17035.248,17103.301,17167.789,17228.760,17286.259,17340.331,17391.019,17438.365,17482.408,17523.187,17560.740,17595.101,17626.305,17654.385,17679.371,17701.293,17720.178,17736.053,17748.943,17758.872,17765.862,17769.933,17771.105,17769.396,17764.822,17757.399,17747.142,17734.063,17718.175,17699.488,17678.012,17653.757,17626.731,17596.940,17564.392,17529.093,17491.048,17450.262,17406.738,17360.483,17311.499,17259.790,17205.360,17148.213,17088.353,17025.783,16960.509,16892.536,16821.868,16748.513,16672.478,16593.770,16512.399,16428.376,16341.711,16252.418,16160.511,16066.007,15968.922,15869.278,15767.094,15662.396,15555.207,15445.556,15333.474,15218.992,15102.146,14982.972,14861.510,14737.802,14611.892,14483.828,14353.660,14221.440,14087.221,13951.062,13813.021,13673.160,13531.543,13388.236,13243.308,13096.827,12948.866,12799.499,12648.800,12496.845,12343.713,12189.482,12034.232,11878.043,11720.996,11563.172,11404.653,11245.521,11085.856,10925.741,10765.256,10604.481,10443.495,10282.376,10121.203,9960.050,9798.993,9638.104,9477.455,9317.116,9157.154,8997.636,8838.626,8680.184,8522.371,8365.244,8208.858,8053.265,7898.517,7744.661,7591.741,7439.801,7288.882,7139.021,6990.254,6842.613,6696.130,6550.832,6406.745,6263.893,6122.295,5981.971,5842.937,5705.206,5568.791,5433.701,5299.942,5167.522,5036.442,4906.703,4778.306,4651.248,4525.523,4401.126,4278.049,4156.281,4035.813,3916.630,3798.717,3682.060,3566.641,3452.440,3339.437,3227.612,3116.940,3007.399,2898.964,2791.607,2685.302,2580.020,2475.732,2372.409,2270.018,2168.529,2067.907,1968.121,1869.135,1770.914,1673.424,1576.629,1480.490,1384.971,1290.035,1195.643,1101.756,1008.335,915.341,822.734,730.474,638.521,546.834,455.371,364.093,272.958,181.925,90.953,0.000
0.000,378.045,755.842,1133.121,1509.612,1885.047,2259.163,2631.701,3002.404,3371.023,3737.315,4101.042,4461.974,4819.890,5174.576,5525.826,5873.445,6217.246,6557.053,6892.698,7224.024,7550.884,7873.141,8190.668,8503.351,8811.080,9113.761,9411.306,9703.639,9990.691,10272.403,10548.726,10819.618,11085.046,11344.984,11599.416,11848.330,12091.722,12329.595,12561.958,12788.826,13010.218,13226.160,13436.680,13641.812,13841.595,14036.070,14225.282,14409.277,14588.109,14761.827,14930.488,15094.149,15252.867,15406.702,15555.716,15699.970,15839.526,15974.448,16104.798,16230.640,16352.037,16469.052,16581.748,16690.187,16794.430,16894.539,16990.574,17082.594,17170.656,17254.819,17335.137,17411.666,17484.459,17553.568,17619.043,17680.933,17739.287,17794.149,17845.566,17893.579,17938.231,17979.560,18017.606,18052.404,18083.989,18112.395,18137.654,18159.796,18178.848,18194.839,18207.792,18217.733,18224.683,18228.663,18229.694,18227.792,18222.974,18215.256,18204.651,18191.173,18174.833,18155.641,18133.608,18108.741,18081.048,18050.536,18017.210,17981.075,17942.137,17900.399,17855.864,17808.536,17758.418,17705.513,17649.822,17591.349,17530.096,17466.067,17399.264,17329.693,17257.357,17182.262,17104.413,17023.817,16940.484,16854.422,16765.641,16674.154,16579.974,16483.117,16383.600,16281.442,16176.664,16069.289,15959.343,15846.853,15731.849,15614.364,15494.433,15372.094,15247.386,15120.353,14991.039,14859.494,14725.769,14589.917,14451.993,14312.058,14170.172,14026.399,13880.805,13733.458,13584.430,13433.793,13281.622,13127.993,12972.983,12816.674,12659.145,12500.479,12340.758,12180.068,12018.491,11856.114,11693.019,11529.295,11365.024,11200.293,11035.184,10869.782,10704.169,10538.427,10372.637,10206.876,10041.225,9875.757,9710.548,9545.669,9381.193,9217.186,9053.715,8890.845,8728.636,8567.149,8406.440,8246.564,8087.571,7929.513,7772.435,7616.382,7461.395,7307.513,7154.773,7003.208,6852.850,6703.726,6555.864,6409.286,6264.015,6120.069,5977.462,5836.211,5696.327,5557.818,5420.692,5284.954,5150.607,5017.651,4886.086,4755.908,4627.112,4499.691,4373.637,4248.939,4125.585,4003.561,3882.852,3763.440,3645.309,3528.437,3412.803,3298.385,3185.161,3073.103,2962.187,2852.385,2743.668,2636.008,2529.374,2423.735,2319.058,2215.311,2112.459,2010.468,1909.303,1808.927,1709.305,1610.398,1512.168,1414.577,1317.587,1221.158,1125.249,1029.821,934.832,840.243,746.011,652.095,558.454,465.045,371.825,278.753,185.787,92.884,0.000
0.000,389.914,779.566,1168.671,1556.946,1944.110,2329.885,2713.998,3096.181,3476.171,3853.715,4228.562,4600.472,4969.214,5334.563,5696.305,6054.238,6408.166,6757.906,7103.285,7444.140,7780.319,8111.682,8438.099,8759.450,9075.628,9386.533,9692.079,9992.189,10286.794,10575.836,10859.267,11137.047,11409.144,11675.537,11936.209,12191.154,12440.370,12683.865,12921.650,13153.745,13380.173,13600.963,13816.148,14025.768,14229.865,14428.485,14621.676,14809.492,14991.987,15169.219,15341.247,15508.131,15669.936,15826.724,15978.562,16125.514,16267.647,16405.028,16537.725,16665.804,16789.331,16908.374,17022.999,17133.271,17239.254,17341.014,17438.612,17532.111,17621.571,17707.053,17788.614,17866.311,17940.200,18010.336,18076.769,18139.552,18198.734,18254.362,18306.483,18355.141,18400.379,18442.237,18480.755,18515.971,18547.920,18576.636,18602.153,18624.499,18643.706,18659.799,18672.804,18682.747,18689.648,18693.530,18694.411,18692.309,18687.242,18679.224,18668.268,18654.387,18637.593,18617.895,18595.302,18569.822,18541.462,18510.227,18476.123,18439.154,18399.323,18356.634,18311.088,18262.689,18211.437,18157.334,18100.382,18040.582,17977.935,17912.444,17844.111,17772.938,17698.928,17622.086,17542.416,17459.924,17374.617,17286.504,17195.593,17101.896,17005.426,16906.197,16804.226,16699.530,16592.131,16482.051,16369.315,16253.950,16135.987,16015.459,15892.400,15766.849,15638.847,15508.437,15375.665,15240.581,15103.238,14963.690,14821.995,14678.214,14532.410,14384.650,14235.001,14083.535,13930.325,13775.447,13618.978,13460.997,13301.587,13140.830,12978.810,12815.613,12651.326,12486.037,12319.832,12152.801,11985.032,11816.615,11647.638,11478.190,11308.359,11138.230,10967.892,10797.429,10626.924,10456.460,10286.119,10115.978,9946.116,9776.608,9607.527,9438.944,9270.927,9103.544,8936.858,8770.930,8605.820,8441.583,8278.273,8115.941,7954.635,7794.400,7635.280,7477.314,7320.539,7164.990,7010.698,6857.694,6706.003,6555.650,6406.655,6259.038,6112.815,5967.999,5824.603,5682.636,5542.104,5403.012,5265.362,5129.156,4994.390,4861.062,4729.166,4598.694,4469.636,4341.982,4215.718,4090.831,3967.303,3845.117,3724.254,3604.693,3486.411,3369.385,3253.591,3139.002,3025.592,2913.332,2802.192,2692.142,2583.151,2475.186,2368.213,2262.199,2157.109,2052.906,1949.554,1847.016,1745.254,1644.230,1543.903,1444.236,1345.187,1246.715,1148.781,1051.341,954.354,857.778,761.571,665.690,570.091,474.732,379.568,284.557,189.654,94.816,0.000
0.000,402.118,803.960,1205.224,1605.614,2004.832,2402.587,2798.593,3192.566,3584.233,3973.325,4359.581,4742.750,5122.588,5498.862,5871.349,6239.836,6604.122,6964.016,7319.337,7669.919,8015.605,8356.250,8691.720,9021.894,9346.662,9665.925,9979.594,10287.592,10589.851,10886.315,11176.937,11461.678,11740.511,12013.414,12280.376,12541.393,12796.468,13045.612,13288.840,13526.177,13757.650,13983.292,14203.143,14417.246,14625.648,14828.399,15025.554,15217.170,15403.307,15584.027,15759.393,15929.473,16094.333,16254.041,16408.668,16558.283,16702.958,16842.762,16977.768,17108.046,17233.666,17354.699,17471.215,17583.281,17690.968,17794.340,17893.465,17988.407,18079.230,18165.996,18248.766,18327.598,18402.552,18473.683,18541.045,18604.692,18664.674,18721.041,18773.841,18823.119,18868.919,18911.285,18950.255,18985.868,19018.162,19047.172,19072.929,19095.466,19114.812,19130.996,19144.042,19153.976,19160.819,19164.594,19165.319,19163.012,19157.689,19149.366,19138.056,19123.770,19106.519,19086.313,19063.160,19037.067,19008.040,18976.084,18941.203,18903.401,18862.679,18819.040,18772.486,18723.016,18670.632,18615.333,18557.120,18495.994,18431.954,18365.000,18295.134,18222.356,18146.670,18068.076,17986.579,17902.182,17814.894,17724.718,17631.665,17535.744,17436.966,17335.346,17230.899,17123.642,17013.595,16900.781,16785.224,16666.951,16545.992,16422.380,16296.150,16167.341,16035.995,15902.155,15765.869,15627.188,15486.164,15342.856,15197.321,15049.623,14899.828,14748.003,14594.219,14438.551,14281.073,14121.866,13961.010,13798.587,13634.681,13469.381,13302.773,13134.946,12965.993,12796.002,12625.067,12453.280,12280.734,12107.522,11933.735,11759.467,11584.809,11409.853,11234.687,11059.400,10884.081,10708.815,10533.686,10358.776,10184.166,10009.934,9836.157,9662.907,9490.257,9318.275,9147.027,8976.577,8806.985,8638.309,8470.606,8303.927,8138.321,7973.836,7810.516,7648.400,7487.528,7327.934,7169.652,7012.711,6857.137,6702.956,6550.188,6398.853,6248.966,6100.543,5953.594,5808.127,5664.151,5521.668,5380.681,5241.190,5103.192,4966.684,4831.658,4698.107,4566.020,4435.386,4306.190,4178.416,4052.049,3927.068,3803.455,3681.186,3560.239,3440.590,3322.212,3205.078,3089.161,2974.430,2860.855,2748.404,2637.046,2526.745,2417.468,2309.179,2201.842,2095.420,1989.874,1885.168,1781.261,1678.114,1575.686,1473.937,1372.825,1272.307,1172.343,1072.888,973.899,875.335,777.150,679.300,581.741,484.429,387.319,290.366,193.525,96.752,0.000
0.000,414.674,829.054,1242.826,1655.674,2067.288,2477.360,2885.588,3291.677,3695.337,4096.286,4494.251,4888.969,5280.186,5667.656,6051.148,6430.439,6805.321,7175.594,7541.074,7901.586,8256.969,8607.074,8951.766,9290.919,9624.422,9952.175,10274.088,10590.085,10900.100,11204.077,11501.970,11793.744,12079.373,12358.841,12632.138,12899.266,13160.230,13415.046,13663.734,13906.324,14142.847,14373.342,14597.853,14816.429,15029.121,15235.987,15437.084,15632.476,15822.227,16006.405,16185.079,16358.320,16526.199,16688.791,16846.169,16998.408,17145.584,17287.771,17425.044,17557.479,17685.151,17808.133,17926.498,18040.319,18149.667,18254.612,18355.225,18451.572,18543.719,18631.733,18715.675,18795.608,18871.592,18943.685,19011.944,19076.424,19137.177,19194.255,19247.706,19297.579,19343.918,19386.767,19426.167,19462.159,19494.779,19524.063,19550.045,19572.757,19592.229,19608.490,19621.565,19631.480,19638.256,19641.915,19642.477,19639.958,19634.376,19625.744,19614.076,19599.382,19581.674,19560.960,19537.247,19510.542,19480.849,19448.174,19412.518,19373.885,19332.275,19287.690,19240.129,19189.593,19136.079,19079.588,19020.117,18957.666,18892.233,18823.817,18752.418,18678.036,18600.669,18520.321,18436.992,18350.686,18261.407,18169.160,18073.952,17975.793,17874.693,17770.664,17663.721,17553.880,17441.161,17325.584,17207.174,17085.959,16961.966,16835.231,16705.787,16573.674,16438.934,16301.611,16161.754,16019.415,15874.648,15727.512,15578.067,15426.380,15272.516,15116.547,14958.547,14798.591,14636.759,14473.132,14307.795,14140.834,13972.337,13802.394,13631.096,13458.538,13284.814,13110.018,12934.248,12757.599,12580.168,12402.053,12223.349,12044.154,11864.564,11684.672,11504.573,11324.359,11144.122,10963.951,10783.933,10604.154,10424.699,10245.647,10067.079,9889.071,9711.696,9535.026,9359.130,9184.073,9009.918,8836.725,8664.551,8493.449,8323.472,8154.666,7987.077,7820.747,7655.714,7492.015,7329.683,7168.749,7009.238,6851.176,6694.585,6539.483,6385.888,6233.813,6083.268,5934.263,5786.803,5640.893,5496.534,5353.725,5212.464,5072.746,4934.562,4797.905,4662.763,4529.124,4396.972,4266.291,4137.064,4009.269,3882.887,3757.894,3634.266,3511.978,3391.002,3271.310,3152.872,3035.659,2919.638,2804.777,2691.041,2578.396,2466.806,2356.235,2246.644,2137.996,2030.252,1923.371,1817.314,1712.040,1607.506,1503.671,1400.491,1297.925,1195.927,1094.454,993.462,892.906,792.741,692.921,593.400,494.134,395.076,296.180,197.399,98.688,0.000
0.000,427.596,854.881,1281.524,1707.192,2131.557,2554.298,2975.094,3393.636,3809.619,4222.747,4632.735,5039.305,5442.191,5841.138,6235.904,6626.258,7011.980,7392.866,7768.724,8139.374,8504.650,8864.399,9218.481,9566.771,9909.154,10245.530,10575.810,10899.917,11217.787,11529.364,11834.607,12133.483,12425.968,12712.051,12991.725,13264.996,13531.876,13792.383,14046.544,14294.392,14535.965,14771.307,15000.469,15223.503,15440.467,15651.424,15856.437,16055.576,16248.910,16436.511,16618.456,16794.819,16965.678,17131.111,17291.197,17446.016,17595.649,17740.173,17879.669,18014.217,18143.894,18268.780,18388.950,18504.481,18615.447,18721.923,18823.980,18921.690,19015.122,19104.343,19189.419,19270.416,19347.394,19420.415,19489.537,19554.818,19616.310,19674.069,19728.144,19778.585,19825.436,19868.745,19908.553,19944.901,19977.827,20007.367,20033.557,20056.429,20076.012,20092.337,20105.430,20115.314,20122.014,20125.550,20125.941,20123.206,20117.359,20108.415,20096.386,20081.284,20063.118,20041.895,20017.623,19990.308,19959.952,19926.560,19890.134,19850.673,19808.180,19762.653,19714.091,19662.491,19607.853,19550.172,19489.448,19425.676,19358.853,19288.978,19216.048,19140.060,19061.014,18978.909,18893.745,18805.524,18714.248,18619.922,18522.551,18422.143,18318.705,18212.251,18102.792,17990.346,17874.929,17756.563,17635.271,17511.079,17384.017,17254.117,17121.416,16985.952,16847.767,16706.907,16563.422,16417.364,16268.790,16117.758,15964.333,15808.580,15650.570,15490.376,15328.073,15163.742,14997.464,14829.325,14659.411,14487.814,14314.624,14139.936,13963.845,13786.449,13607.846,13428.137,13247.421,13065.800,12883.374,12700.245,12516.514,12332.281,12147.647,11962.711,11777.570,11592.320,11407.058,11221.876,11036.866,10852.115,10667.713,10483.743,10300.287,10117.424,9935.233,9753.785,9573.152,9393.402,9214.600,9036.808,8860.084,8684.484,8510.061,8336.863,8164.937,7994.325,7825.068,7657.202,7490.761,7325.775,7162.273,7000.278,6839.814,6680.898,6523.548,6367.776,6213.594,6061.010,5910.029,5760.656,5612.890,5466.731,5322.175,5179.217,5037.848,4898.058,4759.836,4623.168,4488.038,4354.429,4222.321,4091.695,3962.526,3834.792,3708.468,3583.526,3459.938,3337.675,3216.706,3097.000,2978.523,2861.241,2745.119,2630.122,2516.212,2403.351,2291.501,2180.621,2070.672,1961.612,1853.401,1745.994,1639.351,1533.427,1428.178,1323.559,1219.526,1116.034,1013.036,910.487,808.339,706.548,605.065,503.843,402.836,301.996,201.275,100.626,0.000
0.000,440.902,881.475,1321.369,1760.234,2197.725,2633.500,3067.226,3498.574,3927.224,4352.867,4775.202,5193.938,5608.797,6019.513,6425.832,6827.513,7224.329,7616.068,8002.530,8383.530,8758.898,9128.476,9492.122,9849.707,10201.117,10546.250,10885.018,11217.344,11543.165,11862.431,12175.099,12481.142,12780.539,13073.283,13359.372,13638.816,13911.632,14177.845,14437.485,14690.592,14937.211,15177.390,15411.186,15638.657,15859.869,16074.889,16283.786,16486.637,16683.515,16874.501,17059.674,17239.115,17412.908,17581.136,17743.884,17901.235,18053.275,18200.088,18341.758,18478.369,18610.003,18736.743,18858.670,18975.863,19088.400,19196.360,19299.817,19398.846,19493.518,19583.905,19670.075,19752.094,19830.029,19903.940,19973.890,20039.937,20102.138,20160.546,20215.215,20266.195,20313.533,20357.276,20397.468,20434.150,20467.361,20497.139,20523.518,20546.533,20566.214,20582.590,20595.687,20605.532,20612.146,20615.551,20615.766,20612.808,20606.692,20597.433,20585.042,20569.530,20550.906,20529.176,20504.347,20476.424,20445.409,20411.305,20374.112,20333.830,20290.458,20243.994,20194.436,20141.781,20086.024,20027.161,19965.188,19900.100,19831.893,19760.562,19686.104,19608.513,19527.789,19443.927,19356.927,19266.789,19173.512,19077.101,18977.557,18874.889,18769.102,18660.207,18548.216,18433.143,18315.005,18193.822,18069.618,17942.417,17812.249,17679.146,17543.144,17404.281,17262.601,17118.150,16970.978,16821.140,16668.691,16513.695,16356.215,16196.320,16034.083,15869.579,15702.888,15534.091,15363.274,15190.525,15015.936,14839.600,14661.613,14482.074,14301.081,14118.737,13935.146,13750.410,13564.636,13377.928,13190.392,13002.134,12813.260,12623.875,12434.084,12243.989,12053.693,11863.296,11672.898,11482.596,11292.485,11102.658,10913.205,10724.214,10535.771,10347.957,10160.852,9974.533,9789.073,9604.543,9421.008,9238.534,9057.181,8877.005,8698.060,8520.397,8344.064,8169.103,7995.556,7823.461,7652.851,7483.757,7316.208,7150.228,6985.840,6823.062,6661.910,6502.399,6344.537,6188.334,6033.795,5880.921,5729.715,5580.174,5432.292,5286.065,5141.482,4998.534,4857.208,4717.488,4579.359,4442.800,4307.794,4174.316,4042.345,3911.855,3782.819,3655.209,3528.997,3404.151,3280.640,3158.430,3037.487,2917.777,2799.261,2681.904,2565.667,2450.510,2336.394,2223.278,2111.119,1999.877,1889.507,1779.966,1671.210,1563.194,1455.873,1349.201,1243.131,1137.617,1032.612,928.069,823.939,720.176,616.730,513.552,410.596,307.812,205.150,102.563,0.000
0.000,454.610,908.873,1362.417,1814.874,2265.880,2715.074,3162.105,3606.628,4048.306,4486.813,4921.833,5353.063,5780.210,6202.995,6621.156,7034.439,7442.610,7845.448,8242.747,8634.315,9019.977,9399.572,9772.956,10139.998,10500.581,10854.605,11201.980,11542.633,11876.502,12203.539,12523.706,12836.977,13143.339,13442.785,13735.322,14020.963,14299.732,14571.658,14836.779,15095.141,15346.793,15591.793,15830.201,16062.084,16287.513,16506.561,16719.306,16925.827,17126.207,17320.531,17508.885,17691.355,17868.032,18039.004,18204.360,18364.190,18518.584,18667.632,18811.422,18950.042,19083.580,19212.122,19335.754,19454.557,19568.616,19678.010,19782.819,19883.119,19978.986,20070.494,20157.714,20240.715,20319.565,20394.328,20465.068,20531.845,20594.718,20653.744,20708.976,20760.465,20808.262,20852.413,20892.964,20929.957,20963.432,20993.427,21019.979,21043.121,21062.883,21079.296,21092.387,21102.181,21108.701,21111.967,21111.999,21108.813,21102.425,21092.848,21080.094,21064.173,21045.091,21022.857,20997.474,20968.947,20937.277,20902.465,20864.512,20823.415,20779.172,20731.780,20681.234,20627.530,20570.661,20510.624,20447.410,20381.013,20311.428,20238.648,20162.667,20083.479,20001.079,19915.463,19826.627,19734.570,19639.291,19540.789,19439.067,19334.129,19225.981,19114.632,19000.092,18882.373,18761.492,18637.468,18510.322,18380.080,18246.770,18110.424,17971.077,17828.770,17683.543,17535.446,17384.529,17230.846,17074.457,16915.425,16753.815,16589.700,16423.153,16254.254,16083.083,15909.727,15734.274,15556.816,15377.449,15196.269,15013.377,14828.876,14642.869,14455.464,14266.767,14076.889,13885.938,13694.025,13501.260,13307.754,13113.618,12918.962,12723.894,12528.524,12332.956,12137.296,11941.649,11746.114,11550.792,11355.778,11161.168,10967.051,10773.518,10580.652,10388.537,10197.252,10006.872,9817.471,9629.117,9441.876,9255.810,9070.979,8887.436,8705.235,8524.424,8345.046,8167.144,7990.756,7815.917,7642.657,7471.006,7300.988,7132.625,6965.936,6800.937,6637.642,6476.060,6316.199,6158.062,6001.654,5846.973,5694.017,5542.780,5393.255,5245.433,5099.301,4954.846,4812.053,4670.902,4531.375,4393.451,4257.106,4122.316,3989.054,3857.293,3727.003,3598.154,3470.714,3344.650,3219.927,3096.510,2974.362,2853.446,2733.723,2615.152,2497.695,2381.308,2265.951,2151.580,2038.151,1925.620,1813.942,1703.071,1592.962,1483.567,1374.840,1266.733,1159.197,1052.185,945.647,839.535,733.799,628.391,523.258,418.353,313.625,209.024,104.499,0.000
0.000,468.741,937.114,1404.726,1871.189,2336.118,2799.133,3259.864,3717.947,4173.028,4624.764,5072.822,5516.885,5956.646,6391.815,6822.115,7247.284,7667.079,8081.269,8489.642,8892.000,9288.164,9677.969,10061.267,10437.926,10807.830,11170.876,11526.979,11876.064,12218.074,12552.963,12880.697,13201.255,13514.627,13820.813,14119.825,14411.682,14696.413,14974.056,15244.653,15508.258,15764.927,16014.723,16257.716,16493.978,16723.587,16946.623,17163.170,17373.316,17577.148,17774.759,17966.240,18151.686,18331.190,18504.848,18672.754,18835.006,18991.696,19142.920,19288.771,19429.344,19564.728,19695.016,19820.295,19940.655,20056.180,20166.956,20273.065,20374.586,20471.600,20564.181,20652.405,20736.343,20816.065,20891.639,20963.129,21030.599,21094.110,21153.718,21209.479,21261.448,21309.674,21354.206,21395.090,21432.370,21466.087,21496.280,21522.985,21546.236,21566.065,21582.502,21595.574,21605.307,21611.723,21614.843,21614.686,21611.268,21604.605,21594.709,21581.591,21565.260,21545.724,21522.987,21497.054,21467.928,21435.609,21400.098,21361.391,21319.487,21274.382,21226.070,21174.545,21119.802,21061.833,21000.629,20936.184,20868.488,20797.534,20723.312,20645.816,20565.036,20480.966,20393.600,20302.932,20208.958,20111.674,20011.080,19907.175,19799.962,19689.444,19575.628,19458.523,19338.141,19214.497,19087.606,18957.492,18824.177,18687.690,18548.061,18405.328,18259.527,18110.704,17958.905,17804.182,17646.591,17486.193,17323.052,17157.236,16988.819,16817.878,16644.494,16468.751,16290.739,16110.550,15928.280,15744.028,15557.895,15369.987,15180.409,14989.272,14796.687,14602.766,14407.623,14211.373,14014.132,13816.014,13617.138,13417.616,13217.565,13017.099,12816.330,12615.369,12414.328,12213.312,12012.429,11811.781,11611.469,11411.590,11212.240,11013.511,10815.491,10618.265,10421.916,10226.521,10032.157,9838.894,9646.800,9455.939,9266.372,9078.154,8891.340,8705.978,8522.114,8339.791,8159.047,7979.918,7802.434,7626.625,7452.515,7280.128,7109.480,6940.589,6773.466,6608.122,6444.563,6282.793,6122.814,5964.626,5808.223,5653.602,5500.751,5349.663,5200.323,5052.717,4906.827,4762.636,4620.122,4479.262,4340.033,4202.408,4066.361,3931.861,3798.879,3667.382,3537.338,3408.712,3281.467,3155.569,3030.977,2907.653,2785.558,2664.650,2544.886,2426.226,2308.624,2192.036,2076.419,1961.725,1847.908,1734.922,1622.718,1511.249,1400.467,1290.321,1180.764,1071.745,963.214,855.120,747.414,640.043,532.957,426.105,319.434,212.895,106.434,0.000
0.000,483.315,966.239,1448.357,1929.260,2408.540,2885.798,3360.642,3832.688,4301.564,4766.908,5228.372,5685.622,6138.337,6586.213,7028.962,7466.311,7898.006,8323.808,8743.499,9156.874,9563.750,9963.958,10357.349,10743.788,11123.159,11495.360,11860.307,12217.928,12568.168,12910.986,13246.351,13574.248,13894.672,14207.630,14513.138,14811.223,15101.921,15385.276,15661.338,15930.168,16191.829,16446.392,16693.935,16934.536,17168.281,17395.258,17615.557,17829.274,18036.503,18237.342,18431.892,18620.251,18802.521,18978.802,19149.197,19313.805,19472.728,19626.065,19773.915,19916.376,20053.546,20185.518,20312.386,20434.242,20551.177,20663.279,20770.632,20873.322,20971.429,21065.034,21154.213,21239.041,21319.590,21395.931,21468.131,21536.254,21600.363,21660.518,21716.775,21769.191,21817.816,21862.700,21903.891,21941.434,21975.370,22005.738,22032.577,22055.920,22075.801,22092.248,22105.289,22114.950,22121.253,22124.220,22123.869,22120.215,22113.274,22103.058,22089.576,22072.838,22052.849,22029.615,22003.137,21973.419,21940.458,21904.254,21864.804,21822.103,21776.144,21726.923,21674.432,21618.661,21559.602,21497.245,21431.580,21362.596,21290.283,21214.631,21135.628,21053.266,20967.534,20878.424,20785.929,20690.041,20590.755,20488.068,20381.977,20272.484,20159.588,20043.296,19923.614,19800.553,19674.124,19544.345,19411.235,19274.818,19135.119,18992.170,18846.006,18696.666,18544.193,18388.636,18230.048,18068.484,17904.007,17736.683,17566.583,17393.781,17218.357,17040.397,16859.986,16677.219,16492.191,16305.002,16115.754,15924.555,15731.514,15536.742,15340.354,15142.466,14943.195,14742.662,14540.987,14338.289,14134.692,13930.315,13725.279,13519.706,13313.713,13107.420,12900.942,12694.395,12487.890,12281.537,12075.446,11869.719,11664.459,11459.764,11255.730,11052.450,10850.010,10648.496,10447.990,10248.569,10050.306,9853.271,9657.530,9463.145,9270.173,9078.670,8888.685,8700.266,8513.455,8328.291,8144.810,7963.044,7783.021,7604.767,7428.304,7253.650,7080.820,6909.827,6740.680,6573.384,6407.944,6244.361,6082.632,5922.753,5764.717,5608.515,5454.134,5301.563,5150.783,5001.777,4854.525,4709.005,4565.193,4423.065,4282.591,4143.745,4006.495,3870.809,3736.655,3603.997,3472.800,3343.027,3214.639,3087.597,2961.860,2837.388,2714.138,2592.065,2471.127,2351.279,2232.473,2114.665,1997.807,1881.850,1766.748,1652.450,1538.907,1426.070,1313.888,1202.310,1091.285,980.762,870.688,761.012,651.682,542.644,433.846,325.236,216.760,108.366,0.000
0.000,498.354,996.293,1493.379,1989.176,2483.257,2975.199,3464.588,3951.018,4434.099,4913.449,5388.702,5859.507,6325.529,6786.449,7241.966,7691.797,8135.677,8573.359,9004.617,9429.241,9847.043,10257.851,10661.514,11057.895,11446.879,11828.365,12202.270,12568.527,12927.084,13277.902,13620.959,13956.243,14283.755,14603.508,14915.528,15219.847,15516.508,15805.564,16087.072,16361.101,16627.722,16887.016,17139.065,17383.959,17621.788,17852.651,18076.645,18293.872,18504.435,18708.439,18905.990,19097.196,19282.163,19461.000,19633.813,19800.709,19961.795,20117.177,20266.958,20411.242,20550.129,20683.720,20812.113,20935.404,21053.687,21167.054,21275.594,21379.395,21478.541,21573.116,21663.199,21748.868,21830.197,21907.260,21980.124,22048.859,22113.527,22174.191,22230.909,22283.737,22332.730,22377.937,22419.408,22457.187,22491.318,22521.841,22548.794,22572.212,22592.127,22608.570,22621.569,22631.147,22637.330,22640.137,22639.586,22635.693,22628.472,22617.935,22604.091,22586.947,22566.510,22542.783,22515.768,22485.464,22451.870,22414.984,22374.800,22331.312,22284.514,22234.397,22180.951,22124.166,22064.031,22000.534,21933.663,21863.405,21789.747,21712.676,21632.180,21548.246,21460.863,21370.019,21275.703,21177.908,21076.624,20971.846,20863.570,20751.793,20636.515,20517.738,20395.468,20269.713,20140.483,20007.794,19871.663,19732.113,19589.169,19442.861,19293.225,19140.298,18984.125,18824.754,18662.239,18496.636,18328.010,18156.427,17981.961,17804.689,17624.694,17442.062,17256.886,17069.261,16879.286,16687.067,16492.710,16296.327,16098.033,15897.943,15696.178,15492.859,15288.110,15082.056,14874.823,14666.537,14457.325,14247.315,14036.632,13825.403,13613.753,13401.805,13189.680,12977.498,12765.377,12553.432,12341.774,12130.512,11919.754,11709.600,11500.151,11291.501,11083.742,10876.962,10671.245,10466.671,10263.315,10061.249,9860.542,9661.255,9463.450,9267.181,9072.500,8879.454,8688.087,8498.439,8310.545,8124.438,7940.147,7757.696,7577.107,7398.398,7221.585,7046.678,6873.687,6702.618,6533.472,6366.249,6200.948,6037.563,5876.085,5716.504,5558.808,5402.980,5249.005,5096.863,4946.532,4797.990,4651.211,4506.168,4362.832,4221.175,4081.163,3942.763,3805.942,3670.662,3536.887,3404.578,3273.695,3144.198,3016.045,2889.192,2763.596,2639.212,2515.994,2393.897,2272.872,2152.873,2033.850,1915.754,1798.536,1682.144,1566.529,1451.639,1337.421,1223.825,1110.796,998.283,886.232,774.590,663.302,552.315,441.576,331.029,220.620,110.295,0.000
0.000,513.882,1027.323,1539.860,2051.032,2560.385,3067.474,3571.860,4073.117,4570.831,5064.601,5554.043,6038.788,6518.483,6992.796,7461.413,7924.037,8380.395,8830.232,9273.312,9709.421,10138.366,10559.973,10974.087,11380.573,11779.315,12170.214,12553.190,12928.179,13295.133,13654.020,14004.822,14347.533,14682.162,15008.730,15327.269,15637.819,15940.433,16235.170,16522.098,16801.292,17072.834,17336.812,17593.317,17842.447,18084.304,18318.990,18546.613,18767.282,18981.109,19188.206,19388.687,19582.665,19770.255,19951.572,20126.728,20295.838,20459.014,20616.366,20768.005,20914.038,21054.573,21189.713,21319.563,21444.221,21563.786,21678.354,21788.020,21892.872,21992.999,22088.488,22179.421,22265.878,22347.938,22425.674,22499.158,22568.461,22633.647,22694.780,22751.921,22805.127,22854.455,22899.954,22941.676,22979.665,23013.968,23044.623,23071.670,23095.144,23115.078,23131.503,23144.446,23153.933,23159.986,23162.626,23161.870,23157.735,23150.233,23139.375,23125.171,23107.626,23086.746,23062.532,23034.986,23004.107,22969.890,22932.333,22891.427,22847.167,22799.543,22748.544,22694.159,22636.375,22575.180,22510.560,22442.499,22370.982,22295.995,22217.521,22135.546,22050.055,21961.032,21868.465,21772.340,21672.645,21569.371,21462.507,21352.048,21237.988,21120.325,20999.058,20874.191,20745.729,20613.682,20478.063,20338.888,20196.177,20049.955,19900.252,19747.102,19590.542,19430.617,19267.375,19100.871,18931.162,18758.314,18582.396,18403.482,18221.653,18036.993,17849.593,17659.548,17466.958,17271.927,17074.563,16874.978,16673.290,16469.617,16264.081,16056.808,15847.926,15637.564,15425.853,15212.924,14998.911,14783.947,14568.165,14351.697,14134.675,13917.230,13699.491,13481.584,13263.636,13045.769,12828.101,12610.752,12393.832,12177.455,11961.724,11746.744,11532.613,11319.427,11107.276,10896.246,10686.421,10477.878,10270.690,10064.928,9860.656,9657.936,9456.824,9257.372,9059.629,8863.639,8669.441,8477.073,8286.567,8097.951,7911.250,7726.485,7543.675,7362.833,7183.971,7007.097,6832.215,6659.327,6488.433,6319.529,6152.608,5987.661,5824.676,5663.639,5504.535,5347.345,5192.047,5038.620,4887.039,4737.277,4589.307,4443.097,4298.617,4155.833,4014.711,3875.214,3737.305,3600.945,3466.095,3332.713,3200.756,3070.182,2940.945,2813.001,2686.304,2560.807,2436.460,2313.216,2191.026,2069.839,1949.604,1830.272,1711.789,1594.103,1477.162,1360.911,1245.299,1130.270,1015.770,901.745,788.140,674.899,561.967,449.289,336.809,224.472,112.220,0.000
0.000,529.925,1059.381,1587.878,2114.927,2640.049,3162.771,3682.630,4199.176,4711.972,5220.597,5724.644,6223.727,6717.477,7205.546,7687.604,8163.345,8632.483,9094.755,9549.918,9997.753,10438.062,10870.667,11295.413,11712.165,12120.808,12521.246,12913.401,13297.214,13672.642,14039.658,14398.252,14748.425,15090.193,15423.586,15748.643,16065.414,16373.961,16674.351,16966.663,17250.980,17527.394,17796.002,18056.904,18310.208,18556.023,18794.462,19025.640,19249.677,19466.690,19676.801,19880.130,20076.800,20266.932,20450.647,20628.066,20799.309,20964.493,21123.737,21277.154,21424.861,21566.967,21703.582,21834.815,21960.769,22081.548,22197.251,22307.975,22413.815,22514.862,22611.206,22702.932,22790.123,22872.860,22951.219,23025.276,23095.100,23160.761,23222.323,23279.848,23333.396,23383.024,23428.784,23470.727,23508.900,23543.348,23574.113,23601.233,23624.745,23644.682,23661.074,23673.950,23683.334,23689.250,23691.717,23690.753,23686.372,23678.589,23667.412,23652.850,23634.908,23613.591,23588.898,23560.831,23529.386,23494.558,23456.342,23414.730,23369.712,23321.277,23269.413,23214.107,23155.343,23093.107,23027.381,22958.149,22885.392,22809.094,22729.236,22645.799,22558.767,22468.122,22373.846,22275.924,22174.342,22069.086,21960.144,21847.507,21731.167,21611.118,21487.359,21359.888,21228.710,21093.832,20955.265,20813.023,20667.125,20517.594,20364.460,20207.754,20047.516,19883.787,19716.618,19546.062,19372.180,19195.036,19014.704,18831.257,18644.781,18455.362,18263.094,18068.075,17870.410,17670.207,17467.579,17262.644,17055.523,16846.341,16635.226,16422.310,16207.727,15991.611,15774.100,15555.334,15335.450,15114.590,14892.891,14670.494,14447.536,14224.153,14000.482,13776.655,13552.803,13329.054,13105.533,12882.361,12659.656,12437.535,12216.106,11995.478,11775.752,11557.028,11339.397,11122.951,10907.775,10693.947,10481.545,10270.639,10061.297,9853.579,9647.545,9443.248,9240.736,9040.054,8841.243,8644.339,8449.375,8256.378,8065.374,7876.384,7689.426,7504.511,7321.652,7140.855,6962.124,6785.461,6610.863,6438.325,6267.840,6099.397,5932.984,5768.585,5606.183,5445.758,5287.288,5130.748,4976.113,4823.355,4672.445,4523.349,4376.037,4230.472,4086.619,3944.439,3803.895,3664.946,3527.549,3391.664,3257.244,3124.247,2992.625,2862.333,2733.322,2605.543,2478.948,2353.486,2229.106,2105.756,1983.386,1861.941,1741.369,1621.615,1502.626,1384.347,1266.722,1149.697,1033.214,917.220,801.656,686.466,571.594,456.983,342.575,228.313,114.141,0.000
0.000,546.510,1092.522,1637.514,2180.971,2722.382,3261.248,3797.079,4329.400,4857.748,5381.681,5900.769,6414.608,6922.809,7425.008,7920.863,8410.053,8892.282,9367.278,9834.791,10294.596,10746.490,11190.295,11625.854,12053.033,12471.718,12881.816,13283.253,13675.976,14059.948,14435.149,14801.574,15159.235,15508.157,15848.376,16179.941,16502.914,16817.364,17123.371,17421.022,17710.410,17991.638,18264.812,18530.043,18787.448,19037.145,19279.257,19513.910,19741.229,19961.343,20174.380,20380.471,20579.744,20772.329,20958.355,21137.948,21311.236,21478.342,21639.392,21794.505,21943.801,22087.397,22225.409,22357.947,22485.123,22607.041,22723.807,22835.521,22942.283,23044.185,23141.321,23233.780,23321.648,23405.008,23483.938,23558.516,23628.815,23694.905,23756.853,23814.723,23868.575,23918.468,23964.455,24006.589,24044.917,24079.486,24110.336,24137.509,24161.040,24180.963,24197.308,24210.105,24219.377,24225.147,24227.435,24226.259,24221.632,24213.567,24202.073,24187.157,24168.824,24147.076,24121.914,24093.336,24061.337,24025.912,23987.052,23944.749,23898.990,23849.763,23797.053,23740.845,23681.121,23617.864,23551.054,23480.672,23406.698,23329.110,23247.888,23163.010,23074.457,22982.207,22886.241,22786.539,22683.084,22575.860,22464.851,22350.044,22231.429,22108.998,21982.745,21852.667,21718.765,21581.045,21439.514,21294.185,21145.075,20992.207,20835.606,20675.305,20511.341,20343.758,20172.604,19997.935,19819.810,19638.297,19453.468,19265.404,19074.188,18879.911,18682.671,18482.570,18279.716,18074.223,17866.208,17655.794,17443.108,17228.282,17011.450,16792.749,16572.319,16350.304,16126.847,15902.093,15676.189,15449.282,15221.517,14993.040,14763.997,14534.530,14304.781,14074.889,13844.990,13615.219,13385.706,13156.577,12927.957,12699.964,12472.713,12246.315,12020.877,11796.500,11573.281,11351.312,11130.681,10911.471,10693.760,10477.620,10263.120,10050.322,9839.287,9630.069,9422.716,9217.274,9013.784,8812.283,8612.802,8415.370,8220.012,8026.747,7835.593,7646.563,7459.665,7274.908,7092.293,6911.820,6733.487,6557.286,6383.210,6211.247,6041.382,5873.599,5707.879,5544.200,5382.541,5222.873,5065.171,4909.405,4755.543,4603.551,4453.397,4305.044,4158.453,4013.585,3870.401,3728.857,3588.912,3450.520,3313.636,3178.215,3044.207,2911.566,2780.241,2650.183,2521.341,2393.662,2267.094,2141.586,2017.082,1893.528,1770.871,1649.054,1528.021,1407.717,1288.085,1169.068,1050.608,932.649,815.132,697.999,581.192,464.653,348.323,232.143,116.055,0.000
0.000,563.668,1126.804,1688.857,2249.278,2807.528,3363.076,3915.404,4464.009,5008.403,5548.117,6082.702,6611.730,7134.796,7651.516,8161.534,8664.516,9160.156,9648.171,10128.305,10600.328,11064.033,11519.240,11965.792,12403.555,12832.419,13252.295,13663.113,14064.827,14457.406,14840.838,15215.127,15580.294,15936.372,16283.409,16621.464,16950.609,17270.925,17582.500,17885.434,18179.832,18465.805,18743.471,19012.953,19274.376,19527.870,19773.567,20011.602,20242.111,20465.231,20681.100,20889.857,21091.637,21286.579,21474.819,21656.492,21831.731,22000.668,22163.432,22320.150,22470.948,22615.949,22755.272,22889.035,23017.351,23140.332,23258.085,23370.717,23478.329,23581.018,23678.882,23772.012,23860.496,23944.420,24023.867,24098.915,24169.638,24236.111,24298.400,24356.573,24410.690,24460.811,24506.992,24549.285,24587.740,24622.402,24653.315,24680.518,24704.049,24723.941,24740.225,24752.930,24762.080,24767.697,24769.802,24768.410,24763.535,24755.189,24743.381,24728.116,24709.399,24687.230,24661.608,24632.531,24599.992,24563.984,24524.498,24481.521,24435.040,24385.041,24331.507,24274.419,24213.758,24149.504,24081.634,24010.127,23934.959,23856.106,23773.544,23687.249,23597.198,23503.366,23405.730,23304.268,23198.958,23089.781,22976.719,22859.754,22738.874,22614.066,22485.322,22352.636,22216.006,22075.435,21930.927,21782.494,21630.149,21473.914,21313.814,21149.878,20982.145,20810.657,20635.461,20456.614,20274.177,20088.219,19898.813,19706.041,19509.990,19310.755,19108.437,18903.141,18694.980,18484.073,18270.542,18054.517,17836.130,17615.518,17392.823,17168.190,16941.764,16713.697,16484.139,16253.243,16021.163,15788.052,15554.064,15319.353,15084.069,14848.364,14612.384,14376.277,14140.185,13904.247,13668.600,13433.376,13198.704,12964.707,12731.505,12499.213,12267.942,12037.795,11808.875,11581.276,11355.087,11130.394,10907.277,10685.811,10466.065,10248.104,10031.988,9817.772,9605.507,9395.236,9187.002,8980.842,8776.787,8574.865,8375.100,8177.512,7982.118,7788.928,7597.953,7409.197,7222.662,7038.347,6856.248,6676.357,6498.664,6323.156,6149.818,5978.630,5809.574,5642.626,5477.761,5314.952,5154.170,4995.384,4838.560,4683.665,4530.662,4379.513,4230.178,4082.618,3936.789,3792.649,3650.152,3509.253,3369.904,3232.058,3095.665,2960.676,2827.039,2694.704,2563.616,2433.724,2304.973,2177.309,2050.675,1925.018,1800.280,1676.404,1553.333,1431.010,1309.376,1188.373,1067.942,948.025,828.561,709.491,590.756,472.296,354.050,235.959,117.962,0.000
0.000,581.429,1162.292,1742.002,2319.977,2895.643,3468.439,4037.816,4603.241,5164.197,5720.190,6270.747,6815.418,7353.776,7885.422,8409.983,8927.112,9436.491,9937.828,10430.860,10915.352,11391.094,11857.905,12315.628,12764.132,13203.308,13633.074,14053.366,14464.143,14865.384,15257.085,15639.261,16011.940,16375.169,16729.006,17073.522,17408.798,17734.928,18052.014,18360.165,18659.499,18950.138,19232.213,19505.856,19771.204,20028.399,20277.582,20518.899,20752.496,20978.519,21197.116,21408.433,21612.617,21809.813,22000.165,22183.815,22360.905,22531.572,22695.953,22854.181,23006.388,23152.701,23293.247,23428.146,23557.519,23681.480,23800.142,23913.614,24022.002,24125.409,24223.931,24317.666,24406.703,24491.133,24571.038,24646.501,24717.598,24784.404,24846.989,24905.421,24959.762,25010.074,25056.414,25098.834,25137.385,25172.113,25203.063,25230.276,25253.787,25273.632,25289.841,25302.442,25311.460,25316.917,25318.833,25317.222,25312.099,25303.475,25291.356,25275.748,25256.654,25234.074,25208.004,25178.442,25145.378,25108.805,25068.710,25025.080,24977.899,24927.151,24872.815,24814.872,24753.300,24688.075,24619.172,24546.567,24470.233,24390.142,24306.268,24218.584,24127.061,24031.672,23932.391,23829.192,23722.050,23610.940,23495.842,23376.735,23253.602,23126.426,22995.198,22859.906,22720.547,22577.118,22429.623,22278.070,22122.470,21962.843,21799.210,21631.603,21460.056,21284.611,21105.318,20922.230,20735.411,20544.929,20350.862,20153.292,19952.310,19748.013,19540.506,19329.898,19116.308,18899.859,18680.679,18458.904,18234.672,18008.128,17779.420,17548.700,17316.121,17081.843,16846.023,16608.823,16370.403,16130.926,15890.552,15649.443,15407.758,15165.655,14923.288,14680.810,14438.370,14196.116,13954.188,13712.724,13471.860,13231.723,12992.439,12754.125,12516.896,12280.862,12046.125,11812.784,11580.931,11350.653,11122.034,10895.148,10670.067,10446.858,10225.581,10006.291,9789.040,9573.872,9360.830,9149.949,8941.262,8734.796,8530.573,8328.615,8128.934,7931.544,7736.452,7543.661,7353.173,7164.984,6979.090,6795.482,6614.147,6435.072,6258.239,6083.629,5911.219,5740.986,5572.902,5406.938,5243.065,5081.249,4921.456,4763.649,4607.790,4453.840,4301.759,4151.502,4003.027,3856.288,3711.239,3567.832,3426.018,3285.749,3146.972,3009.637,2873.692,2739.082,2605.753,2473.652,2342.722,2212.907,2084.150,1956.393,1829.580,1703.652,1578.550,1454.214,1330.585,1207.603,1085.208,963.339,841.936,720.937,600.281,479.908,359.754,239.760,119.862,0.000
0.000,599.828,1199.053,1797.050,2393.200,2986.894,3577.535,4164.542,4747.348,5325.410,5898.204,6465.230,7026.016,7580.114,8127.107,8666.603,9198.244,9721.698,10236.667,10742.879,11240.094,11728.101,12206.718,12675.788,13135.183,13584.801,14024.562,14454.412,14874.318,15284.267,15684.266,16074.339,16454.529,16824.892,17185.498,17536.431,17877.787,18209.670,18532.195,18845.485,19149.670,19444.885,19731.272,20008.976,20278.146,20538.934,20791.495,21035.983,21272.556,21501.369,21722.581,21936.346,22142.821,22342.158,22534.512,22720.030,22898.863,23071.154,23237.048,23396.685,23550.201,23697.730,23839.403,23975.348,24105.687,24230.542,24350.029,24464.262,24573.349,24677.397,24776.507,24870.777,24960.303,25045.175,25125.479,25201.300,25272.717,25339.805,25402.639,25461.284,25515.808,25566.272,25612.734,25655.248,25693.864,25728.632,25759.595,25786.793,25810.266,25830.046,25846.164,25858.650,25867.527,25872.818,25874.539,25872.709,25867.338,25858.437,25846.013,25830.069,25810.608,25787.627,25761.124,25731.091,25697.520,25660.400,25619.717,25575.456,25527.598,25476.126,25421.015,25362.245,25299.790,25233.623,25163.718,25090.045,25012.575,24931.279,24846.124,24757.080,24664.115,24567.200,24466.302,24361.393,24252.443,24139.425,24022.313,23901.083,23775.713,23646.184,23512.481,23374.590,23232.502,23086.214,22935.724,22781.038,22622.165,22459.121,22291.927,22120.611,21945.208,21765.757,21582.308,21394.916,21203.644,21008.562,20809.747,20607.287,20401.273,20191.807,19978.996,19762.957,19543.810,19321.686,19096.718,18869.048,18638.823,18406.193,18171.314,17934.346,17695.451,17454.795,17212.546,16968.871,16723.942,16477.928,16230.999,15983.323,15735.069,15486.401,15237.481,14988.471,14739.526,14490.798,14242.437,13994.586,13747.385,13500.969,13255.465,13010.997,12767.685,12525.639,12284.968,12045.772,11808.147,11572.181,11337.960,11105.560,10875.056,10646.513,10419.993,10195.553,9973.244,9753.111,9535.195,9319.533,9106.156,8895.092,8686.362,8479.985,8275.976,8074.344,7875.096,7678.236,7483.761,7291.669,7101.953,6914.602,6729.602,6546.938,6366.591,6188.541,6012.762,5839.229,5667.913,5498.785,5331.810,5166.956,5004.186,4843.462,4684.743,4527.988,4373.156,4220.201,4069.078,3919.740,3772.139,3626.226,3481.949,3339.259,3198.102,3058.425,2920.175,2783.295,2647.730,2513.425,2380.321,2248.361,2117.486,1987.638,1858.757,1730.783,1603.657,1477.316,1351.700,1226.747,1102.396,978.584,855.250,732.331,609.763,487.484,365.432,243.542,121.753,0.000
0.000,618.904,1237.163,1854.112,2469.095,3081.461,3690.578,4295.826,4896.607,5492.345,6082.485,6666.501,7243.896,7814.200,8376.974,8931.813,9478.342,10016.218,10545.134,11064.811,11575.007,12075.507,12566.128,13046.718,13517.152,13977.333,14427.189,14866.673,15295.763,15714.455,16122.769,16520.741,16908.426,17285.892,17653.225,18010.522,18357.891,18695.452,19023.333,19341.670,19650.608,19950.296,20240.887,20522.539,20795.416,21059.680,21315.498,21563.036,21802.462,22033.943,22257.646,22473.738,22682.382,22883.742,23077.977,23265.247,23445.707,23619.511,23786.808,23947.744,24102.463,24251.105,24393.807,24530.699,24661.913,24787.571,24907.796,25022.704,25132.409,25237.020,25336.642,25431.377,25521.322,25606.570,25687.212,25763.332,25835.013,25902.332,25965.363,26024.177,26078.840,26129.416,26175.962,26218.535,26257.186,26291.965,26322.914,26350.077,26373.490,26393.188,26409.202,26421.561,26430.288,26435.405,26436.929,26434.877,26429.259,26420.086,26407.362,26391.091,26371.273,26347.905,26320.982,26290.496,26256.437,26218.790,26177.542,26132.675,26084.167,26031.997,25976.142,25916.574,25853.267,25786.192,25715.316,25640.610,25562.040,25479.571,25393.170,25302.801,25208.430,25110.021,25007.539,24900.952,24790.224,24675.326,24556.226,24432.896,24305.310,24173.444,24037.280,23896.799,23751.989,23602.842,23449.354,23291.525,23129.364,22962.882,22792.099,22617.040,22437.738,22254.233,22066.573,21874.813,21679.015,21479.253,21275.605,21068.158,20857.010,20642.264,20424.033,20202.436,19977.601,19749.663,19518.763,19285.048,19048.673,18809.797,18568.583,18325.199,18079.816,17832.609,17583.753,17333.428,17081.811,16829.082,16575.419,16321.000,16066.001,15810.595,15554.952,15299.241,15043.625,14788.263,14533.312,14278.920,14025.233,13772.391,13520.528,13269.772,13020.245,12772.064,12525.339,12280.173,12036.664,11794.905,11554.982,11316.974,11080.954,10846.991,10615.148,10385.481,10158.041,9932.873,9710.020,9489.517,9271.395,9055.679,8842.392,8631.552,8423.170,8217.257,8013.818,7812.853,7614.361,7418.337,7224.772,7033.653,6844.967,6658.695,6474.817,6293.309,6114.147,5937.302,5762.744,5590.440,5420.357,5252.459,5086.706,4923.059,4761.476,4601.915,4444.331,4288.678,4134.907,3982.971,3832.820,3684.403,3537.667,3392.559,3249.025,3107.012,2966.461,2827.317,2689.523,2553.020,2417.749,2283.652,2150.667,2018.735,1887.794,1757.784,1628.641,1500.304,1372.709,1245.795,1119.497,993.752,868.496,743.665,619.195,495.022,371.080,247.306,123.634,0.000
0.000,638.695,1276.701,1913.309,2547.819,3179.540,3807.797,4431.933,5051.313,5665.326,6273.386,6874.938,7469.458,8056.451,8635.460,9206.062,9767.866,10320.519,10863.703,11397.137,11920.570,12433.790,12936.614,13428.892,13910.506,14381.365,14841.405,15290.591,15728.908,16156.369,16573.002,16978.860,17374.011,17758.537,18132.540,18496.131,18849.434,19192.583,19525.722,19849.003,20162.582,20466.625,20761.298,21046.775,21323.230,21590.840,21849.784,22100.238,22342.385,22576.400,22802.463,23020.749,23231.432,23434.684,23630.675,23819.572,24001.537,24176.733,24345.315,24507.436,24663.248,24812.895,24956.519,25094.258,25226.246,25352.612,25473.482,25588.978,25699.216,25804.308,25904.365,25999.490,26089.782,26175.340,26256.254,26332.613,26404.499,26471.994,26535.173,26594.106,26648.864,26699.509,26746.102,26788.699,26827.353,26862.113,26893.023,26920.126,26943.460,26963.060,26978.955,26991.175,26999.743,27004.680,27006.005,27003.730,26997.868,26988.426,26975.410,26958.820,26938.657,26914.916,26887.591,26856.670,26822.143,26783.994,26742.206,26696.758,26647.629,26594.793,26538.223,26477.892,26413.768,26345.819,26274.011,26198.309,26118.675,26035.073,25947.465,25855.810,25760.070,25660.205,25556.177,25447.947,25335.477,25218.730,25097.673,24972.271,24842.494,24708.314,24569.707,24426.651,24279.128,24127.127,23970.640,23809.663,23644.201,23474.263,23299.865,23121.030,22937.791,22750.184,22558.256,22362.064,22161.670,21957.146,21748.575,21536.046,21319.657,21099.518,20875.744,20648.460,20417.800,20183.903,19946.920,19707.004,19464.317,19219.026,18971.304,18721.327,18469.277,18215.336,17959.690,17702.528,17444.038,17184.408,16923.826,16662.479,16400.552,16138.227,15875.683,15613.096,15350.638,15088.475,14826.769,14565.678,14305.351,14045.935,13787.569,13530.385,13274.511,13020.065,12767.162,12515.909,12266.406,12018.747,11773.020,11529.306,11287.680,11048.212,10810.963,10575.992,10343.348,10113.079,9885.225,9659.821,9436.897,9216.479,8998.586,8783.237,8570.442,8360.210,8152.543,7947.442,7744.903,7544.920,7347.481,7152.573,6960.180,6770.282,6582.856,6397.877,6215.319,6035.151,5857.341,5681.855,5508.657,5337.708,5168.968,5002.396,4837.948,4675.580,4515.244,4356.892,4200.476,4045.945,3893.247,3742.329,3593.138,3445.618,3299.714,3155.369,3012.526,2871.125,2731.108,2592.416,2454.986,2318.760,2183.674,2049.667,1916.676,1784.637,1653.488,1523.164,1393.602,1264.736,1136.501,1008.834,881.667,754.935,628.573,502.516,376.695,251.047,125.504,0.000
0.000,659.246,1317.755,1974.770,2629.544,3281.341,3929.442,4573.149,5211.787,5844.706,6471.289,7090.948,7703.130,8307.318,8903.032,9489.830,10067.308,10635.101,11192.883,11740.364,12277.295,12803.460,13318.680,13822.810,14315.738,14797.380,15267.685,15726.626,16174.204,16610.443,17035.388,17449.104,17851.676,18243.205,18623.805,18993.606,19352.747,19701.381,20039.665,20367.768,20685.864,20994.130,21292.751,21581.914,21861.806,22132.619,22394.543,22647.771,22892.493,23128.899,23357.178,23577.516,23790.098,23995.106,24192.716,24383.107,24566.447,24742.907,24912.650,25075.836,25232.622,25383.159,25527.596,25666.074,25798.733,25925.707,26047.127,26163.117,26273.799,26379.288,26479.698,26575.134,26665.701,26751.497,26832.616,26909.150,26981.183,27048.797,27112.070,27171.075,27225.881,27276.554,27323.154,27365.739,27404.362,27439.074,27469.918,27496.939,27520.173,27539.656,27555.419,27567.489,27575.889,27580.642,27581.763,27579.266,27573.162,27563.457,27550.157,27533.260,27512.765,27488.667,27460.956,27429.622,27394.651,27356.024,27313.723,27267.724,27218.004,27164.535,27107.287,27046.228,26981.325,26912.542,26839.841,26763.184,26682.530,26597.838,26509.064,26416.166,26319.101,26217.823,26112.290,26002.457,25888.284,25769.727,25646.747,25519.307,25387.369,25250.901,25109.875,24964.262,24814.042,24659.196,24499.713,24335.586,24166.814,23993.405,23815.369,23632.729,23445.513,23253.758,23057.509,22856.821,22651.757,22442.392,22228.806,22011.094,21789.357,21563.706,21334.263,21101.158,20864.529,20624.525,20381.300,20135.018,19885.848,19633.968,19379.557,19122.803,18863.897,18603.031,18340.403,18076.210,17810.651,17543.924,17276.229,17007.761,16738.715,16469.283,16199.652,15930.008,15660.529,15391.391,15122.762,14854.806,14587.681,14321.537,14056.520,13792.766,13530.406,13269.565,13010.360,12752.899,12497.287,12243.620,11991.987,11742.470,11495.147,11250.086,11007.351,10766.998,10529.080,10293.642,10060.723,9830.360,9602.579,9377.407,9154.863,8934.961,8717.713,8503.124,8291.196,8081.928,7875.314,7671.346,7470.011,7271.293,7075.175,6881.634,6690.646,6502.184,6316.219,6132.719,5951.649,5772.975,5596.656,5422.654,5250.925,5081.427,4914.113,4748.938,4585.852,4424.805,4265.746,4108.624,3953.384,3799.972,3648.332,3498.407,3350.139,3203.470,3058.341,2914.692,2772.462,2631.588,2492.010,2353.664,2216.487,2080.415,1945.384,1811.328,1678.184,1545.885,1414.365,1283.559,1153.400,1023.820,894.754,766.133,637.892,509.962,382.275,254.765,127.362,0.000
0.000,680.605,1360.420,2038.637,2714.457,3387.095,4055.786,4719.785,5378.375,6030.866,6676.603,7314.967,7945.375,8567.284,9180.190,9783.634,10377.197,10960.501,11533.212,12095.037,12645.723,13185.057,13712.862,14229.001,14733.366,15225.888,15706.525,16175.264,16632.121,17077.134,17510.365,17931.897,18341.831,18740.285,19127.394,19503.303,19868.172,20222.168,20565.468,20898.258,21220.727,21533.072,21835.490,22128.185,22411.359,22685.219,22949.968,23205.812,23452.953,23691.594,23921.936,24144.175,24358.506,24565.121,24764.208,24955.950,25140.527,25318.117,25488.889,25653.012,25810.648,25961.956,26107.088,26246.193,26379.415,26506.892,26628.761,26745.150,26856.182,26961.980,27062.657,27158.324,27249.088,27335.050,27416.306,27492.949,27565.066,27632.742,27696.055,27755.079,27809.886,27860.542,27907.109,27949.646,27988.205,28022.838,28053.590,28080.504,28103.618,28122.968,28138.583,28150.492,28158.718,28163.280,28164.196,28161.477,28155.135,28145.175,28131.599,28114.407,28093.596,28069.157,28041.082,28009.357,27973.965,27934.888,27892.104,27845.587,27795.310,27741.244,27683.355,27621.608,27555.967,27486.392,27412.843,27335.277,27253.648,27167.912,27078.021,26983.928,26885.584,26782.941,26675.949,26564.561,26448.728,26328.404,26203.543,26074.102,25940.039,25801.316,25657.898,25509.753,25356.854,25199.178,25036.707,24869.432,24697.347,24520.454,24338.762,24152.289,23961.061,23765.113,23564.488,23359.241,23149.436,22935.145,22716.454,22493.457,22266.259,22034.976,21799.732,21560.666,21317.920,21071.651,20822.020,20569.200,20313.370,20054.714,19793.426,19529.700,19263.740,18995.749,18725.935,18454.507,18181.675,17907.648,17632.636,17356.845,17080.480,16803.744,16526.833,16249.941,15973.257,15696.963,15421.235,15146.246,14872.157,14599.128,14327.306,14056.835,13787.851,13520.480,13254.844,12991.055,12729.219,12469.434,12211.791,11956.374,11703.260,11452.520,11204.216,10958.406,10715.142,10474.468,10236.424,10001.042,9768.353,9538.377,9311.135,9086.640,8864.899,8645.918,8429.697,8216.233,8005.518,7797.542,7592.289,7389.743,7189.883,6992.685,6798.122,6606.166,6416.786,6229.946,6045.612,5863.744,5684.303,5507.245,5332.527,5160.103,4989.926,4821.946,4656.113,4492.375,4330.679,4170.971,4013.195,3857.296,3703.214,3550.891,3400.268,3251.285,3103.881,2957.992,2813.558,2670.515,2528.798,2388.344,2249.086,2110.961,1973.901,1837.841,1702.713,1568.451,1434.987,1302.253,1170.181,1038.703,907.750,777.254,647.145,517.355,387.815,258.455,129.207,0.000
0.000,702.823,1404.798,2105.062,2802.759,3497.052,4187.123,4872.178,5551.453,6224.217,6889.775,7547.472,8196.694,8836.871,9467.475,10088.029,10698.097,11297.291,11885.269,12461.735,13026.434,13579.155,14119.728,14648.021,15163.940,15667.425,16158.448,16637.013,17103.149,17556.916,17998.391,18427.677,18844.895,19250.182,19643.692,20025.591,20396.056,20755.275,21103.445,21440.768,21767.453,22083.712,22389.762,22685.821,22972.108,23248.844,23516.248,23774.537,24023.929,24264.639,24496.878,24720.855,24936.776,25144.842,25345.250,25538.194,25723.862,25902.438,26074.102,26239.027,26397.383,26549.334,26695.040,26834.654,26968.325,27096.198,27218.410,27335.096,27446.384,27552.397,27653.254,27749.069,27839.950,27926.001,28007.322,28084.007,28156.145,28223.822,28287.119,28346.111,28400.870,28451.465,28497.957,28540.407,28578.868,28613.391,28644.024,28670.808,28693.782,28712.980,28728.434,28740.171,28748.213,28752.581,28753.290,28750.352,28743.777,28733.568,28719.728,28702.254,28681.142,28656.383,28627.965,28595.873,28560.089,28520.591,28477.356,28430.355,28379.558,28324.933,28266.444,28204.053,28137.719,28067.399,27993.050,27914.623,27832.070,27745.342,27654.386,27559.150,27459.580,27355.624,27247.227,27134.333,27016.892,26894.849,26768.154,26636.756,26500.610,26359.669,26213.894,26063.246,25907.693,25747.205,25581.762,25411.346,25235.947,25055.562,24870.198,24679.868,24484.595,24284.411,24079.358,23869.490,23654.869,23435.571,23211.680,22983.293,22750.520,22513.478,22272.299,22027.125,21778.108,21525.410,21269.201,21009.663,20746.984,20481.360,20212.994,19942.094,19668.872,19393.545,19116.332,18837.455,18557.134,18275.592,17993.049,17709.724,17425.833,17141.586,16857.194,16572.857,16288.775,16005.137,15722.130,15439.930,15158.709,14878.629,14599.847,14322.509,14046.756,13772.719,13500.522,13230.281,12962.104,12696.090,12432.332,12170.917,11911.920,11655.413,11401.460,11150.117,10901.436,10655.460,10412.229,10171.774,9934.123,9699.297,9467.313,9238.183,9011.914,8788.508,8567.964,8350.277,8135.437,7923.430,7714.241,7507.850,7304.233,7103.366,6905.218,6709.760,6516.957,6326.773,6139.170,5954.106,5771.541,5591.428,5413.722,5238.375,5065.337,4894.557,4725.982,4559.559,4395.233,4232.947,4072.644,3914.264,3757.750,3603.039,3450.072,3298.784,3149.115,3000.999,2854.373,2709.171,2565.328,2422.777,2281.453,2141.287,2002.212,1864.159,1727.062,1590.850,1455.455,1320.806,1186.836,1053.473,920.647,788.289,656.328,524.692,393.313,262.118,131.037,0.000
0.000,725.956,1451.003,2174.213,2894.672,3611.484,4323.772,5030.693,5731.430,6425.206,7111.286,7788.975,8457.627,9116.642,9765.470,10403.610,11030.615,11646.086,12249.672,12841.075,13420.041,13986.363,14539.878,15080.464,15608.038,16122.555,16624.003,17112.402,17587.804,18050.284,18499.942,18936.902,19361.305,19773.311,20173.094,20560.843,20936.755,21301.040,21653.913,21995.597,22326.321,22646.316,22955.815,23255.054,23544.269,23823.696,24093.569,24354.121,24605.583,24848.181,25082.141,25307.683,25525.023,25734.373,25935.940,26129.927,26316.530,26495.943,26668.352,26833.938,26992.877,27145.339,27291.491,27431.492,27565.494,27693.647,27816.094,27932.973,28044.415,28150.548,28251.494,28347.370,28438.285,28524.348,28605.660,28682.317,28754.410,28822.027,28885.249,28944.155,28998.817,29049.304,29095.680,29138.004,29176.332,29210.715,29241.200,29267.829,29290.642,29309.672,29324.951,29336.506,29344.358,29348.527,29349.028,29345.873,29339.070,29328.622,29314.529,29296.789,29275.394,29250.335,29221.598,29189.166,29153.019,29113.132,29069.480,29022.032,28970.755,28915.614,28856.569,28793.580,28726.602,28655.588,28580.490,28501.256,28417.835,28330.170,28238.206,28141.885,28041.149,27935.937,27826.191,27711.851,27592.856,27469.149,27340.672,27207.369,27069.186,26926.073,26777.981,26624.866,26466.689,26303.416,26135.019,25961.474,25782.766,25598.887,25409.839,25215.631,25016.282,24811.822,24602.291,24387.740,24168.231,23943.841,23714.654,23480.772,23242.304,22999.374,22752.119,22500.687,22245.236,21985.936,21722.969,21456.524,21186.800,20914.004,20638.351,20360.061,20079.358,19796.473,19511.638,19225.085,18937.051,18647.769,18357.471,18066.390,17774.752,17482.781,17190.696,16898.709,16607.028,16315.852,16025.376,15735.784,15447.255,15159.958,14874.053,14589.695,14307.026,14026.183,13747.293,13470.474,13195.837,12923.482,12653.505,12385.991,12121.019,11858.659,11598.976,11342.025,11087.858,10836.516,10588.038,10342.455,10099.792,9860.069,9623.302,9389.499,9158.667,8930.805,8705.910,8483.974,8264.986,8048.930,7835.788,7625.537,7418.152,7213.605,7011.864,6812.897,6616.667,6423.136,6232.262,6044.003,5858.314,5675.148,5494.458,5316.191,5140.298,4966.724,4795.415,4626.315,4459.366,4294.511,4131.690,3970.842,3811.905,3654.818,3499.517,3345.938,3194.015,3043.685,2894.879,2747.532,2601.576,2456.943,2313.565,2171.373,2030.296,1890.267,1751.214,1613.067,1475.755,1339.208,1203.353,1068.121,933.438,799.232,665.433,531.968,398.764,265.750,132.853,0.000
0.000,750.068,1499.157,2246.274,2990.437,3730.686,4466.085,5195.729,5918.750,6634.321,7341.660,8040.033,8728.759,9407.206,10074.800,10731.021,11375.406,12007.545,12627.083,13233.719,13827.202,14407.330,14973.951,15526.953,16066.270,16591.871,17103.764,17601.990,18086.621,18557.753,19015.512,19460.042,19891.511,20310.100,20716.007,21109.445,21490.634,21859.804,22217.195,22563.050,22897.618,23221.150,23533.897,23836.115,24128.057,24409.974,24682.117,24944.735,25198.070,25442.366,25677.858,25904.780,26123.357,26333.814,26536.368,26731.230,26918.606,27098.697,27271.697,27437.795,27597.174,27750.010,27896.474,28036.732,28170.942,28299.257,28421.825,28538.788,28650.281,28756.436,28857.376,28953.222,29044.087,29130.081,29211.307,29287.864,29359.844,29427.337,29490.427,29549.191,29603.705,29654.037,29700.253,29742.412,29780.571,29814.782,29845.092,29871.542,29894.173,29913.018,29928.108,29939.470,29947.125,29951.093,29951.387,29948.018,29940.993,29930.315,29915.983,29897.993,29876.335,29850.999,29821.968,29789.225,29752.745,29712.505,29668.473,29620.618,29568.904,29513.292,29453.740,29390.202,29322.632,29250.978,29175.188,29095.207,29010.976,28922.437,28829.527,28732.184,28630.344,28523.941,28412.911,28297.186,28176.701,28051.391,27921.192,27786.040,27645.876,27500.640,27350.279,27194.740,27033.978,26867.952,26696.625,26519.969,26337.963,26150.592,25957.853,25759.751,25556.300,25347.526,25133.467,24914.173,24689.704,24460.137,24225.558,23986.070,23741.786,23492.834,23239.357,22981.508,22719.454,22453.374,22183.458,21909.907,21632.931,21352.749,21069.588,20783.681,20495.268,20204.590,19911.895,19617.431,19321.444,19024.185,18725.898,18426.828,18127.215,17827.294,17527.295,17227.444,16927.955,16629.040,16330.899,16033.727,15737.709,15443.020,15149.828,14858.291,14568.557,14280.765,13995.047,13711.522,13430.304,13151.497,12875.194,12601.483,12330.444,12062.145,11796.652,11534.019,11274.297,11017.527,10763.744,10512.979,10265.256,10020.592,9779.000,9540.489,9305.061,9072.714,8843.443,8617.237,8394.082,8173.959,7956.849,7742.726,7531.563,7323.328,7117.989,6915.509,6715.849,6518.969,6324.825,6133.373,5944.564,5758.350,5574.680,5393.501,5214.759,5038.400,4864.365,4692.597,4523.037,4355.623,4190.295,4026.990,3865.644,3706.193,3548.572,3392.714,3238.553,3086.021,2935.051,2785.574,2637.520,2490.820,2345.403,2201.199,2058.138,1916.146,1775.154,1635.088,1495.876,1357.445,1219.723,1082.637,946.113,810.077,674.456,539.178,404.167,269.349,134.652,0.000
0.000,775.225,1549.396,2321.445,3090.318,3854.985,4614.443,5367.723,6113.899,6852.091,7581.467,8301.251,9010.722,9709.220,10396.144,11070.953,11733.170,12382.374,13018.209,13640.370,14248.613,14842.745,15422.623,15988.151,16539.280,17076.000,17598.338,18106.360,18600.160,19079.861,19545.614,19997.589,20435.978,20860.990,21272.849,21671.791,22058.062,22431.918,22793.619,23143.433,23481.629,23808.479,24124.257,24429.235,24723.684,25007.875,25282.074,25546.544,25801.546,26047.333,26284.157,26512.260,26731.884,26943.261,27146.619,27342.179,27530.156,27710.759,27884.190,28050.644,28210.312,28363.377,28510.015,28650.396,28784.685,28913.039,29035.610,29152.544,29263.981,29370.054,29470.891,29566.615,29657.342,29743.184,29824.246,29900.628,29972.426,30039.731,30102.626,30161.193,30215.506,30265.635,30311.647,30353.602,30391.557,30425.563,30455.668,30481.916,30504.343,30522.986,30537.874,30549.033,30556.485,30560.248,30560.336,30556.757,30549.519,30538.623,30524.066,30505.842,30483.943,30458.354,30429.057,30396.033,30359.256,30318.698,30274.327,30226.108,30174.003,30117.968,30057.959,29993.928,29925.822,29853.587,29777.166,29696.500,29611.525,29522.177,29428.389,29330.093,29227.219,29119.695,29007.450,28890.412,28768.506,28641.662,28509.807,28372.871,28230.787,28083.488,27930.911,27772.999,27609.697,27440.955,27266.732,27086.990,26901.702,26710.848,26514.416,26312.408,26104.832,25891.710,25673.078,25448.981,25219.481,24984.652,24744.582,24499.376,24249.150,23994.038,23734.186,23469.756,23200.922,22927.873,22650.810,22369.943,22085.497,21797.702,21506.800,21213.037,20916.669,20617.952,20317.149,20014.521,19710.332,19404.846,19098.322,18791.019,18483.190,18175.084,17866.943,17559.001,17251.488,16944.622,16638.615,16333.668,16029.974,15727.716,15427.066,15128.188,14831.234,14536.349,14243.665,13953.307,13665.387,13380.013,13097.279,12817.273,12540.073,12265.751,11994.369,11725.982,11460.637,11198.377,10939.233,10683.236,10430.406,10180.759,9934.306,9691.053,9450.999,9214.141,8980.470,8749.973,8522.633,8298.430,8077.341,7859.336,7644.387,7432.460,7223.518,7017.524,6814.434,6614.207,6416.796,6222.154,6030.231,5840.975,5654.333,5470.250,5288.669,5109.534,4932.784,4758.360,4586.200,4416.241,4248.420,4082.671,3918.930,3757.129,3597.203,3439.081,3282.697,3127.980,2974.861,2823.270,2673.134,2524.383,2376.945,2230.747,2085.717,1941.781,1798.866,1656.898,1515.803,1375.506,1235.934,1097.012,958.664,820.815,683.391,546.317,409.516,272.913,136.433,0.000
0.000,801.502,1601.867,2399.946,3194.605,3984.736,4769.264,5547.151,6317.407,7079.094,7831.327,8573.285,9304.207,10023.400,10730.235,11424.154,12104.663,12771.335,13423.809,14061.784,14685.022,15293.341,15886.612,16464.758,17027.749,17575.598,18108.359,18626.121,19129.006,19617.167,20090.780,20550.046,20995.185,21426.434,21844.046,22248.283,22639.419,23017.734,23383.515,23737.053,24078.640,24408.571,24727.141,25034.641,25331.362,25617.593,25893.617,26159.713,26416.157,26663.218,26901.158,27130.236,27350.702,27562.801,27766.771,27962.843,28151.240,28332.180,28505.873,28672.521,28832.322,28985.464,29132.130,29272.497,29406.731,29534.996,29657.449,29774.237,29885.506,29991.392,30092.025,30187.532,30278.030,30363.633,30444.450,30520.583,30592.128,30659.177,30721.817,30780.128,30834.186,30884.064,30929.827,30971.537,31009.250,31043.020,31072.892,31098.911,31121.115,31139.539,31154.211,31165.158,31172.401,31175.958,31175.841,31172.058,31164.615,31153.512,31138.746,31120.310,31098.191,31072.375,31042.842,31009.570,30972.531,30931.696,30887.029,30838.492,30786.044,30729.639,30669.229,30604.761,30536.180,30463.427,30386.441,30305.157,30219.507,30129.422,30034.830,29935.656,29831.824,29723.256,29609.874,29491.599,29368.349,29240.046,29106.610,28967.963,28824.028,28674.732,28520.004,28359.776,28193.986,28022.576,27845.496,27662.701,27474.155,27279.831,27079.712,26873.790,26662.071,26444.572,26221.322,25992.366,25757.764,25517.588,25271.928,25020.889,24764.593,24503.176,24236.791,23965.608,23689.809,23409.593,23125.172,22836.770,22544.622,22248.975,21950.085,21648.215,21343.634,21036.617,20727.440,20416.385,20103.729,19789.753,19474.732,19158.939,18842.642,18526.104,18209.579,17893.314,17577.550,17262.515,16948.431,16635.508,16323.945,16013.933,15705.651,15399.266,15094.937,14792.810,14493.022,14195.699,13900.956,13608.901,13319.630,13033.230,12749.780,12469.349,12192.000,11917.788,11646.756,11378.946,11114.388,10853.109,10595.128,10340.459,10089.110,9841.083,9596.377,9354.984,9116.892,8882.087,8650.549,8422.254,8197.175,7975.283,7756.543,7540.920,7328.376,7118.867,6912.351,6708.781,6508.109,6310.283,6115.253,5922.964,5733.359,5546.383,5361.975,5180.077,5000.625,4823.558,4648.812,4476.322,4306.023,4137.846,3971.726,3807.592,3645.376,3485.008,3326.418,3169.533,3014.283,2860.594,2708.395,2557.611,2408.170,2259.996,2113.015,1967.153,1822.334,1678.482,1535.523,1393.379,1251.976,1111.236,971.084,831.441,692.232,553.380,414.808,276.439,138.195,0.000
0.000,828.981,1656.734,2482.018,3303.615,4120.330,4931.007,5734.535,6529.854,7315.961,8091.917,8856.851,9609.960,10350.517,11077.867,11791.430,12490.701,13175.244,13844.698,14498.768,15137.224,15759.898,16366.680,16957.514,17532.394,18091.359,18634.492,19161.911,19673.769,20170.250,20651.561,21117.936,21569.625,22006.898,22430.035,22839.331,23235.086,23617.610,23987.216,24344.219,24688.939,25021.691,25342.793,25652.558,25951.296,26239.316,26516.917,26784.397,27042.046,27290.147,27528.977,27758.808,27979.902,28192.515,28396.895,28593.283,28781.911,28963.005,29136.783,29303.456,29463.227,29616.290,29762.834,29903.040,30037.081,30165.126,30287.333,30403.856,30514.842,30620.431,30720.757,30815.947,30906.124,30991.401,31071.890,31147.695,31218.914,31285.640,31347.960,31405.956,31459.707,31509.282,31554.751,31596.174,31633.609,31667.108,31696.720,31722.486,31744.445,31762.632,31777.076,31787.803,31794.832,31798.181,31797.861,31793.880,31786.242,31774.947,31759.989,31741.360,31719.046,31693.031,31663.294,31629.809,31592.548,31551.476,31506.558,31457.753,31405.014,31348.295,31287.542,31222.699,31153.708,31080.505,31003.024,30921.195,30834.947,30744.203,30648.885,30548.914,30444.207,30334.678,30220.243,30100.815,29976.306,29846.628,29711.693,29571.415,29425.709,29274.492,29117.683,28955.207,28786.990,28612.968,28433.080,28247.272,28055.500,27857.728,27653.932,27444.097,27228.223,27006.319,26778.412,26544.543,26304.769,26059.161,25807.809,25550.821,25288.321,25020.450,24747.368,24469.252,24186.294,23898.703,23606.703,23310.531,23010.439,22706.687,22399.548,22089.302,21776.235,21460.640,21142.813,20823.049,20501.648,20178.904,19855.111,19530.558,19205.528,18880.298,18555.137,18230.305,17906.053,17582.623,17260.244,16939.135,16619.505,16301.551,15985.457,15671.396,15359.532,15050.013,14742.981,14438.561,14136.873,13838.023,13542.109,13249.217,12959.426,12672.805,12389.414,12109.306,11832.525,11559.107,11289.083,11022.477,10759.304,10499.576,10243.299,9990.471,9741.087,9495.138,9252.609,9013.482,8777.733,8545.337,8316.263,8090.478,7867.946,7648.629,7432.483,7219.464,7009.526,6802.620,6598.694,6397.695,6199.568,6004.256,5811.702,5621.845,5434.624,5249.976,5067.838,4888.144,4710.828,4535.824,4363.063,4192.476,4023.993,3857.544,3693.058,3530.462,3369.684,3210.650,3053.288,2897.522,2743.278,2590.481,2439.055,2288.925,2140.014,1992.245,1845.542,1699.827,1555.023,1411.052,1267.838,1125.300,983.363,841.946,700.973,560.363,420.040,279.924,139.937,0.000
0.000,857.752,1714.175,2567.930,3417.699,4262.197,5100.178,5930.450,6751.875,7563.384,8363.977,9152.730,9928.797,10691.415,11439.901,12173.656,12892.162,13594.980,14281.750,14952.185,15606.067,16243.247,16863.636,17467.204,18053.972,18624.011,19177.436,19714.397,20235.084,20739.713,21228.528,21701.797,22159.806,22602.856,23031.263,23445.351,23845.453,24231.908,24605.057,24965.243,25312.811,25648.102,25971.455,26283.207,26583.690,26873.228,27152.143,27420.747,27679.347,27928.242,28167.723,28398.073,28619.569,28832.476,29037.053,29233.551,29422.212,29603.270,29776.951,29943.471,30103.041,30255.861,30402.127,30542.023,30675.729,30803.416,30925.247,31041.381,31151.965,31257.145,31357.057,31451.830,31541.589,31626.451,31706.528,31781.925,31852.743,31919.075,31981.011,32038.633,32092.020,32141.243,32186.371,32227.466,32264.585,32297.781,32327.101,32352.590,32374.284,32392.218,32406.421,32416.918,32423.729,32426.869,32426.349,32422.177,32414.356,32402.882,32387.751,32368.952,32346.469,32320.286,32290.378,32256.718,32219.275,32178.013,32132.892,32083.869,32030.896,31973.921,31912.888,31847.737,31778.405,31704.823,31626.923,31544.628,31457.861,31366.541,31270.584,31169.904,31064.410,30954.012,30838.617,30718.129,30592.452,30461.491,30325.149,30183.331,30035.941,29882.887,29724.079,29559.430,29388.859,29212.289,29029.650,28840.879,28645.921,28444.732,28237.278,28023.537,27803.500,27577.172,27344.573,27105.739,26860.725,26609.600,26352.455,26089.399,25820.557,25546.078,25266.128,24980.890,24690.568,24395.382,24095.570,23791.383,23483.087,23170.962,22855.297,22536.390,22214.548,21890.082,21563.307,21234.539,20904.095,20572.291,20239.436,19905.838,19571.796,19237.603,18903.542,18569.888,18236.903,17904.840,17573.939,17244.430,16916.528,16590.437,16266.348,15944.439,15624.876,15307.814,14993.394,14681.747,14372.989,14067.231,13764.569,13465.089,13168.868,12875.975,12586.468,12300.398,12017.806,11738.727,11463.189,11191.212,10922.809,10657.989,10396.753,10139.099,9885.017,9634.495,9387.514,9144.053,8904.087,8667.584,8434.511,8204.834,7978.511,7755.501,7535.759,7319.237,7105.885,6895.652,6688.482,6484.321,6283.110,6084.791,5889.301,5696.579,5506.560,5319.180,5134.372,4952.068,4772.201,4594.701,4419.497,4246.519,4075.694,3906.950,3740.213,3575.409,3412.464,3251.302,3091.848,2934.025,2777.758,2622.969,2469.580,2317.515,2166.694,2017.040,1868.473,1720.916,1574.289,1428.513,1283.508,1139.194,995.493,852.323,709.606,567.261,425.209,283.367,141.658,0.000
0.000,887.916,1774.391,2657.975,3537.245,4410.812,5277.333,6135.525,6984.170,7822.122,8648.318,9461.776,10261.606,11047.007,11817.270,12571.775,13309.996,14031.491,14735.904,15422.960,16092.458,16744.272,17378.338,17994.656,18593.282,19174.319,19737.921,20284.275,20813.610,21326.180,21822.270,22302.185,22766.247,23214.796,23648.183,24066.766,24470.911,24860.990,25237.373,25600.433,25950.541,26288.064,26613.366,26926.807,27228.739,27519.508,27799.454,28068.906,28328.189,28577.617,28817.494,29048.118,29269.776,29482.747,29687.299,29883.693,30072.180,30253.003,30426.394,30592.577,30751.770,30904.180,31050.005,31189.437,31322.660,31449.847,31571.169,31686.784,31796.846,31901.501,32000.889,32095.142,32184.385,32268.739,32348.317,32423.226,32493.566,32559.434,32620.920,32678.106,32731.073,32779.892,32824.632,32865.356,32902.121,32934.980,32963.981,32989.167,33010.576,33028.241,33042.191,33052.450,33059.038,33061.969,33061.254,33056.899,33048.905,33037.270,33021.985,33003.040,32980.417,32954.097,32924.053,32890.258,32852.676,32811.271,32766.000,32716.815,32663.666,32606.497,32545.250,32479.861,32410.261,32336.379,32258.139,32175.461,32088.263,31996.456,31899.953,31798.658,31692.475,31581.305,31465.049,31343.602,31216.860,31084.718,30947.070,30803.810,30654.834,30500.038,30339.322,30172.589,29999.745,29820.703,29635.381,29443.706,29245.612,29041.046,28829.961,28612.329,28388.130,28157.362,27920.040,27676.194,27425.875,27169.150,26906.109,26636.862,26361.539,26080.292,25793.293,25500.737,25202.836,24899.823,24591.951,24279.487,23962.715,23641.931,23317.444,22989.575,22658.650,22325.000,21988.963,21650.877,21311.078,20969.901,20627.679,20284.735,19941.388,19597.946,19254.709,18911.965,18569.990,18229.049,17889.393,17551.261,17214.875,16880.448,16548.175,16218.241,15890.816,15566.056,15244.106,14925.097,14609.148,14296.368,13986.854,13680.690,13377.953,13078.710,12783.015,12490.918,12202.458,11917.667,11636.569,11359.180,11085.513,10815.570,10549.351,10286.849,10028.052,9772.942,9521.499,9273.698,9029.508,8788.896,8551.825,8318.257,8088.148,7861.452,7638.122,7418.105,7201.351,6987.803,6777.403,6570.094,6365.815,6164.504,5966.095,5770.526,5577.728,5387.634,5200.176,5015.283,4832.884,4652.909,4475.284,4299.936,4126.790,3955.772,3786.806,3619.816,3454.726,3291.458,3129.935,2970.078,2811.810,2655.051,2499.721,2345.743,2193.035,2041.518,1891.112,1741.735,1593.307,1445.747,1298.974,1152.908,1007.465,862.566,718.128,574.070,430.309,286.765,143.356,0.000
0.000,919.583,1837.600,2752.481,3662.681,4566.699,5463.086,6350.458,7227.508,8093.009,8945.828,9784.924,10609.359,11418.293,12210.990,12986.814,13745.230,14485.798,15208.169,15912.085,16597.367,17263.914,17911.696,18540.749,19151.164,19743.088,20316.712,20872.271,21410.034,21930.301,22433.396,22919.668,23389.481,23843.214,24281.256,24704.003,25111.857,25505.222,25884.500,26250.096,26602.409,26941.833,27268.757,27583.566,27886.632,28178.325,28459.001,28729.010,28988.691,29238.375,29478.381,29709.020,29930.590,30143.383,30347.678,30543.744,30731.842,30912.221,31085.123,31250.780,31409.413,31561.237,31706.454,31845.262,31977.848,32104.392,32225.065,32340.031,32449.445,32553.457,32652.209,32745.835,32834.464,32918.215,32997.205,33071.542,33141.328,33206.660,33267.628,33324.317,33376.806,33425.168,33469.473,33509.784,33546.157,33578.646,33607.298,33632.157,33653.259,33670.638,33684.323,33694.337,33700.699,33703.422,33702.516,33697.987,33689.835,33678.055,33662.638,33643.572,33620.838,33594.414,33564.274,33530.384,33492.711,33451.212,33405.844,33356.555,33303.293,33245.998,33184.607,33119.054,33049.264,32975.163,32896.669,32813.698,32726.160,32633.964,32537.012,32435.204,32328.436,32216.602,32099.593,31977.297,31849.600,31716.388,31577.544,31432.954,31282.500,31126.068,30963.547,30794.828,30619.804,30438.377,30250.452,30055.944,29854.776,29646.881,29432.204,29210.703,28982.351,28747.136,28505.067,28256.166,28000.479,27738.071,27469.032,27193.470,26911.520,26623.339,26329.105,26029.022,25723.316,25412.232,25096.039,24775.020,24449.479,24119.732,23786.111,23448.957,23108.620,22765.455,22419.821,22072.081,21722.594,21371.718,21019.803,20667.197,20314.235,19961.244,19608.540,19256.427,18905.196,18555.122,18206.468,17859.481,17514.395,17171.426,16830.779,16492.640,16157.185,15824.572,15494.947,15168.444,14845.181,14525.267,14208.798,13895.858,13586.520,13280.849,12978.899,12680.714,12386.332,12095.780,11809.080,11526.244,11247.281,10972.189,10700.965,10433.598,10170.071,9910.364,9654.452,9402.305,9153.891,8909.171,8668.107,8430.654,8196.766,7966.394,7739.486,7515.989,7295.845,7078.997,6865.384,6654.945,6447.616,6243.331,6042.024,5843.627,5648.071,5455.285,5265.198,5077.737,4892.830,4710.403,4530.379,4352.684,4177.241,4003.972,3832.802,3663.650,3496.438,3331.088,3167.520,3005.653,2845.407,2686.702,2529.457,2373.589,2219.019,2065.663,1913.440,1762.267,1612.063,1462.743,1314.227,1166.431,1019.271,872.665,726.530,580.782,435.339,290.116,145.031,0.000
0.000,952.876,1904.048,2851.809,3794.483,4730.441,5658.117,6576.018,7482.738,8376.963,9257.484,10123.199,10973.116,11806.359,12622.166,13419.884,14198.975,14959.001,15699.629,16420.621,17121.826,17803.175,18464.677,19106.408,19728.505,20331.159,20914.611,21479.142,22025.070,22552.742,23062.532,23554.832,24030.052,24488.615,24930.950,25357.494,25768.686,26164.966,26546.771,26914.536,27268.691,27609.659,27937.855,28253.687,28557.552,28849.839,29130.927,29401.182,29660.961,29910.611,30150.465,30380.846,30602.068,30814.430,31018.224,31213.728,31401.212,31580.934,31753.141,31918.073,32075.958,32227.014,32371.452,32509.471,32641.264,32767.015,32886.897,33001.078,33109.717,33212.965,33310.966,33403.857,33491.768,33574.822,33653.134,33726.814,33795.966,33860.688,33921.070,33977.198,34029.152,34077.006,34120.827,34160.681,34196.623,34228.708,34256.983,34281.489,34302.265,34319.343,34332.752,34342.513,34348.645,34351.162,34350.072,34345.378,34337.081,34325.175,34309.649,34290.490,34267.676,34241.185,34210.986,34177.047,34139.330,34097.791,34052.382,34003.052,33949.741,33892.390,33830.930,33765.290,33695.394,33621.161,33542.504,33459.335,33371.557,33279.073,33181.779,33079.567,32972.326,32859.942,32742.298,32619.272,32490.740,32356.579,32216.662,32070.861,31919.049,31761.101,31596.890,31426.295,31249.197,31065.485,30875.049,30677.792,30473.622,30262.460,30044.238,29818.903,29586.416,29346.756,29099.920,28845.926,28584.813,28316.643,28041.502,27759.501,27470.775,27175.486,26873.821,26565.995,26252.244,25932.830,25608.036,25278.168,24943.547,24604.514,24261.423,23914.640,23564.540,23211.505,22855.919,22498.169,22138.641,21777.714,21415.765,21053.160,20690.257,20327.402,19964.928,19603.155,19242.387,18882.915,18525.011,18168.933,17814.922,17463.203,17113.985,16767.459,16423.804,16083.181,15745.737,15411.607,15080.909,14753.751,14430.226,14110.418,13794.398,13482.227,13173.955,12869.625,12569.270,12272.914,11980.573,11692.258,11407.971,11127.709,10851.463,10579.216,10310.951,10046.640,9786.256,9529.764,9277.128,9028.306,8783.255,8541.926,8304.271,8070.235,7839.765,7612.802,7389.287,7169.158,6952.351,6738.802,6528.443,6321.207,6117.023,5915.822,5717.531,5522.076,5329.385,5139.382,4951.991,4767.136,4584.739,4404.722,4227.007,4051.514,3878.164,3706.875,3537.568,3370.162,3204.574,3040.722,2878.525,2717.900,2558.764,2401.033,2244.625,2089.456,1935.442,1782.499,1630.543,1479.489,1329.254,1179.753,1030.901,882.614,734.807,587.395,440.293,293.416,146.680,0.000
0.000,987.933,1974.008,2956.364,3933.179,4902.684,5863.182,6813.059,7750.801,8675.000,9584.364,10477.726,11354.042,12212.396,13052.001,13872.194,14672.431,15452.289,16211.452,16949.707,17666.940,18363.122,19038.305,19692.614,20326.236,20939.418,21532.451,22105.672,22659.453,23194.193,23710.319,24208.273,24688.513,25151.509,25597.736,26027.671,26441.794,26840.584,27224.514,27594.051,27949.657,28291.784,28620.875,28937.363,29241.669,29534.204,29815.365,30085.539,30345.100,30594.408,30833.814,31063.654,31284.252,31495.921,31698.961,31893.660,32080.298,32259.138,32430.438,32594.440,32751.381,32901.485,33044.965,33182.027,33312.866,33437.669,33556.616,33669.874,33777.606,33879.966,33977.100,34069.146,34156.235,34238.492,34316.034,34388.972,34457.411,34521.448,34581.176,34636.679,34688.039,34735.330,34778.620,34817.973,34853.446,34885.093,34912.960,34937.089,34957.519,34974.281,34987.401,34996.904,35002.804,35005.117,35003.849,34999.002,34990.576,34978.563,34962.953,34943.728,34920.867,34894.345,34864.131,34830.189,34792.479,34750.955,34705.567,34656.258,34602.969,34545.635,34484.184,34418.541,34348.626,34274.352,34195.629,34112.362,34024.449,33931.786,33834.262,33731.763,33624.171,33511.361,33393.207,33269.580,33140.345,33005.367,32864.509,32717.631,32564.595,32405.259,32239.486,32067.141,31888.090,31702.205,31509.365,31309.455,31102.370,30888.016,30666.311,30437.187,30200.594,29956.498,29704.887,29445.769,29179.176,28905.166,28623.821,28335.251,28039.595,27737.020,27427.722,27111.923,26789.875,26461.854,26128.164,25789.130,25445.098,25096.432,24743.512,24386.732,24026.495,23663.211,23297.292,22929.153,22559.206,22187.859,21815.511,21442.553,21069.365,20696.314,20323.750,19952.012,19581.418,19212.271,18844.857,18479.443,18116.278,17755.594,17397.604,17042.507,16690.480,16341.690,15996.284,15654.394,15316.141,14981.630,14650.952,14324.189,14001.407,13682.666,13368.012,13057.483,12751.108,12448.908,12150.894,11857.072,11567.439,11281.989,11000.706,10723.572,10450.562,10181.646,9916.791,9655.959,9399.108,9146.193,8897.166,8651.975,8410.568,8172.886,7938.871,7708.462,7481.596,7258.207,7038.228,6821.592,6608.228,6398.065,6191.030,5987.050,5786.050,5587.954,5392.685,5200.166,5010.318,4823.062,4638.319,4456.008,4276.049,4098.358,3922.856,3749.459,3578.084,3408.648,3241.068,3075.259,2911.138,2748.620,2587.619,2428.053,2269.834,2112.878,1957.100,1802.413,1648.732,1495.971,1344.044,1192.865,1042.348,892.406,742.953,593.902,445.169,296.664,148.304,0.000
0.000,1024.908,2047.784,3066.598,4079.361,5084.150,6079.121,7062.528,8032.737,8988.239,9927.655,10849.745,11753.413,12637.705,13501.810,14345.056,15166.904,15966.946,16744.891,17500.564,18233.889,18944.887,19633.664,20300.399,20945.339,21568.789,22171.104,22752.680,23313.947,23855.366,24377.417,24880.600,25365.426,25832.414,26282.085,26714.965,27131.576,27532.434,27918.052,28288.932,28645.567,28988.442,29318.026,29634.778,29939.145,30231.557,30512.435,30782.183,31041.192,31289.839,31528.488,31757.488,31977.177,32187.878,32389.901,32583.544,32769.093,32946.822,33116.992,33279.856,33435.652,33584.611,33726.951,33862.881,33992.601,34116.302,34234.163,34346.357,34453.050,34554.395,34650.542,34741.630,34827.792,34909.153,34985.832,35057.941,35125.584,35188.862,35247.864,35302.679,35353.386,35400.060,35442.770,35481.579,35516.544,35547.719,35575.149,35598.877,35618.941,35635.370,35648.193,35657.430,35663.098,35665.209,35663.770,35658.782,35650.244,35638.146,35622.475,35603.215,35580.343,35553.830,35523.643,35489.747,35452.097,35410.646,35365.340,35316.122,35262.927,35205.686,35144.327,35078.769,35008.926,34934.709,34856.022,34772.763,34684.827,34592.101,34494.469,34391.808,34283.991,34170.888,34052.361,33928.271,33798.475,33662.825,33521.171,33373.362,33219.246,33058.668,32891.476,32717.519,32536.648,32348.720,32153.597,31951.147,31741.250,31523.793,31298.680,31065.827,30825.169,30576.659,30320.272,30056.007,29783.886,29503.960,29216.310,28921.044,28618.301,28308.255,27991.108,27667.095,27336.481,26999.562,26656.660,26308.123,25954.323,25595.652,25232.520,24865.349,24494.573,24120.633,23743.974,23365.040,22984.273,22602.110,22218.977,21835.291,21451.454,21067.857,20684.869,20302.846,19922.123,19543.016,19165.822,18790.820,18418.265,18048.397,17681.434,17317.576,16957.008,16599.892,16246.379,15896.601,15550.675,15208.705,14870.779,14536.976,14207.359,13881.982,13560.889,13244.112,12931.676,12623.597,12319.881,12020.528,11725.533,11434.881,11148.554,10866.528,10588.773,10315.255,10045.935,9780.770,9519.716,9262.721,9009.734,8760.699,8515.558,8274.250,8036.713,7802.881,7572.688,7346.064,7122.940,6903.243,6686.900,6473.838,6263.980,6057.250,5853.569,5652.860,5455.042,5260.036,5067.761,4878.135,4691.075,4506.500,4324.325,4144.467,3966.842,3791.365,3617.951,3446.515,3276.972,3109.235,2943.219,2778.836,2616.001,2454.627,2294.626,2135.912,1978.398,1821.995,1666.618,1512.177,1358.586,1205.757,1053.601,902.032,750.961,600.300,449.961,299.857,149.899,0.000
0.000,1063.973,2125.719,3183.015,4233.689,5275.643,6306.871,7325.480,8329.706,9317.927,10288.671,11240.624,12172.635,13083.713,13973.027,14839.900,15683.806,16504.357,17301.299,18074.499,18823.932,19549.678,20251.903,20930.853,21586.841,22220.241,22831.476,23421.008,23989.337,24536.986,25064.499,25572.434,26061.359,26531.848,26984.473,27419.808,27838.420,28240.867,28627.700,28999.460,29356.673,29699.854,30029.502,30346.103,30650.126,30942.027,31222.245,31491.203,31749.311,31996.960,32234.528,32462.380,32680.862,32890.310,33091.044,33283.369,33467.581,33643.960,33812.775,33974.282,34128.728,34276.345,34417.358,34551.979,34680.411,34802.847,34919.472,35030.459,35135.975,35236.178,35331.216,35421.231,35506.358,35586.723,35662.445,35733.636,35800.402,35862.843,35921.050,35975.111,36025.106,36071.109,36113.190,36151.411,36185.829,36216.497,36243.462,36266.765,36286.442,36302.525,36315.039,36324.006,36329.440,36331.354,36329.752,36324.636,36316.002,36303.841,36288.138,36268.874,36246.025,36219.562,36189.450,36155.650,36118.116,36076.798,36031.641,35982.583,35929.558,35872.493,35811.311,35745.928,35676.255,35602.197,35523.653,35440.516,35352.674,35260.008,35162.395,35059.705,34951.802,34838.547,34719.794,34595.392,34465.187,34329.020,34186.728,34038.148,33883.112,33721.451,33552.998,33377.584,33195.046,33005.220,32807.952,32603.092,32390.501,32170.047,31941.617,31705.109,31460.442,31207.552,30946.401,30676.974,30399.284,30113.375,29819.320,29517.227,29207.237,28889.526,28564.306,28231.824,27892.360,27546.230,27193.778,26835.378,26471.429,26102.354,25728.595,25350.608,24968.861,24583.831,24195.995,23805.832,23413.816,23020.416,22626.087,22231.274,21836.406,21441.895,21048.131,20655.490,20264.321,19874.957,19487.706,19102.855,18720.670,18341.394,17965.252,17592.447,17223.163,16857.566,16495.805,16138.010,15784.296,15434.763,15089.499,14748.575,14412.053,14079.981,13752.396,13429.328,13110.795,12796.807,12487.365,12182.465,11882.094,11586.234,11294.861,11007.943,10725.448,10447.335,10173.560,9904.078,9638.835,9377.779,9120.852,8867.994,8619.143,8374.234,8133.200,7895.972,7662.479,7432.649,7206.408,6983.680,6764.389,6548.458,6335.808,6126.358,5920.029,5716.738,5516.403,5318.942,5124.272,4932.306,4742.962,4556.153,4371.795,4189.801,4010.085,3832.559,3657.138,3483.733,3312.257,3142.623,2974.742,2808.525,2643.885,2480.733,2318.980,2158.538,1999.318,1841.230,1684.185,1528.094,1372.868,1218.417,1064.653,911.485,758.825,606.582,454.668,302.993,151.466,0.000
0.000,1105.322,2208.196,3306.185,4396.907,5478.069,6547.483,7603.095,8642.997,9665.444,10668.866,11651.872,12613.254,13551.985,14467.220,15358.284,16224.670,17066.022,17882.130,18672.914,19438.414,20178.776,20894.238,21585.122,22251.820,22894.781,23514.505,24111.531,24686.431,25239.799,25772.247,26284.399,26776.883,27250.331,27705.370,28142.625,28562.708,28966.224,29353.765,29725.908,30083.214,30426.230,30755.486,31071.493,31374.748,31665.726,31944.887,32212.676,32469.516,32715.815,32951.967,33178.347,33395.314,33603.214,33802.375,33993.114,34175.732,34350.516,34517.741,34677.670,34830.553,34976.628,35116.122,35249.252,35376.224,35497.233,35612.466,35722.099,35826.300,35925.229,36019.036,36107.864,36191.847,36271.113,36345.782,36415.966,36481.772,36543.299,36600.641,36653.882,36703.105,36748.383,36789.785,36827.373,36861.205,36891.334,36917.804,36940.658,36959.930,36975.651,36987.847,36996.538,37001.738,37003.459,37001.704,36996.474,36987.763,36975.562,36959.854,36940.620,36917.833,36891.463,36861.472,36827.821,36790.461,36749.339,36704.399,36655.576,36602.799,36545.995,36485.080,36419.969,36350.567,36276.775,36198.487,36115.590,36027.966,35935.491,35838.033,35735.455,35627.613,35514.358,35395.534,35270.981,35140.533,35004.017,34861.260,34712.082,34556.300,34393.732,34224.192,34047.495,33863.457,33671.899,33472.643,33265.521,33050.372,32827.047,32595.410,32355.339,32106.733,31849.513,31583.621,31309.030,31025.740,30733.783,30433.228,30124.178,29806.775,29481.199,29147.671,28806.451,28457.836,28102.161,27739.797,27371.145,26996.636,26616.728,26231.896,25842.636,25449.454,25052.863,24653.381,24251.523,23847.800,23442.714,23036.753,22630.391,22224.085,21818.271,21413.364,21009.754,20607.813,20207.884,19810.288,19415.323,19023.260,18634.350,18248.822,17866.879,17488.708,17114.474,16744.324,16378.386,16016.773,15659.581,15306.892,14958.774,14615.282,14276.458,13942.337,13612.940,13288.279,12968.358,12653.174,12342.715,12036.962,11735.892,11439.474,11147.672,10860.446,10577.751,10299.539,10025.756,9756.347,9491.252,9230.410,8973.755,8721.222,8472.740,8228.238,7987.644,7750.883,7517.879,7288.553,7062.828,6840.623,6621.857,6406.448,6194.313,5985.369,5779.530,5576.713,5376.832,5179.799,4985.529,4793.934,4604.926,4418.418,4234.321,4052.547,3873.007,3695.610,3520.269,3346.894,3175.395,3005.681,2837.662,2671.249,2506.351,2342.878,2180.739,2019.843,1860.100,1701.419,1543.708,1386.878,1230.837,1075.493,920.758,766.538,612.744,459.285,306.068,153.003,0.000
0.000,1149.175,2295.651,3436.748,4569.850,5692.442,6802.135,7896.693,8974.050,10032.332,11069.859,12085.161,13076.974,14044.241,14986.106,15901.906,16791.161,17653.559,18488.947,19297.311,20078.766,20833.538,21561.951,22264.412,22941.402,23593.458,24221.165,24825.147,25406.056,25964.564,26501.356,27017.127,27512.571,27988.380,28445.242,28883.831,29304.813,29708.837,30096.538,30468.530,30825.412,31167.764,31496.143,31811.091,32113.126,32402.749,32680.439,32946.658,33201.849,33446.434,33680.818,33905.392,34120.524,34326.570,34523.869,34712.743,34893.502,35066.440,35231.836,35389.958,35541.062,35685.388,35823.169,35954.623,36079.958,36199.374,36313.058,36421.188,36523.935,36621.458,36713.909,36801.431,36884.161,36962.225,37035.744,37104.832,37169.594,37230.131,37286.534,37338.891,37387.280,37431.778,37472.452,37509.365,37542.573,37572.127,37598.074,37620.455,37639.303,37654.649,37666.517,37674.928,37679.895,37681.427,37679.529,37674.199,37665.432,37653.215,37637.532,37618.361,37595.675,37569.442,37539.623,37506.175,37469.049,37428.190,37383.538,37335.025,37282.580,37226.123,37165.571,37100.831,37031.807,36958.393,36880.479,36797.947,36710.673,36618.525,36521.366,36419.050,36311.424,36198.331,36079.604,35955.073,35824.558,35687.876,35544.839,35395.251,35238.917,35075.633,34905.199,34727.409,34542.061,34348.953,34147.887,33938.673,33721.126,33495.075,33260.359,33016.837,32764.384,32502.899,32232.308,31952.562,31663.650,31365.590,31058.443,30742.306,30417.321,30083.674,29741.591,29391.348,29033.259,28667.683,28295.017,27915.696,27530.184,27138.976,26742.591,26341.563,25936.443,25527.787,25116.154,24702.101,24286.179,23868.927,23450.869,23032.510,22614.337,22196.811,21780.372,21365.431,20952.375,20541.563,20133.327,19727.973,19325.783,18927.010,18531.885,18140.616,17753.387,17370.363,16991.687,16617.486,16247.867,15882.922,15522.728,15167.345,14816.825,14471.202,14130.504,13794.746,13463.933,13138.064,12817.126,12501.103,12189.969,11883.693,11582.239,11285.565,10993.625,10706.367,10423.738,10145.679,9872.129,9603.023,9338.294,9077.874,8821.690,8569.668,8321.733,8077.808,7837.814,7601.671,7369.297,7140.611,6915.528,6693.964,6475.833,6261.051,6049.529,5841.180,5635.917,5433.652,5234.294,5037.755,4843.946,4652.775,4464.153,4277.989,4094.193,3912.672,3733.336,3556.094,3380.853,3207.522,3036.010,2866.223,2698.071,2531.460,2366.299,2202.495,2039.957,1878.591,1718.306,1559.008,1400.605,1243.004,1086.114,929.843,774.096,618.782,463.807,309.081,154.509,0.000
0.000,1195.779,2388.576,3575.430,4753.462,5919.909,7072.153,8207.756,9324.482,10420.310,11493.449,12542.345,13565.681,14562.374,15531.567,16472.617,17385.086,18268.719,19123.434,19949.297,20746.514,21515.406,22256.394,22969.987,23656.764,24317.362,24952.461,25562.779,26149.056,26712.049,27252.523,27771.249,28268.991,28746.507,29204.543,29643.834,30065.094,30469.022,30856.294,31227.567,31583.475,31924.631,32251.623,32565.018,32865.361,33153.175,33428.959,33693.193,33946.336,34188.825,34421.080,34643.500,34856.467,35060.345,35255.482,35442.206,35620.835,35791.667,35954.989,36111.072,36260.175,36402.544,36538.412,36668.001,36791.523,36909.176,37021.152,37127.629,37228.779,37324.762,37415.731,37501.829,37583.194,37659.953,37732.225,37800.126,37863.761,37923.229,37978.622,38030.027,38077.525,38121.188,38161.085,38197.277,38229.822,38258.769,38284.165,38306.048,38324.454,38339.411,38350.944,38359.070,38363.805,38365.154,38363.124,38357.710,38348.906,38336.699,38321.071,38302.000,38279.455,38253.405,38223.809,38190.622,38153.792,38113.263,38068.972,38020.849,37968.821,37912.804,37852.711,37788.447,37719.911,37646.992,37569.577,37487.541,37400.754,37309.079,37212.369,37110.473,37003.229,36890.470,36772.018,36647.693,36517.302,36380.650,36237.533,36087.742,35931.062,35767.274,35596.157,35417.486,35231.037,35036.585,34833.910,34622.795,34403.033,34174.424,33936.784,33689.945,33433.756,33168.094,32892.860,32607.987,32313.443,32009.235,31695.409,31372.058,31039.321,30697.386,30346.491,29986.921,29619.015,29243.155,28859.768,28469.325,28072.329,27669.320,27260.858,26847.528,26429.927,26008.658,25584.329,25157.544,24728.895,24298.963,23868.310,23437.478,23006.983,22577.316,22148.939,21722.286,21297.760,20875.736,20456.556,20040.536,19627.963,19219.095,18814.165,18413.380,18016.924,17624.960,17237.627,16855.047,16477.321,16104.536,15736.761,15374.053,15016.453,14663.990,14316.683,13974.539,13637.559,13305.730,12979.036,12657.450,12340.941,12029.471,11722.996,11421.469,11124.836,10833.041,10546.022,10263.716,9986.056,9712.972,9444.392,9180.241,8920.443,8664.919,8413.589,8166.371,7923.184,7683.942,7448.560,7216.953,6989.032,6764.710,6543.898,6326.507,6112.448,5901.629,5693.960,5489.350,5287.706,5088.938,4892.952,4699.657,4508.959,4320.766,4134.984,3951.520,3770.282,3591.174,3414.104,3238.978,3065.702,2894.183,2724.326,2556.038,2389.223,2223.790,2059.643,1896.688,1734.831,1573.979,1414.037,1254.911,1096.507,938.732,781.490,624.688,468.232,312.028,155.982,0.000
0.000,1245.418,2487.529,3723.056,4948.818,6161.768,7359.035,8537.957,9696.105,10831.304,11941.643,13025.485,14081.461,15108.471,16105.666,17072.441,18008.410,18913.395,19787.400,20630.592,21443.283,22225.903,22978.991,23703.169,24399.129,25067.618,25709.425,26325.369,26916.287,27483.030,28026.449,28547.394,29046.706,29525.210,29983.719,30423.023,30843.894,31247.076,31633.292,32003.239,32357.589,32696.986,33022.050,33333.375,33631.531,33917.061,34190.485,34452.301,34702.983,34942.983,35172.732,35392.642,35603.103,35804.490,35997.155,36181.438,36357.658,36526.122,36687.119,36840.926,36987.803,37128.001,37261.754,37389.288,37510.814,37626.534,37736.641,37841.312,37940.721,38035.030,38124.389,38208.945,38288.834,38364.182,38435.111,38501.734,38564.156,38622.478,38676.789,38727.178,38773.722,38816.496,38855.566,38890.995,38922.838,38951.145,38975.961,38997.324,39015.269,39029.824,39041.012,39048.852,39053.355,39054.529,39052.378,39046.896,39038.077,39025.907,39010.366,38991.430,38969.070,38943.251,38913.930,38881.061,38844.592,38804.463,38760.609,38712.960,38661.436,38605.954,38546.422,38482.742,38414.808,38342.507,38265.720,38184.316,38098.160,38007.109,37911.009,37809.700,37703.013,37590.769,37472.783,37348.859,37218.797,37082.385,36939.405,36789.631,36632.832,36468.770,36297.202,36117.884,35930.566,35735.001,35530.942,35318.145,35096.375,34865.404,34625.019,34375.022,34115.235,33845.505,33565.709,33275.753,32975.586,32665.194,32344.611,32013.921,31673.258,31322.814,30962.833,30593.618,30215.525,29828.968,29434.408,29032.353,28623.353,28207.994,27786.889,27360.674,26930.001,26495.528,26057.915,25617.815,25175.872,24732.710,24288.933,23845.121,23401.823,22959.561,22518.821,22080.059,21643.696,21210.119,20779.685,20352.715,19929.501,19510.305,19095.361,18684.875,18279.028,17877.978,17481.860,17090.790,16704.863,16324.158,15948.738,15578.649,15213.925,14854.588,14500.648,14152.104,13808.946,13471.157,13138.709,12811.571,12489.701,12173.055,11861.582,11555.227,11253.931,10957.629,10666.254,10379.736,10098.004,9820.980,9548.588,9280.747,9017.376,8758.391,8503.709,8253.243,8006.905,7764.608,7526.261,7291.776,7061.061,6834.024,6610.575,6390.619,6174.065,5960.818,5750.786,5543.873,5339.985,5139.029,4940.908,4745.528,4552.795,4362.612,4174.884,3989.517,3806.414,3625.479,3446.619,3269.735,3094.733,2921.518,2749.993,2580.063,2411.631,2244.603,2078.883,1914.375,1750.982,1588.611,1427.164,1266.547,1106.663,947.418,788.716,630.460,472.556,314.909,157.422,0.000
0.000,1298.415,2593.150,3880.566,5157.136,6419.494,7664.481,8889.184,10090.963,11267.476,12416.686,13536.873,14626.625,15684.831,16710.669,17703.583,18663.265,19589.630,20482.790,21343.033,22170.795,22966.640,23731.237,24465.338,25169.764,25845.386,26493.113,27113.874,27708.615,28278.286,28823.830,29346.183,29846.266,30324.977,30783.195,31221.772,31641.533,32043.276,32427.767,32795.744,33147.916,33484.961,33807.530,34116.243,34411.692,34694.443,34965.035,35223.984,35471.776,35708.879,35935.736,36152.767,36360.373,36558.935,36748.815,36930.356,37103.885,37269.711,37428.129,37579.417,37723.840,37861.650,37993.084,38118.369,38237.717,38351.333,38459.406,38562.119,38659.643,38752.140,38839.764,38922.657,39000.957,39074.790,39144.278,39209.532,39270.657,39327.754,39380.912,39430.217,39475.749,39517.579,39555.774,39590.396,39621.499,39649.133,39673.341,39694.162,39711.629,39725.769,39736.605,39744.155,39748.429,39749.435,39747.174,39741.642,39732.830,39720.724,39705.302,39686.541,39664.408,39638.868,39609.877,39577.387,39541.345,39501.688,39458.350,39411.257,39360.330,39305.480,39246.614,39183.630,39116.419,39044.862,38968.837,38888.208,38802.834,38712.566,38617.243,38516.696,38410.749,38299.213,38181.893,38058.582,37929.066,37793.119,37650.509,37500.992,37344.320,37180.233,37008.469,36828.759,36640.831,36444.408,36239.217,36024.985,35801.444,35568.337,35325.416,35072.451,34809.231,34535.571,34251.316,33956.345,33650.580,33333.985,33006.578,32668.429,32319.666,31960.482,31591.130,31211.927,30823.255,30425.557,30019.332,29605.133,29183.560,28755.253,28320.885,27881.151,27436.764,26988.443,26536.907,26082.867,25627.017,25170.035,24712.568,24255.237,23798.629,23343.293,22889.744,22438.460,21989.879,21544.402,21102.394,20664.186,20230.072,19800.317,19375.152,18954.781,18539.382,18129.107,17724.085,17324.423,16930.209,16541.513,16158.388,15780.873,15408.991,15042.756,14682.167,14327.215,13977.881,13634.137,13295.949,12963.275,12636.067,12314.272,11997.830,11686.680,11380.755,11079.984,10784.292,10493.605,10207.842,9926.923,9650.763,9379.279,9112.381,8849.984,8591.996,8338.328,8088.888,7843.583,7602.319,7365.004,7131.541,6901.838,6675.797,6453.323,6234.320,6018.691,5806.339,5597.168,5391.081,5187.980,4987.767,4790.347,4595.620,4403.489,4213.857,4026.627,3841.700,3658.979,3478.367,3299.765,3123.076,2948.203,2775.048,2603.514,2433.503,2264.918,2097.661,1931.636,1766.744,1602.889,1439.974,1277.901,1116.573,955.894,795.766,636.092,476.776,317.719,158.826,0.000
0.000,1355.140,2706.171,4049.037,5379.813,6694.770,7990.423,9263.578,10511.364,11731.258,12921.094,14079.070,15203.739,16293.997,17349.063,18368.457,19351.969,20299.631,21211.690,22088.578,22930.880,23739.312,24514.693,25257.927,25969.979,26651.856,27304.600,27929.264,28526.908,29098.590,29645.353,30168.224,30668.205,31146.273,31603.375,32040.427,32458.310,32857.872,33239.926,33605.251,33954.593,34288.664,34608.142,34913.673,35205.875,35485.333,35752.604,36008.219,36252.681,36486.467,36710.032,36923.807,37128.199,37323.598,37510.370,37688.865,37859.413,38022.328,38177.907,38326.432,38468.169,38603.372,38732.281,38855.121,38972.107,39083.443,39189.320,39289.920,39385.414,39475.964,39561.723,39642.834,39719.433,39791.646,39859.594,39923.388,39983.133,40038.927,40090.859,40139.016,40183.475,40224.307,40261.579,40295.351,40325.676,40352.604,40376.177,40396.433,40413.405,40427.118,40437.595,40444.853,40448.901,40449.746,40447.389,40441.825,40433.043,40421.028,40405.760,40387.212,40365.351,40340.140,40311.535,40279.486,40243.937,40204.826,40162.084,40115.636,40065.399,40011.283,39953.191,39891.018,39824.652,39753.972,39678.848,39599.142,39514.707,39425.387,39331.015,39231.416,39126.402,39015.778,38899.337,38776.861,38648.122,38512.881,38370.890,38221.888,38065.607,37901.769,37730.087,37550.268,37362.012,37165.017,36958.976,36743.586,36518.545,36283.559,36038.344,35782.634,35516.179,35238.757,34950.178,34650.286,34338.972,34016.175,33681.888,33336.166,32979.130,32610.969,32231.945,31842.392,31442.717,31033.396,30614.971,30188.047,29753.281,29311.373,28863.064,28409.118,27950.315,27487.444,27021.292,26552.631,26082.217,25610.779,25139.018,24667.596,24197.137,23728.225,23261.402,22797.166,22335.973,21878.238,21424.334,20974.597,20529.324,20088.778,19653.190,19222.757,18797.653,18378.021,17963.982,17555.635,17153.057,16756.308,16365.431,15980.454,15601.391,15228.242,14860.999,14499.641,14144.140,13794.458,13450.551,13112.368,12779.852,12452.941,12131.569,11815.664,11505.153,11199.957,10899.996,10605.187,10315.443,10030.678,9750.801,9475.724,9205.352,8939.593,8678.352,8421.534,8169.043,7920.782,7676.653,7436.558,7200.400,6968.079,6739.497,6514.554,6293.151,6075.188,5860.565,5649.184,5440.943,5235.744,5033.486,4834.069,4637.393,4443.359,4251.867,4062.816,3876.108,3691.642,3509.320,3329.041,3150.705,2974.215,2799.470,2626.371,2454.819,2284.716,2115.961,1948.457,1782.103,1616.803,1452.456,1288.964,1126.229,964.152,802.635,641.579,480.886,320.457,160.195,0.000
0.000,1416.022,2827.438,4229.708,5618.452,6989.524,8339.068,9663.577,10959.926,12225.397,13457.692,14654.934,15815.655,16938.776,18023.583,19069.697,20077.035,21045.779,21976.337,22869.313,23725.468,24545.696,25330.990,26082.422,26801.118,27488.242,28144.975,28772.510,29372.030,29944.706,30491.690,31014.101,31513.032,31989.538,32444.637,32879.308,33294.491,33691.084,34069.948,34431.902,34777.728,35108.170,35423.934,35725.693,36014.086,36289.716,36553.160,36804.961,37045.637,37275.675,37495.540,37705.672,37906.484,38098.372,38281.709,38456.847,38624.121,38783.847,38936.326,39081.840,39220.658,39353.034,39479.208,39599.407,39713.846,39822.727,39926.244,40024.576,40117.894,40206.361,40290.127,40369.335,40444.121,40514.610,40580.920,40643.164,40701.444,40755.857,40806.494,40853.437,40896.763,40936.544,40972.844,41005.723,41035.233,41061.423,41084.334,41104.004,41120.463,41133.739,41143.850,41150.814,41154.639,41155.332,41152.893,41147.314,41138.587,41126.694,41111.612,41093.317,41071.773,41046.942,41018.780,40987.234,40952.249,40913.760,40871.697,40825.982,40776.530,40723.251,40666.044,40604.802,40539.409,40469.740,40395.662,40317.033,40233.700,40145.501,40052.262,39953.802,39849.926,39740.427,39625.089,39503.683,39375.967,39241.689,39100.584,38952.374,38796.771,38633.476,38462.177,38282.557,38094.288,37897.034,37690.460,37474.223,37247.987,37011.418,36764.191,36505.996,36236.542,35955.564,35662.829,35358.142,35041.357,34712.379,34371.174,34017.777,33652.296,33274.916,32885.906,32485.615,32074.479,31653.012,31221.805,30781.520,30332.877,29876.651,29413.656,28944.735,28470.749,27992.563,27511.039,27027.020,26541.329,26054.755,25568.051,25081.928,24597.050,24114.034,23633.449,23155.817,22681.608,22211.250,21745.122,21283.564,20826.873,20375.311,19929.101,19488.437,19053.482,18624.371,18201.213,17784.097,17373.089,16968.237,16569.572,16177.109,15790.850,15410.786,15036.894,14669.144,14307.495,13951.901,13602.306,13258.649,12920.865,12588.882,12262.624,11942.014,11626.967,11317.398,11013.221,10714.343,10420.674,10132.119,9848.583,9569.969,9296.179,9027.116,8762.679,8502.767,8247.282,7996.120,7749.181,7506.362,7267.562,7032.678,6801.608,6574.248,6350.497,6130.252,5913.410,5699.868,5489.524,5282.275,5078.018,4876.653,4678.075,4482.183,4288.876,4098.050,3909.605,3723.438,3539.449,3357.535,3177.596,2999.530,2823.236,2648.613,2475.561,2303.979,2133.766,1964.822,1797.046,1630.338,1464.599,1299.726,1135.622,972.186,809.317,646.917,484.885,323.121,161.526,0.000
0.000,1481.556,2957.927,4424.012,5874.902,7305.972,8712.947,10091.966,11439.625,12753.000,14029.662,15267.669,16465.549,17622.277,18737.236,19810.181,20841.193,21830.638,22779.122,23687.453,24556.599,25387.657,26181.820,26940.351,27664.557,28355.770,29015.333,29644.580,30244.831,30817.380,31363.488,31884.377,32381.229,32855.180,33307.322,33738.699,34150.307,34543.098,34917.977,35275.803,35617.393,35943.523,36254.925,36552.298,36836.298,37107.550,37366.645,37614.138,37850.560,38076.409,38292.157,38498.250,38695.110,38883.135,39062.703,39234.170,39397.873,39554.131,39703.244,39845.498,39981.161,40110.487,40233.717,40351.078,40462.783,40569.036,40670.027,40765.936,40856.934,40943.180,41024.825,41102.012,41174.872,41243.532,41308.109,41368.712,41425.444,41478.400,41527.669,41573.333,41615.469,41654.145,41689.426,41721.370,41750.029,41775.449,41797.672,41816.734,41832.665,41845.491,41855.230,41861.899,41865.506,41866.056,41863.547,41857.974,41849.325,41837.583,41822.724,41804.722,41783.541,41759.143,41731.481,41700.504,41666.152,41628.362,41587.061,41542.170,41493.603,41441.267,41385.059,41324.869,41260.579,41192.061,41119.179,41041.784,40959.721,40872.822,40780.907,40683.787,40581.259,40473.109,40359.111,40239.022,40112.590,39979.548,39839.613,39692.492,39537.875,39375.441,39204.855,39025.771,38837.831,38640.669,38433.910,38217.178,37990.092,37752.276,37503.360,37242.984,36970.810,36686.524,36389.843,36080.526,35758.380,35423.272,35075.133,34713.973,34339.879,33953.033,33553.705,33142.264,32719.174,32284.991,31840.363,31386.015,30922.745,30451.409,29972.907,29488.174,28998.160,28503.819,28006.097,27505.919,27004.181,26501.737,25999.398,25497.925,24998.026,24500.352,24005.500,23514.011,23026.371,22543.019,22064.337,21590.668,21122.305,20659.505,20202.485,19751.429,19306.488,18867.786,18435.421,18009.466,17589.975,17176.981,16770.504,16370.543,15977.089,15590.117,15209.594,14835.476,14467.711,14106.241,13750.999,13401.915,13058.911,12721.908,12390.820,12065.559,11746.035,11432.154,11123.820,10820.937,10523.404,10231.122,9943.988,9661.900,9384.755,9112.449,8844.877,8581.934,8323.514,8069.512,7819.822,7574.339,7332.955,7095.565,6862.063,6632.343,6406.299,6183.826,5964.817,5749.167,5536.771,5327.524,5121.321,4918.056,4717.625,4519.924,4324.849,4132.295,3942.159,3754.337,3568.726,3385.222,3203.723,3024.124,2846.324,2670.220,2495.710,2322.690,2151.060,1980.717,1811.559,1643.484,1476.391,1310.178,1144.744,979.987,815.806,652.100,488.767,325.707,162.819,0.000
0.000,1552.320,3098.777,4633.613,6151.306,7646.677,9114.973,10551.936,11953.857,13317.596,14640.596,15920.866,17156.961,18347.941,19493.326,20593.049,21647.399,22656.966,23622.597,24545.341,25426.408,26267.131,27068.929,27833.279,28561.689,29255.678,29916.760,30546.428,31146.143,31717.330,32261.365,32779.576,33273.237,33743.568,34191.734,34618.844,35025.952,35414.060,35784.117,36137.022,36473.625,36794.731,37101.100,37393.449,37672.456,37938.762,38192.970,38435.651,38667.341,38888.550,39099.754,39301.408,39493.936,39677.741,39853.203,40020.682,40180.515,40333.021,40478.503,40617.245,40749.517,40875.571,40995.647,41109.972,41218.758,41322.207,41420.508,41513.840,41602.372,41686.262,41765.660,41840.705,41911.530,41978.257,42041.003,42099.876,42154.977,42206.400,42254.232,42298.554,42339.440,42376.959,42411.174,42442.142,42469.913,42494.533,42516.042,42534.476,42549.863,42562.228,42571.590,42577.964,42581.356,42581.772,42579.210,42573.662,42565.116,42553.554,42538.954,42521.286,42500.515,42476.602,42449.500,42419.155,42385.509,42348.496,42308.042,42264.068,42216.486,42165.200,42110.107,42051.095,41988.042,41920.819,41849.284,41773.288,41692.669,41607.254,41516.859,41421.287,41320.330,41213.763,41101.350,40982.840,40857.967,40726.448,40587.988,40442.272,40288.972,40127.743,39958.225,39780.044,39592.809,39396.122,39189.569,38972.732,38745.186,38506.506,38256.271,37994.069,37719.506,37432.209,37131.839,36818.100,36490.746,36149.593,35794.533,35425.538,35042.674,34646.110,34236.118,33813.085,33377.506,32929.986,32471.233,32002.051,31523.321,31035.997,30541.079,30039.606,29532.632,29021.214,28506.392,27989.183,27470.562,26951.457,26432.743,25915.232,25399.677,24886.765,24377.119,23871.299,23369.807,22873.085,22381.522,21895.453,21415.171,20940.922,20472.913,20011.314,19556.266,19107.876,18666.227,18231.377,17803.364,17382.207,16967.907,16560.451,16159.814,15765.957,15378.833,14998.384,14624.546,14257.248,13896.413,13541.957,13193.793,12851.831,12515.976,12186.131,11862.196,11544.070,11231.649,10924.827,10623.500,10327.559,10036.896,9751.403,9470.970,9195.489,8924.849,8658.940,8397.652,8140.874,7888.497,7640.411,7396.505,7156.671,6920.797,6688.776,6460.498,6235.853,6014.734,5797.032,5582.639,5371.447,5163.348,4958.236,4756.004,4556.544,4359.750,4165.517,3973.739,3784.309,3597.122,3412.075,3229.060,3047.974,2868.713,2691.171,2515.246,2340.832,2167.827,1996.127,1825.629,1656.228,1487.823,1320.310,1153.586,987.549,822.096,657.124,492.531,328.214,164.071,0.000
0.000,1628.991,3251.319,4860.455,6450.161,8014.615,9548.515,11047.161,12506.511,13923.201,15294.556,16618.564,17893.840,19119.578,20295.486,21421.727,22498.848,23527.720,24509.474,25445.448,26337.131,27186.127,27994.110,28762.797,29493.917,30189.195,30850.328,31478.979,32076.762,32645.234,33185.894,33700.177,34189.452,34655.023,35098.127,35519.939,35921.569,36304.069,36668.428,37015.585,37346.419,37661.764,37962.403,38249.073,38522.469,38783.246,39032.019,39269.369,39495.842,39711.951,39918.180,40114.987,40302.800,40482.025,40653.042,40816.212,40971.873,41120.345,41261.928,41396.908,41525.551,41648.110,41764.823,41875.914,41981.596,42082.067,42177.514,42268.116,42354.038,42435.438,42512.461,42585.247,42653.926,42718.618,42779.439,42836.494,42889.882,42939.696,42986.022,43028.938,43068.518,43104.829,43137.932,43167.882,43194.730,43218.519,43239.290,43257.075,43271.903,43283.798,43292.778,43298.855,43302.038,43302.330,43299.728,43294.226,43285.808,43274.459,43260.152,43242.860,43222.548,43199.173,43172.690,43143.044,43110.176,43074.019,43034.499,42991.535,42945.039,42894.913,42841.054,42783.346,42721.667,42655.883,42585.853,42511.422,42432.425,42348.686,42260.014,42166.207,42067.049,41962.309,41851.741,41735.083,41612.056,41482.367,41345.701,41201.727,41050.097,40890.442,40722.377,40545.496,40359.380,40163.590,39957.674,39741.167,39513.599,39274.489,39023.362,38759.744,38483.177,38193.224,37889.481,37571.583,37239.221,36892.154,36530.218,36153.344,35761.565,35355.031,34934.015,34498.916,34050.268,33588.727,33115.074,32630.198,32135.083,31630.793,31118.449,30599.207,30074.243,29544.730,29011.819,28476.625,27940.216,27403.600,26867.717,26333.438,25801.559,25272.803,24747.819,24227.185,23711.411,23200.945,22696.173,22197.426,21704.985,21219.086,20739.922,20267.648,19802.386,19344.226,18893.234,18449.450,18012.893,17583.565,17161.449,16746.517,16338.724,15938.019,15544.338,15157.609,14777.754,14404.689,14038.324,13678.563,13325.310,12978.461,12637.913,12303.558,11975.287,11652.992,11336.558,11025.875,10720.829,10421.304,10127.187,9838.363,9554.717,9276.133,9002.496,8733.692,8469.605,8210.121,7955.125,7704.503,7458.141,7215.926,6977.745,6743.484,6513.032,6286.277,6063.107,5843.410,5627.077,5413.996,5204.058,4997.154,4793.172,4592.006,4393.546,4197.685,4004.313,3813.325,3624.612,3438.067,3253.585,3071.058,2890.381,2711.447,2534.151,2358.388,2184.052,2011.039,1839.243,1668.559,1498.884,1330.112,1162.141,994.865,828.181,661.985,496.172,330.639,165.283,0.000
0.000,1712.366,3417.120,5106.823,6774.391,8413.256,10017.487,11581.888,13102.054,14574.399,15996.148,17365.304,18680.597,19941.410,21147.705,22299.941,23398.990,24446.061,25442.629,26390.366,27291.090,28146.708,28959.186,29730.504,30462.637,31157.528,31817.077,32443.123,33037.438,33601.721,34137.596,34646.605,35130.214,35589.809,36026.702,36442.128,36837.253,37213.174,37570.923,37911.471,38235.727,38544.549,38838.741,39119.058,39386.209,39640.862,39883.641,40115.134,40335.893,40546.438,40747.256,40938.806,41121.518,41295.799,41462.029,41620.570,41771.757,41915.910,42053.328,42184.293,42309.072,42427.914,42541.055,42648.718,42751.111,42848.431,42940.863,43028.582,43111.752,43190.527,43265.051,43335.462,43401.886,43464.442,43523.243,43578.393,43629.988,43678.120,43722.871,43764.320,43802.537,43837.589,43869.535,43898.428,43924.318,43947.248,43967.255,43984.372,43998.627,44010.042,44018.634,44024.416,44027.395,44027.573,44024.947,44019.510,44011.247,44000.140,43986.164,43969.290,43949.483,43926.701,43900.896,43872.015,43839.998,43804.777,43766.277,43724.419,43679.111,43630.257,43577.750,43521.476,43461.309,43397.115,43328.749,43256.054,43178.862,43096.993,43010.253,42918.434,42821.313,42718.652,42610.197,42495.676,42374.800,42247.260,42112.727,41970.853,41821.270,41663.584,41497.384,41322.237,41137.686,40943.256,40738.452,40522.762,40295.661,40056.614,39805.080,39540.520,39262.403,38970.217,38663.480,38341.751,38004.644,37651.846,37283.126,36898.360,36497.540,36080.788,35648.370,35200.702,34738.351,34262.036,33772.620,33271.094,32758.560,32236.212,31705.310,31167.152,30623.053,30074.320,29522.230,28968.012,28412.833,27857.788,27303.889,26752.067,26203.164,25657.935,25117.054,24581.111,24050.626,23526.042,23007.742,22496.046,21991.223,21493.490,21003.023,20519.956,20044.392,19576.400,19116.025,18663.286,18218.182,17780.694,17350.787,16928.412,16513.510,16106.008,15705.830,15312.886,14927.083,14548.325,14176.506,13811.521,13453.258,13101.604,12756.446,12417.665,12085.144,11758.763,11438.402,11123.940,10815.258,10512.232,10214.742,9922.668,9635.886,9354.278,9077.722,8806.099,8539.288,8277.170,8019.626,7766.539,7517.790,7273.263,7032.840,6796.406,6563.845,6335.042,6109.883,5888.253,5670.039,5455.128,5243.408,5034.767,4829.093,4626.274,4426.202,4228.764,4033.852,3841.355,3651.166,3463.175,3277.273,3093.353,2911.308,2731.028,2552.408,2375.341,2199.719,2025.437,1852.387,1680.465,1509.563,1339.577,1170.401,1001.929,834.056,666.677,499.687,332.981,166.453,0.000
0.000,1803.392,3598.040,5375.416,7127.442,8846.675,10526.460,12161.045,13745.640,15276.440,16750.605,18166.208,19522.157,20818.109,22054.358,23231.742,24351.535,25415.357,26425.089,27382.800,28290.677,29150.980,29965.994,30737.994,31469.219,32161.851,32817.999,33439.690,34028.861,34587.357,35116.925,35619.218,36095.797,36548.129,36977.595,37385.492,37773.037,38141.370,38491.560,38824.607,39141.449,39442.964,39729.975,40003.250,40263.511,40511.433,40747.649,40972.752,41187.299,41391.811,41586.776,41772.655,41949.879,42118.852,42279.954,42433.544,42579.956,42719.507,42852.494,42979.196,43099.875,43214.780,43324.142,43428.182,43527.104,43621.102,43710.358,43795.045,43875.322,43951.340,44023.243,44091.164,44155.226,44215.547,44272.236,44325.394,44375.118,44421.494,44464.604,44504.525,44541.325,44575.068,44605.812,44633.610,44658.509,44680.549,44699.769,44716.200,44729.867,44740.793,44748.994,44754.482,44757.262,44757.337,44754.703,44749.351,44741.268,44730.434,44716.826,44700.413,44681.158,44659.022,44633.956,44605.907,44574.813,44540.608,44503.217,44462.559,44418.543,44371.072,44320.039,44265.328,44206.814,44144.360,44077.820,44007.036,43931.836,43852.038,43767.443,43677.840,43583.000,43482.680,43376.616,43264.530,43146.119,43021.064,42889.022,42749.626,42602.488,42447.193,42283.303,42110.354,41927.855,41735.291,41532.122,41317.787,41091.703,40853.273,40601.887,40336.929,40057.790,39763.871,39454.601,39129.445,38787.929,38429.648,38054.294,37661.668,37251.708,36824.497,36380.289,35919.509,35442.765,34950.844,34444.703,33925.452,33394.336,32852.701,32301.972,31743.613,31179.103,30609.904,30037.434,29463.051,28888.035,28313.573,27740.756,27170.573,26603.911,26041.558,25484.207,24932.460,24386.833,23847.768,23315.633,22790.734,22273.320,21763.588,21261.689,20767.735,20281.803,19803.940,19334.164,18872.471,18418.836,17973.220,17535.564,17105.802,16683.851,16269.624,15863.022,15463.943,15072.278,14687.913,14310.731,13940.612,13577.432,13221.068,12871.393,12528.280,12191.601,11861.228,11537.031,11218.883,10906.654,10600.217,10299.442,10004.203,9714.372,9429.823,9150.430,8876.068,8606.611,8341.937,8081.923,7826.445,7575.383,7328.615,7086.021,6847.482,6612.879,6382.095,6155.011,5931.511,5711.479,5494.799,5281.357,5071.037,4863.728,4659.314,4457.683,4258.724,4062.325,3868.373,3676.759,3487.372,3300.101,3114.838,2931.473,2749.896,2570.000,2391.675,2214.814,2039.308,1865.051,1691.934,1519.851,1348.694,1178.357,1008.733,839.715,671.197,503.073,335.236,167.580,0.000
0.000,1903.201,3796.293,5669.449,7513.400,9319.678,11080.796,12790.379,14443.234,16035.354,17563.886,19027.049,20424.027,21754.844,23020.235,24221.516,25360.456,26439.173,27460.027,28425.544,29338.340,30201.067,31016.365,31786.831,32514.989,33203.274,33854.017,34469.439,35051.646,35602.628,36124.258,36618.298,37086.398,37530.108,37950.872,38350.045,38728.890,39088.586,39430.235,39754.865,40063.436,40356.843,40635.921,40901.452,41154.166,41394.743,41623.822,41841.998,42049.828,42247.835,42436.507,42616.302,42787.649,42950.951,43106.584,43254.903,43396.241,43530.909,43659.200,43781.391,43897.739,44008.488,44113.868,44214.092,44309.364,44399.871,44485.794,44567.300,44644.546,44717.679,44786.840,44852.157,44913.753,44971.741,45026.227,45077.311,45125.085,45169.635,45211.040,45249.373,45284.702,45317.088,45346.588,45373.252,45397.126,45418.251,45436.661,45452.386,45465.453,45475.882,45483.688,45488.882,45491.469,45491.452,45488.825,45483.580,45475.702,45465.174,45451.968,45436.057,45417.404,45395.968,45371.700,45344.548,45314.452,45281.343,45245.148,45205.785,45163.165,45117.189,45067.751,45014.735,44958.015,44897.454,44832.904,44764.206,44691.188,44613.663,44531.433,44444.279,44351.972,44254.260,44150.876,44041.531,43925.914,43803.695,43674.515,43537.995,43393.725,43241.270,43080.164,42909.913,42729.992,42539.845,42338.886,42126.499,41902.044,41664.855,41414.245,41149.518,40869.972,40574.911,40263.658,39935.573,39590.071,39226.641,38844.871,38444.475,38025.314,37587.422,37131.024,36656.554,36164.660,35656.206,35132.260,34594.074,34043.059,33480.747,32908.758,32328.752,31742.402,31151.347,30557.171,29961.377,29365.364,28770.424,28177.725,27588.320,27003.137,26422.992,25848.591,25280.541,24719.353,24165.454,23619.195,23080.859,22550.670,22028.797,21515.364,21010.454,20514.115,20026.364,19547.193,19076.570,18614.446,18160.755,17715.417,17278.339,16849.422,16428.556,16015.625,15610.508,15213.080,14823.210,14440.768,14065.619,13697.628,13336.657,12982.570,12635.228,12294.495,11960.231,11632.300,11310.564,10994.887,10685.133,10381.168,10082.857,9790.068,9502.667,9220.524,8943.508,8671.491,8404.343,8141.937,7884.148,7630.848,7381.915,7137.224,6896.652,6660.078,6427.381,6198.440,5973.136,5751.351,5532.965,5317.862,5105.926,4897.040,4691.089,4487.959,4287.534,4089.703,3894.350,3701.365,3510.635,3322.047,3135.491,2950.857,2768.032,2586.908,2407.374,2229.321,2052.639,1877.221,1702.956,1529.737,1357.455,1186.003,1015.271,845.153,675.540,506.326,337.403,168.663,0.000
0.000,2013.153,4014.544,5992.769,7937.139,9837.972,11686.820,13476.621,15201.763,16858.081,18442.785,19954.348,21392.352,22757.323,24050.566,25273.995,26429.990,27521.261,28550.735,29521.465,30436.551,31299.083,32112.091,32878.520,33601.199,34282.827,34925.965,35533.034,36106.308,36647.923,37159.875,37644.031,38102.127,38535.787,38946.518,39335.722,39704.707,40054.685,40386.786,40702.059,41001.481,41285.961,41556.345,41813.422,42057.924,42290.538,42511.901,42722.609,42923.219,43114.249,43296.186,43469.485,43634.570,43791.838,43941.664,44084.396,44220.362,44349.869,44473.204,44590.639,44702.428,44808.807,44910.003,45006.224,45097.667,45184.519,45266.953,45345.134,45419.213,45489.335,45555.635,45618.240,45677.266,45732.826,45785.021,45833.949,45879.699,45922.352,45961.988,45998.676,46032.482,46063.464,46091.678,46117.172,46139.990,46160.171,46177.749,46192.753,46205.207,46215.130,46222.537,46227.439,46229.840,46229.741,46227.137,46222.019,46214.374,46204.180,46191.415,46176.048,46158.043,46137.359,46113.950,46087.762,46058.734,46026.802,45991.890,45953.918,45912.796,45868.428,45820.707,45769.517,45714.732,45656.217,45593.822,45527.389,45456.744,45381.699,45302.053,45217.589,45128.069,45033.241,44932.831,44826.544,44714.061,44595.041,44469.115,44335.886,44194.929,44045.787,43887.969,43720.952,43544.175,43357.042,43158.919,42949.137,42726.990,42491.741,42242.621,41978.843,41699.603,41404.094,41091.519,40761.112,40412.156,40044.011,39656.138,39248.136,38819.769,38370.997,37902.006,37413.228,36905.353,36379.331,35836.361,35277.863,34705.451,34120.879,33526.001,32922.714,32312.916,31698.456,31081.107,30462.531,29844.266,29227.706,28614.107,28004.576,27400.083,26801.465,26209.435,25624.592,25047.435,24478.370,23917.721,23365.741,22822.621,22288.496,21763.457,21247.551,20740.794,20243.169,19754.637,19275.136,18804.589,18342.902,17889.968,17445.672,17009.891,16582.493,16163.344,15752.303,15349.226,14953.969,14566.385,14186.324,13813.638,13448.177,13089.794,12738.338,12393.662,12055.619,11724.062,11398.845,11079.825,10766.859,10459.804,10158.521,9862.869,9572.711,9287.911,9008.333,8733.842,8464.307,8199.595,7939.576,7684.120,7433.100,7186.388,6943.859,6705.387,6470.849,6240.121,6013.082,5789.610,5569.584,5352.885,5139.395,4928.994,4721.567,4516.996,4315.164,4115.958,3919.261,3724.959,3532.939,3343.088,3155.292,2969.439,2785.418,2603.116,2422.422,2243.227,2065.418,1888.886,1713.521,1539.213,1365.852,1193.330,1021.537,850.364,679.703,509.445,339.480,169.701,0.000
0.000,2134.902,4256.017,6350.024,8404.517,10408.374,12352.039,14227.692,16029.309,17752.635,19395.062,20955.465,22433.990,23831.835,25151.034,26394.255,27564.617,28665.536,29700.599,30673.463,31587.771,32447.096,33254.894,34014.478,34728.998,35401.427,36034.563,36631.023,37193.251,37723.521,38223.951,38696.501,39142.993,39565.114,39964.426,40342.377,40700.306,41039.456,41360.976,41665.934,41955.316,42230.042,42490.962,42738.866,42974.491,43198.520,43411.588,43614.289,43807.174,43990.759,44165.523,44331.915,44490.355,44641.234,44784.917,44921.750,45052.051,45176.123,45294.246,45406.686,45513.689,45615.489,45712.303,45804.336,45891.779,45974.814,46053.609,46128.322,46199.102,46266.090,46329.414,46389.198,46445.556,46498.594,46548.413,46595.106,46638.758,46679.449,46717.253,46752.241,46784.472,46814.006,46840.893,46865.181,46886.913,46906.125,46922.850,46937.115,46948.944,46958.354,46965.360,46969.971,46972.192,46972.022,46969.457,46964.488,46957.099,46947.272,46934.982,46920.200,46902.890,46883.012,46860.520,46835.360,46807.474,46776.797,46743.255,46706.768,46667.248,46624.598,46578.714,46529.482,46476.774,46420.457,46360.383,46296.393,46228.313,46155.956,46079.120,45997.584,45911.113,45819.449,45722.315,45619.410,45510.410,45394.965,45272.695,45143.192,45006.014,44860.684,44706.688,44543.475,44370.449,44186.976,43992.371,43785.912,43566.825,43334.296,43087.472,42825.464,42547.355,42252.212,41939.102,41607.111,41255.366,40883.067,40489.520,40074.175,39636.668,39176.861,38694.876,38191.133,37666.361,37121.609,36558.227,35977.844,35382.314,34773.667,34154.040,33525.614,32890.553,32250.955,31608.805,30965.948,30324.065,29684.667,29049.089,28418.495,27793.885,27176.107,26565.872,25963.764,25370.255,24785.720,24210.446,23644.649,23088.477,22542.025,22005.342,21478.436,20961.283,20453.831,19956.004,19467.707,18988.831,18519.251,18058.835,17607.440,17164.919,16731.118,16305.881,15889.047,15480.456,15079.944,14687.349,14302.508,13925.257,13555.436,13192.882,12837.437,12488.941,12147.238,11812.173,11483.591,11161.341,10845.272,10535.235,10231.084,9932.673,9639.859,9352.499,9070.453,8793.583,8521.751,8254.821,7992.659,7735.131,7482.106,7233.454,6989.046,6748.753,6512.448,6280.006,6051.302,5826.213,5604.615,5386.387,5171.407,4959.557,4750.715,4544.764,4341.585,4141.062,3943.078,3747.517,3554.263,3363.203,3174.220,2987.203,2802.036,2618.608,2436.806,2256.518,2077.631,1900.034,1723.617,1548.268,1373.877,1200.333,1027.525,855.345,683.681,512.424,341.465,170.693,0.000
0.000,2270.469,4524.652,6746.869,8922.626,11039.086,13085.411,15052.958,16935.329,18728.289,20429.587,22038.705,23556.573,24985.278,26327.789,27587.704,28769.035,29876.034,30913.052,31884.427,32794.405,33647.086,34446.380,35195.991,35899.396,36559.851,37180.386,37763.812,38312.737,38829.568,39316.530,39775.674,40208.893,40617.930,41004.395,41369.769,41715.419,42042.608,42352.500,42646.170,42924.613,43188.750,43439.431,43677.445,43903.525,44118.348,44322.545,44516.702,44701.364,44877.037,45044.195,45203.277,45354.695,45498.831,45636.044,45766.670,45891.020,46009.389,46122.049,46229.258,46331.257,46428.271,46520.512,46608.177,46691.453,46770.512,46845.520,46916.630,46983.983,47047.715,47107.953,47164.813,47218.405,47268.833,47316.192,47360.573,47402.056,47440.719,47476.634,47509.866,47540.475,47568.515,47594.038,47617.087,47637.702,47655.920,47671.772,47685.282,47696.474,47705.365,47711.967,47716.290,47718.337,47718.108,47715.597,47710.796,47703.689,47694.258,47682.479,47668.322,47651.754,47632.734,47611.217,47587.150,47560.476,47531.132,47499.044,47464.135,47426.318,47385.497,47341.571,47294.425,47243.936,47189.969,47132.381,47071.011,47005.689,46936.228,46862.426,46784.063,46700.902,46612.686,46519.133,46419.942,46314.783,46203.299,46085.103,45959.775,45826.860,45685.865,45536.253,45377.448,45208.822,45029.699,44839.352,44636.999,44421.799,44192.861,43949.238,43689.932,43413.904,43120.080,42807.372,42474.691,42120.980,41745.247,41346.601,40924.307,40477.830,40006.895,39511.532,38992.128,38449.448,37884.649,37299.268,36695.182,36074.547,35439.728,34793.211,34137.520,33475.141,32808.457,32139.701,31470.918,30803.946,30140.410,29481.724,28829.098,28183.553,27545.937,26916.941,26297.120,25686.909,25086.637,24496.546,23916.800,23347.498,22788.685,22240.363,21702.492,21175.006,20657.809,20150.786,19653.807,19166.725,18689.387,18221.628,17763.279,17314.165,16874.111,16442.936,16020.461,15606.505,15200.888,14803.430,14413.954,14032.282,13658.240,13291.655,12932.355,12580.172,12234.939,11896.492,11564.668,11239.308,10920.253,10607.349,10300.442,9999.380,9704.015,9414.199,9129.786,8850.633,8576.599,8307.544,8043.329,7783.817,7528.873,7278.364,7032.157,6790.122,6552.128,6318.048,6087.753,5861.119,5638.019,5418.330,5201.928,4988.693,4778.501,4571.232,4366.768,4164.989,3965.777,3769.014,3574.584,3382.370,3192.257,3004.128,2817.871,2633.369,2450.510,2269.180,2089.266,1910.655,1733.236,1556.895,1381.521,1207.004,1033.230,860.089,687.470,515.263,343.355,171.638,0.000
0.000,2422.355,4825.304,7190.245,9500.124,11740.045,13897.692,15963.553,17930.931,19795.797,21556.504,23213.426,24768.568,26225.187,27587.431,28860.045,30048.113,31156.863,32191.516,33157.173,34058.742,34900.886,35687.994,36424.169,37113.226,37758.695,38363.833,38931.639,39464.870,39966.055,40437.515,40881.379,41299.597,41693.961,42066.113,42417.560,42749.687,43063.767,43360.970,43642.375,43908.975,44161.687,44401.356,44628.765,44844.636,45049.638,45244.394,45429.477,45605.422,45772.727,45931.852,46083.227,46227.252,46364.302,46494.724,46618.842,46736.961,46849.365,46956.318,47058.069,47154.850,47246.879,47334.360,47417.483,47496.427,47571.360,47642.440,47709.812,47773.614,47833.976,47891.019,47944.854,47995.588,48043.319,48088.139,48130.133,48169.380,48205.953,48239.921,48271.346,48300.285,48326.791,48350.911,48372.687,48392.159,48409.360,48424.318,48437.059,48447.604,48455.968,48462.165,48466.201,48468.081,48467.803,48465.362,48460.749,48453.950,48444.945,48433.711,48420.220,48404.438,48386.326,48365.840,48342.928,48317.536,48289.601,48259.051,48225.811,48189.796,48150.914,48109.062,48064.131,48015.998,47964.534,47909.593,47851.022,47788.649,47722.291,47651.747,47576.800,47497.214,47412.730,47323.069,47227.927,47126.971,47019.843,46906.148,46785.459,46657.309,46521.192,46376.553,46222.792,46059.251,45885.220,45699.925,45502.527,45292.123,45067.738,44828.327,44572.781,44299.925,44008.531,43697.332,43365.040,43010.382,42632.129,42229.151,41800.470,41345.330,40863.267,40354.178,39818.383,39256.675,38670.335,38061.119,37431.213,36783.152,36119.719,35443.831,34758.432,34066.394,33370.437,32673.072,31976.564,31282.916,30593.867,29910.900,29235.257,28567.963,27909.847,27261.565,26623.625,25996.408,25380.184,24775.132,24181.358,23598.898,23027.740,22467.830,21919.076,21381.360,20854.541,20338.461,19832.948,19337.819,18852.886,18377.953,17912.820,17457.287,17011.151,16574.211,16146.265,15727.112,15316.556,14914.398,14520.447,14134.511,13756.401,13385.934,13022.926,12667.198,12318.573,11976.879,11641.945,11313.603,10991.687,10676.036,10366.491,10062.892,9765.087,9472.922,9186.247,8904.915,8628.778,8357.694,8091.519,7830.115,7573.341,7321.062,7073.141,6829.446,6589.843,6354.202,6122.393,5894.287,5669.757,5448.678,5230.924,5016.370,4804.894,4596.373,4390.686,4187.714,3987.334,3789.429,3593.881,3400.571,3209.383,3020.199,2832.905,2647.384,2463.521,2281.202,2100.312,1920.739,1742.367,1565.085,1388.779,1213.336,1038.645,864.592,691.067,517.957,345.150,172.535,0.000
0.000,2593.673,5164.013,7688.749,10147.665,12523.380,14801.884,16972.771,19029.206,20967.645,22787.404,24490.142,26079.324,27559.723,28936.976,30217.222,31406.817,32512.116,33539.321,34494.371,35382.886,36210.120,36980.956,37699.901,38371.096,38998.338,39585.098,40134.545,40649.569,41132.803,41586.650,42013.298,42414.743,42792.807,43149.155,43485.306,43802.652,44102.468,44385.920,44654.082,44907.938,45148.394,45376.284,45592.378,45797.385,45991.961,46176.713,46352.202,46518.949,46677.436,46828.111,46971.392,47107.666,47237.293,47360.610,47477.931,47589.547,47695.733,47796.742,47892.814,47984.172,48071.023,48153.564,48231.977,48306.433,48377.093,48444.106,48507.614,48567.746,48624.627,48678.371,48729.086,48776.873,48821.824,48864.028,48903.564,48940.509,48974.933,49006.899,49036.468,49063.693,49088.623,49111.305,49131.779,49150.080,49166.240,49180.287,49192.245,49202.132,49209.965,49215.753,49219.506,49221.224,49220.908,49218.553,49214.147,49207.679,49199.129,49188.474,49175.687,49160.735,49143.580,49124.180,49102.486,49078.443,49051.990,49023.060,48991.579,48957.464,48920.624,48880.963,48838.372,48792.732,48743.917,48691.786,48636.186,48576.951,48513.902,48446.839,48375.550,48299.800,48219.335,48133.876,48043.120,47946.736,47844.363,47735.604,47620.027,47497.158,47366.480,47227.426,47079.373,46921.641,46753.486,46574.091,46382.568,46177.947,45959.172,45725.103,45474.508,45206.070,44918.393,44610.010,44279.408,43925.054,43545.439,43139.133,42704.852,42241.548,41748.496,41225.394,40672.457,40090.481,39480.884,38845.692,38187.477,37509.254,36814.334,36106.178,35388.248,34663.877,33936.181,33207.985,32481.793,31759.774,31043.771,30335.319,29635.672,28945.836,28266.596,27598.552,26942.143,26297.676,25665.345,25045.255,24437.433,23841.848,23258.419,22687.027,22127.521,21579.727,21043.453,20518.495,20004.636,19501.653,19009.322,18527.413,18055.695,17593.940,17141.919,16699.407,16266.180,15842.018,15426.704,15020.026,14621.775,14231.744,13849.733,13475.545,13108.985,12749.865,12397.997,12053.200,11715.294,11384.105,11059.460,10741.190,10429.130,10123.115,9822.986,9528.585,9239.758,8956.352,8678.216,8405.203,8137.167,7873.964,7615.453,7361.493,7111.945,6866.675,6625.545,6388.424,6155.179,5925.678,5699.794,5477.397,5258.360,5042.558,4829.865,4620.158,4413.314,4209.210,4007.726,3808.740,3612.133,3417.786,3225.581,3035.399,2847.123,2660.638,2475.825,2292.570,2110.758,1930.273,1751.002,1572.829,1395.641,1219.324,1043.765,868.851,694.468,520.504,346.847,173.383,0.000
0.000,2788.354,5548.369,8253.137,10878.487,13404.026,15813.806,18096.575,20245.627,22258.340,24135.511,25880.616,27499.084,28997.643,30383.781,31665.322,32850.106,33945.771,34959.601,35898.445,36768.665,37576.125,38326.200,39023.786,39673.339,40278.900,40844.130,41372.344,41866.542,42329.441,42763.501,43170.952,43553.817,43913.933,44252.970,44572.450,44873.756,45158.153,45426.797,45680.745,45920.965,46148.345,46363.701,46567.784,46761.285,46944.842,47119.042,47284.429,47441.507,47590.741,47732.563,47867.374,47995.547,48117.428,48233.339,48343.581,48448.433,48548.156,48642.995,48733.175,48818.911,48900.400,48977.829,49051.371,49121.189,49187.435,49250.252,49309.772,49366.121,49419.414,49469.762,49517.264,49562.018,49604.110,49643.625,49680.637,49715.219,49747.436,49777.348,49805.013,49830.482,49853.799,49875.010,49894.150,49911.255,49926.354,49939.473,49950.633,49959.854,49967.149,49972.529,49975.999,49977.564,49977.220,49974.964,49970.785,49964.671,49956.603,49946.559,49934.513,49920.434,49904.285,49886.024,49865.605,49842.976,49818.079,49790.847,49761.210,49729.088,49694.395,49657.037,49616.907,49573.894,49527.872,49478.706,49426.249,49370.338,49310.798,49247.437,49180.045,49108.392,49032.228,48951.280,48865.248,48773.804,48676.587,48573.203,48463.219,48346.158,48221.496,48088.655,47947.001,47795.833,47634.378,47461.786,47277.120,47079.350,46867.343,46639.861,46395.551,46132.947,45850.472,45546.442,45219.084,44866.569,44487.051,44078.728,43639.931,43169.221,42665.516,42128.228,41557.392,40953.775,40318.941,39655.245,38965.758,38254.108,37524.291,36780.458,36026.710,35266.944,34504.731,33743.248,32985.249,32233.062,31488.613,30753.464,30028.849,29315.721,28614.795,27926.583,27251.431,26589.549,25941.035,25305.902,24684.089,24075.480,23479.918,22897.210,22327.139,21769.472,21223.960,20690.346,20168.369,19657.764,19158.266,18669.610,18191.535,17723.782,17266.097,16818.228,16379.931,15950.966,15531.096,15120.093,14717.730,14323.789,13938.055,13560.319,13190.375,12828.024,12473.070,12125.322,11784.593,11450.700,11123.463,10802.708,10488.262,10179.956,9877.625,9581.107,9290.241,9004.872,8724.845,8450.007,8180.211,7915.308,7655.154,7399.605,7148.521,6901.763,6659.192,6420.674,6186.072,5955.256,5728.093,5504.452,5284.206,5067.227,4853.387,4642.562,4434.626,4229.457,4026.931,3826.926,3629.322,3433.998,3240.834,3049.711,2860.512,2673.117,2487.410,2303.274,2120.593,1939.251,1759.131,1580.120,1402.101,1224.962,1048.586,872.860,697.670,522.903,348.444,174.181,0.000
0.000,3011.397,5988.014,8896.999,11709.194,14400.521,16952.847,19354.219,21598.528,23684.733,25615.855,27397.916,29038.956,30548.203,31935.420,33210.431,34382.783,35461.542,36455.168,37371.457,38217.533,38999.864,39724.292,40396.082,41019.967,41600.200,42140.600,42644.595,43115.266,43555.384,43967.441,44353.686,44716.148,45056.660,45376.881,45678.316,45962.332,46230.170,46482.962,46721.740,46947.449,47160.950,47363.034,47554.428,47735.798,47907.760,48070.876,48225.671,48372.626,48512.187,48644.766,48770.747,48890.484,49004.307,49112.523,49215.417,49313.254,49406.282,49494.732,49578.819,49658.744,49734.695,49806.847,49875.365,49940.402,50002.101,50060.597,50116.014,50168.471,50218.076,50264.933,50309.137,50350.777,50389.936,50426.692,50461.116,50493.275,50523.232,50551.042,50576.759,50600.430,50622.099,50641.806,50659.586,50675.471,50689.488,50701.663,50712.014,50720.559,50727.312,50732.281,50735.473,50736.889,50736.528,50734.385,50730.451,50724.713,50717.154,50707.753,50696.484,50683.317,50668.218,50651.148,50632.062,50610.910,50587.636,50562.178,50534.469,50504.431,50471.984,50437.035,50399.486,50359.226,50316.138,50270.090,50220.941,50168.535,50112.701,50053.255,49989.993,49922.692,49851.110,49774.978,49694.003,49607.863,49516.204,49418.637,49314.729,49204.006,49085.945,48959.963,48825.417,48681.594,48527.702,48362.861,48186.095,47996.321,47792.335,47572.806,47336.265,47081.093,46805.524,46507.637,46185.378,45836.575,45458.981,45050.345,44608.501,44131.501,43617.771,43066.304,42476.844,41850.068,41187.689,40492.474,39768.134,39019.115,38250.308,37466.747,36673.341,35874.661,35074.807,34277.337,33485.252,32701.018,31926.610,31163.573,30413.078,29675.987,28952.900,28244.209,27550.138,26870.772,26206.095,25556.005,24920.340,24298.888,23691.404,23097.614,22517.230,21949.950,21395.467,20853.469,20323.645,19805.687,19299.289,18804.150,18319.975,17846.476,17383.372,16930.386,16487.251,16053.706,15629.499,15214.380,14808.110,14410.456,14021.190,13640.090,13266.940,12901.531,12543.657,12193.119,11849.721,11513.274,11183.591,10860.490,10543.794,10233.328,9928.922,9630.408,9337.624,9050.406,8768.599,8492.045,8220.592,7954.091,7692.392,7435.351,7182.823,6934.666,6690.742,6450.910,6215.036,5982.984,5754.620,5529.814,5308.433,5090.349,4875.433,4663.558,4454.599,4248.430,4044.927,3843.967,3645.428,3449.188,3255.126,3063.121,2873.056,2684.809,2498.264,2313.303,2129.807,1947.661,1766.747,1586.950,1408.154,1230.243,1053.101,876.615,700.669,525.149,349.941,174.929,0.000
0.000,3269.244,6495.329,9637.707,12660.836,15536.101,18242.940,20769.041,23109.662,25266.352,27245.418,29056.411,30710.810,32220.995,33599.485,34858.430,36009.301,37062.710,38028.346,38914.972,39730.453,40481.824,41175.355,41816.629,42410.608,42961.710,43473.864,43950.573,44394.960,44809.815,45197.636,45560.660,45900.899,46220.160,46520.073,46802.111,47067.607,47317.766,47553.686,47776.364,47986.710,48185.553,48373.652,48551.701,48720.339,48880.150,49031.673,49175.404,49311.801,49441.287,49564.251,49681.057,49792.039,49897.508,49997.753,50093.044,50183.628,50269.740,50351.595,50429.397,50503.333,50573.579,50640.300,50703.648,50763.769,50820.795,50874.853,50926.058,50974.521,51020.344,51063.622,51104.445,51142.895,51179.051,51212.983,51244.759,51274.442,51302.088,51327.750,51351.477,51373.313,51393.300,51411.474,51427.867,51442.509,51455.427,51466.641,51476.172,51484.033,51490.239,51494.796,51497.711,51498.985,51498.617,51496.602,51492.930,51487.590,51480.564,51471.835,51461.376,51449.161,51435.157,51419.325,51401.625,51382.009,51360.425,51336.813,51311.110,51283.243,51253.136,51220.700,51185.843,51148.461,51108.440,51065.656,51019.975,50971.247,50919.310,50863.987,50805.083,50742.383,50675.653,50604.635,50529.045,50448.570,50362.866,50271.550,50174.200,50070.349,49959.476,49841.004,49714.289,49578.613,49433.172,49277.069,49109.299,48928.736,48734.116,48524.028,48296.888,48050.934,47784.208,47494.545,47179.581,46836.759,46463.370,46056.616,45613.709,45132.028,44609.323,44043.972,43435.261,42783.661,42091.024,41360.629,40597.048,39805.826,38993.051,38164.915,37327.336,36485.701,35644.704,34808.302,33979.719,33161.514,32355.653,31563.603,30786.414,30024.799,29279.201,28549.847,27836.804,27140.006,26459.295,25794.441,25145.161,24511.137,23892.023,23287.460,22697.079,22120.509,21557.377,21007.316,20469.963,19944.963,19431.969,18930.643,18440.657,17961.691,17493.437,17035.596,16587.875,16149.996,15721.685,15302.679,14892.721,14491.564,14098.968,13714.700,13338.533,12970.247,12609.629,12256.469,11910.565,11571.721,11239.743,10914.443,10595.638,10283.148,9976.798,9676.417,9381.835,9092.889,8809.415,8531.256,8258.255,7990.260,7727.118,7468.682,7214.805,6965.343,6720.154,6479.097,6242.035,6008.829,5779.346,5553.451,5331.011,5111.897,4895.977,4683.124,4473.211,4266.110,4061.696,3859.846,3660.435,3463.340,3268.441,3075.615,2884.742,2695.702,2508.376,2322.645,2138.391,1955.496,1773.842,1593.313,1413.792,1235.162,1057.308,880.114,703.463,527.242,351.335,175.626,0.000
0.000,3570.269,7086.389,10497.711,13760.407,16840.183,19713.861,22369.447,24804.844,27025.727,29043.201,30871.657,32527.052,34025.669,35383.293,36614.719,37733.506,38751.888,39680.789,40529.897,41307.762,42021.916,42678.983,43284.788,43844.457,44362.509,44842.930,45289.241,45704.566,46091.674,46453.032,46790.838,47107.057,47403.449,47681.594,47942.915,48188.693,48420.089,48638.151,48843.831,49037.996,49221.433,49394.862,49558.940,49714.270,49861.403,50000.846,50133.067,50258.493,50377.523,50490.521,50597.826,50699.751,50796.586,50888.602,50976.048,51059.157,51138.144,51213.212,51284.548,51352.327,51416.712,51477.856,51535.900,51590.978,51643.214,51692.723,51739.615,51783.989,51825.941,51865.558,51902.924,51938.114,51971.200,52002.248,52031.321,52058.475,52083.763,52107.234,52128.932,52148.899,52167.172,52183.785,52198.767,52212.147,52223.947,52234.187,52242.886,52250.057,52255.711,52259.856,52262.497,52263.635,52263.269,52261.393,52258.000,52253.077,52246.610,52238.580,52228.964,52217.737,52204.867,52190.320,52174.056,52156.033,52136.200,52114.502,52090.880,52065.266,52037.588,52007.764,51975.706,51941.318,51904.491,51865.111,51823.049,51778.166,51730.308,51679.307,51624.977,51567.117,51505.503,51439.888,51370.000,51295.541,51216.177,51131.542,51041.224,50944.771,50841.672,50731.362,50613.204,50486.486,50350.404,50204.056,50046.419,49876.341,49692.515,49493.461,49277.504,49042.745,48787.043,48507.991,48202.899,47868.795,47502.441,47100.385,46659.070,46174.997,45644.982,45066.504,44438.119,43759.899,43033.777,42263.688,41455.383,40615.933,39753.063,38874.494,37987.422,37098.196,36212.164,35333.662,34466.083,33611.993,32773.266,31951.203,31146.655,30360.120,29591.823,28841.783,28109.868,27395.832,26699.351,26020.044,25357.496,24711.267,24080.906,23465.958,22865.971,22280.497,21709.098,21151.346,20606.827,20075.138,19555.890,19048.708,18553.229,18069.104,17595.997,17133.584,16681.552,16239.601,15807.439,15384.787,14971.374,14566.939,14171.228,13783.999,13405.013,13034.041,12670.861,12315.257,11967.018,11625.939,11291.824,10964.476,10643.709,10329.336,10021.179,9719.061,9422.810,9132.256,8847.236,8567.586,8293.148,8023.766,7759.285,7499.554,7244.426,6993.753,6747.392,6505.199,6267.035,6032.761,5802.239,5575.335,5351.915,5131.846,4914.996,4701.237,4490.439,4282.476,4077.218,3874.543,3674.325,3476.440,3280.766,3087.179,2895.558,2705.784,2517.735,2331.292,2146.335,1962.747,1780.408,1599.201,1419.010,1239.715,1061.201,883.351,706.049,529.179,352.625,176.270,0.000
0.000,3925.465,7782.277,11506.385,15042.954,18350.433,21402.956,24190.139,26714.646,28988.631,31030.135,32860.107,34500.227,35971.506,37293.480,38483.839,39558.321,40530.764,41413.256,42216.306,42949.036,43619.361,44234.148,44799.369,45320.224,45801.252,46246.426,46659.230,47042.733,47399.641,47732.349,48042.982,48333.431,48605.384,48860.350,49099.681,49324.595,49536.188,49735.450,49923.277,50100.483,50267.804,50425.916,50575.430,50716.910,50850.867,50977.774,51098.063,51212.132,51320.349,51423.050,51520.550,51613.137,51701.079,51784.623,51864.000,51939.424,52011.093,52079.194,52143.897,52205.364,52263.743,52319.175,52371.789,52421.708,52469.044,52513.904,52556.387,52596.584,52634.583,52670.464,52704.301,52736.166,52766.122,52794.231,52820.549,52845.127,52868.014,52889.254,52908.888,52926.953,52943.484,52958.510,52972.060,52984.157,52994.823,53004.077,53011.935,53018.408,53023.507,53027.240,53029.609,53030.616,53030.260,53028.536,53025.436,53020.950,53015.063,53007.758,52999.015,52988.809,52977.112,52963.891,52949.112,52932.733,52914.709,52894.989,52873.518,52850.233,52825.068,52797.947,52768.789,52737.503,52703.992,52668.146,52629.847,52588.966,52545.358,52498.867,52449.320,52396.527,52340.278,52280.342,52216.462,52148.355,52075.706,51998.165,51915.341,51826.799,51732.049,51630.543,51521.664,51404.714,51278.904,51143.340,50997.002,50838.728,50667.188,50480.859,50277.996,50056.590,49814.340,49548.609,49256.386,48934.262,48578.419,48184.655,47748.466,47265.221,46730.461,46140.346,45492.269,44785.548,44022.068,43206.599,42346.563,41451.227,40530.610,39594.479,38651.634,37709.536,36774.199,35850.267,34941.186,34049.401,33176.559,32323.685,31491.333,30679.700,29888.730,29118.179,28367.676,27636.764,26924.925,26231.614,25556.264,24898.308,24257.178,23632.319,23023.191,22429.268,21850.042,21285.027,20733.754,20195.771,19670.650,19157.976,18657.354,18168.404,17690.765,17224.087,16768.038,16322.295,15886.552,15460.512,15043.891,14636.413,14237.815,13847.842,13466.245,13092.788,12727.239,12369.373,12018.975,11675.834,11339.744,11010.507,10687.928,10371.819,10061.995,9758.276,9460.485,9168.452,8882.006,8600.984,8325.222,8054.562,7788.849,7527.927,7271.647,7019.861,6772.421,6529.183,6290.006,6054.749,5823.273,5595.442,5371.120,5150.173,4932.469,4717.876,4506.266,4297.509,4091.477,3888.044,3687.084,3488.473,3292.086,3097.800,2905.494,2715.044,2526.331,2339.234,2153.632,1969.407,1786.439,1604.610,1423.802,1243.897,1064.777,886.325,708.425,530.959,353.810,176.863,0.000
0.000,4349.329,8610.897,12702.639,16554.641,20115.703,23357.463,26273.590,28875.069,31184.121,33228.719,35038.539,36642.386,38066.798,39335.444,40469.012,41485.358,42399.788,43225.369,43973.250,44652.943,45272.580,45839.128,46358.576,46836.087,47276.129,47682.581,48058.821,48407.805,48732.127,49034.070,49315.649,49578.652,49824.666,50055.109,50271.244,50474.206,50665.016,50844.591,51013.761,51173.276,51323.819,51466.008,51600.407,51727.531,51847.850,51961.796,52069.764,52172.117,52269.190,52361.291,52448.704,52531.693,52610.499,52685.349,52756.451,52824.000,52888.174,52949.141,53007.058,53062.069,53114.310,53163.907,53210.976,53255.628,53297.965,53338.082,53376.070,53412.011,53445.982,53478.056,53508.302,53536.781,53563.552,53588.670,53612.185,53634.145,53654.591,53673.565,53691.102,53707.236,53721.998,53735.414,53747.511,53758.308,53767.827,53776.083,53783.090,53788.860,53793.401,53796.720,53798.819,53799.701,53799.364,53797.802,53795.010,53790.977,53785.691,53779.135,53771.292,53762.138,53751.648,53739.794,53726.543,53711.856,53695.694,53678.011,53658.755,53637.870,53615.295,53590.962,53564.796,53536.716,53506.630,53474.440,53440.038,53403.304,53364.106,53322.302,53277.731,53230.219,53179.571,53125.573,53067.989,53006.554,52940.974,52870.923,52796.035,52715.898,52630.051,52537.973,52439.077,52332.692,52218.059,52094.307,51960.440,51815.309,51657.590,51485.748,51297.999,51092.266,50866.123,50616.741,50340.818,50034.519,49693.419,49312.479,48886.081,48408.165,47872.542,47273.450,46606.413,45869.367,45063.823,44195.619,43274.659,42313.491,41325.435,40323.016,39317.014,38316.102,37326.884,36354.147,35401.182,34470.117,33562.195,32678.016,31817.711,30981.089,30167.735,29377.089,28608.499,27861.262,27134.651,26427.932,25740.380,25071.288,24419.969,23785.763,23168.038,22566.189,21979.640,21407.842,20850.273,20306.437,19775.860,19258.093,18752.708,18259.296,17777.470,17306.856,16847.102,16397.868,15958.829,15529.674,15110.104,14699.833,14298.585,13906.094,13522.105,13146.370,12778.651,12418.716,12066.343,11721.314,11383.420,11052.455,10728.222,10410.527,10099.180,9794.000,9494.805,9201.420,8913.674,8631.399,8354.431,8082.607,7815.769,7553.763,7296.433,7043.631,6795.208,6551.019,6310.919,6074.766,5842.421,5613.745,5388.602,5166.856,4948.374,4733.023,4520.673,4311.194,4104.456,3900.333,3698.698,3499.426,3302.391,3107.469,2914.537,2723.474,2534.156,2346.463,2160.274,1975.470,1791.929,1609.533,1428.164,1247.703,1068.031,889.032,710.586,532.577,354.888,177.401,0.000
0.000,4860.969,9609.371,14138.667,18357.313,22200.332,25637.669,28671.763,31328.002,33644.160,35662.188,37423.058,38964.103,40317.989,41512.630,42571.558,43514.475,44357.831,45115.365,45798.574,46417.107,46979.098,47491.427,47959.948,48389.658,48784.844,49149.202,49485.932,49797.814,50087.276,50356.445,50607.192,50841.169,51059.838,51264.500,51456.313,51636.313,51805.428,51964.495,52114.265,52255.418,52388.571,52514.281,52633.057,52745.362,52851.620,52952.217,53047.507,53137.817,53223.446,53304.669,53381.740,53454.894,53524.347,53590.300,53652.940,53712.439,53768.956,53822.641,53873.633,53922.060,53968.042,54011.691,54053.111,54092.399,54129.647,54164.939,54198.353,54229.964,54259.841,54288.047,54314.642,54339.682,54363.219,54385.300,54405.971,54425.272,54443.243,54459.917,54475.328,54489.505,54502.474,54514.260,54524.885,54534.368,54542.726,54549.973,54556.122,54561.183,54565.163,54568.067,54569.900,54570.661,54570.349,54568.960,54566.488,54562.924,54558.257,54552.472,54545.553,54537.480,54528.230,54517.777,54506.093,54493.143,54478.891,54463.297,54446.315,54427.895,54407.981,54386.513,54363.424,54338.641,54312.082,54283.660,54253.276,54220.823,54186.184,54149.228,54109.811,54067.777,54022.947,53975.130,53924.108,53869.642,53811.464,53749.274,53682.736,53611.471,53535.053,53453.000,53364.760,53269.710,53167.130,53056.196,52935.956,52805.303,52662.951,52507.391,52336.848,52149.227,51942.039,51712.327,51456.561,51170.534,50849.242,50486.776,50076.264,49609.905,49079.225,48475.683,47791.811,47022.989,46169.612,45238.844,44244.491,43204.252,42136.315,41056.910,39979.156,38912.904,37865.098,36840.334,35841.430,34869.905,33926.369,33010.810,32122.802,31261.657,30426.529,29616.485,28830.554,28067.761,27327.145,26607.777,25908.763,25229.249,24568.426,23925.528,23299.831,22690.650,22097.342,21519.296,20955.940,20406.730,19871.153,19348.725,18838.986,18341.501,17855.855,17381.657,16918.531,16466.121,16024.087,15592.103,15169.857,14757.053,14353.403,13958.632,13572.476,13194.680,12824.997,12463.192,12109.033,11762.299,11422.775,11090.250,10764.523,10445.396,10132.676,9826.176,9525.714,9231.112,8942.194,8658.790,8380.733,8107.860,7840.010,7577.025,7318.750,7065.034,6815.726,6570.679,6329.747,6092.788,5859.661,5630.224,5404.341,5181.876,4962.693,4746.659,4533.643,4323.514,4116.141,3911.397,3709.155,3509.287,3311.668,3116.173,2922.679,2731.062,2541.201,2352.971,2166.254,1980.927,1796.871,1613.966,1432.092,1251.130,1070.962,891.469,712.533,534.035,355.859,177.887,0.000
0.000,5485.191,10826.971,15885.376,20535.653,24690.689,28321.175,31447.858,34121.091,36402.412,38352.903,40027.502,41473.087,42728.542,43825.654,44790.249,45643.293,46401.846,47079.845,47688.739,48237.989,48735.458,49187.726,49600.330,49977.958,50324.600,50643.675,50938.121,51210.481,51462.963,51697.496,51915.767,52119.262,52309.293,52487.023,52653.485,52809.601,52956.195,53094.008,53223.705,53345.887,53461.097,53569.826,53672.523,53769.594,53861.409,53948.309,54030.603,54108.577,54182.492,54252.589,54319.089,54382.197,54442.102,54498.979,54552.989,54604.284,54653.001,54699.271,54743.214,54784.942,54824.559,54862.161,54897.839,54931.679,54963.757,54994.149,55022.921,55050.138,55075.860,55100.142,55123.035,55144.589,55164.847,55183.851,55201.640,55218.249,55233.712,55248.059,55261.317,55273.513,55284.669,55294.806,55303.944,55312.098,55319.284,55325.513,55330.797,55335.144,55338.560,55341.050,55342.618,55343.262,55342.982,55341.775,55339.635,55336.554,55332.522,55327.527,55321.554,55314.587,55306.605,55297.585,55287.502,55276.328,55264.030,55250.573,55235.917,55220.018,55202.828,55184.294,55164.358,55142.955,55120.015,55095.460,55069.204,55041.154,55011.205,54979.243,54945.143,54908.763,54869.950,54828.531,54784.316,54737.091,54686.618,54632.628,54574.823,54512.862,54446.362,54374.886,54297.937,54214.943,54125.248,54028.092,53922.593,53807.716,53682.250,53544.757,53393.529,53226.519,53041.261,52834.764,52603.383,52342.655,52047.103,51710.015,51323.222,50876.936,50359.785,49759.309,49063.285,48262.357,47354.062,46347.005,45261.648,44124.237,42960.282,41790.858,40631.591,39493.141,38382.229,37302.701,36256.410,35243.886,34264.816,33318.365,32403.400,31518.633,30662.715,29834.291,29032.039,28254.690,27501.040,26769.952,26060.359,25371.262,24701.729,24050.887,23417.922,22802.073,22202.629,21618.924,21050.333,20496.270,19956.186,19429.560,18915.905,18414.759,17925.686,17448.272,16982.125,16526.871,16082.157,15647.643,15223.007,14807.940,14402.145,14005.340,13617.252,13237.618,12866.187,12502.714,12146.966,11798.714,11457.738,11123.825,10796.769,10476.368,10162.427,9854.755,9553.167,9257.481,8967.522,8683.115,8404.092,8130.286,7861.537,7597.682,7338.568,7084.040,6833.946,6588.137,6346.468,6108.793,5874.970,5644.858,5418.319,5195.214,4975.410,4758.770,4545.162,4334.456,4126.519,3921.224,3718.441,3518.045,3319.907,3123.904,2929.911,2737.803,2547.458,2358.752,2171.565,1985.775,1801.261,1617.903,1435.580,1254.174,1073.565,893.633,714.261,535.330,356.722,178.318,0.000
0.000,6252.833,12327.967,18040.240,23209.266,27705.638,31508.530,34677.458,37306.154,39491.563,41319.590,42861.044,44172.292,45297.537,46271.299,47120.603,47866.724,48526.542,49113.564,49638.690,50110.798,50537.174,50923.850,51275.857,51597.418,51892.107,52162.964,52412.591,52643.226,52856.808,53055.022,53239.338,53411.046,53571.284,53721.054,53861.249,53992.662,54116.001,54231.900,54340.930,54443.603,54540.384,54631.693,54717.908,54799.379,54876.419,54949.316,55018.335,55083.717,55145.682,55204.436,55260.166,55313.044,55363.231,55410.874,55456.110,55499.066,55539.859,55578.598,55615.385,55650.314,55683.472,55714.941,55744.798,55773.114,55799.954,55825.381,55849.451,55872.219,55893.735,55914.044,55933.191,55951.216,55968.157,55984.049,55998.923,56012.811,56025.739,56037.734,56048.817,56059.011,56068.336,56076.809,56084.445,56091.259,56097.263,56102.466,56106.879,56110.508,56113.358,56115.434,56116.737,56117.268,56117.027,56116.009,56114.211,56111.624,56108.242,56104.054,56099.047,56093.207,56086.517,56078.958,56070.508,56061.143,56050.837,56039.558,56027.273,56013.946,55999.535,55983.995,55967.278,55949.328,55930.086,55909.486,55887.455,55863.912,55838.770,55811.932,55783.289,55752.722,55720.099,55685.274,55648.081,55608.338,55565.839,55520.355,55471.626,55419.356,55363.215,55302.819,55237.735,55167.460,55091.416,55008.928,54919.209,54821.331,54714.194,54596.487,54466.631,54322.711,54162.387,53982.767,53780.252,53550.319,53287.243,52983.730,52630.477,52215.670,51724.556,51139.422,50440.661,49610.166,48638.430,47534.712,46332.200,45072.212,43791.261,42516.291,41264.948,40047.669,38869.894,37733.830,36639.700,35586.566,34572.864,33596.719,32656.146,31749.165,30873.864,30028.431,29211.173,28420.517,27655.008,26913.302,26194.162,25496.446,24819.101,24161.153,23521.703,22899.916,22295.020,21706.293,21133.065,20574.710,20030.642,19500.312,18983.205,18478.836,17986.747,17506.505,17037.704,16579.953,16132.888,15696.156,15269.424,14852.374,14444.702,14046.117,13656.338,13275.097,12902.136,12537.206,12180.068,11830.489,11488.246,11153.122,10824.905,10503.393,10188.385,9879.690,9577.119,9280.489,8989.621,8704.338,8424.472,8149.854,7880.319,7615.708,7355.861,7100.624,6849.844,6603.372,6361.059,6122.759,5888.330,5657.629,5430.518,5206.856,4986.508,4769.340,4555.217,4344.006,4135.577,3929.801,3726.548,3525.690,3327.101,3130.654,2936.224,2743.688,2552.920,2363.799,2176.202,1990.008,1805.094,1621.340,1438.626,1256.832,1075.837,895.523,715.771,536.461,357.475,178.694,0.000
0.000,7198.185,14191.838,20738.372,26555.561,31414.102,35329.887,38447.336,40934.555,42938.154,44572.912,45924.859,47057.577,48018.095,48841.491,49554.232,50176.555,50724.138,51209.287,51641.776,52029.460,52378.717,52694.777,52981.966,53243.895,53483.596,53703.638,53906.211,54093.190,54266.193,54426.622,54575.697,54714.488,54843.932,54964.857,55077.997,55184.004,55283.457,55376.878,55464.732,55547.438,55625.376,55698.886,55768.280,55833.839,55895.819,55954.456,56009.962,56062.534,56112.351,56159.579,56204.369,56246.862,56287.187,56325.464,56361.803,56396.307,56429.069,56460.180,56489.720,56517.765,56544.387,56569.652,56593.620,56616.349,56637.892,56658.299,56677.617,56695.889,56713.154,56729.451,56744.815,56759.277,56772.869,56785.618,56797.551,56808.692,56819.062,56828.683,56837.573,56845.749,56853.228,56860.022,56866.146,56871.609,56876.422,56880.593,56884.130,56887.037,56889.320,56890.981,56892.022,56892.444,56892.245,56891.422,56889.974,56887.892,56885.172,56881.805,56877.779,56873.085,56867.708,56861.632,56854.841,56847.315,56839.031,56829.965,56820.090,56809.377,56797.792,56785.298,56771.855,56757.420,56741.944,56725.373,56707.647,56688.703,56668.467,56646.861,56623.797,56599.178,56572.895,56544.828,56514.843,56482.790,56448.500,56411.784,56372.427,56330.186,56284.786,56235.911,56183.197,56126.225,56064.511,55997.485,55924.479,55844.705,55757.218,55660.883,55554.322,55435.846,55303.357,55154.227,54985.116,54791.722,54568.434,54307.825,53999.957,53631.415,53184.095,52633.961,51950.635,51100.156,50055.810,48822.348,47461.473,46042.506,44617.732,43219.676,41865.923,40564.476,39317.725,38124.990,36984.037,35891.939,34845.551,33841.764,32877.627,31950.403,31057.584,30196.888,29366.245,28563.780,27787.794,27036.746,26309.235,25603.984,24919.828,24255.699,23610.620,22983.690,22374.078,21781.014,21203.787,20641.735,20094.240,19560.727,19040.655,18533.520,18038.845,17556.181,17085.107,16625.221,16176.144,15737.516,15308.993,14890.251,14480.976,14080.870,13689.649,13307.037,12932.771,12566.599,12208.276,11857.568,11514.245,11178.087,10848.883,10526.423,10210.508,9900.941,9597.534,9300.099,9008.456,8722.429,8441.845,8166.534,7896.332,7631.075,7370.605,7114.765,6863.401,6616.363,6373.502,6134.670,5899.725,5668.523,5440.923,5216.786,4995.977,4778.357,4563.794,4352.155,4143.307,3937.120,3733.466,3532.215,3333.239,3136.414,2941.612,2748.710,2557.583,2368.107,2180.161,1993.621,1808.366,1624.275,1441.227,1259.101,1077.778,897.137,717.060,537.426,358.118,179.016,0.000
0.000,8348.075,16502.842,24165.868,30860.525,36065.347,39949.611,42847.480,45046.617,46753.629,48109.095,49207.958,50115.118,50875.840,51522.405,52078.351,52561.202,52984.250,53357.754,53689.756,53986.643,54253.556,54494.677,54713.444,54912.709,55094.859,55261.902,55415.549,55557.258,55688.284,55809.711,55922.482,56027.421,56125.247,56216.598,56302.036,56382.059,56457.112,56527.591,56593.854,56656.218,56714.973,56770.380,56822.673,56872.068,56918.759,56962.923,57004.724,57044.310,57081.816,57117.370,57151.084,57183.066,57213.413,57242.216,57269.558,57295.517,57320.165,57343.568,57365.788,57386.882,57406.905,57425.905,57443.929,57461.021,57477.220,57492.565,57507.089,57520.827,57533.807,57546.058,57557.608,57568.480,57578.697,57588.280,57597.249,57605.622,57613.417,57620.647,57627.328,57633.473,57639.093,57644.198,57648.799,57652.904,57656.520,57659.653,57662.310,57664.492,57666.206,57667.452,57668.232,57668.546,57668.394,57667.773,57666.680,57665.112,57663.063,57660.528,57657.498,57653.964,57649.916,57645.343,57640.232,57634.567,57628.331,57621.507,57614.073,57606.008,57597.285,57587.879,57577.756,57566.886,57555.230,57542.749,57529.395,57515.122,57499.873,57483.589,57466.203,57447.641,57427.820,57406.648,57384.023,57359.830,57333.940,57306.208,57276.469,57244.536,57210.197,57173.207,57133.285,57090.107,57043.294,56992.401,56936.905,56876.183,56809.486,56735.908,56654.341,56563.412,56461.398,56346.109,56214.715,56063.488,55887.430,55679.686,55430.643,55126.499,54747.047,54262.345,53628.473,52784.808,51663.201,50238.413,48649.980,47019.882,45418.884,43880.277,42416.226,41028.325,39713.377,38466.299,37281.538,36153.700,35077.811,34049.403,33064.505,32119.607,31211.608,30337.770,29495.665,28683.136,27898.257,27139.306,26404.734,25693.145,25003.273,24333.968,23684.184,23052.961,22439.418,21842.745,21262.193,20697.071,20146.733,19610.580,19088.054,18578.629,18081.814,17597.149,17124.196,16662.546,16211.809,15771.616,15341.617,14921.478,14510.881,14109.523,13717.112,13333.371,12958.031,12590.836,12231.538,11879.898,11535.686,11198.679,10868.660,10545.421,10228.758,9918.475,9614.378,9316.281,9024.001,8737.361,8456.185,8180.305,7909.552,7643.763,7382.780,7126.443,6874.598,6627.094,6383.781,6144.511,5909.140,5677.524,5449.522,5224.994,5003.803,4785.812,4570.886,4358.892,4149.698,3943.173,3739.187,3537.610,3338.317,3141.179,2946.070,2752.865,2561.441,2371.672,2183.436,1996.611,1811.074,1626.703,1443.379,1260.979,1079.383,898.473,718.126,538.225,358.650,179.281,0.000
0.000,9691.280,19305.597,28561.743,36655.342,42037.168,45555.754,47946.382,49650.833,50920.681,51901.918,52682.798,53319.140,53847.785,54293.985,54675.618,55005.706,55293.963,55547.787,55772.915,55973.867,56154.257,56317.005,56464.501,56598.721,56721.309,56833.650,56936.915,57032.102,57120.069,57201.555,57277.202,57347.568,57413.145,57474.362,57531.601,57585.199,57635.457,57682.642,57726.996,57768.733,57808.049,57845.118,57880.099,57913.137,57944.363,57973.896,58001.845,58028.311,58053.384,58077.149,58099.684,58121.059,58141.340,58160.588,58178.858,58196.203,58212.671,58228.307,58243.151,58257.243,58270.618,58283.310,58295.350,58306.766,58317.586,58327.834,58337.534,58346.708,58355.377,58363.559,58371.271,58378.531,58385.353,58391.753,58397.742,58403.332,58408.536,58413.364,58417.825,58421.927,58425.679,58429.087,58432.159,58434.899,58437.313,58439.404,58441.176,58442.633,58443.776,58444.607,58445.127,58445.335,58445.232,58444.816,58444.085,58443.036,58441.666,58439.971,58437.946,58435.584,58432.878,58429.822,58426.405,58422.619,58418.451,58413.890,58408.921,58403.529,58397.699,58391.410,58384.643,58377.375,58369.581,58361.234,58352.304,58342.757,58332.557,58321.663,58310.030,58297.608,58284.342,58270.169,58255.020,58238.818,58221.475,58202.893,58182.960,58161.550,58138.517,58113.696,58086.895,58057.892,58026.426,57992.194,57954.834,57913.916,57868.919,57819.212,57764.017,57702.362,57633.021,57554.413,57464.470,57360.421,57238.461,57093.213,56916.813,56697.303,56415.691,56040.385,55516.648,54748.027,53574.513,51819.009,49881.190,47969.350,46158.977,44467.790,42891.965,41420.926,40042.964,38747.197,37524.111,36365.587,35264.746,34215.760,33213.678,32254.266,31333.886,30449.387,29598.028,28777.404,27985.397,27220.130,26479.930,25763.300,25068.890,24395.484,23741.976,23107.360,22490.715,21891.196,21308.027,20740.487,20187.914,19649.687,19125.232,18614.010,18115.517,17629.281,17154.857,16691.824,16239.786,15798.368,15367.212,14945.980,14534.348,14132.010,13738.669,13354.044,12977.864,12609.868,12249.807,11897.439,11552.531,11214.858,10884.203,10560.354,10243.106,9932.261,9627.625,9329.010,9036.231,8749.110,8467.472,8191.144,7919.960,7653.755,7392.369,7135.643,6883.421,6635.551,6391.883,6152.270,5916.564,5684.623,5456.305,5231.469,5009.978,4791.694,4576.483,4364.211,4154.744,3947.952,3743.704,3541.872,3342.327,3144.943,2949.592,2756.149,2564.489,2374.489,2186.025,1998.974,1813.214,1628.623,1445.080,1262.464,1080.653,899.529,718.970,538.857,359.071,179.492,0.000
0.000,11111.451,22466.529,34120.174,45161.939,49872.243,52289.867,53731.478,54689.667,55376.365,55895.118,56302.198,56630.883,56902.205,57130.160,57324.461,57492.075,57638.144,57766.552,57880.287,57981.696,58072.642,58154.628,58228.881,58296.411,58358.057,58414.525,58466.411,58514.222,58558.392,58599.297,58637.262,58672.569,58705.465,58736.170,58764.874,58791.749,58816.945,58840.598,58862.829,58883.746,58903.448,58922.022,58939.548,58956.100,58971.743,58986.537,59000.536,59013.792,59026.349,59038.251,59049.536,59060.240,59070.395,59080.033,59089.181,59097.865,59106.110,59113.938,59121.370,59128.425,59135.121,59141.474,59147.501,59153.216,59158.632,59163.761,59168.617,59173.209,59177.548,59181.643,59185.503,59189.137,59192.551,59195.754,59198.751,59201.549,59204.154,59206.570,59208.802,59210.855,59212.733,59214.438,59215.976,59217.347,59218.554,59219.601,59220.488,59221.216,59221.788,59222.204,59222.464,59222.567,59222.516,59222.307,59221.940,59221.415,59220.729,59219.880,59218.866,59217.683,59216.328,59214.798,59213.087,59211.191,59209.104,59206.820,59204.331,59201.631,59198.711,59195.561,59192.172,59188.532,59184.628,59180.447,59175.973,59171.191,59166.080,59160.622,59154.793,59148.567,59141.919,59134.815,59127.220,59119.097,59110.401,59101.081,59091.083,59080.341,59068.782,59056.323,59042.866,59028.298,59012.487,58995.278,58976.488,58955.896,58933.234,58908.179,58880.330,58849.182,58814.096,58774.244,58728.529,58675.469,58612.993,58538.115,58446.327,58330.462,58178.304,57967.160,57650.061,57116.568,56068.365,53582.667,51087.362,48818.467,46781.163,44941.363,43264.470,41722.121,40292.139,38957.295,37704.098,36521.854,35401.965,34337.428,33322.463,32352.241,31422.687,30530.325,29672.164,28845.611,28048.396,27278.526,26534.231,25813.940,25116.240,24439.863,23783.662,23146.594,22527.710,21926.139,21341.082,20771.802,20217.618,19677.899,19152.057,18639.543,18139.844,17652.479,17176.997,16712.971,16259.999,15817.700,15385.714,14963.697,14551.323,14148.281,13754.272,13369.013,12992.229,12623.658,12263.048,11910.157,11564.749,11226.598,10895.485,10571.197,10253.529,9942.279,9637.255,9338.266,9045.128,8757.661,8475.688,8199.038,7927.543,7661.038,7399.360,7142.352,6889.857,6641.723,6397.799,6157.935,5921.988,5689.811,5461.263,5236.204,5014.495,4795.999,4580.580,4368.104,4158.439,3951.453,3747.015,3544.995,3345.267,3147.703,2952.174,2758.557,2566.726,2376.556,2187.925,2000.709,1814.786,1630.033,1446.329,1263.553,1081.585,900.304,719.589,539.321,359.380,179.646,0.000
0.000,12287.997,25328.898,40290.490,60000.000,60000.000,60000.000,60000.000,60000.000,60000.000,60000.000,60000.000,60000.000,60000.000,60000.000,60000.000,60000.000,60000.000,60000.000,60000.000,60000.000,60000.000,60000.000,60000.000,60000.000,60000.000,60000.000,60000.000,60000.000,60000.000,60000.000,60000.000,60000.000,60000.000,60000.000,60000.000,60000.000,60000.000,60000.000,60000.000,60000.000,60000.000,60000.000,60000.000,60000.000,60000.000,60000.000,60000.000,60000.000,60000.000,60000.000,60000.000,60000.000,60000.000,60000.000,60000.000,60000.000,60000.000,60000.000,60000.000,60000.000,60000.000,60000.000,60000.000,60000.000,60000.000,60000.000,60000.000,60000.000,60000.000,60000.000,60000.000,60000.000,60000.000,60000.000,60000.000,60000.000,60000.000,60000.000,60000.000,60000.000,60000.000,60000.000,60000.000,60000.000,60000.000,60000.000,60000.000,60000.000,60000.000,60000.000,60000.000,60000.000,60000.000,60000.000,60000.000,60000.000,60000.000,60000.000,60000.000,60000.000,60000.000,60000.000,60000.000,60000.000,60000.000,60000.000,60000.000,60000.000,60000.000,60000.000,60000.000,60000.000,60000.000,60000.000,60000.000,60000.000,60000.000,60000.000,60000.000,60000.000,60000.000,60000.000,60000.000,60000.000,60000.000,60000.000,60000.000,60000.000,60000.000,60000.000,60000.000,60000.000,60000.000,60000.000,60000.000,60000.000,60000.000,60000.000,60000.000,60000.000,60000.000,60000.000,60000.000,60000.000,60000.000,60000.000,60000.000,60000.000,60000.000,60000.000,60000.000,60000.000,60000.000,55356.544,52067.976,49437.054,47207.078,45253.417,43503.960,41912.599,40447.940,39087.614,37815.096,36617.815,35485.964,34411.731,33388.780,32411.889,31476.696,30579.516,29717.199,28887.030,28086.646,27313.979,26567.201,25844.690,25144.999,24466.826,23808.997,23170.450,22550.214,21947.405,21361.210,20790.881,20235.728,19695.110,19168.432,18655.140,18154.715,17666.671,17190.551,16725.928,16272.393,15829.564,15397.078,14974.588,14561.766,14158.299,13763.888,13378.245,13001.096,12632.177,12271.236,11918.028,11572.318,11233.877,10902.486,10577.932,10260.008,9948.513,9643.252,9344.036,9050.679,8763.000,8480.823,8203.976,7932.290,7665.600,7403.744,7146.563,6893.900,6645.602,6401.519,6161.502,5925.404,5693.081,5464.391,5239.193,5017.348,4798.720,4583.171,4370.569,4160.779,3953.671,3749.113,3546.977,3347.133,3149.455,2953.814,2760.087,2568.147,2377.871,2189.133,2001.813,1815.786,1630.930,1447.125,1264.248,1082.180,900.798,719.984,539.617,359.577,179.745,0.000
0.000,12711.642,26270.579,41712.888,60000.000,60000.000,60000.000,60000.000,60000.000,60000.000,60000.000,60000.000,60000.000,60000.000,60000.000,60000.000,60000.000,60000.000,60000.000,60000.000,60000.000,60000.000,60000.000,60000.000,60000.000,60000.000,60000.000,60000.000,60000.000,60000.000,60000.000,60000.000,60000.000,60000.000,60000.000,60000.000,60000.000,60000.000,60000.000,60000.000,60000.000,60000.000,60000.000,60000.000,60000.000,60000.000,60000.000,60000.000,60000.000,60000.000,60000.000,60000.000,60000.000,60000.000,60000.000,60000.000,60000.000,60000.000,60000.000,60000.000,60000.000,60000.000,60000.000,60000.000,60000.000,60000.000,60000.000,60000.000,60000.000,60000.000,60000.000,60000.000,60000.000,60000.000,60000.000,60000.000,60000.000,60000.000,60000.000,60000.000,60000.000,60000.000,60000.000,60000.000,60000.000,60000.000,60000.000,60000.000,60000.000,60000.000,60000.000,60000.000,60000.000,60000.000,60000.000,60000.000,60000.000,60000.000,60000.000,60000.000,60000.000,60000.000,60000.000,60000.000,60000.000,60000.000,60000.000,60000.000,60000.000,60000.000,60000.000,60000.000,60000.000,60000.000,60000.000,60000.000,60000.000,60000.000,60000.000,60000.000,60000.000,60000.000,60000.000,60000.000,60000.000,60000.000,60000.000,60000.000,60000.000,60000.000,60000.000,60000.000,60000.000,60000.000,60000.000,60000.000,60000.000,60000.000,60000.000,60000.000,60000.000,60000.000,60000.000,60000.000,60000.000,60000.000,60000.000,60000.000,60000.000,60000.000,60000.000,60000.000,60000.000,60000.000,55776.076,52391.756,49655.725,47357.891,45362.639,43586.867,41978.016,40501.165,39131.984,37852.813,36650.390,35514.471,34436.954,33411.308,32432.173,31495.088,30596.295,29732.588,28901.213,28099.773,27326.174,26578.570,25855.323,25154.971,24476.202,23817.834,23178.796,22558.112,21954.893,21368.321,20797.645,20242.170,19701.254,19174.299,18660.748,18160.082,17671.812,17195.481,16730.657,16276.934,15833.928,15401.274,14978.625,14565.653,14162.042,13767.494,13381.721,13004.448,12635.411,12274.356,11921.039,11575.224,11236.683,10905.195,10580.548,10262.534,9950.952,9645.608,9346.310,9052.875,8765.120,8482.869,8205.950,7934.195,7667.437,7405.515,7148.269,6895.543,6647.184,6403.041,6162.965,5926.810,5694.430,5465.685,5240.433,5018.535,4799.854,4584.254,4371.601,4161.761,3954.604,3749.998,3547.813,3347.923,3150.197,2954.511,2760.738,2568.753,2378.431,2189.649,2002.284,1816.214,1631.315,1447.466,1264.546,1082.435,901.010,720.154,539.744,359.662,179.787,0.000
0.000,12287.993,25328.891,40290.482,60000.000,60000.000,60000.000,60000.000,60000.000,60000.000,60000.000,60000.000,60000.000,60000.000,60000.000,60000.000,60000.000,60000.000,60000.000,60000.000,60000.000,60000.000,60000.000,60000.000,60000.000,60000.000,60000.000,60000.000,60000.000,60000.000,60000.000,60000.000,60000.000,60000.000,60000.000,60000.000,60000.000,60000.000,60000.000,60000.000,60000.000,60000.000,60000.000,60000.000,60000.000,60000.000,60000.000,60000.000,60000.000,60000.000,60000.000,60000.000,60000.000,60000.000,60000.000,60000.000,60000.000,60000.000,60000.000,60000.000,60000.000,60000.000,60000.000,60000.000,60000.000,60000.000,60000.000,60000.000,60000.000,60000.000,60000.000,60000.000,60000.000,60000.000,60000.000,60000.000,60000.000,60000.000,60000.000,60000.000,60000.000,60000.000,60000.000,60000.000,60000.000,60000.000,60000.000,60000.000,60000.000,60000.000,60000.000,60000.000,60000.000,60000.000,60000.000,60000.000,60000.000,60000.000,60000.000,60000.000,60000.000,60000.000,60000.000,60000.000,60000.000,60000.000,60000.000,60000.000,60000.000,60000.000,60000.000,60000.000,60000.000,60000.000,60000.000,60000.000,60000.000,60000.000,60000.000,60000.000,60000.000,60000.000,60000.000,60000.000,60000.000,60000.000,60000.000,60000.000,60000.000,60000.000,60000.000,60000.000,60000.000,60000.000,60000.000,60000.000,60000.000,60000.000,60000.000,60000.000,60000.000,60000.000,60000.000,60000.000,60000.000,60000.000,60000.000,60000.000,60000.000,60000.000,60000.000,60000.000,60000.000,60000.000,55356.554,52068.063,49437.229,47207.337,45253.754,43504.369,41913.074,40448.475,39088.205,37815.739,36618.506,35486.700,34412.509,33389.597,32412.743,31477.584,30580.436,29718.149,28888.007,28087.650,27315.006,26568.251,25845.761,25146.089,24467.934,23810.122,23171.588,22551.366,21948.569,21362.385,20792.066,20236.921,19696.310,19169.638,18656.351,18155.930,17667.888,17191.771,16727.147,16273.613,15830.783,15398.294,14975.801,14562.975,14159.503,13765.085,13379.436,13002.279,12633.353,12272.403,11919.184,11573.463,11235.011,10903.608,10579.041,10261.103,9949.594,9644.318,9345.086,9051.713,8764.018,8481.824,8204.959,7933.254,7666.546,7404.670,7147.468,6894.785,6646.467,6402.362,6162.323,5926.203,5693.857,5465.144,5239.922,5018.053,4799.400,4583.827,4371.200,4161.385,3954.251,3749.668,3547.505,3347.635,3149.930,2954.263,2760.509,2568.542,2378.237,2189.473,2002.124,1816.070,1631.186,1447.352,1264.448,1082.350,900.941,720.098,539.703,359.634,179.773,0.000
0.000,11111.443,22466.513,34120.151,45161.912,49872.210,52289.829,53731.433,54689.616,55376.307,55895.054,56302.128,56630.807,56902.122,57130.071,57324.365,57491.973,57638.037,57766.437,57880.167,57981.569,58072.509,58154.490,58228.737,58296.260,58357.901,58414.363,58466.244,58514.048,58558.213,58599.113,58637.071,58672.373,58705.264,58735.963,58764.662,58791.531,58816.722,58840.370,58862.596,58883.508,58903.205,58921.774,58939.296,58955.843,58971.481,58986.270,59000.265,59013.516,59026.069,59037.967,59049.247,59059.947,59070.098,59079.732,59088.877,59097.557,59105.798,59113.623,59121.051,59128.102,59134.794,59141.145,59147.168,59152.880,59158.293,59163.420,59168.272,59172.862,59177.198,59181.290,59185.148,59188.780,59192.192,59195.392,59198.388,59201.184,59203.786,59206.201,59208.431,59210.482,59212.359,59214.063,59215.599,59216.968,59218.175,59219.220,59220.106,59220.834,59221.405,59221.820,59222.079,59222.183,59222.130,59221.921,59221.555,59221.029,59220.343,59219.494,59218.480,59217.298,59215.943,59214.413,59212.703,59210.807,59208.721,59206.437,59203.950,59201.251,59198.332,59195.183,59191.795,59188.156,59184.254,59180.074,59175.602,59170.821,59165.712,59160.256,59154.429,59148.206,59141.559,59134.457,59126.865,59118.744,59110.050,59100.734,59090.738,59079.999,59068.443,59055.987,59042.533,59027.968,59012.161,58994.956,58976.169,58955.581,58932.924,58907.873,58880.028,58848.885,58813.805,58773.958,58728.249,58675.196,58612.727,58537.856,58446.078,58330.224,58178.079,57966.952,57649.875,57116.418,56068.278,53582.722,51087.583,48818.857,46781.713,44942.063,43265.308,41723.086,40293.223,38958.488,37705.394,36523.244,35403.444,34338.990,33324.103,32353.954,31424.467,30532.169,29674.067,28847.569,28050.406,27280.583,26536.334,25816.083,25118.422,24442.080,23785.911,23148.873,22530.015,21928.468,21343.433,20774.172,20220.005,19680.300,19154.470,18641.966,18142.274,17654.915,17179.436,16715.411,16262.439,15820.137,15388.146,14966.123,14553.741,14150.688,13756.668,13371.394,12994.595,12626.008,12265.380,11912.469,11567.039,11228.866,10897.728,10573.414,10255.719,9944.441,9639.387,9340.367,9047.197,8759.696,8477.689,8201.004,7929.471,7662.928,7401.212,7144.163,6891.627,6643.451,6399.484,6159.577,5923.584,5691.362,5462.768,5237.662,5015.905,4797.360,4581.892,4369.366,4159.651,3952.614,3748.124,3546.053,3346.271,3148.653,2953.071,2759.400,2567.514,2377.290,2188.604,2001.332,1815.353,1630.544,1446.784,1263.952,1081.927,900.589,719.817,539.492,359.494,179.703,0.000
0.000,9691.267,19305.572,28561.707,36655.294,42037.110,45555.685,47946.302,49650.741,50920.578,51901.803,52682.671,53319.003,53847.637,54293.825,54675.447,55005.524,55293.769,55547.582,55772.699,55973.640,56154.019,56316.756,56464.242,56598.451,56721.029,56833.360,56936.614,57031.791,57119.748,57201.224,57276.860,57347.217,57412.783,57473.991,57531.220,57584.809,57635.057,57682.234,57726.578,57768.307,57807.613,57844.673,57879.646,57912.675,57943.893,57973.417,58001.359,58027.816,58052.882,58076.640,58099.167,58120.534,58140.808,58160.049,58178.313,58195.651,58212.112,58227.741,58242.579,58256.665,58270.035,58282.721,58294.755,58306.165,58316.980,58327.223,58336.919,58346.088,58354.752,58362.929,58370.638,58377.893,58384.712,58391.107,58397.092,58402.680,58407.881,58412.705,58417.163,58421.263,58425.012,58428.418,58431.488,58434.225,58436.637,58438.727,58440.498,58441.953,58443.095,58443.925,58444.444,58444.652,58444.548,58444.132,58443.401,58442.353,58440.983,58439.289,58437.263,58434.903,58432.198,58429.143,58425.728,58421.943,58417.777,58413.217,58408.251,58402.861,58397.033,58390.747,58383.983,58376.717,58368.927,58360.583,58351.657,58342.113,58331.917,58321.028,58309.399,58296.982,58283.720,58269.552,58254.408,58238.211,58220.874,58202.298,58182.371,58160.967,58137.942,58113.127,58086.334,58057.338,58025.880,57991.657,57954.306,57913.397,57868.410,57818.714,57763.530,57701.888,57632.559,57553.965,57464.038,57360.005,57238.064,57092.838,56916.463,56696.983,56415.408,56040.148,55516.473,54747.940,53574.556,51819.243,49881.645,47970.030,46159.877,44468.899,42893.269,41422.413,40044.622,38749.014,37526.077,36367.693,35266.982,34218.118,33216.151,32256.846,31336.566,30452.161,29600.890,28780.348,27988.418,27223.222,26483.089,25766.520,25072.167,24398.813,23745.353,23110.781,22494.176,21894.693,21311.555,20744.045,20191.495,19653.290,19128.853,18617.645,18119.164,17632.936,17158.516,16695.484,16243.445,15802.023,15370.860,14949.618,14537.975,14135.621,13742.262,13357.617,12981.414,12613.393,12253.304,11900.906,11555.966,11218.259,10887.567,10563.679,10246.391,9935.503,9630.823,9332.161,9039.334,8752.163,8470.472,8194.091,7922.852,7656.590,7395.145,7138.358,6886.075,6638.142,6394.410,6154.731,5918.958,5686.949,5458.561,5233.655,5012.092,4793.736,4578.451,4366.104,4156.561,3949.693,3745.368,3543.457,3343.833,3146.369,2950.937,2757.413,2565.672,2375.590,2187.043,1999.909,1814.065,1629.390,1445.763,1263.061,1081.166,899.956,719.312,539.114,359.242,179.577,0.000
0.000,8348.059,16502.811,24165.821,30860.464,36065.270,39949.519,42847.373,45046.495,46753.491,48108.943,49207.790,50114.935,50875.642,51522.192,52078.124,52560.959,52983.992,53357.482,53689.469,53986.341,54253.240,54494.347,54713.100,54912.351,55094.486,55261.517,55415.149,55556.845,55687.857,55809.270,55922.028,56026.953,56124.767,56216.105,56301.530,56381.540,56456.581,56527.048,56593.298,56655.651,56714.395,56769.789,56822.072,56871.455,56918.134,56962.288,57004.078,57043.653,57081.150,57116.693,57150.397,57182.369,57212.707,57241.501,57268.834,57294.785,57319.423,57342.818,57365.030,57386.116,57406.131,57425.124,57443.141,57460.226,57476.418,57491.756,57506.274,57520.005,57532.980,57545.226,57556.770,57567.637,57577.848,57587.427,57596.392,57604.761,57612.551,57619.778,57626.456,57632.597,57638.214,57643.317,57647.915,57652.018,57655.632,57658.763,57661.418,57663.600,57665.312,57666.557,57667.337,57667.651,57667.498,57666.877,57665.786,57664.218,57662.171,57659.636,57656.608,57653.076,57649.030,57644.459,57639.350,57633.688,57627.455,57620.634,57613.205,57605.143,57596.425,57587.022,57576.905,57566.040,57554.389,57541.913,57528.566,57514.298,57499.056,57482.779,57465.401,57446.845,57427.032,57405.868,57383.252,57359.068,57333.187,57305.465,57275.736,57243.814,57209.486,57172.507,57132.598,57089.433,57042.634,56991.755,56936.275,56875.568,56808.888,56735.329,56653.782,56562.874,56460.883,56345.620,56214.253,56063.057,55887.034,55679.330,55430.332,55126.243,54746.857,54262.237,53628.470,52784.941,51663.513,50238.951,48650.772,47020.940,45420.205,43881.854,42418.046,41030.376,39715.644,38468.771,37284.202,36156.543,35080.824,34052.575,33067.826,32123.068,31215.201,30341.486,29499.496,28687.075,27902.297,27143.440,26408.955,25697.447,25007.649,24338.414,23688.693,23057.528,22444.037,21847.411,21266.902,20701.817,20151.512,19615.387,19092.883,18583.477,18086.678,17602.022,17129.076,16667.427,16216.688,15776.490,15346.481,14926.329,14515.715,14114.337,13721.902,13338.134,12962.763,12595.535,12236.200,11884.520,11540.265,11203.211,10873.144,10549.853,10233.136,9922.796,9618.639,9320.481,9028.136,8741.429,8460.184,8184.231,7913.405,7647.541,7386.479,7130.062,6878.135,6630.547,6387.148,6147.791,5912.331,5680.624,5452.529,5227.907,5006.620,4788.532,4573.508,4361.414,4152.120,3945.492,3741.402,3539.722,3340.323,3143.078,2947.862,2754.550,2563.016,2373.139,2184.792,1997.856,1812.208,1627.726,1444.288,1261.775,1080.067,899.042,718.582,538.568,358.878,179.395,0.000
0.000,7198.167,14191.803,20738.319,26555.490,31414.012,35329.780,38447.212,40934.413,42937.994,44572.735,45924.664,47057.364,48017.865,48841.244,49553.967,50176.273,50723.839,51208.970,51641.442,52029.109,52378.350,52694.393,52981.566,53243.478,53483.162,53703.189,53905.746,54092.709,54265.695,54426.108,54575.169,54713.944,54843.373,54964.283,55077.409,55183.401,55282.840,55376.246,55464.086,55546.779,55624.703,55698.200,55767.580,55833.126,55895.094,55953.718,56009.212,56061.771,56111.577,56158.793,56203.572,56246.054,56286.369,56324.635,56360.964,56395.457,56428.210,56459.311,56488.841,56516.878,56543.491,56568.747,56592.707,56615.428,56636.964,56657.364,56676.674,56694.939,56712.198,56728.489,56743.846,56758.303,56771.890,56784.634,56796.562,56807.698,56818.064,56827.682,56836.568,56844.742,56852.217,56859.009,56865.130,56870.591,56875.402,56879.572,56883.108,56886.014,56888.296,56889.957,56890.999,56891.421,56891.222,56890.401,56888.954,56886.875,56884.157,56880.791,56876.769,56872.077,56866.704,56860.632,56853.845,56846.323,56838.044,56828.983,56819.114,56808.406,56796.827,56784.340,56770.905,56756.477,56741.009,56724.445,56706.728,56687.793,56667.567,56645.971,56622.917,56598.309,56572.037,56543.982,56514.010,56481.969,56447.693,56410.990,56371.648,56329.424,56284.040,56235.182,56182.486,56125.534,56063.839,55996.835,55923.852,55844.102,55756.640,55660.333,55553.802,55435.358,55302.905,55153.814,54984.745,54791.399,54568.164,54307.616,53999.818,53631.358,53184.135,52634.120,51950.938,51100.637,50056.506,48823.298,47462.703,46044.030,44619.552,43221.788,41868.316,40567.139,39320.644,38128.153,36987.430,35895.549,34849.366,33845.772,32881.817,31954.763,31062.105,30201.559,29371.057,28568.725,27792.863,27041.931,26314.527,25609.375,24925.311,24261.268,23616.267,22989.408,22379.860,21786.854,21209.679,20647.673,20100.218,19566.739,19046.696,18539.584,18044.926,17562.275,17091.207,16631.323,16182.244,15743.608,15315.073,14896.314,14487.018,14086.886,13695.635,13312.988,12938.685,12572.471,12214.102,11863.342,11519.966,11183.751,10854.485,10531.961,10215.978,9906.340,9602.858,9305.346,9013.622,8727.512,8446.840,8171.440,7901.145,7635.794,7375.226,7119.286,6867.820,6620.677,6377.708,6138.767,5903.710,5672.394,5444.679,5220.425,4999.495,4781.755,4567.069,4355.305,4146.331,3940.017,3736.233,3534.852,3335.745,3138.787,2943.851,2750.814,2559.551,2369.939,2181.855,1995.177,1809.782,1625.551,1442.363,1260.096,1078.631,897.849,717.629,537.854,358.403,179.158,0.000
0.000,6252.814,12327.929,18040.183,23209.190,27705.543,31508.415,34677.325,37306.002,39491.392,41319.400,42860.835,44172.065,45297.291,46271.035,47120.320,47866.422,48526.222,49113.225,49638.334,50110.423,50536.782,50923.440,51275.429,51596.973,51891.644,52162.484,52412.093,52642.711,52856.276,53054.473,53238.773,53410.465,53570.687,53720.441,53860.620,53992.017,54115.341,54231.225,54340.240,54442.899,54539.665,54630.959,54717.161,54798.618,54875.644,54948.529,55017.534,55082.903,55144.856,55203.598,55259.316,55312.183,55362.358,55409.991,55455.216,55498.161,55538.944,55577.673,55614.450,55649.369,55682.519,55713.980,55743.829,55772.136,55798.969,55824.388,55848.451,55871.212,55892.721,55913.025,55932.166,55950.186,55967.121,55983.008,55997.878,56011.762,56024.686,56036.677,56047.757,56057.949,56067.272,56075.742,56083.377,56090.190,56096.192,56101.395,56105.808,56109.436,56112.288,56114.364,56115.669,56116.202,56115.962,56114.947,56113.151,56110.568,56107.189,56103.005,56098.002,56092.167,56085.482,56077.929,56069.485,56060.127,56049.826,56038.554,56026.277,56012.958,55998.556,55983.026,55966.318,55948.379,55929.147,55908.558,55886.538,55863.008,55837.879,55811.054,55782.425,55751.873,55719.265,55684.455,55647.279,55607.554,55565.074,55519.609,55470.899,55418.652,55362.532,55302.160,55237.100,55166.851,55090.835,55008.377,54918.689,54820.844,54713.742,54596.074,54466.259,54322.385,54162.109,53982.543,53780.087,53550.220,53287.217,52983.788,52630.631,52215.934,51724.950,51139.967,50441.385,49611.101,48639.610,47536.170,46333.959,45074.287,43793.658,42519.007,41267.976,40050.999,38873.514,37737.726,36643.859,35590.975,34577.510,33601.588,32661.227,31754.445,30879.331,30034.074,29216.982,28426.482,27661.117,26919.548,26200.534,25502.935,24825.698,24167.851,23528.493,22906.790,22301.969,21713.311,21140.144,20581.843,20037.822,19507.532,18990.459,18486.116,17994.047,17513.820,17045.026,16587.278,16140.208,15703.467,15276.720,14859.649,14451.951,14053.334,13663.519,13282.237,12909.229,12544.249,12187.055,11837.416,11495.108,11159.914,10831.624,10510.034,10194.945,9886.165,9583.504,9286.781,8995.816,8710.433,8430.463,8155.736,7886.091,7621.366,7361.402,7106.045,6855.142,6608.544,6366.102,6127.672,5893.108,5662.271,5435.021,5211.218,4990.727,4773.413,4559.143,4347.783,4139.204,3933.274,3729.866,3528.852,3330.105,3133.498,2938.908,2746.210,2555.280,2365.995,2178.233,1991.872,1806.792,1622.870,1439.988,1258.024,1076.860,896.377,716.454,536.973,357.817,178.865,0.000
0.000,5485.171,10826.933,15885.319,20535.577,24690.594,28321.060,31447.725,34120.939,36402.242,38352.714,40027.294,41472.860,42728.296,43825.389,44789.966,45642.992,46401.527,47079.507,47688.383,48237.614,48735.066,49187.316,49599.902,49977.512,50324.138,50643.195,50937.623,51209.966,51462.432,51696.948,51915.202,52118.682,52308.697,52486.411,52652.857,52808.957,52955.536,53093.334,53223.016,53345.184,53460.379,53569.095,53671.778,53768.835,53860.638,53947.524,54029.806,54107.768,54181.670,54251.755,54318.243,54381.340,54441.234,54498.100,54552.101,54603.385,54652.093,54698.353,54742.287,54784.006,54823.614,54861.208,54896.879,54930.711,54962.782,54993.167,55021.933,55049.144,55074.860,55099.136,55122.025,55143.573,55163.827,55182.827,55200.613,55217.219,55232.679,55247.023,55260.279,55272.473,55283.628,55293.765,55302.902,55311.056,55318.242,55324.472,55329.757,55334.105,55337.523,55340.016,55341.586,55342.234,55341.958,55340.755,55338.619,55335.543,55331.516,55326.527,55320.561,55313.600,55305.625,55296.613,55286.538,55275.373,55263.084,55249.636,55234.990,55219.102,55201.924,55183.402,55163.478,55142.088,55119.162,55094.621,55068.381,55040.346,55010.414,54978.469,54944.386,54908.026,54869.232,54827.834,54783.640,54736.438,54685.988,54632.023,54574.244,54512.310,54445.839,54374.393,54297.476,54214.516,54124.857,54027.739,53922.280,53807.447,53682.027,53544.584,53393.410,53226.459,53041.265,52834.838,52603.534,52342.891,52047.434,51710.454,51323.782,50877.634,50360.642,49760.347,49064.532,48263.843,47355.818,46349.058,45264.020,44126.944,42963.329,41794.246,40635.316,39497.194,38386.599,37307.375,36261.375,35249.130,34270.325,33324.125,32409.398,31524.856,30669.150,29840.925,29038.862,28261.690,27508.205,26777.271,26067.822,25378.859,24709.450,24058.722,23425.862,22810.109,22210.752,21627.125,21058.603,20504.602,19964.571,19437.991,18924.373,18423.258,17934.207,17456.809,16990.670,16535.418,16090.698,15656.172,15231.518,14816.426,14410.601,14013.759,13625.627,13245.945,12874.459,12510.927,12155.113,11806.790,11465.738,11131.745,10804.603,10484.111,10170.075,9862.303,9560.611,9264.816,8974.744,8690.219,8411.074,8137.143,7868.265,7604.278,7345.027,7090.358,6840.121,6594.166,6352.346,6114.518,5880.539,5650.268,5423.567,5200.298,4980.326,4763.517,4549.738,4338.857,4130.745,3925.271,3722.308,3521.730,3323.408,3127.220,2933.039,2740.742,2550.207,2361.311,2173.932,1987.948,1803.239,1619.686,1437.167,1255.563,1074.757,894.627,715.057,535.927,357.120,178.517,0.000
0.000,4860.951,9609.335,14138.614,18357.242,22200.243,25637.563,28671.640,31327.861,33644.001,35662.011,37422.864,38963.891,40317.760,41512.383,42571.294,43514.193,44357.532,45115.050,45798.241,46416.757,46978.731,47491.044,47959.549,48389.242,48784.411,49148.753,49485.467,49797.333,50086.780,50355.933,50606.665,50840.627,51059.281,51263.928,51455.727,51635.712,51804.814,51963.866,52113.623,52254.763,52387.902,52513.599,52632.362,52744.656,52850.901,52951.486,53046.765,53137.064,53222.682,53303.894,53380.954,53454.098,53523.541,53589.485,53652.116,53711.606,53768.115,53821.792,53872.776,53921.195,53967.170,54010.812,54052.225,54091.508,54128.750,54164.036,54197.445,54229.052,54258.923,54287.125,54313.717,54338.754,54362.287,54384.366,54405.035,54424.335,54442.304,54458.977,54474.387,54488.564,54501.534,54513.320,54523.946,54533.431,54541.791,54549.040,54555.192,54560.256,54564.240,54567.149,54568.986,54569.752,54569.446,54568.063,54565.598,54562.041,54557.381,54551.604,54544.693,54536.630,54527.389,54516.947,54505.273,54492.334,54478.094,54462.512,54445.543,54427.136,54407.237,54385.784,54362.711,54337.944,54311.403,54282.999,54252.634,54220.200,54185.582,54148.647,54109.253,54067.241,54022.436,53974.644,53923.649,53869.211,53811.062,53748.903,53682.397,53611.166,53534.784,53452.768,53364.569,53269.560,53167.025,53056.139,52935.949,52805.351,52663.058,52507.560,52337.085,52149.536,51942.428,51712.802,51457.132,51171.211,50850.034,50487.699,50077.333,49611.139,49080.644,48477.310,47793.673,47025.113,46172.026,45241.573,44247.555,43207.664,42140.084,41061.037,39983.639,38917.736,37870.269,36845.833,35847.244,34876.022,33932.776,33017.492,32129.745,31268.848,30433.954,29624.131,28838.409,28075.812,27335.381,26616.184,25917.330,25237.965,24577.280,23934.510,23308.929,22699.856,22106.644,21528.686,20965.407,20416.265,19880.747,19358.370,18848.672,18351.220,17865.599,17391.417,16928.299,16475.890,16033.848,15601.850,15179.583,14766.750,14363.063,13968.249,13582.044,13204.192,12834.447,12472.573,12118.339,11771.524,11431.912,11099.295,10773.469,10454.238,10141.409,9834.795,9534.214,9239.486,8950.439,8666.901,8388.705,8115.689,7847.691,7584.554,7326.123,7072.247,6822.775,6577.560,6336.458,6099.324,5866.018,5636.400,5410.332,5187.679,4968.306,4752.079,4538.866,4328.538,4120.965,3916.017,3713.569,3513.493,3315.664,3119.958,2926.250,2734.418,2544.339,2355.892,2168.955,1983.407,1799.129,1616.001,1433.902,1252.716,1072.322,892.603,713.440,534.717,356.314,178.114,0.000
0.000,4349.314,8610.867,12702.593,16554.580,20115.628,23357.372,26273.483,28874.947,31183.984,33228.568,35038.372,36642.203,38066.600,39335.231,40468.784,41485.116,42399.530,43225.097,43972.963,44652.642,45272.264,45838.798,46358.232,46835.729,47275.756,47682.194,48058.420,48407.391,48731.699,49033.629,49315.195,49578.185,49824.187,50054.616,50270.739,50473.690,50664.487,50844.050,51013.209,51172.713,51323.245,51465.423,51599.811,51726.925,51847.234,51961.170,52069.129,52171.473,52268.537,52360.629,52448.034,52531.014,52609.813,52684.655,52755.750,52823.292,52887.459,52948.421,53006.332,53061.337,53113.573,53163.164,53210.229,53254.877,53297.210,53337.324,53375.308,53411.246,53445.215,53477.288,53507.531,53536.009,53562.780,53587.897,53611.413,53633.372,53653.819,53672.794,53690.332,53706.468,53721.232,53734.652,53746.751,53757.553,53767.076,53775.336,53782.348,53788.124,53792.670,53795.996,53798.102,53798.991,53798.662,53797.109,53794.326,53790.302,53785.026,53778.481,53770.648,53761.506,53751.029,53739.188,53725.950,53711.278,53695.130,53677.462,53658.222,53637.354,53614.797,53590.483,53564.336,53536.276,53506.211,53474.043,53439.663,53402.953,53363.781,53322.002,53277.458,53229.973,53179.355,53125.389,53067.836,53006.435,52940.891,52870.877,52796.027,52715.931,52630.128,52538.096,52439.248,52332.914,52218.335,52094.641,51960.835,51815.770,51658.121,51486.355,51298.687,51093.042,50866.995,50617.717,50341.908,50035.734,49694.771,49313.984,48887.755,48410.027,47874.613,47275.753,46608.974,45872.209,45066.972,44199.098,43278.486,42317.679,41329.993,40327.946,39322.314,38321.768,37332.908,36360.518,35407.889,34477.147,33569.536,32685.652,31825.630,30989.276,30176.176,29385.770,28617.407,27870.384,27143.973,26437.442,25750.065,25081.135,24429.967,23795.901,23178.304,22576.571,21990.128,21418.426,20860.942,20317.180,19786.667,19268.954,18763.614,18270.238,17788.437,17317.841,16858.095,16408.860,15969.812,15540.639,15121.044,14710.739,14309.450,13916.910,13532.864,13157.066,12789.275,12429.263,12076.805,11731.684,11393.692,11062.622,10738.277,10420.465,10108.996,9803.686,9504.356,9210.831,8922.940,8640.514,8363.389,8091.404,7824.400,7562.223,7304.718,7051.736,6803.129,6558.751,6318.458,6082.109,5849.564,5620.684,5395.333,5173.376,4954.679,4739.111,4526.541,4316.838,4109.875,3905.524,3703.657,3504.151,3306.880,3111.720,2918.549,2727.243,2537.682,2349.744,2163.308,1978.255,1794.465,1611.819,1430.198,1249.484,1069.560,890.306,711.606,533.343,355.399,177.657,0.000
0.000,3925.453,7782.254,11506.351,15042.908,18350.376,21402.886,24190.058,26714.554,28988.527,31030.020,32859.980,34500.089,35971.355,37293.318,38483.666,39558.136,40530.568,41413.048,42216.087,42948.806,43619.119,44233.896,44799.106,45319.951,45800.968,46246.130,46658.925,47042.417,47399.315,47732.013,48042.636,48333.076,48605.019,48859.975,49099.298,49324.203,49535.787,49735.040,49922.859,50100.055,50267.369,50425.473,50574.980,50716.452,50850.403,50977.303,51097.585,51211.648,51319.859,51422.555,51520.049,51612.630,51700.566,51784.106,51863.479,51938.899,52010.565,52078.662,52143.362,52204.825,52263.202,52318.632,52371.244,52421.162,52468.497,52513.355,52555.837,52596.035,52634.034,52669.915,52703.754,52735.619,52765.577,52793.688,52820.008,52844.589,52867.480,52888.723,52908.361,52926.431,52942.967,52957.998,52971.553,52983.657,52994.330,53003.591,53011.456,53017.938,53023.046,53026.787,53029.166,53030.183,53029.838,53028.125,53025.037,53020.562,53014.689,53007.397,52998.668,52988.477,52976.795,52963.591,52948.828,52932.466,52914.460,52894.759,52873.307,52850.043,52824.899,52797.800,52768.665,52737.403,52703.917,52668.097,52629.825,52588.972,52545.394,52498.933,52449.418,52396.659,52340.445,52280.545,52216.703,52148.637,52076.029,51998.532,51915.754,51827.260,51732.562,51631.110,51522.287,51405.398,51279.652,51144.156,50997.891,50839.694,50668.237,50481.998,50279.230,50057.927,49815.789,49550.179,49258.088,48936.108,48580.423,48186.832,47750.834,47267.798,46733.269,46143.407,45495.605,44789.183,44026.026,43210.899,42351.222,41456.258,40536.021,39600.273,38657.811,37716.092,36781.127,35857.558,34948.829,34057.384,33184.870,32332.311,31500.258,30688.910,29898.211,29127.918,28377.658,27646.975,26935.352,26242.242,25567.082,24909.300,24268.332,23643.624,23034.633,22440.836,21861.725,21296.812,20745.629,20207.726,19682.674,19170.057,18669.483,18180.570,17702.958,17236.297,16780.255,16334.510,15898.755,15472.695,15056.044,14648.528,14249.883,13859.854,13478.194,13104.665,12739.035,12381.083,12030.590,11687.346,11351.146,11021.792,10699.090,10382.850,10072.889,9769.026,9471.086,9178.896,8892.288,8611.098,8335.163,8064.324,7798.426,7537.315,7280.840,7028.853,6781.209,6537.762,6298.371,6062.895,5831.197,5603.139,5378.587,5157.406,4939.464,4724.631,4512.776,4303.771,4097.488,3893.801,3692.585,3493.715,3297.066,3102.517,2909.944,2719.226,2530.242,2342.873,2156.998,1972.497,1789.252,1607.146,1426.058,1245.873,1066.472,887.738,709.556,531.807,354.376,177.146,0.000
0.000,3570.263,7086.375,10497.691,13760.380,16840.149,19713.821,22369.400,24804.790,27025.667,29043.134,30871.582,32526.970,34025.581,35383.198,36614.617,37733.397,38751.772,39680.667,40529.768,41307.626,42021.774,42678.834,43284.632,43844.295,44362.341,44842.755,45289.060,45704.379,46091.482,46452.834,46790.634,47106.847,47403.234,47681.374,47942.690,48188.464,48419.855,48637.912,48843.588,49037.748,49221.181,49394.606,49558.681,49714.007,49861.137,50000.578,50132.795,50258.220,50377.247,50490.242,50597.545,50699.469,50796.304,50888.318,50975.763,51058.871,51137.858,51212.926,51284.262,51352.041,51416.427,51477.572,51535.618,51590.698,51642.936,51692.448,51739.342,51783.719,51825.674,51865.295,51902.665,51937.859,51970.950,52002.004,52031.082,52058.242,52083.536,52107.014,52128.719,52148.694,52166.975,52183.596,52198.587,52211.976,52223.785,52234.036,52242.745,52249.927,52255.593,52259.750,52262.404,52263.555,52263.202,52261.341,52257.962,52253.055,52246.604,52238.590,52228.992,52217.782,52204.931,52190.403,52174.160,52156.157,52136.346,52114.670,52091.071,52065.482,52037.829,52008.031,51976.000,51941.640,51904.843,51865.493,51823.463,51778.613,51730.789,51679.823,51625.531,51567.710,51506.136,51440.564,51370.721,51296.308,51216.993,51132.408,51042.144,50945.747,50842.708,50732.460,50614.368,50487.720,50351.712,50205.443,50047.890,49877.901,49694.171,49495.220,49279.372,49044.731,48789.157,48510.243,48205.301,47871.359,47505.181,47103.319,46662.214,46178.369,45648.604,45070.396,44442.304,43764.398,43038.610,42268.875,41460.938,40621.869,39759.387,38881.209,37994.530,37105.693,36220.045,35341.919,34474.705,33620.971,32782.585,31960.850,31156.618,30370.383,29602.372,28852.604,28120.946,27407.153,26710.900,26031.808,25369.460,24723.417,24093.229,23478.441,22878.600,22293.259,21721.981,21164.338,20619.915,20088.310,19569.135,19062.013,18566.583,18082.497,17609.417,17147.020,16694.995,16253.039,15820.863,15398.186,14984.739,14580.260,14184.497,13797.206,13418.149,13047.097,12683.829,12328.127,11979.783,11638.591,11304.354,10976.877,10655.973,10341.457,10033.148,9730.872,9434.455,9143.730,8858.531,8578.697,8304.067,8034.488,7769.804,7509.864,7254.522,7003.630,6757.043,6514.620,6276.221,6041.707,5810.941,5583.788,5360.115,5139.788,4922.678,4708.654,4497.587,4289.351,4083.819,3880.865,3680.365,3482.195,3286.233,3092.357,2900.444,2710.375,2522.029,2335.287,2150.030,1966.139,1783.497,1601.985,1421.487,1241.885,1063.062,884.903,707.292,530.111,353.247,176.581,0.000
0.000,3269.243,6495.328,9637.705,12660.833,15536.097,18242.935,20769.035,23109.655,25266.344,27245.410,29056.401,30710.799,32220.983,33599.472,34858.416,36009.285,37062.693,38028.329,38914.953,39730.433,40481.804,41175.334,41816.606,42410.584,42961.685,43473.838,43950.546,44394.933,44809.787,45197.608,45560.632,45900.870,46220.131,46520.044,46802.083,47067.578,47317.738,47553.658,47776.337,47986.684,48185.527,48373.627,48551.678,48720.316,48880.129,49031.654,49175.387,49311.786,49441.274,49564.240,49681.049,49792.034,49897.506,49997.755,50093.048,50183.637,50269.752,50351.612,50429.418,50503.358,50573.609,50640.335,50703.690,50763.816,50820.848,50874.911,50926.123,50974.593,51020.423,51063.709,51104.540,51142.998,51179.162,51213.103,51244.888,51274.580,51302.236,51327.908,51351.646,51373.494,51393.492,51411.677,51428.082,51442.737,51455.668,51466.895,51476.440,51484.316,51490.537,51495.110,51498.041,51499.332,51498.981,51496.982,51493.329,51488.007,51481.002,51472.292,51461.855,51449.661,51435.679,51419.870,51402.194,51382.603,51361.044,51337.458,51311.782,51283.944,51253.865,51221.461,51186.635,51149.285,51109.298,51066.549,51020.905,50972.215,50920.318,50865.036,50806.174,50743.519,50676.835,50605.866,50530.327,50449.905,50364.256,50272.998,50175.710,50071.923,49961.118,49842.718,49716.078,49580.481,49435.125,49279.112,49111.437,48930.975,48736.464,48526.491,48299.475,48053.655,47787.071,47497.562,47182.764,46840.121,46466.927,46060.384,45617.704,45136.270,44613.831,44048.766,43440.361,42789.088,42096.796,41366.763,40603.559,39812.724,39000.344,38172.607,37335.428,36494.190,35653.587,34817.570,33989.364,33171.524,32366.017,31574.308,30797.446,30036.144,29290.844,28561.775,27849.000,27152.457,26471.986,25807.357,25158.288,24524.459,23905.527,23301.131,22710.905,22134.474,21571.470,21021.522,20484.269,19959.357,19446.438,18945.175,18455.240,17976.313,17508.086,17050.260,16602.544,16164.658,15736.329,15317.294,14907.297,14506.092,14113.437,13729.100,13352.854,12984.479,12623.763,12270.496,11924.477,11585.508,11253.396,10927.955,10609.001,10296.353,9989.838,9689.283,9394.521,9105.387,8821.718,8543.358,8270.148,8001.937,7738.574,7479.910,7225.800,6976.098,6730.664,6489.356,6252.038,6018.571,5788.821,5562.655,5339.940,5120.545,4904.341,4691.199,4480.993,4273.596,4068.882,3866.728,3667.010,3469.606,3274.394,3081.252,2890.061,2700.700,2513.051,2326.995,2142.413,1959.189,1777.204,1596.343,1416.488,1237.524,1059.334,881.803,704.816,528.257,352.011,175.964,0.000
0.000,3011.404,5988.027,8897.019,11709.219,14400.553,16952.884,19354.263,21598.577,23684.788,25615.916,27397.983,29039.029,30548.281,31935.504,33210.521,34382.879,35461.643,36455.274,37371.569,38217.651,38999.987,39724.421,40396.216,41020.107,41600.346,42140.751,42644.752,43115.428,43555.551,43967.614,44353.865,44716.333,45056.851,45377.079,45678.520,45962.542,46230.386,46483.185,46721.969,46947.684,47161.191,47363.282,47554.683,47736.060,47908.028,48071.153,48225.955,48372.917,48512.485,48645.072,48771.061,48890.806,49004.637,49112.862,49215.764,49313.610,49406.647,49495.106,49579.202,49659.136,49735.097,49807.259,49875.787,49940.834,50002.544,50061.050,50116.478,50168.946,50218.563,50265.432,50309.648,50351.300,50390.471,50427.240,50461.678,50493.851,50523.821,50551.646,50577.377,50601.063,50622.748,50642.470,50660.266,50676.167,50690.201,50702.393,50712.763,50721.326,50728.097,50733.086,50736.297,50737.733,50737.393,50735.272,50731.360,50725.645,50718.109,50708.731,50697.487,50684.346,50669.273,50652.230,50633.172,50612.048,50588.804,50563.376,50535.698,50505.693,50473.279,50438.365,50400.852,50360.630,50317.580,50271.572,50222.465,50170.102,50114.314,50054.914,49991.701,49924.451,49852.920,49776.843,49695.925,49609.846,49518.250,49420.747,49316.909,49206.260,49088.274,48962.373,48827.912,48684.178,48530.380,48365.640,48188.981,47999.319,47795.454,47576.055,47339.651,47084.627,46809.215,46511.498,46189.421,45840.812,45463.429,45055.019,44613.420,44136.681,43623.232,43072.064,42482.924,41856.485,41194.460,40499.614,39775.657,39027.030,38258.624,37475.467,36682.467,35884.191,35084.736,34287.659,33495.959,32712.099,31938.054,31175.367,30425.210,29688.442,28965.663,28257.267,27563.475,26884.373,26219.945,25570.090,24934.644,24313.396,23706.100,23112.485,22532.261,21965.127,21410.775,20868.895,20339.176,19821.308,19314.987,18819.913,18335.789,17862.329,17399.250,16946.278,16503.145,16069.591,15645.361,15230.210,14823.896,14426.187,14036.855,13655.678,13282.442,12916.936,12558.954,12208.299,11864.775,11528.192,11198.364,10875.110,10558.251,10247.613,9943.027,9644.326,9351.345,9063.924,8781.905,8505.132,8233.454,7966.719,7704.781,7447.493,7194.711,6946.296,6702.105,6462.003,6225.851,5993.516,5764.865,5539.765,5318.086,5099.698,4884.475,4672.288,4463.012,4256.523,4052.696,3851.407,3652.536,3455.961,3261.561,3069.215,2878.805,2690.212,2503.317,2318.004,2134.155,1951.653,1770.382,1590.225,1411.068,1232.796,1055.291,878.441,702.131,526.246,350.672,175.295,0.000
0.000,2788.368,5548.398,8253.180,10878.545,13404.098,15813.892,18096.675,20245.741,22258.468,24135.652,25880.771,27499.253,28997.825,30383.977,31665.532,32850.329,33946.007,34959.851,35898.707,36768.941,37576.415,38326.502,39024.101,39673.668,40279.241,40844.485,41372.711,41866.922,42329.834,42763.907,43171.370,43554.248,43914.378,44253.428,44572.920,44874.240,45158.650,45427.307,45681.268,45921.501,46148.893,46364.263,46568.359,46761.874,46945.444,47119.658,47285.059,47442.150,47591.398,47733.233,47868.059,47996.245,48118.140,48234.065,48344.321,48449.188,48548.926,48643.779,48733.974,48819.725,48901.229,48978.673,49052.231,49122.064,49188.325,49251.158,49310.694,49367.059,49420.369,49470.733,49518.252,49563.022,49605.132,49644.664,49681.694,49716.294,49748.530,49778.461,49806.145,49831.633,49854.970,49876.200,49895.361,49912.486,49927.606,49940.747,49951.930,49961.173,49968.491,49973.894,49977.388,49978.977,49978.658,49976.427,49972.274,49966.186,49958.146,49948.130,49936.113,49922.063,49905.944,49887.715,49867.328,49844.732,49819.868,49792.671,49763.070,49730.986,49696.331,49659.011,49618.923,49575.952,49529.973,49480.853,49428.442,49372.581,49313.091,49249.782,49182.444,49110.848,49034.743,48953.856,48867.888,48776.510,48679.364,48576.054,48466.147,48349.167,48224.589,48091.838,47950.278,47799.209,47637.859,47465.379,47280.831,47083.186,46871.312,46643.971,46399.812,46137.370,45855.066,45551.218,45224.057,44871.753,44492.459,44084.379,43645.839,43175.404,42671.992,42135.016,41564.508,40961.237,40326.764,39663.445,38974.345,38263.092,37533.680,36790.255,36036.917,35277.559,34515.751,33754.666,32997.058,32245.251,31501.173,30766.381,30042.111,29329.315,28628.706,27940.796,27265.931,26604.321,25956.064,25321.173,24699.585,24091.187,23495.820,22913.292,22343.386,21785.869,21240.492,20706.999,20185.129,19674.617,19175.197,18686.606,18208.582,17740.867,17283.206,16835.349,16397.051,15968.072,15548.177,15137.135,14734.723,14340.720,13954.913,13577.093,13207.054,12844.597,12489.526,12141.651,11800.785,11466.745,11139.351,10818.429,10503.807,10195.315,9892.791,9596.069,9304.993,9019.404,8739.148,8464.075,8194.035,7928.882,7668.469,7412.655,7161.299,6914.261,6671.404,6432.594,6197.694,5966.574,5739.101,5515.145,5294.578,5077.273,4863.102,4651.942,4443.666,4238.152,4035.277,3834.920,3636.959,3441.275,3247.747,3056.258,2866.688,2678.921,2492.839,2308.325,2125.264,1943.539,1763.036,1583.638,1405.233,1227.704,1050.938,874.821,699.240,524.081,349.230,174.574,0.000
0.000,2593.697,5164.060,7688.820,10147.759,12523.498,14802.024,16972.935,19029.393,20967.854,22787.636,24490.397,26079.602,27560.023,28937.298,30217.567,31407.184,32512.505,33539.731,34494.804,35383.340,36210.596,36981.454,37700.420,38371.636,38998.900,39585.681,40135.149,40650.194,41133.449,41587.317,42013.986,42415.452,42793.537,43149.906,43486.077,43803.445,44103.281,44386.754,44654.936,44908.812,45149.289,45377.200,45593.314,45798.342,45992.939,46177.711,46353.221,46519.988,46678.495,46829.191,46972.493,47108.787,47238.435,47361.773,47479.114,47590.751,47696.957,47797.988,47894.081,47985.459,48072.331,48154.894,48233.328,48307.805,48378.486,48445.521,48509.049,48569.204,48626.107,48679.873,48730.610,48778.418,48823.392,48865.618,48905.178,48942.146,48976.593,49008.583,49038.176,49065.424,49090.380,49113.086,49133.585,49151.911,49168.097,49182.170,49194.154,49204.069,49211.929,49217.745,49221.525,49223.273,49222.986,49220.660,49216.285,49209.847,49201.329,49190.707,49177.952,49163.034,49145.915,49126.550,49104.892,49080.887,49054.472,49025.582,48994.141,48960.067,48923.271,48883.654,48841.108,48795.517,48746.750,48694.669,48639.121,48579.941,48516.948,48449.944,48378.715,48303.028,48222.628,48137.236,48046.552,47950.242,47847.946,47739.268,47623.776,47500.997,47370.413,47231.457,47083.507,46925.884,46757.844,46578.571,46387.177,46182.692,45964.062,45730.147,45479.715,45211.451,44923.958,44615.772,44285.380,43931.250,43551.874,43145.822,42711.812,42248.794,41756.046,41233.265,40680.665,40099.042,39489.813,38855.002,38197.179,37519.355,36824.843,36117.098,35399.580,34675.620,33948.332,33220.537,32494.739,31773.106,31057.478,30349.389,29650.094,28960.594,28281.678,27613.942,26957.827,26313.638,25681.570,25061.727,24454.137,23858.768,23275.539,22704.330,22144.993,21597.352,21061.217,20536.381,20022.630,19519.742,19027.490,18545.644,18073.977,17612.258,17160.260,16717.756,16284.524,15860.345,15445.001,15038.279,14639.972,14249.873,13867.782,13493.501,13126.838,12767.602,12415.608,12070.674,11732.620,11401.271,11076.457,10758.008,10445.757,10139.543,9839.206,9544.587,9255.533,8971.891,8693.511,8420.246,8151.949,7888.477,7629.688,7375.444,7125.605,6880.035,6638.600,6401.166,6167.602,5937.776,5711.560,5488.825,5269.446,5053.295,4840.249,4630.183,4422.975,4218.503,4016.646,3817.283,3620.295,3425.563,3232.969,3042.395,2853.724,2666.840,2481.626,2297.968,2115.749,1934.856,1755.174,1576.589,1398.987,1222.255,1046.279,870.947,696.146,521.763,347.686,173.802,0.000
0.000,2422.388,4825.372,7190.346,9500.258,11740.213,13897.894,15963.787,17931.198,19796.097,21556.836,23213.791,24768.966,26225.616,27587.893,28860.539,30048.639,31157.421,32192.105,33157.794,34059.394,34901.569,35688.708,36424.914,37114.002,37759.501,38364.670,38932.506,39465.767,39966.982,40438.472,40882.365,41300.614,41695.007,42067.189,42418.665,42750.822,43064.930,43362.163,43643.597,43910.226,44162.966,44402.664,44630.101,44846.001,45051.032,45245.816,45430.927,45606.900,45774.233,45933.385,46084.789,46228.842,46365.919,46496.369,46620.515,46738.662,46851.093,46958.074,47059.853,47156.662,47248.718,47336.226,47419.377,47498.349,47573.310,47644.416,47711.816,47775.646,47836.036,47893.107,47946.970,47997.732,48045.491,48090.339,48132.361,48171.637,48208.239,48242.236,48273.690,48302.658,48329.194,48353.343,48375.150,48394.652,48411.883,48426.873,48439.646,48450.222,48458.619,48464.847,48468.917,48470.829,48470.585,48468.179,48463.601,48456.837,48447.868,48436.672,48423.218,48407.475,48389.402,48368.956,48346.086,48320.736,48292.843,48262.338,48229.144,48193.176,48154.341,48112.539,48067.658,48019.578,47968.168,47913.283,47854.769,47792.456,47726.160,47655.681,47580.800,47501.283,47416.871,47327.285,47232.220,47131.346,47024.302,46910.696,46790.100,46662.048,46526.033,46381.502,46227.853,46064.431,45890.525,45705.361,45508.103,45297.847,45073.617,44834.372,44579.001,44306.331,44015.134,43704.144,43372.075,43017.653,42639.650,42236.937,41808.537,41353.695,40871.945,40363.184,39827.734,39266.385,38680.417,38071.586,37442.074,36794.416,36131.391,35455.916,34770.930,34079.305,33383.757,32686.795,31990.684,31297.424,30608.754,29926.154,29250.866,28583.913,27926.124,27278.155,26640.514,26013.579,25397.622,24792.822,24199.283,23617.042,23046.088,22486.365,21937.783,21400.222,20873.542,20357.586,19852.182,19357.148,18872.293,18397.423,17932.339,17476.839,17030.723,16593.788,16165.833,15746.658,15336.065,14933.859,14539.845,14153.834,13775.636,13405.068,13041.947,12686.095,12337.334,11995.492,11660.397,11331.884,11009.787,10693.944,10384.195,10080.384,9782.355,9489.957,9203.040,8921.455,8645.058,8373.704,8107.251,7845.560,7588.490,7335.908,7087.676,6843.662,6603.734,6367.760,6135.611,5907.159,5682.276,5460.837,5242.718,5027.793,4815.940,4607.038,4400.964,4197.599,3996.823,3798.517,3602.563,3408.843,3217.241,3027.641,2839.926,2653.981,2469.691,2286.943,2105.621,1925.613,1746.805,1569.084,1392.338,1216.453,1041.319,866.822,692.852,519.296,346.043,172.981,0.000
0.000,2270.515,4524.742,6747.004,8922.805,11039.310,13085.679,15053.270,16935.684,18728.688,20430.029,22039.190,23557.101,24985.850,26328.404,27588.361,28769.735,29876.777,30913.836,31885.253,32795.273,33647.995,34447.331,35196.982,35900.429,36560.925,37181.499,37764.966,38313.931,38830.802,39317.803,39776.987,40210.245,40619.322,41005.826,41371.239,41716.928,42044.155,42354.085,42647.793,42926.274,43190.448,43441.167,43679.219,43905.336,44120.196,44324.430,44518.624,44703.322,44879.031,45046.225,45205.343,45356.797,45500.969,45638.218,45768.878,45893.264,46011.668,46124.363,46231.608,46333.641,46430.690,46522.965,46610.665,46693.975,46773.069,46848.111,46919.255,46986.643,47050.409,47110.681,47167.575,47221.202,47271.664,47319.058,47363.472,47404.990,47443.688,47479.637,47512.904,47543.548,47571.623,47597.181,47620.265,47640.917,47659.171,47675.059,47688.606,47699.835,47708.762,47715.402,47719.763,47721.848,47721.657,47719.186,47714.424,47707.359,47697.969,47686.232,47672.118,47655.593,47636.617,47615.145,47591.124,47564.497,47535.200,47503.162,47468.303,47430.538,47389.771,47345.899,47298.808,47248.377,47194.470,47136.943,47075.637,47010.381,46940.988,46867.255,46788.965,46705.880,46617.742,46524.271,46425.164,46320.094,46208.702,46090.603,45965.376,45832.567,45691.682,45542.187,45383.503,45215.005,45036.017,44845.812,44643.608,44428.566,44199.795,43956.348,43697.228,43421.397,43127.782,42815.294,42482.846,42129.382,41753.910,41355.540,40933.536,40487.365,40016.750,39521.723,39002.669,38460.353,37895.930,37310.936,36707.245,36087.014,35452.605,34806.500,34151.222,33489.256,32822.982,32154.630,31486.244,30819.662,30156.506,29498.189,28845.920,28200.719,27563.433,26934.753,26315.232,25705.307,25105.305,24515.468,23935.960,23366.879,22808.272,22260.139,21722.442,21195.111,20678.054,20171.156,19674.285,19187.297,18710.035,18242.337,17784.034,17334.952,16894.914,16463.740,16041.252,15627.268,15221.609,14824.096,14434.550,14052.795,13678.657,13311.962,12952.540,12600.223,12254.843,11916.236,11584.242,11258.698,10939.450,10626.340,10319.216,10017.927,9722.324,9432.259,9147.589,8868.168,8593.857,8324.514,8060.003,7800.186,7544.929,7294.098,7047.562,6805.188,6566.849,6332.415,6101.760,5874.758,5651.284,5431.213,5214.424,5000.795,4790.204,4582.531,4377.656,4175.462,3975.829,3778.641,3583.781,3391.133,3200.581,3012.011,2825.308,2640.357,2457.046,2275.261,2094.889,1915.818,1737.936,1561.131,1385.291,1210.305,1036.062,862.451,689.361,516.681,344.301,172.111,0.000
0.000,2134.959,4256.131,6350.195,8404.744,10408.657,12352.379,14228.087,16029.760,17753.140,19395.623,20956.081,22434.661,23832.561,25151.815,26395.090,27565.505,28666.477,29701.595,30674.512,31588.873,32448.250,33256.101,34015.737,34730.309,35402.790,36035.977,36632.488,37194.766,37725.088,38225.567,38698.168,39144.710,39566.880,39966.242,40344.241,40702.219,41041.418,41362.986,41667.991,41957.422,42232.195,42493.162,42741.113,42976.785,43200.859,43413.974,43616.720,43809.651,43993.280,44168.090,44334.526,44493.011,44643.933,44787.661,44924.537,45054.882,45178.997,45297.164,45409.646,45516.692,45618.535,45715.391,45807.466,45894.951,45978.027,46056.864,46131.618,46202.440,46269.468,46332.834,46392.659,46449.058,46502.137,46551.997,46598.730,46642.422,46683.154,46721.000,46756.028,46788.300,46817.875,46844.803,46869.133,46890.906,46910.160,46926.927,46941.234,46953.104,46962.557,46969.606,46974.261,46976.525,46976.399,46973.879,46968.954,46961.611,46951.830,46939.587,46924.853,46907.591,46887.763,46865.321,46840.212,46812.378,46781.754,46748.266,46711.834,46672.371,46629.780,46583.956,46534.785,46482.141,46425.889,46365.882,46301.961,46233.953,46161.670,46084.909,46003.453,45917.064,45825.485,45728.439,45625.626,45516.721,45401.376,45279.210,45149.816,45012.751,44867.540,44713.669,44550.587,44377.698,44194.368,43999.916,43793.615,43574.696,43342.344,43095.706,42833.895,42555.992,42261.068,41948.189,41616.441,41264.953,40892.924,40499.661,40084.615,39647.421,39187.940,38706.297,38202.908,37678.504,37134.129,36571.136,35991.149,35396.024,34787.786,34168.570,33540.556,32905.907,32266.717,31624.971,30982.511,30341.018,29702.000,29066.792,28436.554,27812.289,27194.843,26584.925,25983.119,25389.897,24805.633,24230.615,23665.056,23109.107,22562.861,22026.368,21499.635,20982.639,20475.326,19977.623,19489.433,19010.647,18541.142,18080.785,17629.433,17186.939,16753.150,16327.909,15911.057,15502.433,15101.873,14709.215,14324.297,13946.956,13577.029,13214.357,12858.780,12510.140,12168.279,11833.044,11504.279,11181.834,10865.558,10555.302,10250.921,9952.268,9659.201,9371.578,9089.259,8812.104,8539.978,8272.744,8010.269,7752.418,7499.062,7250.069,7005.311,6764.661,6527.990,6295.175,6066.090,5840.612,5618.618,5399.987,5184.599,4972.332,4763.068,4556.690,4353.078,4152.116,3953.688,3757.677,3563.970,3372.451,3183.006,2995.522,2809.885,2625.983,2443.704,2262.935,2083.565,1905.483,1728.578,1552.739,1377.855,1203.817,1030.514,857.837,685.676,513.921,342.463,171.192,0.000
0.000,2013.223,4014.683,5992.978,7937.417,9838.319,11687.236,13477.106,15202.316,16858.701,18443.474,19955.104,21393.175,22758.214,24051.523,25275.019,26431.081,27522.417,28551.957,29522.752,30437.904,31300.499,32113.573,32880.066,33602.808,34284.499,34927.700,35534.832,36108.169,36649.846,37161.860,37646.076,38104.234,38537.954,38948.745,39338.010,39707.054,40057.091,40389.251,40704.582,41004.062,41288.600,41559.042,41816.175,42060.734,42293.404,42514.823,42725.587,42926.251,43117.336,43299.328,43472.681,43637.819,43795.141,43945.020,44087.804,44223.822,44353.381,44476.769,44594.255,44706.094,44812.525,44913.770,45010.041,45101.535,45188.436,45270.920,45349.149,45423.277,45493.448,45559.796,45622.449,45681.523,45737.130,45789.374,45838.349,45884.146,45926.847,45966.530,46003.265,46037.118,46068.148,46096.409,46121.950,46144.816,46165.045,46182.670,46197.722,46210.224,46220.195,46227.651,46232.601,46235.051,46235.002,46232.448,46227.381,46219.786,46209.644,46196.931,46181.616,46163.665,46143.036,46119.682,46093.550,46064.580,46032.706,45997.854,45959.943,45918.883,45874.579,45826.923,45775.800,45721.084,45662.640,45600.318,45533.960,45463.392,45388.427,45308.864,45224.485,45135.054,45040.317,44940.002,44833.813,44721.433,44602.520,44476.705,44343.593,44202.757,44053.742,43896.057,43729.179,43552.548,43365.567,43167.605,42957.992,42736.022,42500.958,42252.035,41988.463,41709.439,41414.158,41101.823,40771.668,40422.977,40055.110,39667.529,39259.832,38831.784,38383.344,37914.698,37426.277,36918.772,36393.130,35850.548,35292.447,34720.438,34136.273,33541.804,32938.929,32329.540,31715.487,31098.539,30480.359,29862.481,29246.301,28633.070,28023.896,27419.747,26821.459,26229.746,25645.206,25068.336,24499.541,23939.147,23387.406,22844.509,22310.590,21785.740,21270.006,20763.404,20265.918,19777.507,19298.112,18827.652,18366.037,17913.158,17468.901,17033.143,16605.753,16186.595,15775.529,15372.413,14977.101,14589.447,14209.301,13836.516,13470.942,13112.431,12760.833,12416.002,12077.790,11746.051,11420.640,11101.412,10788.226,10480.939,10179.411,9883.504,9593.079,9308.000,9028.132,8753.341,8483.495,8218.462,7958.112,7702.316,7450.946,7203.875,6960.978,6722.129,6487.206,6256.084,6028.643,5804.761,5584.318,5367.196,5153.274,4942.436,4734.564,4529.543,4327.256,4127.587,3930.422,3735.648,3543.151,3352.817,3164.535,2978.191,2793.674,2610.874,2429.678,2249.977,2071.660,1894.617,1718.739,1543.915,1370.037,1196.995,1024.681,852.986,681.802,511.019,340.530,170.226,0.000
0.000,1903.284,3796.460,5669.699,7513.733,9320.093,11081.293,12790.959,14443.895,16036.097,17564.710,19027.954,20425.012,21755.910,23021.382,24222.742,25361.762,26440.557,27461.490,28427.085,29339.959,30202.763,31018.139,31788.681,32516.915,33205.276,33856.094,34471.592,35053.873,35604.929,36126.633,36620.746,37088.920,37532.701,37953.538,38352.782,38731.698,39091.465,39433.185,39757.884,40066.524,40359.999,40639.146,40904.744,41157.525,41398.170,41627.315,41845.556,42053.452,42251.524,42440.260,42620.119,42791.530,42954.894,43110.590,43258.971,43400.370,43535.099,43663.451,43785.703,43902.111,44012.920,44118.359,44218.641,44313.970,44404.536,44490.516,44572.079,44649.381,44722.572,44791.788,44857.161,44918.812,44976.855,45031.397,45082.535,45130.364,45174.968,45216.427,45254.814,45290.197,45322.637,45352.190,45378.909,45402.837,45424.015,45442.479,45458.258,45471.379,45481.862,45489.722,45494.970,45497.613,45497.650,45495.079,45489.890,45482.069,45471.597,45458.450,45442.597,45424.003,45402.626,45378.420,45351.329,45321.295,45288.251,45252.121,45212.824,45170.272,45124.366,45074.999,45022.055,44965.409,44904.924,44840.453,44771.837,44698.902,44621.463,44539.321,44452.259,44360.046,44262.433,44159.150,44049.911,43934.404,43812.298,43683.238,43546.841,43402.700,43250.379,43089.415,42919.311,42739.543,42549.557,42348.767,42136.558,41912.289,41675.294,41424.889,41160.376,40881.055,40586.230,40275.226,39947.401,39602.171,39239.026,38857.554,38457.469,38038.631,37601.075,37145.025,36670.915,36179.392,35671.318,35147.760,34609.970,34059.355,33497.449,32925.866,32346.268,31760.324,31169.673,30575.896,29980.494,29384.867,28790.303,28197.971,27608.919,27024.078,26444.263,25870.178,25302.429,24741.526,24187.896,23641.891,23103.793,22573.825,22052.156,21538.911,21034.171,20537.985,20050.370,19571.317,19100.796,18638.757,18185.134,17739.847,17302.804,16873.905,16453.040,16040.095,15634.947,15237.472,14847.540,14465.020,14089.778,13721.679,13360.586,13006.361,12658.868,12317.968,11983.524,11655.400,11333.457,11017.560,10707.573,10403.362,10104.793,9811.733,9524.050,9241.614,8964.293,8691.959,8424.484,8161.740,7903.602,7649.945,7400.643,7155.574,6914.615,6677.645,6444.543,6215.188,5989.462,5767.246,5548.423,5332.875,5120.486,4911.140,4704.723,4501.120,4300.217,4101.901,3906.058,3712.577,3521.345,3332.252,3145.185,2960.035,2776.691,2595.044,2414.983,2236.400,2059.186,1883.232,1708.428,1534.669,1361.844,1189.846,1018.568,847.902,677.741,507.978,338.504,169.214,0.000
0.000,1803.490,3598.236,5375.710,7127.833,8847.162,10527.044,12161.725,13746.417,15277.312,16751.572,18167.270,19523.314,20819.360,22055.703,23233.180,24353.066,25416.982,26426.807,27384.609,28292.578,29152.972,29968.076,30740.166,31471.480,32164.201,32820.437,33442.217,34031.476,34590.059,35119.713,35622.093,36098.756,36551.173,36980.724,37388.705,37776.333,38144.749,38495.020,38828.149,39145.072,39446.668,39733.757,40007.111,40267.451,40515.451,40751.744,40976.924,41191.547,41396.134,41591.175,41777.129,41954.426,42123.472,42284.647,42438.308,42584.792,42724.414,42857.471,42984.243,43104.992,43219.965,43329.396,43433.502,43532.491,43626.556,43715.878,43800.630,43880.972,43957.055,44029.023,44097.007,44161.133,44221.516,44278.267,44331.488,44381.274,44427.711,44470.883,44510.865,44547.726,44581.530,44612.335,44640.193,44665.152,44687.253,44706.533,44723.024,44736.751,44747.738,44755.999,44761.547,44764.388,44764.524,44761.951,44756.661,44748.641,44737.870,44724.325,44707.975,44688.786,44666.715,44641.715,44613.733,44582.708,44548.572,44511.252,44470.666,44426.723,44379.327,44328.370,44273.738,44215.304,44152.932,44086.477,44015.779,43940.669,43860.962,43776.462,43686.957,43592.218,43492.003,43386.048,43274.073,43155.779,43030.845,42898.928,42759.663,42612.661,42457.509,42293.768,42120.973,41938.636,41746.241,41543.249,41329.099,41103.209,40864.981,40613.807,40349.072,40070.166,39776.491,39467.475,39142.587,38801.349,38443.359,38068.307,37675.997,37266.363,36839.492,36395.634,35935.215,35458.841,34967.300,34461.546,33942.689,33411.970,32870.738,32320.412,31762.457,31198.350,30629.550,30057.475,29483.482,28908.847,28334.757,27762.302,27192.471,26626.148,26064.122,25507.084,24955.634,24410.290,23871.493,23339.609,22814.946,22297.750,21788.219,21286.505,20792.718,20306.936,19829.205,19359.544,18897.949,18444.395,17998.842,17561.233,17131.499,16709.561,16295.329,15888.706,15489.589,15097.870,14713.435,14336.167,13965.946,13602.650,13246.153,12896.330,12553.055,12216.199,11885.635,11561.233,11242.865,10930.404,10623.720,10322.686,10027.174,9737.059,9452.212,9172.510,8897.827,8628.038,8363.020,8102.651,7846.807,7595.369,7348.215,7105.224,6866.280,6631.262,6400.052,6172.535,5948.593,5728.110,5510.972,5297.063,5086.270,4878.479,4673.577,4471.452,4271.992,4075.085,3880.620,3688.487,3498.575,3310.775,3124.978,2941.074,2758.953,2578.510,2399.634,2222.218,2046.155,1871.337,1697.657,1525.008,1353.284,1182.377,1012.181,842.591,673.499,504.800,336.388,168.156,0.000
0.000,1712.479,3417.346,5107.161,6774.842,8413.819,10018.161,11582.674,13102.951,14575.406,15997.265,17366.531,18681.933,19942.855,21149.259,22301.603,23400.760,24447.939,25444.613,26392.457,27293.286,28149.010,28961.592,29733.014,30465.250,31160.244,31819.895,32446.043,33040.459,33604.843,34140.818,34649.926,35133.633,35593.327,36030.317,36445.840,36841.061,37217.077,37574.921,37915.562,38239.911,38548.825,38843.109,39123.517,39390.759,39645.501,39888.369,40119.951,40340.798,40551.429,40752.333,40943.968,41126.764,41301.129,41467.443,41626.066,41777.335,41921.569,42059.068,42190.113,42314.970,42433.891,42547.109,42654.849,42757.318,42854.713,42947.220,43035.014,43118.257,43197.105,43271.703,43342.186,43408.681,43471.309,43530.180,43585.400,43637.065,43685.265,43730.085,43771.603,43809.888,43845.008,43877.021,43905.982,43931.940,43954.936,43975.010,43992.194,44006.515,44017.997,44026.656,44032.505,44035.551,44035.796,44033.238,44027.868,44019.673,44008.635,43994.728,43977.924,43958.188,43935.477,43909.744,43880.936,43848.992,43813.846,43775.423,43733.642,43688.413,43639.640,43587.215,43531.025,43470.944,43406.838,43338.562,43265.960,43188.864,43107.092,43020.453,42928.738,42831.724,42729.174,42620.834,42506.432,42385.679,42258.267,42123.866,41982.131,41832.690,41675.154,41509.110,41334.125,41149.743,40955.489,40750.869,40535.372,40308.472,40069.635,39818.321,39553.990,39276.112,38984.176,38677.701,38356.244,38019.421,37666.918,37298.505,36914.058,36513.567,36097.156,35665.089,35217.782,34755.801,34279.865,33790.834,33289.698,32777.559,32255.610,31725.106,31187.348,30643.647,30095.309,29543.609,28989.775,28434.973,27880.295,27326.755,26775.280,26226.712,25681.805,25141.232,24605.585,24075.378,23551.059,23033.006,22521.542,22016.933,21519.398,21029.111,20546.208,20070.790,19602.926,19142.662,18690.016,18244.987,17807.557,17377.690,16955.339,16540.442,16132.930,15732.722,15339.733,14953.869,14575.032,14203.119,13838.023,13479.633,13127.838,12782.521,12443.567,12110.858,11784.274,11463.695,11149.002,10840.074,10536.789,10239.026,9946.665,9659.584,9377.664,9100.783,8828.823,8561.663,8299.184,8041.269,7787.799,7538.657,7293.725,7052.888,6816.029,6583.033,6353.786,6128.174,5906.082,5687.397,5472.007,5259.800,5050.663,4844.487,4641.159,4440.569,4242.608,4047.166,3854.134,3663.403,3474.864,3288.410,3103.933,2921.325,2740.478,2561.287,2383.645,2207.445,2032.580,1858.946,1686.435,1514.944,1344.365,1174.594,1005.526,837.056,669.078,501.488,334.182,167.054,0.000
0.000,1629.120,3251.576,4860.841,6450.675,8015.256,9549.284,11048.057,12507.533,13924.349,15295.830,16619.963,17895.364,19121.226,20297.258,21423.622,22500.866,23529.861,24511.737,25447.832,26339.636,27188.752,27996.854,28765.659,29496.898,30192.292,30853.543,31482.310,32080.208,32648.794,33189.568,33703.964,34193.352,34659.034,35102.249,35524.171,35925.911,36308.519,36672.987,37020.250,37351.190,37666.640,37967.383,38254.157,38527.656,38788.534,39037.409,39274.859,39501.430,39717.638,39923.965,40120.868,40308.777,40488.097,40659.208,40822.472,40978.225,41126.789,41268.463,41403.533,41532.265,41654.912,41771.713,41882.891,41988.658,42089.214,42184.746,42275.431,42361.436,42442.918,42520.023,42592.890,42661.648,42726.421,42787.320,42844.453,42897.919,42947.810,42994.212,43037.205,43076.861,43113.247,43146.425,43176.450,43203.372,43227.235,43248.080,43265.938,43280.840,43292.808,43301.861,43308.011,43311.268,43311.634,43309.105,43303.676,43295.333,43284.058,43269.827,43252.611,43232.375,43209.078,43182.672,43153.105,43120.316,43084.240,43044.801,43001.921,42955.510,42905.470,42851.698,42794.080,42732.493,42666.803,42596.870,42522.537,42443.641,42360.005,42271.440,42177.744,42078.699,41974.076,41863.629,41747.096,41624.200,41494.644,41358.117,41214.289,41062.808,40903.310,40735.407,40558.695,40372.755,40177.148,39971.422,39755.115,39527.754,39288.862,39037.960,38774.578,38498.256,38208.559,37905.082,37587.461,37255.388,36908.620,36546.994,36170.440,35778.993,35372.801,34952.135,34517.397,34069.117,33607.953,33134.682,32650.193,32155.470,31651.573,31139.623,30620.775,30096.204,29567.080,29034.553,28499.738,27963.700,27427.446,26891.916,26357.978,25826.430,25297.991,24773.311,24252.966,23737.468,23227.260,22722.731,22224.211,21731.980,21246.275,20767.286,20295.171,19830.049,19372.012,18921.125,18477.429,18040.942,17611.665,17189.584,16774.668,16366.874,15966.151,15572.433,15185.651,14805.726,14432.574,14066.105,13706.225,13352.834,13005.833,12665.116,12330.577,12002.107,11679.596,11362.934,11052.006,10746.700,10446.903,10152.499,9863.375,9579.414,9300.503,9026.527,8757.370,8492.918,8233.057,7977.672,7726.650,7479.877,7237.239,6998.625,6763.921,6533.016,6305.797,6082.154,5861.976,5645.151,5431.571,5221.126,5013.705,4809.200,4607.503,4408.505,4212.097,4018.175,3826.628,3637.351,3450.236,3265.178,3082.071,2900.808,2721.284,2543.394,2367.032,2192.094,2018.474,1846.069,1674.774,1504.484,1335.097,1166.506,998.610,831.303,664.484,498.047,331.890,165.908,0.000
0.000,1552.466,3099.067,4634.047,6151.886,7647.401,9115.840,10552.946,11955.009,13318.891,14642.033,15922.444,17158.679,18349.799,19495.325,20595.188,21649.675,22659.381,23625.149,24548.030,25429.233,26270.092,27072.024,27836.508,28565.051,29259.173,29920.386,30550.185,31150.030,31721.346,32265.510,32783.848,33277.636,33748.092,34196.383,34623.617,35030.849,35419.079,35789.257,36142.283,36479.005,36800.229,37106.716,37399.181,37678.304,37944.724,38199.046,38441.839,38673.641,38894.960,39106.274,39308.036,39500.672,39684.584,39860.152,40027.735,40187.672,40340.281,40485.864,40624.708,40757.079,40883.231,41003.405,41117.827,41226.709,41330.252,41428.648,41522.073,41610.697,41694.679,41774.167,41849.302,41920.216,41987.031,42049.865,42108.825,42164.012,42215.519,42263.436,42307.842,42348.812,42386.414,42420.712,42451.761,42479.614,42504.315,42525.905,42544.420,42559.887,42572.332,42581.774,42588.227,42591.700,42592.196,42589.714,42584.246,42575.781,42564.300,42549.781,42532.195,42511.507,42487.677,42460.658,42430.398,42396.838,42359.911,42319.545,42275.660,42228.168,42176.974,42121.975,42063.058,42000.102,41932.979,41861.546,41785.654,41705.141,41619.836,41529.554,41434.099,41333.261,41226.817,41114.532,40996.153,40871.416,40740.038,40601.723,40456.157,40303.014,40141.947,39972.598,39794.592,39607.540,39411.043,39204.687,38988.055,38760.723,38522.265,38272.262,38010.301,37735.988,37448.952,37148.853,36835.395,36508.332,36167.481,35812.732,35444.060,35061.528,34665.306,34255.665,33832.990,33397.777,32950.630,32492.257,32023.457,31545.114,31058.178,30563.649,30062.564,29555.977,29044.941,28530.498,28013.660,27495.404,26976.655,26458.287,25941.112,25425.881,24913.280,24403.932,23898.396,23397.173,22900.705,22409.379,21923.532,21443.454,20969.392,20501.553,20040.107,19585.194,19136.920,18695.370,18260.602,17832.652,17411.540,16997.267,16589.821,16189.175,15795.292,15408.123,15027.613,14653.696,14286.302,13925.353,13570.767,13222.457,12880.331,12544.297,12214.257,11890.110,11571.757,11259.094,10952.015,10650.416,10354.188,10063.224,9777.417,9496.655,9220.832,8949.836,8683.558,8421.889,8164.718,7911.936,7663.433,7419.098,7178.823,6942.499,6710.016,6481.265,6256.139,6034.527,5816.323,5601.419,5389.708,5181.081,4975.433,4772.656,4572.644,4375.291,4180.491,3988.139,3798.129,3610.356,3424.716,3241.103,3059.414,2879.544,2701.389,2524.846,2349.811,2176.180,2003.851,1832.720,1662.684,1493.640,1325.487,1158.120,991.439,825.339,659.720,494.478,329.512,164.720,0.000
0.000,1481.719,2958.251,4424.498,5875.550,7306.780,8713.915,10093.094,11440.913,12754.447,14031.267,15269.431,16467.469,17624.354,18739.469,19812.570,20843.737,21833.336,22781.974,23690.457,24559.755,25390.964,26185.278,26943.959,27668.314,28359.675,29019.384,29648.778,30249.175,30821.868,31368.119,31889.151,32386.144,32860.236,33312.517,33744.032,34155.778,34548.706,34923.719,35281.680,35623.403,35949.665,36261.198,36558.700,36842.830,37114.209,37373.430,37621.050,37857.596,38083.568,38299.438,38505.651,38702.630,38890.774,39070.460,39242.043,39405.861,39562.233,39711.460,39853.825,39989.599,40119.035,40242.373,40359.841,40471.653,40578.011,40679.106,40775.118,40866.218,40952.565,41034.310,41111.596,41184.554,41253.311,41317.985,41378.683,41435.509,41488.559,41537.921,41583.678,41625.905,41664.672,41700.044,41732.077,41760.825,41786.334,41808.645,41827.795,41843.814,41856.726,41866.553,41873.308,41877.002,41877.638,41875.217,41869.730,41861.168,41849.512,41834.742,41816.827,41795.735,41771.426,41743.853,41712.967,41678.706,41641.008,41599.801,41555.005,41506.534,41454.296,41398.187,41338.098,41273.912,41205.500,41132.725,41055.440,40973.490,40886.706,40794.910,40697.911,40595.509,40487.489,40373.623,40253.671,40127.381,39994.485,39854.702,39707.738,39553.284,39391.018,39220.607,39041.704,38853.952,38656.985,38450.430,38233.908,38007.042,37769.453,37520.773,37260.643,36988.725,36704.703,36408.296,36099.262,35777.410,35442.606,35094.781,34733.943,34360.182,33973.676,33574.697,33163.612,32740.886,32307.073,31862.819,31408.850,30945.961,30475.007,29996.888,29512.537,29022.902,28528.937,28031.586,27531.773,27030.392,26528.296,26026.297,25525.153,25025.571,24528.201,24033.640,23542.428,23055.052,22571.946,22093.496,21620.041,21151.877,20689.258,20232.401,19781.491,19336.678,18898.086,18465.813,18039.933,17620.497,17207.542,16801.083,16401.124,16007.653,15620.646,15240.070,14865.882,14498.029,14136.453,13781.088,13431.863,13088.703,12751.525,12420.247,12094.779,11775.032,11460.911,11152.323,10849.169,10551.351,10258.768,9971.320,9688.903,9411.415,9138.751,8870.808,8607.481,8348.664,8094.253,7844.141,7598.223,7356.393,7118.545,6884.574,6654.374,6427.840,6204.865,5985.345,5769.174,5556.248,5346.461,5139.709,4935.887,4734.892,4536.618,4340.962,4147.820,3957.089,3768.665,3582.446,3398.327,3216.207,3035.983,2857.553,2680.813,2505.662,2331.998,2159.719,1988.723,1818.910,1650.176,1482.421,1315.544,1149.444,984.019,819.168,654.791,490.786,327.053,163.491,0.000
0.000,1416.202,2827.797,4230.247,5619.170,6990.419,8340.141,9664.828,10961.353,12227.000,13459.471,14656.887,15817.782,16941.077,18026.058,19072.344,20079.854,21048.768,21979.497,22872.642,23728.967,24549.362,25334.823,26086.420,26805.281,27492.568,28149.465,28777.162,29376.843,29949.679,30496.821,31019.391,31518.478,31995.140,32450.393,32885.218,33300.552,33697.296,34076.310,34438.413,34784.387,35114.974,35430.883,35732.786,36021.321,36297.093,36560.677,36812.617,37053.429,37283.604,37503.604,37713.869,37914.813,38106.832,38290.299,38465.565,38632.966,38792.818,38945.421,39091.059,39229.999,39362.495,39488.788,39609.105,39723.661,39832.659,39936.289,40034.735,40128.165,40216.743,40300.618,40379.935,40454.828,40525.424,40591.840,40654.188,40712.572,40767.087,40817.825,40864.869,40908.295,40948.175,40984.573,41017.549,41047.157,41073.443,41096.450,41116.215,41132.769,41146.138,41156.344,41163.401,41167.320,41168.107,41165.760,41160.275,41151.641,41139.841,41124.854,41106.652,41085.203,41060.468,41032.401,41000.952,40966.064,40927.673,40885.709,40840.095,40790.746,40737.570,40680.468,40619.333,40554.049,40484.491,40410.527,40332.013,40248.799,40160.720,40067.607,39969.274,39865.528,39756.164,39640.965,39519.701,39392.133,39258.008,39117.059,38969.012,38813.578,38650.456,38479.338,38299.905,38111.829,37914.776,37708.410,37492.389,37266.377,37030.039,36783.053,36525.107,36255.912,35975.201,35682.743,35378.343,35061.854,34733.180,34392.289,34039.215,33674.064,33297.024,32908.360,32508.423,32097.647,31676.545,31245.708,30805.795,30357.528,29901.678,29439.059,28970.513,28496.899,28019.081,27537.920,27054.258,26568.917,26082.684,25596.312,25110.509,24625.941,24143.221,23662.921,23185.558,22711.604,22241.486,21775.582,21314.232,20857.732,20406.343,19960.290,19519.765,19084.930,18655.922,18232.849,17815.799,17404.839,17000.017,16601.363,16208.892,15822.609,15442.501,15068.547,14700.716,14338.970,13983.260,13633.532,13289.724,12951.772,12619.604,12293.144,11972.315,11657.032,11347.212,11042.767,10743.607,10449.639,10160.770,9876.905,9597.947,9323.800,9054.364,8789.540,8529.230,8273.330,8021.743,7774.365,7531.095,7291.832,7056.472,6824.915,6597.058,6372.798,6152.033,5934.660,5720.578,5509.684,5301.876,5097.052,4895.109,4695.946,4499.460,4305.551,4114.117,3925.056,3738.266,3553.647,3371.097,3190.515,3011.802,2834.855,2659.574,2485.859,2313.610,2142.725,1973.106,1804.652,1637.262,1470.838,1305.279,1140.485,976.357,812.796,649.701,486.973,324.514,162.222,0.000
0.000,1355.338,2706.567,4049.629,5380.602,6695.754,7991.603,9264.953,10512.934,11733.021,12923.050,14081.218,15206.079,16296.528,17351.785,18371.369,19355.069,20302.920,21215.166,22092.240,22934.728,23743.344,24518.909,25262.325,25974.558,26656.616,27309.539,27934.381,28532.203,29104.060,29650.998,30174.042,30674.196,31152.435,31609.708,32046.928,32464.978,32864.705,33246.924,33612.413,33961.917,34296.148,34615.785,34921.475,35213.833,35493.446,35760.871,36016.638,36261.250,36495.186,36718.899,36932.820,37137.358,37332.900,37519.814,37698.449,37869.136,38032.189,38187.905,38336.565,38478.435,38613.771,38742.810,38865.779,38982.893,39094.355,39200.357,39301.081,39396.697,39487.368,39573.247,39654.476,39731.192,39803.522,39871.584,39935.492,39995.349,40051.254,40103.297,40151.563,40196.130,40237.070,40274.448,40308.325,40338.755,40365.787,40389.464,40409.823,40426.896,40440.711,40451.290,40458.648,40462.797,40463.742,40461.485,40456.021,40447.339,40435.425,40420.256,40401.808,40380.048,40354.938,40326.435,40294.489,40259.043,40220.037,40177.400,40131.059,40080.929,40026.922,39968.941,39906.881,39840.630,39770.066,39695.061,39615.477,39531.166,39441.973,39347.731,39248.264,39143.387,39032.903,38916.606,38794.279,38665.692,38530.610,38388.781,38239.947,38083.839,37920.180,37748.684,37569.056,37380.999,37184.209,36978.381,36763.211,36538.398,36303.647,36058.677,35803.219,35537.026,35259.874,34971.574,34671.970,34360.952,34038.460,33704.486,33359.086,33002.379,32634.556,32255.876,31866.673,31467.353,31058.392,30640.332,30213.775,29779.376,29337.839,28889.898,28436.319,27977.880,27515.370,27049.572,26581.260,26111.187,25640.083,25168.644,24697.534,24227.376,23758.753,23292.206,22828.231,22367.285,21909.782,21456.094,21006.556,20561.466,20121.087,19685.646,19255.345,18830.353,18410.816,17996.854,17588.564,17186.026,16789.298,16398.423,16013.430,15634.333,15261.131,14893.816,14532.369,14176.760,13826.952,13482.901,13144.556,12811.861,12484.754,12163.168,11847.033,11536.274,11230.814,10930.572,10635.466,10345.411,10060.318,9780.099,9504.663,9233.918,8967.772,8706.130,8448.897,8195.977,7947.273,7702.689,7462.127,7225.488,6992.674,6763.587,6538.129,6316.198,6097.697,5882.526,5670.586,5461.777,5255.999,5053.153,4853.139,4655.858,4461.210,4269.096,4079.415,3892.070,3706.960,3523.987,3343.050,3164.051,2986.892,2811.472,2637.693,2465.457,2294.664,2125.216,1957.013,1789.959,1623.954,1458.900,1294.699,1131.252,968.461,806.228,644.455,483.043,321.896,160.914,0.000
0.000,1298.631,2593.581,3881.213,5157.997,6420.569,7665.770,8890.686,10092.678,11269.403,12418.824,13539.222,14629.183,15687.598,16713.644,17706.765,18666.654,19593.224,20486.589,21347.036,22175.001,22971.047,23735.844,24470.145,25174.769,25850.589,26498.511,27119.467,27714.402,28284.265,28830.000,29352.543,29852.814,30331.712,30790.115,31228.876,31648.820,32050.744,32435.414,32803.570,33155.920,33493.140,33815.883,34124.768,34420.387,34703.308,34974.068,35233.182,35481.140,35718.405,35945.423,36162.614,36370.379,36569.098,36759.132,36940.826,37114.507,37280.483,37439.049,37590.484,37735.052,37873.006,38004.582,38130.007,38249.494,38363.247,38471.456,38574.304,38671.960,38764.589,38852.342,38935.364,39013.791,39087.750,39157.362,39222.738,39283.986,39341.202,39394.480,39443.903,39489.551,39531.498,39569.808,39604.543,39635.759,39663.505,39687.824,39708.755,39726.332,39740.581,39751.526,39759.184,39763.566,39764.679,39762.525,39757.100,39748.394,39736.394,39721.079,39702.425,39680.399,39654.966,39626.083,39593.703,39557.769,39518.222,39474.996,39428.016,39377.202,39322.467,39263.717,39200.852,39133.760,39062.326,38986.425,38905.923,38820.680,38730.543,38635.355,38534.947,38429.141,38317.751,38200.580,38077.424,37948.065,37812.281,37669.838,37520.494,37364.000,37200.098,37028.524,36849.011,36661.285,36465.072,36260.097,36046.089,35822.780,35589.912,35347.238,35094.528,34831.571,34558.183,34274.208,33979.526,33674.057,33357.767,33030.672,32692.843,32344.407,31985.557,31616.545,31237.688,30849.368,30452.024,30046.157,29632.319,29211.107,28783.163,28349.155,27909.781,27465.750,27017.780,26566.590,26112.889,25657.372,25200.714,24743.561,24286.534,23830.217,23375.161,22921.879,22470.847,22022.504,21577.250,21135.450,20697.433,20263.494,19833.895,19408.870,18988.622,18573.327,18163.138,17758.183,17358.570,16964.387,16575.703,16192.572,15815.031,15443.105,15076.807,14716.137,14361.084,14011.632,13667.752,13329.409,12996.563,12669.164,12347.161,12030.494,11719.101,11412.916,11111.867,10815.883,10524.886,10238.798,9957.537,9681.020,9409.163,9141.879,8879.079,8620.675,8366.576,8116.691,7870.927,7629.192,7391.392,7157.433,6927.219,6700.657,6477.649,6258.100,6041.915,5828.997,5619.249,5412.574,5208.875,5008.055,4810.019,4614.667,4421.902,4231.628,4043.748,3858.164,3674.778,3493.493,3314.213,3136.840,2961.277,2787.426,2615.190,2444.473,2275.177,2107.205,1940.460,1774.845,1610.264,1446.619,1283.814,1121.753,960.337,799.470,639.057,479.000,319.203,159.568,0.000
0.000,1245.652,2487.998,3723.759,4949.754,6162.936,7360.436,8539.590,9697.969,10833.398,11943.966,13028.036,14084.241,15111.477,16108.899,17075.898,18012.092,18917.301,19791.528,20634.942,21447.852,22230.692,22983.998,23708.392,24404.567,25073.270,25715.290,26331.446,26922.575,27489.526,28033.153,28554.305,29053.820,29532.528,29991.238,30430.743,30851.811,31255.190,31641.602,32011.743,32366.284,32705.871,33031.124,33342.637,33640.978,33926.691,34200.298,34462.294,34713.154,34953.331,35183.255,35403.338,35613.971,35815.527,36008.361,36192.809,36369.194,36537.821,36698.978,36852.943,36999.978,37140.331,37274.238,37401.924,37523.600,37639.470,37749.722,37854.539,37954.092,38048.542,38138.041,38222.736,38302.762,38378.245,38449.309,38516.064,38578.617,38637.068,38691.508,38742.023,38788.693,38831.591,38870.785,38906.336,38938.300,38966.727,38991.662,39013.144,39031.206,39045.878,39057.182,39065.137,39069.755,39071.043,39069.005,39063.637,39054.931,39042.874,39027.446,39008.624,38986.378,38960.671,38931.465,38898.711,38862.357,38822.344,38778.608,38731.076,38679.672,38624.310,38564.901,38501.345,38433.536,38361.363,38284.705,38203.434,38117.414,38026.500,37930.540,37829.374,37722.834,37610.740,37492.909,37369.144,37239.245,37103.001,36960.193,36810.597,36653.980,36490.107,36318.733,36139.615,35952.504,35757.152,35553.313,35340.743,35119.208,34888.479,34648.343,34398.603,34139.081,33869.624,33590.108,33300.441,33000.570,32690.482,32370.210,32039.837,31699.499,31349.385,30989.740,30620.866,30243.119,29856.911,29462.703,29061.001,28652.355,28237.350,27816.598,27390.733,26960.407,26526.277,26089.001,25649.232,25207.611,24764.763,24321.291,23877.773,23434.758,22992.765,22552.283,22113.764,21677.630,21244.267,20814.030,20387.242,19964.194,19545.146,19130.332,18719.959,18314.207,17913.234,17517.175,17126.144,16740.239,16359.536,15984.099,15613.975,15249.197,14889.787,14535.755,14187.101,13843.814,13505.877,13173.264,12845.942,12523.870,12207.004,11895.294,11588.684,11287.115,10990.523,10698.842,10412.002,10129.930,9852.551,9579.788,9311.560,9047.787,8788.386,8533.272,8282.359,8035.562,7792.790,7553.956,7318.970,7087.740,6860.177,6636.189,6415.682,6198.565,5984.745,5774.127,5566.618,5362.124,5160.551,4961.805,4765.790,4572.412,4381.575,4193.186,4007.149,3823.368,3641.749,3462.196,3284.614,3108.907,2934.980,2762.738,2592.085,2422.926,2255.166,2088.709,1923.460,1759.323,1596.203,1434.006,1272.635,1111.996,951.992,792.530,633.513,474.847,316.436,158.186,0.000
0.000,1196.033,2389.082,3576.190,4754.474,5921.172,7073.666,8209.521,9326.496,10422.573,11495.959,12545.103,13568.685,14565.623,15535.061,16476.355,17389.066,18272.940,19127.895,19953.998,20751.453,21520.581,22261.805,22975.632,23662.642,24323.471,24958.801,25569.347,26155.851,26719.070,27259.769,27778.718,28276.680,28754.415,29212.670,29652.176,30073.651,30477.791,30865.275,31236.757,31592.873,31934.234,32261.429,32575.027,32875.570,33163.582,33439.563,33703.991,33957.327,34200.007,34432.450,34655.058,34868.210,35072.271,35267.588,35454.492,35633.298,35804.306,35967.801,36124.055,36273.328,36415.864,36551.897,36681.650,36805.333,36923.147,37035.280,37141.914,37243.218,37339.353,37430.472,37516.720,37598.232,37675.136,37747.553,37815.596,37879.371,37938.977,37994.508,38046.049,38093.681,38137.478,38177.506,38213.829,38246.503,38275.579,38301.102,38323.111,38341.642,38356.723,38368.379,38376.628,38381.485,38382.956,38381.046,38375.753,38367.068,38354.982,38339.474,38320.521,38298.097,38272.167,38242.691,38209.624,38172.916,38132.509,38088.341,38040.343,37988.439,37932.549,37872.584,37808.449,37740.043,37667.258,37589.978,37508.080,37421.433,37329.900,37233.336,37131.588,37024.496,36911.892,36793.600,36669.438,36539.215,36402.735,36259.794,36110.185,35953.691,35790.096,35619.177,35440.711,35254.471,35060.236,34857.784,34646.899,34427.373,34199.009,33961.620,33715.038,33459.116,33193.727,32918.774,32634.189,32339.940,32036.033,31722.516,31399.480,31067.064,30725.456,30374.891,30015.658,29648.092,29272.574,28889.532,28499.435,28102.786,27700.122,27292.005,26879.016,26461.752,26040.817,25616.816,25190.351,24762.015,24332.387,23902.029,23471.480,23041.258,22611.851,22183.721,21757.302,21332.995,20911.174,20492.183,20076.335,19663.917,19255.188,18850.379,18449.697,18053.327,17661.429,17274.145,16891.595,16513.880,16141.087,15773.286,15410.533,15052.867,14700.321,14352.912,14010.647,13673.527,13341.540,13014.669,12692.887,12376.165,12064.463,11757.739,11455.944,11159.026,10866.929,10579.591,10296.949,10018.936,9745.483,9476.518,9211.966,8951.751,8695.795,8444.019,8196.340,7952.677,7712.945,7477.059,7244.934,7016.483,6791.618,6570.250,6352.291,6137.652,5926.241,5717.970,5512.745,5310.478,5111.074,4914.444,4720.495,4529.133,4340.268,4153.805,3969.652,3787.716,3607.904,3430.122,3254.277,3080.276,2908.025,2737.430,2568.399,2400.836,2234.650,2069.745,1906.028,1743.406,1581.785,1421.071,1261.171,1101.990,943.434,785.411,627.827,470.587,313.599,156.767,0.000
0.000,1149.447,2296.196,3437.565,4570.938,5693.800,6803.763,7898.590,8976.216,10034.765,11072.559,12088.127,13080.205,14047.736,14989.864,15905.926,16795.441,17658.099,18493.746,19302.367,20084.078,20839.104,21567.770,22270.484,22947.724,23600.029,24227.984,24832.212,25413.365,25972.116,26509.149,27025.160,27520.841,27996.887,28453.982,28892.804,29314.016,29718.269,30106.196,30478.414,30835.519,31178.092,31506.691,31821.855,32124.106,32413.941,32691.843,32958.271,33213.668,33458.458,33693.046,33917.820,34133.151,34339.394,34536.887,34725.954,34906.903,35080.028,35245.610,35403.916,35555.201,35699.708,35837.666,35969.295,36094.804,36214.391,36328.244,36436.542,36539.454,36637.140,36729.752,36817.433,36900.321,36978.540,37052.213,37121.454,37186.366,37247.051,37303.601,37356.102,37404.636,37449.276,37490.090,37527.141,37560.487,37590.178,37616.261,37638.775,37657.756,37673.234,37685.234,37693.774,37698.870,37700.531,37698.760,37693.558,37684.917,37672.827,37657.270,37638.225,37615.666,37589.559,37559.866,37526.545,37489.547,37448.816,37404.292,37355.909,37303.595,37247.270,37186.851,37122.245,37053.357,36980.082,36902.309,36819.919,36732.790,36640.790,36543.781,36441.618,36334.150,36221.216,36102.653,35978.289,35847.947,35711.441,35568.584,35419.183,35263.039,35099.951,34929.718,34752.136,34567.000,34374.112,34173.272,33964.289,33746.981,33521.175,33286.712,33043.449,32791.262,32530.050,32259.738,31980.280,31691.661,31393.901,31087.059,30771.234,30446.567,30113.241,29771.485,29421.572,29063.817,28698.576,28326.248,27947.264,27562.091,27171.221,26775.170,26374.475,25969.683,25561.350,25150.035,24736.293,24320.674,23903.715,23485.940,23067.855,22649.944,22232.668,21816.466,21401.748,20988.901,20578.282,20170.224,19765.033,19362.987,18964.342,18569.328,18178.152,17790.999,17408.031,17029.394,16655.213,16285.595,15920.632,15560.400,15204.962,14854.366,14508.649,14167.838,13831.948,13500.984,13174.945,12853.819,12537.589,12226.229,11919.709,11617.994,11321.040,11028.802,10741.229,10458.268,10179.859,9905.943,9636.454,9371.327,9110.492,8853.876,8601.408,8353.012,8108.611,7868.125,7631.477,7398.584,7169.364,6943.734,6721.610,6502.907,6287.539,6075.421,5866.463,5660.580,5457.683,5257.683,5060.492,4866.019,4674.176,4484.872,4298.017,4113.520,3931.291,3751.239,3573.273,3397.301,3223.231,3050.973,2880.435,2711.525,2544.152,2378.222,2213.645,2050.329,1888.181,1727.109,1567.022,1407.826,1249.431,1091.743,934.670,778.121,622.003,466.224,310.692,155.315,0.000
0.000,1105.614,2208.780,3307.059,4398.072,5479.523,6549.226,7605.126,8645.315,9668.049,10671.757,11655.048,12616.713,13555.727,14471.243,15362.588,16229.253,17070.883,17887.268,18678.327,19444.102,20184.736,20900.469,21591.623,22258.589,22901.817,23521.806,24119.096,24694.257,25247.885,25780.592,26293.000,26785.739,27259.439,27714.729,28152.232,28572.562,28976.324,29364.107,29736.490,30094.036,30437.289,30766.779,31083.019,31386.503,31677.709,31957.097,32225.109,32482.170,32728.689,32965.058,33191.652,33408.832,33616.942,33816.311,34007.256,34190.077,34365.062,34532.486,34692.611,34845.688,34991.955,35131.639,35264.956,35392.113,35513.305,35628.718,35738.530,35842.907,35942.010,36035.989,36124.987,36209.138,36288.570,36363.402,36433.749,36499.715,36561.400,36618.897,36672.293,36721.668,36767.097,36808.647,36846.383,36880.362,36910.635,36937.249,36960.244,36979.658,36995.519,37007.853,37016.681,37022.018,37023.874,37022.254,37017.158,37008.582,36996.513,36980.938,36961.836,36939.182,36912.944,36883.087,36849.568,36812.342,36771.354,36726.549,36677.860,36625.220,36568.553,36507.777,36442.806,36373.546,36299.897,36221.754,36139.005,36051.531,35959.208,35861.905,35759.485,35651.804,35538.714,35420.058,35295.677,35165.404,35029.069,34886.496,34737.507,34581.920,34419.551,34250.215,34073.728,33889.906,33698.569,33499.541,33292.652,33077.744,32854.665,32623.280,32383.469,32135.129,31878.181,31612.568,31338.262,31055.263,30763.603,30463.351,30154.608,29837.518,29512.259,29179.053,28838.157,28489.868,28134.522,27772.488,27404.166,27029.987,26650.407,26265.901,25876.964,25484.100,25087.822,24688.647,24287.089,23883.659,23478.855,23073.168,22667.069,22261.014,21855.439,21450.757,21047.361,20645.617,20245.871,19848.443,19453.628,19061.700,18672.908,18287.480,17905.620,17527.513,17153.326,16783.203,16417.275,16055.652,15698.431,15345.694,14997.509,14653.931,14315.003,13980.757,13651.216,13326.393,13006.291,12690.907,12380.229,12074.239,11772.913,11476.221,11184.126,10896.590,10613.568,10335.010,10060.864,9791.076,9525.584,9264.329,9007.246,8754.267,8505.324,8260.346,8019.261,7781.994,7548.468,7318.608,7092.333,6869.566,6650.224,6434.226,6221.490,6011.932,5805.468,5602.014,5401.483,5203.791,5008.850,4816.574,4626.876,4439.668,4254.862,4072.369,3892.101,3713.970,3537.887,3363.761,3191.503,3021.025,2852.236,2685.046,2519.365,2355.104,2192.172,2030.478,1869.932,1710.445,1551.925,1394.282,1237.425,1081.264,925.707,770.666,616.048,461.762,307.720,153.830,0.000
0.000,1064.285,2126.341,3183.947,4234.931,5277.194,6308.730,7327.646,8332.178,9320.705,10291.753,11244.010,12176.324,13087.703,13977.317,14844.490,15688.693,16509.541,17306.778,18080.271,18829.997,19556.034,20258.548,20937.785,21594.059,22227.744,22839.261,23429.075,23997.682,24545.608,25073.397,25581.605,26070.802,26541.560,26994.453,27430.053,27848.928,28251.636,28638.729,29010.745,29368.213,29711.646,30041.543,30358.392,30662.660,30954.805,31235.263,31504.460,31762.803,32010.686,32248.486,32476.566,32695.275,32904.947,33105.901,33298.446,33482.874,33659.467,33828.493,33990.210,34144.862,34292.684,34433.898,34568.719,34697.348,34819.979,34936.795,35047.972,35153.675,35254.063,35349.283,35439.480,35524.785,35605.326,35681.221,35752.585,35819.521,35882.129,35940.501,35994.726,36044.882,36091.045,36133.284,36171.661,36206.233,36237.055,36264.171,36287.624,36307.451,36323.681,36336.341,36345.452,36351.030,36353.087,36351.627,36346.653,36338.159,36326.137,36310.574,36291.449,36268.739,36242.415,36212.442,36178.780,36141.385,36100.208,36055.191,36006.274,35953.390,35896.468,35835.430,35770.192,35700.666,35626.757,35548.363,35465.378,35377.690,35285.182,35187.728,35085.200,34977.464,34864.377,34745.796,34621.570,34491.544,34355.561,34213.458,34065.070,33910.230,33748.772,33580.526,33405.324,33223.003,33033.401,32836.362,32631.737,32419.386,32199.180,31971.003,31734.754,31490.352,31237.733,30976.859,30707.715,30430.314,30144.698,29850.942,29549.153,29239.470,28922.071,28597.166,28265.002,27925.859,27580.050,27227.919,26869.841,26506.213,26137.458,25764.015,25386.341,25004.902,24620.174,24232.634,23842.761,23451.027,23057.898,22663.832,22269.271,21874.643,21480.359,21086.810,20694.370,20303.388,19914.196,19527.102,19142.390,18760.328,18381.160,18005.107,17632.374,17263.144,16897.582,16535.838,16178.040,15824.306,15474.734,15129.411,14788.410,14451.790,14119.602,13791.882,13468.659,13149.952,12835.771,12526.117,12220.987,11920.366,11624.238,11332.578,11045.356,10762.537,10484.083,10209.951,9940.092,9674.457,9412.991,9155.638,8902.337,8653.027,8407.642,8166.118,7928.383,7694.369,7464.003,7237.211,7013.919,6794.050,6577.528,6364.272,6154.205,5947.245,5743.312,5542.324,5344.197,5148.849,4956.197,4766.154,4578.637,4393.561,4210.840,4030.387,3852.117,3675.942,3501.776,3329.531,3159.120,2990.456,2823.450,2658.014,2494.060,2331.500,2170.246,2010.208,1851.298,1693.427,1536.508,1380.449,1225.163,1070.561,916.553,763.051,609.964,457.205,304.684,152.312,0.000
0.000,1025.239,2048.445,3067.587,4080.680,5085.797,6081.095,7064.828,8035.363,8991.190,9930.929,10853.342,11757.331,12641.944,13506.367,14349.931,15172.095,15972.452,16750.711,17506.696,18240.331,18951.638,19640.722,20307.763,20953.007,21576.759,22179.374,22761.248,23322.811,23864.524,24386.869,24890.342,25375.457,25842.730,26292.686,26725.848,27142.738,27543.873,27929.766,28300.918,28657.824,29000.967,29330.816,29647.831,29952.458,30245.129,30526.263,30796.263,31055.523,31304.418,31543.312,31772.556,31992.485,32203.423,32405.681,32599.556,32785.335,32963.291,33133.686,33296.771,33452.787,33601.962,33744.516,33880.658,34010.587,34134.493,34252.558,34364.953,34471.844,34573.385,34669.725,34761.005,34847.355,34928.903,35005.766,35078.057,35145.880,35209.334,35268.511,35323.499,35374.377,35421.220,35464.096,35503.070,35538.198,35569.534,35597.124,35621.011,35641.231,35657.815,35670.792,35680.181,35686.000,35688.261,35686.971,35682.132,35673.740,35661.789,35646.264,35627.150,35604.422,35578.054,35548.013,35514.261,35476.757,35435.451,35390.291,35341.219,35288.171,35231.079,35169.869,35104.461,35034.770,34960.706,34882.174,34799.072,34711.295,34618.731,34521.262,34418.768,34311.121,34198.190,34079.839,33955.929,33826.316,33690.852,33549.390,33401.777,33247.860,33087.486,32920.504,32746.761,32566.110,32378.407,32183.514,31981.300,31771.643,31554.434,31329.573,31096.979,30856.585,30608.344,30352.233,30088.247,29816.412,29536.777,29249.421,28954.454,28652.014,28342.274,28025.436,27701.733,27371.432,27034.826,26692.238,26344.015,25990.527,25632.165,25269.339,24902.471,24531.993,24158.346,23781.972,23403.316,23022.820,22640.917,22258.035,21874.589,21490.982,21107.600,20724.816,20342.983,19962.435,19583.489,19206.440,18831.566,18459.124,18089.351,17722.466,17358.670,16998.144,16641.053,16287.545,15937.754,15591.796,15249.775,14911.780,14577.887,14248.162,13922.658,13601.417,13284.475,12971.853,12663.569,12359.629,12060.034,11764.777,11473.845,11187.219,10904.876,10626.785,10352.913,10083.222,9817.669,9556.209,9298.791,9045.364,8795.872,8550.258,8308.461,8070.419,7836.066,7605.337,7378.162,7154.472,6934.196,6717.260,6503.590,6293.112,6085.748,5881.421,5680.054,5481.566,5285.878,5092.909,4902.578,4714.804,4529.503,4346.593,4165.990,3987.611,3811.372,3637.187,3464.972,3294.641,3126.110,2959.292,2794.101,2630.452,2468.257,2307.431,2147.886,1989.536,1832.293,1676.071,1520.782,1366.340,1212.656,1059.643,907.215,755.282,603.759,452.556,301.587,150.764,0.000
0.000,988.283,1974.707,2957.412,3934.575,4904.427,5865.271,6815.494,7753.580,8678.122,9587.829,10481.532,11358.188,12216.882,13056.825,13877.353,14677.926,15458.117,16217.611,16956.197,17673.758,18370.267,19045.775,19700.407,20334.352,20947.853,21541.204,22114.741,22668.835,23203.887,23720.322,24218.583,24699.129,25162.428,25608.955,26039.189,26453.608,26852.691,27236.912,27606.737,27962.629,28305.040,28634.412,28951.178,29255.760,29548.568,29829.999,30100.441,30360.267,30609.839,30849.504,31079.601,31300.453,31512.373,31715.661,31910.606,32097.486,32276.566,32448.103,32612.341,32769.513,32919.845,33063.552,33200.837,33331.897,33456.918,33576.079,33689.550,33797.492,33900.059,33997.397,34089.644,34176.933,34259.386,34337.123,34410.252,34478.880,34543.104,34603.016,34658.702,34710.242,34757.710,34801.175,34840.702,34876.347,34908.163,34936.198,34960.494,34981.088,34998.012,35011.294,35020.956,35027.016,35029.485,35028.373,35023.682,35015.410,35003.550,34988.092,34969.019,34946.310,34919.939,34889.876,34856.084,34818.525,34777.152,34731.915,34682.758,34629.622,34572.441,34511.144,34445.657,34375.898,34301.783,34223.220,34140.114,34052.364,33959.867,33862.511,33760.183,33652.764,33540.130,33422.156,33298.711,33169.663,33034.875,32894.211,32747.532,32594.697,32435.568,32270.006,32097.876,31919.046,31733.387,31540.778,31341.105,31134.261,30920.154,30698.701,30469.834,30233.504,29989.676,29738.337,29479.496,29213.185,28939.460,28658.405,28370.130,28074.771,27772.497,27463.501,27148.006,26826.262,26498.547,26165.163,25826.433,25482.703,25134.337,24781.714,24425.226,24065.277,23702.274,23336.630,22968.758,22599.070,22227.972,21855.863,21483.134,21110.163,20737.317,20364.945,19993.385,19622.955,19253.957,18886.676,18521.379,18158.315,17797.715,17439.793,17084.744,16732.749,16383.971,16038.560,15696.646,15358.350,15023.777,14693.018,14366.154,14043.253,13724.372,13409.560,13098.853,12792.281,12489.864,12191.614,11897.537,11607.631,11321.889,11040.295,10762.831,10489.473,10220.191,9954.952,9693.718,9436.448,9183.096,8933.616,8687.955,8446.060,8207.876,7973.342,7742.398,7514.981,7291.027,7070.469,6853.238,6639.266,6428.480,6220.810,6016.181,5814.519,5615.748,5419.793,5226.576,5036.018,4848.042,4662.567,4479.515,4298.803,4120.351,3944.078,3769.901,3597.737,3427.505,3259.120,3092.500,2927.559,2764.215,2602.383,2441.978,2282.915,2125.111,1968.478,1812.933,1658.389,1504.762,1351.965,1199.913,1048.520,897.700,747.367,597.435,447.819,298.432,149.187,0.000
0.000,953.245,1904.785,2852.914,3795.955,4732.279,5660.321,6578.586,7485.669,8380.257,9261.139,10127.214,10977.490,11811.091,12627.253,13425.327,14204.770,14965.148,15706.126,16427.466,17129.017,17810.711,18472.557,19114.629,19737.064,20340.056,20923.843,21488.707,22034.966,22562.967,23073.083,23565.708,24041.250,24500.132,24942.785,25369.643,25781.147,26177.737,26559.849,26927.918,27282.375,27623.641,27952.134,28268.259,28572.415,28864.990,29146.363,29416.901,29676.960,29926.886,30167.013,30397.666,30619.155,30831.782,31035.838,31231.601,31419.340,31599.315,31771.773,31936.952,32095.081,32246.378,32391.054,32529.309,32661.335,32787.315,32907.423,33021.828,33130.688,33234.153,33332.370,33425.473,33513.593,33596.853,33675.370,33749.252,33818.603,33883.521,33944.097,34000.417,34052.559,34100.600,34144.606,34184.641,34220.764,34253.026,34281.477,34306.157,34327.106,34344.354,34357.931,34367.860,34374.158,34376.839,34375.912,34371.381,34363.244,34351.498,34336.131,34317.130,34294.473,34268.139,34238.097,34204.315,34166.755,34125.372,34080.121,34030.947,33977.795,33920.601,33859.301,33793.821,33724.087,33650.016,33571.524,33488.520,33400.910,33308.596,33211.473,33109.436,33002.372,32890.168,32772.707,32649.866,32521.524,32387.556,32247.835,32102.234,31950.627,31792.886,31628.889,31458.511,31281.636,31098.150,30907.946,30710.924,30506.995,30296.080,30078.109,29853.029,29620.803,29381.408,29134.842,28881.122,28620.287,28352.398,28077.542,27795.829,27507.395,27212.400,26911.031,26603.502,26290.048,25970.931,25646.434,25316.860,24982.532,24643.789,24300.985,23954.484,23604.662,23251.897,22896.575,22539.081,22179.800,21819.111,21457.390,21095.002,20732.304,20369.642,20007.348,19645.741,19285.126,18925.791,18568.008,18212.036,17858.114,17506.468,17157.304,16810.816,16467.181,16126.559,15789.099,15454.933,15124.180,14796.948,14473.331,14153.411,13837.259,13524.937,13216.496,12911.977,12611.412,12314.828,12022.240,11733.658,11449.086,11168.519,10891.950,10619.361,10350.735,10086.046,9825.265,9568.359,9315.291,9066.019,8820.501,8578.689,8340.533,8105.981,7874.978,7647.466,7423.387,7202.678,6985.277,6771.119,6560.137,6352.264,6147.430,5945.564,5746.596,5550.452,5357.059,5166.342,4978.226,4792.634,4609.490,4428.715,4250.231,4073.961,3899.823,3727.738,3557.626,3389.406,3222.996,3058.316,2895.283,2733.815,2573.829,2415.243,2257.973,2101.937,1947.052,1793.232,1640.396,1488.458,1337.336,1186.944,1037.199,888.016,739.311,591.000,442.997,295.219,147.582,0.000
0.000,919.970,1838.375,2753.643,3664.229,4568.631,5465.402,6353.158,7230.590,8096.472,8949.670,9789.146,10613.957,11423.267,12216.339,12992.536,13751.323,14492.261,15215.000,15919.282,16604.928,17271.838,17919.981,18549.392,19160.163,19752.442,20326.419,20882.329,21420.439,21941.051,22444.490,22931.103,23401.255,23855.324,24293.699,24716.777,25124.959,25518.649,25898.251,26264.166,26616.796,26956.534,27283.771,27598.887,27902.259,28194.254,28475.230,28745.536,29005.512,29255.486,29495.780,29726.704,29948.556,30161.627,30366.197,30562.535,30750.901,30931.547,31104.712,31270.628,31429.518,31581.595,31727.063,31866.118,31998.948,32125.733,32246.644,32361.844,32471.490,32575.731,32674.709,32768.557,32857.405,32941.374,33020.579,33095.127,33165.121,33230.659,33291.830,33348.719,33401.406,33449.965,33494.463,33534.964,33571.525,33604.200,33633.037,33658.077,33679.360,33696.918,33710.779,33720.967,33727.502,33730.396,33729.661,33725.300,33717.315,33705.701,33690.450,33671.548,33648.978,33622.718,33592.740,33559.013,33521.501,33480.165,33434.959,33385.833,33332.733,33275.602,33214.375,33148.986,33079.363,33005.429,32927.104,32844.303,32756.937,32664.914,32568.138,32466.508,32359.921,32248.270,32131.447,32009.339,31881.834,31748.818,31610.173,31465.784,31315.536,31159.315,30997.008,30828.507,30653.706,30472.506,30284.813,30090.540,29889.613,29681.963,29467.535,29246.287,29018.194,28783.242,28541.438,28292.808,28037.394,27775.264,27506.505,27231.227,26949.562,26661.668,26367.723,26067.929,25762.512,25451.718,25135.811,24815.078,24489.821,24160.354,23827.010,23490.127,23150.056,22807.150,22461.770,22114.275,21765.023,21414.373,21062.675,20710.273,20357.504,20004.695,19652.159,19300.201,18949.110,18599.161,18250.616,17903.724,17558.714,17215.807,16875.203,16537.091,16201.643,15869.020,15539.367,15212.816,14889.487,14569.488,14252.915,13939.851,13630.370,13324.537,13022.405,12724.019,12429.416,12138.625,11851.665,11568.551,11289.290,11013.882,10742.323,10474.601,10210.702,9950.604,9694.283,9441.709,9192.850,8947.668,8706.123,8468.174,8233.772,8002.870,7775.416,7551.356,7330.635,7113.194,6898.973,6687.911,6479.944,6275.008,6073.036,5873.960,5677.712,5484.221,5293.418,5105.228,4919.581,4736.401,4555.615,4377.146,4200.919,4026.857,3854.882,3684.918,3516.885,3350.705,3186.299,3023.587,2862.489,2702.924,2544.813,2388.073,2232.624,2078.385,1925.273,1773.207,1622.105,1471.885,1322.464,1173.759,1025.689,878.170,731.120,584.456,438.095,291.954,145.950,0.000
0.000,888.322,1775.203,2659.193,3538.867,4412.837,5279.761,6138.355,6987.400,7825.752,8652.346,9466.201,10266.426,11052.221,11822.876,12577.773,13316.383,14038.265,14743.064,15430.504,16100.384,16752.577,17387.021,18003.715,18602.714,19184.124,19748.095,20294.817,20824.516,21337.449,21833.899,22314.171,22778.588,23227.489,23661.225,24080.155,24484.645,24875.065,25251.786,25615.182,25965.621,26303.474,26629.103,26942.867,27245.119,27536.206,27816.466,28086.230,28345.821,28595.553,28835.732,29066.654,29288.607,29501.870,29706.710,29903.389,30092.159,30273.260,30446.926,30613.382,30772.843,30925.519,31071.606,31211.297,31344.775,31472.215,31593.786,31709.646,31819.951,31924.846,32024.470,32118.956,32208.429,32293.011,32372.812,32447.942,32518.501,32584.584,32646.282,32703.678,32756.852,32805.875,32850.817,32891.740,32928.702,32961.756,32990.949,33016.325,33037.922,33055.772,33069.906,33080.347,33087.115,33090.224,33089.686,33085.506,33077.687,33066.224,33051.111,33032.336,33009.883,32983.732,32953.857,32920.230,32882.816,32841.578,32796.474,32747.457,32694.476,32637.476,32576.398,32511.178,32441.748,32368.037,32289.970,32207.467,32120.444,32028.815,31932.491,31831.377,31725.378,31614.395,31498.327,31377.072,31250.524,31118.580,30981.132,30838.077,30689.308,30534.724,30374.223,30207.709,30035.088,29856.273,29671.182,29479.743,29281.889,29077.565,28866.729,28649.348,28425.404,28194.896,27957.837,27714.257,27464.207,27207.755,26944.990,26676.020,26400.976,26120.009,25833.291,25541.016,25243.397,24940.665,24633.071,24320.884,24004.385,23683.871,23359.651,23032.043,22701.373,22367.972,22032.176,21694.323,21354.748,21013.787,20671.769,20329.018,19985.852,19642.579,19299.498,18956.897,18615.050,18274.222,17934.664,17596.613,17260.293,16925.915,16593.675,16263.755,15936.326,15611.544,15289.554,14970.486,14654.459,14341.583,14031.952,13725.654,13422.763,13123.345,12827.457,12535.147,12246.455,11961.413,11680.043,11402.365,11128.388,10858.117,10591.551,10328.683,10069.501,9813.988,9562.124,9313.883,9069.235,8828.148,8590.586,8356.508,8125.872,7898.633,7674.744,7454.152,7236.806,7022.651,6811.630,6603.685,6398.755,6196.778,5997.690,5801.427,5607.923,5417.111,5228.921,5043.285,4860.131,4679.389,4500.986,4324.849,4150.904,3979.077,3809.292,3641.475,3475.547,3311.434,3149.057,2988.340,2829.203,2671.568,2515.357,2360.490,2206.888,2054.471,1903.160,1752.873,1603.531,1455.054,1307.360,1160.369,1013.999,868.170,722.801,577.810,433.115,288.636,144.292,0.000
0.000,858.177,1715.024,2569.202,3419.394,4264.314,5102.716,5933.407,6755.251,7567.177,8368.186,9157.354,9933.834,10696.863,11445.760,12179.923,12898.836,13602.060,14289.233,14960.068,15614.350,16251.927,16872.711,17476.671,18063.830,18634.258,19188.069,19725.414,20246.482,20751.490,21240.682,21714.324,22172.704,22616.122,23044.894,23459.345,23859.806,24246.618,24620.120,24980.657,25328.572,25664.208,25987.902,26299.993,26600.810,26890.681,27169.924,27438.853,27697.775,27946.988,28186.784,28417.446,28639.250,28852.462,29057.341,29254.137,29443.093,29624.442,29798.410,29965.214,30125.065,30278.163,30424.703,30564.870,30698.843,30826.793,30948.885,31065.274,31176.113,31281.542,31381.700,31476.717,31566.716,31651.816,31732.126,31807.754,31878.800,31945.357,32007.514,32065.355,32118.958,32168.394,32213.732,32255.034,32292.358,32325.757,32355.278,32380.964,32402.854,32420.981,32435.375,32446.061,32453.059,32456.384,32456.048,32452.058,32444.417,32433.122,32418.169,32399.547,32377.240,32351.232,32321.498,32288.011,32250.741,32209.652,32164.705,32115.854,32063.054,32006.252,31945.392,31880.415,31811.257,31737.852,31660.128,31578.011,31491.423,31400.284,31304.511,31204.015,31098.708,30988.499,30873.295,30753.001,30627.521,30496.760,30360.621,30219.008,30071.827,29918.985,29760.393,29595.964,29425.617,29249.273,29066.865,28878.328,28683.609,28482.662,28275.453,28061.961,27842.177,27616.105,27383.765,27145.194,26900.444,26649.587,26392.712,26129.927,25861.358,25587.152,25307.475,25022.511,24732.462,24437.548,24138.006,23834.086,23526.054,23214.190,22898.780,22580.124,22258.526,21934.297,21607.752,21279.207,20948.976,20617.374,20284.712,19951.296,19617.423,19283.387,18949.470,18615.946,18283.078,17951.116,17620.301,17290.862,16963.014,16636.960,16312.890,15990.984,15671.406,15354.311,15039.839,14728.120,14419.274,14113.408,13810.618,13510.991,13214.605,12921.526,12631.815,12345.520,12062.685,11783.343,11507.522,11235.243,10966.520,10701.359,10439.765,10181.732,9927.254,9676.317,9428.903,9184.991,8944.554,8707.564,8473.987,8243.787,8016.926,7793.360,7573.046,7355.936,7141.980,6931.127,6723.322,6518.512,6316.636,6117.638,5921.455,5728.026,5537.288,5349.175,5163.621,4980.560,4799.924,4621.643,4445.647,4271.865,4100.226,3930.658,3763.088,3597.441,3433.644,3271.622,3111.299,2952.600,2795.450,2639.769,2485.483,2332.513,2180.783,2030.214,1880.727,1732.244,1584.688,1437.978,1292.036,1146.782,1002.138,858.024,714.359,571.065,428.062,285.270,142.609,0.000
0.000,829.423,1657.618,2483.344,3305.381,4122.536,4933.652,5737.617,6533.372,7319.914,8096.304,8861.669,9615.209,10356.195,11083.973,11797.962,12497.656,13182.621,13852.496,14506.984,15145.856,15768.944,16376.137,16967.381,17542.668,18102.039,18645.574,19173.393,19685.649,20182.524,20664.227,21130.991,21583.067,22020.724,22444.242,22853.915,23250.045,23632.941,24002.915,24360.284,24705.366,25038.477,25359.934,25670.052,25969.140,26257.505,26535.449,26803.268,27061.252,27309.684,27548.844,27779.000,28000.415,28213.346,28418.040,28614.739,28803.674,28985.071,29159.150,29326.119,29486.182,29639.534,29786.363,29926.851,30061.171,30189.491,30311.969,30428.759,30540.009,30645.858,30746.441,30841.885,30932.311,31017.836,31098.569,31174.614,31246.070,31313.029,31375.580,31433.804,31487.779,31537.577,31583.264,31624.903,31662.551,31696.261,31726.080,31752.051,31774.213,31792.601,31807.244,31818.166,31825.389,31828.930,31828.800,31825.008,31817.557,31806.447,31791.673,31773.227,31751.095,31725.261,31695.704,31662.398,31625.315,31584.422,31539.681,31491.053,31438.492,31381.950,31321.375,31256.711,31187.899,31114.876,31037.575,30955.928,30869.862,30779.303,30684.172,30584.388,30479.870,30370.534,30256.293,30137.061,30012.751,29883.274,29748.543,29608.473,29462.977,29311.973,29155.380,28993.124,28825.131,28651.335,28471.676,28286.101,28094.566,27897.035,27693.482,27483.894,27268.269,27046.618,26818.967,26585.356,26345.841,26100.496,25849.408,25592.685,25330.450,25062.846,24790.031,24512.180,24229.487,23942.159,23650.419,23354.506,23054.668,22751.166,22444.273,22134.267,21821.433,21506.065,21188.456,20868.903,20547.703,20225.151,19901.538,19577.155,19252.283,18927.198,18602.169,18277.456,17953.308,17629.967,17307.662,16986.611,16667.024,16349.094,16033.008,15718.939,15407.048,15097.484,14790.388,14485.886,14184.097,13885.128,13589.074,13296.025,13006.057,12719.239,12435.632,12155.288,11878.252,11604.560,11334.243,11067.323,10803.818,10543.738,10287.090,10033.873,9784.081,9537.705,9294.731,9055.140,8818.911,8586.015,8356.425,8130.106,7907.023,7687.137,7470.407,7256.788,7046.233,6838.694,6634.121,6432.459,6233.655,6037.652,5844.392,5653.815,5465.861,5280.467,5097.570,4917.105,4739.006,4563.207,4389.640,4218.235,4048.925,3881.638,3716.304,3552.851,3391.207,3231.299,3073.053,2916.396,2761.254,2607.552,2455.214,2304.165,2154.329,2005.630,1857.991,1711.336,1565.588,1420.669,1276.502,1133.010,990.114,847.737,705.801,564.228,422.939,281.857,140.904,0.000
0.000,801.962,1602.786,2401.324,3196.441,3987.029,4772.012,5550.354,6321.063,7083.202,7835.886,8578.292,9309.662,10029.301,10736.581,11430.942,12111.892,12779.003,13431.913,14070.323,14693.993,15302.742,15896.441,16475.013,17038.428,17586.698,18119.877,18638.055,19141.353,19629.924,20103.945,20563.615,21009.156,21440.805,21858.812,22263.442,22654.967,23033.669,23399.833,23753.751,24095.715,24426.019,24744.958,25052.824,25349.909,25636.499,25912.879,26179.328,26436.120,26683.526,26921.808,27151.224,27372.025,27584.455,27788.751,27985.146,28173.862,28355.118,28529.122,28696.079,28856.184,29009.627,29156.590,29297.248,29431.772,29560.323,29683.057,29800.124,29911.667,30017.823,30118.724,30214.493,30305.251,30391.112,30472.182,30548.564,30620.355,30687.647,30750.526,30809.074,30863.365,30913.473,30959.463,31001.397,31039.331,31073.318,31103.407,31129.638,31152.053,31170.684,31185.562,31196.712,31204.157,31207.912,31207.991,31204.404,31197.154,31186.243,31171.667,31153.419,31131.487,31105.858,31076.511,31043.423,31006.568,30965.915,30921.430,30873.076,30820.810,30764.587,30704.359,30640.074,30571.676,30499.107,30422.305,30341.207,30255.744,30165.847,30071.443,29972.460,29868.820,29760.446,29647.261,29529.184,29406.135,29278.034,29144.804,29006.365,28862.642,28713.560,28559.048,28399.040,28233.473,28062.289,27885.438,27702.875,27514.564,27320.479,27120.600,26914.922,26703.450,26486.199,26263.201,26034.499,25800.151,25560.232,25314.830,25064.050,24808.013,24546.855,24280.730,24009.804,23734.262,23454.301,23170.131,22881.977,22590.074,22294.668,21996.013,21694.372,21390.014,21083.212,20774.244,20463.387,20150.922,19837.125,19522.274,19206.639,18890.488,18574.083,18257.678,17941.520,17625.848,17310.890,16996.868,16683.991,16372.459,16062.461,15754.175,15447.770,15143.402,14841.218,14541.355,14243.939,13949.084,13656.898,13367.476,13080.907,12797.268,12516.631,12239.055,11964.595,11693.297,11425.201,11160.338,10898.735,10640.411,10385.379,10133.648,9885.221,9640.095,9398.264,9159.716,8924.436,8692.405,8463.599,8237.992,8015.554,7796.251,7580.049,7366.908,7156.787,6949.642,6745.428,6544.096,6345.596,6149.876,5956.882,5766.559,5578.851,5393.697,5211.040,5030.817,4852.966,4677.423,4504.126,4333.007,4163.999,3997.038,3832.053,3668.976,3507.737,3348.267,3190.494,3034.347,2879.754,2726.642,2574.939,2424.571,2275.465,2127.545,1980.739,1834.970,1690.164,1546.246,1403.140,1260.771,1119.061,977.936,837.319,697.133,557.302,417.750,278.401,139.176,0.000
0.000,775.702,1550.349,2322.873,3092.221,3857.362,4617.291,5371.043,6117.689,6856.349,7586.192,8306.442,9016.377,9715.338,10402.722,11077.990,11740.663,12390.322,13026.609,13649.221,14257.913,14852.491,15432.812,15998.782,16550.350,17087.506,17610.278,18118.731,18612.959,19093.086,19559.261,20011.656,20450.462,20875.887,21288.157,21687.506,22074.181,22448.437,22810.536,23160.744,23499.330,23826.568,24142.729,24448.087,24742.912,25027.476,25302.044,25566.880,25822.243,26068.389,26305.566,26534.020,26753.991,26965.711,27169.408,27365.303,27553.610,27734.541,27908.295,28075.069,28235.052,28388.428,28535.374,28676.059,28810.648,28939.298,29062.161,29179.384,29291.105,29397.459,29498.573,29594.570,29685.566,29771.674,29852.998,29929.639,30001.692,30069.249,30132.392,30191.204,30245.758,30296.126,30342.373,30384.560,30422.743,30456.975,30487.304,30513.771,30536.416,30555.274,30570.374,30581.743,30589.403,30593.372,30593.663,30590.286,30583.247,30572.548,30558.187,30540.158,30518.452,30493.054,30463.948,30431.113,30394.525,30354.155,30309.972,30261.940,30210.021,30154.173,30094.351,30030.506,29962.587,29890.540,29814.307,29733.829,29649.044,29559.886,29466.291,29368.188,29265.509,29158.182,29046.136,28929.297,28807.594,28680.954,28549.306,28412.580,28270.707,28123.622,27971.263,27813.571,27650.491,27481.974,27307.978,27128.467,26943.412,26752.794,26556.601,26354.833,26147.500,25934.624,25716.238,25492.391,25263.141,25028.563,24788.746,24543.792,24293.819,24038.959,23779.358,23515.178,23246.593,22973.790,22696.969,22416.342,22132.130,21844.565,21553.888,21260.345,20964.189,20665.677,20365.070,20062.630,19758.620,19453.302,19146.936,18839.780,18532.085,18224.101,17916.068,17608.221,17300.789,16993.989,16688.032,16383.120,16079.445,15777.188,15476.524,15177.613,14880.610,14585.656,14292.886,14002.423,13714.380,13428.863,13145.968,12865.782,12588.383,12313.842,12042.221,11773.577,11507.956,11245.398,10985.939,10729.606,10476.422,10226.401,9979.556,9735.891,9495.407,9258.100,9023.961,8792.978,8565.134,8340.410,8118.780,7900.219,7684.696,7472.178,7262.628,7056.010,6852.280,6651.397,6453.315,6257.986,6065.361,5875.389,5688.017,5503.189,5320.851,5140.945,4963.411,4788.191,4615.222,4444.442,4275.789,4109.198,3944.603,3781.938,3621.137,3462.133,3304.855,3149.237,2995.208,2842.699,2691.638,2541.954,2393.577,2246.433,2100.450,1955.557,1811.679,1668.743,1526.675,1385.403,1244.851,1104.946,965.612,826.775,688.360,550.293,412.499,274.902,137.428,0.000
0.000,750.561,1500.142,2247.751,2992.405,3733.143,4469.030,5199.161,5922.668,6638.724,7346.546,8045.400,8734.605,9413.530,10081.600,10738.296,11383.153,12015.762,12635.768,13242.870,13836.817,14417.407,14984.486,15537.945,16077.715,16603.768,17116.110,17614.782,18099.855,18571.428,19029.623,19474.588,19906.487,20325.504,20731.837,21125.695,21507.301,21876.886,22234.689,22580.951,22915.923,23239.855,23552.999,23855.610,24147.941,24430.244,24702.769,24965.764,25219.474,25464.140,25699.999,25927.283,26146.219,26357.031,26559.936,26755.144,26942.863,27123.292,27296.627,27463.055,27622.760,27775.919,27922.702,28063.273,28197.793,28326.415,28449.285,28566.546,28678.334,28784.779,28886.006,28982.134,29073.278,29159.548,29241.045,29317.869,29390.113,29457.866,29521.212,29580.230,29634.993,29685.572,29732.031,29774.430,29812.826,29847.270,29877.810,29904.488,29927.343,29946.410,29961.719,29973.298,29981.167,29985.346,29985.850,29982.689,29975.870,29965.395,29951.265,29933.474,29912.015,29886.876,29858.041,29825.492,29789.207,29749.159,29705.319,29657.656,29606.133,29550.711,29491.349,29428.003,29360.623,29289.161,29213.562,29133.773,29049.736,28961.390,28868.675,28771.528,28669.885,28563.681,28452.851,28337.329,28217.048,28091.943,27961.952,27827.011,27687.058,27542.037,27391.893,27236.574,27076.034,26910.231,26739.131,26562.704,26380.929,26193.792,26001.289,25803.424,25600.212,25391.680,25177.864,24958.814,24734.591,24505.269,24270.937,24031.694,23787.656,23538.950,23285.717,23028.110,22766.296,22500.454,22230.772,21957.450,21680.700,21400.738,21117.792,20832.094,20543.883,20253.399,19960.890,19666.602,19370.784,19073.681,18775.541,18476.606,18177.116,17877.305,17577.404,17277.635,16978.215,16679.354,16381.253,16084.104,15788.093,15493.395,15200.177,14908.596,14618.801,14330.930,14045.114,13761.474,13480.121,13201.160,12924.686,12650.784,12379.534,12111.006,11845.264,11582.363,11322.353,11065.275,10811.167,10560.056,10311.968,10066.920,9824.925,9585.992,9350.123,9117.316,8887.566,8660.864,8437.194,8216.539,7998.879,7784.188,7572.440,7363.603,7157.645,6954.530,6754.220,6556.673,6361.846,6169.696,5980.174,5793.233,5608.821,5426.886,5247.375,5070.233,4895.403,4722.827,4552.446,4384.200,4218.029,4053.868,3891.656,3731.329,3572.822,3416.069,3261.003,3107.557,2955.665,2805.257,2656.265,2508.620,2362.251,2217.089,2073.063,1930.101,1788.133,1647.086,1506.889,1367.470,1228.756,1090.673,953.150,816.113,679.490,543.206,407.189,271.364,135.659,0.000
0.000,726.465,1452.019,2175.736,2896.701,3614.018,4326.810,5034.232,5735.470,6429.747,7116.325,7794.510,8463.657,9123.165,9772.483,10411.113,11038.605,11654.561,12258.630,12850.514,13429.958,13996.756,14550.744,15091.801,15619.843,16134.825,16636.736,17125.596,17601.454,18064.388,18514.497,18951.905,19376.752,19789.200,20189.421,20577.604,20953.948,21318.660,21671.957,22014.062,22345.203,22665.611,22975.519,23275.164,23564.781,23844.606,24114.873,24375.815,24627.662,24870.643,25104.982,25330.898,25548.608,25758.324,25960.253,26154.597,26341.554,26521.317,26694.071,26859.998,27019.274,27172.070,27318.550,27458.875,27593.197,27721.667,27844.425,27961.612,28073.359,28179.792,28281.033,28377.200,28468.404,28554.751,28636.342,28713.275,28785.641,28853.526,28917.013,28976.180,29031.100,29081.841,29128.467,29171.039,29209.611,29244.235,29274.957,29301.821,29324.865,29344.124,29359.629,29371.407,29379.479,29383.867,29384.584,29381.643,29375.050,29364.811,29350.926,29333.392,29312.201,29287.344,29258.808,29226.576,29190.627,29150.938,29107.482,29060.229,29009.148,28954.202,28895.351,28832.557,28765.773,28694.954,28620.051,28541.013,28457.787,28370.319,28278.553,28182.430,28081.893,27976.883,27867.339,27753.202,27634.413,27510.913,27382.645,27249.552,27111.582,26968.683,26820.808,26667.913,26509.957,26346.908,26178.735,26005.417,25826.938,25643.290,25454.475,25260.502,25061.389,24857.166,24647.874,24433.562,24214.294,23990.143,23761.197,23527.555,23289.326,23046.635,22799.617,22548.418,22293.199,22034.129,21771.387,21505.162,21235.655,20963.070,20687.622,20409.530,20129.020,19846.318,19561.658,19275.271,18987.393,18698.257,18408.095,18117.138,17825.612,17533.740,17241.740,16949.825,16658.202,16367.070,16076.621,15787.042,15498.508,15211.190,14925.249,14640.836,14358.095,14077.162,13798.163,13521.217,13246.434,12973.916,12703.757,12436.041,12170.848,11908.249,11648.306,11391.077,11136.612,10884.953,10636.138,10390.199,10147.161,9907.044,9669.863,9435.628,9204.344,8976.012,8750.629,8528.187,8308.674,8092.075,7878.372,7667.543,7459.563,7254.403,7052.034,6852.422,6655.530,6461.321,6269.754,6080.787,5894.374,5710.471,5529.028,5349.995,5173.321,4998.954,4826.838,4656.919,4489.139,4323.441,4159.764,3998.050,3838.236,3680.262,3524.064,3369.577,3216.738,3065.482,2915.743,2767.454,2620.549,2474.959,2330.617,2187.454,2045.401,1904.390,1764.349,1625.210,1486.901,1349.353,1212.494,1076.253,940.559,805.341,670.527,536.044,401.822,267.789,133.872,0.000
0.000,703.346,1405.844,2106.628,2804.847,3499.659,4190.248,4875.820,5555.610,6228.888,6894.959,7553.167,8202.898,8843.581,9474.691,10095.748,10706.317,11306.010,11894.485,12471.446,13036.637,13589.847,14130.907,14659.685,15176.086,15680.050,16171.549,16650.587,17117.194,17571.427,18013.367,18443.114,18860.789,19266.531,19660.491,20042.837,20413.746,20773.406,21122.012,21459.768,21786.882,22103.567,22410.038,22706.515,22993.216,23270.361,23538.171,23796.862,24046.651,24287.755,24520.384,24744.746,24961.048,25169.491,25370.272,25563.584,25749.616,25928.552,26100.572,26265.848,26424.551,26576.845,26722.890,26862.838,26996.840,27125.038,27247.572,27364.575,27476.176,27582.497,27683.659,27779.775,27870.952,27957.296,28038.905,28115.874,28188.293,28256.247,28319.816,28379.077,28434.102,28484.958,28531.709,28574.413,28613.125,28647.896,28678.773,28705.799,28729.011,28748.445,28764.131,28776.097,28784.366,28788.958,28789.889,28787.170,28780.812,28770.818,28757.190,28739.928,28719.026,28694.474,28666.261,28634.374,28598.793,28559.497,28516.463,28469.661,28419.064,28364.638,28306.347,28244.154,28178.018,28107.897,28033.746,27955.518,27873.164,27786.635,27695.879,27600.844,27501.476,27397.722,27289.529,27176.841,27059.606,26937.771,26811.286,26680.099,26544.166,26403.440,26257.882,26107.452,25952.119,25791.854,25626.634,25456.443,25281.271,25101.115,24915.981,24725.882,24530.841,24330.891,24126.073,23916.439,23702.053,23482.990,23259.333,23031.180,22798.639,22561.829,22320.880,22075.933,21827.140,21574.662,21318.670,21059.344,20796.872,20531.450,20263.279,19992.568,19719.527,19444.374,19167.326,18888.604,18608.429,18327.023,18044.604,17761.392,17477.601,17193.443,16909.125,16624.850,16340.814,16057.208,15774.218,15492.019,15210.783,14930.672,14651.842,14374.439,14098.603,13824.465,13552.150,13281.771,13013.438,12747.250,12483.300,12221.672,11962.445,11705.688,11451.465,11199.834,10950.845,10704.542,10460.965,10220.144,9982.108,9746.878,9514.471,9284.899,9058.169,8834.283,8613.241,8395.038,8179.662,7967.103,7757.344,7550.365,7346.143,7144.654,6945.868,6749.754,6556.280,6365.409,6177.102,5991.320,5808.021,5627.161,5448.692,5272.568,5098.740,4927.156,4757.765,4590.512,4425.344,4262.204,4101.036,3941.780,3784.378,3628.769,3474.894,3322.689,3172.092,3023.040,2875.470,2729.315,2584.511,2440.993,2298.693,2157.546,2017.484,1878.438,1740.342,1603.127,1466.724,1331.063,1196.077,1061.695,927.848,794.465,661.477,528.814,396.405,264.179,132.068,0.000
0.000,681.142,1361.493,2040.245,2716.599,3389.771,4058.994,4723.523,5382.641,6035.660,6681.923,7320.812,7951.742,8574.171,9187.596,9791.557,10385.634,10969.450,11542.671,12105.004,12656.195,13196.031,13724.337,14240.972,14745.833,15238.846,15719.972,16189.197,16646.537,17092.029,17525.736,17947.741,18358.145,18757.067,19144.638,19521.007,19886.331,20240.779,20584.528,20917.762,21240.672,21553.453,21856.305,22149.429,22433.028,22707.309,22972.475,23228.731,23476.281,23715.327,23946.069,24168.704,24383.427,24590.429,24789.898,24982.019,25166.971,25344.930,25516.068,25680.552,25838.545,25990.205,26135.685,26275.133,26408.695,26536.508,26658.706,26775.421,26886.775,26992.890,27093.881,27189.857,27280.926,27367.188,27448.741,27525.676,27598.082,27666.042,27729.635,27788.936,27844.016,27894.941,27941.773,27984.571,28023.388,28058.276,28089.279,28116.441,28139.800,28159.391,28175.245,28187.389,28195.848,28200.640,28201.783,28199.290,28193.171,28183.431,28170.073,28153.097,28132.500,28108.274,28080.410,28048.894,28013.710,27974.839,27932.260,27885.947,27835.874,27782.010,27724.323,27662.778,27597.339,27527.966,27454.618,27377.253,27295.826,27210.292,27120.603,27026.713,26928.573,26826.134,26719.349,26608.167,26492.542,26372.427,26247.776,26118.547,25984.698,25846.190,25702.988,25555.060,25402.380,25244.925,25082.677,24915.626,24743.765,24567.098,24385.633,24199.388,24008.389,23812.671,23612.276,23407.259,23197.683,22983.622,22765.160,22542.391,22315.419,22084.360,21849.339,21610.492,21367.963,21121.906,20872.483,20619.867,20364.235,20105.772,19844.669,19581.123,19315.334,19047.507,18777.848,18506.565,18233.868,17959.967,17685.068,17409.379,17133.105,16856.446,16579.599,16302.758,16026.110,15749.837,15474.116,15199.116,14925.003,14651.931,14380.051,14109.504,13840.426,13572.945,13307.180,13043.244,12781.243,12521.274,12263.428,12007.789,11754.435,11503.434,11254.852,11008.744,10765.162,10524.151,10285.751,10049.995,9816.911,9586.522,9358.848,9133.901,8911.690,8692.220,8475.492,8261.503,8050.244,7841.706,7635.873,7432.731,7232.256,7034.427,6839.216,6646.596,6456.535,6268.999,6083.952,5901.357,5721.172,5543.357,5367.867,5194.657,5023.680,4854.887,4688.227,4523.650,4361.103,4200.532,4041.881,3885.095,3730.116,3576.886,3425.345,3275.434,3127.093,2980.259,2834.870,2690.864,2548.176,2406.744,2266.502,2127.385,1989.328,1852.264,1716.128,1580.852,1446.369,1312.613,1179.515,1047.008,915.023,783.491,652.346,521.518,390.938,260.538,130.248,0.000
0.000,659.796,1318.854,1976.417,2631.738,3284.081,3932.727,4576.976,5216.155,5849.615,6476.736,7096.931,7709.648,8314.370,8910.615,9497.942,10075.947,10644.264,11202.568,11750.569,12288.017,12814.697,13330.429,13835.069,14328.503,14810.649,15281.454,15740.893,16188.966,16625.695,17051.128,17465.329,17868.383,18260.389,18641.464,19011.735,19371.343,19720.440,20059.184,20387.742,20706.289,21015.004,21314.068,21603.671,21883.998,22155.243,22417.595,22671.245,22916.386,23153.207,23381.896,23602.640,23815.624,24021.028,24219.032,24409.810,24593.535,24770.373,24940.491,25104.048,25261.199,25412.098,25556.891,25695.722,25828.729,25956.047,26077.806,26194.131,26305.143,26410.958,26511.688,26607.442,26698.321,26784.426,26865.850,26942.683,27015.012,27082.918,27146.478,27205.767,27260.853,27311.801,27358.673,27401.527,27440.415,27475.388,27506.490,27533.765,27557.250,27576.981,27592.988,27605.299,27613.939,27618.927,27620.281,27618.015,27612.139,27602.660,27589.582,27572.907,27552.631,27528.750,27501.255,27470.135,27435.375,27396.959,27354.868,27309.078,27259.565,27206.302,27149.260,27088.406,27023.708,26955.130,26882.633,26806.180,26725.731,26641.243,26552.674,26459.981,26363.121,26262.050,26156.724,26047.100,25933.135,25814.788,25692.020,25564.791,25433.067,25296.814,25156.003,25010.608,24860.606,24705.979,24546.717,24382.812,24214.263,24041.077,23863.266,23680.851,23493.860,23302.331,23106.307,22905.845,22701.006,22491.865,22278.503,22061.012,21839.495,21614.062,21384.834,21151.941,20915.521,20675.722,20432.697,20186.610,19937.630,19685.933,19431.699,19175.116,18916.371,18655.659,18393.176,18129.119,17863.685,17597.074,17329.482,17061.106,16792.140,16522.775,16253.198,15983.594,15714.141,15445.013,15176.380,14908.405,14641.244,14375.049,14109.962,13846.122,13583.660,13322.698,13063.354,12805.737,12549.950,12296.089,12044.244,11794.496,11546.923,11301.592,11058.569,10817.909,10579.665,10343.881,10110.598,9879.850,9651.667,9426.073,9203.087,8982.726,8764.998,8549.911,8337.467,8127.665,7920.499,7715.961,7514.038,7314.715,7117.973,6923.793,6732.148,6543.013,6356.359,6172.154,5990.363,5810.953,5633.882,5459.114,5286.605,5116.312,4948.190,4782.192,4618.271,4456.376,4296.458,4138.463,3982.339,3828.031,3675.485,3524.643,3375.449,3227.843,3081.768,2937.164,2793.970,2652.125,2511.567,2372.233,2234.062,2096.989,1960.951,1825.883,1691.720,1558.398,1425.851,1294.013,1162.819,1032.200,902.092,772.428,643.140,514.162,385.426,256.865,128.412,0.000
0.000,639.257,1277.823,1914.991,2550.059,3182.338,3811.151,4435.842,5055.776,5670.340,6278.950,6881.051,7476.116,8063.654,8643.206,9214.348,9776.690,10329.879,10873.597,11407.561,11931.523,12445.268,12948.615,13441.414,13923.546,14394.919,14855.471,15305.165,15743.988,16171.950,16589.083,16995.436,17391.078,17776.093,18150.580,18514.652,18868.432,19212.055,19545.664,19869.410,20183.451,20487.952,20783.079,21069.006,21345.906,21613.957,21873.337,22124.225,22366.800,22601.239,22827.722,23046.423,23257.516,23461.175,23657.567,23846.861,24029.220,24204.803,24373.768,24536.269,24692.455,24842.472,24986.461,25124.561,25256.905,25383.623,25504.841,25620.679,25731.255,25836.681,25937.066,26032.515,26123.129,26209.002,26290.227,26366.893,26439.083,26506.876,26570.349,26629.574,26684.619,26735.546,26782.418,26825.290,26864.215,26899.242,26930.416,26957.779,26981.370,27001.223,27017.369,27029.836,27038.649,27043.828,27045.390,27043.352,27037.722,27028.511,27015.723,26999.360,26979.420,26955.901,26928.795,26898.093,26863.783,26825.849,26784.274,26739.038,26690.120,26637.494,26581.134,26521.012,26457.096,26389.355,26317.754,26242.259,26162.832,26079.437,25992.035,25900.588,25805.055,25705.399,25601.580,25493.559,25381.299,25264.763,25143.917,25018.728,24889.164,24755.199,24616.807,24473.968,24326.663,24174.880,24018.612,23857.855,23692.613,23522.896,23348.720,23170.107,22987.089,22799.704,22607.999,22412.027,22211.853,22007.549,21799.195,21586.882,21370.707,21150.779,20927.214,20700.135,20469.676,20235.977,19999.186,19759.457,19516.951,19271.836,19024.282,18774.466,18522.569,18268.772,18013.263,17756.227,17497.852,17238.327,16977.840,16716.575,16454.718,16192.450,15929.950,15667.393,15404.951,15142.789,14881.069,14619.948,14359.577,14100.099,13841.655,13584.376,13328.388,13073.812,12820.762,12569.342,12319.655,12071.793,11825.845,11581.891,11340.007,11100.261,10862.715,10627.428,10394.450,10163.827,9935.599,9709.803,9486.467,9265.619,9047.277,8831.459,8618.178,8407.439,8199.248,7993.605,7790.506,7589.945,7391.910,7196.389,7003.365,6812.820,6624.729,6439.070,6255.814,6074.933,5896.394,5720.164,5546.206,5374.483,5204.956,5037.581,4872.316,4709.118,4547.938,4388.731,4231.447,4076.035,3922.445,3770.624,3620.519,3472.074,3325.235,3179.945,3036.147,2893.783,2752.794,2613.121,2474.704,2337.482,2201.393,2066.377,1932.371,1799.311,1667.135,1535.780,1405.182,1275.276,1145.997,1017.282,889.065,761.281,633.864,506.750,379.872,253.165,126.563,0.000
0.000,619.476,1238.306,1855.826,2471.378,3084.312,3693.995,4299.809,4901.154,5497.454,6088.155,6672.730,7250.682,7821.540,8384.868,8940.257,9487.334,10025.756,10555.216,11075.434,11586.168,12087.204,12578.359,13059.479,13530.441,13991.146,14441.523,14881.526,15311.131,15730.335,16139.157,16537.635,16925.820,17303.785,17671.612,18029.399,18377.255,18715.298,19043.659,19362.471,19671.880,19972.034,20263.088,20545.200,20818.531,21083.245,21339.509,21587.489,21827.351,22059.265,22283.397,22499.912,22708.975,22910.749,23105.395,23293.071,23473.932,23648.132,23815.820,23977.143,24132.245,24281.265,24424.340,24561.601,24693.178,24819.196,24939.775,25055.033,25165.084,25270.035,25369.994,25465.061,25555.333,25640.904,25721.864,25798.299,25870.289,25937.913,26001.246,26060.357,26115.313,26166.177,26213.009,26255.863,26294.791,26329.843,26361.062,26388.491,26412.166,26432.124,26448.394,26461.005,26469.982,26475.345,26477.114,26475.302,26469.923,26460.985,26448.494,26432.453,26412.863,26389.722,26363.023,26332.760,26298.921,26261.494,26220.463,26175.811,26127.519,26075.563,26019.920,25960.565,25897.469,25830.604,25759.939,25685.442,25607.081,25524.822,25438.630,25348.470,25254.309,25156.109,25053.838,24947.461,24836.945,24722.258,24603.370,24480.253,24352.881,24221.230,24085.280,23945.016,23800.422,23651.493,23498.222,23340.611,23178.668,23012.405,22841.841,22667.001,22487.918,22304.631,22117.188,21925.645,21730.063,21530.515,21327.079,21119.843,20908.903,20694.362,20476.333,20254.935,20030.294,19802.546,19571.830,19338.296,19102.094,18863.385,18622.330,18379.099,18133.860,17886.788,17638.060,17387.851,17136.341,16883.708,16630.130,16375.784,16120.845,15865.487,15609.879,15354.188,15098.578,14843.209,14588.234,14333.804,14080.062,13827.150,13575.199,13324.339,13074.690,12826.370,12579.488,12334.147,12090.446,11848.475,11608.322,11370.066,11133.779,10899.530,10667.382,10437.391,10209.608,9984.079,9760.845,9539.941,9321.400,9105.246,8891.503,8680.186,8471.310,8264.884,8060.913,7859.399,7660.340,7463.730,7269.562,7077.823,6888.499,6701.572,6517.023,6334.827,6154.960,5977.394,5802.100,5629.046,5458.196,5289.516,5122.968,4958.511,4796.105,4635.707,4477.272,4320.756,4166.109,4013.286,3862.235,3712.907,3565.249,3419.210,3274.734,3131.768,2990.256,2850.141,2711.367,2573.877,2437.611,2302.510,2168.515,2035.567,1903.603,1772.564,1642.387,1513.010,1384.373,1256.411,1129.061,1002.261,875.948,750.056,624.524,499.286,374.279,249.439,124.700,0.000
0.000,600.410,1200.216,1798.792,2395.521,2989.792,3581.010,4168.591,4751.971,5330.604,5903.968,6471.563,7032.914,7587.577,8135.131,8675.187,9207.385,9731.395,10246.916,10753.678,11251.442,11739.994,12219.152,12688.761,13148.693,13598.844,14039.136,14469.513,14889.943,15300.412,15700.928,16091.515,16472.215,16843.084,17204.193,17555.626,17897.476,18229.851,18552.863,18866.637,19171.301,19466.991,19753.849,20032.020,20301.653,20562.900,20815.914,21060.852,21297.870,21527.124,21748.771,21962.968,22169.870,22369.630,22562.401,22748.333,22927.574,23100.269,23266.562,23426.593,23580.499,23728.413,23870.467,24006.787,24137.497,24262.719,24382.568,24497.157,24606.596,24710.992,24810.445,24905.054,24994.913,25080.114,25160.744,25236.885,25308.617,25376.018,25439.158,25498.108,25552.931,25603.689,25650.442,25693.242,25732.142,25767.189,25798.427,25825.897,25849.637,25869.681,25886.061,25898.805,25907.937,25913.479,25915.450,25913.865,25908.737,25900.076,25887.889,25872.181,25852.952,25830.202,25803.927,25774.121,25740.774,25703.877,25663.416,25619.374,25571.735,25520.480,25465.586,25407.031,25344.790,25278.837,25209.144,25135.684,25058.426,24977.340,24892.397,24803.564,24710.811,24614.107,24513.422,24408.724,24299.987,24187.181,24070.282,23949.265,23824.109,23694.794,23561.305,23423.630,23281.758,23135.686,22985.412,22830.942,22672.286,22509.458,22342.480,22171.381,21996.193,21816.957,21633.722,21446.542,21255.481,21060.608,20862.002,20659.747,20453.935,20244.668,20032.054,19816.206,19597.247,19375.306,19150.516,18923.018,18692.959,18460.488,18225.761,17988.937,17750.179,17509.650,17267.519,17023.952,16779.121,16533.194,16286.341,16038.730,15790.527,15541.897,15293.003,15044.005,14795.057,14546.313,14297.919,14050.021,13802.757,13556.261,13310.661,13066.081,12822.638,12580.445,12339.609,12100.230,11862.403,11626.219,11391.760,11159.104,10928.325,10699.488,10472.656,10247.885,10025.225,9804.723,9586.419,9370.350,9156.547,8945.037,8735.844,8528.985,8324.474,8122.322,7922.536,7725.120,7530.071,7337.387,7147.061,6959.083,6773.439,6590.114,6409.089,6230.343,6053.854,5879.594,5707.536,5537.650,5369.903,5204.261,5040.689,4879.148,4719.599,4562.002,4406.313,4252.488,4100.483,3950.251,3801.744,3654.914,3509.710,3366.081,3223.975,3083.339,2944.121,2806.263,2669.713,2534.413,2400.307,2267.338,2135.447,2004.575,1874.665,1745.656,1617.489,1490.102,1363.436,1237.429,1112.019,987.146,862.747,738.761,615.124,491.775,368.651,245.689,122.826,0.000
0.000,582.019,1163.471,1743.768,2322.330,2898.583,3471.963,4041.923,4607.928,5169.465,5726.036,6277.169,6822.414,7361.344,7893.560,8418.689,8936.383,9446.325,9948.222,10441.813,10926.860,11403.156,11870.517,12328.786,12777.834,13217.552,13647.855,14068.682,14479.991,14881.760,15273.986,15656.682,16029.880,16393.623,16747.970,17092.992,17428.771,17755.400,18072.981,18381.623,18681.443,18972.565,19255.118,19529.235,19795.054,20052.713,20302.358,20544.132,20778.181,21004.652,21223.692,21435.447,21640.065,21837.691,22028.467,22212.538,22390.043,22561.120,22725.907,22884.536,23037.140,23183.845,23324.777,23460.058,23589.808,23714.142,23833.172,23947.008,24055.755,24159.515,24258.386,24352.465,24441.843,24526.608,24606.844,24682.633,24754.052,24821.175,24884.074,24942.814,24997.460,25048.073,25094.709,25137.421,25176.260,25211.273,25242.504,25269.993,25293.778,25313.891,25330.367,25343.230,25352.508,25358.222,25360.391,25359.031,25354.155,25345.775,25333.898,25318.530,25299.673,25277.327,25251.490,25222.158,25189.323,25152.977,25113.107,25069.700,25022.741,24972.213,24918.097,24860.372,24799.017,24734.008,24665.322,24592.931,24516.811,24436.935,24353.274,24265.803,24174.493,24079.318,23980.250,23877.264,23770.334,23659.438,23544.554,23425.660,23302.741,23175.780,23044.766,22909.689,22770.545,22627.331,22480.051,22328.712,22173.327,22013.914,21850.496,21683.102,21511.767,21336.534,21157.450,20974.571,20787.959,20597.683,20403.819,20206.449,20005.664,19801.561,19594.243,19383.822,19170.413,18954.140,18735.132,18513.521,18289.449,18063.056,17834.493,17603.909,17371.460,17137.300,16901.591,16664.490,16426.160,16186.762,15946.456,15705.403,15463.761,15221.688,14979.338,14736.864,14494.414,14252.134,14010.165,13768.647,13527.711,13287.486,13048.098,12809.663,12572.296,12336.107,12101.197,11867.665,11635.604,11405.100,11176.235,10949.086,10723.724,10500.214,10278.618,10058.990,9841.382,9625.838,9412.401,9201.106,8991.987,8785.069,8580.377,8377.929,8177.741,7979.825,7784.189,7590.836,7399.768,7210.982,7024.472,6840.231,6658.246,6478.504,6300.987,6125.677,5952.551,5781.585,5612.753,5446.026,5281.375,5118.766,4958.165,4799.536,4642.842,4488.043,4335.100,4183.968,4034.605,3886.967,3741.006,3596.677,3453.930,3312.716,3172.985,3034.687,2897.767,2762.175,2627.855,2494.753,2362.815,2231.985,2102.206,1973.421,1845.573,1718.604,1592.455,1467.068,1342.383,1218.341,1094.882,971.946,849.473,727.401,605.671,484.221,362.990,241.917,120.941,0.000
0.000,564.264,1127.997,1690.645,2251.660,2810.502,3366.641,3919.559,4468.752,5013.733,5554.031,6089.199,6618.808,7142.452,7659.749,8170.341,8673.895,9170.105,9658.687,10139.386,10611.971,11076.236,11531.999,11979.105,12417.418,12846.830,13267.250,13678.611,14080.862,14473.976,14857.939,15232.756,15598.446,15955.044,16302.598,16641.167,16970.821,17291.641,17603.718,17907.149,18202.040,18488.502,18766.653,19036.615,19298.514,19552.480,19798.644,20037.142,20268.110,20491.684,20708.002,20917.203,21119.424,21314.802,21503.473,21685.572,21861.232,22030.585,22193.760,22350.886,22502.087,22647.485,22787.201,22921.351,23050.051,23173.410,23291.537,23404.538,23512.514,23615.563,23713.781,23807.261,23896.091,23980.356,24060.139,24135.518,24206.569,24273.364,24335.972,24394.459,24448.886,24499.313,24545.795,24588.386,24627.134,24662.085,24693.283,24720.768,24744.577,24764.744,24781.299,24794.271,24803.685,24809.563,24811.925,24810.788,24806.165,24798.068,24786.506,24771.484,24753.008,24731.078,24705.693,24676.849,24644.543,24608.765,24569.507,24526.757,24480.502,24430.727,24377.415,24320.548,24260.107,24196.072,24128.421,24057.131,23982.180,23903.543,23821.197,23735.118,23645.281,23551.664,23454.242,23352.994,23247.899,23138.936,23026.088,22909.338,22788.672,22664.078,22535.548,22403.077,22266.661,22126.304,21982.010,21833.790,21681.658,21525.635,21365.747,21202.022,21034.499,20863.218,20688.230,20509.588,20327.355,20141.597,19952.390,19759.813,19563.955,19364.909,19162.775,18957.659,18749.674,18538.937,18325.571,18109.704,17891.469,17671.003,17448.446,17223.942,16997.637,16769.682,16540.226,16309.423,16077.425,15844.386,15610.458,15375.794,15140.546,14904.863,14668.894,14432.782,14196.672,13960.701,13725.005,13489.718,13254.967,13020.875,12787.561,12555.142,12323.725,12093.417,11864.316,11636.519,11410.116,11185.190,10961.821,10740.085,10520.050,10301.783,10085.341,9870.781,9658.152,9447.500,9238.866,9032.285,8827.792,8625.414,8425.173,8227.091,8031.183,7837.463,7645.938,7456.615,7269.495,7084.577,6901.858,6721.329,6542.981,6366.801,6192.774,6020.882,5851.105,5683.419,5517.802,5354.225,5192.660,5033.075,4875.440,4719.718,4565.875,4413.872,4263.671,4115.231,3968.511,3823.466,3680.053,3538.227,3397.940,3259.145,3121.794,2985.836,2851.221,2717.898,2585.814,2454.918,2325.155,2196.470,2068.811,1942.120,1816.342,1691.420,1567.299,1443.920,1321.225,1199.157,1077.658,956.669,836.130,715.983,596.169,476.628,357.300,238.126,119.046,0.000
0.000,547.112,1093.726,1639.318,2183.374,2725.383,3264.845,3801.272,4334.186,4863.127,5387.648,5907.325,6421.750,6930.535,7433.317,7929.751,8419.518,8902.323,9377.891,9845.974,10306.346,10758.805,11203.172,11639.290,12067.024,12486.262,12896.910,13298.894,13692.160,14076.672,14452.409,14819.367,15177.558,15527.004,15867.745,16199.829,16523.317,16838.278,17144.791,17442.944,17732.831,18014.552,18288.216,18553.933,18811.819,19061.993,19304.578,19539.699,19767.482,19988.055,20201.547,20408.087,20607.806,20800.832,20987.293,21167.318,21341.032,21508.560,21670.026,21825.552,21975.256,22119.255,22257.664,22390.596,22518.159,22640.461,22757.606,22869.694,22976.824,23079.091,23176.587,23269.401,23357.620,23441.325,23520.597,23595.511,23666.142,23732.560,23794.831,23853.020,23907.187,23957.390,24003.683,24046.119,24084.745,24119.608,24150.748,24178.207,24202.020,24222.222,24238.843,24251.911,24261.451,24267.487,24270.037,24269.119,24264.748,24256.936,24245.692,24231.024,24212.935,24191.430,24166.508,24138.168,24106.405,24071.213,24032.586,23990.512,23944.982,23895.982,23843.497,23787.513,23728.012,23664.977,23598.388,23528.226,23454.471,23377.102,23296.098,23211.438,23123.101,23031.067,22935.317,22835.831,22732.591,22625.582,22514.788,22400.196,22281.796,22159.579,22033.540,21903.676,21769.988,21632.481,21491.163,21346.046,21197.148,21044.490,20888.099,20728.006,20564.250,20396.872,20225.922,20051.455,19873.530,19692.214,19507.580,19319.707,19128.678,18934.585,18737.525,18537.600,18334.916,18129.587,17921.731,17711.470,17498.930,17284.243,17067.541,16848.963,16628.648,16406.738,16183.377,15958.709,15732.880,15506.037,15278.325,15049.889,14820.874,14591.422,14361.675,14131.772,13901.848,13672.037,13442.469,13213.270,12984.563,12756.468,12529.099,12302.567,12076.977,11852.431,11629.026,11406.854,11186.002,10966.552,10748.583,10532.167,10317.373,10104.263,9892.897,9683.329,9475.607,9269.779,9065.883,8863.957,8664.033,8466.140,8270.301,8076.537,7884.866,7695.300,7507.849,7322.519,7139.315,6958.235,6779.277,6602.435,6427.699,6255.060,6084.503,5916.011,5749.566,5585.147,5422.730,5262.292,5103.802,4947.234,4792.556,4639.735,4488.737,4339.526,4192.065,4046.314,3902.234,3759.783,3618.918,3479.595,3341.770,3205.396,3070.426,2936.813,2804.506,2673.457,2543.615,2414.928,2287.345,2160.813,2035.278,1910.688,1786.987,1664.121,1542.034,1420.670,1299.974,1179.888,1060.357,941.322,822.726,704.513,586.623,468.999,351.583,234.317,117.142,0.000
0.000,530.531,1060.593,1589.694,2117.346,2643.070,3166.392,3686.850,4203.994,4717.385,5226.604,5731.243,6230.916,6725.254,7213.909,7696.550,8172.873,8642.590,9105.438,9561.175,10009.581,10450.458,10883.629,11308.938,11726.250,12135.450,12536.441,12929.147,13313.507,13689.478,14057.035,14416.165,14766.872,15109.170,15443.089,15768.668,16085.958,16395.019,16695.920,16988.738,17273.557,17550.470,17819.571,18080.964,18334.753,18581.049,18819.964,19051.616,19276.120,19493.597,19704.166,19907.950,20105.069,20295.646,20479.802,20657.656,20829.329,20994.940,21154.604,21308.439,21456.557,21599.070,21736.088,21867.718,21994.065,22115.231,22231.317,22342.420,22448.633,22550.049,22646.757,22738.842,22826.388,22909.475,22988.180,23062.578,23132.738,23198.731,23260.621,23318.469,23372.336,23422.278,23468.349,23510.598,23549.073,23583.819,23614.878,23642.289,23666.087,23686.307,23702.978,23716.130,23725.787,23731.971,23734.704,23734.003,23729.883,23722.356,23711.433,23697.122,23679.428,23658.357,23633.908,23606.082,23574.876,23540.286,23502.305,23460.926,23416.139,23367.935,23316.300,23261.220,23202.682,23140.670,23075.168,23006.158,22933.623,22857.546,22777.907,22694.690,22607.876,22517.449,22423.390,22325.686,22224.320,22119.280,22010.555,21898.133,21782.008,21662.174,21538.628,21411.372,21280.408,21145.742,21007.387,20865.355,20719.668,20570.347,20417.420,20260.921,20100.887,19937.362,19770.394,19600.037,19426.352,19249.403,19069.260,18886.001,18699.708,18510.469,18318.376,18123.528,17926.028,17725.985,17523.511,17318.723,17111.742,16902.693,16691.704,16478.905,16264.429,16048.413,15830.992,15612.304,15392.490,15171.687,14950.034,14727.671,14504.735,14281.361,14057.686,13833.842,13609.958,13386.162,13162.579,12939.331,12716.534,12494.305,12272.752,12051.983,11832.101,11613.201,11395.379,11178.724,10963.320,10749.248,10536.583,10325.396,10115.755,9907.720,9701.350,9496.698,9293.813,9092.740,8893.519,8696.186,8500.775,8307.312,8115.824,7926.332,7738.851,7553.398,7369.981,7188.609,7009.286,6832.012,6656.786,6483.603,6312.456,6143.334,5976.225,5811.114,5647.984,5486.815,5327.585,5170.271,5014.846,4861.284,4709.555,4559.626,4411.467,4265.042,4120.316,3977.251,3835.809,3695.949,3557.630,3420.811,3285.448,3151.495,3018.909,2887.641,2757.646,2628.874,2501.276,2374.803,2249.405,2125.030,2001.626,1879.142,1757.523,1636.718,1516.672,1397.331,1278.639,1160.543,1042.986,925.913,809.268,692.995,577.038,461.339,345.843,230.492,115.230,0.000
0.000,514.491,1028.540,1541.683,2053.461,2563.419,3071.110,3576.097,4077.954,4576.266,5070.632,5560.668,6046.005,6526.291,7001.192,7470.395,7933.603,8390.542,8840.957,9284.613,9721.297,10150.812,10572.987,10987.666,11394.714,11794.015,12185.471,12569.000,12944.539,13312.039,13671.469,14022.810,14366.057,14701.219,15028.316,15347.379,15658.451,15961.582,16256.832,16544.269,16823.969,17096.012,17360.487,17617.485,17867.103,18109.443,18344.609,18572.708,18793.848,19008.142,19215.701,19416.639,19611.070,19799.109,19980.869,20156.464,20326.009,20489.614,20647.390,20799.449,20945.898,21086.843,21222.390,21352.640,21477.694,21597.651,21712.606,21822.653,21927.882,22028.382,22124.238,22215.534,22302.350,22384.764,22462.849,22536.678,22606.321,22671.842,22733.307,22790.775,22844.304,22893.950,22939.763,22981.794,23020.091,23054.694,23085.648,23112.989,23136.753,23156.974,23173.681,23186.904,23196.667,23202.993,23205.902,23205.413,23201.541,23194.299,23183.699,23169.749,23152.456,23131.826,23107.859,23080.558,23049.921,23015.945,22978.626,22937.957,22893.931,22846.540,22795.772,22741.617,22684.063,22623.095,22558.700,22490.864,22419.571,22344.806,22266.555,22184.801,22099.530,22010.728,21918.379,21822.473,21722.996,21619.938,21513.292,21403.049,21289.205,21171.757,21050.704,20926.052,20797.803,20665.968,20530.560,20391.595,20249.093,20103.079,19953.583,19800.637,19644.281,19484.557,19321.515,19155.207,18985.692,18813.035,18637.304,18458.574,18276.925,18092.441,17905.213,17715.334,17522.905,17328.028,17130.813,16931.371,16729.818,16526.273,16320.857,16113.696,15904.917,15694.648,15483.021,15270.166,15056.216,14841.304,14625.562,14409.122,14192.116,13974.675,13756.925,13538.996,13321.010,13103.091,12885.356,12667.924,12450.908,12234.416,12018.556,11803.431,11589.138,11375.772,11163.425,10952.181,10742.124,10533.332,10325.877,10119.830,9915.255,9712.213,9510.761,9310.951,9112.831,8916.446,8721.835,8529.035,8338.078,8148.993,7961.804,7776.534,7593.199,7411.815,7232.393,7054.941,6879.463,6705.963,6534.439,6364.887,6197.301,6031.673,5867.990,5706.240,5546.405,5388.469,5232.410,5078.207,4925.834,4775.266,4626.475,4479.431,4334.102,4190.456,4048.459,3908.075,3769.266,3631.994,3496.220,3361.903,3229.000,3097.469,2967.267,2838.346,2710.663,2584.170,2458.819,2334.564,2211.353,2089.139,1967.871,1847.496,1727.966,1609.226,1491.226,1373.913,1257.232,1141.131,1025.555,910.450,795.763,681.437,567.418,453.651,340.082,226.654,113.311,0.000
0.000,498.963,997.511,1495.204,1991.608,2486.295,2978.840,3468.830,3955.861,4439.540,4919.487,5395.335,5866.733,6333.346,6794.855,7250.959,7701.374,8145.836,8584.097,9015.932,9441.131,9859.505,10270.882,10675.110,11072.055,11461.598,11843.642,12218.101,12584.909,12944.013,13295.376,13638.973,13974.794,14302.840,14623.124,14935.670,15240.511,15537.691,15827.261,16109.281,16383.816,16650.941,16910.733,17163.276,17408.660,17646.976,17878.320,18102.792,18320.492,18531.523,18735.992,18934.003,19125.663,19311.081,19490.364,19663.618,19830.951,19992.469,20148.278,20298.482,20443.183,20582.484,20716.483,20845.280,20968.970,21087.647,21201.403,21310.328,21414.508,21514.030,21608.976,21699.425,21785.455,21867.142,21944.557,22017.770,22086.847,22151.854,22212.852,22269.900,22323.055,22372.369,22417.894,22459.678,22497.766,22532.202,22563.027,22590.277,22613.988,22634.194,22650.923,22664.204,22674.063,22680.521,22683.600,22683.319,22679.693,22672.736,22662.459,22648.873,22631.985,22611.801,22588.324,22561.557,22531.499,22498.148,22461.503,22421.559,22378.309,22331.747,22281.864,22228.651,22172.097,22112.192,22048.923,21982.279,21912.247,21838.815,21761.968,21681.695,21597.984,21510.822,21420.198,21326.103,21228.526,21127.461,21022.901,20914.843,20803.283,20688.220,20569.659,20447.603,20322.061,20193.043,20060.565,19924.644,19785.302,19642.565,19496.463,19347.030,19194.305,19038.332,18879.158,18716.837,18551.426,18382.988,18211.590,18037.305,17860.210,17680.388,17497.924,17312.910,17125.441,16935.618,16743.543,16549.325,16353.073,16154.901,15954.927,15753.269,15550.048,15345.388,15139.413,14932.248,14724.020,14514.856,14304.881,14094.222,13883.004,13671.352,13459.389,13247.235,13035.011,12822.833,12610.816,12399.071,12187.708,11976.831,11766.544,11556.944,11348.128,11140.185,10933.205,10727.271,10522.461,10318.852,10116.516,9915.519,9715.926,9517.797,9321.185,9126.142,8932.717,8740.952,8550.888,8362.559,8175.999,7991.236,7808.296,7627.199,7447.965,7270.607,7095.139,6921.568,6749.901,6580.141,6412.287,6246.336,6082.285,5920.124,5759.845,5601.433,5444.875,5290.153,5137.248,4986.140,4836.805,4689.219,4543.354,4399.184,4256.677,4115.802,3976.527,3838.818,3702.637,3567.949,3434.716,3302.898,3172.454,3043.343,2915.523,2788.950,2663.580,2539.367,2416.265,2294.228,2173.208,2053.158,1934.027,1815.767,1698.327,1581.658,1465.709,1350.427,1235.762,1121.661,1008.071,894.941,782.215,669.843,557.768,445.939,334.302,222.803,111.387,0.000
0.000,483.924,967.455,1450.180,1931.688,2411.573,2889.433,3364.878,3837.523,4306.996,4772.936,5234.994,5692.836,6146.141,6594.605,7037.940,7475.873,7908.148,8334.529,8754.796,9168.745,9576.192,9976.969,10370.924,10757.926,11137.856,11510.614,11876.114,12234.286,12585.073,12928.434,13264.340,13592.774,13913.732,14227.220,14533.254,14831.862,15123.079,15406.948,15683.522,15952.858,16215.023,16470.086,16718.123,16959.215,17193.447,17420.905,17641.683,17855.873,18063.572,18264.877,18459.887,18648.702,18831.424,19008.152,19178.990,19344.036,19503.392,19657.158,19805.432,19948.313,20085.897,20218.279,20345.553,20467.810,20585.142,20697.634,20805.374,20908.446,21006.931,21100.909,21190.456,21275.648,21356.557,21433.253,21505.803,21574.272,21638.722,21699.214,21755.805,21808.548,21857.498,21902.702,21944.210,21982.064,22016.308,22046.981,22074.120,22097.760,22117.933,22134.669,22147.997,22157.940,22164.523,22167.765,22167.687,22164.303,22157.629,22147.676,22134.455,22117.975,22098.243,22075.262,22049.035,22019.565,21986.851,21950.892,21911.684,21869.223,21823.504,21774.520,21722.263,21666.726,21607.900,21545.774,21480.338,21411.583,21339.498,21264.072,21185.295,21103.156,21017.648,20928.761,20836.487,20740.820,20641.755,20539.287,20433.415,20324.138,20211.460,20095.383,19975.916,19853.068,19726.852,19597.284,19464.384,19328.174,19188.682,19045.937,18899.976,18750.837,18598.563,18443.202,18284.806,18123.432,17959.141,17792.000,17622.078,17449.450,17274.196,17096.401,16916.150,16733.536,16548.656,16361.608,16172.495,15981.423,15788.501,15593.841,15397.556,15199.762,15000.576,14800.118,14598.506,14395.863,14192.308,13987.962,13782.946,13577.379,13371.381,13165.069,12958.558,12751.964,12545.398,12338.970,12132.788,11926.955,11721.573,11516.741,11312.553,11109.103,10906.477,10704.760,10504.033,10304.374,10105.855,9908.546,9712.514,9517.820,9324.521,9132.673,8942.325,8753.524,8566.313,8380.731,8196.813,8014.593,7834.098,7655.353,7478.381,7303.200,7129.825,6958.269,6788.541,6620.648,6454.593,6290.377,6127.999,5967.453,5808.735,5651.833,5496.738,5343.434,5191.907,5042.139,4894.110,4747.798,4603.179,4460.229,4318.921,4179.225,4041.113,3904.552,3769.510,3635.952,3503.843,3373.146,3243.823,3115.834,2989.142,2863.703,2739.476,2616.418,2494.484,2373.632,2253.815,2134.987,2017.101,1900.110,1783.967,1668.622,1554.026,1440.131,1326.885,1214.239,1102.142,990.543,879.391,768.633,658.218,548.093,438.207,328.507,218.942,109.457,0.000
0.000,469.347,938.325,1406.540,1873.606,2339.136,2802.751,3264.080,3722.760,4178.435,4630.763,5079.413,5524.065,5964.413,6400.167,6831.051,7256.801,7677.175,8091.941,8500.887,8903.817,9300.549,9690.920,10074.781,10452.000,10822.461,11186.062,11542.715,11892.349,12234.905,12570.335,12898.608,13219.701,13533.605,13840.320,14139.856,14432.234,14717.483,14995.639,15266.746,15530.857,15788.029,16038.323,16281.810,16518.562,16748.657,16972.175,17189.200,17399.819,17604.121,17802.196,17994.138,18180.040,18359.995,18534.101,18702.451,18865.140,19022.264,19173.917,19320.194,19461.186,19596.986,19727.684,19853.370,19974.132,20090.054,20201.223,20307.720,20409.625,20507.017,20599.973,20688.567,20772.870,20852.954,20928.884,21000.726,21068.544,21132.398,21192.345,21248.442,21300.740,21349.293,21394.148,21435.351,21472.945,21506.972,21537.472,21564.479,21588.029,21608.154,21624.883,21638.244,21648.262,21654.960,21658.359,21658.477,21655.332,21648.938,21639.309,21626.455,21610.385,21591.107,21568.627,21542.948,21514.074,21482.005,21446.740,21408.279,21366.618,21321.754,21273.681,21222.395,21167.889,21110.154,21049.184,20984.971,20917.507,20846.782,20772.790,20695.520,20614.967,20531.123,20443.981,20353.537,20259.785,20162.723,20062.350,19958.665,19851.670,19741.370,19627.771,19510.882,19390.714,19267.282,19140.603,19010.699,18877.592,18741.311,18601.887,18459.356,18313.755,18165.129,18013.525,17858.994,17701.591,17541.378,17378.417,17212.779,17044.534,16873.760,16700.538,16524.953,16347.092,16167.048,15984.916,15800.796,15614.787,15426.995,15237.526,15046.489,14853.994,14660.154,14465.083,14268.894,14071.703,13873.625,13674.776,13475.270,13275.223,13074.747,12873.955,12672.960,12471.868,12270.789,12069.827,11869.085,11668.664,11468.661,11269.171,11070.285,10872.092,10674.677,10478.122,10282.505,10087.901,9894.380,9702.011,9510.857,9320.979,9132.433,8945.272,8759.546,8575.300,8392.576,8211.413,8031.847,7853.908,7677.626,7503.025,7330.128,7158.954,6989.517,6821.832,6655.907,6491.750,6329.366,6168.755,6009.918,5852.850,5697.546,5543.998,5392.195,5242.125,5093.772,4947.122,4802.154,4658.848,4517.183,4377.134,4238.675,4101.780,3966.420,3832.564,3700.181,3569.238,3439.701,3311.535,3184.702,3059.166,2934.887,2811.827,2689.944,2569.196,2449.542,2330.938,2213.341,2096.705,1980.986,1866.137,1752.111,1638.862,1526.342,1414.503,1303.297,1192.673,1082.584,972.978,863.808,755.021,646.567,538.396,430.457,322.700,215.072,107.522,0.000
0.000,455.212,910.075,1364.217,1817.272,2268.874,2718.663,3166.288,3611.403,4053.671,4492.766,4928.373,5360.187,5787.916,6211.283,6630.022,7043.882,7452.627,7856.037,8253.905,8646.040,9032.266,9412.424,9786.366,10153.964,10515.100,10869.675,11217.598,11558.795,11893.206,12220.781,12541.484,12855.287,13162.177,13462.149,13755.207,14041.366,14320.649,14593.086,14858.715,15117.580,15369.732,15615.228,15854.128,16086.499,16312.412,16531.940,16745.160,16952.153,17153.001,17347.789,17536.601,17719.527,17896.654,18068.072,18233.870,18394.138,18548.965,18698.442,18842.656,18981.696,19115.650,19244.602,19368.640,19487.846,19602.302,19712.089,19817.286,19917.971,20014.217,20106.100,20193.691,20277.058,20356.270,20431.391,20502.484,20569.610,20632.828,20692.194,20747.762,20799.583,20847.708,20892.184,20933.055,20970.364,21004.152,21034.456,21061.312,21084.755,21104.815,21121.523,21134.905,21144.987,21151.790,21155.337,21155.647,21152.737,21146.621,21137.314,21124.826,21109.168,21090.348,21068.373,21043.246,21014.974,20983.556,20948.994,20911.289,20870.438,20826.439,20779.289,20728.984,20675.519,20618.889,20559.087,20496.108,20429.946,20360.592,20288.043,20212.292,20133.332,20051.160,19965.771,19877.161,19785.329,19690.273,19591.993,19490.493,19385.776,19277.847,19166.716,19052.391,18934.888,18814.221,18690.409,18563.474,18433.441,18300.337,18164.195,18025.051,17882.943,17737.914,17590.011,17439.284,17285.789,17129.583,16970.731,16809.297,16645.353,16478.972,16310.233,16139.218,15966.011,15790.701,15613.380,15434.142,15253.083,15070.306,14885.910,14700.001,14512.684,14324.066,14134.257,13943.364,13751.499,13558.770,13365.290,13171.167,12976.512,12781.432,12586.037,12390.431,12194.719,11999.006,11803.390,11607.972,11412.848,11218.111,11023.852,10830.161,10637.121,10444.815,10253.323,10062.720,9873.077,9684.464,9496.947,9310.588,9125.445,8941.574,8759.026,8577.850,8398.090,8219.787,8042.981,7867.705,7693.991,7521.867,7351.358,7182.487,7015.272,6849.730,6685.872,6523.711,6363.253,6204.504,6047.465,5892.137,5738.517,5586.600,5436.378,5287.844,5140.984,4995.785,4852.232,4710.307,4569.992,4431.264,4294.101,4158.480,4024.373,3891.753,3760.592,3630.859,3502.523,3375.551,3249.909,3125.561,3002.472,2880.603,2759.917,2640.375,2521.936,2404.559,2288.203,2172.824,2058.380,1944.827,1832.119,1720.213,1609.061,1498.618,1388.837,1279.671,1171.072,1062.993,955.384,848.198,741.385,634.896,528.682,422.694,316.881,211.195,105.584,0.000
0.000,441.496,882.663,1323.149,1762.605,2200.686,2637.050,3071.362,3503.295,3932.529,4358.754,4781.668,5200.982,5616.418,6027.708,6434.599,6836.850,7234.235,7626.539,8013.564,8395.125,8771.051,9141.185,9505.384,9863.519,10215.477,10561.155,10900.465,11233.330,11559.688,11879.487,12192.685,12499.255,12799.176,13092.440,13379.047,13659.004,13932.330,14199.049,14459.193,14712.800,14959.914,15200.585,15434.869,15662.825,15884.518,16100.014,16309.384,16512.703,16710.047,16901.493,17087.122,17267.016,17441.257,17609.930,17773.117,17930.904,18083.375,18230.615,18372.708,18509.737,18641.785,18768.935,18891.267,19008.861,19121.795,19230.147,19333.993,19433.405,19528.457,19619.219,19705.759,19788.145,19866.441,19940.711,20011.014,20077.411,20139.956,20198.706,20253.712,20305.025,20352.693,20396.761,20437.274,20474.273,20507.798,20537.886,20564.573,20587.891,20607.871,20624.543,20637.934,20648.068,20654.969,20658.657,20659.152,20656.471,20650.630,20641.642,20629.520,20614.275,20595.914,20574.446,20549.877,20522.210,20491.450,20457.598,20420.656,20380.622,20337.498,20291.279,20241.965,20189.551,20134.034,20075.410,20013.675,19948.823,19880.851,19809.754,19735.527,19658.168,19577.674,19494.041,19407.269,19317.357,19224.306,19128.119,19028.799,18926.353,18820.787,18712.111,18600.338,18485.481,18367.558,18246.589,18122.596,17995.605,17865.644,17732.746,17596.946,17458.284,17316.801,17172.544,17025.563,16875.911,16723.646,16568.829,16411.525,16251.800,16089.729,15925.384,15758.847,15590.198,15419.523,15246.910,15072.448,14896.233,14718.358,14538.923,14358.026,14175.769,13992.254,13807.586,13621.868,13435.206,13247.705,13059.471,12870.609,12681.223,12491.418,12301.296,12110.960,11920.511,11730.045,11539.661,11349.453,11159.514,10969.934,10780.801,10592.199,10404.210,10216.914,10030.388,9844.704,9659.932,9476.139,9293.389,9111.742,8931.255,8751.982,8573.973,8397.276,8221.934,8047.988,7875.475,7704.430,7534.883,7366.863,7200.395,7035.500,6872.197,6710.504,6550.432,6391.994,6235.197,6080.047,5926.546,5774.695,5624.492,5475.934,5329.013,5183.721,5040.048,4897.981,4757.505,4618.604,4481.261,4345.454,4211.163,4078.364,3947.032,3817.141,3688.664,3561.572,3435.833,3311.418,3188.292,3066.423,2945.774,2826.310,2707.995,2590.789,2474.655,2359.553,2245.442,2132.280,2020.027,1908.638,1798.072,1688.284,1579.230,1470.865,1363.143,1256.019,1149.446,1043.378,937.768,832.568,727.731,623.210,518.955,414.920,311.055,207.313,103.644,0.000
0.000,428.181,856.052,1283.278,1709.528,2134.475,2557.795,2979.170,3398.288,3814.846,4228.547,4639.106,5046.246,5449.699,5849.213,6244.543,6635.458,7021.740,7403.184,7779.596,8150.799,8516.625,8876.922,9231.550,9580.382,9923.306,10260.220,10591.034,10915.673,11234.072,11546.176,11851.942,12151.338,12444.341,12730.937,13011.123,13284.901,13552.285,13813.293,14067.951,14316.292,14558.356,14794.185,15023.830,15247.343,15464.783,15676.212,15881.694,16081.296,16275.090,16463.149,16645.546,16822.357,16993.661,17159.534,17320.058,17475.309,17625.370,17770.318,17910.235,18045.198,18175.288,18300.580,18421.154,18537.084,18648.445,18755.311,18857.755,18955.848,19049.657,19139.252,19224.699,19306.060,19383.400,19456.778,19526.254,19591.884,19653.722,19711.822,19766.235,19817.009,19864.191,19907.825,19947.955,19984.621,20017.861,20047.713,20074.211,20097.387,20117.272,20133.894,20147.281,20157.457,20164.445,20168.266,20168.940,20166.483,20160.913,20152.243,20140.485,20125.651,20107.751,20086.793,20062.783,20035.726,20005.628,19972.491,19936.318,19897.109,19854.865,19809.586,19761.270,19709.915,19655.520,19598.081,19537.596,19474.063,19407.478,19337.839,19265.144,19189.390,19110.576,19028.702,18943.768,18855.777,18764.729,18670.630,18573.484,18473.300,18370.086,18263.852,18154.614,18042.385,17927.185,17809.033,17687.954,17563.973,17437.119,17307.426,17174.929,17039.665,16901.678,16761.013,16617.719,16471.848,16323.457,16172.605,16019.355,15863.773,15705.928,15545.893,15383.744,15219.561,15053.424,14885.420,14715.634,14544.156,14371.077,14196.493,14020.497,13843.186,13664.660,13485.017,13304.357,13122.781,12940.390,12757.283,12573.563,12389.329,12204.681,12019.717,11834.536,11649.233,11463.903,11278.638,11093.531,10908.669,10724.139,10540.027,10356.413,10173.376,9990.994,9809.339,9628.483,9448.493,9269.433,9091.367,8914.351,8738.442,8563.692,8390.149,8217.861,8046.870,7877.216,7708.935,7542.061,7376.625,7212.654,7050.174,6889.206,6729.769,6571.880,6415.552,6260.796,6107.621,5956.034,5806.036,5657.630,5510.814,5365.585,5221.936,5079.862,4939.352,4800.393,4662.973,4527.077,4392.687,4259.784,4128.348,3998.356,3869.786,3742.611,3616.806,3492.343,3369.193,3247.325,3126.708,3007.309,2889.094,2772.030,2656.079,2541.206,2427.373,2314.541,2202.671,2091.724,1981.659,1872.435,1764.008,1656.338,1549.381,1443.093,1337.431,1232.349,1127.802,1023.747,920.136,816.924,714.065,611.512,509.219,407.138,305.223,203.426,101.701,0.000
0.000,415.248,830.203,1244.548,1657.968,2070.152,2480.792,2889.588,3296.243,3700.467,4101.978,4500.505,4895.782,5287.554,5675.580,6059.626,6439.469,6814.900,7185.720,7551.745,7912.799,8268.723,8619.367,8964.594,9304.281,9638.315,9966.596,10289.034,10605.555,10916.090,11220.584,11518.991,11811.277,12097.416,12377.389,12651.189,12918.816,13180.277,13435.586,13684.764,13927.840,14164.846,14395.821,14620.809,14839.857,15053.019,15260.351,15461.910,15657.761,15847.967,16032.596,16211.717,16385.401,16553.720,16716.748,16874.558,17027.225,17174.825,17317.432,17455.121,17587.969,17716.049,17839.435,17958.200,18072.417,18182.157,18287.491,18388.487,18485.214,18577.738,18666.123,18750.434,18830.731,18907.075,18979.524,19048.136,19112.964,19174.062,19231.480,19285.269,19335.475,19382.143,19425.318,19465.040,19501.350,19534.286,19563.882,19590.172,19613.190,19632.964,19649.523,19662.894,19673.101,19680.167,19684.113,19684.958,19682.720,19677.416,19669.060,19657.665,19643.242,19625.802,19605.354,19581.905,19555.462,19526.029,19493.611,19458.211,19419.832,19378.475,19334.140,19286.828,19236.538,19183.271,19127.024,19067.796,19005.586,18940.394,18872.217,18801.056,18726.909,18649.778,18569.664,18486.568,18400.493,18311.445,18219.427,18124.448,18026.515,17925.641,17821.835,17715.114,17605.493,17492.992,17377.632,17259.437,17138.434,17014.652,16888.124,16758.886,16626.975,16492.433,16355.306,16215.641,16073.491,15928.909,15781.953,15632.685,15481.168,15327.470,15171.661,15013.815,14854.007,14692.317,14528.825,14363.615,14196.774,14028.389,13858.549,13687.347,13514.874,13341.226,13166.497,12990.782,12814.179,12636.782,12458.690,12279.997,12100.801,11921.197,11741.279,11561.140,11380.874,11200.569,11020.316,10840.202,10660.313,10480.731,10301.539,10122.814,9944.632,9767.069,9590.194,9414.077,9238.781,9064.371,8890.906,8718.442,8547.034,8376.733,8207.586,8039.638,7872.931,7707.505,7543.394,7380.633,7219.251,7059.276,6900.733,6743.642,6588.023,6433.893,6281.266,6130.153,5980.562,5832.500,5685.970,5540.976,5397.515,5255.586,5115.183,4976.299,4838.926,4703.054,4568.668,4435.755,4304.300,4174.282,4045.684,3918.485,3792.661,3668.189,3545.044,3423.198,3302.625,3183.295,3065.177,2948.241,2832.453,2717.780,2604.189,2491.642,2380.105,2269.539,2159.908,2051.172,1943.292,1836.229,1729.941,1624.387,1519.525,1415.314,1311.709,1208.669,1106.150,1004.107,902.496,801.273,700.392,599.808,499.476,399.351,299.387,199.538,99.757,0.000
0.000,402.680,805.083,1206.907,1607.855,2007.630,2405.941,2802.501,3197.028,3589.246,3978.888,4365.692,4749.406,5129.789,5506.606,5879.634,6248.660,6613.483,6973.911,7329.766,7680.879,8027.093,8368.264,8704.259,9034.955,9360.243,9680.022,9994.206,10302.715,10605.484,10902.455,11193.581,11478.823,11758.155,12031.554,12299.008,12560.516,12816.078,13065.705,13309.415,13547.229,13779.176,14005.289,14225.609,14440.176,14649.039,14852.249,15049.859,15241.926,15428.510,15609.674,15785.481,15955.998,16121.291,16281.429,16436.483,16586.520,16731.613,16871.833,17007.250,17137.935,17263.958,17385.391,17502.303,17614.762,17722.836,17826.593,17926.099,18021.418,18112.614,18199.749,18282.884,18362.079,18437.390,18508.875,18576.588,18640.581,18700.907,18757.613,18810.749,18860.359,18906.489,18949.179,18988.471,19024.403,19057.012,19086.333,19112.399,19135.242,19154.890,19171.373,19184.716,19194.942,19202.077,19206.139,19207.149,19205.124,19200.081,19192.036,19181.000,19166.986,19150.006,19130.069,19107.182,19081.353,19052.588,19020.892,18986.269,18948.723,18908.256,18864.871,18818.567,18769.348,18717.212,18662.161,18604.194,18543.312,18479.515,18412.803,18343.177,18270.639,18195.191,18116.834,18035.573,17951.411,17864.356,17774.413,17681.590,17585.898,17487.349,17385.955,17281.732,17174.698,17064.872,16952.277,16836.936,16718.878,16598.132,16474.730,16348.707,16220.103,16088.957,15955.315,15819.223,15680.732,15539.895,15396.768,15251.411,15103.885,14954.257,14802.593,14648.965,14493.446,14336.112,14177.040,14016.312,13854.010,13690.218,13525.022,13358.510,13190.770,13021.893,12851.970,12681.092,12509.352,12336.841,12163.653,11989.879,11815.611,11640.941,11465.959,11290.755,11115.417,10940.032,10764.687,10589.464,10414.445,10239.712,10065.341,9891.409,9717.990,9545.153,9372.969,9201.502,9030.817,8860.973,8692.030,8524.040,8357.058,8191.133,8026.310,7862.635,7700.148,7538.886,7378.885,7220.179,7062.795,6906.762,6752.103,6598.841,6446.994,6296.579,6147.610,6000.097,5854.051,5709.477,5566.382,5424.765,5284.628,5145.969,5008.783,4873.063,4738.803,4605.992,4474.618,4344.668,4216.126,4088.976,3963.199,3838.775,3715.683,3593.899,3473.400,3354.160,3236.153,3119.350,3003.722,2889.239,2775.869,2663.581,2552.341,2442.115,2332.868,2224.564,2117.166,2010.637,1904.939,1800.034,1695.881,1592.441,1489.673,1387.536,1285.989,1184.990,1084.496,984.465,884.853,785.618,686.715,588.101,489.732,391.563,293.550,195.648,97.813,0.000
0.000,390.460,780.658,1170.308,1559.127,1946.832,2333.147,2717.799,3100.520,3481.048,3859.126,4234.505,4606.947,4976.218,5342.095,5704.364,6062.821,6417.271,6767.532,7113.429,7454.801,7791.495,8123.371,8450.298,8772.158,9088.841,9400.250,9706.298,10006.906,10302.007,10591.544,10875.466,11153.735,11426.320,11693.196,11954.350,12209.773,12459.465,12703.432,12941.688,13174.249,13401.141,13622.392,13838.036,14048.111,14252.660,14451.728,14645.365,14833.623,15016.557,15194.225,15366.685,15533.998,15696.229,15853.439,16005.696,16153.063,16295.609,16433.398,16566.500,16694.980,16818.905,16938.342,17053.358,17164.017,17270.384,17372.523,17470.497,17564.369,17654.199,17740.046,17821.968,17900.024,17974.268,18044.755,18111.536,18174.663,18234.186,18290.152,18342.607,18391.595,18437.160,18479.342,18518.181,18553.714,18585.978,18615.005,18640.830,18663.482,18682.991,18699.383,18712.685,18722.921,18730.114,18734.285,18735.452,18733.634,18728.847,18721.108,18710.428,18696.822,18680.300,18660.872,18638.547,18613.333,18585.237,18554.265,18520.422,18483.711,18444.138,18401.704,18356.413,18308.267,18257.266,18203.413,18146.710,18087.158,18024.757,17959.511,17891.422,17820.491,17746.723,17670.121,17590.690,17508.436,17423.366,17335.488,17244.811,17151.347,17055.108,16956.108,16854.364,16749.894,16642.718,16532.860,16420.344,16305.198,16187.450,16067.134,15944.285,15818.941,15691.142,15560.932,15428.357,15293.466,15156.311,15016.947,14875.432,14731.825,14586.191,14438.594,14289.103,14137.788,13984.723,13829.982,13673.644,13515.786,13356.491,13195.841,13033.919,12870.811,12706.603,12541.382,12375.236,12208.254,12040.523,11872.133,11703.171,11533.725,11363.884,11193.733,11023.360,10852.847,10682.280,10511.740,10341.308,10171.062,10001.079,9831.436,9662.204,9493.454,9325.256,9157.675,8990.774,8824.616,8659.258,8494.757,8331.166,8168.536,8006.915,7846.348,7686.879,7528.546,7371.387,7215.436,7060.726,6907.286,6755.142,6604.317,6454.835,6306.712,6159.967,6014.612,5870.660,5728.120,5586.998,5447.300,5309.029,5172.184,5036.764,4902.766,4770.183,4639.010,4509.236,4380.851,4253.842,4128.194,4003.891,3880.917,3759.252,3638.875,3519.765,3401.898,3285.251,3169.797,3055.510,2942.361,2830.321,2719.361,2609.450,2500.554,2392.642,2285.678,2179.629,2074.460,1970.134,1866.613,1763.862,1661.840,1560.511,1459.834,1359.770,1260.278,1161.317,1062.848,964.827,867.214,769.966,673.041,576.396,479.988,383.775,287.713,191.758,95.868,0.000
0.000,378.574,756.899,1134.705,1511.721,1887.681,2262.320,2635.379,3006.603,3375.741,3742.550,4106.793,4468.239,4826.667,5181.864,5533.623,5881.750,6226.057,6566.368,6902.515,7234.341,7561.699,7884.453,8202.475,8515.650,8823.870,9127.039,9425.071,9717.887,10005.420,10287.612,10564.412,10835.779,11101.680,11362.089,11616.988,11866.366,12110.221,12348.554,12581.375,12808.697,13030.541,13246.931,13457.898,13663.474,13863.698,14058.611,14248.257,14432.685,14611.945,14786.089,14955.173,15119.253,15278.388,15432.637,15582.061,15726.722,15866.682,16002.004,16132.752,16258.987,16380.775,16498.178,16611.258,16720.077,16824.699,16925.182,17021.587,17113.974,17202.401,17286.924,17367.600,17444.483,17517.627,17587.083,17652.903,17715.134,17773.825,17829.023,17880.771,17929.112,17974.089,18015.740,18054.105,18089.219,18121.117,18149.834,18175.400,18197.846,18217.201,18233.490,18246.740,18256.975,18264.217,18268.486,18269.803,18268.185,18263.650,18256.211,18245.885,18232.682,18216.616,18197.696,18175.933,18151.334,18123.907,18093.660,18060.597,18024.724,17986.045,17944.566,17900.288,17853.216,17803.352,17750.700,17695.261,17637.038,17576.035,17512.254,17445.699,17376.374,17304.283,17229.431,17151.825,17071.471,16988.378,16902.554,16814.010,16722.759,16628.814,16532.190,16432.904,16330.976,16226.425,16119.276,16009.553,15897.284,15782.499,15665.229,15545.511,15423.382,15298.881,15172.051,15042.938,14911.589,14778.055,14642.390,14504.649,14364.891,14223.177,14079.570,13934.137,13786.945,13638.064,13487.568,13335.530,13182.026,13027.135,12870.935,12713.507,12554.933,12395.295,12234.677,12073.162,11910.836,11747.784,11584.088,11419.836,11255.111,11089.996,10924.575,10758.931,10593.144,10427.295,10261.463,10095.724,9930.155,9764.830,9599.821,9435.198,9271.030,9107.383,8944.319,8781.902,8620.189,8459.239,8299.104,8139.837,7981.486,7824.100,7667.721,7512.391,7358.149,7205.032,7053.073,6902.303,6752.751,6604.442,6457.402,6311.650,6167.206,6024.086,5882.303,5741.871,5602.797,5465.090,5328.755,5193.794,5060.209,4927.998,4797.158,4667.686,4539.573,4412.812,4287.392,4163.301,4040.526,3919.052,3798.861,3679.937,3562.260,3445.808,3330.559,3216.491,3103.578,2991.794,2881.114,2771.507,2662.947,2555.403,2448.843,2343.237,2238.550,2134.751,2031.803,1929.674,1828.326,1727.724,1627.830,1528.608,1430.019,1332.024,1234.584,1137.660,1041.212,945.200,849.584,754.321,659.373,564.695,470.248,375.990,281.878,187.870,93.925,0.000
0.000,367.006,733.777,1100.054,1465.582,1830.107,2193.376,2555.143,2915.166,3273.204,3629.027,3982.408,4333.127,4680.972,5025.738,5367.229,5705.257,6039.642,6370.215,6696.812,7019.284,7337.487,7651.289,7960.566,8265.205,8565.101,8860.159,9150.294,9435.428,9715.493,9990.432,10260.192,10524.730,10784.012,11038.010,11286.704,11530.081,11768.134,12000.862,12228.271,12450.371,12667.180,12878.716,13085.007,13286.082,13481.974,13672.722,13858.364,14038.945,14214.510,14385.109,14550.792,14711.612,14867.623,15018.880,15165.441,15307.363,15444.704,15577.524,15705.882,15829.839,15949.453,16064.785,16175.893,16282.838,16385.677,16484.469,16579.271,16670.139,16757.129,16840.295,16919.691,16995.370,17067.382,17135.778,17200.606,17261.914,17319.747,17374.150,17425.166,17472.837,17517.202,17558.301,17596.170,17630.846,17662.362,17690.750,17716.042,17738.267,17757.453,17773.626,17786.813,17797.035,17804.316,17808.677,17810.136,17808.711,17804.421,17797.279,17787.300,17774.498,17758.885,17740.471,17719.268,17695.283,17668.525,17639.001,17606.719,17571.683,17533.901,17493.376,17450.113,17404.116,17355.389,17303.937,17249.762,17192.869,17133.262,17070.944,17005.921,16938.197,16867.778,16794.670,16718.881,16640.419,16559.292,16475.511,16389.087,16300.034,16208.366,16114.098,16017.249,15917.838,15815.886,15711.416,15604.456,15495.030,15383.170,15268.908,15152.279,15033.319,14912.068,14788.567,14662.861,14534.997,14405.025,14272.995,14138.963,14002.985,13865.120,13725.429,13583.977,13440.828,13296.051,13149.715,13001.891,12852.654,12702.076,12550.236,12397.209,12243.074,12087.910,11931.797,11774.817,11617.049,11458.576,11299.478,11139.836,10979.732,10819.245,10658.456,10497.443,10336.285,10175.059,10013.839,9852.700,9691.716,9530.957,9370.493,9210.391,9050.718,8891.536,8732.908,8574.893,8417.548,8260.927,8105.083,7950.067,7795.926,7642.705,7490.447,7339.193,7188.979,7039.843,6891.817,6744.931,6599.213,6454.688,6311.381,6169.312,6028.500,5888.961,5750.708,5613.754,5478.109,5343.779,5210.771,5079.087,4948.729,4819.696,4691.986,4565.595,4440.517,4316.743,4194.264,4073.069,3953.146,3834.479,3717.054,3600.853,3485.858,3372.048,3259.402,3147.898,3037.513,2928.221,2819.997,2712.814,2606.643,2501.457,2397.224,2293.915,2191.498,2089.940,1989.209,1889.270,1790.090,1691.632,1593.861,1496.741,1400.236,1304.306,1208.915,1114.025,1019.596,925.591,831.968,738.690,645.715,553.004,460.516,368.210,276.047,183.985,91.983,0.000
0.000,355.743,711.263,1066.315,1420.655,1774.042,2126.235,2477.000,2826.104,3173.322,3518.431,3861.215,4201.464,4538.975,4873.552,5205.008,5533.161,5857.839,6178.878,6496.122,6809.425,7118.650,7423.666,7724.355,8020.605,8312.315,8599.390,8881.745,9159.306,9432.004,9699.781,9962.583,10220.368,10473.099,10720.746,10963.288,11200.708,11432.997,11660.153,11882.177,12099.076,12310.864,12517.558,12719.179,12915.754,13107.313,13293.888,13475.516,13652.237,13824.093,13991.129,14153.390,14310.927,14463.790,14612.029,14755.698,14894.851,15029.544,15159.831,15285.768,15407.413,15524.821,15638.049,15747.153,15852.190,15953.214,16050.282,16143.447,16232.764,16318.286,16400.064,16478.151,16552.595,16623.447,16690.755,16754.564,16814.921,16871.870,16925.454,16975.714,17022.691,17066.424,17106.950,17144.304,17178.523,17209.638,17237.681,17262.683,17284.672,17303.677,17319.722,17332.833,17343.033,17350.344,17354.786,17356.380,17355.141,17351.089,17344.238,17334.604,17322.198,17307.034,17289.124,17268.478,17245.105,17219.015,17190.214,17158.711,17124.513,17087.625,17048.054,17005.806,16960.883,16913.293,16863.040,16810.128,16754.562,16696.347,16635.490,16571.994,16505.866,16437.113,16365.743,16291.763,16215.182,16136.011,16054.260,15969.942,15883.070,15793.661,15701.729,15607.294,15510.376,15410.995,15309.177,15204.946,15098.330,14989.359,14878.065,14764.483,14648.647,14530.598,14410.376,14288.025,14163.590,14037.119,13908.664,13778.276,13646.011,13511.926,13376.079,13238.533,13099.351,12958.598,12816.341,12672.649,12527.592,12381.242,12233.672,12084.956,11935.169,11784.387,11632.687,11480.146,11326.842,11172.853,11018.256,10863.130,10707.551,10551.598,10395.345,10238.870,10082.247,9925.549,9768.850,9612.221,9455.731,9299.450,9143.444,8987.778,8832.515,8677.718,8523.444,8369.752,8216.696,8064.331,7912.705,7761.868,7611.866,7462.744,7314.542,7167.299,7021.054,6875.839,6731.688,6588.630,6446.693,6305.901,6166.278,6027.844,5890.617,5754.615,5619.850,5486.335,5354.078,5223.089,5093.372,4964.931,4837.768,4711.882,4587.272,4463.935,4341.864,4221.052,4101.490,3983.168,3866.075,3750.196,3635.516,3522.020,3409.689,3298.504,3188.446,3079.492,2971.621,2864.808,2759.028,2654.256,2550.464,2447.626,2345.711,2244.691,2144.535,2045.211,1946.689,1848.934,1751.915,1655.595,1559.942,1464.920,1370.493,1276.625,1183.280,1090.419,998.007,906.004,814.373,723.075,632.072,541.324,450.793,360.439,270.222,180.103,90.042,0.000
0.000,344.772,689.333,1033.450,1376.890,1719.423,2060.821,2400.860,2739.320,3075.984,3410.640,3743.082,4073.109,4400.527,4725.149,5046.794,5365.288,5680.467,5992.172,6300.253,6604.569,6904.987,7201.381,7493.635,7781.641,8065.299,8344.517,8619.211,8889.308,9154.739,9415.446,9671.375,9922.482,10168.730,10410.088,10646.531,10878.043,11104.611,11326.229,11542.897,11754.619,11961.406,12163.270,12360.231,12552.312,12739.537,12921.938,13099.547,13272.399,13440.534,13603.991,13762.815,13917.049,14066.742,14211.940,14352.694,14489.053,14621.070,14748.797,14872.285,14991.589,15106.761,15217.856,15324.925,15428.023,15527.203,15622.516,15714.015,15801.751,15885.775,15966.136,16042.884,16116.067,16185.731,16251.923,16314.689,16374.070,16430.111,16482.852,16532.335,16578.597,16621.676,16661.608,16698.430,16732.173,16762.870,16790.552,16815.250,16836.989,16855.799,16871.704,16884.728,16894.895,16902.226,16906.742,16908.461,16907.402,16903.582,16897.017,16887.720,16875.707,16860.989,16843.579,16823.487,16800.723,16775.298,16747.219,16716.494,16683.131,16647.138,16608.520,16567.283,16523.434,16476.978,16427.921,16376.269,16322.028,16265.203,16205.800,16143.826,16079.289,16012.195,15942.554,15870.373,15795.663,15718.435,15638.700,15556.472,15471.765,15384.595,15294.979,15202.936,15108.485,15011.649,14912.452,14810.920,14707.079,14600.961,14492.596,14382.017,14269.262,14154.368,14037.375,13918.326,13797.265,13674.240,13549.298,13422.492,13293.875,13163.501,13031.429,12897.717,12762.427,12625.622,12487.365,12347.724,12206.765,12064.558,11921.173,11776.681,11631.154,11484.665,11337.287,11189.096,11040.164,10890.567,10740.380,10589.676,10438.531,10287.018,10135.211,9983.181,9831.003,9678.744,9526.477,9374.269,9222.187,9070.297,8918.665,8767.351,8616.418,8465.924,8315.926,8166.480,8017.640,7869.455,7721.976,7575.249,7429.319,7284.228,7140.018,6996.725,6854.387,6713.036,6572.704,6433.419,6295.210,6158.100,6022.111,5887.265,5753.579,5621.070,5489.750,5359.633,5230.727,5103.040,4976.579,4851.347,4727.346,4604.577,4483.038,4362.725,4243.634,4125.759,4009.090,3893.618,3779.332,3666.220,3554.266,3443.455,3333.771,3225.195,3117.708,3011.290,2905.918,2801.570,2698.222,2595.849,2494.425,2393.924,2294.317,2195.577,2097.673,2000.576,1904.254,1808.677,1713.811,1619.624,1526.083,1433.153,1340.800,1248.989,1157.684,1066.849,976.449,886.445,796.802,707.482,618.448,529.661,441.084,352.678,264.405,176.226,88.104,0.000
0.000,334.081,667.962,1001.420,1334.236,1666.189,1997.062,2326.642,2654.719,2981.086,3305.540,3627.885,3947.929,4265.486,4580.377,4892.429,5201.475,5507.356,5809.921,6109.024,6404.529,6696.308,6984.239,7268.208,7548.111,7823.851,8095.336,8362.487,8625.227,8883.491,9137.220,9386.360,9630.867,9870.702,10105.833,10336.234,10561.887,10782.777,10998.895,11210.240,11416.812,11618.619,11815.671,12007.985,12195.579,12378.477,12556.704,12730.290,12899.268,13063.673,13223.541,13378.913,13529.830,13676.336,13818.474,13956.291,14089.834,14219.152,14344.293,14465.307,14582.244,14695.154,14804.087,14909.095,15010.227,15107.533,15201.064,15290.869,15376.997,15459.496,15538.413,15613.796,15685.691,15754.142,15819.194,15880.891,15939.274,15994.383,16046.260,16094.943,16140.469,16182.875,16222.196,16258.466,16291.717,16321.980,16349.286,16373.664,16395.141,16413.743,16429.495,16442.422,16452.545,16459.887,16464.467,16466.304,16465.417,16461.823,16455.537,16446.573,16434.947,16420.670,16403.756,16384.215,16362.058,16337.295,16309.934,16279.985,16247.456,16212.354,16174.686,16134.459,16091.680,16046.356,15998.493,15948.098,15895.176,15839.735,15781.782,15721.325,15658.370,15592.927,15525.005,15454.613,15381.762,15306.464,15228.731,15148.577,15066.017,14981.067,14893.745,14804.069,14712.061,14617.742,14521.137,14422.271,14321.172,14217.869,14112.393,14004.779,13895.060,13783.274,13669.462,13553.664,13435.923,13316.287,13194.800,13071.515,12946.482,12819.755,12691.388,12561.440,12429.970,12297.037,12162.705,12027.036,11890.096,11751.951,11612.668,11472.316,11330.964,11188.682,11045.540,10901.609,10756.962,10611.668,10465.801,10319.432,10172.631,10025.469,9878.018,9730.347,9582.524,9434.618,9286.696,9138.824,8991.065,8843.485,8696.143,8549.101,8402.418,8256.149,8110.351,7965.077,7820.378,7676.303,7532.900,7390.214,7248.289,7107.167,6966.885,6827.481,6688.991,6551.446,6414.877,6279.312,6144.779,6011.300,5878.898,5747.593,5617.403,5488.343,5360.427,5233.667,5108.073,4983.653,4860.412,4738.355,4617.484,4497.800,4379.302,4261.986,4145.849,4030.883,3917.082,3804.437,3692.937,3582.569,3473.320,3365.176,3258.120,3152.136,3047.204,2943.306,2840.419,2738.522,2637.592,2537.607,2438.539,2340.364,2243.055,2146.584,2050.924,1956.044,1861.915,1768.507,1675.789,1583.728,1492.292,1401.448,1311.164,1221.404,1132.135,1043.321,954.928,866.920,779.261,691.915,604.845,518.016,431.389,344.928,258.596,172.356,86.170,0.000
0.000,323.658,647.126,970.193,1292.648,1614.283,1934.891,2254.267,2572.212,2888.528,3203.022,3515.506,3825.797,4133.718,4439.095,4741.764,5041.564,5338.343,5631.954,5922.259,6209.125,6492.428,6772.051,7047.884,7319.823,7587.775,7851.652,8111.372,8366.864,8618.061,8864.903,9107.339,9345.324,9578.816,9807.785,10032.202,10252.047,10467.304,10677.963,10884.018,11085.470,11282.321,11474.582,11662.263,11845.383,12023.960,12198.018,12367.583,12532.684,12693.353,12849.625,13001.535,13149.122,13292.425,13431.487,13566.350,13697.058,13823.656,13946.190,14064.707,14179.254,14289.877,14396.626,14499.546,14598.686,14694.095,14785.818,14873.903,14958.397,15039.346,15116.794,15190.788,15261.370,15328.585,15392.474,15453.079,15510.441,15564.598,15615.589,15663.453,15708.224,15749.938,15788.629,15824.330,15857.072,15886.887,15913.801,15937.846,15959.046,15977.429,15993.017,16005.835,16015.904,16023.247,16027.883,16029.831,16029.108,16025.732,16019.718,16011.082,15999.838,15985.998,15969.575,15950.581,15929.027,15904.922,15878.277,15849.101,15817.402,15783.188,15746.467,15707.247,15665.535,15621.339,15574.665,15525.521,15473.914,15419.852,15363.342,15304.393,15243.014,15179.212,15112.999,15044.385,14973.381,14899.999,14824.252,14746.155,14665.723,14582.973,14497.922,14410.591,14320.999,14229.170,14135.127,14038.895,13940.503,13839.980,13737.355,13632.663,13525.937,13417.215,13306.535,13193.937,13079.465,12963.161,12845.073,12725.249,12603.738,12480.593,12355.867,12229.615,12101.893,11972.762,11842.280,11710.508,11577.509,11443.348,11308.087,11171.794,11034.534,10896.375,10757.384,10617.630,10477.181,10336.106,10194.473,10052.351,9909.808,9766.913,9623.732,9480.333,9336.782,9193.144,9049.484,8905.864,8762.348,8618.995,8475.865,8333.016,8190.505,8048.386,7906.713,7765.538,7624.909,7484.873,7345.479,7206.768,7068.784,6931.565,6795.151,6659.576,6524.875,6391.080,6258.219,6126.322,5995.413,5865.516,5736.653,5608.843,5482.103,5356.450,5231.897,5108.455,4986.135,4864.944,4744.888,4625.972,4508.199,4391.569,4276.081,4161.734,4048.523,3936.442,3825.484,3715.642,3606.904,3499.260,3392.696,3287.199,3182.754,3079.343,2976.950,2875.555,2775.138,2675.678,2577.154,2479.542,2382.818,2286.958,2191.936,2097.725,2004.298,1911.627,1819.683,1728.436,1637.857,1547.914,1458.577,1369.813,1281.591,1193.877,1106.638,1019.841,933.450,847.432,761.753,676.377,591.268,506.392,421.712,337.193,252.798,168.492,84.238,0.000
0.000,313.492,626.804,939.734,1252.083,1563.652,1874.242,2183.660,2491.714,2798.216,3102.983,3405.833,3706.593,4005.093,4301.166,4594.654,4885.405,5173.270,5458.110,5739.791,6018.185,6293.172,6564.639,6832.478,7096.591,7356.884,7613.273,7865.677,8114.026,8358.254,8598.303,8834.120,9065.659,9292.881,9515.752,9734.244,9948.334,10158.006,10363.247,10564.049,10760.411,10952.335,11139.825,11322.893,11501.552,11675.819,11845.714,12011.262,12172.487,12329.419,12482.089,12630.530,12774.777,12914.867,13050.839,13182.733,13310.590,13434.450,13554.359,13670.358,13782.494,13890.810,13995.350,14096.161,14193.287,14286.774,14376.666,14463.009,14545.846,14625.221,14701.178,14773.759,14843.006,14908.962,14971.666,15031.159,15087.478,15140.663,15190.750,15237.774,15281.772,15322.776,15360.821,15395.937,15428.155,15457.505,15484.015,15507.712,15528.624,15546.774,15562.186,15574.885,15584.891,15592.226,15596.908,15598.958,15598.392,15595.227,15589.480,15581.166,15570.297,15556.889,15540.953,15522.502,15501.546,15478.096,15452.162,15423.754,15392.882,15359.552,15323.774,15285.557,15244.908,15201.834,15156.345,15108.447,15058.149,15005.459,14950.385,14892.936,14833.123,14770.953,14706.438,14639.589,14570.418,14498.937,14425.161,14349.103,14270.781,14190.209,14107.408,14022.397,13935.196,13845.828,13754.317,13660.688,13564.969,13467.189,13367.377,13265.567,13161.792,13056.088,12948.493,12839.047,12727.790,12614.766,12500.021,12383.599,12265.551,12145.925,12024.774,11902.152,11778.112,11652.712,11526.008,11398.060,11268.928,11138.674,11007.359,10875.046,10741.799,10607.682,10472.762,10337.102,10200.769,10063.829,9926.347,9788.389,9650.021,9511.309,9372.315,9233.106,9093.744,8954.293,8814.813,8675.366,8536.012,8396.808,8257.813,8119.081,7980.668,7842.625,7705.005,7567.856,7431.227,7295.164,7159.711,7024.911,6890.803,6757.427,6624.819,6493.015,6362.047,6231.946,6102.741,5974.458,5847.123,5720.760,5595.388,5471.027,5347.694,5225.406,5104.174,4984.010,4864.926,4746.928,4630.022,4514.214,4399.506,4285.899,4173.393,4061.985,3951.673,3842.450,3734.311,3627.248,3521.250,3416.307,3312.408,3209.539,3107.685,3006.830,2906.958,2808.050,2710.088,2613.051,2516.918,2421.667,2327.275,2233.718,2140.972,2049.010,1957.806,1867.334,1777.565,1688.471,1600.023,1512.192,1424.946,1338.256,1252.089,1166.415,1081.200,996.413,912.020,827.988,744.283,660.872,577.720,494.792,412.055,329.473,247.012,164.636,82.310,0.000
0.000,303.572,606.974,910.014,1212.500,1514.242,1815.054,2114.749,2413.144,2710.061,3005.324,3298.760,3590.202,3879.487,4166.459,4450.963,4732.854,5011.989,5288.234,5561.461,5831.545,6098.371,6361.830,6621.817,6878.235,7130.996,7380.016,7625.216,7866.527,8103.885,8337.230,8566.512,8791.685,9012.708,9229.548,9442.174,9650.564,9854.699,10054.565,10250.154,10441.460,10628.484,10811.229,10989.704,11163.919,11333.888,11499.631,11661.167,11818.519,11971.714,12120.780,12265.748,12406.649,12543.517,12676.389,12805.301,12930.292,13051.401,13168.667,13282.132,13391.838,13497.827,13600.141,13698.822,13793.913,13885.457,13973.497,14058.076,14139.234,14217.014,14291.458,14362.606,14430.498,14495.174,14556.673,14615.033,14670.291,14722.484,14771.647,14817.816,14861.022,14901.301,14938.682,14973.198,15004.877,15033.748,15059.839,15083.177,15103.787,15121.693,15136.919,15149.488,15159.420,15166.737,15171.458,15173.601,15173.185,15170.225,15164.737,15156.738,15146.240,15133.257,15117.803,15099.889,15079.527,15056.727,15031.500,15003.857,14973.806,14941.356,14906.517,14869.298,14829.706,14787.750,14743.439,14696.781,14647.785,14596.459,14542.813,14486.856,14428.598,14368.049,14305.221,14240.125,14172.773,14103.178,14031.355,13957.319,13881.086,13802.673,13722.098,13639.382,13554.546,13467.611,13378.602,13287.545,13194.465,13099.392,13002.355,12903.387,12802.521,12699.791,12595.235,12488.892,12380.801,12271.005,12159.546,12046.471,11931.826,11815.660,11698.022,11578.965,11458.540,11336.803,11213.809,11089.614,10964.277,10837.856,10710.411,10582.002,10452.691,10322.540,10191.610,10059.966,9927.670,9794.785,9661.373,9527.499,9393.226,9258.615,9123.729,8988.629,8853.377,8718.033,8582.655,8447.303,8312.034,8176.904,8041.968,7907.279,7772.890,7638.852,7505.214,7372.024,7239.328,7107.170,6975.594,6844.639,6714.347,6584.753,6455.893,6327.802,6200.511,6074.050,5948.447,5823.728,5699.918,5577.040,5455.112,5334.156,5214.187,5095.220,4977.270,4860.346,4744.460,4629.618,4515.828,4403.094,4291.419,4180.804,4071.249,3962.753,3855.312,3748.922,3643.577,3539.268,3435.988,3333.725,3232.470,3132.208,3032.926,2934.609,2837.241,2740.805,2645.281,2550.652,2456.897,2363.993,2271.920,2180.654,2090.172,2000.448,1911.457,1823.174,1735.571,1648.622,1562.297,1476.568,1391.406,1306.781,1222.664,1139.022,1055.826,973.043,890.642,808.589,726.854,645.403,564.202,483.219,402.420,321.771,241.238,160.788,80.387,0.000
0.000,293.890,587.617,881.001,1173.857,1466.006,1757.268,2047.466,2336.426,2623.977,2909.950,3194.182,3476.513,3756.785,4034.850,4310.559,4583.774,4854.356,5122.177,5387.113,5649.046,5907.863,6163.457,6415.729,6664.585,6909.937,7151.704,7389.811,7624.187,7854.771,8081.505,8304.336,8523.220,8738.116,8948.990,9155.811,9358.556,9557.204,9751.740,9942.155,10128.441,10310.596,10488.623,10662.527,10832.317,10998.005,11159.606,11317.139,11470.625,11620.086,11765.548,11907.040,12044.590,12178.231,12307.994,12433.916,12556.030,12674.373,12788.984,12899.900,13007.161,13110.806,13210.875,13307.408,13400.446,13490.028,13576.197,13658.991,13738.452,13814.618,13887.529,13957.224,14023.741,14087.119,14147.393,14204.603,14258.781,14309.965,14358.188,14403.482,14445.882,14485.418,14522.122,14556.022,14587.147,14615.526,14641.186,14664.151,14684.447,14702.098,14717.127,14729.556,14739.405,14746.696,14751.446,14753.675,14753.400,14750.637,14745.403,14737.712,14727.578,14715.016,14700.037,14682.655,14662.882,14640.727,14616.202,14589.318,14560.084,14528.509,14494.604,14458.376,14419.836,14378.992,14335.853,14290.428,14242.726,14192.757,14140.529,14086.054,14029.342,13970.403,13909.248,13845.891,13780.343,13712.618,13642.732,13570.699,13496.536,13420.259,13341.888,13261.443,13178.945,13094.416,13007.880,12919.361,12828.887,12736.486,12642.187,12546.022,12448.022,12348.224,12246.662,12143.374,12038.399,11931.779,11823.554,11713.770,11602.472,11489.706,11375.520,11259.966,11143.092,11024.953,10905.600,10785.090,10663.477,10540.819,10417.171,10292.593,10167.144,10040.882,9913.869,9786.163,9657.826,9528.918,9399.500,9269.632,9139.374,9008.788,8877.931,8746.864,8615.645,8484.331,8352.980,8221.648,8090.389,7959.259,7828.309,7697.592,7567.157,7437.053,7307.329,7178.030,7049.200,6920.883,6793.120,6665.950,6539.412,6413.541,6288.372,6163.938,6040.269,5917.395,5795.342,5674.137,5553.803,5434.362,5315.835,5198.238,5081.590,4965.905,4851.195,4737.472,4624.747,4513.026,4402.317,4292.623,4183.949,4076.296,3969.663,3864.050,3759.454,3655.870,3553.293,3451.716,3351.130,3251.525,3152.892,3055.218,2958.490,2862.692,2767.811,2673.829,2580.729,2488.492,2397.099,2306.530,2216.762,2127.775,2039.545,1952.048,1865.260,1779.155,1693.709,1608.894,1524.683,1441.049,1357.963,1275.397,1193.321,1111.706,1030.521,949.736,869.320,789.242,709.470,629.974,550.719,471.675,392.809,314.088,235.479,156.950,78.468,0.000
0.000,284.434,568.714,852.667,1136.118,1418.895,1700.828,1981.747,2261.486,2539.881,2816.773,3092.003,3365.420,3636.874,3906.220,4173.318,4438.033,4700.234,4959.797,5216.602,5470.536,5721.489,5969.360,6214.051,6455.472,6693.537,6928.166,7159.287,7386.832,7610.738,7830.949,8047.414,8260.087,8468.928,8673.903,8874.980,9072.136,9265.347,9454.600,9639.881,9821.183,9998.503,10171.840,10341.197,10506.583,10668.006,10825.481,10979.022,11128.648,11274.381,11416.242,11554.259,11688.457,11818.865,11945.515,12068.438,12187.666,12303.234,12415.177,12523.531,12628.333,12729.620,12827.429,12921.798,13012.766,13100.371,13184.651,13265.643,13343.388,13417.922,13489.282,13557.506,13622.631,13684.692,13743.726,13799.766,13852.849,13903.006,13950.272,13994.678,14036.255,14075.034,14111.044,14144.315,14174.874,14202.748,14227.963,14250.543,14270.515,14287.900,14302.721,14315.000,14324.757,14332.011,14336.783,14339.089,14338.948,14336.375,14331.386,14323.997,14314.222,14302.073,14287.565,14270.709,14251.518,14230.003,14206.175,14180.045,14151.622,14120.916,14087.939,14052.697,14015.202,13975.463,13933.489,13889.289,13842.874,13794.252,13743.434,13690.430,13635.252,13577.911,13518.417,13456.785,13393.026,13327.156,13259.188,13189.140,13117.026,13042.864,12966.674,12888.475,12808.289,12726.137,12642.043,12556.033,12468.132,12378.367,12286.769,12193.368,12098.195,12001.285,11902.672,11802.393,11700.487,11596.991,11491.949,11385.403,11277.395,11167.972,11057.180,10945.067,10831.683,10717.077,10601.302,10484.409,10366.453,10247.487,10127.567,10006.749,9885.090,9762.646,9639.474,9515.633,9391.181,9266.176,9140.675,9014.738,8888.421,8761.784,8634.881,8507.771,8380.510,8253.153,8125.755,7998.369,7871.049,7743.847,7616.813,7489.997,7363.447,7237.210,7111.334,6985.860,6860.833,6736.294,6612.282,6488.837,6365.993,6243.788,6122.253,6001.420,5881.320,5761.981,5643.429,5525.688,5408.783,5292.734,5177.560,5063.280,4949.910,4837.465,4725.957,4615.397,4505.796,4397.161,4289.498,4182.813,4077.108,3972.385,3868.645,3765.887,3664.108,3563.305,3463.471,3364.601,3266.686,3169.718,3073.687,2978.580,2884.385,2791.089,2698.677,2607.133,2516.440,2426.580,2337.536,2249.286,2161.811,2075.090,1989.100,1903.818,1819.222,1735.286,1651.986,1569.296,1487.190,1405.642,1324.624,1244.108,1164.066,1084.469,1005.289,926.495,848.059,769.948,692.135,614.587,537.273,460.162,383.224,306.425,229.736,153.123,76.555,0.000
0.000,275.196,550.246,824.985,1099.246,1372.865,1645.680,1917.529,2188.253,2457.696,2725.705,2992.129,3256.823,3519.644,3780.454,4039.117,4295.504,4549.490,4800.955,5049.784,5295.868,5539.101,5779.386,6016.627,6250.737,6481.633,6709.237,6933.479,7154.292,7371.615,7585.392,7795.573,8002.113,8204.972,8404.114,8599.509,8791.130,8978.957,9162.973,9343.163,9519.520,9692.037,9860.714,10025.552,10186.556,10343.734,10497.097,10646.659,10792.436,10934.447,11072.713,11207.257,11338.103,11465.278,11588.810,11708.729,11825.064,11937.849,12047.115,12152.897,12255.228,12354.143,12449.679,12541.871,12630.754,12716.365,12798.740,12877.916,12953.929,13026.814,13096.607,13163.344,13227.059,13287.788,13345.564,13400.421,13452.391,13501.506,13547.800,13591.302,13632.042,13670.050,13705.354,13737.982,13767.961,13795.318,13820.076,13842.261,13861.897,13879.005,13893.608,13905.727,13915.382,13922.592,13927.376,13929.752,13929.737,13927.346,13922.597,13915.503,13906.078,13894.338,13880.293,13863.958,13845.344,13824.463,13801.325,13775.943,13748.325,13718.483,13686.426,13652.165,13615.708,13577.066,13536.249,13493.267,13448.129,13400.845,13351.426,13299.884,13246.229,13190.472,13132.626,13072.704,13010.720,12946.687,12880.620,12812.536,12742.451,12670.383,12596.351,12520.373,12442.473,12362.670,12280.990,12197.456,12112.094,12024.932,11935.999,11845.323,11752.937,11658.873,11563.166,11465.851,11366.965,11266.547,11164.636,11061.274,10956.503,10850.368,10742.912,10634.182,10524.226,10413.093,10300.831,10187.492,10073.127,9957.787,9841.527,9724.400,9606.461,9487.763,9368.363,9248.316,9127.676,9006.501,8884.846,8762.766,8640.318,8517.556,8394.535,8271.310,8147.935,8024.463,7900.946,7777.437,7653.985,7530.641,7407.455,7284.472,7161.741,7039.306,6917.211,6795.500,6674.212,6553.390,6433.070,6313.289,6194.084,6075.487,5957.531,5840.247,5723.664,5607.808,5492.706,5378.382,5264.858,5152.155,5040.291,4929.285,4819.152,4709.907,4601.562,4494.128,4387.615,4282.030,4177.380,4073.669,3970.902,3869.080,3768.204,3668.273,3569.284,3471.235,3374.120,3277.933,3182.667,3088.313,2994.862,2902.303,2810.622,2719.809,2629.849,2540.725,2452.423,2364.925,2278.214,2192.271,2107.074,2022.606,1938.844,1855.766,1773.350,1691.572,1610.408,1529.834,1449.823,1370.352,1291.393,1212.919,1134.903,1057.318,980.135,903.325,826.861,750.712,674.850,599.244,523.865,448.683,373.666,298.785,224.008,149.306,74.647,0.000
0.000,266.167,532.196,797.929,1063.207,1327.874,1591.774,1854.753,2116.660,2377.345,2636.663,2894.470,3150.626,3404.994,3657.442,3907.840,4156.065,4401.997,4645.520,4886.523,5124.901,5360.554,5593.384,5823.303,6050.224,6274.067,6494.757,6712.224,6926.404,7137.237,7344.667,7548.647,7749.130,7946.077,8139.454,8329.228,8515.373,8697.868,8876.693,9051.836,9223.286,9391.037,9555.084,9715.430,9872.076,10025.029,10174.298,10319.896,10461.836,10600.135,10734.812,10865.887,10993.384,11117.326,11237.739,11354.650,11468.088,11578.083,11684.665,11787.865,11887.716,11984.250,12077.501,12167.502,12254.288,12337.892,12418.349,12495.694,12569.959,12641.180,12709.392,12774.627,12836.918,12896.299,12952.802,13006.460,13057.303,13105.363,13150.671,13193.254,13233.144,13270.367,13304.952,13336.925,13366.312,13393.139,13417.429,13439.208,13458.497,13475.318,13489.694,13501.643,13511.187,13518.344,13523.133,13525.570,13525.673,13523.458,13518.940,13512.134,13503.054,13491.715,13478.128,13462.307,13444.263,13424.009,13401.556,13376.915,13350.097,13321.111,13289.968,13256.680,13221.254,13183.702,13144.034,13102.260,13058.390,13012.435,12964.405,12914.313,12862.168,12807.983,12751.771,12693.545,12633.319,12571.106,12506.923,12440.785,12372.708,12302.711,12230.812,12157.032,12081.391,12003.910,11924.613,11843.525,11760.671,11676.077,11589.772,11501.784,11412.145,11320.887,11228.043,11133.648,11037.737,10940.348,10841.519,10741.291,10639.704,10536.801,10432.626,10327.222,10220.637,10112.915,10004.106,9894.258,9783.420,9671.643,9558.977,9445.475,9331.188,9216.170,9100.472,8984.148,8867.252,8749.837,8631.957,8513.665,8395.014,8276.057,8156.848,8037.438,7917.879,7798.222,7678.518,7558.816,7439.165,7319.613,7200.207,7080.993,6962.015,6843.317,6724.942,6606.931,6489.323,6372.157,6255.470,6139.297,6023.673,5908.631,5794.201,5680.413,5567.295,5454.873,5343.173,5232.218,5122.029,5012.627,4904.030,4796.256,4689.320,4583.235,4478.014,4373.669,4270.207,4167.638,4065.967,3965.200,3865.340,3766.388,3668.347,3571.215,3474.990,3379.669,3285.248,3191.720,3099.080,3007.319,2916.427,2826.394,2737.210,2648.861,2561.333,2474.614,2388.686,2303.535,2219.142,2135.490,2052.560,1970.331,1888.784,1807.898,1727.651,1648.020,1568.981,1490.512,1412.588,1335.185,1258.275,1181.835,1105.837,1030.255,955.062,880.230,805.731,731.537,657.619,583.949,510.499,437.237,364.137,291.167,218.298,145.500,72.744,0.000
0.000,257.339,514.548,771.474,1027.968,1283.879,1539.059,1793.362,2046.642,2298.758,2549.570,2798.940,3046.735,3292.823,3537.078,3779.377,4019.601,4257.633,4493.364,4726.687,4957.500,5185.706,5411.212,5633.932,5853.783,6070.686,6284.569,6495.364,6703.008,6907.442,7108.613,7306.472,7500.975,7692.082,7879.759,8063.973,8244.699,8421.913,8595.598,8765.737,8932.320,9095.339,9254.790,9410.672,9562.985,9711.736,9856.931,9998.581,10136.697,10271.295,10402.391,10530.005,10654.156,10774.866,10892.161,11006.064,11116.602,11223.802,11327.694,11428.305,11525.668,11619.812,11710.768,11798.568,11883.245,11964.830,12043.357,12118.857,12191.363,12260.908,12327.523,12391.242,12452.096,12510.115,12565.332,12617.777,12667.480,12714.471,12758.778,12800.431,12839.457,12875.883,12909.736,12941.043,12969.826,12996.112,13019.924,13041.285,13060.217,13076.742,13090.880,13102.652,13112.076,13119.171,13123.955,13126.446,13126.660,13124.612,13120.319,13113.794,13105.052,13094.107,13080.971,13065.658,13048.178,13028.546,13006.771,12982.864,12956.838,12928.702,12898.467,12866.143,12831.741,12795.271,12756.743,12716.168,12673.557,12628.919,12582.268,12533.613,12482.967,12430.341,12375.749,12319.204,12260.719,12200.310,12137.991,12073.778,12007.690,11939.742,11869.954,11798.346,11724.938,11649.751,11572.810,11494.137,11413.757,11331.698,11247.986,11162.650,11075.720,10987.228,10897.205,10805.685,10712.704,10618.298,10522.504,10425.359,10326.906,10227.183,10126.234,10024.101,9920.828,9816.461,9711.045,9604.627,9497.255,9388.978,9279.843,9169.902,9059.203,8947.797,8835.735,8723.069,8609.848,8496.126,8381.953,8267.380,8152.459,8037.240,7921.774,7806.111,7690.301,7574.392,7458.434,7342.473,7226.556,7110.731,6995.041,6879.531,6764.245,6649.222,6534.506,6420.134,6306.147,6192.579,6079.468,5966.848,5854.751,5743.209,5632.252,5521.908,5412.206,5303.170,5194.824,5087.191,4980.293,4874.149,4768.776,4664.193,4560.412,4457.449,4355.316,4254.022,4153.577,4053.990,3955.265,3857.409,3760.425,3664.315,3569.079,3474.719,3381.231,3288.613,3196.861,3105.970,3015.932,2926.741,2838.388,2750.862,2664.153,2578.250,2493.138,2408.805,2325.236,2242.416,2160.326,2078.951,1998.272,1918.271,1838.927,1760.220,1682.130,1604.634,1527.711,1451.337,1375.490,1300.144,1225.276,1150.860,1076.872,1003.285,930.074,857.211,784.670,712.424,640.444,568.704,497.175,425.829,354.638,283.573,212.605,141.707,70.848,0.000
0.000,248.704,497.285,745.596,993.496,1240.841,1487.489,1733.301,1978.138,2221.865,2464.348,2705.456,2945.060,3183.036,3419.263,3653.621,3885.998,4116.281,4344.365,4570.148,4793.531,5014.422,5232.731,5448.373,5661.269,5871.343,6078.524,6282.747,6483.950,6682.075,6877.072,7068.890,7257.488,7442.826,7624.868,7803.584,7978.947,8150.934,8319.525,8484.706,8646.462,8804.788,8959.675,9111.122,9259.130,9403.702,9544.843,9682.562,9816.870,9947.779,10075.304,10199.464,10320.275,10437.758,10551.936,10662.831,10770.467,10874.871,10976.068,11074.087,11168.954,11260.700,11349.353,11434.944,11517.502,11597.058,11673.643,11747.288,11818.022,11885.878,11950.886,12013.077,12072.480,12129.125,12183.043,12234.263,12282.813,12328.722,12372.017,12412.727,12450.877,12486.495,12519.605,12550.233,12578.402,12604.137,12627.459,12648.393,12666.958,12683.177,12697.069,12708.653,12717.948,12724.973,12729.746,12732.282,12732.599,12730.712,12726.636,12720.385,12711.974,12701.416,12688.725,12673.912,12656.990,12637.972,12616.868,12593.690,12568.448,12541.154,12511.819,12480.452,12447.066,12411.669,12374.272,12334.887,12293.524,12250.195,12204.910,12157.681,12108.520,12057.440,12004.453,11949.573,11892.814,11834.191,11773.718,11711.412,11647.290,11581.370,11513.670,11444.209,11373.008,11300.089,11225.473,11149.186,11071.250,10991.691,10910.538,10827.818,10743.559,10657.793,10570.550,10481.865,10391.770,10300.301,10207.493,10113.385,10018.015,9921.421,9823.646,9724.730,9624.715,9523.645,9421.565,9318.520,9214.555,9109.716,9004.051,8897.608,8790.434,8682.577,8574.087,8465.013,8355.404,8245.309,8134.778,8023.858,7912.600,7801.053,7689.265,7577.283,7465.156,7352.931,7240.653,7128.369,7016.124,6903.962,6791.927,6680.060,6568.403,6456.996,6345.879,6235.089,6124.664,6014.639,5905.049,5795.926,5687.302,5579.208,5471.673,5364.725,5258.389,5152.691,5047.653,4943.298,4839.647,4736.717,4634.527,4533.093,4432.430,4332.551,4233.467,4135.189,4037.727,3941.087,3845.276,3750.300,3656.161,3562.863,3470.405,3378.789,3288.012,3198.072,3108.965,3020.686,2933.228,2846.586,2760.750,2675.711,2591.459,2507.982,2425.269,2343.306,2262.079,2181.573,2101.772,2022.659,1944.218,1866.430,1789.276,1712.737,1636.792,1561.421,1486.601,1412.312,1338.531,1265.234,1192.398,1119.998,1048.011,976.411,905.174,834.273,763.682,693.376,623.327,553.510,483.896,414.458,345.170,276.004,206.931,137.925,68.957,0.000
0.000,240.255,480.391,720.273,959.761,1198.722,1437.018,1674.518,1911.088,2146.600,2380.924,2613.937,2845.516,3075.541,3303.896,3530.468,3755.147,3977.826,4198.405,4416.784,4632.870,4846.572,5057.805,5266.487,5472.540,5675.893,5876.475,6074.224,6269.079,6460.984,6649.889,6835.747,7018.514,7198.151,7374.625,7547.904,7717.961,7884.773,8048.320,8208.585,8365.557,8519.225,8669.583,8816.627,8960.357,9100.774,9237.883,9371.690,9502.205,9629.439,9753.406,9874.121,9991.599,10105.861,10216.925,10324.813,10429.548,10531.154,10629.655,10725.076,10817.444,10906.786,10993.130,11076.503,11156.934,11234.453,11309.086,11380.865,11449.819,11515.975,11579.364,11640.015,11697.956,11753.216,11805.823,11855.806,11903.192,11948.007,11990.279,12030.034,12067.298,12102.096,12134.452,12164.391,12191.935,12217.108,12239.932,12260.429,12278.618,12294.521,12308.157,12319.545,12328.704,12335.651,12340.403,12342.978,12343.390,12341.655,12337.789,12331.806,12323.719,12313.541,12301.288,12286.969,12270.598,12252.187,12231.747,12209.289,12184.826,12158.367,12129.923,12099.506,12067.126,12032.793,11996.519,11958.314,11918.189,11876.156,11832.227,11786.411,11738.723,11689.175,11637.778,11584.548,11529.498,11472.643,11413.998,11353.580,11291.404,11227.489,11161.853,11094.515,11025.496,10954.817,10882.499,10808.566,10733.043,10655.954,10577.325,10497.184,10415.560,10332.482,10247.980,10162.087,10074.835,9986.259,9896.393,9805.274,9712.939,9619.425,9524.772,9429.020,9332.211,9234.385,9135.585,9035.855,8935.238,8833.780,8731.526,8628.520,8524.810,8420.442,8315.462,8209.918,8103.857,7997.326,7890.372,7783.043,7675.385,7567.446,7459.272,7350.908,7242.401,7133.796,7025.137,6916.468,6807.833,6699.273,6590.831,6482.547,6374.461,6266.611,6159.035,6051.771,5944.853,5838.315,5732.192,5626.514,5521.312,5416.616,5312.453,5208.851,5105.834,5003.428,4901.652,4800.531,4700.083,4600.326,4501.278,4402.955,4305.370,4208.536,4112.466,4017.169,3922.655,3828.930,3736.002,3643.874,3552.551,3462.036,3372.328,3283.428,3195.336,3108.049,3021.562,2935.872,2850.973,2766.858,2683.518,2600.946,2519.132,2438.064,2357.731,2278.120,2199.218,2121.011,2043.483,1966.619,1890.402,1814.813,1739.837,1665.452,1591.641,1518.383,1445.656,1373.442,1301.717,1230.458,1159.645,1089.252,1019.257,949.636,880.364,811.417,742.770,674.396,606.271,538.368,470.662,403.127,335.735,268.461,201.277,134.157,67.073,0.000
0.000,231.982,463.853,695.481,926.735,1157.485,1387.603,1616.962,1845.435,2072.897,2299.229,2524.309,2748.020,2970.250,3190.884,3409.817,3626.942,3842.159,4055.368,4266.475,4475.391,4682.029,4886.304,5088.140,5287.461,5484.197,5678.281,5869.651,6058.249,6244.021,6426.917,6606.890,6783.899,6957.906,7128.876,7296.778,7461.585,7623.275,7781.826,7937.222,8089.450,8238.499,8384.362,8527.035,8666.514,8802.802,8935.901,9065.817,9192.557,9316.131,9436.552,9553.831,9667.986,9779.032,9886.988,9991.873,10093.709,10192.517,10288.320,10381.141,10471.007,10557.941,10641.969,10723.119,10801.417,10876.889,10949.564,11019.469,11086.631,11151.078,11212.839,11271.940,11328.409,11382.273,11433.559,11482.294,11528.504,11572.216,11613.454,11652.244,11688.611,11722.579,11754.171,11783.410,11810.320,11834.922,11857.237,11877.287,11895.092,11910.670,11924.042,11935.226,11944.240,11951.101,11955.825,11958.430,11958.930,11957.341,11953.678,11947.954,11940.184,11930.381,11918.557,11904.725,11888.898,11871.087,11851.304,11829.560,11805.866,11780.234,11752.675,11723.198,11691.816,11658.539,11623.377,11586.342,11547.445,11506.698,11464.111,11419.697,11373.468,11325.437,11275.617,11224.021,11170.664,11115.560,11058.724,11000.173,10939.922,10877.991,10814.396,10749.158,10682.295,10613.829,10543.781,10472.174,10399.032,10324.380,10248.242,10170.647,10091.621,10011.193,9929.393,9846.252,9761.802,9676.076,9589.108,9500.932,9411.585,9321.102,9229.523,9136.885,9043.229,8948.593,8853.020,8756.551,8659.227,8561.093,8462.191,8362.566,8262.261,8161.321,8059.792,7957.717,7855.144,7752.116,7648.679,7544.879,7440.760,7336.367,7231.745,7126.938,7021.990,6916.945,6811.844,6706.730,6601.644,6496.628,6391.721,6286.961,6182.389,6078.039,5973.950,5870.155,5766.690,5663.587,5560.878,5458.593,5356.763,5255.415,5154.577,5054.273,4954.530,4855.369,4756.812,4658.881,4561.594,4464.969,4369.024,4273.771,4179.227,4085.403,3992.311,3899.961,3808.361,3717.519,3627.441,3538.131,3449.595,3361.833,3274.848,3188.639,3103.206,3018.546,2934.657,2851.533,2769.169,2687.559,2606.696,2526.571,2447.175,2368.497,2290.527,2213.251,2136.659,2060.735,1985.465,1910.835,1836.827,1763.425,1690.612,1618.371,1546.681,1475.524,1404.880,1334.729,1265.050,1195.821,1127.020,1058.625,990.613,922.962,855.648,788.646,721.934,655.485,589.276,523.282,457.477,391.836,326.334,260.945,195.642,130.401,65.196,0.000
0.000,223.881,447.656,671.200,894.388,1117.096,1339.202,1560.585,1781.122,2000.697,2219.193,2436.496,2652.493,2867.075,3080.137,3291.573,3501.284,3709.173,3915.144,4119.108,4320.977,4520.669,4718.102,4913.203,5105.898,5296.119,5483.803,5668.888,5851.318,6031.041,6208.008,6382.174,6553.497,6721.940,6887.470,7050.055,7209.669,7366.288,7519.892,7670.464,7817.990,7962.458,8103.862,8242.194,8377.453,8509.637,8638.750,8764.795,8887.778,9007.708,9124.596,9238.453,9349.294,9457.132,9561.986,9663.873,9762.812,9858.824,9951.929,10042.150,10129.510,10214.033,10295.743,10374.664,10450.822,10524.243,10594.952,10662.975,10728.338,10791.068,10851.191,10908.734,10963.721,11016.179,11066.135,11113.612,11158.638,11201.235,11241.430,11279.245,11314.705,11347.833,11378.651,11407.183,11433.448,11457.470,11479.268,11498.862,11516.273,11531.519,11544.619,11555.590,11564.451,11571.218,11575.907,11578.535,11579.115,11577.665,11574.197,11568.726,11561.266,11551.829,11540.428,11527.077,11511.786,11494.568,11475.434,11454.396,11431.465,11406.652,11379.968,11351.424,11321.030,11288.799,11254.740,11218.865,11181.185,11141.711,11100.456,11057.431,11012.649,10966.121,10917.862,10867.884,10816.203,10762.832,10707.787,10651.083,10592.738,10532.769,10471.193,10408.030,10343.298,10277.019,10209.213,10139.904,10069.113,9996.866,9923.187,9848.103,9771.640,9693.825,9614.690,9534.262,9452.573,9369.655,9285.541,9200.264,9113.860,9026.362,8937.808,8848.236,8757.682,8666.186,8573.787,8480.526,8386.442,8291.577,8195.972,8099.671,8002.714,7905.146,7807.009,7708.346,7609.201,7509.617,7409.638,7309.307,7208.667,7107.762,7006.633,6905.323,6803.876,6702.331,6600.729,6499.112,6397.518,6295.988,6194.559,6093.269,5992.155,5891.251,5790.594,5690.216,5590.151,5490.431,5391.085,5292.144,5193.636,5095.589,4998.027,4900.976,4804.460,4708.502,4613.120,4518.337,4424.171,4330.638,4237.755,4145.537,4053.996,3963.146,3872.997,3783.559,3694.841,3606.850,3519.591,3433.070,3347.291,3262.256,3177.966,3094.422,3011.622,2929.566,2848.249,2767.668,2687.818,2608.693,2530.286,2452.588,2375.591,2299.285,2223.659,2148.703,2074.403,2000.747,1927.720,1855.308,1783.496,1712.268,1641.607,1571.495,1501.914,1432.848,1364.275,1296.176,1228.533,1161.323,1094.525,1028.118,962.081,896.392,831.026,765.962,701.176,636.645,572.344,508.250,444.339,380.586,316.967,253.456,190.028,126.660,63.325,0.000
0.000,215.943,431.786,647.410,862.694,1077.521,1291.775,1505.339,1718.098,1929.939,2140.752,2350.426,2558.856,2765.936,2971.565,3175.643,3378.074,3578.766,3777.626,3974.570,4169.512,4362.373,4553.076,4741.549,4927.721,5111.528,5292.906,5471.797,5648.147,5821.904,5993.020,6161.453,6327.161,6490.108,6650.260,6807.588,6962.063,7113.664,7262.369,7408.162,7551.027,7690.954,7827.932,7961.957,8093.024,8221.133,8346.283,8468.478,8587.724,8704.028,8817.398,8927.845,9035.382,9140.022,9241.781,9340.675,9436.722,9529.940,9620.349,9707.970,9792.824,9874.934,9954.322,10031.011,10105.025,10176.389,10245.125,10311.260,10374.818,10435.823,10494.301,10550.276,10603.774,10654.818,10703.434,10749.645,10793.476,10834.951,10874.093,10910.925,10945.468,10977.748,11007.783,11035.597,11061.210,11084.643,11105.915,11125.046,11142.055,11156.960,11169.780,11180.531,11189.231,11195.896,11200.542,11203.185,11203.839,11202.520,11199.241,11194.015,11186.858,11177.780,11166.796,11153.917,11139.155,11122.522,11104.031,11083.691,11061.514,11037.512,11011.696,10984.075,10954.661,10923.466,10890.500,10855.775,10819.300,10781.089,10741.153,10699.505,10656.155,10611.117,10564.403,10516.028,10466.007,10414.351,10361.079,10306.204,10249.743,10191.714,10132.135,10071.022,10008.397,9944.279,9878.689,9811.648,9743.180,9673.307,9602.055,9529.449,9455.514,9380.278,9303.769,9226.017,9147.049,9066.899,8985.598,8903.177,8819.670,8735.112,8649.538,8562.983,8475.483,8387.078,8297.803,8207.698,8116.801,8025.152,7932.792,7839.760,7746.097,7651.845,7557.044,7461.736,7365.964,7269.767,7173.189,7076.270,6979.052,6881.576,6783.883,6686.014,6588.009,6489.908,6391.749,6293.573,6195.416,6097.316,5999.311,5901.435,5803.725,5706.215,5608.937,5511.924,5415.209,5318.821,5222.790,5127.144,5031.911,4937.117,4842.786,4748.944,4655.612,4562.812,4470.564,4378.888,4287.802,4197.322,4107.464,4018.242,3929.669,3841.758,3754.518,3667.960,3582.091,3496.919,3412.450,3328.688,3245.638,3163.301,3081.680,3000.774,2920.584,2841.106,2762.340,2684.280,2606.922,2530.260,2454.288,2378.997,2304.381,2230.429,2157.131,2084.476,2012.453,1941.049,1870.250,1800.043,1730.412,1661.344,1592.821,1524.827,1457.344,1390.355,1323.843,1257.786,1192.167,1126.966,1062.162,997.735,933.663,869.926,806.500,743.365,680.498,617.877,555.477,493.276,431.251,369.378,307.634,245.994,184.434,122.932,61.462,0.000
0.000,208.163,416.231,624.090,831.626,1038.727,1245.282,1451.179,1656.310,1860.566,2063.841,2266.032,2467.035,2666.752,2865.084,3061.936,3257.217,3450.838,3642.711,3832.752,4020.883,4207.026,4391.107,4573.057,4752.807,4930.294,5105.460,5278.245,5448.599,5616.471,5781.814,5944.587,6104.749,6262.265,6417.102,6569.230,6718.623,6865.256,7009.111,7150.169,7288.415,7423.838,7556.427,7686.177,7813.083,7937.142,8058.355,8176.724,8292.252,8404.946,8514.814,8621.865,8726.110,8827.562,8926.234,9022.141,9115.301,9205.729,9293.445,9378.467,9460.816,9540.511,9617.575,9692.030,9763.897,9833.199,9899.959,9964.200,10025.946,10085.220,10142.046,10196.447,10248.447,10298.070,10345.338,10390.275,10432.904,10473.248,10511.329,10547.168,10580.787,10612.209,10641.454,10668.543,10693.495,10716.330,10737.068,10755.728,10772.327,10786.883,10799.415,10809.938,10818.470,10825.026,10829.622,10832.273,10832.994,10831.798,10828.701,10823.714,10816.852,10808.127,10797.551,10785.138,10770.898,10754.844,10736.986,10717.337,10695.907,10672.707,10647.749,10621.043,10592.600,10562.432,10530.549,10496.962,10461.683,10424.723,10386.094,10345.808,10303.877,10260.314,10215.132,10168.344,10119.965,10070.009,10018.490,9965.424,9910.828,9854.718,9797.112,9738.028,9677.485,9615.503,9552.101,9487.302,9421.127,9353.599,9284.742,9214.582,9143.142,9070.449,8996.531,8921.416,8845.133,8767.710,8689.180,8609.573,8528.922,8447.260,8364.620,8281.037,8196.546,8111.182,8024.982,7937.984,7850.224,7761.741,7672.572,7582.758,7492.336,7401.346,7309.828,7217.821,7125.366,7032.502,6939.269,6845.707,6751.856,6657.754,6563.442,6468.958,6374.341,6279.629,6184.859,6090.068,5995.294,5900.571,5805.936,5711.423,5617.066,5522.896,5428.948,5335.250,5241.835,5148.731,5055.966,4963.569,4871.564,4779.978,4688.835,4598.156,4507.965,4418.283,4329.128,4240.520,4152.475,4065.009,3978.139,3891.878,3806.238,3721.230,3636.867,3553.155,3470.104,3387.721,3306.012,3224.980,3144.631,3064.966,2985.987,2907.695,2830.089,2753.167,2676.927,2601.366,2526.478,2452.259,2378.702,2305.800,2233.546,2161.930,2090.942,2020.573,1950.810,1881.642,1813.056,1745.039,1677.577,1610.655,1544.257,1478.368,1412.971,1348.049,1283.585,1219.560,1155.956,1092.754,1029.933,967.476,905.360,843.566,782.072,720.858,659.902,599.181,538.674,478.359,418.213,358.213,298.337,238.561,178.862,119.218,59.605,0.000
0.000,200.534,400.977,601.221,801.159,1000.682,1199.685,1398.062,1595.709,1792.522,1988.401,2183.245,2376.959,2569.445,2760.610,2950.365,3138.621,3325.292,3510.295,3693.551,3874.982,4054.515,4232.079,4407.606,4581.031,4752.294,4921.336,5088.103,5252.543,5414.608,5574.254,5731.438,5886.123,6038.272,6187.855,6334.840,6479.204,6620.921,6759.972,6896.340,7030.008,7160.966,7289.202,7414.710,7537.484,7657.522,7774.822,7889.387,8001.218,8110.321,8216.703,8320.372,8421.338,8519.612,8615.206,8708.135,8798.414,8886.057,8971.083,9053.508,9133.352,9210.634,9285.374,9357.592,9427.309,9494.546,9559.325,9621.669,9681.598,9739.135,9794.304,9847.125,9897.621,9945.815,9991.729,10035.384,10076.804,10116.008,10153.020,10187.859,10220.547,10251.103,10279.549,10305.905,10330.188,10352.419,10372.615,10390.795,10406.977,10421.177,10433.414,10443.702,10452.059,10458.498,10463.037,10465.689,10466.469,10465.391,10462.467,10457.713,10451.139,10442.759,10432.585,10420.630,10406.905,10391.421,10374.190,10355.224,10334.532,10312.127,10288.019,10262.218,10234.737,10205.586,10174.775,10142.316,10108.221,10072.501,10035.166,9996.231,9955.706,9913.604,9869.938,9824.722,9777.968,9729.693,9679.910,9628.635,9575.883,9521.672,9466.018,9408.939,9350.454,9290.582,9229.343,9166.758,9102.848,9037.636,8971.144,8903.397,8834.419,8764.236,8692.874,8620.361,8546.723,8471.991,8396.193,8319.360,8241.523,8162.714,8082.965,8002.309,7920.780,7838.412,7755.241,7671.301,7586.630,7501.263,7415.236,7328.589,7241.356,7153.577,7065.290,6976.532,6887.341,6797.757,6707.817,6617.558,6527.020,6436.240,6345.255,6254.102,6162.820,6071.444,5980.010,5888.553,5797.109,5705.712,5614.396,5523.195,5432.139,5341.262,5250.593,5160.162,5069.999,4980.132,4890.588,4801.393,4712.572,4624.151,4536.151,4448.594,4361.503,4274.897,4188.796,4103.216,4018.174,3933.687,3849.769,3766.432,3683.691,3601.554,3520.033,3439.137,3358.874,3279.250,3200.271,3121.942,3044.266,2967.246,2890.884,2815.180,2740.134,2665.744,2592.009,2518.924,2446.486,2374.690,2303.528,2232.996,2163.085,2093.787,2025.093,1956.992,1889.474,1822.527,1756.140,1690.298,1624.990,1560.201,1495.916,1432.120,1368.797,1305.930,1243.503,1181.499,1119.899,1058.685,997.839,937.342,877.173,817.314,757.743,698.441,639.387,580.560,521.938,463.500,405.225,347.091,289.075,231.156,173.311,115.519,57.755,0.000
0.000,193.049,386.012,578.786,771.268,963.356,1154.949,1345.946,1536.247,1725.754,1914.371,2102.003,2288.556,2473.940,2658.065,2840.845,3022.196,3202.034,3380.283,3556.863,3731.703,3904.730,4075.878,4245.080,4412.275,4577.403,4740.410,4901.242,5059.849,5216.184,5370.205,5521.871,5671.144,5817.990,5962.378,6104.278,6243.665,6380.517,6514.812,6646.532,6775.664,6902.195,7026.113,7147.412,7266.085,7382.129,7495.542,7606.325,7714.481,7820.012,7922.925,8023.227,8120.927,8216.035,8308.562,8398.520,8485.924,8570.788,8653.128,8732.960,8810.301,8885.171,8957.586,9027.567,9095.132,9160.303,9223.098,9283.540,9341.649,9397.445,9450.950,9502.185,9551.172,9597.931,9642.484,9684.852,9725.054,9763.113,9799.049,9832.881,9864.629,9894.313,9921.953,9947.568,9971.175,9992.794,10012.441,10030.135,10045.892,10059.730,10071.664,10081.710,10089.884,10096.201,10100.675,10103.321,10104.154,10103.185,10100.430,10095.900,10089.607,10081.566,10071.787,10060.283,10047.065,10032.144,10015.532,9997.240,9977.279,9955.660,9932.393,9907.490,9880.960,9852.816,9823.068,9791.727,9758.804,9724.311,9688.260,9650.661,9611.529,9570.873,9528.709,9485.048,9439.905,9393.294,9345.229,9295.725,9244.798,9192.465,9138.741,9083.645,9027.195,8969.409,8910.307,8849.909,8788.237,8725.311,8661.155,8595.791,8529.244,8461.537,8392.697,8322.750,8251.723,8179.643,8106.540,8032.441,7957.378,7881.381,7804.480,7726.708,7648.098,7568.681,7488.493,7407.567,7325.937,7243.638,7160.706,7077.176,6993.084,6908.466,6823.359,6737.799,6651.823,6565.467,6478.768,6391.762,6304.485,6216.974,6129.265,6041.393,5953.394,5865.303,5777.153,5688.980,5600.816,5512.695,5424.649,5336.710,5248.908,5161.274,5073.838,4986.627,4899.671,4812.995,4726.626,4640.590,4554.910,4469.610,4384.712,4300.236,4216.205,4132.637,4049.549,3966.960,3884.885,3803.340,3722.338,3641.893,3562.016,3482.717,3404.008,3325.896,3248.390,3171.496,3095.220,3019.565,2944.536,2870.136,2796.365,2723.225,2650.716,2578.835,2507.582,2436.953,2366.943,2297.549,2228.764,2160.583,2092.998,2026.001,1959.582,1893.734,1828.444,1763.704,1699.500,1635.820,1572.653,1509.984,1447.798,1386.082,1324.821,1263.998,1203.598,1143.603,1083.997,1024.762,965.880,907.333,849.103,791.169,733.512,676.114,618.954,562.012,505.268,448.700,392.289,336.012,279.850,223.780,167.782,111.833,55.913,0.000
0.000,185.702,371.324,556.766,741.930,926.719,1111.038,1294.788,1477.876,1660.209,1841.693,2022.240,2201.759,2380.164,2557.370,2733.294,2907.855,3080.974,3252.578,3422.590,3590.942,3757.565,3922.394,4085.366,4246.422,4405.505,4562.560,4717.538,4870.390,5021.071,5169.538,5315.754,5459.680,5601.285,5740.536,5877.406,6011.869,6143.904,6273.489,6400.606,6525.242,6647.384,6767.019,6884.141,6998.743,7110.821,7220.374,7327.399,7431.900,7533.878,7633.340,7730.291,7824.738,7916.692,8006.161,8093.159,8177.696,8259.787,8339.446,8416.688,8491.530,8563.989,8634.081,8701.824,8767.238,8830.340,8891.150,8949.687,9005.971,9060.023,9111.860,9161.505,9208.977,9254.296,9297.482,9338.556,9377.536,9414.443,9449.296,9482.114,9512.916,9541.722,9568.549,9593.416,9616.340,9637.340,9656.431,9673.632,9688.958,9702.425,9714.050,9723.847,9731.832,9738.019,9742.422,9745.056,9745.934,9745.069,9742.475,9738.162,9732.145,9724.435,9715.044,9703.983,9691.265,9676.900,9660.900,9643.274,9624.035,9603.193,9580.759,9556.743,9531.157,9504.010,9475.314,9445.080,9413.319,9380.042,9345.261,9308.988,9271.233,9232.011,9191.334,9149.213,9105.664,9060.700,9014.335,8966.584,8917.462,8866.986,8815.172,8762.037,8707.598,8651.875,8594.885,8536.649,8477.187,8416.520,8354.670,8291.659,8227.511,8162.249,8095.898,8028.484,7960.031,7890.569,7820.122,7748.720,7676.392,7603.167,7529.074,7454.145,7378.411,7301.903,7224.654,7146.696,7068.062,6988.786,6908.901,6828.442,6747.443,6665.939,6583.964,6501.554,6418.743,6335.566,6252.059,6168.255,6084.191,5999.900,5915.417,5830.776,5746.011,5661.155,5576.241,5491.302,5406.370,5321.477,5236.653,5151.928,5067.333,4982.897,4898.647,4814.611,4730.816,4647.288,4564.052,4481.132,4398.550,4316.330,4234.493,4153.059,4072.048,3991.479,3911.369,3831.734,3752.590,3673.952,3595.832,3518.244,3441.199,3364.708,3288.779,3213.422,3138.644,3064.451,2990.849,2917.842,2845.434,2773.627,2702.424,2631.824,2561.828,2492.435,2423.642,2355.447,2287.846,2220.835,2154.407,2088.558,2023.281,1958.567,1894.408,1830.796,1767.720,1705.170,1643.135,1581.604,1520.563,1460.001,1399.903,1340.255,1281.044,1222.254,1163.869,1105.873,1048.250,990.984,934.057,877.451,821.149,765.132,709.381,653.878,598.604,543.539,488.664,433.958,379.403,324.977,270.660,216.433,162.273,108.161,54.078,0.000
0.000,178.489,356.902,535.143,713.121,890.743,1067.916,1244.549,1420.552,1595.836,1770.313,1943.896,2116.502,2288.047,2458.449,2627.630,2795.513,2962.023,3127.087,3290.635,3452.600,3612.916,3771.521,3928.354,4083.359,4236.481,4387.667,4536.870,4684.043,4829.141,4972.125,5112.956,5251.600,5388.022,5522.194,5654.088,5783.679,5910.945,6035.865,6158.423,6278.603,6396.392,6511.780,6624.758,6735.320,6843.460,6949.176,7052.468,7153.335,7251.781,7347.808,7441.424,7532.633,7621.445,7707.869,7791.914,7873.593,7952.918,8029.902,8104.560,8176.906,8246.956,8314.726,8380.233,8443.494,8504.527,8563.351,8619.981,8674.439,8726.742,8776.908,8824.959,8870.911,8914.786,8956.600,8996.374,9034.126,9069.875,9103.640,9135.438,9165.289,9193.209,9219.217,9243.330,9265.565,9285.939,9304.468,9321.169,9336.057,9349.148,9360.457,9369.999,9377.788,9383.839,9388.164,9390.779,9391.697,9390.928,9388.488,9384.386,9378.637,9371.251,9362.241,9351.618,9339.392,9325.575,9310.178,9293.212,9274.687,9254.614,9233.004,9209.867,9185.213,9159.054,9131.401,9102.263,9071.653,9039.580,9006.057,8971.095,8934.707,8896.904,8857.698,8817.103,8775.132,8731.798,8687.116,8641.100,8593.765,8545.126,8495.200,8444.004,8391.555,8337.870,8282.968,8226.869,8169.591,8111.155,8051.584,7990.897,7929.118,7866.270,7802.376,7737.461,7671.550,7604.668,7536.843,7468.102,7398.471,7327.979,7256.656,7184.529,7111.630,7037.989,6963.636,6888.604,6812.922,6736.625,6659.743,6582.310,6504.358,6425.921,6347.032,6267.724,6188.031,6107.987,6027.623,5946.975,5866.075,5784.956,5703.651,5622.194,5540.615,5458.947,5377.222,5295.470,5213.724,5132.011,5050.363,4968.808,4887.375,4806.091,4724.984,4644.079,4563.403,4482.979,4402.833,4322.987,4243.464,4164.285,4085.469,4007.039,3929.011,3851.404,3774.234,3697.518,3621.270,3545.504,3470.234,3395.471,3321.227,3247.511,3174.333,3101.702,3029.623,2958.103,2887.149,2816.764,2746.951,2677.714,2609.053,2540.970,2473.465,2406.536,2340.183,2274.402,2209.189,2144.541,2080.453,2016.918,1953.931,1891.483,1829.568,1768.177,1707.299,1646.925,1587.045,1527.648,1468.721,1410.252,1352.229,1294.638,1237.465,1180.696,1124.315,1068.308,1012.659,957.351,902.369,847.695,793.312,739.203,685.349,631.733,578.337,525.141,472.127,419.276,366.568,313.985,261.507,209.114,156.786,104.505,52.249,0.000
0.000,171.403,342.733,513.902,684.820,855.399,1025.552,1195.191,1364.231,1532.587,1700.175,1866.913,2032.721,2197.519,2361.229,2523.777,2685.089,2845.094,3003.721,3160.903,3316.578,3470.680,3623.152,3773.935,3922.974,4070.217,4215.615,4359.119,4500.686,4640.272,4777.840,4913.351,5046.773,5178.072,5307.221,5434.192,5558.960,5681.504,5801.805,5919.845,6035.608,6149.083,6260.258,6369.124,6475.675,6579.905,6681.811,6781.392,6878.648,6973.581,7066.193,7156.488,7244.474,7330.158,7413.547,7494.651,7573.481,7650.047,7724.363,7796.441,7866.295,7933.940,7999.390,8062.662,8123.772,8182.736,8239.571,8294.294,8346.923,8397.475,8445.968,8492.420,8536.850,8579.275,8619.714,8658.184,8694.702,8729.289,8761.959,8792.732,8821.625,8848.654,8873.837,8897.190,8918.730,8938.472,8956.434,8972.629,8987.073,8999.781,9010.768,9020.048,9027.635,9033.543,9037.785,9040.375,9041.325,9040.647,9038.353,9034.457,9028.969,9021.901,9013.264,9003.070,8991.330,8978.054,8963.253,8946.938,8929.119,8909.807,8889.012,8866.744,8843.015,8817.834,8791.213,8763.161,8733.690,8702.810,8670.534,8636.871,8601.835,8565.437,8527.690,8488.605,8448.196,8406.476,8363.460,8319.160,8273.592,8226.772,8178.715,8129.437,8078.954,8027.286,7974.448,7920.460,7865.341,7809.111,7751.790,7693.399,7633.960,7573.495,7512.027,7449.579,7386.177,7321.844,7256.605,7190.488,7123.518,7055.724,6987.131,6917.769,6847.666,6776.851,6705.354,6633.206,6560.435,6487.073,6413.151,6338.700,6263.752,6188.337,6112.489,6036.239,5959.619,5882.660,5805.396,5727.857,5650.075,5572.083,5493.910,5415.590,5337.151,5258.626,5180.044,5101.435,5022.828,4944.252,4865.736,4787.306,4708.991,4630.817,4552.809,4474.994,4397.394,4320.035,4242.938,4166.127,4089.623,4013.445,3937.614,3862.149,3787.067,3712.386,3638.122,3564.290,3490.905,3417.979,3345.526,3273.557,3202.083,3131.113,3060.656,2990.721,2921.314,2852.442,2784.108,2716.319,2649.077,2582.385,2516.244,2450.655,2385.618,2321.134,2257.199,2193.811,2130.968,2068.664,2006.896,1945.658,1884.944,1824.747,1765.059,1705.872,1647.177,1588.966,1531.226,1473.949,1417.123,1360.736,1304.775,1249.228,1194.082,1139.323,1084.936,1030.907,977.221,923.863,870.816,818.064,765.592,713.381,661.416,609.679,558.152,506.817,455.656,404.652,353.785,303.037,252.390,201.824,151.321,100.863,50.428,0.000
0.000,164.439,328.809,493.025,657.003,820.660,983.912,1146.676,1308.870,1470.413,1631.227,1791.233,1950.353,2108.513,2265.639,2421.659,2576.503,2730.102,2882.389,3033.303,3182.779,3330.760,3477.186,3622.003,3765.159,3906.604,4046.288,4184.168,4320.199,4454.342,4586.559,4716.814,4845.073,4971.306,5095.486,5217.585,5337.580,5455.449,5571.174,5684.737,5796.123,5905.319,6012.315,6117.102,6219.671,6320.019,6418.141,6514.035,6607.701,6699.140,6788.354,6875.347,6960.125,7042.693,7123.059,7201.233,7277.222,7351.038,7422.692,7492.196,7559.563,7624.807,7687.941,7748.980,7807.939,7864.835,7919.681,7972.496,8023.294,8072.093,8118.911,8163.763,8206.666,8247.639,8286.697,8323.859,8359.140,8392.559,8424.131,8453.874,8481.803,8507.936,8532.288,8554.876,8575.715,8594.820,8612.207,8627.890,8641.884,8654.204,8664.863,8673.876,8681.255,8687.014,8691.166,8693.724,8694.700,8694.106,8691.954,8688.256,8683.022,8676.265,8667.996,8658.224,8646.962,8634.220,8620.008,8604.336,8587.215,8568.656,8548.667,8527.260,8504.446,8480.234,8454.634,8427.657,8399.315,8369.617,8338.575,8306.200,8272.503,8237.497,8201.193,8163.603,8124.741,8084.620,8043.252,8000.652,7956.834,7911.813,7865.604,7818.223,7769.687,7720.011,7669.215,7617.314,7564.330,7510.279,7455.182,7399.060,7341.932,7283.821,7224.749,7164.738,7103.813,7041.995,6979.310,6915.783,6851.440,6786.306,6720.407,6653.772,6586.427,6518.400,6449.720,6380.416,6310.515,6240.049,6169.045,6097.534,6025.547,5953.113,5880.262,5807.027,5733.435,5659.519,5585.309,5510.835,5436.128,5361.217,5286.133,5210.906,5135.564,5060.138,4984.655,4909.144,4833.634,4758.152,4682.724,4607.378,4532.139,4457.033,4382.084,4307.316,4232.754,4158.419,4084.333,4010.518,3936.994,3863.781,3790.898,3718.363,3646.192,3574.403,3503.010,3432.029,3361.474,3291.356,3221.689,3152.483,3083.749,3015.496,2947.733,2880.467,2813.705,2747.452,2681.715,2616.497,2551.801,2487.630,2423.986,2360.869,2298.281,2236.219,2174.682,2113.668,2053.175,1993.198,1933.733,1874.774,1816.316,1758.352,1700.876,1643.879,1587.353,1531.289,1475.677,1420.506,1365.768,1311.449,1257.539,1204.025,1150.894,1098.134,1045.730,993.669,941.936,890.517,839.396,788.558,737.987,687.667,637.581,587.714,538.048,488.567,439.251,390.086,341.052,292.132,243.309,194.563,145.878,97.235,48.615,0.000
0.000,157.591,315.117,472.497,629.652,786.501,942.965,1098.966,1254.426,1409.269,1563.417,1716.798,1869.338,2020.965,2171.609,2321.201,2469.674,2616.964,2763.008,2907.743,3051.112,3193.056,3333.522,3472.456,3609.808,3745.530,3879.576,4011.902,4142.467,4271.233,4398.161,4523.220,4646.375,4767.598,4886.861,5004.138,5119.407,5232.647,5343.838,5452.965,5560.012,5664.966,5767.816,5868.555,5967.173,6063.665,6158.028,6250.258,6340.356,6428.321,6514.156,6597.863,6679.447,6758.914,6836.270,6911.523,6984.682,7055.756,7124.756,7191.692,7256.578,7319.424,7380.245,7439.054,7495.865,7550.692,7603.551,7654.456,7703.424,7750.469,7795.609,7838.858,7880.232,7919.749,7957.424,7993.274,8027.314,8059.560,8090.030,8118.737,8145.699,8170.931,8194.448,8216.265,8236.397,8254.860,8271.667,8286.833,8300.371,8312.297,8322.623,8331.362,8338.527,8344.132,8348.188,8350.709,8351.705,8351.188,8349.172,8345.665,8340.680,8334.227,8326.318,8316.963,8306.172,8293.956,8280.325,8265.288,8248.858,8231.042,8211.852,8191.298,8169.389,8146.135,8121.548,8095.636,8068.412,8039.884,8010.065,7978.965,7946.595,7912.967,7878.093,7841.985,7804.654,7766.115,7726.379,7685.462,7643.375,7600.134,7555.755,7510.251,7463.640,7415.937,7367.159,7317.323,7266.448,7214.552,7161.654,7107.773,7052.930,6997.145,6940.440,6882.836,6824.356,6765.022,6704.859,6643.889,6582.139,6519.631,6456.392,6392.447,6327.824,6262.548,6196.647,6130.149,6063.079,5995.468,5927.343,5858.733,5789.665,5720.170,5650.277,5580.014,5509.410,5438.494,5367.296,5295.845,5224.170,5152.299,5080.260,5008.084,4935.796,4863.426,4791.000,4718.547,4646.091,4573.661,4501.281,4428.977,4356.774,4284.696,4212.767,4141.008,4069.444,3998.095,3926.983,3856.127,3785.547,3715.263,3645.292,3575.652,3506.358,3437.427,3368.873,3300.711,3232.954,3165.614,3098.703,3032.231,2966.208,2900.644,2835.546,2770.922,2706.779,2643.122,2579.955,2517.284,2455.111,2393.439,2332.270,2271.604,2211.441,2151.782,2092.624,2033.965,1975.803,1918.134,1860.954,1804.258,1748.040,1692.295,1637.014,1582.192,1527.820,1473.890,1420.391,1367.315,1314.651,1262.390,1210.518,1159.025,1107.899,1057.127,1006.695,956.592,906.802,857.312,808.108,759.174,710.496,662.057,613.843,565.838,518.026,470.389,422.912,375.578,328.370,281.271,234.263,187.331,140.456,93.620,46.808,0.000
0.000,150.854,301.647,452.302,602.743,752.895,902.681,1052.027,1200.860,1349.107,1496.696,1643.555,1789.615,1934.809,2079.069,2222.330,2364.528,2505.602,2645.491,2784.136,2921.483,3057.475,3192.061,3325.191,3456.815,3586.889,3715.367,3842.209,3967.374,4090.826,4212.528,4332.449,4450.556,4566.822,4681.220,4793.725,4904.315,5012.968,5119.668,5224.398,5327.142,5427.889,5526.627,5623.348,5718.043,5810.707,5901.336,5989.926,6076.477,6160.989,6243.462,6323.900,6402.306,6478.685,6553.043,6625.387,6695.725,6764.066,6830.419,6894.795,6957.204,7017.658,7076.169,7132.750,7187.415,7240.176,7291.048,7340.045,7387.182,7432.472,7475.932,7517.576,7557.420,7595.479,7631.768,7666.302,7699.097,7730.168,7759.530,7787.199,7813.188,7837.514,7860.191,7881.233,7900.654,7918.469,7934.691,7949.334,7962.412,7973.938,7983.925,7992.385,7999.332,8004.776,8008.731,8011.208,8012.218,8011.774,8009.886,8006.565,8001.822,7995.667,7988.112,7979.166,7968.839,7957.142,7944.085,7929.677,7913.928,7896.849,7878.449,7858.738,7837.725,7815.421,7791.836,7766.980,7740.863,7713.495,7684.887,7655.050,7623.994,7591.732,7558.274,7523.632,7487.819,7450.846,7412.727,7373.475,7333.102,7291.624,7249.055,7205.410,7160.703,7114.951,7068.170,7020.376,6971.588,6921.822,6871.098,6819.433,6766.848,6713.361,6658.995,6603.770,6547.706,6490.826,6433.153,6374.709,6315.518,6255.603,6194.990,6133.702,6071.765,6009.205,5946.047,5882.317,5818.042,5753.249,5687.964,5622.215,5556.029,5489.434,5422.457,5355.126,5287.469,5219.514,5151.288,5082.819,5014.135,4945.263,4876.229,4807.062,4737.788,4668.434,4599.026,4529.588,4460.148,4390.730,4321.359,4252.059,4182.852,4113.764,4044.816,3976.029,3907.425,3839.026,3770.851,3702.918,3635.248,3567.858,3500.766,3433.987,3367.537,3301.432,3235.686,3170.312,3105.322,3040.730,2976.545,2912.778,2849.439,2786.536,2724.078,2662.070,2600.521,2539.434,2478.815,2418.668,2358.995,2299.800,2241.083,2182.847,2125.091,2067.814,2011.015,1954.693,1898.844,1843.466,1788.554,1734.104,1680.111,1626.568,1573.469,1520.807,1468.575,1416.764,1365.366,1314.371,1263.770,1213.553,1163.709,1114.226,1065.093,1016.298,967.829,919.673,871.817,824.248,776.951,729.912,683.118,636.553,590.202,544.051,498.083,452.284,406.637,361.127,315.737,270.451,225.253,180.126,135.054,90.020,45.008,0.000
0.000,144.224,288.390,432.426,576.258,719.816,863.029,1005.824,1148.132,1289.885,1431.013,1571.449,1711.128,1849.984,1987.954,2124.976,2260.990,2395.935,2529.757,2662.397,2793.803,2923.924,3052.708,3180.109,3306.079,3430.575,3553.555,3674.979,3794.808,3913.007,4029.542,4144.381,4257.495,4368.856,4478.438,4586.218,4692.173,4796.284,4898.533,4998.905,5097.383,5193.957,5288.615,5381.348,5472.149,5561.012,5647.931,5732.904,5815.930,5897.007,5976.137,6053.322,6128.565,6201.870,6273.243,6342.689,6410.217,6475.833,6539.547,6601.369,6661.307,6719.374,6775.580,6829.938,6882.458,6933.156,6982.042,7029.131,7074.436,7117.972,7159.751,7199.789,7238.101,7274.699,7309.599,7342.815,7374.362,7404.254,7432.506,7459.131,7484.145,7507.561,7529.393,7549.655,7568.360,7585.523,7601.155,7615.271,7627.884,7639.005,7648.648,7656.824,7663.546,7668.824,7672.672,7675.100,7676.119,7675.741,7673.976,7670.835,7666.327,7660.464,7653.256,7644.713,7634.844,7623.659,7611.168,7597.381,7582.307,7565.956,7548.338,7529.461,7509.337,7487.974,7465.381,7441.570,7416.550,7390.330,7362.922,7334.336,7304.583,7273.673,7241.618,7208.429,7174.119,7138.698,7102.180,7064.576,7025.901,6986.169,6945.392,6903.585,6860.763,6816.942,6772.136,6726.363,6679.639,6631.981,6583.406,6533.932,6483.580,6432.366,6380.312,6327.436,6273.761,6219.305,6164.093,6108.144,6051.482,5994.129,5936.109,5877.444,5818.160,5758.281,5697.830,5636.834,5575.318,5513.306,5450.825,5387.900,5324.558,5260.825,5196.727,5132.290,5067.542,5002.508,4937.216,4871.690,4805.958,4740.045,4673.978,4607.782,4541.482,4475.105,4408.675,4342.216,4275.752,4209.309,4142.908,4076.573,4010.327,3944.192,3878.188,3812.337,3746.659,3681.174,3615.900,3550.858,3486.063,3421.534,3357.286,3293.337,3229.699,3166.389,3103.420,3040.804,2978.553,2916.680,2855.194,2794.105,2733.423,2673.155,2613.310,2553.894,2494.913,2436.373,2378.278,2320.632,2263.438,2206.698,2150.414,2094.587,2039.217,1984.304,1929.846,1875.842,1822.289,1769.185,1716.525,1664.305,1612.520,1561.164,1510.232,1459.717,1409.612,1359.907,1310.597,1261.671,1213.121,1164.936,1117.107,1069.623,1022.473,975.646,929.129,882.911,836.979,791.320,745.922,700.770,655.851,611.151,566.655,522.349,478.219,434.250,390.426,346.732,303.153,259.674,216.277,172.950,129.674,86.434,43.215,0.000
0.000,137.695,275.335,412.852,550.177,687.242,823.979,960.322,1096.203,1231.558,1366.321,1500.429,1633.818,1766.429,1898.199,2029.070,2158.985,2287.888,2415.724,2542.440,2667.986,2792.311,2915.369,3037.113,3157.499,3276.486,3394.033,3510.102,3624.657,3737.663,3849.087,3958.900,4067.073,4173.579,4278.394,4381.494,4482.859,4582.468,4680.306,4776.356,4870.604,4963.038,5053.647,5142.423,5229.357,5314.444,5397.678,5479.056,5558.578,5636.240,5712.045,5785.993,5858.088,5928.334,5996.734,6063.294,6128.021,6190.922,6252.006,6311.280,6368.754,6424.439,6478.345,6530.482,6580.862,6629.497,6676.399,6721.582,6765.056,6806.836,6846.935,6885.367,6922.144,6957.280,6990.789,7022.685,7052.981,7081.691,7108.829,7134.408,7158.442,7180.944,7201.928,7221.405,7239.391,7255.897,7270.936,7284.519,7296.662,7307.373,7316.667,7324.554,7331.045,7336.153,7339.889,7342.262,7343.285,7342.968,7341.320,7338.352,7334.075,7328.498,7321.630,7313.483,7304.065,7293.385,7281.454,7268.281,7253.874,7238.243,7221.399,7203.348,7184.103,7163.671,7142.062,7119.286,7095.353,7070.272,7044.053,7016.707,6988.244,6958.674,6928.009,6896.260,6863.437,6829.554,6794.621,6758.651,6721.657,6683.653,6644.650,6604.664,6563.708,6521.798,6478.948,6435.174,6390.492,6344.918,6298.470,6251.164,6203.019,6154.053,6104.285,6053.733,6002.418,5950.360,5897.579,5844.096,5789.932,5735.111,5679.652,5623.579,5566.916,5509.685,5451.909,5393.613,5334.820,5275.555,5215.842,5155.707,5095.173,5034.265,4973.010,4911.432,4849.555,4787.406,4725.009,4662.389,4599.572,4536.581,4473.443,4410.180,4346.818,4283.381,4219.892,4156.374,4092.851,4029.345,3965.879,3902.474,3839.152,3775.933,3712.839,3649.889,3587.102,3524.498,3462.093,3399.907,3337.956,3276.255,3214.822,3153.670,3092.815,3032.271,2972.049,2912.162,2852.622,2793.440,2734.625,2676.188,2618.137,2560.479,2503.223,2446.374,2389.939,2333.922,2278.329,2223.162,2168.425,2114.119,2060.248,2006.810,1953.808,1901.240,1849.105,1797.402,1746.128,1695.281,1644.857,1594.851,1545.260,1496.077,1447.298,1398.916,1350.923,1303.313,1256.077,1209.208,1162.696,1116.534,1070.709,1025.213,980.036,935.166,890.591,846.301,802.284,758.527,715.018,671.745,628.693,585.849,543.200,500.733,458.433,416.286,374.277,332.392,290.617,248.937,207.336,165.800,124.313,82.862,41.429,0.000
0.000,131.262,262.473,393.567,524.480,655.147,785.504,915.488,1045.036,1174.085,1302.574,1430.442,1557.631,1684.083,1809.739,1934.544,2058.443,2181.383,2303.314,2424.183,2543.943,2662.547,2779.949,2896.106,3010.976,3124.519,3236.697,3347.472,3456.812,3564.681,3671.050,3775.890,3879.172,3980.872,4080.965,4179.430,4276.246,4371.395,4464.859,4556.624,4646.676,4735.002,4821.593,4906.440,4989.535,5070.871,5150.444,5228.250,5304.287,5378.555,5451.052,5521.781,5590.743,5657.941,5723.381,5787.066,5849.003,5909.199,5967.660,6024.394,6079.411,6132.719,6184.328,6234.249,6282.492,6329.068,6373.988,6417.265,6458.909,6498.935,6537.353,6574.177,6609.418,6643.091,6675.208,6705.781,6734.824,6762.350,6788.371,6812.901,6835.952,6857.537,6877.668,6896.358,6913.619,6929.464,6943.905,6956.953,6968.619,6978.917,6987.857,6995.450,7001.707,7006.639,7010.257,7012.571,7013.592,7013.329,7011.794,7008.994,7004.941,6999.643,6993.111,6985.353,6976.379,6966.199,6954.820,6942.253,6928.506,6913.589,6897.510,6880.278,6861.903,6842.394,6821.759,6800.009,6777.152,6753.199,6728.159,6702.041,6674.857,6646.615,6617.328,6587.005,6555.658,6523.297,6489.935,6455.584,6420.255,6383.962,6346.716,6308.533,6269.425,6229.407,6188.493,6146.698,6104.037,6060.527,6016.182,5971.021,5925.061,5878.318,5830.810,5782.557,5733.577,5683.888,5633.511,5582.466,5530.773,5478.452,5425.526,5372.014,5317.941,5263.326,5208.193,5152.564,5096.462,5039.911,4982.934,4925.553,4867.793,4809.677,4751.230,4692.474,4633.434,4574.133,4514.597,4454.848,4394.909,4334.806,4274.560,4214.195,4153.735,4093.202,4032.619,3972.007,3911.388,3850.786,3790.219,3729.709,3669.277,3608.943,3548.725,3488.642,3428.714,3368.957,3309.390,3250.029,3190.889,3131.987,3073.338,3014.955,2956.853,2899.045,2841.542,2784.357,2727.501,2670.983,2614.814,2559.003,2503.558,2448.486,2393.795,2339.490,2285.578,2232.063,2178.949,2126.241,2073.940,2022.049,1970.570,1919.504,1868.851,1818.610,1768.781,1719.362,1670.351,1621.745,1573.541,1525.735,1478.322,1431.299,1384.659,1338.396,1292.503,1246.974,1201.801,1156.977,1112.493,1068.340,1024.510,980.992,937.777,894.854,852.212,809.841,767.730,725.866,684.238,642.834,601.641,560.646,519.837,479.200,438.722,398.390,358.189,318.107,278.129,238.241,198.428,158.677,118.973,79.302,39.649,0.000
0.000,124.921,249.794,374.557,499.149,623.508,747.575,871.290,994.592,1117.423,1239.724,1361.440,1482.513,1602.888,1722.512,1841.330,1959.293,2076.348,2192.447,2307.544,2421.590,2534.543,2646.358,2756.995,2866.413,2974.575,3081.444,3186.985,3291.165,3393.953,3495.319,3595.236,3693.676,3790.616,3886.033,3979.905,4072.213,4162.939,4252.067,4339.582,4425.470,4509.721,4592.324,4673.269,4752.551,4830.161,4906.096,4980.351,5052.925,5123.816,5193.023,5260.548,5326.392,5390.558,5453.050,5513.872,5573.029,5630.527,5686.374,5740.576,5793.142,5844.079,5893.397,5941.106,5987.215,6031.734,6074.675,6116.047,6155.863,6194.134,6230.872,6266.088,6299.793,6332.002,6362.724,6391.974,6419.761,6446.100,6471.002,6494.480,6516.545,6537.209,6556.485,6574.384,6590.917,6606.098,6619.936,6632.443,6643.631,6653.510,6662.092,6669.386,6675.404,6680.156,6683.652,6685.902,6686.915,6686.702,6685.273,6682.636,6678.801,6673.778,6667.574,6660.200,6651.665,6641.976,6631.144,6619.176,6606.082,6591.870,6576.549,6560.128,6542.615,6524.020,6504.350,6483.617,6461.828,6438.992,6415.120,6390.220,6364.303,6337.378,6309.456,6280.547,6250.661,6219.810,6188.005,6155.257,6121.578,6086.980,6051.476,6015.078,5977.800,5939.656,5900.659,5860.823,5820.164,5778.696,5736.434,5693.396,5649.597,5605.053,5559.783,5513.804,5467.132,5419.788,5371.789,5323.154,5273.904,5224.057,5173.634,5122.655,5071.141,5019.113,4966.593,4913.600,4860.159,4806.290,4752.015,4697.357,4642.338,4586.981,4531.308,4475.341,4419.104,4362.619,4305.909,4248.996,4191.903,4134.652,4077.265,4019.764,3962.172,3904.509,3846.797,3789.057,3731.311,3673.577,3615.877,3558.230,3500.656,3443.172,3385.799,3328.552,3271.451,3214.512,3157.751,3101.184,3044.826,2988.694,2932.799,2877.157,2821.780,2766.681,2711.871,2657.361,2603.162,2549.284,2495.736,2442.526,2389.663,2337.154,2285.005,2233.222,2181.811,2130.776,2080.122,2029.851,1979.967,1930.472,1881.367,1832.654,1784.332,1736.401,1688.861,1641.709,1594.945,1548.565,1502.567,1456.946,1411.698,1366.820,1322.305,1278.148,1234.344,1190.884,1147.763,1104.972,1062.504,1020.351,978.504,936.954,895.691,854.706,813.988,773.527,733.312,693.333,653.578,614.035,574.693,535.539,496.562,457.748,419.085,380.561,342.161,303.874,265.686,227.583,189.553,151.580,113.652,75.756,37.876,0.000
0.000,118.667,237.289,355.808,474.165,592.303,710.165,827.695,944.835,1061.532,1177.728,1293.372,1408.409,1522.787,1636.456,1749.365,1861.465,1972.709,2083.050,2192.443,2300.845,2408.213,2514.507,2619.687,2723.715,2826.556,2928.173,3028.536,3127.611,3225.369,3321.783,3416.825,3510.470,3602.695,3693.477,3782.797,3870.637,3956.978,4041.805,4125.104,4206.862,4287.067,4365.710,4442.782,4518.275,4592.184,4664.503,4735.229,4804.359,4871.891,4937.825,5002.162,5064.902,5126.049,5185.606,5243.575,5299.963,5354.774,5408.015,5459.692,5509.813,5558.385,5605.417,5650.918,5694.896,5737.362,5778.326,5817.796,5855.785,5892.303,5927.360,5960.968,5993.137,6023.880,6053.208,6081.131,6107.662,6132.812,6156.593,6179.016,6200.092,6219.833,6238.250,6255.354,6271.157,6285.669,6298.901,6310.864,6321.569,6331.026,6339.245,6346.237,6352.011,6356.578,6359.946,6362.127,6363.128,6362.960,6361.632,6359.153,6355.531,6350.776,6344.896,6337.900,6329.796,6320.594,6310.301,6298.925,6286.477,6272.963,6258.393,6242.775,6226.116,6208.427,6189.714,6169.988,6149.257,6127.530,6104.816,6081.123,6056.462,6030.843,6004.274,5976.766,5948.330,5918.975,5888.712,5857.554,5825.510,5792.592,5758.813,5724.185,5688.720,5652.432,5615.333,5577.438,5538.761,5499.315,5459.116,5418.180,5376.520,5334.154,5291.098,5247.369,5202.983,5157.958,5112.312,5066.062,5019.228,4971.828,4923.881,4875.407,4826.425,4776.955,4727.018,4676.633,4625.822,4574.604,4523.002,4471.035,4418.726,4366.096,4313.166,4259.957,4206.491,4152.789,4098.873,4044.764,3990.483,3936.052,3881.492,3826.822,3772.065,3717.241,3662.368,3607.469,3552.562,3497.666,3442.801,3387.985,3333.237,3278.574,3224.014,3169.573,3115.269,3061.117,3007.134,2953.333,2899.729,2846.337,2793.171,2740.242,2687.563,2635.147,2583.003,2531.143,2479.577,2428.314,2377.362,2326.731,2276.427,2226.458,2176.829,2127.547,2078.616,2030.041,1981.826,1933.975,1886.489,1839.371,1792.622,1746.244,1700.236,1654.599,1609.331,1564.432,1519.899,1475.731,1431.923,1388.473,1345.377,1302.631,1260.229,1218.166,1176.437,1135.035,1093.954,1053.185,1012.724,972.560,932.686,893.094,853.774,814.717,775.914,737.354,699.028,660.925,623.035,585.345,547.846,510.526,473.373,436.375,399.520,362.796,326.192,289.693,253.288,216.964,180.709,144.508,108.350,72.221,36.109,0.000
0.000,112.496,224.950,337.306,449.511,561.509,673.247,784.673,895.731,1006.371,1116.541,1226.190,1335.267,1443.724,1551.511,1658.583,1764.892,1870.394,1975.046,2078.803,2181.625,2283.473,2384.307,2484.090,2582.787,2680.363,2776.785,2872.022,2966.045,3058.824,3150.333,3240.546,3329.440,3416.993,3503.182,3587.990,3671.398,3753.390,3833.950,3913.066,3990.723,4066.912,4141.623,4214.847,4286.578,4356.808,4425.534,4492.750,4558.455,4622.647,4685.325,4746.489,4806.140,4864.281,4920.914,4976.042,5029.670,5081.803,5132.447,5181.606,5229.289,5275.502,5320.253,5363.550,5405.403,5445.818,5484.807,5522.378,5558.541,5593.306,5626.683,5658.683,5689.317,5718.593,5746.525,5773.122,5798.394,5822.354,5845.011,5866.377,5886.462,5905.277,5922.832,5939.139,5954.208,5968.048,5980.671,5992.087,6002.304,6011.335,6019.188,6025.873,6031.399,6035.776,6039.013,6041.120,6042.105,6041.977,6040.745,6038.418,6035.004,6030.512,6024.949,6018.325,6010.648,6001.925,5992.166,5981.377,5969.568,5956.746,5942.919,5928.096,5912.284,5895.492,5877.728,5859.001,5839.319,5818.690,5797.124,5774.629,5751.214,5726.888,5701.662,5675.544,5648.544,5620.673,5591.940,5562.357,5531.933,5500.681,5468.612,5435.738,5402.070,5367.621,5332.404,5296.431,5259.717,5222.275,5184.119,5145.263,5105.723,5065.513,5024.650,4983.148,4941.025,4898.296,4854.978,4811.089,4766.647,4721.668,4676.172,4630.176,4583.698,4536.759,4489.378,4441.572,4393.362,4344.768,4295.809,4246.505,4196.876,4146.943,4096.725,4046.243,3995.518,3944.569,3893.416,3842.081,3790.582,3738.940,3687.175,3635.306,3583.353,3531.336,3479.273,3427.183,3375.084,3322.996,3270.936,3218.921,3166.970,3115.098,3063.322,3011.659,2960.124,2908.732,2857.497,2806.435,2755.558,2704.881,2654.415,2604.174,2554.168,2504.409,2454.907,2405.673,2356.716,2308.045,2259.668,2211.592,2163.826,2116.375,2069.246,2022.444,1975.973,1929.839,1884.044,1838.592,1793.486,1748.728,1704.318,1660.258,1616.549,1573.189,1530.179,1487.517,1445.201,1403.229,1361.599,1320.307,1279.349,1238.722,1198.421,1158.441,1118.775,1079.419,1040.367,1001.611,963.144,924.960,887.049,849.406,812.019,774.882,737.985,701.318,664.872,628.638,592.604,556.761,521.098,485.603,450.267,415.078,380.025,345.095,310.278,275.562,240.933,206.382,171.895,137.461,103.066,68.700,34.348,0.000
0.000,106.403,212.767,319.038,425.168,531.103,636.795,742.192,847.244,951.903,1056.120,1159.847,1263.036,1365.642,1467.618,1568.921,1669.508,1769.334,1868.360,1966.545,2063.850,2160.237,2255.670,2350.115,2443.536,2535.902,2627.181,2717.344,2806.362,2894.210,2980.860,3066.289,3150.475,3233.396,3315.032,3395.365,3474.378,3552.055,3628.381,3703.344,3776.931,3849.132,3919.937,3989.339,4057.330,4123.905,4189.057,4252.784,4315.083,4375.952,4435.389,4493.396,4549.972,4605.120,4658.841,4711.139,4762.018,4811.481,4859.535,4906.184,4951.436,4995.295,5037.771,5078.869,5118.599,5156.967,5193.984,5229.657,5263.996,5297.010,5328.708,5359.101,5388.198,5416.009,5442.544,5467.813,5491.826,5514.593,5536.125,5556.432,5575.524,5593.410,5610.102,5625.608,5639.939,5653.105,5665.116,5675.980,5685.708,5694.308,5701.791,5708.165,5713.439,5717.623,5720.725,5722.753,5723.717,5723.625,5722.484,5720.305,5717.093,5712.859,5707.609,5701.352,5694.095,5685.846,5676.614,5666.406,5655.229,5643.091,5630.001,5615.966,5600.993,5585.091,5568.267,5550.531,5531.889,5512.350,5491.923,5470.615,5448.436,5425.394,5401.499,5376.759,5351.185,5324.784,5297.569,5269.548,5240.731,5211.131,5180.757,5149.621,5117.735,5085.109,5051.756,5017.689,4982.921,4947.464,4911.332,4874.539,4837.098,4799.024,4760.332,4721.036,4681.153,4640.698,4599.687,4558.135,4516.060,4473.479,4430.408,4386.865,4342.868,4298.434,4253.581,4208.328,4162.693,4116.694,4070.351,4023.681,3976.705,3929.440,3881.907,3834.123,3786.110,3737.884,3689.466,3640.874,3592.128,3543.246,3494.247,3445.149,3395.972,3346.732,3297.449,3248.139,3198.821,3149.512,3100.228,3050.987,3001.804,2952.695,2903.676,2854.763,2805.969,2757.310,2708.798,2660.448,2612.273,2564.284,2516.495,2468.916,2421.559,2374.434,2327.551,2280.920,2234.549,2188.448,2142.623,2097.082,2051.832,2006.880,1962.230,1917.888,1873.859,1830.146,1786.754,1743.685,1700.941,1658.525,1616.438,1574.680,1533.253,1492.156,1451.388,1410.949,1370.836,1331.048,1291.582,1252.434,1213.603,1175.083,1136.870,1098.961,1061.348,1024.028,986.994,950.240,913.759,877.544,841.588,805.883,770.422,735.196,700.196,665.414,630.840,596.466,562.282,528.277,494.443,460.768,427.242,393.855,360.597,327.455,294.419,261.478,228.621,195.836,163.112,130.437,97.800,65.190,32.593,0.000
0.000,100.384,200.731,300.992,401.119,501.064,600.781,700.222,799.339,898.088,996.422,1094.296,1191.665,1288.487,1384.719,1480.319,1575.245,1669.459,1762.921,1855.594,1947.440,2038.424,2128.513,2217.672,2305.871,2393.078,2479.264,2564.401,2648.462,2731.423,2813.258,2893.945,2973.463,3051.791,3128.911,3204.806,3279.457,3352.852,3424.976,3495.815,3565.361,3633.600,3700.526,3766.130,3830.404,3893.344,3954.944,4015.201,4074.112,4131.674,4187.887,4242.750,4296.265,4348.432,4399.253,4448.731,4496.869,4543.672,4589.145,4633.291,4676.118,4717.630,4757.835,4796.739,4834.350,4870.675,4905.723,4939.500,4972.017,5003.281,5033.302,5062.088,5089.649,5115.993,5141.131,5165.071,5187.823,5209.398,5229.803,5249.049,5267.145,5284.101,5299.926,5314.630,5328.221,5340.710,5352.104,5362.414,5371.648,5379.816,5386.925,5392.984,5398.003,5401.989,5404.951,5406.898,5407.836,5407.775,5406.722,5404.685,5401.672,5397.690,5392.747,5386.851,5380.009,5372.230,5363.519,5353.884,5343.334,5331.874,5319.514,5306.260,5292.119,5277.099,5261.209,5244.455,5226.845,5208.387,5189.089,5168.960,5148.007,5126.239,5103.664,5080.292,5056.131,5031.190,5005.479,4979.008,4951.786,4923.824,4895.131,4865.719,4835.599,4804.781,4773.278,4741.100,4708.260,4674.771,4640.645,4605.896,4570.535,4534.578,4498.038,4460.929,4423.265,4385.063,4346.336,4307.099,4267.370,4227.162,4186.494,4145.380,4103.838,4061.884,4019.536,3976.810,3933.724,3890.295,3846.541,3802.480,3758.129,3713.506,3668.630,3623.518,3578.188,3532.659,3486.948,3441.072,3395.051,3348.901,3302.640,3256.286,3209.856,3163.367,3116.836,3070.280,3023.715,2977.157,2930.622,2884.127,2837.686,2791.314,2745.026,2698.837,2652.759,2606.807,2560.993,2515.331,2469.832,2424.509,2379.372,2334.432,2289.701,2245.187,2200.901,2156.850,2113.045,2069.492,2026.199,1983.172,1940.419,1897.946,1855.756,1813.856,1772.250,1730.942,1689.934,1649.231,1608.833,1568.743,1528.963,1489.493,1450.333,1411.484,1372.945,1334.714,1296.791,1259.173,1221.858,1184.844,1148.126,1111.702,1075.567,1039.717,1004.147,968.852,933.827,899.064,864.559,830.305,796.294,762.520,728.975,695.652,662.542,629.637,596.928,564.407,532.065,499.892,467.879,436.017,404.295,372.703,341.233,309.872,278.612,247.440,216.348,185.324,154.357,123.437,92.552,61.691,30.844,0.000
0.000,94.434,188.833,283.153,377.347,471.371,565.182,658.734,751.984,844.888,937.404,1029.491,1121.105,1212.207,1302.756,1392.713,1482.040,1570.700,1658.656,1745.873,1832.316,1917.952,2002.749,2086.675,2169.701,2251.797,2332.937,2413.095,2492.243,2570.359,2647.421,2723.406,2798.295,2872.068,2944.707,3016.196,3086.520,3155.663,3223.614,3290.359,3355.889,3420.194,3483.264,3545.092,3605.673,3664.998,3723.066,3779.870,3835.409,3889.682,3942.685,3994.420,4044.885,4094.083,4142.015,4188.684,4234.092,4278.243,4321.142,4362.793,4403.201,4442.372,4480.311,4517.025,4552.521,4586.806,4619.887,4651.772,4682.468,4711.984,4740.328,4767.509,4793.533,4818.411,4842.152,4864.763,4886.254,4906.633,4925.911,4944.094,4961.193,4977.217,4992.173,5006.072,5018.920,5030.729,5041.505,5051.258,5059.995,5067.726,5074.458,5080.200,5084.959,5088.745,5091.563,5093.423,5094.333,5094.298,5093.328,5091.429,5088.609,5084.876,5080.235,5074.696,5068.264,5060.948,5052.753,5043.686,5033.756,5022.969,5011.332,4998.852,4985.536,4971.392,4956.427,4940.648,4924.062,4906.676,4888.500,4869.540,4849.803,4829.300,4808.036,4786.020,4763.263,4739.770,4715.552,4690.619,4664.979,4638.642,4611.617,4583.916,4555.547,4526.523,4496.853,4466.549,4435.623,4404.085,4371.949,4339.225,4305.928,4272.069,4237.661,4202.719,4167.256,4131.286,4094.823,4057.880,4020.475,3982.620,3944.331,3905.624,3866.515,3827.018,3787.151,3746.928,3706.367,3665.484,3624.295,3582.817,3541.066,3499.060,3456.816,3414.349,3371.678,3328.818,3285.788,3242.603,3199.280,3155.836,3112.287,3068.651,3024.942,2981.177,2937.373,2893.543,2849.705,2805.874,2762.063,2718.288,2674.564,2630.904,2587.322,2543.832,2500.446,2457.177,2414.038,2371.040,2328.194,2285.513,2243.006,2200.684,2158.556,2116.632,2074.921,2033.432,1992.171,1951.146,1910.365,1869.834,1829.560,1789.546,1749.799,1710.324,1671.124,1632.202,1593.563,1555.209,1517.142,1479.363,1441.875,1404.678,1367.771,1331.157,1294.832,1258.798,1223.051,1187.592,1152.416,1117.522,1082.908,1048.568,1014.500,980.699,947.162,913.882,880.855,848.076,815.537,783.235,751.161,719.310,687.673,656.245,625.017,593.981,563.130,532.455,501.948,471.599,441.402,411.346,381.421,351.619,321.931,292.346,262.854,233.447,204.114,174.845,145.630,116.458,87.319,58.203,29.100,0.000
0.000,88.550,177.067,265.509,353.835,442.003,529.971,617.698,705.143,792.266,879.027,965.386,1051.306,1136.747,1221.672,1306.044,1389.829,1472.991,1555.496,1637.310,1718.402,1798.740,1878.294,1957.036,2034.936,2111.969,2188.107,2263.327,2337.605,2410.918,2483.245,2554.566,2624.861,2694.113,2762.306,2829.422,2895.448,2960.370,3024.176,3086.855,3148.395,3208.789,3268.027,3326.102,3383.008,3438.740,3493.293,3546.663,3598.847,3649.844,3699.653,3748.271,3795.701,3841.941,3886.995,3930.865,3973.551,4015.059,4055.392,4094.554,4132.550,4169.384,4205.063,4239.592,4272.977,4305.225,4336.343,4366.337,4395.215,4422.984,4449.653,4475.228,4499.717,4523.129,4545.472,4566.754,4586.982,4606.167,4624.315,4641.435,4657.535,4672.624,4686.710,4699.801,4711.905,4723.031,4733.186,4742.378,4750.616,4757.907,4764.260,4769.680,4774.177,4777.758,4780.430,4782.200,4783.076,4783.065,4782.173,4780.409,4777.777,4774.288,4769.946,4764.758,4758.731,4751.872,4744.187,4735.684,4726.368,4716.247,4705.328,4693.616,4681.119,4667.844,4653.796,4638.984,4623.415,4607.095,4590.031,4572.231,4553.703,4534.454,4514.491,4493.823,4472.458,4450.403,4427.668,4404.261,4380.191,4355.467,4330.098,4304.094,4277.464,4250.219,4222.369,4193.924,4164.895,4135.294,4105.130,4074.417,4043.165,4011.387,3979.095,3946.302,3913.021,3879.264,3845.045,3810.378,3775.275,3739.753,3703.823,3667.502,3630.803,3593.742,3556.333,3518.591,3480.532,3442.171,3403.524,3364.606,3325.432,3286.019,3246.382,3206.537,3166.500,3126.286,3085.912,3045.392,3004.743,2963.981,2923.120,2882.176,2841.163,2800.099,2758.995,2717.869,2676.734,2635.604,2594.493,2553.415,2512.384,2471.413,2430.513,2389.699,2348.982,2308.374,2267.887,2227.531,2187.317,2147.257,2107.358,2067.633,2028.088,1988.734,1949.579,1910.630,1871.894,1833.380,1795.093,1757.039,1719.224,1681.654,1644.333,1607.265,1570.454,1533.904,1497.618,1461.598,1425.847,1390.365,1355.155,1320.216,1285.550,1251.156,1217.034,1183.183,1149.602,1116.289,1083.241,1050.457,1017.935,985.669,953.658,921.897,890.381,859.108,828.071,797.265,766.685,736.326,706.181,676.244,646.509,616.968,587.614,558.441,529.440,500.604,471.926,443.396,415.008,386.751,358.618,330.600,302.688,274.872,247.145,219.496,191.917,164.397,136.928,109.499,82.102,54.726,27.362,0.000
0.000,82.726,165.421,248.048,330.566,412.938,495.123,577.085,658.785,740.185,821.248,901.938,982.219,1062.055,1141.411,1220.253,1298.549,1376.264,1453.369,1529.831,1605.621,1680.709,1755.068,1828.670,1901.489,1973.501,2044.680,2115.003,2184.449,2252.997,2320.626,2387.318,2453.055,2517.819,2581.596,2644.370,2706.128,2766.856,2826.544,2885.181,2942.756,2999.262,3054.690,3109.033,3162.285,3214.442,3265.497,3315.450,3364.295,3412.032,3458.658,3504.174,3548.579,3591.874,3634.060,3675.139,3715.114,3753.986,3791.760,3828.440,3864.029,3898.533,3931.956,3964.304,3995.582,4025.797,4054.954,4083.060,4110.122,4136.146,4161.140,4185.111,4208.066,4230.012,4250.957,4270.909,4289.875,4307.863,4324.880,4340.935,4356.035,4370.189,4383.402,4395.684,4407.041,4417.482,4427.013,4435.643,4443.379,4450.228,4456.198,4461.294,4465.525,4468.898,4471.420,4473.097,4473.935,4473.943,4473.127,4471.492,4469.046,4465.796,4461.747,4456.906,4451.279,4444.874,4437.695,4429.749,4421.043,4411.582,4401.374,4390.424,4378.740,4366.326,4353.190,4339.339,4324.779,4309.516,4293.557,4276.910,4259.582,4241.578,4222.908,4203.578,4183.596,4162.969,4141.706,4119.814,4097.303,4074.181,4050.455,4026.137,4001.233,3975.754,3949.710,3923.111,3895.965,3868.285,3840.080,3811.361,3782.139,3752.426,3722.233,3691.572,3660.454,3628.893,3596.900,3564.489,3531.671,3498.461,3464.872,3430.916,3396.608,3361.961,3326.990,3291.708,3256.130,3220.270,3184.143,3147.762,3111.143,3074.300,3037.249,3000.002,2962.576,2924.985,2887.244,2849.367,2811.369,2773.265,2735.068,2696.793,2658.455,2620.066,2581.642,2543.196,2504.740,2466.289,2427.856,2389.453,2351.092,2312.787,2274.549,2236.389,2198.319,2160.351,2122.494,2084.760,2047.157,2009.697,1972.388,1935.239,1898.259,1861.456,1824.837,1788.410,1752.183,1716.160,1680.349,1644.756,1609.384,1574.241,1539.329,1504.653,1470.217,1436.024,1402.076,1368.376,1334.926,1301.728,1268.782,1236.090,1203.651,1171.466,1139.534,1107.855,1076.427,1045.250,1014.319,983.635,953.194,922.993,893.028,863.297,833.795,804.519,775.463,746.623,717.994,689.570,661.346,633.317,605.475,577.814,550.328,523.010,495.854,468.851,441.995,415.278,388.692,362.229,335.882,309.642,283.501,257.450,231.481,205.585,179.754,153.979,128.251,102.560,76.899,51.258,25.628,0.000
0.000,76.959,153.890,230.758,307.525,384.156,460.616,536.868,612.877,688.608,764.028,839.102,913.797,988.080,1061.918,1135.280,1208.136,1280.455,1352.206,1423.363,1493.897,1563.780,1632.987,1701.492,1769.272,1836.303,1902.561,1968.027,2032.678,2096.496,2159.462,2221.558,2282.768,2343.076,2402.467,2460.927,2518.444,2575.005,2630.600,2685.219,2738.852,2791.492,2843.130,2893.761,2943.378,2991.976,3039.552,3086.102,3131.623,3176.113,3219.571,3261.996,3303.388,3343.748,3383.076,3421.374,3458.644,3494.889,3530.112,3564.316,3597.505,3629.683,3660.855,3691.026,3720.201,3748.385,3775.585,3801.805,3827.053,3851.333,3874.654,3897.021,3918.442,3938.923,3958.470,3977.092,3994.795,4011.586,4027.473,4042.462,4056.561,4069.776,4082.115,4093.586,4104.195,4113.948,4122.854,4130.920,4138.151,4144.555,4150.138,4154.908,4158.871,4162.033,4164.401,4165.981,4166.779,4166.803,4166.057,4164.549,4162.285,4159.270,4155.510,4151.012,4145.781,4139.823,4133.145,4125.752,4117.650,4108.845,4099.343,4089.150,4078.271,4066.714,4054.483,4041.586,4028.027,4013.815,3998.954,3983.452,3967.315,3950.550,3933.163,3915.162,3896.554,3877.345,3857.545,3837.159,3816.196,3794.664,3772.572,3749.926,3726.737,3703.012,3678.762,3653.994,3628.719,3602.946,3576.685,3549.946,3522.740,3495.076,3466.966,3438.421,3409.451,3380.069,3350.285,3320.112,3289.562,3258.647,3227.378,3195.770,3163.833,3131.582,3099.029,3066.187,3033.070,2999.691,2966.063,2932.200,2898.114,2863.821,2829.333,2794.664,2759.828,2724.839,2689.709,2654.453,2619.085,2583.617,2548.062,2512.435,2476.749,2441.016,2405.249,2369.461,2333.664,2297.871,2262.094,2226.344,2190.634,2154.974,2119.376,2083.851,2048.408,2013.059,1977.814,1942.681,1907.671,1872.793,1838.054,1803.464,1769.029,1734.759,1700.660,1666.738,1633.001,1599.454,1566.103,1532.954,1500.011,1467.278,1434.761,1402.463,1370.387,1338.536,1306.912,1275.519,1244.358,1213.430,1182.736,1152.277,1122.054,1092.067,1062.314,1032.796,1003.511,974.458,945.635,917.041,888.672,860.525,832.599,804.889,777.393,750.105,723.022,696.140,669.454,642.958,616.648,590.518,564.563,538.776,513.151,487.683,462.364,437.189,412.149,387.238,362.450,337.776,313.209,288.742,264.366,240.075,215.859,191.712,167.625,143.589,119.597,95.640,71.711,47.800,23.899,0.000
0.000,71.245,142.465,213.626,284.695,355.638,426.423,497.016,567.386,637.500,707.327,776.835,845.993,914.771,983.139,1051.068,1118.530,1185.497,1251.941,1317.835,1383.155,1447.875,1511.971,1575.420,1638.198,1700.286,1761.661,1822.303,1882.194,1941.315,1999.650,2057.182,2113.895,2169.775,2224.808,2278.981,2332.282,2384.701,2436.227,2486.850,2536.563,2585.357,2633.225,2680.161,2726.161,2771.218,2815.330,2858.492,2900.702,2941.959,2982.261,3021.607,3059.997,3097.431,3133.910,3169.436,3204.009,3237.634,3270.312,3302.046,3332.840,3362.698,3391.624,3419.622,3446.698,3472.855,3498.099,3522.436,3545.871,3568.410,3590.059,3610.824,3630.711,3649.727,3667.877,3685.168,3701.608,3717.202,3731.956,3745.878,3758.974,3771.251,3782.715,3793.373,3803.231,3812.296,3820.574,3828.073,3834.797,3840.753,3845.949,3850.389,3854.080,3857.029,3859.240,3860.720,3861.475,3861.511,3860.834,3859.449,3857.362,3854.578,3851.104,3846.944,3842.105,3836.591,3830.409,3823.564,3816.062,3807.907,3799.105,3789.664,3779.586,3768.879,3757.547,3745.597,3733.035,3719.866,3706.096,3691.732,3676.779,3661.244,3645.133,3628.453,3611.210,3593.411,3575.063,3556.173,3536.750,3516.799,3496.328,3475.345,3453.859,3431.877,3409.408,3386.460,3363.043,3339.164,3314.834,3290.062,3264.856,3239.228,3213.187,3186.742,3159.905,3132.686,3105.096,3077.146,3048.846,3020.208,2991.244,2961.965,2932.383,2902.510,2872.357,2841.937,2811.262,2780.345,2749.197,2717.831,2686.261,2654.497,2622.554,2590.443,2558.177,2525.769,2493.231,2460.576,2427.817,2394.965,2362.033,2329.034,2295.979,2262.881,2229.752,2196.602,2163.444,2130.289,2097.148,2064.033,2030.953,1997.920,1964.943,1932.033,1899.199,1866.452,1833.799,1801.251,1768.815,1736.500,1704.314,1672.265,1640.360,1608.606,1577.010,1545.578,1514.315,1483.228,1452.322,1421.603,1391.073,1360.737,1330.601,1300.666,1270.936,1241.415,1212.103,1183.004,1154.119,1125.450,1096.996,1068.760,1040.742,1012.940,985.356,957.989,930.837,903.900,877.175,850.660,824.354,798.254,772.358,746.661,721.161,695.855,670.738,645.806,621.055,596.481,572.078,547.842,523.766,499.847,476.078,452.453,428.966,405.612,382.383,359.274,336.277,313.387,290.595,267.896,245.281,222.744,200.278,177.874,155.526,133.226,110.965,88.738,66.535,44.350,22.174,0.000
0.000,65.581,131.137,196.641,262.059,327.363,392.521,457.504,522.282,586.826,651.105,715.093,778.759,842.078,905.020,967.560,1029.670,1091.327,1152.504,1213.177,1273.322,1332.917,1391.940,1450.368,1508.182,1565.361,1621.885,1677.738,1732.900,1787.356,1841.090,1894.086,1946.330,1997.809,2048.510,2098.421,2147.531,2195.830,2243.308,2289.957,2335.769,2380.736,2424.852,2468.112,2510.510,2552.041,2592.703,2632.492,2671.405,2709.440,2746.597,2782.875,2818.272,2852.790,2886.430,2919.191,2951.076,2982.087,3012.226,3041.497,3069.901,3097.444,3124.128,3149.957,3174.936,3199.069,3222.361,3244.816,3266.441,3287.240,3307.218,3326.382,3344.736,3362.287,3379.040,3395.001,3410.177,3424.573,3438.195,3451.049,3463.141,3474.478,3485.065,3494.909,3504.015,3512.390,3520.039,3526.968,3533.183,3538.690,3543.495,3547.603,3551.020,3553.752,3555.804,3557.182,3557.890,3557.936,3557.323,3556.058,3554.144,3551.589,3548.396,3544.571,3540.119,3535.046,3529.357,3523.055,3516.147,3508.638,3500.533,3491.837,3482.555,3472.693,3462.255,3451.247,3439.674,3427.543,3414.857,3401.624,3387.848,3373.536,3358.693,3343.327,3327.441,3311.043,3294.140,3276.738,3258.843,3240.463,3221.605,3202.275,3182.481,3162.232,3141.533,3120.394,3098.823,3076.827,3054.416,3031.597,3008.380,2984.774,2960.787,2936.430,2911.711,2886.641,2861.230,2835.487,2809.422,2783.047,2756.371,2729.406,2702.162,2674.649,2646.880,2618.864,2590.615,2562.142,2533.457,2504.572,2475.497,2446.246,2416.828,2387.257,2357.543,2327.698,2297.733,2267.661,2237.492,2207.238,2176.910,2146.520,2116.078,2085.597,2055.086,2024.556,1994.019,1963.483,1932.961,1902.461,1871.994,1841.570,1811.196,1780.884,1750.642,1720.478,1690.402,1660.421,1630.543,1600.776,1571.127,1541.603,1512.212,1482.959,1453.850,1424.892,1396.090,1367.449,1338.974,1310.669,1282.539,1254.588,1226.819,1199.235,1171.840,1144.635,1117.624,1090.807,1064.187,1037.765,1011.541,985.517,959.693,934.068,908.643,883.417,858.389,833.557,808.921,784.479,760.228,736.166,712.291,688.600,665.090,641.757,618.599,595.611,572.789,550.129,527.627,505.278,483.077,461.019,439.099,417.313,395.653,374.114,352.692,331.379,310.170,289.058,268.037,247.101,226.242,205.456,184.734,164.069,143.456,122.886,102.354,81.852,61.372,40.909,20.453,0.000
0.000,59.960,119.899,179.790,239.603,299.311,358.887,418.303,477.533,536.549,595.324,653.834,712.051,769.950,827.507,884.697,941.496,997.881,1053.829,1109.317,1164.325,1218.830,1272.814,1326.256,1379.137,1431.440,1483.146,1534.239,1584.702,1634.521,1683.681,1732.168,1779.969,1827.071,1873.464,1919.136,1964.076,2008.277,2051.728,2094.422,2136.351,2177.509,2217.890,2257.489,2296.300,2334.321,2371.546,2407.974,2443.602,2478.428,2512.451,2545.670,2578.084,2609.695,2640.502,2670.507,2699.710,2728.114,2755.721,2782.533,2808.553,2833.784,2858.230,2881.894,2904.779,2926.891,2948.233,2968.810,2988.626,3007.686,3025.995,3043.558,3060.380,3076.467,3091.823,3106.454,3120.366,3133.563,3146.052,3157.838,3168.925,3179.321,3189.030,3198.059,3206.411,3214.094,3221.111,3227.469,3233.174,3238.229,3242.641,3246.415,3249.556,3252.069,3253.959,3255.232,3255.891,3255.943,3255.392,3254.243,3252.501,3250.170,3247.256,3243.762,3239.694,3235.058,3229.856,3224.094,3217.777,3210.910,3203.496,3195.541,3187.050,3178.027,3168.477,3158.406,3147.818,3136.718,3125.111,3113.002,3100.398,3087.302,3073.721,3059.660,3045.124,3030.120,3014.653,2998.730,2982.357,2965.539,2948.284,2930.598,2912.487,2893.959,2875.022,2855.681,2835.945,2815.821,2795.317,2774.440,2753.200,2731.603,2709.659,2687.376,2664.763,2641.828,2618.582,2595.032,2571.189,2547.062,2522.660,2497.993,2473.071,2447.905,2422.504,2396.878,2371.037,2344.992,2318.754,2292.333,2265.738,2238.982,2212.074,2185.026,2157.846,2130.547,2103.139,2075.632,2048.036,2020.362,1992.622,1964.824,1936.978,1909.096,1881.186,1853.260,1825.326,1797.394,1769.473,1741.573,1713.701,1685.869,1658.083,1630.353,1602.686,1575.091,1547.575,1520.145,1492.810,1465.576,1438.449,1411.436,1384.544,1357.777,1331.143,1304.645,1278.290,1252.082,1226.024,1200.123,1174.380,1148.801,1123.387,1098.143,1073.070,1048.171,1023.448,998.903,974.538,950.353,926.349,902.527,878.887,855.430,832.155,809.061,786.148,763.415,740.859,718.481,696.277,674.246,652.386,630.693,609.166,587.801,566.594,545.543,524.644,503.893,483.286,462.819,442.487,422.285,402.210,382.256,362.418,342.690,323.069,303.548,284.122,264.784,245.529,226.352,207.246,188.205,169.224,150.295,131.412,112.570,93.762,74.981,56.220,37.474,18.736,0.000
0.000,54.381,108.743,163.061,217.309,271.463,325.497,379.387,433.107,486.635,539.946,593.015,645.820,698.339,750.547,802.424,853.947,905.095,955.849,1006.186,1056.089,1105.538,1154.515,1203.001,1250.980,1298.436,1345.352,1391.713,1437.504,1482.712,1527.324,1571.326,1614.707,1657.456,1699.562,1741.016,1781.807,1821.928,1861.371,1900.127,1938.191,1975.556,2012.218,2048.170,2083.409,2117.931,2151.733,2184.812,2217.166,2248.792,2279.691,2309.861,2339.301,2368.013,2395.995,2423.250,2449.778,2475.581,2500.660,2525.019,2548.659,2571.583,2593.795,2615.297,2636.092,2656.185,2675.580,2694.279,2712.288,2729.611,2746.252,2762.216,2777.506,2792.129,2806.089,2819.390,2832.037,2844.036,2855.391,2866.107,2876.190,2885.644,2894.474,2902.686,2910.283,2917.272,2923.657,2929.443,2934.634,2939.236,2943.254,2946.691,2949.553,2951.845,2953.571,2954.736,2955.344,2955.400,2954.908,2953.872,2952.298,2950.189,2947.550,2944.384,2940.697,2936.493,2931.776,2926.550,2920.820,2914.590,2907.864,2900.646,2892.941,2884.754,2876.088,2866.948,2857.338,2847.264,2836.731,2825.741,2814.301,2802.416,2790.090,2777.328,2764.136,2750.518,2736.481,2722.029,2707.169,2691.906,2676.246,2660.195,2643.758,2626.944,2609.757,2592.205,2574.295,2556.032,2537.424,2518.479,2499.204,2479.606,2459.693,2439.473,2418.953,2398.143,2377.049,2355.680,2334.045,2312.153,2290.011,2267.630,2245.017,2222.182,2199.134,2175.883,2152.437,2128.806,2105.000,2081.028,2056.899,2032.622,2008.209,1983.667,1959.007,1934.239,1909.371,1884.413,1859.375,1834.267,1809.097,1783.875,1758.611,1733.312,1707.989,1682.650,1657.304,1631.959,1606.624,1581.308,1556.018,1530.763,1505.549,1480.386,1455.280,1430.239,1405.269,1380.378,1355.571,1330.855,1306.237,1281.722,1257.315,1233.023,1208.849,1184.800,1160.879,1137.091,1113.440,1089.930,1066.563,1043.344,1020.275,997.359,974.598,951.995,929.551,907.268,885.147,863.190,841.397,819.769,798.305,777.006,755.873,734.903,714.098,693.455,672.973,652.652,632.488,612.481,592.628,572.928,553.377,533.973,514.712,495.593,476.611,457.763,439.046,420.455,401.987,383.637,365.401,347.275,329.254,311.334,293.510,275.776,258.128,240.561,223.069,205.646,188.289,170.990,153.745,136.548,119.393,102.275,85.186,68.123,51.079,34.047,17.023,0.000
0.000,48.839,97.661,146.444,195.164,243.800,292.328,340.727,388.975,437.050,484.930,532.595,580.024,627.195,674.088,720.684,766.964,812.908,858.498,903.716,948.544,992.966,1036.964,1080.523,1123.627,1166.263,1208.414,1250.068,1291.212,1331.832,1371.918,1411.458,1450.441,1488.857,1526.697,1563.951,1600.612,1636.671,1672.121,1706.957,1741.171,1774.758,1807.714,1840.033,1871.713,1902.749,1933.138,1962.879,1991.969,2020.406,2048.189,2075.318,2101.792,2127.612,2152.777,2177.288,2201.146,2224.354,2246.911,2268.821,2290.085,2310.706,2330.687,2350.030,2368.738,2386.815,2404.264,2421.088,2437.292,2452.879,2467.853,2482.218,2495.978,2509.137,2521.700,2533.671,2545.054,2555.854,2566.075,2575.722,2584.799,2593.310,2601.260,2608.653,2615.495,2621.788,2627.539,2632.751,2637.428,2641.575,2645.196,2648.295,2650.877,2652.946,2654.505,2655.560,2656.114,2656.171,2655.736,2654.811,2653.402,2651.512,2649.145,2646.305,2642.996,2639.222,2634.986,2630.293,2625.146,2619.549,2613.506,2607.022,2600.099,2592.742,2584.956,2576.743,2568.108,2559.056,2549.590,2539.714,2529.434,2518.753,2507.676,2496.207,2484.352,2472.115,2459.500,2446.513,2433.159,2419.443,2405.370,2390.946,2376.177,2361.067,2345.623,2329.851,2313.757,2297.346,2280.626,2263.603,2246.284,2228.674,2210.782,2192.614,2174.177,2155.478,2136.526,2117.327,2097.888,2078.218,2058.325,2038.217,2017.900,1997.385,1976.678,1955.789,1934.724,1913.494,1892.106,1870.569,1848.891,1827.081,1805.148,1783.100,1760.945,1738.693,1716.352,1693.929,1671.435,1648.878,1626.265,1603.605,1580.907,1558.178,1535.426,1512.661,1489.889,1467.118,1444.355,1421.610,1398.887,1376.195,1353.541,1330.932,1308.373,1285.873,1263.436,1241.069,1218.779,1196.570,1174.448,1152.418,1130.486,1108.655,1086.931,1065.319,1043.821,1022.443,1001.187,980.057,959.056,938.187,917.452,896.855,876.397,856.080,835.906,815.876,795.992,776.254,756.663,737.220,717.925,698.777,679.778,660.926,642.220,623.660,605.245,586.974,568.844,550.855,533.005,515.290,497.710,480.261,462.942,445.749,428.679,411.729,394.897,378.178,361.569,345.066,328.666,312.363,296.156,280.038,264.007,248.057,232.184,216.383,200.650,184.979,169.367,153.807,138.295,122.826,107.396,91.998,76.627,61.278,45.946,30.626,15.313,0.000
0.000,43.331,86.646,129.926,173.151,216.301,259.357,302.298,345.105,387.759,430.242,472.533,514.615,556.469,598.078,639.423,680.489,721.257,761.712,801.837,841.618,881.038,920.084,958.741,996.995,1034.834,1072.244,1109.214,1145.732,1181.786,1217.367,1252.464,1287.068,1321.170,1354.761,1387.833,1420.379,1452.393,1483.867,1514.795,1545.173,1574.996,1604.258,1632.957,1661.088,1688.649,1715.636,1742.048,1767.883,1793.139,1817.815,1841.911,1865.426,1888.360,1910.714,1932.487,1953.682,1974.298,1994.338,2013.804,2032.696,2051.017,2068.770,2085.957,2102.580,2118.643,2134.149,2149.100,2163.500,2177.352,2190.660,2203.427,2215.657,2227.353,2238.520,2249.160,2259.279,2268.880,2277.967,2286.543,2294.613,2302.180,2309.249,2315.824,2321.908,2327.506,2332.621,2337.257,2341.419,2345.109,2348.332,2351.091,2353.391,2355.235,2356.627,2357.569,2358.067,2358.124,2357.742,2356.926,2355.680,2354.007,2351.909,2349.392,2346.457,2343.110,2339.352,2335.189,2330.622,2325.655,2320.293,2314.538,2308.394,2301.864,2294.953,2287.663,2279.998,2271.963,2263.560,2254.794,2245.668,2236.187,2226.354,2216.173,2205.649,2194.786,2183.588,2172.060,2160.205,2148.030,2135.538,2122.734,2109.624,2096.212,2082.503,2068.503,2054.217,2039.651,2024.810,2009.700,1994.327,1978.697,1962.816,1946.691,1930.326,1913.730,1896.909,1879.869,1862.616,1845.159,1827.503,1809.656,1791.625,1773.418,1755.040,1736.501,1717.806,1698.965,1679.983,1660.869,1641.630,1622.274,1602.809,1583.242,1563.580,1543.831,1524.004,1504.105,1484.141,1464.122,1444.053,1423.943,1403.798,1383.626,1363.434,1343.229,1323.018,1302.808,1282.606,1262.418,1242.250,1222.110,1202.003,1181.935,1161.913,1141.941,1122.026,1102.173,1082.388,1062.674,1043.037,1023.482,1004.013,984.634,965.349,946.163,927.079,908.100,889.229,870.471,851.826,833.298,814.890,796.603,778.439,760.399,742.487,724.702,707.046,689.520,672.124,654.859,637.725,620.722,603.850,587.108,570.496,554.014,537.660,521.433,505.331,489.354,473.500,457.767,442.152,426.654,411.271,395.999,380.837,365.781,350.829,335.978,321.224,306.564,291.995,277.513,263.115,248.797,234.555,220.385,206.284,192.246,178.268,164.346,150.476,136.652,122.870,109.128,95.418,81.737,68.081,54.444,40.822,27.211,13.605,0.000
0.000,37.851,75.689,113.496,151.255,188.949,226.561,264.072,301.468,338.729,375.841,412.787,449.550,486.114,522.464,558.586,594.462,630.080,665.425,700.482,735.239,769.681,803.797,837.574,871.000,904.063,936.753,969.059,1000.970,1032.478,1063.572,1094.244,1124.485,1154.289,1183.647,1212.553,1240.999,1268.981,1296.491,1323.526,1350.081,1376.150,1401.731,1426.819,1451.412,1475.507,1499.102,1522.194,1544.782,1566.865,1588.441,1609.510,1630.072,1650.127,1669.675,1688.716,1707.251,1725.281,1742.808,1759.832,1776.356,1792.380,1807.908,1822.942,1837.483,1851.534,1865.097,1878.176,1890.774,1902.892,1914.535,1925.705,1936.405,1946.639,1956.409,1965.720,1974.575,1982.976,1990.928,1998.433,2005.496,2012.119,2018.307,2024.062,2029.388,2034.288,2038.767,2042.826,2046.471,2049.703,2052.526,2054.944,2056.960,2058.577,2059.799,2060.628,2061.067,2061.121,2060.792,2060.083,2058.998,2057.538,2055.708,2053.511,2050.949,2048.025,2044.744,2041.107,2037.117,2032.778,2028.092,2023.064,2017.695,2011.989,2005.949,1999.579,1992.881,1985.858,1978.515,1970.854,1962.879,1954.592,1945.998,1937.101,1927.903,1918.409,1908.623,1898.547,1888.187,1877.546,1866.629,1855.439,1843.982,1832.260,1820.280,1808.045,1795.560,1782.831,1769.861,1756.657,1743.223,1729.564,1715.686,1701.594,1687.295,1672.793,1658.093,1643.203,1628.127,1612.872,1597.444,1581.849,1566.094,1550.184,1534.126,1517.926,1501.591,1485.127,1468.541,1451.840,1435.029,1418.116,1401.108,1384.010,1366.830,1349.574,1332.249,1314.862,1297.418,1279.925,1262.389,1244.817,1227.214,1209.588,1191.944,1174.289,1156.628,1138.969,1121.315,1103.674,1086.051,1068.452,1050.881,1033.344,1015.847,998.394,980.991,963.641,946.350,929.122,911.960,894.870,877.855,860.918,844.064,827.295,810.615,794.027,777.534,761.138,744.841,728.647,712.556,696.571,680.693,664.925,649.267,633.720,618.286,602.964,587.757,572.664,557.684,542.820,528.069,513.432,498.908,484.498,470.199,456.011,441.933,427.963,414.101,400.344,386.690,373.139,359.687,346.333,333.074,319.908,306.833,293.845,280.943,268.123,255.382,242.717,230.125,217.603,205.148,192.755,180.422,168.145,155.920,143.744,131.612,119.521,107.468,95.448,83.457,71.491,59.547,47.619,35.705,23.800,11.900,0.000
0.000,32.397,64.783,97.143,129.462,161.725,193.917,226.025,258.032,289.926,321.692,353.316,384.783,416.081,447.197,478.116,508.827,539.316,569.572,599.583,629.336,658.821,688.027,716.944,745.560,773.867,801.854,829.513,856.834,883.811,910.434,936.696,962.591,988.111,1013.250,1038.002,1062.362,1086.323,1109.883,1133.035,1155.777,1178.104,1200.012,1221.500,1242.563,1263.201,1283.410,1303.190,1322.538,1341.454,1359.937,1377.986,1395.601,1412.782,1429.528,1445.841,1461.721,1477.169,1492.185,1506.772,1520.930,1534.661,1547.966,1560.848,1573.308,1585.349,1596.973,1608.181,1618.977,1629.363,1639.341,1648.914,1658.085,1666.857,1675.232,1683.213,1690.802,1698.004,1704.821,1711.255,1717.310,1722.988,1728.293,1733.228,1737.795,1741.997,1745.838,1749.320,1752.446,1755.219,1757.641,1759.716,1761.447,1762.836,1763.886,1764.600,1764.980,1765.030,1764.751,1764.147,1763.220,1761.973,1760.408,1758.529,1756.337,1753.835,1751.027,1747.914,1744.499,1740.785,1736.774,1732.469,1727.872,1722.987,1717.816,1712.362,1706.627,1700.614,1694.326,1687.766,1680.937,1673.842,1666.484,1658.865,1650.990,1642.860,1634.480,1625.853,1616.982,1607.871,1598.523,1588.941,1579.131,1569.095,1558.837,1548.361,1537.671,1526.772,1515.668,1504.362,1492.860,1481.165,1469.283,1457.218,1444.975,1432.559,1419.973,1407.225,1394.318,1381.257,1368.049,1354.698,1341.209,1327.587,1313.840,1299.971,1285.986,1271.891,1257.692,1243.393,1229.001,1214.522,1199.961,1185.323,1170.615,1155.842,1141.010,1126.124,1111.191,1096.214,1081.201,1066.158,1051.088,1035.997,1020.892,1005.776,990.656,975.537,960.423,945.319,930.231,915.163,900.119,885.105,870.124,855.181,840.279,825.424,810.619,795.867,781.173,766.539,751.969,737.467,723.035,708.676,694.393,680.188,666.064,652.024,638.068,624.199,610.420,596.730,583.133,569.629,556.219,542.904,529.685,516.563,503.538,490.611,477.781,465.049,452.415,439.878,427.437,415.094,402.846,390.693,378.633,366.667,354.792,343.007,331.311,319.702,308.178,296.738,285.379,274.100,262.898,251.772,240.718,229.734,218.818,207.967,197.179,186.450,175.778,165.161,154.594,144.074,133.600,123.167,112.772,102.413,92.085,81.785,71.511,61.258,51.023,40.803,30.595,20.393,10.196,0.000
0.000,26.965,53.921,80.855,107.755,134.608,161.403,188.128,214.769,241.316,267.757,294.079,320.272,346.323,372.224,397.961,423.524,448.904,474.090,499.072,523.840,548.385,572.698,596.770,620.593,644.158,667.458,690.485,713.232,735.691,757.857,779.723,801.283,822.532,843.463,864.073,884.357,904.310,923.927,943.207,962.145,980.737,998.982,1016.877,1034.419,1051.606,1068.437,1084.911,1101.026,1116.781,1132.175,1147.209,1161.881,1176.192,1190.142,1203.730,1216.958,1229.827,1242.336,1254.488,1266.283,1277.722,1288.807,1299.539,1309.921,1319.953,1329.637,1338.976,1347.972,1356.626,1364.940,1372.917,1380.559,1387.869,1394.848,1401.499,1407.824,1413.826,1419.507,1424.870,1429.916,1434.649,1439.071,1443.185,1446.992,1450.496,1453.698,1456.601,1459.207,1461.520,1463.540,1465.272,1466.716,1467.875,1468.753,1469.350,1469.669,1469.713,1469.483,1468.982,1468.212,1467.176,1465.875,1464.311,1462.488,1460.406,1458.069,1455.478,1452.636,1449.544,1446.205,1442.621,1438.795,1434.728,1430.423,1425.882,1421.107,1416.101,1410.865,1405.404,1399.718,1393.810,1387.684,1381.341,1374.783,1368.015,1361.037,1353.854,1346.468,1338.882,1331.099,1323.122,1314.953,1306.598,1298.057,1289.335,1280.435,1271.361,1262.115,1252.703,1243.126,1233.390,1223.497,1213.453,1203.260,1192.923,1182.445,1171.832,1161.086,1150.213,1139.217,1128.102,1116.872,1105.532,1094.087,1082.541,1070.899,1059.165,1047.344,1035.441,1023.460,1011.406,999.284,987.098,974.854,962.555,950.207,937.815,925.383,912.915,900.417,887.893,875.347,862.785,850.209,837.625,825.038,812.450,799.868,787.293,774.732,762.187,749.662,737.162,724.689,712.248,699.842,687.474,675.147,662.865,650.630,638.446,626.315,614.240,602.223,590.267,578.374,566.546,554.786,543.094,531.473,519.925,508.451,497.051,485.728,474.482,463.315,452.227,441.219,430.291,419.444,408.678,397.993,387.390,376.867,366.426,356.065,345.784,335.583,325.461,315.417,305.450,295.559,285.743,276.001,266.331,256.732,247.203,237.741,228.346,219.015,209.746,200.538,191.389,182.295,173.256,164.269,155.331,146.441,137.596,128.793,120.030,111.303,102.612,93.952,85.321,76.717,68.137,59.577,51.035,42.508,33.994,25.489,16.990,8.495,0.000
0.000,21.551,43.095,64.621,86.120,107.582,128.997,150.356,171.649,192.866,213.999,235.036,255.971,276.793,297.494,318.065,338.498,358.783,378.914,398.882,418.679,438.299,457.733,476.975,496.017,514.854,533.480,551.887,570.070,588.025,605.744,623.224,640.460,657.447,674.182,690.659,706.875,722.827,738.512,753.927,769.068,783.934,798.522,812.831,826.857,840.600,854.058,867.231,880.118,892.716,905.027,917.049,928.783,940.227,951.383,962.251,972.830,983.122,993.127,1002.846,1012.279,1021.429,1030.295,1038.879,1047.183,1055.207,1062.954,1070.425,1077.620,1084.543,1091.194,1097.576,1103.689,1109.537,1115.120,1120.441,1125.502,1130.304,1134.849,1139.140,1143.178,1146.965,1150.503,1153.795,1156.842,1159.645,1162.208,1164.532,1166.618,1168.469,1170.087,1171.473,1172.630,1173.559,1174.262,1174.742,1174.999,1175.035,1174.853,1174.454,1173.840,1173.013,1171.974,1170.725,1169.268,1167.605,1165.737,1163.666,1161.395,1158.924,1156.255,1153.391,1150.332,1147.081,1143.639,1140.009,1136.192,1132.190,1128.005,1123.639,1119.094,1114.371,1109.473,1104.402,1099.160,1093.749,1088.171,1082.428,1076.524,1070.459,1064.237,1057.860,1051.330,1044.650,1037.823,1030.850,1023.736,1016.482,1009.091,1001.566,993.911,986.128,978.220,970.190,962.042,953.779,945.403,936.919,928.330,919.638,910.848,901.963,892.987,883.922,874.774,865.544,856.238,846.858,837.409,827.895,818.317,808.682,798.993,789.252,779.464,769.633,759.763,749.858,739.920,729.954,719.964,709.953,699.924,689.882,679.830,669.771,659.708,649.646,639.588,629.536,619.495,609.467,599.455,589.462,579.491,569.545,559.628,549.741,539.886,530.067,520.286,510.546,500.848,491.194,481.588,472.029,462.521,453.065,443.662,434.315,425.024,415.791,406.616,397.502,388.449,379.457,370.528,361.663,352.861,344.124,335.450,326.842,318.298,309.819,301.405,293.056,284.771,276.550,268.393,260.298,252.266,244.296,236.386,228.536,220.745,213.012,205.336,197.715,190.148,182.635,175.172,167.759,160.395,153.077,145.805,138.576,131.387,124.239,117.129,110.054,103.013,96.005,89.025,82.073,75.147,68.244,61.362,54.499,47.652,40.820,34.000,27.190,20.387,13.590,6.795,0.000
0.000,16.151,32.297,48.429,64.542,80.626,96.676,112.683,128.641,144.543,160.380,176.147,191.837,207.443,222.958,238.375,253.689,268.893,283.981,298.946,313.785,328.490,343.056,357.478,371.751,385.871,399.831,413.629,427.258,440.716,453.999,467.101,480.022,492.755,505.299,517.651,529.808,541.766,553.524,565.080,576.431,587.576,598.512,609.240,619.755,630.059,640.149,650.025,659.687,669.133,678.364,687.377,696.175,704.757,713.121,721.270,729.203,736.920,744.422,751.711,758.784,765.646,772.294,778.732,784.959,790.977,796.786,802.388,807.785,812.977,817.965,822.751,827.337,831.722,835.910,839.901,843.697,847.299,850.708,853.926,856.955,859.796,862.450,864.920,867.205,869.309,871.232,872.975,874.540,875.930,877.144,878.185,879.053,879.751,880.279,880.639,880.833,880.861,880.725,880.427,879.968,879.348,878.570,877.635,876.544,875.297,873.898,872.346,870.643,868.792,866.791,864.644,862.352,859.915,857.336,854.615,851.754,848.754,845.617,842.344,838.937,835.397,831.726,827.924,823.995,819.939,815.758,811.453,807.027,802.481,797.817,793.037,788.142,783.135,778.017,772.791,767.458,762.020,756.481,750.840,745.102,739.268,733.341,727.322,721.215,715.021,708.743,702.384,695.946,689.431,682.843,676.183,669.455,662.660,655.803,648.885,641.910,634.880,627.798,620.666,613.488,606.266,599.003,591.702,584.366,576.997,569.599,562.175,554.726,547.256,539.769,532.265,524.748,517.221,509.686,502.147,494.604,487.062,479.523,471.989,464.462,456.945,449.441,441.950,434.476,427.021,419.587,412.176,404.789,397.429,390.097,382.796,375.526,368.290,361.088,353.923,346.795,339.706,332.658,325.650,318.686,311.764,304.886,298.054,291.266,284.525,277.831,271.185,264.586,258.036,251.533,245.079,238.674,232.317,226.009,219.749,213.537,207.373,201.257,195.188,189.166,183.190,177.259,171.373,165.531,159.733,153.977,148.263,142.589,136.955,131.360,125.801,120.279,114.792,109.339,103.917,98.527,93.167,87.836,82.530,77.250,71.995,66.761,61.548,56.354,51.177,46.016,40.869,35.735,30.612,25.497,20.390,15.289,10.191,5.095,0.000
0.000,10.762,21.520,32.270,43.006,53.723,64.417,75.084,85.717,96.312,106.865,117.372,127.827,138.225,148.563,158.837,169.041,179.172,189.226,199.199,209.086,218.885,228.592,238.202,247.714,257.123,266.426,275.621,284.703,293.672,302.523,311.255,319.866,328.352,336.711,344.943,353.045,361.015,368.851,376.553,384.118,391.545,398.835,405.984,412.993,419.860,426.586,433.169,439.608,445.904,452.056,458.065,463.929,469.649,475.225,480.657,485.944,491.088,496.089,500.948,505.663,510.237,514.669,518.960,523.112,527.123,530.996,534.731,538.328,541.790,545.115,548.306,551.363,554.287,557.079,559.740,562.271,564.672,566.945,569.091,571.110,573.005,574.774,576.421,577.945,579.348,580.630,581.793,582.837,583.763,584.573,585.267,585.847,586.312,586.665,586.906,587.035,587.055,586.965,586.767,586.461,586.048,585.530,584.907,584.180,583.350,582.417,581.383,580.249,579.015,577.683,576.252,574.724,573.100,571.382,569.568,567.662,565.663,563.572,561.391,559.121,556.762,554.315,551.782,549.163,546.460,543.674,540.805,537.855,534.826,531.718,528.533,525.271,521.934,518.523,515.041,511.486,507.863,504.171,500.413,496.589,492.701,488.751,484.740,480.670,476.543,472.359,468.122,463.831,459.490,455.099,450.662,446.178,441.650,437.081,432.471,427.823,423.138,418.419,413.666,408.883,404.070,399.230,394.365,389.477,384.566,379.636,374.689,369.726,364.748,359.758,354.758,349.749,344.733,339.712,334.688,329.661,324.635,319.611,314.590,309.575,304.566,299.564,294.573,289.592,284.624,279.669,274.731,269.808,264.903,260.017,255.151,250.306,245.484,240.684,235.909,231.158,226.434,221.737,217.067,212.425,207.812,203.228,198.674,194.151,189.658,185.196,180.767,176.369,172.003,167.669,163.367,159.098,154.861,150.656,146.484,142.344,138.235,134.159,130.113,126.099,122.116,118.162,114.239,110.345,106.480,102.644,98.835,95.053,91.297,87.567,83.862,80.181,76.523,72.888,69.274,65.681,62.108,58.554,55.017,51.498,47.994,44.505,41.030,37.567,34.117,30.676,27.245,23.822,20.407,16.998,13.593,10.192,6.794,3.397,0.000
0.000,5.380,10.757,16.130,21.497,26.854,32.200,37.531,42.846,48.142,53.417,58.669,63.895,69.093,74.261,79.396,84.497,89.561,94.587,99.572,104.514,109.413,114.265,119.069,123.824,128.527,133.178,137.774,142.314,146.798,151.223,155.588,159.892,164.134,168.313,172.429,176.479,180.463,184.380,188.231,192.013,195.726,199.370,202.944,206.448,209.882,213.244,216.535,219.755,222.902,225.978,228.982,231.914,234.774,237.561,240.277,242.921,245.493,247.993,250.422,252.780,255.067,257.283,259.428,261.504,263.510,265.446,267.314,269.113,270.843,272.506,274.102,275.630,277.092,278.488,279.819,281.084,282.285,283.422,284.495,285.505,286.452,287.337,288.161,288.923,289.624,290.266,290.847,291.369,291.833,292.238,292.585,292.875,293.108,293.284,293.405,293.470,293.480,293.435,293.336,293.183,292.977,292.718,292.407,292.043,291.629,291.162,290.646,290.079,289.462,288.796,288.081,287.317,286.506,285.646,284.740,283.787,282.788,281.743,280.653,279.518,278.338,277.115,275.849,274.540,273.188,271.796,270.362,268.887,267.373,265.819,264.227,262.596,260.928,259.223,257.482,255.706,253.894,252.049,250.170,248.258,246.315,244.341,242.336,240.301,238.238,236.146,234.028,231.884,229.713,227.519,225.300,223.059,220.796,218.512,216.207,213.884,211.542,209.183,206.807,204.416,202.010,199.591,197.159,194.715,192.261,189.796,187.323,184.842,182.354,179.860,177.360,174.856,172.349,169.839,167.327,164.815,162.302,159.791,157.281,154.774,152.270,149.769,147.274,144.784,142.301,139.824,137.355,134.894,132.442,130.000,127.567,125.145,122.734,120.335,117.948,115.573,113.211,110.863,108.528,106.207,103.901,101.610,99.333,97.072,94.826,92.595,90.381,88.182,85.999,83.832,81.682,79.547,77.429,75.327,73.241,71.171,69.117,67.079,65.056,63.049,61.058,59.081,57.120,55.173,53.240,51.322,49.418,47.527,45.649,43.784,41.931,40.091,38.262,36.445,34.638,32.841,31.055,29.278,27.509,25.749,23.998,22.253,20.516,18.784,17.059,15.338,13.623,11.912,10.204,8.499,6.797,5.096,3.397,1.698,0.000
0.000,0.000,0.000,0.000,0.000,0.000,0.000,0.000,0.000,0.000,0.000,0.000,0.000,0.000,0.000,0.000,0.000,0.000,0.000,0.000,0.000,0.000,0.000,0.000,0.000,0.000,0.000,0.000,0.000,0.000,0.000,0.000,0.000,0.000,0.000,0.000,0.000,0.000,0.000,0.000,0.000,0.000,0.000,0.000,0.000,0.000,0.000,0.000,0.000,0.000,0.000,0.000,0.000,0.000,0.000,0.000,0.000,0.000,0.000,0.000,0.000,0.000,0.000,0.000,0.000,0.000,0.000,0.000,0.000,0.000,0.000,0.000,0.000,0.000,0.000,0.000,0.000,0.000,0.000,0.000,0.000,0.000,0.000,0.000,0.000,0.000,0.000,0.000,0.000,0.000,0.000,0.000,0.000,0.000,0.000,0.000,0.000,0.000,0.000,0.000,0.000,0.000,0.000,0.000,0.000,0.000,0.000,0.000,0.000,0.000,0.000,0.000,0.000,0.000,0.000,0.000,0.000,0.000,0.000,0.000,0.000,0.000,0.000,0.000,0.000,0.000,0.000,0.000,0.000,0.000,0.000,0.000,0.000,0.000,0.000,0.000,0.000,0.000,0.000,0.000,0.000,0.000,0.000,0.000,0.000,0.000,0.000,0.000,0.000,0.000,0.000,0.000,0.000,0.000,0.000,0.000,0.000,0.000,0.000,0.000,0.000,0.000,0.000,0.000,0.000,0.000,0.000,0.000,0.000,0.000,0.000,0.000,0.000,0.000,0.000,0.000,0.000,0.000,0.000,0.000,0.000,0.000,0.000,0.000,0.000,0.000,0.000,0.000,0.000,0.000,0.000,0.000,0.000,0.000,0.000,0.000,0.000,0.000,0.000,0.000,0.000,0.000,0.000,0.000,0.000,0.000,0.000,0.000,0.000,0.000,0.000,0.000,0.000,0.000,0.000,0.000,0.000,0.000,0.000,0.000,0.000,0.000,0.000,0.000,0.000,0.000,0.000,0.000,0.000,0.000,0.000,0.000,0.000,0.000,0.000,0.000,0.000,0.000,0.000,0.000,0.000,0.000,0.000,0.000,0.000,0.000,0.000,0.000,0.000,0.000,0.000,0.000,0.000,0.000,0.000,0.000
