0.000,0.000,0.000,0.000,0.000,0.000,0.000,0.000,0.000,0.000,0.000,0.000,0.000,0.000,0.000,0.000,0.000,0.000,0.000,0.000,0.000,0.000,0.000,0.000,0.000,0.000,0.000,0.000,0.000,0.000,0.000,0.000,0.000,0.000,0.000,0.000,0.000,0.000,0.000,0.000,0.000,0.000,0.000,0.000,0.000,0.000,0.000,0.000,0.000,0.000,0.000,0.000,0.000,0.000,0.000,0.000,0.000,0.000,0.000,0.000,0.000,0.000,0.000,0.000,0.000,0.000,0.000,0.000,0.000,0.000,0.000,0.000,0.000,0.000,0.000,0.000,0.000,0.000,0.000,0.000,0.000,0.000,0.000,0.000,0.000,0.000,0.000,0.000,0.000,0.000,0.000,0.000,0.000,0.000,0.000,0.000,0.000,0.000,0.000,0.000,0.000,0.000,0.000,0.000,0.000,0.000,0.000,0.000,0.000,0.000,0.000,0.000,0.000,0.000,0.000,0.000,0.000,0.000,0.000,0.000,0.000,0.000,0.000,0.000,0.000,0.000,0.000,0.000,0.000,0.000,0.000,0.000,0.000,0.000,0.000,0.000,0.000,0.000,0.000,0.000,0.000,0.000,0.000,0.000,0.000,0.000,0.000,0.000,0.000,0.000,0.000,0.000,0.000,0.000,0.000,0.000,0.000,0.000,0.000,0.000,0.000,0.000,0.000,0.000,0.000,0.000,0.000,0.000,0.000,0.000,0.000,0.000,0.000,0.000,0.000,0.000,0.000,0.000,0.000,0.000,0.000,0.000,0.000,0.000,0.000,0.000,0.000,0.000,0.000,0.000,0.000,0.000,0.000,0.000,0.000,0.000,0.000,0.000,0.000,0.000,0.000,0.000,0.000,0.000,0.000,0.000,0.000,0.000,0.000,0.000,0.000,0.000,0.000,0.000,0.000,0.000,0.000,0.000,0.000,0.000,0.000,0.000,0.000,0.000,0.000,0.000,0.000,0.000,0.000,0.000,0.000,0.000,0.000,0.000,0.000,0.000,0.000,0.000,0.000,0.000,0.000,0.000,0.000,0.000,0.000,0.000,0.000,0.000,0.000,0.000,0.000,0.000,0.000,0.000,0.000,0.000
0.000,0.669,1.339,2.011,2.685,3.362,4.043,4.728,5.419,6.116,6.820,7.531,8.251,8.979,9.718,10.466,11.226,11.997,12.782,13.580,14.392,15.220,16.062,16.922,17.798,18.693,19.607,20.540,21.493,22.468,23.465,24.484,25.527,26.594,27.686,28.804,29.949,31.121,32.322,33.551,34.811,36.101,37.422,38.776,40.163,41.584,43.039,44.530,46.057,47.621,49.222,50.862,52.541,54.261,56.021,57.822,59.665,61.551,63.481,65.454,67.473,69.536,71.646,73.802,76.005,78.256,80.554,82.901,85.297,87.741,90.235,92.779,95.373,98.016,100.710,103.453,106.247,109.091,111.984,114.926,117.918,120.959,124.047,127.182,130.365,133.593,136.865,140.181,143.539,146.938,150.376,153.851,157.362,160.906,164.480,168.083,171.712,175.363,179.033,182.719,186.417,190.123,193.833,197.541,201.243,204.933,208.607,212.256,215.875,219.458,222.996,226.481,229.906,233.261,236.537,239.724,242.811,245.786,248.639,251.356,253.923,256.328,258.555,260.587,262.410,264.005,265.354,266.437,267.234,267.725,267.885,267.693,267.122,266.148,264.743,262.880,260.529,257.661,254.245,250.248,245.639,240.386,234.457,227.821,220.447,212.308,203.379,193.639,183.073,171.674,159.440,146.382,132.522,117.895,102.550,86.551,69.977,52.923,35.496,17.813,0.000,0.000,0.000,0.000,0.000,0.000,0.000,0.000,0.000,0.000,0.000,0.000,0.000,0.000,0.000,0.000,0.000,0.000,0.000,0.000,0.000,0.000,0.000,0.000,0.000,0.000,0.000,0.000,0.000,0.000,0.000,0.000,0.000,0.000,0.000,0.000,0.000,0.000,0.000,0.000,0.000,0.000,0.000,0.000,0.000,0.000,3.135,6.242,9.295,12.266,15.134,17.877,20.477,22.919,25.192,27.287,29.197,30.919,32.452,33.794,34.949,35.920,36.710,37.325,37.768,38.048,38.170,38.139,37.964,37.649,37.203,36.630,35.939,35.134,34.223,33.211,32.105,30.909,29.630,28.274,26.844,25.348,23.789,22.173,20.505,18.789,17.031,15.234,13.403,11.542,9.657,7.750,5.827,3.892,1.948,0.000
0.000,1.338,2.678,4.021,5.369,6.723,8.085,9.456,10.838,12.232,13.639,15.061,16.500,17.957,19.433,20.930,22.450,23.993,25.562,27.158,28.782,30.436,32.122,33.841,35.594,37.384,39.210,41.076,42.983,44.932,46.925,48.964,51.049,53.184,55.368,57.604,59.893,62.237,64.638,67.097,69.616,72.195,74.838,77.546,80.319,83.161,86.071,89.052,92.106,95.233,98.436,101.716,105.074,108.512,112.032,115.634,119.321,123.093,126.952,130.899,134.936,139.063,143.282,147.594,152.000,156.501,161.098,165.792,170.583,175.472,180.461,185.548,190.735,196.023,201.410,206.898,212.486,218.173,223.960,229.846,235.830,241.911,248.089,254.361,260.727,267.184,273.730,280.363,287.081,293.880,300.758,307.711,314.734,321.825,328.976,336.185,343.445,350.750,358.094,365.470,372.870,380.286,387.710,395.131,402.540,409.927,417.279,424.584,431.830,439.002,446.085,453.065,459.923,466.642,473.204,479.587,485.772,491.734,497.451,502.898,508.047,512.871,517.339,521.421,525.083,528.290,531.007,533.193,534.809,535.811,536.155,535.793,534.677,532.755,529.973,526.275,521.603,515.896,509.093,501.132,491.945,481.471,469.643,456.399,441.679,425.424,407.585,388.120,366.996,344.196,319.717,293.578,265.822,236.517,205.761,173.682,140.440,106.224,71.250,35.757,0.000,0.000,0.000,0.000,0.000,0.000,0.000,0.000,0.000,0.000,0.000,0.000,0.000,0.000,0.000,0.000,0.000,0.000,0.000,0.000,0.000,0.000,0.000,0.000,0.000,0.000,0.000,0.000,0.000,0.000,0.000,0.000,0.000,0.000,0.000,0.000,0.000,0.000,0.000,0.000,0.000,0.000,0.000,0.000,0.000,0.000,6.298,12.540,18.670,24.637,30.394,35.897,41.112,46.009,50.564,54.759,58.584,62.030,65.094,67.778,70.085,72.023,73.598,74.821,75.703,76.256,76.493,76.426,76.068,75.433,74.533,73.382,71.992,70.377,68.549,66.519,64.300,61.903,59.340,56.621,53.757,50.758,47.636,44.400,41.058,37.622,34.100,30.502,26.836,23.111,19.335,15.518,11.667,7.792,3.900,0.000
0.000,2.006,4.015,6.030,8.051,10.082,12.125,14.181,16.253,18.343,20.454,22.587,24.745,26.929,29.143,31.388,33.667,35.982,38.335,40.728,43.164,45.645,48.172,50.750,53.379,56.062,58.802,61.601,64.460,67.383,70.372,73.429,76.557,79.757,83.033,86.386,89.819,93.335,96.935,100.623,104.400,108.269,112.233,116.293,120.453,124.714,129.079,133.550,138.130,142.820,147.624,152.543,157.579,162.736,168.015,173.418,178.947,184.604,190.392,196.313,202.367,208.557,214.886,221.353,227.962,234.713,241.608,248.649,255.836,263.170,270.652,278.284,286.065,293.997,302.078,310.311,318.693,327.226,335.908,344.738,353.715,362.839,372.108,381.519,391.070,400.758,410.580,420.534,430.615,440.818,451.139,461.573,472.114,482.755,493.489,504.308,515.206,526.172,537.197,548.270,559.380,570.515,581.661,592.805,603.932,615.026,626.069,637.043,647.928,658.704,669.349,679.838,690.147,700.249,710.115,719.716,729.019,737.992,746.598,754.801,762.558,769.830,776.571,782.733,788.269,793.125,797.246,800.575,803.051,804.608,805.182,804.700,803.088,800.271,796.166,790.690,783.755,775.270,765.144,753.279,739.579,723.945,706.281,686.489,664.475,640.154,613.447,584.286,552.620,518.418,481.674,442.410,400.688,356.605,310.308,261.988,211.885,160.287,107.526,53.966,0.000,0.000,0.000,0.000,0.000,0.000,0.000,0.000,0.000,0.000,0.000,0.000,0.000,0.000,0.000,0.000,0.000,0.000,0.000,0.000,0.000,0.000,0.000,0.000,0.000,0.000,0.000,0.000,0.000,0.000,0.000,0.000,0.000,0.000,0.000,0.000,0.000,0.000,0.000,0.000,0.000,0.000,0.000,0.000,0.000,0.000,9.518,18.950,28.210,37.220,45.907,54.207,62.067,69.442,76.296,82.605,88.351,93.523,98.119,102.140,105.594,108.489,110.840,112.661,113.970,114.784,115.123,115.006,114.452,113.483,112.117,110.375,108.275,105.837,103.079,100.019,96.676,93.066,89.207,85.115,80.806,76.296,71.599,66.732,61.708,56.542,51.248,45.839,40.328,34.729,29.056,23.319,17.533,11.709,5.861,0.000
0.000,2.674,5.352,8.037,10.731,13.438,16.160,18.901,21.662,24.448,27.261,30.104,32.980,35.892,38.843,41.835,44.873,47.958,51.094,54.283,57.530,60.836,64.206,67.641,71.146,74.722,78.374,82.104,85.915,89.811,93.795,97.869,102.038,106.304,110.670,115.140,119.716,124.402,129.201,134.116,139.151,144.309,149.592,155.004,160.549,166.228,172.047,178.007,184.111,190.364,196.767,203.324,210.038,216.912,223.949,231.151,238.522,246.064,253.781,261.673,269.744,277.997,286.434,295.057,303.868,312.869,322.062,331.449,341.031,350.810,360.787,370.963,381.338,391.915,402.691,413.669,424.847,436.226,447.804,459.580,471.554,483.722,496.084,508.636,521.375,534.298,547.401,560.679,574.127,587.739,601.509,615.430,629.494,643.693,658.017,672.457,687.001,701.637,716.353,731.134,745.966,760.832,775.716,790.597,805.457,820.275,835.026,849.688,864.233,878.635,892.863,906.887,920.672,934.184,947.384,960.233,972.689,984.707,996.239,1007.235,1017.643,1027.405,1036.464,1044.756,1052.216,1058.774,1064.357,1068.888,1072.286,1074.465,1075.336,1074.806,1072.775,1069.141,1063.796,1056.627,1047.517,1036.347,1022.989,1007.317,989.199,968.503,945.095,918.845,889.624,857.314,821.802,782.994,740.815,695.215,646.178,593.728,537.936,478.929,416.896,352.090,284.836,215.524,144.605,72.584,0.000,0.000,0.000,0.000,0.000,0.000,0.000,0.000,0.000,0.000,0.000,0.000,0.000,0.000,0.000,0.000,0.000,0.000,0.000,0.000,0.000,0.000,0.000,0.000,0.000,0.000,0.000,0.000,0.000,0.000,0.000,0.000,0.000,0.000,0.000,0.000,0.000,0.000,0.000,0.000,0.000,0.000,0.000,0.000,0.000,0.000,12.826,25.531,38.001,50.126,61.808,72.960,83.509,93.397,102.577,111.017,118.694,125.597,131.722,137.075,141.664,145.505,148.616,151.018,152.735,153.791,154.212,154.026,153.257,151.934,150.082,147.729,144.899,141.619,137.913,133.806,129.321,124.482,119.310,113.829,108.059,102.021,95.736,89.224,82.503,75.593,68.512,61.279,53.911,46.425,38.839,31.171,23.436,15.651,7.834,0.000
0.000,3.341,6.687,10.041,13.407,16.788,20.189,23.613,27.063,30.544,34.058,37.610,41.203,44.841,48.527,52.266,56.061,59.915,63.833,67.818,71.874,76.005,80.215,84.507,88.885,93.354,97.916,102.576,107.338,112.206,117.183,122.274,127.482,132.812,138.267,143.852,149.570,155.425,161.421,167.562,173.853,180.297,186.899,193.662,200.590,207.687,214.957,222.404,230.032,237.845,245.847,254.041,262.431,271.021,279.815,288.816,298.027,307.453,317.095,326.959,337.046,347.361,357.905,368.682,379.695,390.945,402.436,414.169,426.146,438.369,450.841,463.561,476.532,489.753,503.225,516.949,530.925,545.151,559.627,574.352,589.323,604.540,619.998,635.695,651.627,667.789,684.177,700.784,717.606,734.633,751.860,769.276,786.872,804.638,822.562,840.632,858.834,877.154,895.574,914.078,932.648,951.262,969.901,988.539,1007.154,1025.717,1044.201,1062.575,1080.808,1098.863,1116.706,1134.296,1151.592,1168.551,1185.124,1201.263,1216.914,1232.023,1246.529,1260.372,1273.483,1285.795,1297.232,1307.718,1317.169,1325.501,1332.621,1338.433,1342.836,1345.725,1346.986,1346.504,1344.155,1339.809,1333.333,1324.586,1313.421,1299.686,1283.224,1263.873,1241.467,1215.837,1186.815,1154.231,1117.921,1077.728,1033.504,985.121,932.475,875.490,814.134,748.421,678.430,604.306,526.278,444.660,359.860,272.376,182.793,91.765,0.000,0.000,0.000,0.000,0.000,0.000,0.000,0.000,0.000,0.000,0.000,0.000,0.000,0.000,0.000,0.000,0.000,0.000,0.000,0.000,0.000,0.000,0.000,0.000,0.000,0.000,0.000,0.000,0.000,0.000,0.000,0.000,0.000,0.000,0.000,0.000,0.000,0.000,0.000,0.000,0.000,0.000,0.000,0.000,0.000,0.000,16.253,32.350,48.138,63.478,78.241,92.318,105.617,118.063,129.603,140.195,149.815,158.452,166.103,172.777,178.487,183.255,187.105,190.065,192.165,193.438,193.916,193.632,192.622,190.918,188.554,185.564,181.979,177.832,173.154,167.975,162.325,156.234,149.728,142.836,135.584,127.998,120.104,111.927,103.490,94.817,85.931,76.856,67.612,58.222,48.708,39.090,29.389,19.627,9.824,0.000
0.000,4.007,8.019,12.041,16.077,20.132,24.211,28.316,32.454,36.627,40.842,45.101,49.410,53.772,58.193,62.676,67.227,71.849,76.547,81.326,86.190,91.144,96.193,101.340,106.590,111.949,117.420,123.009,128.720,134.558,140.527,146.632,152.879,159.271,165.813,172.511,179.368,186.390,193.582,200.948,208.493,216.222,224.140,232.251,240.561,249.074,257.794,266.726,275.876,285.248,294.846,304.675,314.739,325.043,335.592,346.389,357.440,368.747,380.315,392.148,404.250,416.625,429.276,442.207,455.420,468.918,482.705,496.784,511.156,525.824,540.790,556.055,571.620,587.488,603.657,620.129,636.903,653.979,671.355,689.031,707.004,725.271,743.829,762.676,781.805,801.212,820.891,840.836,861.038,881.489,902.180,923.101,944.241,965.585,987.122,1008.836,1030.711,1052.729,1074.871,1097.117,1119.443,1141.827,1164.243,1186.663,1209.058,1231.395,1253.641,1275.759,1297.712,1319.458,1340.952,1362.149,1382.999,1403.449,1423.444,1442.923,1461.825,1480.082,1497.624,1514.376,1530.260,1545.192,1559.084,1571.843,1583.371,1593.565,1602.315,1609.508,1615.020,1618.727,1620.494,1620.180,1617.638,1612.714,1605.245,1595.063,1581.992,1565.847,1546.439,1523.571,1497.042,1466.646,1432.174,1393.418,1350.173,1302.238,1249.427,1191.571,1128.526,1060.187,986.491,907.435,823.092,733.620,639.276,540.434,437.584,331.342,222.433,111.687,0.000,0.000,0.000,0.000,0.000,0.000,0.000,0.000,0.000,0.000,0.000,0.000,0.000,0.000,0.000,0.000,0.000,0.000,0.000,0.000,0.000,0.000,0.000,0.000,0.000,0.000,0.000,0.000,0.000,0.000,0.000,0.000,0.000,0.000,0.000,0.000,0.000,0.000,0.000,0.000,0.000,0.000,0.000,0.000,0.000,0.000,19.838,39.477,58.726,77.407,95.362,112.457,128.579,143.641,157.579,170.349,181.925,192.297,201.467,209.447,216.259,221.929,226.491,229.978,232.430,233.886,234.386,233.973,232.686,230.568,227.659,223.999,219.628,214.582,208.901,202.621,195.777,188.405,180.537,172.207,163.447,154.288,144.760,134.893,124.716,114.257,103.544,92.603,81.462,70.146,58.681,47.093,35.406,23.645,11.835,0.000
0.000,4.670,9.347,14.036,18.741,23.468,28.222,33.008,37.831,42.696,47.608,52.573,57.596,62.681,67.834,73.061,78.365,83.753,89.230,94.801,100.472,106.247,112.132,118.132,124.253,130.500,136.879,143.394,150.052,156.857,163.816,170.934,178.216,185.668,193.296,201.104,209.099,217.286,225.671,234.259,243.056,252.068,261.300,270.757,280.446,290.372,300.540,310.956,321.625,332.553,343.745,355.206,366.943,378.959,391.261,403.853,416.740,429.927,443.419,457.220,471.335,485.768,500.524,515.606,531.018,546.764,562.848,579.271,596.038,613.150,630.610,648.420,666.581,685.095,703.962,723.183,742.758,762.685,782.965,803.594,824.572,845.894,867.558,889.559,911.891,934.550,957.527,980.816,1004.408,1028.293,1052.460,1076.898,1101.593,1126.530,1151.694,1177.069,1202.633,1228.369,1254.253,1280.262,1306.369,1332.548,1358.768,1384.998,1411.204,1437.347,1463.391,1489.291,1515.004,1540.482,1565.674,1590.527,1614.982,1638.978,1662.451,1685.332,1707.548,1729.022,1749.672,1769.412,1788.149,1805.787,1822.224,1837.353,1851.059,1863.221,1873.714,1882.405,1889.151,1893.807,1896.216,1896.215,1893.632,1888.287,1879.991,1868.548,1853.749,1835.381,1813.220,1787.034,1756.584,1721.626,1681.909,1637.183,1587.195,1531.702,1470.468,1403.277,1329.938,1250.299,1164.260,1071.786,972.928,867.842,756.806,640.242,518.724,392.987,263.922,132.551,0.000,0.000,0.000,0.000,0.000,0.000,0.000,0.000,0.000,0.000,0.000,0.000,0.000,0.000,0.000,0.000,0.000,0.000,0.000,0.000,0.000,0.000,0.000,0.000,0.000,0.000,0.000,0.000,0.000,0.000,0.000,0.000,0.000,0.000,0.000,0.000,0.000,0.000,0.000,0.000,0.000,0.000,0.000,0.000,0.000,0.000,23.623,46.997,69.884,92.065,113.348,133.572,152.605,170.347,186.729,201.702,215.245,227.351,238.027,247.293,255.179,261.720,266.957,270.934,273.698,275.296,275.778,275.193,273.590,271.017,267.523,263.154,257.957,251.976,245.255,237.838,229.765,221.077,211.814,202.014,191.714,180.951,169.759,158.174,146.228,133.955,121.387,108.555,95.489,82.221,68.780,55.196,41.497,27.712,13.870,0.000
0.000,5.332,10.672,16.025,21.397,26.794,32.221,37.686,43.192,48.747,54.355,60.024,65.758,71.564,77.448,83.415,89.471,95.623,101.877,108.238,114.712,121.306,128.025,134.877,141.865,148.999,156.282,163.721,171.324,179.094,187.041,195.168,203.484,211.993,220.703,229.620,238.749,248.099,257.674,267.482,277.528,287.820,298.363,309.164,320.229,331.565,343.178,355.074,367.260,379.742,392.525,405.617,419.023,432.749,446.801,461.185,475.906,490.971,506.384,522.151,538.277,554.767,571.626,588.858,606.468,624.460,642.838,661.606,680.766,700.322,720.276,740.631,761.389,782.550,804.117,826.088,848.465,871.247,894.433,918.019,942.006,966.388,991.162,1016.323,1041.866,1067.783,1094.068,1120.711,1147.703,1175.033,1202.688,1230.655,1258.920,1287.465,1316.275,1345.328,1374.603,1404.078,1433.728,1463.525,1493.440,1523.443,1553.499,1583.572,1613.624,1643.612,1673.493,1703.219,1732.739,1761.999,1790.941,1819.504,1847.624,1875.229,1902.248,1928.602,1954.208,1978.979,2002.821,2025.636,2047.321,2067.765,2086.853,2104.462,2120.462,2134.718,2147.084,2157.409,2165.535,2171.292,2174.503,2174.983,2172.535,2166.955,2158.026,2145.522,2129.208,2108.836,2084.149,2054.880,2020.749,1981.474,1936.759,1886.307,1829.819,1766.998,1697.553,1621.211,1537.724,1446.881,1348.527,1242.577,1129.043,1008.057,879.903,745.034,604.106,457.979,307.726,154.601,0.000,0.000,0.000,0.000,0.000,0.000,0.000,0.000,0.000,0.000,0.000,0.000,0.000,0.000,0.000,0.000,0.000,0.000,0.000,0.000,0.000,0.000,0.000,0.000,0.000,0.000,0.000,0.000,0.000,0.000,0.000,0.000,0.000,0.000,0.000,0.000,0.000,0.000,0.000,0.000,0.000,0.000,0.000,0.000,0.000,0.000,27.657,55.004,81.749,107.624,132.398,155.882,177.925,198.420,217.291,234.494,250.010,263.840,276.003,286.527,295.452,302.823,308.692,313.112,316.139,317.831,318.246,317.440,315.471,312.396,308.269,303.146,297.078,290.117,282.314,273.717,264.375,254.333,243.635,232.328,220.451,208.048,195.158,181.820,168.072,153.953,139.497,124.742,109.722,94.472,79.025,63.415,47.675,31.837,15.935,0.000
0.000,5.992,11.992,18.007,24.043,30.108,36.207,42.347,48.535,54.776,61.079,67.449,73.893,80.417,87.029,93.734,100.540,107.453,114.481,121.629,128.904,136.315,143.866,151.565,159.420,167.436,175.621,183.982,192.526,201.260,210.190,219.324,228.670,238.234,248.024,258.045,268.307,278.815,289.578,300.602,311.895,323.463,335.314,347.455,359.894,372.637,385.692,399.065,412.765,426.797,441.168,455.887,470.960,486.392,502.192,518.365,534.918,551.857,569.189,586.919,605.054,623.598,642.558,661.939,681.745,701.981,722.653,743.763,765.316,787.316,809.764,832.664,856.018,879.828,904.095,928.819,954.000,979.639,1005.734,1032.282,1059.282,1086.729,1114.620,1142.948,1171.708,1200.893,1230.494,1260.501,1290.905,1321.692,1352.849,1384.361,1416.212,1448.385,1480.858,1513.611,1546.620,1579.858,1613.300,1646.914,1680.668,1714.527,1748.455,1782.409,1816.348,1850.224,1883.989,1917.590,1950.969,1984.067,2016.819,2049.157,2081.008,2112.294,2142.935,2172.842,2201.923,2230.080,2257.210,2283.203,2307.942,2331.306,2353.164,2373.379,2391.807,2408.296,2422.683,2434.801,2444.469,2451.500,2455.696,2456.849,2454.738,2449.133,2439.792,2426.462,2408.874,2386.751,2359.802,2327.720,2290.191,2246.885,2197.465,2141.583,2078.886,2009.019,1931.631,1846.380,1752.949,1651.053,1540.460,1421.016,1292.665,1155.493,1009.756,855.923,694.713,527.119,354.414,178.131,0.000,0.000,0.000,0.000,0.000,0.000,0.000,0.000,0.000,0.000,0.000,0.000,0.000,0.000,0.000,0.000,0.000,0.000,0.000,0.000,0.000,0.000,0.000,0.000,0.000,0.000,0.000,0.000,0.000,0.000,0.000,0.000,0.000,0.000,0.000,0.000,0.000,0.000,0.000,0.000,0.000,0.000,0.000,0.000,0.000,0.000,32.000,63.617,94.487,124.287,152.743,179.636,204.801,228.122,249.528,268.979,286.467,302.006,315.626,327.369,337.287,345.438,351.885,356.692,359.926,361.655,361.944,360.860,358.470,354.836,350.023,344.091,337.101,329.110,320.175,310.351,299.692,288.250,276.075,263.217,249.723,235.639,221.011,205.881,190.294,174.291,157.913,141.199,124.189,106.922,89.435,71.766,53.951,36.028,18.032,0.000
0.000,6.649,13.307,19.981,26.680,33.409,40.177,46.991,53.857,60.783,67.776,74.845,81.996,89.236,96.573,104.013,111.566,119.238,127.036,134.968,143.043,151.266,159.647,168.191,176.907,185.804,194.887,204.167,213.649,223.342,233.253,243.392,253.764,264.380,275.245,286.369,297.759,309.423,321.369,333.606,346.141,358.982,372.138,385.616,399.424,413.571,428.064,442.911,458.120,473.699,489.656,505.998,522.733,539.869,557.413,575.372,593.753,612.564,631.812,651.502,671.642,692.239,713.297,734.824,756.824,779.303,802.267,825.719,849.663,874.105,899.047,924.492,950.443,976.903,1003.871,1031.349,1059.338,1087.837,1116.844,1146.358,1176.376,1206.894,1237.908,1269.411,1301.397,1333.859,1366.786,1400.169,1433.997,1468.255,1502.929,1538.003,1573.460,1609.278,1645.437,1681.913,1718.680,1755.711,1792.973,1830.436,1868.063,1905.816,1943.653,1981.531,2019.402,2057.215,2094.916,2132.446,2169.743,2206.741,2243.370,2279.553,2315.210,2350.257,2384.604,2418.154,2450.806,2482.451,2512.976,2542.259,2570.173,2596.582,2621.344,2644.306,2665.311,2684.190,2700.764,2714.849,2726.244,2734.744,2740.129,2742.168,2740.620,2735.229,2725.726,2711.829,2693.243,2669.655,2640.741,2606.159,2565.553,2518.550,2464.766,2403.800,2335.243,2258.676,2173.679,2079.832,1976.734,1864.008,1741.326,1608.432,1465.174,1311.550,1147.752,974.228,791.735,601.392,404.695,203.512,0.000,0.000,0.000,0.000,0.000,0.000,0.000,0.000,0.000,0.000,0.000,0.000,0.000,0.000,0.000,0.000,0.000,0.000,0.000,0.000,0.000,0.000,0.000,0.000,0.000,0.000,0.000,0.000,0.000,0.000,0.000,0.000,0.000,0.000,0.000,0.000,0.000,0.000,0.000,0.000,0.000,0.000,0.000,0.000,0.000,0.000,36.729,72.978,108.298,142.298,174.655,205.124,233.526,259.748,283.725,305.434,324.882,342.100,357.135,370.045,380.899,389.768,396.728,401.856,405.230,406.927,407.025,405.599,402.722,398.468,392.906,386.106,378.134,369.056,358.935,347.830,335.803,322.910,309.208,294.751,279.592,263.782,247.371,230.407,212.938,195.010,176.668,157.956,138.917,119.595,100.030,80.264,60.338,40.292,20.166,0.000
0.000,7.303,14.616,21.947,29.305,36.696,44.130,51.613,59.155,66.763,74.445,82.209,90.063,98.016,106.075,114.248,122.544,130.971,139.537,148.251,157.120,166.154,175.359,184.746,194.321,204.094,214.073,224.267,234.684,245.332,256.221,267.360,278.755,290.418,302.356,314.577,327.092,339.908,353.034,366.479,380.253,394.363,408.819,423.630,438.804,454.350,470.277,486.593,503.308,520.430,537.968,555.930,574.324,593.159,612.443,632.184,652.391,673.070,694.229,715.877,738.019,760.665,783.819,807.490,831.681,856.401,881.655,907.446,933.782,960.665,988.100,1016.090,1044.639,1073.748,1103.419,1133.654,1164.452,1195.813,1227.738,1260.222,1293.263,1326.858,1361.001,1395.688,1430.909,1466.657,1502.923,1539.694,1576.960,1614.704,1652.912,1691.567,1730.648,1770.134,1810.003,1850.228,1890.782,1931.633,1972.750,2014.095,2055.633,2097.319,2139.110,2180.958,2222.811,2264.613,2306.306,2347.826,2389.106,2430.073,2470.651,2510.757,2550.304,2589.200,2627.346,2664.638,2700.965,2736.209,2770.246,2802.945,2834.164,2863.759,2891.571,2917.437,2941.183,2962.625,2981.570,2997.813,3011.140,3021.322,3028.122,3031.287,3030.551,3025.637,3016.248,3002.076,2982.795,2958.064,2927.521,2890.788,2847.471,2797.151,2739.395,2673.750,2599.744,2516.892,2424.694,2322.648,2210.250,2087.015,1952.493,1806.291,1648.122,1477.843,1295.528,1101.546,896.645,682.041,459.478,231.227,0.000,0.000,0.000,0.000,0.000,0.000,0.000,0.000,0.000,0.000,0.000,0.000,0.000,0.000,0.000,0.000,0.000,0.000,0.000,0.000,0.000,0.000,0.000,0.000,0.000,0.000,0.000,0.000,0.000,0.000,0.000,0.000,0.000,0.000,0.000,0.000,0.000,0.000,0.000,0.000,0.000,0.000,0.000,0.000,0.000,0.000,41.939,83.270,123.434,161.955,198.462,232.683,264.439,293.626,320.200,344.160,365.538,384.387,400.778,414.790,426.507,436.018,443.414,448.786,452.222,453.812,453.643,451.799,448.364,443.418,437.040,429.304,420.287,410.058,398.688,386.243,372.789,358.390,343.106,326.997,310.122,292.535,274.292,255.446,236.048,216.149,195.799,175.045,153.934,132.514,110.829,88.925,66.846,44.637,22.340,0.000
0.000,7.954,15.919,23.903,31.917,39.967,48.063,56.214,64.427,72.714,81.080,89.536,98.091,106.753,115.530,124.433,133.469,142.648,151.978,161.469,171.130,180.970,190.997,201.221,211.652,222.298,233.168,244.273,255.620,267.221,279.083,291.217,303.632,316.338,329.343,342.659,356.293,370.256,384.558,399.208,414.216,429.590,445.342,461.481,478.016,494.957,512.314,530.095,548.312,566.972,586.086,605.663,625.711,646.241,667.262,688.781,710.808,733.351,756.419,780.020,804.162,828.853,854.100,879.910,906.291,933.249,960.790,988.920,1017.644,1046.968,1076.896,1107.431,1138.577,1170.336,1202.712,1235.705,1269.315,1303.543,1338.387,1373.847,1409.917,1446.595,1483.876,1521.753,1560.219,1599.265,1638.881,1679.054,1719.772,1761.020,1802.780,1845.034,1887.762,1930.940,1974.544,2018.545,2062.915,2107.620,2152.626,2197.893,2243.381,2289.045,2334.836,2380.704,2426.593,2472.443,2518.189,2563.765,2609.098,2654.108,2698.715,2742.829,2786.356,2829.196,2871.243,2912.385,2952.501,2991.466,3029.144,3065.393,3100.063,3132.994,3164.018,3192.957,3219.623,3243.817,3265.332,3283.945,3299.424,3311.524,3319.985,3324.535,3324.886,3320.736,3311.765,3297.638,3278.000,3252.478,3220.678,3182.185,3136.565,3083.356,3022.075,2952.213,2873.238,2784.590,2685.690,2575.937,2454.718,2321.418,2175.434,2016.208,1843.257,1656.240,1455.032,1239.831,1011.294,770.678,519.967,261.923,0.000,0.000,0.000,0.000,0.000,0.000,0.000,0.000,0.000,0.000,0.000,0.000,0.000,0.000,0.000,0.000,0.000,0.000,0.000,0.000,0.000,0.000,0.000,0.000,0.000,0.000,0.000,0.000,0.000,0.000,0.000,0.000,0.000,0.000,0.000,0.000,0.000,0.000,0.000,0.000,0.000,0.000,0.000,0.000,0.000,0.000,47.759,94.733,140.216,183.632,224.560,262.714,297.928,330.126,359.298,385.478,408.732,429.145,446.813,461.840,474.333,484.396,492.139,497.664,501.074,502.470,501.949,499.605,495.531,489.815,482.543,473.799,463.663,452.214,439.527,425.677,410.733,394.765,377.839,360.020,341.371,321.953,301.825,281.044,259.666,237.747,215.339,192.495,169.266,145.701,121.851,97.764,73.488,49.070,24.559,0.000
0.000,8.601,17.214,25.849,34.514,43.220,51.975,60.789,69.672,78.632,87.680,96.825,106.076,115.443,124.936,134.563,144.335,154.262,164.353,174.618,185.066,195.708,206.553,217.611,228.892,240.407,252.164,264.175,276.449,288.997,301.828,314.954,328.383,342.127,356.196,370.600,385.350,400.456,415.928,431.777,448.014,464.649,481.692,499.153,517.045,535.376,554.157,573.399,593.111,613.305,633.991,655.177,676.876,699.096,721.847,745.140,768.983,793.386,818.358,843.909,870.046,896.778,924.114,952.062,980.628,1009.822,1039.648,1070.114,1101.225,1132.988,1165.407,1198.486,1232.230,1266.641,1301.722,1337.474,1373.899,1410.997,1448.766,1487.205,1526.310,1566.079,1606.505,1647.582,1689.303,1731.658,1774.636,1818.226,1862.413,1907.181,1952.512,1998.387,2044.785,2091.679,2139.046,2186.854,2235.072,2283.666,2332.598,2381.827,2431.309,2480.998,2530.840,2580.782,2630.765,2680.723,2730.590,2780.293,2829.753,2878.888,2927.609,2975.822,3023.426,3070.314,3116.372,3161.480,3205.510,3248.325,3289.782,3329.728,3368.003,3404.435,3438.844,3471.040,3500.819,3527.972,3552.271,3573.482,3591.354,3605.624,3616.013,3622.230,3623.965,3620.893,3612.671,3598.936,3579.307,3553.380,3520.731,3480.908,3433.438,3377.816,3313.510,3239.958,3156.563,3062.693,2957.681,2840.827,2711.393,2568.618,2411.726,2239.944,2052.546,1848.906,1628.592,1391.506,1138.065,869.442,587.807,296.503,0.000,0.000,0.000,0.000,0.000,0.000,0.000,0.000,0.000,0.000,0.000,0.000,0.000,0.000,0.000,0.000,0.000,0.000,0.000,0.000,0.000,0.000,0.000,0.000,0.000,0.000,0.000,0.000,0.000,0.000,0.000,0.000,0.000,0.000,0.000,0.000,0.000,0.000,0.000,0.000,0.000,0.000,0.000,0.000,0.000,0.000,54.366,107.690,159.067,207.805,253.438,295.693,334.442,369.662,401.397,429.732,454.779,476.659,495.502,511.440,524.600,535.111,543.094,548.671,551.955,553.060,552.092,549.157,544.355,537.782,529.533,519.698,508.366,495.621,481.544,466.216,449.713,432.109,413.476,393.884,373.401,352.091,330.019,307.247,283.834,259.840,235.322,210.336,184.937,159.178,133.113,106.794,80.273,53.599,26.825,0.000
0.000,9.245,18.502,27.783,37.096,46.453,55.863,65.337,74.885,84.516,94.241,104.070,114.014,124.082,134.285,144.634,155.138,165.809,176.656,187.690,198.921,210.361,222.019,233.906,246.034,258.413,271.053,283.965,297.161,310.651,324.446,338.558,352.997,367.774,382.901,398.389,414.249,430.492,447.130,464.174,481.634,499.523,517.851,536.631,555.873,575.588,595.789,616.485,637.688,659.410,681.661,704.453,727.796,751.701,776.178,801.239,826.893,853.151,880.023,907.518,935.646,964.416,993.837,1023.918,1054.667,1086.092,1118.201,1151.000,1184.497,1218.697,1253.606,1289.229,1325.570,1362.632,1400.420,1438.934,1478.176,1518.146,1558.844,1600.267,1642.414,1685.280,1728.860,1773.147,1818.133,1863.809,1910.164,1957.185,2004.857,2053.164,2102.086,2151.605,2201.696,2252.335,2303.492,2355.138,2407.239,2459.759,2512.657,2565.892,2619.415,2673.178,2727.125,2781.199,2835.337,2889.471,2943.529,2997.433,3051.103,3104.448,3157.376,3209.786,3261.570,3312.616,3362.802,3412.001,3460.076,3506.882,3552.267,3596.068,3638.114,3678.223,3716.203,3751.851,3784.952,3815.281,3842.598,3866.650,3887.173,3903.884,3916.489,3924.675,3928.113,3926.456,3919.337,3906.370,3887.146,3861.234,3828.177,3787.492,3738.667,3681.156,3614.382,3537.728,3450.535,3352.100,3241.671,3118.440,2981.544,2830.063,2663.022,2479.402,2278.171,2058.326,1818.997,1559.595,1280.066,981.250,665.335,336.290,0.000,0.000,0.000,0.000,0.000,0.000,0.000,0.000,0.000,0.000,0.000,0.000,0.000,0.000,0.000,0.000,0.000,0.000,0.000,0.000,0.000,0.000,0.000,0.000,0.000,0.000,0.000,0.000,0.000,0.000,0.000,0.000,0.000,0.000,0.000,0.000,0.000,0.000,0.000,0.000,0.000,0.000,0.000,0.000,0.000,0.000,62.018,122.599,180.561,235.088,285.702,332.185,374.494,412.694,446.907,477.288,504.004,527.223,547.112,563.830,577.533,588.367,596.473,601.985,605.032,605.737,604.220,600.592,594.964,587.441,578.124,567.112,554.498,540.374,524.828,507.945,489.808,470.496,450.085,428.652,406.267,383.002,358.924,334.099,308.592,282.466,255.780,228.597,200.973,172.966,144.633,116.030,87.211,58.231,29.142,0.000
0.000,9.884,19.782,29.704,39.662,49.666,59.727,69.856,80.064,90.361,100.759,111.269,121.901,132.666,143.576,154.641,165.873,177.282,188.881,200.679,212.689,224.921,237.388,250.100,263.069,276.307,289.824,303.633,317.745,332.173,346.926,362.019,377.462,393.268,409.448,426.014,442.978,460.353,478.150,496.382,515.060,534.198,553.805,573.897,594.483,615.577,637.191,659.336,682.024,705.268,729.079,753.470,778.451,804.035,830.233,857.057,884.517,912.624,941.389,970.824,1000.938,1031.740,1063.242,1095.452,1128.380,1162.033,1196.422,1231.552,1267.431,1304.066,1341.464,1379.629,1418.567,1458.282,1498.776,1540.054,1582.115,1624.961,1668.592,1713.005,1758.199,1804.169,1850.911,1898.417,1946.680,1995.690,2045.435,2095.903,2147.078,2198.943,2251.478,2304.664,2358.475,2412.885,2467.864,2523.382,2579.401,2635.886,2692.793,2750.078,2807.692,2865.582,2923.691,2981.958,3040.317,3098.696,3157.020,3215.207,3273.172,3330.819,3388.051,3444.760,3500.836,3556.157,3610.596,3664.018,3716.278,3767.224,3816.694,3864.518,3910.512,3954.485,3996.234,4035.544,4072.187,4105.926,4136.506,4163.661,4187.108,4206.552,4221.678,4232.156,4237.637,4237.754,4232.118,4220.320,4201.925,4176.476,4143.488,4102.445,4052.801,3993.972,3925.337,3846.229,3755.933,3653.678,3538.627,3409.874,3266.427,3107.204,2931.021,2736.587,2522.510,2287.322,2029.552,1747.876,1441.406,1110.195,756.015,383.330,0.000,0.000,0.000,0.000,0.000,0.000,0.000,0.000,0.000,0.000,0.000,0.000,0.000,0.000,0.000,0.000,0.000,0.000,0.000,0.000,0.000,0.000,0.000,0.000,0.000,0.000,0.000,0.000,0.000,0.000,0.000,0.000,0.000,0.000,0.000,0.000,0.000,0.000,0.000,0.000,0.000,0.000,0.000,0.000,0.000,0.000,71.109,140.129,205.496,266.290,322.104,372.860,418.667,459.723,496.261,528.523,556.740,581.132,601.906,619.252,633.350,644.368,652.462,657.781,660.468,660.656,658.474,654.045,647.486,638.911,628.428,616.143,602.156,586.565,569.464,550.944,531.092,509.994,487.731,464.383,440.027,414.738,388.586,361.644,333.979,305.658,276.745,247.304,217.398,187.086,156.429,125.485,94.314,62.971,31.514,0.000
0.000,10.519,21.052,31.612,42.209,52.856,63.564,74.344,85.207,96.166,107.233,118.418,129.733,141.190,152.802,164.579,176.533,188.677,201.022,213.580,226.363,239.383,252.653,266.184,279.989,294.081,308.470,323.169,338.193,353.552,369.259,385.326,401.768,418.595,435.822,453.460,471.523,490.023,508.974,528.387,548.278,568.657,589.538,610.935,632.860,655.326,678.346,701.933,726.100,750.859,776.224,802.207,828.821,856.077,883.990,912.570,941.829,971.780,1002.434,1033.803,1065.897,1098.727,1132.304,1166.639,1201.741,1237.619,1274.282,1311.740,1349.999,1389.067,1428.951,1469.658,1511.192,1553.558,1596.761,1640.803,1685.685,1731.411,1777.978,1825.386,1873.633,1922.715,1972.628,2023.363,2074.914,2127.270,2180.420,2234.351,2289.047,2344.490,2400.661,2457.538,2515.095,2573.306,2632.140,2691.563,2751.539,2812.030,2872.990,2934.374,2996.130,3058.203,3120.534,3183.058,3245.706,3308.404,3371.074,3433.628,3495.977,3558.023,3619.661,3680.781,3741.264,3800.984,3859.808,3917.592,3974.186,4029.430,4083.153,4135.174,4185.304,4233.339,4279.066,4322.259,4362.680,4400.075,4434.179,4464.712,4491.375,4513.857,4531.828,4544.939,4552.824,4555.096,4551.346,4541.142,4524.027,4499.519,4467.106,4426.244,4376.354,4316.820,4246.981,4166.126,4073.490,3968.240,3849.466,3716.169,3567.242,3401.450,3217.405,3013.538,2788.070,2538.997,2264.098,1961.022,1627.543,1262.148,865.224,441.025,0.000,0.000,0.000,0.000,0.000,0.000,0.000,0.000,0.000,0.000,0.000,0.000,0.000,0.000,0.000,0.000,0.000,0.000,0.000,0.000,0.000,0.000,0.000,0.000,0.000,0.000,0.000,0.000,0.000,0.000,0.000,0.000,0.000,0.000,0.000,0.000,0.000,0.000,0.000,0.000,0.000,0.000,0.000,0.000,0.000,0.000,82.291,161.316,235.011,302.481,363.572,418.494,467.601,511.282,549.906,583.816,613.315,638.676,660.144,677.940,692.266,703.309,711.243,716.229,718.421,717.964,714.995,709.646,702.043,692.306,680.553,666.893,651.435,634.283,615.536,595.290,573.639,550.672,526.477,501.137,474.734,447.347,419.052,389.923,360.032,329.451,298.246,266.485,234.234,201.556,168.515,135.172,101.589,67.826,33.943,0.000
0.000,11.149,22.313,33.506,44.738,56.022,67.371,78.797,90.312,101.928,113.657,125.513,137.506,149.651,161.959,174.442,187.114,199.987,213.073,226.385,239.936,253.739,267.806,282.151,296.786,311.725,326.980,342.565,358.494,374.778,391.432,408.469,425.902,443.745,462.012,480.716,499.871,519.490,539.587,560.176,581.271,602.886,625.033,647.729,670.985,694.816,719.235,744.257,769.895,796.164,823.075,850.644,878.883,907.806,937.425,967.755,998.808,1030.596,1063.132,1096.428,1130.497,1165.349,1200.997,1237.451,1274.722,1312.820,1351.754,1391.535,1432.171,1473.669,1516.038,1559.284,1603.413,1648.430,1694.341,1741.149,1788.855,1837.462,1886.970,1937.378,1988.685,2040.886,2093.977,2147.952,2202.802,2258.518,2315.089,2372.499,2430.734,2489.777,2549.606,2610.199,2671.531,2733.572,2796.293,2859.659,2923.631,2988.170,3053.230,3118.762,3184.714,3251.028,3317.643,3384.491,3451.502,3518.597,3585.694,3652.704,3719.533,3786.077,3852.230,3917.874,3982.887,4047.137,4110.483,4172.777,4233.862,4293.568,4351.718,4408.124,4462.586,4514.892,4564.817,4612.127,4656.570,4697.882,4735.785,4769.984,4800.169,4826.013,4847.169,4863.273,4873.942,4878.770,4877.330,4869.168,4853.808,4830.744,4799.440,4759.328,4709.801,4650.214,4579.871,4498.027,4403.872,4296.525,4175.016,4038.272,3885.090,3714.107,3523.757,3312.221,3077.355,2816.604,2526.913,2204.649,1845.657,1445.678,1001.733,515.558,0.000,0.000,0.000,0.000,0.000,0.000,0.000,0.000,0.000,0.000,0.000,0.000,0.000,0.000,0.000,0.000,0.000,0.000,0.000,0.000,0.000,0.000,0.000,0.000,0.000,0.000,0.000,0.000,0.000,0.000,0.000,0.000,0.000,0.000,0.000,0.000,0.000,0.000,0.000,0.000,0.000,0.000,0.000,0.000,0.000,0.000,96.742,187.838,270.755,345.060,411.220,469.955,521.976,567.909,608.282,643.536,674.045,700.131,722.072,740.115,754.484,765.380,772.991,777.491,779.044,777.803,773.915,767.521,758.753,747.739,734.602,719.461,702.429,683.614,663.124,641.059,617.518,592.595,566.382,538.969,510.439,480.877,450.363,418.974,386.787,353.876,320.311,286.165,251.503,216.396,180.907,145.103,109.047,72.803,36.433,0.000
0.000,11.774,23.564,35.384,47.246,59.163,71.148,83.214,95.375,107.642,120.030,132.551,145.217,158.044,171.042,184.227,197.610,211.206,225.028,239.088,253.402,267.981,282.840,297.992,313.452,329.232,345.347,361.811,378.638,395.841,413.435,431.435,449.853,468.706,488.006,507.768,528.008,548.739,569.976,591.733,614.026,636.868,660.275,684.261,708.841,734.029,759.841,786.291,813.393,841.162,869.613,898.760,928.616,959.198,990.518,1022.590,1055.428,1089.047,1123.458,1158.676,1194.712,1231.580,1269.292,1307.860,1347.295,1387.607,1428.809,1470.909,1513.917,1557.842,1602.692,1648.476,1695.198,1742.866,1791.485,1841.059,1891.591,1943.083,1995.535,2048.948,2103.319,2158.647,2214.926,2272.150,2330.311,2389.400,2449.405,2510.313,2572.107,2634.770,2698.280,2762.616,2827.750,2893.654,2960.296,3027.641,3095.651,3164.282,3233.489,3303.222,3373.425,3444.041,3515.005,3586.247,3657.695,3729.267,3800.878,3872.436,3943.843,4014.992,4085.771,4156.060,4225.730,4294.645,4362.659,4429.617,4495.354,4559.696,4622.458,4683.443,4742.442,4799.236,4853.591,4905.261,4953.984,4999.485,5041.475,5079.644,5113.671,5143.214,5167.912,5187.387,5201.237,5209.041,5210.353,5204.702,5191.593,5170.500,5140.866,5102.100,5053.574,4994.616,4924.507,4842.472,4747.670,4639.184,4516.004,4377.005,4220.919,4046.297,3851.449,3634.376,3392.652,3123.267,2822.399,2485.088,2104.826,1673.223,1180.506,619.483,0.000,0.000,0.000,0.000,0.000,0.000,0.000,0.000,0.000,0.000,0.000,0.000,0.000,0.000,0.000,0.000,0.000,0.000,0.000,0.000,0.000,0.000,0.000,0.000,0.000,0.000,0.000,0.000,0.000,0.000,0.000,0.000,0.000,0.000,0.000,0.000,0.000,0.000,0.000,0.000,0.000,0.000,0.000,0.000,0.000,0.000,116.844,222.546,315.118,395.793,466.304,528.140,582.452,630.112,671.791,708.016,739.217,765.748,787.916,805.985,820.193,830.756,837.871,841.722,842.480,840.310,835.364,827.791,817.729,805.315,790.678,773.940,755.223,734.642,712.306,688.323,662.796,635.825,607.506,577.932,547.192,515.374,482.561,448.836,414.278,378.964,342.969,306.366,269.227,231.622,193.620,155.290,116.696,77.906,38.986,0.000
0.000,12.393,24.804,37.245,49.731,62.276,74.892,87.594,100.394,113.308,126.348,139.528,152.862,166.364,180.048,193.928,208.017,222.330,236.881,251.684,266.753,282.102,297.747,313.700,329.978,346.593,363.561,380.897,398.616,416.731,435.259,454.213,473.610,493.464,513.790,534.604,555.921,577.756,600.125,623.043,646.525,670.587,695.246,720.515,746.411,772.949,800.145,828.014,856.571,885.834,915.816,946.532,977.999,1010.231,1043.243,1077.050,1111.667,1147.108,1183.388,1220.519,1258.517,1297.393,1337.163,1377.838,1419.430,1461.952,1505.415,1549.830,1595.206,1641.554,1688.883,1737.201,1786.515,1836.833,1888.159,1940.500,1993.858,2048.236,2103.636,2160.058,2217.501,2275.962,2335.437,2395.921,2457.404,2519.880,2583.335,2647.757,2713.128,2779.433,2846.649,2914.753,2983.719,3053.518,3124.117,3195.480,3267.568,3340.337,3413.741,3487.727,3562.240,3637.220,3712.600,3788.309,3864.270,3940.403,4016.618,4092.819,4168.906,4244.769,4320.292,4395.350,4469.810,4543.532,4616.363,4688.144,4758.704,4827.862,4895.426,4961.192,5024.945,5086.454,5145.478,5201.762,5255.034,5305.009,5351.384,5393.840,5432.043,5465.638,5494.250,5517.486,5534.931,5546.147,5550.673,5548.022,5537.681,5519.106,5491.722,5454.922,5408.058,5350.439,5281.328,5199.931,5105.388,4996.763,4873.025,4733.027,4575.476,4398.889,4201.533,3981.334,3735.747,3461.535,3154.437,2808.571,2415.411,1961.938,1427.620,781.882,0.000,0.000,0.000,0.000,0.000,0.000,0.000,0.000,0.000,0.000,0.000,0.000,0.000,0.000,0.000,0.000,0.000,0.000,0.000,0.000,0.000,0.000,0.000,0.000,0.000,0.000,0.000,0.000,0.000,0.000,0.000,0.000,0.000,0.000,0.000,0.000,0.000,0.000,0.000,0.000,0.000,0.000,0.000,0.000,0.000,0.000,148.090,270.389,371.388,456.701,530.075,593.864,649.595,698.312,740.770,777.540,809.076,835.750,857.878,875.736,889.570,899.602,906.037,909.066,908.869,905.614,899.464,890.571,879.082,865.138,848.874,830.421,809.904,787.444,763.155,737.150,709.538,680.422,649.902,618.077,585.039,550.880,515.687,479.545,442.537,404.744,366.244,327.112,287.424,247.252,206.668,165.743,124.544,83.143,41.605,0.000
0.000,13.007,26.032,39.090,52.194,65.360,78.601,91.932,105.367,118.921,132.607,146.441,160.436,174.608,188.971,203.540,218.329,233.353,248.626,264.165,279.984,296.097,312.520,329.268,346.356,363.799,381.613,399.814,418.417,437.438,456.891,476.793,497.161,518.009,539.354,561.211,583.597,606.528,630.021,654.091,678.755,704.029,729.930,756.473,783.677,811.556,840.127,869.407,899.412,930.158,961.663,993.941,1027.009,1060.883,1095.579,1131.113,1167.499,1204.755,1242.894,1281.931,1321.882,1362.761,1404.581,1447.356,1491.100,1535.825,1581.543,1628.267,1676.007,1724.773,1774.577,1825.426,1877.329,1930.294,1984.327,2039.435,2095.620,2152.887,2211.238,2270.673,2331.193,2392.794,2455.473,2519.225,2584.044,2649.919,2716.839,2784.792,2853.761,2923.729,2994.675,3066.574,3139.402,3213.128,3287.719,3363.140,3439.349,3516.303,3593.954,3672.249,3751.130,3830.538,3910.402,3990.652,4071.208,4151.987,4232.897,4313.841,4394.714,4475.404,4555.791,4635.746,4715.134,4793.808,4871.613,4948.382,5023.941,5098.102,5170.666,5241.424,5310.151,5376.612,5440.556,5501.717,5559.817,5614.559,5665.631,5712.704,5755.429,5793.440,5826.352,5853.756,5875.225,5890.306,5898.524,5899.376,5892.336,5876.843,5852.310,5818.112,5773.589,5718.037,5650.708,5570.797,5477.439,5369.693,5246.532,5106.816,4949.270,4772.439,4574.633,4353.844,4107.613,3832.825,3525.359,3179.449,2786.393,2331.565,1786.196,1080.444,0.000,0.000,0.000,0.000,0.000,0.000,0.000,0.000,0.000,0.000,0.000,0.000,0.000,0.000,0.000,0.000,0.000,0.000,0.000,0.000,0.000,0.000,0.000,0.000,0.000,0.000,0.000,0.000,0.000,0.000,0.000,0.000,0.000,0.000,0.000,0.000,0.000,0.000,0.000,0.000,0.000,0.000,0.000,0.000,0.000,0.000,205.134,339.539,443.353,529.559,603.444,667.660,723.767,772.788,815.455,852.317,883.817,910.318,932.133,949.535,962.772,972.068,977.633,979.661,978.339,973.839,966.330,955.970,942.912,927.303,909.284,888.990,866.552,842.095,815.741,787.606,757.804,726.441,693.624,659.452,624.025,587.435,549.775,511.133,471.595,431.243,390.160,348.424,306.112,263.301,220.063,176.472,132.600,88.517,44.294,0.000
0.000,13.615,27.248,40.916,54.633,68.414,82.274,96.228,110.291,124.479,138.805,153.286,167.936,182.772,197.807,213.058,228.540,244.268,260.258,276.526,293.087,309.956,327.151,344.686,362.577,380.841,399.495,418.553,438.032,457.950,478.321,499.164,520.493,542.327,564.682,587.574,611.022,635.041,659.649,684.862,710.699,737.176,764.310,792.120,820.621,849.832,879.770,910.451,941.894,974.116,1007.133,1040.964,1075.624,1111.131,1147.501,1184.752,1222.900,1261.961,1301.952,1342.887,1384.783,1427.655,1471.517,1516.385,1562.273,1609.194,1657.162,1706.188,1756.286,1807.466,1859.739,1913.116,1967.606,2023.216,2079.955,2137.828,2196.841,2256.998,2318.302,2380.754,2444.355,2509.102,2574.994,2642.025,2710.188,2779.476,2849.877,2921.378,2993.964,3067.617,3142.317,3218.039,3294.758,3372.445,3451.065,3530.582,3610.956,3692.142,3774.091,3856.750,3940.061,4023.962,4108.382,4193.249,4278.482,4363.995,4449.695,4535.482,4621.250,4706.882,4792.257,4877.244,4961.700,5045.477,5128.415,5210.344,5291.083,5370.439,5448.209,5524.176,5598.109,5669.764,5738.885,5805.197,5868.413,5928.227,5984.318,6036.346,6083.951,6126.758,6164.367,6196.360,6222.295,6241.707,6254.109,6258.984,6255.791,6243.961,6222.891,6191.946,6150.456,6097.710,6032.954,5955.384,5864.138,5758.289,5636.831,5498.662,5342.562,5167.163,4970.904,4751.968,4508.195,4236.936,3934.854,3597.583,3219.243,2791.807,2305.211,1753.723,1180.182,930.740,795.348,706.409,639.046,582.765,532.553,485.756,440.856,396.943,353.453,310.036,266.485,222.689,178.607,134.243,89.640,44.865,0.000,0.000,0.000,0.000,0.000,0.000,0.000,0.000,0.000,0.000,0.000,0.000,0.000,0.000,0.000,11.796,23.583,35.361,47.139,58.955,70.885,83.072,95.773,109.465,125.073,144.566,172.647,222.137,332.911,439.290,532.938,614.752,686.496,749.582,805.042,853.640,895.962,932.479,963.579,989.596,1010.823,1027.523,1039.937,1048.290,1052.789,1053.633,1051.011,1045.100,1036.072,1024.093,1009.319,991.904,971.992,949.726,925.241,898.667,870.131,839.752,807.650,773.935,738.718,702.102,664.189,625.077,584.861,543.632,501.478,458.486,414.740,370.322,325.310,279.783,233.818,187.488,140.869,94.033,47.053,0.000
0.000,14.216,28.452,42.723,57.046,71.436,85.908,100.479,115.164,129.978,144.938,160.059,175.358,190.850,206.551,222.477,238.645,255.070,271.770,288.759,306.055,323.674,341.632,359.947,378.634,397.712,417.196,437.103,457.451,478.258,499.539,521.313,543.596,566.407,589.764,613.682,638.182,663.279,688.993,715.341,742.342,770.012,798.371,827.436,857.226,887.759,919.053,951.127,983.998,1017.685,1052.206,1087.578,1123.821,1160.951,1198.986,1237.945,1277.845,1318.702,1360.534,1403.357,1447.189,1492.046,1537.943,1584.895,1632.919,1682.029,1732.238,1783.561,1836.010,1889.598,1944.337,2000.236,2057.308,2115.561,2175.002,2235.640,2297.480,2360.528,2424.787,2490.260,2556.946,2624.846,2693.958,2764.277,2835.796,2908.509,2982.405,3057.472,3133.693,3211.053,3289.531,3369.104,3449.744,3531.424,3614.109,3697.764,3782.346,3867.812,3954.112,4041.192,4128.994,4217.454,4306.503,4396.064,4486.057,4576.394,4666.981,4757.715,4848.489,4939.184,5029.674,5119.827,5209.497,5298.532,5386.769,5474.033,5560.138,5644.888,5728.074,5809.473,5888.847,5965.949,6040.512,6112.256,6180.885,6246.086,6307.527,6364.859,6417.715,6465.706,6508.423,6545.436,6576.292,6600.516,6617.605,6627.035,6628.251,6620.673,6603.690,6576.658,6538.900,6489.703,6428.314,6353.933,6265.715,6162.757,6044.091,5908.675,5755.377,5582.958,5390.048,5175.115,4936.430,4672.027,4379.674,4056.912,3701.293,3311.299,2889.187,2449.107,2036.306,1747.462,1544.273,1391.264,1267.030,1159.480,1061.708,969.627,880.739,793.476,706.841,620.213,533.222,445.672,357.498,268.728,179.454,89.821,0.000,0.000,0.000,0.000,0.000,0.000,0.000,0.000,0.000,0.000,0.000,0.000,0.000,0.000,0.000,23.600,47.178,70.720,94.241,117.798,141.516,165.631,190.558,217.016,246.263,280.548,323.892,382.995,465.092,551.785,634.368,710.028,778.223,839.148,893.198,940.786,982.297,1018.079,1048.447,1073.687,1094.064,1109.822,1121.191,1128.391,1131.627,1131.100,1126.998,1119.504,1108.793,1095.036,1078.394,1059.026,1037.082,1012.707,986.044,957.226,926.385,893.646,859.130,822.954,785.231,746.068,705.571,663.842,620.976,577.070,532.213,486.496,440.005,392.822,345.032,296.712,247.942,198.799,149.359,99.696,49.885,0.000
0.000,14.811,29.642,44.510,59.432,74.424,89.502,104.682,119.982,135.417,151.003,166.758,182.698,198.839,215.198,231.793,248.639,265.754,283.155,300.859,318.882,337.242,355.957,375.043,394.519,414.401,434.707,455.456,476.664,498.350,520.533,543.229,566.458,590.237,614.585,639.521,665.063,691.230,718.040,745.513,773.666,802.520,832.094,862.405,893.474,925.318,957.959,991.414,1025.703,1060.845,1096.858,1133.763,1171.577,1210.319,1250.010,1290.666,1332.306,1374.950,1418.613,1463.315,1509.074,1555.905,1603.827,1652.855,1703.007,1754.296,1806.740,1860.351,1915.145,1971.134,2028.332,2086.750,2146.400,2207.290,2269.432,2332.833,2397.500,2463.438,2530.654,2599.148,2668.925,2739.983,2812.321,2885.936,2960.822,3036.973,3114.378,3193.026,3272.903,3353.992,3436.272,3519.721,3604.313,3690.020,3776.807,3864.638,3953.473,4043.267,4133.971,4225.530,4317.885,4410.972,4504.721,4599.056,4693.894,4789.147,4884.718,4980.506,5076.399,5172.277,5268.013,5363.470,5458.503,5552.955,5646.659,5739.437,5831.101,5921.448,6010.265,6097.324,6182.385,6265.190,6345.468,6422.933,6497.281,6568.191,6635.323,6698.320,6756.804,6810.379,6858.624,6901.101,6937.345,6966.870,6989.163,7003.690,7009.886,7007.161,6994.897,6972.443,6939.120,6894.214,6836.976,6766.621,6682.321,6583.208,6468.363,6336.819,6187.549,6019.467,5831.424,5622.208,5390.564,5135.231,4855.055,4549.230,4217.840,3863.010,3491.220,3117.283,2768.535,2478.578,2243.062,2047.385,1878.362,1726.449,1585.197,1450.330,1319.019,1189.396,1060.239,930.769,800.527,669.288,536.994,403.720,269.632,134.966,0.000,0.000,0.000,0.000,0.000,0.000,0.000,0.000,0.000,0.000,0.000,0.000,0.000,0.000,0.000,35.429,70.809,106.103,141.310,176.481,211.753,247.383,283.818,321.782,362.421,407.476,459.387,520.868,592.687,668.402,742.737,812.786,877.236,935.610,987.838,1034.031,1074.383,1109.117,1138.468,1162.669,1181.950,1196.536,1206.643,1212.482,1214.258,1212.168,1206.404,1197.152,1184.589,1168.891,1150.225,1128.752,1104.628,1078.005,1049.027,1017.834,984.562,949.340,912.293,873.543,833.204,791.389,748.206,703.760,658.150,611.473,563.824,515.294,465.972,415.942,365.291,314.098,262.446,210.412,158.074,105.509,52.793,0.000
0.000,15.398,30.818,46.276,61.790,77.377,93.053,108.836,124.743,140.791,156.997,173.378,189.951,206.734,223.745,241.000,258.517,276.314,294.409,312.818,331.561,350.655,370.117,389.967,410.221,430.899,452.020,473.600,495.660,518.217,541.291,564.901,589.065,613.803,639.134,665.077,691.652,718.878,746.774,775.361,804.658,834.685,865.462,897.008,929.345,962.491,996.467,1031.292,1066.988,1103.573,1141.068,1179.493,1218.868,1259.213,1300.546,1342.889,1386.260,1430.678,1476.162,1522.733,1570.407,1619.203,1669.140,1720.234,1772.503,1825.964,1880.633,1936.525,1993.655,2052.039,2111.689,2172.619,2234.841,2298.366,2363.204,2429.365,2496.857,2565.685,2635.858,2707.377,2780.246,2854.467,2930.038,3006.956,3085.219,3164.819,3245.748,3327.994,3411.544,3496.382,3582.488,3669.840,3758.414,3848.180,3939.105,4031.154,4124.286,4218.456,4313.617,4409.712,4506.683,4604.466,4702.989,4802.176,4901.945,5002.207,5102.864,5203.811,5304.938,5406.123,5507.236,5608.141,5708.687,5808.716,5908.059,6006.536,6103.952,6200.105,6294.774,6387.729,6478.723,6567.496,6653.769,6737.250,6817.629,6894.578,6967.751,7036.780,7101.282,7160.849,7215.055,7263.448,7305.556,7340.883,7368.907,7389.082,7400.838,7403.574,7396.666,7379.459,7351.272,7311.393,7259.082,7193.565,7114.041,7019.677,6909.610,6782.950,6638.780,6476.172,6294.192,6091.936,5868.576,5623.455,5356.247,5067.262,4757.957,4431.796,4095.501,3760.359,3442.048,3155.322,2902.072,2676.901,2472.631,2282.799,2102.338,1927.508,1755.640,1584.878,1413.970,1242.113,1068.847,893.970,717.481,539.532,360.393,180.413,0.000,0.000,0.000,0.000,0.000,0.000,0.000,0.000,0.000,0.000,0.000,0.000,0.000,0.000,0.000,47.310,94.526,141.575,188.416,235.069,281.635,328.336,375.553,423.879,474.170,527.559,585.324,648.414,716.401,786.414,855.406,921.163,982.343,1038.239,1088.533,1133.141,1172.111,1205.564,1233.664,1256.597,1274.560,1287.756,1296.391,1300.666,1300.784,1296.941,1289.330,1278.139,1263.552,1245.745,1224.891,1201.157,1174.703,1145.685,1114.252,1080.549,1044.715,1006.884,967.185,925.743,882.676,838.100,792.126,744.861,696.407,646.865,596.331,544.899,492.657,439.696,386.100,331.954,277.338,222.334,167.020,111.476,55.777,0.000
0.000,15.979,31.979,48.020,64.119,80.293,96.560,112.938,129.445,146.098,162.915,179.915,197.114,214.532,232.185,250.093,268.273,286.744,305.524,324.632,344.085,363.903,384.105,404.709,425.734,447.199,469.124,491.528,514.429,537.848,561.805,586.318,611.408,637.094,663.397,690.337,717.934,746.209,775.181,804.871,835.300,866.489,898.459,931.229,964.822,999.257,1034.557,1070.741,1107.832,1145.849,1184.814,1224.748,1265.672,1307.606,1350.571,1394.589,1439.678,1485.859,1533.153,1581.581,1631.159,1681.909,1733.850,1787.000,1841.377,1896.999,1953.883,2012.047,2071.506,2132.275,2194.371,2257.806,2322.594,2388.747,2456.277,2525.195,2595.508,2667.226,2740.354,2814.899,2890.864,2968.250,3047.059,3127.290,3208.938,3291.998,3376.463,3462.322,3549.563,3638.171,3728.126,3819.408,3911.992,4005.849,4100.949,4197.255,4294.729,4393.324,4492.993,4593.683,4695.333,4797.878,4901.250,5005.371,5110.158,5215.521,5321.363,5427.580,5534.057,5640.673,5747.298,5853.793,5960.005,6065.776,6170.933,6275.294,6378.663,6480.831,6581.578,6680.667,6777.849,6872.858,6965.411,7055.210,7141.941,7225.266,7304.836,7380.274,7451.190,7517.168,7577.773,7632.545,7681.004,7722.643,7756.932,7783.318,7801.219,7810.030,7809.120,7797.831,7775.479,7741.357,7694.730,7634.842,7560.914,7472.149,7367.737,7246.861,7108.710,6952.492,6777.467,6582.984,6368.554,6133.952,5879.390,5605.771,5315.072,5010.847,4698.745,4386.708,4084.068,3798.671,3533.074,3285.583,3052.518,2829.831,2613.894,2401.764,2191.191,1980.538,1768.677,1554.891,1338.798,1120.280,899.440,676.545,451.998,226.296,0.000,0.000,0.000,0.000,0.000,0.000,0.000,0.000,0.000,0.000,0.000,0.000,0.000,0.000,0.000,59.283,118.414,177.257,235.715,293.747,351.388,408.780,466.187,524.019,582.832,643.276,705.947,771.077,838.103,905.465,971.330,1034.134,1092.757,1146.491,1194.938,1237.915,1275.382,1307.392,1334.056,1355.523,1371.965,1383.569,1390.528,1393.039,1391.301,1385.512,1375.866,1362.555,1345.765,1325.677,1302.469,1276.313,1247.372,1215.808,1181.776,1145.422,1106.892,1066.323,1023.846,979.592,933.680,886.231,837.357,787.169,735.772,683.267,629.753,575.325,520.076,464.096,407.471,350.286,292.626,234.571,176.202,117.599,58.839,0.000
0.000,16.551,33.125,49.741,66.416,83.170,100.021,116.986,134.085,151.335,168.756,186.366,204.183,222.227,240.515,259.067,277.901,297.038,316.495,336.291,356.447,376.981,397.913,419.262,441.048,463.291,486.011,509.228,532.962,557.232,582.061,607.467,633.472,660.097,687.362,715.288,743.896,773.208,803.244,834.027,865.577,897.916,931.066,965.049,999.886,1035.599,1072.210,1109.741,1148.214,1187.650,1228.073,1269.504,1311.963,1355.475,1400.059,1445.738,1492.534,1540.466,1589.558,1639.829,1691.301,1743.993,1797.926,1853.120,1909.593,1967.366,2026.456,2086.881,2148.658,2211.805,2276.337,2342.269,2409.617,2478.392,2548.609,2620.279,2693.410,2768.014,2844.098,2921.668,3000.729,3081.285,3163.337,3246.885,3331.926,3418.457,3506.470,3595.957,3686.906,3779.302,3873.129,3968.365,4064.988,4162.970,4262.280,4362.883,4464.741,4567.809,4672.040,4777.381,4883.772,4991.149,5099.443,5208.578,5318.469,5429.029,5540.158,5651.751,5763.696,5875.870,5988.142,6100.371,6212.406,6324.083,6435.232,6545.666,6655.188,6763.588,6870.640,6976.107,7079.734,7181.252,7280.376,7376.801,7470.207,7560.254,7646.583,7728.814,7806.548,7879.364,7946.816,8008.439,8063.742,8112.213,8153.311,8186.475,8211.116,8226.622,8232.355,8227.654,8211.835,8184.189,8143.991,8090.496,8022.948,7940.579,7842.625,7728.333,7596.976,7447.876,7280.440,7094.207,6888.916,6664.609,6421.773,6161.529,5885.871,5597.916,5302.051,5003.777,4708.949,4422.313,4146.056,3879.916,3622.096,3370.173,3121.698,2874.511,2626.865,2377.445,2125.342,1870.006,1611.195,1348.934,1083.467,815.221,544.765,272.775,0.000,0.000,0.000,0.000,0.000,0.000,0.000,0.000,0.000,0.000,0.000,0.000,0.000,0.000,0.000,71.411,142.591,213.329,283.446,352.820,421.398,489.216,556.404,623.189,689.874,756.779,824.124,891.858,959.484,1026.032,1090.335,1151.307,1208.083,1260.055,1306.838,1348.225,1384.138,1414.594,1439.674,1459.505,1474.241,1484.058,1489.144,1489.692,1485.903,1477.973,1466.102,1450.482,1431.307,1408.762,1383.029,1354.283,1322.696,1288.432,1251.650,1212.502,1171.137,1127.695,1082.313,1035.122,986.247,935.810,883.926,830.708,776.263,720.695,664.105,606.589,548.241,489.152,429.411,369.104,308.316,247.129,185.623,123.881,61.980,0.000
0.000,17.115,34.255,51.437,68.682,86.007,103.433,120.977,138.660,156.500,174.516,192.728,211.155,229.816,248.730,267.917,287.398,307.190,327.315,347.792,368.640,389.881,411.533,433.618,456.156,479.167,502.672,526.691,551.247,576.359,602.049,628.338,655.248,682.799,711.014,739.915,769.523,799.861,830.950,862.812,895.471,928.949,963.267,998.450,1034.518,1071.496,1109.405,1148.270,1188.113,1228.956,1270.823,1313.736,1357.719,1402.794,1448.984,1496.312,1544.800,1594.471,1645.346,1697.449,1750.800,1805.422,1861.335,1918.560,1977.118,2037.030,2098.314,2160.989,2225.075,2290.589,2357.548,2425.969,2495.868,2567.259,2640.155,2714.571,2790.517,2868.004,2947.040,3027.635,3109.793,3193.520,3278.818,3365.688,3454.130,3544.140,3635.713,3728.840,3823.513,3919.717,4017.436,4116.652,4217.342,4319.479,4423.033,4527.972,4634.257,4741.846,4850.690,4960.738,5071.933,5184.210,5297.500,5411.728,5526.811,5642.660,5759.177,5876.258,5993.789,6111.646,6229.701,6347.811,6465.823,6583.575,6700.894,6817.593,6933.471,7048.319,7161.908,7273.998,7384.332,7492.638,7598.626,7701.989,7802.402,7899.520,7992.978,8082.392,8167.356,8247.441,8322.197,8391.150,8453.801,8509.629,8558.088,8598.606,8630.588,8653.413,8666.439,8668.999,8660.405,8639.950,8606.912,8560.555,8500.137,8424.917,8334.162,8227.166,8103.265,7961.863,7802.465,7624.727,7428.518,7214.006,6981.759,6732.880,6469.135,6193.049,5907.907,5617.529,5325.755,5035.682,4749.016,4466.013,4185.855,3907.139,3628.278,3347.774,3064.362,2777.079,2485.280,2188.627,1887.070,1580.815,1270.291,956.119,639.072,320.043,0.000,0.000,0.000,0.000,0.000,0.000,0.000,0.000,0.000,0.000,0.000,0.000,0.000,0.000,0.000,83.771,167.216,250.025,331.925,412.694,492.177,570.291,647.034,722.471,796.710,869.856,941.927,1012.766,1081.963,1148.864,1212.694,1272.698,1328.238,1378.834,1424.162,1464.036,1498.380,1527.202,1550.573,1568.612,1581.468,1589.312,1592.330,1590.719,1584.678,1574.411,1560.118,1542.000,1520.254,1495.069,1466.634,1435.129,1400.730,1363.606,1323.921,1281.831,1237.487,1191.036,1142.617,1092.363,1040.402,986.859,931.852,875.495,817.898,759.166,699.400,638.700,577.161,514.874,451.929,388.413,324.412,260.009,195.286,130.323,65.202,0.000
0.000,17.672,35.368,53.109,70.914,88.803,106.795,124.910,143.168,161.589,180.192,198.997,218.024,237.294,256.825,276.639,296.756,317.195,337.979,359.126,380.657,402.594,424.958,447.769,471.048,494.816,519.096,543.909,569.275,595.218,621.758,648.918,676.721,705.188,734.342,764.205,794.801,826.153,858.282,891.212,924.967,959.570,995.044,1031.412,1068.699,1106.928,1146.123,1186.308,1227.506,1269.742,1313.040,1357.422,1402.914,1449.539,1497.321,1546.283,1596.450,1647.844,1700.490,1754.410,1809.627,1866.165,1924.044,1983.288,2043.918,2105.955,2169.421,2234.335,2300.718,2368.588,2437.964,2508.864,2581.304,2655.302,2730.871,2808.026,2886.780,2967.146,3049.132,3132.748,3218.003,3304.901,3393.447,3483.644,3575.492,3668.989,3764.131,3860.912,3959.324,4059.353,4160.985,4264.203,4368.986,4475.308,4583.141,4692.453,4803.207,4915.361,5028.871,5143.683,5259.742,5376.986,5495.345,5614.746,5735.107,5856.339,5978.346,6101.022,6224.256,6347.925,6471.898,6596.034,6720.182,6844.177,6967.845,7091.000,7213.441,7334.956,7455.315,7574.277,7691.582,7806.957,7920.107,8030.724,8138.479,8243.022,8343.985,8440.978,8533.589,8621.385,8703.907,8780.675,8851.185,8914.906,8971.284,9019.739,9059.669,9090.446,9111.418,9121.912,9121.238,9108.684,9083.528,9045.037,8992.478,8925.122,8842.259,8743.210,8627.348,8494.123,8343.092,8173.966,7986.660,7781.356,7558.583,7319.291,7064.916,6797.404,6519.152,6232.817,5940.987,5645.760,5348.420,5049.363,4748.261,4444.327,4136.573,3824.009,3505.788,3181.280,2850.114,2512.189,2167.674,1816.990,1460.784,1099.906,735.372,368.326,0.000,0.000,0.000,0.000,0.000,0.000,0.000,0.000,0.000,0.000,0.000,0.000,0.000,0.000,0.000,96.459,192.478,287.634,381.540,473.863,564.333,652.749,738.982,822.962,904.654,984.023,1060.981,1135.335,1206.757,1274.788,1338.902,1398.578,1453.364,1502.908,1546.969,1585.408,1618.174,1645.291,1666.838,1682.937,1693.741,1699.425,1700.181,1696.210,1687.716,1674.909,1657.996,1637.184,1612.673,1584.662,1553.343,1518.903,1481.523,1441.375,1398.628,1353.444,1305.977,1256.376,1204.784,1151.337,1096.166,1039.398,981.152,921.545,860.688,798.688,735.648,671.668,606.843,541.266,475.029,408.218,340.919,273.217,205.192,136.928,68.504,0.000
0.000,18.219,36.464,54.754,73.111,91.554,110.105,128.782,147.606,166.599,185.779,205.169,224.788,244.656,264.796,285.227,305.971,327.048,348.479,370.287,392.492,415.116,438.180,461.706,485.716,510.232,535.275,560.869,587.036,613.797,641.176,669.196,697.880,727.250,757.331,788.145,819.716,852.068,885.225,919.210,954.048,989.762,1026.378,1063.920,1102.411,1141.877,1182.343,1223.834,1266.374,1309.987,1354.700,1400.537,1447.523,1495.683,1545.042,1595.624,1647.454,1700.558,1754.959,1810.681,1867.750,1926.188,1986.020,2047.268,2109.956,2174.106,2239.740,2306.879,2375.546,2445.760,2517.542,2590.909,2665.882,2742.476,2820.709,2900.596,2982.152,3065.389,3150.320,3236.955,3325.304,3415.373,3507.168,3600.695,3695.953,3792.944,3891.664,3992.110,4094.273,4198.143,4303.708,4410.950,4519.851,4630.387,4742.530,4856.252,4971.515,5088.281,5206.504,5326.135,5447.120,5569.396,5692.897,5817.550,5943.273,6069.981,6197.577,6325.957,6455.012,6584.618,6714.646,6844.955,6975.394,7105.800,7235.999,7365.803,7495.013,7623.414,7750.778,7876.862,8001.405,8124.132,8244.746,8362.937,8478.372,8590.699,8699.546,8804.518,8905.201,9001.152,9091.911,9176.989,9255.875,9328.031,9392.894,9449.879,9498.372,9537.737,9567.315,9586.424,9594.365,9590.422,9573.865,9543.961,9499.975,9441.180,9366.873,9276.384,9169.098,9044.476,8902.088,8741.645,8563.042,8366.406,8152.143,7920.987,7674.022,7412.673,7138.639,6853.750,6559.753,6258.079,5949.655,5634.861,5313.595,4985.424,4649.754,4305.972,3953.565,3592.195,3221.755,2842.383,2454.484,2058.714,1655.970,1247.365,834.193,417.892,0.000,0.000,0.000,0.000,0.000,0.000,0.000,0.000,0.000,0.000,0.000,0.000,0.000,0.000,0.000,109.591,218.608,326.498,432.746,536.894,638.552,737.401,833.197,925.755,1014.938,1100.619,1182.656,1260.858,1334.965,1404.654,1469.572,1529.374,1583.760,1632.496,1675.429,1712.483,1743.651,1768.985,1788.586,1802.591,1811.169,1814.504,1812.798,1806.260,1795.106,1779.551,1759.812,1736.102,1708.630,1677.600,1643.211,1605.654,1565.117,1521.778,1475.808,1427.374,1376.633,1323.739,1268.836,1212.063,1153.556,1093.440,1031.838,968.869,904.644,839.272,772.856,705.497,637.292,568.334,498.714,428.520,357.838,286.752,215.344,143.696,71.888,0.000
0.000,18.758,37.542,56.373,75.273,94.262,113.361,132.590,151.972,171.527,191.276,211.240,231.441,251.900,272.637,293.676,315.037,336.741,358.812,381.270,404.137,427.437,451.191,475.422,500.152,525.403,551.199,577.563,604.518,632.087,660.293,689.161,718.713,748.974,779.969,811.721,844.254,877.594,911.764,946.790,982.697,1019.509,1057.253,1095.952,1135.634,1176.323,1218.045,1260.826,1304.692,1349.669,1395.782,1443.058,1491.522,1541.201,1592.120,1644.307,1697.785,1752.582,1808.722,1866.232,1925.136,1985.460,2047.228,2110.465,2175.196,2241.443,2309.231,2378.583,2449.520,2522.065,2596.239,2672.063,2749.555,2828.736,2909.622,2992.232,3076.581,3162.683,3250.553,3340.202,3431.641,3524.879,3619.923,3716.780,3815.452,3915.942,4018.247,4122.367,4228.294,4336.020,4445.533,4556.820,4669.863,4784.639,4901.125,5019.290,5139.102,5260.522,5383.508,5508.011,5633.979,5761.352,5890.065,6020.046,6151.217,6283.492,6416.776,6550.969,6685.960,6821.629,6957.847,7094.474,7231.361,7368.346,7505.254,7641.901,7778.085,7913.595,8048.200,8181.657,8313.706,8444.069,8572.450,8698.537,8821.994,8942.467,9059.581,9172.940,9282.121,9386.681,9486.151,9580.039,9667.826,9748.967,9822.892,9889.004,9946.684,9995.284,10034.134,10062.545,10079.804,10085.185,10077.950,10057.353,10022.650,9973.108,9908.011,9826.683,9728.495,9612.893,9479.423,9327.754,9157.713,8969.321,8762.822,8538.704,8297.710,8040.812,7769.154,7483.950,7186.345,6877.280,6557.386,6226.946,5885.936,5534.115,5171.132,4796.636,4410.370,4012.243,3602.378,3181.151,2749.202,2307.443,1857.042,1399.408,936.152,469.052,0.000,0.000,0.000,0.000,0.000,0.000,0.000,0.000,0.000,0.000,0.000,0.000,0.000,0.000,0.000,123.298,245.869,367.009,486.059,602.425,715.590,825.120,930.662,1031.941,1128.740,1220.877,1308.189,1390.499,1467.613,1539.316,1605.386,1665.616,1719.834,1767.917,1809.800,1845.478,1874.996,1898.447,1915.964,1927.712,1933.876,1934.661,1930.283,1920.966,1906.934,1888.417,1865.639,1838.822,1808.184,1773.935,1736.283,1695.424,1651.551,1604.846,1555.487,1503.644,1449.477,1393.142,1334.788,1274.556,1212.581,1148.994,1083.918,1017.472,949.769,880.919,811.026,740.190,668.509,596.078,522.985,449.320,375.169,300.615,225.740,150.626,75.353,0.000
0.000,19.287,38.601,57.964,77.397,96.922,116.560,136.333,156.263,176.371,196.678,217.208,237.981,259.019,280.345,301.981,323.948,346.270,368.969,392.066,415.586,439.551,463.984,488.908,514.346,540.322,566.859,593.981,621.712,650.076,679.097,708.799,739.207,770.347,802.242,834.918,868.400,902.713,937.883,973.936,1010.897,1048.792,1087.649,1127.492,1168.348,1210.244,1253.207,1297.263,1342.439,1388.763,1436.260,1484.958,1534.885,1586.066,1638.530,1692.304,1747.413,1803.886,1861.749,1921.029,1981.753,2043.945,2107.634,2172.844,2239.601,2307.930,2377.857,2449.405,2522.598,2597.459,2674.012,2752.278,2832.277,2914.032,2997.561,3082.883,3170.015,3258.974,3349.775,3442.431,3536.955,3633.359,3731.650,3831.837,3933.925,4037.916,4143.813,4251.613,4361.314,4472.908,4586.387,4701.737,4818.943,4937.986,5058.842,5181.484,5305.882,5431.998,5559.792,5689.220,5820.228,5952.761,6086.754,6222.139,6358.840,6496.771,6635.841,6775.952,6916.994,7058.849,7201.391,7344.481,7487.971,7631.701,7775.499,7919.180,8062.546,8205.383,8347.464,8488.546,8628.369,8766.655,8903.108,9037.414,9169.237,9298.221,9423.990,9546.143,9664.256,9777.881,9886.545,9989.749,10086.968,10177.652,10261.221,10337.070,10404.569,10463.059,10511.861,10550.269,10577.559,10592.990,10595.806,10585.246,10560.548,10520.956,10465.734,10394.178,10305.627,10199.488,10075.251,9932.512,9770.999,9590.595,9391.355,9173.519,8937.509,8683.904,8413.396,8126.716,7824.551,7507.456,7175.795,6829.721,6469.201,6094.070,5704.114,5299.153,4879.112,4444.092,3994.421,3530.688,3053.773,2564.847,2065.374,1557.090,1041.967,522.170,0.000,0.000,0.000,0.000,0.000,0.000,0.000,0.000,0.000,0.000,0.000,0.000,0.000,0.000,0.000,137.735,274.565,409.616,542.064,671.168,796.276,916.838,1032.406,1142.625,1247.221,1345.984,1438.745,1525.360,1605.699,1679.638,1747.069,1807.900,1862.073,1909.570,1950.413,1984.668,2012.443,2033.880,2049.152,2058.454,2062.002,2060.022,2052.750,2040.425,2023.290,2001.584,1975.545,1945.403,1911.387,1873.715,1832.600,1788.248,1740.853,1690.607,1637.689,1582.272,1524.523,1464.598,1402.650,1338.821,1273.249,1206.066,1137.395,1067.357,996.065,923.631,850.158,775.747,700.495,624.497,547.842,470.618,392.912,314.805,236.381,157.719,78.899,0.000
0.000,19.806,39.641,59.526,79.483,99.534,119.702,140.009,160.476,181.127,201.983,223.068,244.403,266.010,287.914,310.137,332.701,355.629,378.944,402.671,426.832,451.451,476.551,502.157,528.291,554.979,582.245,610.113,638.607,667.753,697.576,728.100,759.351,791.355,824.137,857.723,892.139,927.412,963.567,1000.631,1038.632,1077.595,1117.549,1158.520,1200.535,1243.622,1287.809,1333.123,1379.593,1427.247,1476.111,1526.214,1577.586,1630.253,1684.244,1739.586,1796.310,1854.441,1914.010,1975.042,2037.567,2101.611,2167.202,2234.368,2303.134,2373.528,2445.577,2519.304,2594.737,2671.899,2750.815,2831.508,2914.001,2998.316,3084.475,3172.497,3262.401,3354.207,3447.929,3543.585,3641.189,3740.752,3842.287,3945.801,4051.304,4158.799,4268.290,4379.778,4493.261,4608.735,4726.192,4845.622,4967.011,5090.343,5215.597,5342.747,5471.764,5602.616,5735.264,5869.664,6005.767,6143.520,6282.861,6423.723,6566.033,6709.709,6854.661,7000.792,7147.998,7296.161,7445.158,7594.853,7745.100,7895.741,8046.606,8197.512,8348.263,8498.648,8648.441,8797.399,8945.263,9091.758,9236.588,9379.437,9519.972,9657.835,9792.647,9924.007,10051.487,10174.638,10292.982,10406.015,10513.206,10613.998,10707.802,10794.006,10871.967,10941.017,11000.460,11049.576,11087.625,11113.844,11127.460,11127.685,11113.730,11084.810,11040.153,10979.013,10900.680,10804.499,10689.882,10556.330,10403.448,10230.961,10038.727,9826.738,9595.118,9344.102,9073.999,8785.145,8477.851,8152.348,7808.757,7447.073,7067.193,6668.956,6252.201,5816.837,5362.911,4890.663,4400.585,3893.462,3370.398,2832.833,2282.545,1721.630,1152.467,577.665,0.000,0.000,0.000,0.000,0.000,0.000,0.000,0.000,0.000,0.000,0.000,0.000,0.000,0.000,0.000,153.079,305.047,454.830,601.424,743.918,881.521,1013.566,1139.515,1258.949,1371.556,1477.114,1575.470,1666.523,1750.211,1826.500,1895.381,1956.873,2011.024,2057.912,2097.648,2130.376,2156.266,2175.517,2188.347,2194.992,2195.696,2190.716,2180.310,2164.738,2144.259,2119.127,2089.594,2055.902,2018.287,1976.979,1932.197,1884.153,1833.048,1779.078,1722.426,1663.271,1601.780,1538.114,1472.426,1404.862,1335.560,1264.653,1192.266,1118.521,1043.530,967.404,890.248,812.163,733.245,653.587,573.280,492.411,411.063,329.321,247.264,164.973,82.526,0.000
0.000,20.316,40.662,61.058,81.529,102.097,122.784,143.614,164.609,185.793,207.187,228.816,250.703,272.870,295.340,318.139,341.288,364.811,388.733,413.077,437.868,463.128,488.884,515.159,541.978,569.366,597.348,625.948,655.194,685.109,715.719,747.052,779.132,811.986,845.640,880.122,915.458,951.675,988.800,1026.860,1065.885,1105.900,1146.934,1189.016,1232.174,1276.435,1321.830,1368.385,1416.131,1465.096,1515.310,1566.801,1619.599,1673.733,1729.232,1786.127,1844.445,1904.217,1965.471,2028.237,2092.544,2158.421,2225.897,2294.999,2365.757,2438.198,2512.350,2588.239,2665.894,2745.339,2826.602,2909.707,2994.677,3081.538,3170.312,3261.021,3353.685,3448.324,3544.959,3643.605,3744.279,3846.995,3951.767,4058.606,4167.521,4278.519,4391.606,4506.785,4624.057,4743.419,4864.866,4988.390,5113.981,5241.623,5371.298,5502.984,5636.655,5772.280,5909.822,6049.242,6190.493,6333.524,6478.276,6624.686,6772.682,6922.187,7073.113,7225.367,7378.845,7533.437,7689.018,7845.457,8002.612,8160.327,8318.435,8476.755,8635.095,8793.245,8950.981,9108.065,9264.238,9419.227,9572.738,9724.456,9874.048,10021.157,10165.403,10306.384,10443.673,10576.814,10705.329,10828.708,10946.417,11057.889,11162.531,11259.717,11348.797,11429.086,11499.875,11560.427,11609.980,11647.750,11672.935,11684.719,11682.279,11664.788,11631.428,11581.398,11513.924,11428.271,11323.759,11199.775,11055.784,10891.343,10706.106,10499.825,10272.348,10023.597,9753.547,9462.197,9149.530,8815.489,8459.956,8082.755,7683.667,7262.472,6818.998,6353.178,5865.114,5355.136,4823.859,4272.232,3701.569,3113.580,2510.373,1894.440,1268.617,636.028,0.000,0.000,0.000,0.000,0.000,0.000,0.000,0.000,0.000,0.000,0.000,0.000,0.000,0.000,0.000,169.536,337.720,503.244,664.891,821.570,972.337,1116.406,1253.157,1382.120,1502.962,1615.469,1719.522,1815.078,1902.151,1980.798,2051.114,2113.222,2167.272,2213.441,2251.930,2282.959,2306.769,2323.616,2333.771,2337.510,2335.118,2326.879,2313.079,2294.002,2269.924,2241.117,2207.846,2170.366,2128.925,2083.760,2035.099,1983.159,1928.150,1870.269,1809.707,1746.643,1681.249,1613.687,1544.113,1472.673,1399.508,1324.750,1248.526,1170.956,1092.154,1012.231,931.290,849.432,766.752,683.343,599.295,514.692,429.620,344.158,258.388,172.387,86.232,0.000
0.000,20.816,41.661,62.560,83.534,104.607,125.804,147.147,168.659,190.365,212.287,234.450,256.877,279.592,302.619,325.981,349.704,373.812,398.328,423.278,448.686,474.576,500.976,527.907,555.398,583.473,612.158,641.479,671.461,702.131,733.516,765.643,798.537,832.226,866.739,902.101,938.341,975.486,1013.565,1052.606,1092.638,1133.689,1175.787,1218.963,1263.246,1308.664,1355.248,1403.027,1452.031,1502.290,1553.834,1606.693,1660.899,1716.481,1773.469,1831.895,1891.789,1953.181,2016.102,2080.582,2146.652,2214.342,2283.681,2354.701,2427.430,2501.898,2578.134,2656.167,2736.025,2817.736,2901.327,2986.825,3074.257,3163.646,3255.020,3348.399,3443.809,3541.270,3640.803,3742.427,3846.162,3952.022,4060.024,4170.181,4282.504,4397.003,4513.686,4632.558,4753.622,4876.878,5002.324,5129.955,5259.762,5391.732,5525.852,5662.100,5800.454,5940.885,6083.361,6227.844,6374.292,6522.656,6672.881,6824.906,6978.664,7134.079,7291.069,7449.543,7609.402,7770.536,7932.829,8096.150,8260.360,8425.308,8590.831,8756.751,8922.879,9089.009,9254.920,9420.377,9585.125,9748.892,9911.387,10072.298,10231.292,10388.014,10542.086,10693.105,10840.642,10984.242,11123.422,11257.672,11386.450,11509.183,11625.272,11734.081,11834.946,11927.171,12010.029,12082.763,12144.589,12194.697,12232.253,12256.405,12266.289,12261.030,12239.754,12201.593,12145.695,12071.236,11977.429,11863.531,11728.860,11572.795,11394.787,11194.355,10971.083,10724.607,10454.601,10160.756,9842.761,9500.286,9132.977,8740.464,8322.377,7878.387,7408.249,6911.860,6389.317,5840.985,5267.553,4670.094,4050.114,3409.585,2750.959,2077.161,1391.547,697.833,0.000,0.000,0.000,0.000,0.000,0.000,0.000,0.000,0.000,0.000,0.000,0.000,0.000,0.000,0.000,187.350,373.057,555.541,733.338,905.148,1069.863,1226.582,1374.607,1513.432,1642.726,1762.303,1872.099,1972.146,2062.546,2143.461,2215.089,2277.663,2331.438,2376.691,2413.710,2442.801,2464.274,2478.451,2485.653,2486.205,2480.430,2468.648,2451.173,2428.312,2400.363,2367.616,2330.351,2288.837,2243.332,2194.082,2141.323,2085.279,2026.165,1964.184,1899.530,1832.385,1762.923,1691.310,1617.701,1542.245,1465.082,1386.345,1306.161,1224.651,1141.927,1058.099,973.271,887.542,801.006,713.755,625.877,537.456,448.574,359.312,269.747,179.957,90.016,0.000
0.000,21.305,42.640,64.029,85.496,107.065,128.761,150.605,172.624,194.841,217.280,239.966,262.922,286.173,309.744,333.660,357.945,382.625,407.724,433.267,459.280,485.789,512.818,540.394,568.544,597.292,626.667,656.693,687.399,718.810,750.955,783.860,817.554,852.064,887.419,923.646,960.774,998.832,1037.849,1077.853,1118.875,1160.944,1204.090,1248.342,1293.731,1340.288,1388.042,1437.026,1487.268,1538.802,1591.657,1645.866,1701.459,1758.468,1816.926,1876.863,1938.311,2001.303,2065.870,2132.043,2199.855,2269.336,2340.519,2413.435,2488.115,2564.589,2642.889,2723.045,2805.086,2889.042,2974.942,3062.815,3152.688,3244.588,3338.543,3434.577,3532.716,3632.982,3735.400,3839.990,3946.772,4055.766,4166.988,4280.454,4396.179,4514.175,4634.450,4757.015,4881.873,5009.027,5138.479,5270.225,5404.261,5540.576,5679.158,5819.991,5963.055,6108.324,6255.770,6405.358,6557.048,6710.796,6866.552,7024.256,7183.846,7345.250,7508.390,7673.179,7839.521,8007.312,8176.437,8346.772,8518.182,8690.520,8863.626,9037.328,9211.441,9385.762,9560.077,9734.151,9907.735,10080.561,10252.341,10422.766,10591.506,10758.209,10922.497,11083.970,11242.198,11396.727,11547.072,11692.719,11833.123,11967.708,12095.862,12216.944,12330.277,12435.149,12530.818,12616.504,12691.398,12754.661,12805.425,12842.797,12865.863,12873.695,12865.354,12839.897,12796.386,12733.894,12651.515,12548.373,12423.625,12276.472,12106.160,11911.978,11693.260,11449.371,11179.703,10883.662,10560.655,10210.087,9831.362,9423.892,8987.125,8520.572,8023.863,7496.796,6939.402,6352.015,5735.344,5090.539,4419.260,3723.728,3006.750,2271.722,1522.589,763.764,0.000,0.000,0.000,0.000,0.000,0.000,0.000,0.000,0.000,0.000,0.000,0.000,0.000,0.000,0.000,206.811,411.626,612.534,807.782,995.833,1175.403,1345.471,1505.276,1654.299,1792.232,1918.945,2034.455,2138.889,2232.460,2315.443,2388.153,2450.939,2504.166,2548.212,2583.461,2610.302,2629.121,2640.304,2644.230,2641.273,2631.796,2616.157,2594.699,2567.755,2535.647,2498.681,2457.154,2411.347,2361.530,2307.958,2250.876,2190.514,2127.091,2060.816,1991.885,1920.484,1846.789,1770.966,1693.173,1613.558,1532.263,1449.419,1365.154,1279.586,1192.830,1104.992,1016.176,926.479,835.994,744.811,653.016,560.692,467.920,374.776,281.339,187.681,93.877,0.000
0.000,21.783,43.597,65.466,87.415,109.469,131.651,153.987,176.501,199.218,222.162,245.359,268.833,292.610,316.714,341.171,366.006,391.245,416.914,443.038,469.644,496.757,524.404,552.611,581.405,610.814,640.864,671.582,702.996,735.134,768.024,801.694,836.172,871.486,907.667,944.743,982.742,1021.696,1061.633,1102.584,1144.579,1187.648,1231.822,1277.132,1323.610,1371.286,1420.191,1470.359,1521.821,1574.609,1628.755,1684.292,1741.252,1799.668,1859.573,1921.000,1983.982,2048.552,2114.742,2182.586,2252.118,2323.369,2396.373,2471.163,2547.771,2626.229,2706.571,2788.827,2873.030,2959.210,3047.398,3137.624,3229.918,3324.310,3420.827,3519.497,3620.347,3723.402,3828.687,3936.227,4046.043,4158.157,4272.587,4389.353,4508.471,4629.956,4753.819,4880.072,5008.723,5139.777,5273.239,5409.107,5547.381,5688.053,5831.114,5976.552,6124.349,6274.484,6426.932,6581.661,6738.637,6897.818,7059.157,7222.601,7388.091,7555.558,7724.930,7896.123,8069.047,8243.601,8419.678,8597.156,8775.906,8955.785,9136.639,9318.301,9500.590,9683.310,9866.250,10049.182,10231.861,10414.024,10595.386,10775.644,10954.471,11131.519,11306.413,11478.755,11648.118,11814.047,11976.057,12133.633,12286.227,12433.257,12574.106,12708.123,12834.620,12952.870,13062.111,13161.543,13250.331,13327.601,13392.449,13443.937,13481.100,13502.947,13508.468,13496.637,13466.423,13416.788,13346.700,13255.139,13141.099,13003.598,12841.676,12654.398,12440.851,12200.143,11931.395,11633.735,11306.299,10948.222,10558.654,10136.771,9681.796,9193.041,8669.952,8112.164,7519.574,6892.414,6231.341,5537.519,4812.714,4059.361,3280.624,2480.411,1663.338,834.638,0.000,0.000,0.000,0.000,0.000,0.000,0.000,0.000,0.000,0.000,0.000,0.000,0.000,0.000,0.000,228.270,454.107,675.196,889.434,1095.015,1290.461,1474.640,1646.748,1806.278,1952.982,2086.819,2207.917,2316.528,2412.997,2497.732,2571.180,2633.813,2686.115,2728.571,2761.663,2785.868,2801.649,2809.460,2809.737,2802.906,2789.374,2769.533,2743.760,2712.413,2675.837,2634.357,2588.285,2537.916,2483.530,2425.393,2363.756,2298.855,2230.916,2160.148,2086.754,2010.919,1932.823,1852.632,1770.505,1686.589,1601.026,1513.948,1425.480,1335.741,1244.842,1152.890,1059.986,966.225,871.699,776.496,680.700,584.390,487.646,390.543,293.156,195.555,97.813,0.000
0.000,22.250,44.531,66.869,89.289,111.816,134.474,157.290,180.287,203.492,226.930,250.627,274.607,298.896,323.521,348.507,373.880,399.666,425.892,452.585,479.769,507.474,535.725,564.549,593.975,624.029,654.740,686.136,718.244,751.093,784.713,819.130,854.376,890.480,927.470,965.377,1004.232,1044.064,1084.904,1126.783,1169.732,1213.783,1258.967,1305.316,1352.861,1401.637,1451.674,1503.006,1555.667,1609.688,1665.104,1721.947,1780.252,1840.053,1901.383,1964.277,2028.770,2094.894,2162.685,2232.178,2303.405,2376.403,2451.204,2527.845,2606.357,2686.777,2769.136,2853.470,2939.811,3028.192,3118.645,3211.203,3305.896,3402.757,3501.815,3603.100,3706.641,3812.465,3920.600,4031.072,4143.906,4259.124,4376.749,4496.802,4619.302,4744.265,4871.708,5001.644,5134.084,5269.037,5406.508,5546.503,5689.020,5834.058,5981.612,6131.670,6284.221,6439.247,6596.725,6756.630,6918.929,7083.587,7250.560,7419.799,7591.250,7764.851,7940.531,8118.214,8297.814,8479.236,8662.376,8847.121,9033.345,9220.911,9409.673,9599.467,9790.120,9981.440,10173.224,10365.249,10557.276,10749.048,10940.285,11130.690,11319.942,11507.697,11693.584,11877.209,12058.148,12235.948,12410.126,12580.165,12745.516,12905.593,13059.775,13207.400,13347.771,13480.146,13603.744,13717.744,13821.281,13913.449,13993.303,14059.856,14112.090,14148.945,14169.337,14172.152,14156.254,14120.491,14063.700,13984.708,13882.345,13755.439,13602.827,13423.349,13215.853,12979.191,12712.219,12413.795,12082.776,11718.029,11318.431,10882.896,10410.390,9899.976,9350.859,8762.443,8134.412,7466.813,6760.161,6015.549,5234.769,4420.422,3576.010,2705.984,1815.729,911.455,0.000,0.000,0.000,0.000,0.000,0.000,0.000,0.000,0.000,0.000,0.000,0.000,0.000,0.000,0.000,252.166,501.346,744.716,979.757,1204.346,1416.804,1615.901,1800.820,1971.110,2126.626,2267.461,2393.895,2506.341,2605.303,2691.345,2765.060,2827.059,2877.951,2918.336,2948.799,2969.904,2982.196,2986.196,2982.402,2971.289,2953.309,2928.892,2898.444,2862.351,2820.980,2774.675,2723.762,2668.551,2609.331,2546.377,2479.947,2410.283,2337.613,2262.154,2184.106,2103.659,2020.993,1936.275,1849.663,1761.304,1671.340,1579.901,1487.110,1393.085,1297.936,1201.767,1104.676,1006.758,908.102,808.792,708.911,608.535,507.742,406.604,305.191,203.574,101.821,0.000
0.000,22.705,45.443,68.238,91.117,114.105,137.228,160.511,183.981,207.662,231.582,255.766,280.239,305.029,330.162,355.665,381.563,407.883,434.653,461.900,489.651,517.933,546.774,576.201,606.243,636.929,668.287,700.344,733.130,766.676,801.008,836.159,872.156,909.031,946.815,985.537,1025.228,1065.920,1107.645,1150.433,1194.318,1239.331,1285.505,1332.872,1381.467,1431.321,1482.469,1534.944,1588.781,1644.014,1700.677,1758.804,1818.432,1879.595,1942.327,2006.665,2072.644,2140.299,2209.667,2280.782,2353.682,2428.401,2504.975,2583.441,2663.834,2746.189,2830.542,2916.928,3005.382,3095.939,3188.633,3283.498,3380.567,3479.873,3581.450,3685.327,3791.537,3900.109,4011.073,4124.458,4240.290,4358.595,4479.398,4602.722,4728.589,4857.020,4988.032,5121.642,5257.863,5396.709,5538.189,5682.309,5829.074,5978.485,6130.539,6285.231,6442.552,6602.488,6765.022,6930.131,7097.788,7267.962,7440.614,7615.700,7793.171,7972.969,8155.030,8339.283,8525.647,8714.035,8904.346,9096.475,9290.301,9485.696,9682.518,9880.611,10079.807,10279.924,10480.764,10682.111,10883.733,11085.380,11286.780,11487.642,11687.651,11886.469,12083.733,12279.051,12472.005,12662.147,12848.994,13032.032,13210.711,13384.443,13552.602,13714.521,13869.490,14016.755,14155.518,14284.933,14404.109,14512.104,14607.932,14690.558,14758.901,14811.836,14848.196,14866.775,14866.330,14845.588,14803.247,14737.981,14648.449,14533.289,14391.130,14220.589,14020.276,13788.789,13524.722,13226.660,12893.182,12522.870,12114.319,11666.150,11177.038,10645.750,10071.186,9452.449,8788.918,8080.354,7327.018,6529.814,5690.448,4811.595,3897.046,2951.813,1982.154,995.458,0.000,0.000,0.000,0.000,0.000,0.000,0.000,0.000,0.000,0.000,0.000,0.000,0.000,0.000,0.000,279.052,554.400,822.576,1080.545,1325.823,1556.528,1771.360,1969.544,2150.743,2314.978,2462.535,2593.895,2709.673,2810.567,2897.321,2970.697,3031.455,3080.339,3118.069,3145.337,3162.800,3171.082,3170.775,3162.436,3146.591,3123.734,3094.333,3058.824,3017.621,2971.109,2919.652,2863.591,2803.246,2738.918,2670.889,2599.422,2524.765,2447.150,2366.795,2283.902,2198.664,2111.259,2021.855,1930.607,1837.665,1743.166,1647.239,1550.007,1451.584,1352.078,1251.591,1150.219,1048.052,945.178,841.678,737.632,633.112,528.194,422.947,317.438,211.733,105.899,0.000
0.000,23.149,46.331,69.571,92.897,116.335,139.910,163.649,187.578,211.724,236.113,260.772,285.727,311.005,336.633,362.639,389.048,415.890,443.190,470.978,499.281,528.126,557.543,587.559,618.203,649.505,681.493,714.197,747.646,781.871,816.901,852.767,889.499,927.129,965.687,1005.205,1045.716,1087.249,1129.840,1173.519,1218.319,1264.274,1311.418,1359.783,1409.405,1460.317,1512.554,1566.150,1621.141,1677.563,1735.450,1794.839,1855.765,1918.265,1982.375,2048.132,2115.573,2184.734,2255.653,2328.366,2402.911,2479.326,2557.647,2637.912,2720.159,2804.423,2890.743,2979.155,3069.696,3162.403,3257.311,3354.457,3453.875,3555.602,3659.671,3766.117,3874.971,3986.268,4100.039,4216.314,4335.123,4456.494,4580.456,4707.034,4836.252,4968.134,5102.702,5239.973,5379.967,5522.698,5668.180,5816.423,5967.434,6121.219,6277.780,6437.114,6599.218,6764.080,6931.690,7102.028,7275.072,7450.797,7629.168,7810.147,7993.690,8179.745,8368.254,8559.151,8752.363,8947.806,9145.390,9345.014,9546.566,9749.922,9954.950,10161.501,10369.414,10578.517,10788.616,10999.507,11210.965,11422.746,11634.590,11846.210,12057.302,12267.535,12476.552,12683.970,12889.375,13092.325,13292.342,13488.915,13681.494,13869.493,14052.282,14229.188,14399.494,14562.433,14717.189,14862.896,14998.634,15123.428,15236.249,15336.011,15421.573,15491.737,15545.256,15580.824,15597.089,15592.653,15566.071,15515.860,15440.501,15338.443,15208.104,15047.877,14856.131,14631.214,14371.452,14075.156,13740.623,13366.141,12950.000,12490.508,11986.014,11434.936,10835.813,10187.362,9488.560,8738.759,7937.823,7086.309,6185.673,5238.511,4248.800,3222.096,2165.630,1088.229,0.000,0.000,0.000,0.000,0.000,0.000,0.000,0.000,0.000,0.000,0.000,0.000,0.000,0.000,0.000,309.646,614.634,910.655,1194.037,1461.890,1712.144,1943.491,2155.276,2347.369,2520.039,2673.838,2809.512,2927.926,3030.010,3116.717,3188.995,3247.768,3293.925,3328.312,3351.728,3364.925,3368.608,3363.437,3350.028,3328.956,3300.758,3265.935,3224.954,3178.252,3126.237,3069.286,3007.756,2941.978,2872.259,2798.890,2722.138,2642.255,2559.476,2474.021,2386.092,2295.882,2203.569,2109.319,2013.288,1915.622,1816.456,1715.919,1614.129,1511.198,1407.232,1302.329,1196.581,1090.078,982.901,875.130,766.840,658.103,548.987,439.560,329.885,220.026,110.044,0.000
0.000,23.580,47.194,70.868,94.629,118.504,142.519,166.702,191.078,215.676,240.521,265.642,291.066,316.818,342.929,369.424,396.332,423.681,451.498,479.813,508.653,538.048,568.025,598.615,629.846,661.748,694.352,727.686,761.782,796.669,832.380,868.944,906.393,944.759,984.074,1024.370,1065.681,1108.037,1151.473,1196.022,1241.718,1288.595,1336.687,1386.030,1436.657,1488.604,1541.907,1596.602,1652.724,1710.310,1769.398,1830.023,1892.223,1956.036,2021.498,2088.649,2157.525,2228.166,2300.609,2374.894,2451.058,2529.140,2609.181,2691.218,2775.289,2861.435,2949.694,3040.104,3132.704,3227.532,3324.626,3424.025,3525.766,3629.886,3736.421,3845.407,3956.881,4070.876,4187.427,4306.568,4428.331,4552.746,4679.845,4809.655,4942.205,5077.520,5215.626,5356.545,5500.297,5646.902,5796.377,5948.735,6103.989,6262.147,6423.215,6587.196,6754.089,6923.890,7096.590,7272.178,7450.634,7631.939,7816.064,8002.977,8192.638,8385.003,8580.020,8777.629,8977.764,9180.349,9385.300,9592.523,9801.914,10013.359,10226.731,10441.891,10658.688,10876.956,11096.512,11317.159,11538.684,11760.852,11983.410,12206.084,12428.578,12650.568,12871.709,13091.625,13309.912,13526.132,13739.817,13950.458,14157.511,14360.391,14558.466,14751.063,14937.455,15116.866,15288.467,15451.370,15604.629,15747.235,15878.117,15996.139,16100.099,16188.728,16260.690,16314.583,16348.942,16362.238,16352.882,16319.228,16259.580,16172.188,16055.260,15906.962,15725.422,15508.731,15254.950,14962.110,14628.219,14251.261,13829.209,13360.034,12841.724,12272.308,11649.897,10972.740,10239.304,9448.390,8599.289,7691.996,6727.481,5708.024,4637.586,3522.166,2370.055,1191.834,0.000,0.000,0.000,0.000,0.000,0.000,0.000,0.000,0.000,0.000,0.000,0.000,0.000,0.000,0.000,344.906,683.841,1011.385,1323.072,1615.574,1886.687,2135.207,2360.726,2563.448,2744.001,2903.299,3042.424,3162.548,3264.871,3350.584,3420.841,3476.743,3519.329,3549.574,3568.388,3576.616,3575.041,3564.391,3545.337,3518.501,3484.461,3443.749,3396.861,3344.254,3286.354,3223.556,3156.226,3084.704,3009.306,2930.326,2848.037,2762.694,2674.531,2583.769,2490.611,2395.250,2297.861,2198.608,2097.647,1995.119,1891.158,1785.889,1679.427,1571.881,1463.353,1353.938,1243.726,1132.800,1021.240,909.120,796.513,683.486,570.104,456.429,342.523,228.445,114.251,0.000
0.000,23.999,48.033,72.128,96.311,120.611,145.053,169.666,194.477,219.514,244.803,270.373,296.251,322.466,349.045,376.016,403.409,431.251,459.570,488.398,517.761,547.689,578.213,609.360,641.163,673.650,706.852,740.800,775.526,811.059,847.432,884.677,922.825,961.910,1001.963,1043.018,1085.108,1128.267,1172.529,1217.928,1264.498,1312.276,1361.295,1411.592,1463.202,1516.161,1570.507,1626.276,1683.506,1742.233,1802.495,1864.332,1927.780,1992.879,2059.668,2128.185,2198.469,2270.562,2344.502,2420.329,2498.084,2577.807,2659.537,2743.316,2829.184,2917.182,3007.349,3099.727,3194.356,3291.276,3390.527,3492.150,3596.183,3702.666,3811.637,3923.136,4037.199,4153.865,4273.170,4395.150,4519.839,4647.273,4777.483,4910.502,5046.361,5185.088,5326.713,5471.260,5618.754,5769.218,5922.673,6079.136,6238.624,6401.148,6566.721,6735.348,6907.034,7081.780,7259.582,7440.433,7624.320,7811.229,8001.137,8194.018,8389.839,8588.561,8790.139,8994.522,9201.649,9411.453,9623.857,9838.776,10056.113,10275.764,10497.610,10721.523,10947.359,11174.962,11404.162,11634.771,11866.584,12099.380,12332.916,12566.928,12801.131,13035.214,13268.840,13501.646,13733.236,13963.183,14191.026,14416.266,14638.364,14856.739,15070.761,15279.756,15482.995,15679.693,15869.010,16050.038,16221.808,16383.280,16533.343,16670.811,16794.421,16902.832,16994.623,17068.291,17122.255,17154.855,17164.354,17148.939,17106.731,17035.783,16934.085,16799.573,16630.129,16423.589,16177.743,15890.340,15559.090,15181.670,14755.722,14278.864,13748.695,13162.817,12518.857,11814.515,11047.632,10216.301,9319.029,8354.976,7324.293,6228.568,5071.390,3858.956,2600.608,1309.057,0.000,0.000,0.000,0.000,0.000,0.000,0.000,0.000,0.000,0.000,0.000,0.000,0.000,0.000,0.000,386.142,764.448,1127.984,1471.309,1790.663,2083.848,2349.946,2589.002,2801.725,2989.253,3152.968,3294.375,3415.010,3516.384,3599.952,3667.089,3719.080,3757.122,3782.318,3795.686,3798.161,3790.604,3773.803,3748.482,3715.308,3674.892,3627.797,3574.543,3515.606,3451.428,3382.416,3308.944,3231.362,3149.991,3065.127,2977.046,2886.004,2792.236,2695.962,2597.385,2496.694,2394.062,2289.652,2183.615,2076.090,1967.208,1857.088,1745.844,1633.580,1520.393,1406.375,1291.611,1176.181,1060.159,943.617,826.622,709.238,591.524,473.540,355.341,236.983,118.518,0.000
0.000,24.406,48.846,73.349,97.942,122.653,147.511,172.542,197.774,223.236,248.955,274.961,301.281,327.943,354.977,382.410,410.273,438.594,467.402,496.726,526.597,557.044,588.098,619.788,652.145,685.201,718.986,753.531,788.869,825.030,862.048,899.955,938.784,978.567,1019.339,1061.134,1103.984,1147.925,1192.992,1239.219,1286.643,1335.298,1385.222,1436.450,1489.020,1542.968,1598.333,1655.152,1713.463,1773.305,1834.717,1897.739,1962.408,2028.767,2096.853,2166.709,2238.374,2311.890,2387.298,2464.638,2543.954,2625.286,2708.676,2794.167,2881.800,2971.618,3063.663,3157.978,3254.605,3353.585,3454.961,3558.775,3665.068,3773.883,3885.259,3999.239,4115.861,4235.167,4357.195,4481.984,4609.571,4739.994,4873.289,5009.490,5148.632,5290.747,5435.866,5584.020,5735.235,5889.540,6046.957,6207.510,6371.219,6538.100,6708.169,6881.438,7057.916,7237.608,7420.517,7606.640,7795.973,7988.504,8184.217,8383.094,8585.108,8790.227,8998.414,9209.624,9423.805,9640.897,9860.833,10083.534,10308.916,10536.881,10767.323,11000.120,11235.142,11472.243,11711.262,11952.025,12194.339,12437.993,12682.757,12928.381,13174.590,13421.089,13667.552,13913.627,14158.933,14403.055,14645.541,14885.904,15123.612,15358.092,15588.722,15814.828,16035.681,16250.493,16458.413,16658.520,16849.824,17031.257,17201.669,17359.828,17504.413,17634.011,17747.114,17842.121,17917.334,17970.958,18001.105,18005.794,17982.958,17930.444,17846.025,17727.401,17572.204,17378.009,17142.333,16862.640,16536.343,16160.803,15733.328,15251.172,14711.532,14111.552,13448.331,12718.950,11920.516,11050.250,10105.634,9084.660,7986.206,6810.616,5560.490,4241.687,2864.380,1443.793,0.000,0.000,0.000,0.000,0.000,0.000,0.000,0.000,0.000,0.000,0.000,0.000,0.000,0.000,0.000,435.218,859.834,1264.807,1643.534,1991.942,2308.117,2591.754,2843.639,3065.230,3258.350,3424.982,3567.138,3686.773,3785.748,3865.798,3928.529,3975.417,4007.811,4026.942,4033.929,4029.795,4015.466,3991.790,3959.538,3919.414,3872.059,3818.064,3757.966,3692.258,3621.395,3545.792,3465.832,3381.868,3294.225,3203.201,3109.072,3012.094,2912.502,2810.512,2706.325,2600.127,2492.089,2382.370,2271.116,2158.462,2044.535,1929.451,1813.318,1696.235,1578.296,1459.588,1340.190,1220.178,1099.621,978.588,857.139,735.333,613.227,490.874,368.325,245.631,122.840,0.000
0.000,24.799,49.633,74.531,99.521,124.631,149.889,175.324,200.965,226.839,252.975,279.403,306.150,333.246,360.720,388.602,416.920,445.705,474.986,504.793,535.156,566.106,597.674,629.890,662.786,696.393,730.743,765.868,801.800,838.572,876.216,914.767,954.257,994.720,1036.191,1078.704,1122.294,1166.996,1212.846,1259.880,1308.134,1357.645,1408.450,1460.586,1514.091,1569.004,1625.362,1683.206,1742.573,1803.504,1866.038,1930.217,1996.081,2063.670,2133.026,2204.191,2277.208,2352.117,2428.961,2507.785,2588.630,2671.540,2756.558,2843.728,2933.094,3024.700,3118.590,3214.808,3313.398,3414.405,3517.872,3623.844,3732.364,3843.477,3957.224,4073.651,4192.799,4314.712,4439.430,4566.995,4697.449,4830.830,4967.179,5106.532,5248.928,5394.402,5542.990,5694.724,5849.637,6007.759,6169.118,6333.742,6501.654,6672.876,6847.430,7025.330,7206.593,7391.228,7579.244,7770.643,7965.427,8163.592,8365.128,8570.022,8778.256,8989.805,9204.639,9422.722,9644.009,9868.451,10095.987,10326.551,10560.065,10796.444,11035.590,11277.394,11521.738,11768.485,12017.490,12268.588,12521.601,12776.330,13032.561,13290.057,13548.558,13807.782,14067.419,14327.133,14586.556,14845.287,15102.890,15358.889,15612.767,15863.959,16111.854,16355.783,16595.022,16828.782,17056.208,17276.369,17488.258,17690.781,17882.759,18062.913,18229.867,18382.140,18518.141,18636.168,18734.406,18810.926,18863.684,18890.528,18889.198,18857.332,18792.476,18692.088,18553.549,18374.166,18151.180,17881.770,17563.050,17192.068,16765.800,16281.136,15734.867,15123.671,14444.097,13692.558,12865.340,11958.643,10968.683,9891.895,8725.318,7467.251,6118.306,4682.950,3171.449,1601.739,0.000,0.000,0.000,0.000,0.000,0.000,0.000,0.000,0.000,0.000,0.000,0.000,0.000,0.000,0.000,494.904,974.871,1427.890,1846.094,2225.476,2564.948,2865.340,3128.601,3357.239,3553.971,3721.513,3862.461,3979.241,4074.081,4149.009,4205.862,4246.299,4271.817,4283.762,4283.351,4271.678,4249.734,4218.413,4178.526,4130.809,4075.929,4014.494,3947.058,3874.127,3796.162,3713.585,3626.784,3536.113,3441.898,3344.437,3244.005,3140.855,3035.219,2927.312,2817.329,2705.451,2591.847,2476.669,2360.061,2242.151,2123.062,2002.903,1881.779,1759.782,1637.002,1513.520,1389.410,1264.744,1139.584,1013.994,888.029,761.744,635.189,508.413,381.462,254.380,127.212,0.000
0.000,25.178,50.393,75.673,101.046,126.541,152.187,178.013,204.048,230.320,256.859,283.695,310.855,338.371,366.271,394.586,423.345,452.578,482.317,512.590,543.430,574.867,606.933,639.658,673.076,707.217,742.115,777.802,814.310,851.673,889.926,929.101,969.232,1010.355,1052.504,1095.716,1140.024,1185.465,1232.077,1279.894,1328.956,1379.299,1430.961,1483.980,1538.396,1594.247,1651.574,1710.415,1770.811,1832.804,1896.433,1961.741,2028.769,2097.560,2168.157,2240.601,2314.937,2391.209,2469.459,2549.733,2632.075,2716.530,2803.142,2891.958,2983.023,3076.383,3172.083,3270.169,3370.688,3473.685,3579.208,3687.302,3798.012,3911.387,4027.470,4146.308,4267.946,4392.429,4519.802,4650.109,4783.393,4919.699,5059.067,5201.540,5347.157,5495.959,5647.984,5803.269,5961.851,6123.763,6289.039,6457.710,6629.804,6805.349,6984.369,7166.886,7352.921,7542.490,7735.605,7932.278,8132.515,8336.318,8543.686,8754.612,8969.085,9187.089,9408.601,9633.594,9862.032,10093.875,10329.072,10567.566,10809.291,11054.171,11302.121,11553.044,11806.832,12063.364,12322.505,12584.106,12848.003,13114.012,13381.934,13651.548,13922.610,14194.854,14467.989,14741.694,15015.619,15289.382,15562.561,15834.699,16105.293,16373.795,16639.604,16902.065,17160.461,17414.009,17661.853,17903.058,18136.606,18361.386,18576.187,18779.696,18970.483,19147.003,19307.585,19450.430,19573.605,19675.045,19752.552,19803.793,19826.312,19817.532,19774.763,19695.217,19576.012,19414.184,19206.696,18950.438,18642.231,18278.819,17856.854,17372.876,16823.288,16204.314,15511.960,14741.964,13889.750,12950.397,11918.645,10788.993,9555.981,8214.813,6762.574,5200.385,3536.744,1791.719,0.000,0.000,0.000,0.000,0.000,0.000,0.000,0.000,0.000,0.000,0.000,0.000,0.000,0.000,0.000,569.532,1116.867,1625.804,2087.494,2498.941,2860.884,3176.087,3448.217,3681.188,3878.821,4044.676,4181.996,4293.695,4382.373,4450.343,4499.661,4532.153,4549.449,4552.996,4544.091,4523.891,4493.437,4453.661,4405.405,4349.428,4286.415,4216.987,4141.709,4061.092,3975.603,3885.665,3791.667,3693.963,3592.877,3488.703,3381.715,3272.160,3160.266,3046.242,2930.279,2812.554,2693.228,2572.449,2450.353,2327.065,2202.700,2077.362,1951.149,1824.149,1696.444,1568.111,1439.217,1309.828,1180.002,1049.796,919.259,788.441,657.385,526.137,394.736,263.221,131.629,0.000
0.000,25.545,51.127,76.774,102.516,128.383,154.403,180.606,207.021,233.677,260.605,287.834,315.394,343.314,371.625,400.358,429.542,459.209,489.389,520.113,551.413,583.321,615.868,649.086,683.008,717.666,753.093,789.323,826.389,864.326,903.166,942.945,983.698,1025.460,1068.267,1112.154,1157.159,1203.318,1250.667,1299.246,1349.091,1400.241,1452.736,1506.614,1561.914,1618.678,1676.946,1736.758,1798.155,1861.181,1925.876,1992.284,2060.447,2130.410,2202.215,2275.908,2351.532,2429.133,2508.756,2590.447,2674.252,2760.217,2848.389,2938.816,3031.544,3126.621,3224.094,3324.011,3426.422,3531.373,3638.913,3749.091,3861.954,3977.552,4095.932,4217.142,4341.232,4468.247,4598.237,4731.247,4867.325,5006.517,5148.867,5294.422,5443.225,5595.319,5750.748,5909.551,6071.769,6237.441,6406.604,6579.293,6755.542,6935.384,7118.848,7305.962,7496.751,7691.238,7889.442,8091.379,8297.063,8506.503,8719.704,8936.669,9157.392,9381.868,9610.081,9842.012,10077.636,10316.922,10559.829,10806.312,11056.314,11309.773,11566.613,11826.753,12090.096,12356.535,12625.951,12898.209,13173.160,13450.638,13730.459,14012.419,14296.294,14581.837,14868.775,15156.807,15445.603,15734.801,16024.001,16312.763,16600.606,16887.000,17171.364,17453.057,17731.376,18005.549,18274.727,18537.978,18794.278,19042.505,19281.428,19509.700,19725.849,19928.269,20115.214,20284.790,20434.950,20563.493,20668.060,20746.138,20795.067,20812.043,20794.136,20738.296,20641.372,20500.122,20311.223,20071.283,19776.832,19424.322,19010.104,18530.398,17981.252,17358.483,16657.598,15873.709,15001.409,14034.647,12966.591,11789.524,10494.863,9073.497,7516.832,5819.302,3983.439,2028.398,0.000,0.000,0.000,0.000,0.000,0.000,0.000,0.000,0.000,0.000,0.000,0.000,0.000,0.000,0.000,666.365,1297.272,1870.979,2379.158,2821.934,3203.586,3529.937,3807.025,4040.513,4235.487,4396.416,4527.197,4631.217,4711.422,4770.381,4810.337,4833.261,4840.885,4834.740,4816.183,4786.419,4746.521,4697.451,4640.068,4575.145,4503.379,4425.395,4341.762,4252.993,4159.554,4061.869,3960.320,3855.258,3747.003,3635.845,3522.051,3405.862,3287.499,3167.166,3045.047,2921.312,2796.114,2669.596,2541.886,2413.102,2283.354,2152.737,2021.345,1889.257,1756.550,1623.294,1489.549,1355.376,1220.826,1085.948,950.789,815.389,679.789,544.024,408.130,272.141,136.086,0.000
0.000,25.897,51.832,77.833,103.931,130.155,156.535,183.100,209.881,236.907,264.209,291.817,319.760,348.071,376.778,405.913,435.507,465.591,496.197,527.356,559.100,591.461,624.472,658.165,692.573,727.730,763.669,800.424,838.028,876.517,915.926,956.289,997.643,1040.023,1083.465,1128.007,1173.686,1220.538,1268.603,1317.918,1368.523,1420.456,1473.758,1528.468,1584.627,1642.276,1701.457,1762.212,1824.582,1888.612,1954.343,2021.820,2091.088,2162.190,2235.173,2310.080,2386.959,2465.856,2546.817,2629.890,2715.123,2802.563,2892.259,2984.259,3078.612,3175.368,3274.577,3376.287,3480.550,3587.415,3696.933,3809.154,3924.130,4041.910,4162.546,4286.088,4412.588,4542.095,4674.659,4810.332,4949.162,5091.199,5236.492,5385.089,5537.038,5692.386,5851.180,6013.463,6179.281,6348.676,6521.691,6698.366,6878.740,7062.849,7250.729,7442.413,7637.932,7837.316,8040.589,8247.774,8458.892,8673.960,8892.990,9115.991,9342.969,9573.924,9808.851,10047.740,10290.575,10537.336,10787.992,11042.510,11300.845,11562.946,11828.751,12098.192,12371.187,12647.643,12927.457,13210.509,13496.668,13785.785,14077.695,14372.213,14669.136,14968.236,15269.262,15571.936,15875.952,16180.968,16486.610,16792.463,17098.068,17402.921,17706.461,18008.072,18307.069,18602.698,18894.125,19180.427,19460.584,19733.471,19997.844,20252.334,20495.431,20725.479,20940.662,21138.998,21318.326,21476.312,21610.434,21717.993,21796.115,21841.763,21851.749,21822.751,21751.333,21633.966,21467.036,21246.865,20969.705,20631.733,20229.027,19757.532,19212.999,18590.910,17886.375,17093.986,16207.639,15220.289,14123.633,12907.722,11560.515,10067.532,8411.995,6576.581,4549.331,2338.440,0.000,0.000,0.000,0.000,0.000,0.000,0.000,0.000,0.000,0.000,0.000,0.000,0.000,0.000,0.000,798.665,1534.889,2181.697,2736.246,3206.076,3601.618,3933.084,4209.467,4438.391,4626.238,4778.348,4899.205,4992.602,5061.769,5109.473,5138.101,5149.723,5146.147,5128.956,5099.544,5059.141,5008.842,4949.618,4882.335,4807.772,4726.624,4639.518,4547.017,4449.631,4347.819,4242.000,4132.549,4019.811,3904.096,3785.687,3664.843,3541.797,3416.762,3289.934,3161.487,3031.585,2900.373,2767.984,2634.540,2500.152,2364.919,2228.932,2092.275,1955.022,1817.242,1678.996,1540.341,1401.327,1262.001,1122.405,982.578,842.555,702.369,562.051,421.629,281.129,140.578,0.000
0.000,26.235,52.509,78.850,105.289,131.856,158.581,185.495,212.627,240.008,267.669,295.640,323.953,352.637,381.725,411.247,441.235,471.720,502.735,534.312,566.483,599.281,632.738,666.888,701.765,737.402,773.833,811.093,849.217,888.239,928.195,969.122,1011.055,1054.031,1098.087,1143.260,1189.590,1237.113,1285.869,1335.896,1387.235,1439.925,1494.008,1549.523,1606.514,1665.020,1725.087,1786.755,1850.068,1915.071,1981.808,2050.323,2120.663,2192.873,2266.999,2343.088,2421.187,2501.345,2583.609,2668.028,2754.652,2843.529,2934.710,3028.245,3124.185,3222.581,3323.484,3426.947,3533.021,3641.758,3753.211,3867.434,3984.479,4104.399,4227.248,4353.078,4481.944,4613.898,4748.994,4887.284,5028.823,5173.662,5321.853,5473.449,5628.501,5787.060,5949.175,6114.897,6284.274,6457.353,6634.181,6814.804,6999.264,7187.605,7379.867,7576.090,7776.310,7980.562,8188.878,8401.289,8617.822,8838.500,9063.346,9292.375,9525.601,9763.035,10004.679,10250.534,10500.595,10754.851,11013.285,11275.872,11542.583,11813.377,12088.209,12367.022,12649.750,12936.317,13226.634,13520.601,13818.103,14119.012,14423.181,14730.449,15040.632,15353.526,15668.904,15986.513,16306.071,16627.266,16949.749,17273.133,17596.991,17920.843,18244.161,18566.354,18886.767,19204.669,19519.249,19829.603,20134.725,20433.496,20724.671,21006.867,21278.551,21538.024,21783.410,22012.644,22223.461,22413.390,22579.748,22719.644,22829.980,22907.470,22948.653,22949.915,22907.519,22817.629,22676.334,22479.664,22223.603,21904.074,21516.924,21057.873,20522.458,19905.930,19203.136,18408.339,17514.980,16515.332,15400.017,14157.290,12772.007,11224.173,9487.074,7525.727,5298.882,2776.038,0.000,0.000,0.000,0.000,0.000,0.000,0.000,0.000,0.000,0.000,0.000,0.000,0.000,0.000,0.000,993.412,1861.935,2584.695,3178.074,3664.533,4063.757,4391.346,4659.405,4877.386,5052.771,5191.577,5298.720,5378.268,5433.632,5467.696,5482.926,5481.443,5465.085,5435.455,5393.956,5341.825,5280.152,5209.907,5131.950,5047.050,4955.895,4859.102,4757.224,4650.760,4540.159,4425.828,4308.133,4187.405,4063.946,3938.029,3809.899,3679.782,3547.879,3414.377,3279.442,3143.224,3005.862,2867.480,2728.190,2588.093,2447.283,2305.841,2163.842,2021.353,1878.435,1735.141,1591.521,1447.618,1303.471,1159.115,1014.582,869.900,725.096,580.192,435.211,290.173,145.096,0.000
0.000,26.559,53.157,79.823,106.589,133.484,160.540,187.787,215.256,242.977,270.982,299.302,327.967,357.010,386.462,416.355,446.720,477.591,508.998,540.976,573.557,606.773,640.659,675.248,710.574,746.672,783.576,821.322,859.945,899.480,939.963,981.431,1023.922,1067.472,1112.119,1157.901,1204.858,1253.027,1302.449,1353.164,1405.211,1458.632,1513.468,1569.762,1627.555,1686.891,1747.813,1810.365,1874.591,1940.536,2008.247,2077.768,2149.147,2222.430,2297.665,2374.901,2454.185,2535.567,2619.097,2704.825,2792.801,2883.076,2975.703,3070.733,3168.218,3268.212,3370.769,3475.941,3583.783,3694.349,3807.694,3923.873,4042.943,4164.957,4289.972,4418.044,4549.229,4683.584,4821.164,4962.026,5106.225,5253.818,5404.861,5559.408,5717.515,5879.238,6044.630,6213.744,6386.634,6563.352,6743.949,6928.476,7116.982,7309.514,7506.118,7706.841,7911.725,8120.811,8334.139,8551.746,8773.666,8999.931,9230.570,9465.608,9705.069,9948.970,10197.325,10450.146,10707.437,10969.198,11235.425,11506.105,11781.220,12060.746,12344.650,12632.890,12925.417,13222.171,13523.080,13828.064,14137.026,14449.859,14766.438,15086.624,15410.256,15737.157,16067.125,16399.934,16735.333,17073.037,17412.731,17754.061,18096.630,18439.996,18783.664,19127.077,19469.617,19810.586,20149.204,20484.597,20815.784,21141.665,21461.005,21772.424,22074.374,22365.128,22642.764,22905.142,23149.900,23374.436,23575.904,23751.214,23897.033,24009.810,24085.784,24121.028,24111.473,24052.955,23941.246,23772.081,23541.178,23244.234,22876.902,22434.749,21913.184,21307.359,20612.031,19821.375,18928.716,17926.139,16803.898,15549.486,14146.115,12570.130,10786.444,8740.400,6344.451,3466.837,0.000,0.000,0.000,0.000,0.000,0.000,0.000,0.000,0.000,0.000,0.000,0.000,0.000,0.000,0.000,1313.058,2334.759,3117.094,3726.845,4210.253,4597.565,4909.172,5159.460,5359.020,5515.926,5636.517,5725.879,5788.172,5826.849,5844.811,5844.523,5828.097,5797.357,5753.885,5699.066,5634.115,5560.101,5477.974,5388.574,5292.651,5190.874,5083.840,4972.086,4856.095,4736.299,4613.088,4486.815,4357.798,4226.322,4092.647,3957.007,3819.614,3680.659,3540.314,3398.736,3256.064,3112.426,2967.936,2822.696,2676.798,2530.325,2383.351,2235.940,2088.152,1940.039,1791.647,1643.015,1494.181,1345.175,1196.024,1046.754,897.385,747.935,598.421,448.858,299.259,149.636,0.000
0.000,26.868,53.776,80.753,107.830,135.039,162.410,189.975,217.765,245.811,274.144,302.797,331.800,361.186,390.986,421.233,451.960,483.198,514.981,547.342,580.314,613.932,648.228,683.237,718.994,755.534,792.892,831.103,870.204,910.230,951.219,993.208,1036.234,1080.335,1125.550,1171.917,1219.476,1268.267,1318.330,1369.705,1422.434,1476.559,1532.122,1589.165,1647.733,1707.868,1769.615,1833.020,1898.127,1964.983,2033.634,2104.128,2176.511,2250.833,2327.142,2405.488,2485.920,2568.489,2653.246,2740.243,2829.532,2921.165,3015.197,3111.680,3210.668,3312.218,3416.383,3523.220,3632.785,3745.134,3860.324,3978.414,4099.460,4223.520,4350.653,4480.918,4614.374,4751.079,4891.093,5034.475,5181.285,5331.581,5485.424,5642.872,5803.984,5968.819,6137.436,6309.893,6486.246,6666.553,6850.871,7039.254,7231.757,7428.433,7629.335,7834.514,8044.019,8257.898,8476.198,8698.963,8926.235,9158.053,9394.456,9635.477,9881.147,10131.496,10386.547,10646.320,10910.834,11180.098,11454.120,11732.902,12016.438,12304.719,12597.725,12895.433,13197.807,13504.807,13816.380,14132.463,14452.981,14777.849,15106.965,15440.212,15777.459,16118.552,16463.320,16811.567,17163.073,17517.588,17874.831,18234.484,18596.191,18959.548,19324.101,19689.339,20054.683,20419.480,20782.992,21144.387,21502.720,21856.925,22205.793,22547.960,22881.884,23205.826,23517.828,23815.696,24096.977,24358.947,24598.597,24812.632,24997.472,25149.273,25263.952,25337.226,25364.661,25341.728,25263.852,25126.459,24925.003,24654.975,24311.881,23891.203,23388.324,22798.431,22116.382,21336.531,20452.477,19456.705,18340.034,17090.714,15692.900,14123.841,12348.212,10305.011,7871.705,4746.867,0.000,0.000,0.000,0.000,0.000,0.000,0.000,0.000,0.000,0.000,0.000,0.000,0.000,0.000,0.000,1924.072,3046.965,3822.097,4401.987,4852.098,5207.112,5488.356,5710.286,5883.349,6015.443,6112.735,6180.160,6221.747,6240.836,6240.233,6222.318,6189.128,6142.423,6083.727,6014.374,5935.533,5848.232,5753.383,5651.792,5544.177,5431.179,5313.368,5191.257,5065.304,4935.922,4803.480,4668.312,4530.716,4390.963,4249.297,4105.934,3961.072,3814.890,3667.545,3519.182,3369.928,3219.898,3069.195,2917.911,2766.127,2613.916,2461.341,2308.458,2155.317,2001.961,1848.426,1694.745,1540.945,1387.049,1233.077,1079.045,924.966,770.852,616.711,462.550,308.375,154.190,0.000
0.000,27.162,54.364,81.636,109.010,136.518,164.189,192.057,220.153,248.508,277.154,306.124,335.448,365.160,395.293,425.877,456.948,488.537,520.678,553.405,586.751,620.751,655.438,690.849,727.017,763.979,801.770,840.427,879.985,920.481,961.954,1004.440,1047.979,1092.608,1138.366,1185.294,1233.431,1282.818,1333.495,1385.505,1438.889,1493.690,1549.951,1607.715,1667.027,1727.931,1790.473,1854.699,1920.655,1988.388,2057.946,2129.377,2202.730,2278.055,2355.401,2434.819,2516.361,2600.078,2686.023,2774.249,2864.810,2957.759,3053.152,3151.044,3251.492,3354.552,3460.280,3568.736,3679.976,3794.061,3911.047,4030.997,4153.970,4280.026,4409.227,4541.633,4677.306,4816.309,4958.704,5104.553,5253.919,5406.864,5563.453,5723.746,5887.808,6055.702,6227.489,6403.232,6582.994,6766.836,6954.819,7147.005,7343.452,7544.220,7749.368,7958.952,8173.029,8391.653,8614.878,8842.756,9075.336,9312.667,9554.794,9801.761,10053.608,10310.374,10572.093,10838.797,11110.513,11387.266,11669.074,11955.954,12247.912,12544.956,12847.080,13154.277,13466.531,13783.817,14106.104,14433.347,14765.496,15102.486,15444.241,15790.669,16141.667,16497.110,16856.858,17220.748,17588.595,17960.185,18335.276,18713.593,19094.822,19478.607,19864.540,20252.162,20640.944,21030.288,21419.510,21807.830,22194.357,22578.074,22957.815,23332.254,23699.872,24058.937,24407.482,24743.271,25063.781,25366.173,25647.283,25903.602,26131.289,26326.181,26483.829,26599.548,26668.486,26685.695,26646.211,26545.120,26377.607,26138.972,25824.622,25430.021,24950.628,24381.797,23718.664,22956.006,22088.059,21108.265,20008.901,18780.510,17410.993,15884.175,14177.597,12259.758,10090.516,7648.935,5126.482,4038.577,3461.337,3098.010,2839.973,2641.932,2482.791,2352.015,2244.472,2158.513,2095.748,2062.534,2074.979,2174.013,2474.169,3336.281,4106.953,4722.367,5206.938,5589.074,5890.465,6126.894,6310.020,6448.694,6549.812,6618.871,6660.332,6677.875,6674.574,6653.028,6615.449,6563.739,6499.544,6424.294,6339.239,6245.479,6143.982,6035.604,5921.105,5801.158,5676.368,5547.268,5414.341,5278.015,5138.677,4996.670,4852.306,4705.862,4557.588,4407.709,4256.426,4103.918,3950.347,3795.858,3640.580,3484.626,3328.100,3171.091,3013.679,2855.935,2697.918,2539.684,2381.277,2222.737,2064.097,1905.386,1746.625,1587.833,1429.026,1270.213,1111.403,952.602,793.811,635.032,476.263,317.504,158.751,0.000
0.000,27.441,54.922,82.474,110.130,137.920,165.876,194.031,222.417,251.065,280.008,309.278,338.908,368.930,399.378,430.284,461.681,493.603,526.084,559.159,592.860,627.223,662.284,698.076,734.636,772.000,810.203,849.284,889.278,930.222,972.156,1015.118,1059.146,1104.279,1150.557,1198.021,1246.710,1296.667,1347.932,1400.549,1454.560,1510.008,1566.938,1625.393,1685.419,1747.061,1810.366,1875.380,1942.151,2010.728,2081.158,2153.492,2227.778,2304.068,2382.413,2462.866,2545.477,2630.302,2717.394,2806.807,2898.596,2992.818,3089.528,3188.785,3290.646,3395.169,3502.413,3612.438,3725.305,3841.074,3959.807,4081.566,4206.414,4334.412,4465.626,4600.118,4737.955,4879.200,5023.919,5172.178,5324.043,5479.580,5638.855,5801.936,5968.889,6139.781,6314.679,6493.650,6676.760,6864.077,7055.667,7251.595,7451.928,7656.730,7866.065,8079.998,8298.590,8521.904,8750.000,8982.938,9220.775,9463.568,9711.372,9964.239,10222.220,10485.362,10753.711,11027.310,11306.198,11590.412,11879.984,12174.942,12475.310,12781.108,13092.349,13409.042,13731.187,14058.781,14391.811,14730.255,15074.085,15423.260,15777.730,16137.431,16502.287,16872.207,17247.082,17626.785,18011.168,18400.058,18793.257,19190.534,19591.624,19996.224,20403.982,20814.494,21227.295,21641.850,22057.543,22473.660,22889.379,23303.751,23715.676,24123.883,24526.905,24923.044,25310.345,25686.560,26049.115,26395.078,26721.132,27023.560,27298.238,27540.650,27745.933,27908.935,28024.305,28086.603,28090.408,28030.420,27901.534,27698.873,27417.786,27053.793,26602.519,26059.600,25420.593,24680.882,23835.590,22879.486,21806.877,20611.502,19286.449,17824.323,16218.286,14465.945,12581.692,10631.895,8818.428,7566.502,6708.769,6090.741,5619.955,5244.974,4937.222,4680.803,4467.368,4293.841,4161.950,4079.419,4063.379,4146.916,4386.398,4839.949,5322.222,5753.509,6114.354,6406.831,6638.820,6818.776,6954.251,7051.642,7116.292,7152.658,7164.477,7154.904,7126.619,7081.917,7022.775,6950.902,6867.787,6774.732,6672.879,6563.234,6446.685,6324.020,6195.937,6063.058,5925.938,5785.070,5640.897,5493.813,5344.172,5192.290,5038.451,4882.908,4725.889,4567.595,4408.209,4247.892,4086.787,3925.024,3762.713,3599.957,3436.842,3273.445,3109.833,2946.065,2782.188,2618.246,2454.273,2290.299,2126.345,1962.430,1798.568,1634.768,1471.035,1307.370,1143.774,980.244,816.772,653.352,489.976,326.632,163.311,0.000
0.000,27.705,55.449,83.265,111.187,139.244,167.469,195.896,224.555,253.481,282.704,312.259,342.177,372.492,403.238,434.447,466.153,498.391,531.194,564.598,598.636,633.344,668.758,704.912,741.844,779.588,818.184,857.667,898.074,939.445,981.818,1025.231,1069.724,1115.337,1162.110,1210.083,1259.299,1309.799,1361.626,1414.822,1469.431,1525.498,1583.066,1642.182,1702.890,1765.238,1829.273,1895.043,1962.595,2031.980,2103.246,2176.445,2251.627,2328.845,2408.151,2489.597,2573.238,2659.129,2747.325,2837.881,2930.855,3026.304,3124.286,3224.860,3328.086,3434.024,3542.734,3654.279,3768.721,3886.123,4006.549,4130.063,4256.730,4386.615,4519.785,4656.308,4796.249,4939.678,5086.662,5237.271,5391.573,5549.640,5711.541,5877.346,6047.126,6220.953,6398.898,6581.032,6767.427,6958.154,7153.286,7352.892,7557.046,7765.816,7979.275,8197.492,8420.536,8648.477,8881.383,9119.319,9362.354,9610.551,9863.975,10122.686,10386.746,10656.213,10931.143,11211.591,11497.607,11789.242,12086.540,12389.544,12698.293,13012.821,13333.161,13659.335,13991.366,14329.268,14673.050,15022.712,15378.250,15739.647,16106.881,16479.916,16858.708,17243.196,17633.309,18028.957,18430.032,18836.405,19247.923,19664.408,20085.647,20511.394,20941.361,21375.209,21812.546,22252.911,22695.766,23140.482,23586.324,24032.430,24477.788,24921.213,25361.314,25796.462,26224.747,26643.941,27051.454,27444.283,27818.982,28171.622,28497.784,28792.564,29050.615,29266.230,29433.457,29546.249,29598.627,29584.830,29499.430,29337.384,29094.023,28765.001,28346.197,27833.622,27223.346,26511.448,25694.033,24767.299,23727.700,22572.242,21299.042,19908.437,18405.325,16804.084,15138.441,13478.548,11948.855,10700.249,9716.509,8936.240,8304.146,7780.797,7340.333,6966.617,6650.366,6387.545,6178.805,6029.824,5952.217,5963.891,6084.576,6314.921,6588.503,6855.124,7090.173,7285.112,7439.250,7555.184,7636.612,7687.382,7711.109,7711.048,7690.073,7650.704,7595.142,7525.312,7442.897,7349.374,7246.039,7134.039,7014.382,6887.964,6755.577,6617.926,6475.639,6329.274,6179.331,6026.253,5870.438,5712.242,5551.982,5389.941,5226.373,5061.504,4895.535,4728.645,4560.993,4392.721,4223.954,4054.800,3885.357,3715.707,3545.924,3376.071,3206.199,3036.354,2866.573,2696.886,2527.316,2357.881,2188.592,2019.459,1850.484,1681.666,1513.001,1344.483,1176.101,1007.843,839.696,671.641,503.664,335.744,167.863,0.000
0.000,27.952,55.944,84.010,112.180,140.489,168.967,197.649,226.566,255.752,285.240,315.062,345.251,375.843,406.868,438.363,470.361,502.896,536.003,569.717,604.073,639.107,674.854,711.350,748.632,786.737,825.703,865.567,906.366,948.141,990.928,1034.769,1079.704,1125.771,1173.013,1221.471,1271.187,1322.203,1374.562,1428.309,1483.487,1540.142,1598.319,1658.064,1719.423,1782.444,1847.175,1913.666,1981.964,2052.121,2124.187,2198.214,2274.254,2352.360,2432.585,2514.985,2599.613,2686.527,2775.783,2867.438,2961.551,3058.181,3157.386,3259.229,3363.771,3471.072,3581.197,3694.210,3810.173,3929.154,4051.217,4176.429,4304.858,4436.572,4571.640,4710.132,4852.117,4997.667,5146.854,5299.749,5456.425,5616.956,5781.416,5949.879,6122.420,6299.114,6480.038,6665.266,6854.876,7048.943,7247.546,7450.761,7658.664,7871.333,8088.844,8311.274,8538.701,8771.198,9008.843,9251.710,9499.873,9753.406,10012.383,10276.874,10546.949,10822.678,11104.129,11391.366,11684.455,11983.456,12288.429,12599.431,12916.516,13239.735,13569.136,13904.762,14246.652,14594.842,14949.361,15310.235,15677.480,16051.110,16431.128,16817.528,17210.298,17609.414,18014.839,18426.523,18844.401,19268.392,19698.392,20134.277,20575.894,21023.059,21475.553,21933.113,22395.425,22862.117,23332.743,23806.775,24283.582,24762.412,25242.369,25722.381,26201.171,26677.214,27148.690,27613.436,28068.885,28512.009,28939.259,29346.512,29729.043,30081.516,30398.025,30672.187,30897.299,31066.547,31173.241,31211.050,31174.166,31057.384,30856.086,30566.142,30183.783,29705.474,29127.836,28447.638,27661.891,26768.064,25764.459,24650.796,23429.099,22105.110,20690.541,19206.663,17689.473,16195.029,14798.218,13569.151,12520.797,11633.581,10879.609,10233.749,9676.712,9194.979,8779.952,8427.182,8135.919,7908.874,7751.794,7671.877,7673.120,7746.681,7861.779,7988.343,8106.142,8204.234,8277.928,8326.145,8349.682,8350.218,8329.770,8290.408,8234.123,8162.759,8077.999,7981.358,7874.195,7757.724,7633.028,7501.073,7362.720,7218.736,7069.807,6916.544,6759.494,6599.146,6435.934,6270.248,6102.437,5932.812,5761.648,5589.195,5415.671,5241.273,5066.174,4890.527,4714.467,4538.115,4361.573,4184.932,4008.269,3831.652,3655.137,3478.771,3302.593,3126.633,2950.915,2775.457,2600.269,2425.358,2250.725,2076.366,1902.276,1728.441,1554.850,1381.484,1208.325,1035.352,862.540,689.865,517.302,344.822,172.397,0.000
0.000,28.183,56.408,84.706,113.110,141.653,170.369,199.289,228.448,257.877,287.612,317.684,348.129,378.978,410.267,442.030,474.301,507.115,540.507,574.512,609.166,644.505,680.565,717.383,754.995,793.440,832.754,872.976,914.145,956.299,999.479,1043.723,1089.074,1135.570,1183.256,1232.171,1282.359,1333.864,1386.728,1440.996,1496.714,1553.926,1612.680,1673.021,1734.999,1798.659,1864.053,1931.229,2000.237,2071.130,2143.958,2218.774,2295.632,2374.585,2455.689,2538.999,2624.572,2712.465,2802.735,2895.443,2990.648,3088.409,3188.790,3291.851,3397.657,3506.270,3617.756,3732.181,3849.611,3970.113,4093.755,4220.608,4350.739,4484.222,4621.126,4761.524,4905.489,5053.096,5204.418,5359.533,5518.515,5681.442,5848.391,6019.441,6194.671,6374.160,6557.988,6746.237,6938.987,7136.320,7338.319,7545.065,7756.642,7973.131,8194.618,8421.185,8652.914,8889.891,9132.197,9379.917,9633.131,9891.924,10156.377,10426.572,10702.588,10984.506,11272.404,11566.361,11866.451,12172.752,12485.334,12804.271,13129.632,13461.484,13799.891,14144.917,14496.620,14855.055,15220.275,15592.329,15971.258,16357.102,16749.893,17149.658,17556.416,17970.179,18390.948,18818.717,19253.464,19695.158,20143.748,20599.167,21061.326,21530.110,22005.375,22486.940,22974.582,23468.025,23966.932,24470.890,24979.392,25491.823,26007.427,26525.284,27044.268,27563.003,28079.814,28592.656,29099.050,29595.997,30079.897,30546.469,30990.685,31406.738,31788.067,32127.461,32417.256,32649.629,32816.957,32912.163,32928.983,32862.072,32706.951,32459.843,32117.452,31676.777,31134.998,30489.479,29737.920,28878.689,27911.354,26837.448,25661.508,24392.417,23045.114,21642.593,20217.794,18813.907,17479.866,16257.361,15163.971,14197.697,13346.979,12597.899,11937.804,11356.656,10847.298,10405.330,10028.837,9717.983,9474.231,9298.730,9189.375,9136.934,9123.622,9130.365,9141.857,9147.796,9142.132,9121.834,9085.803,9034.093,8967.401,8886.753,8793.313,8688.275,8572.802,8447.994,8314.871,8174.371,8027.349,7874.580,7716.763,7554.529,7388.447,7219.026,7046.727,6871.958,6695.088,6516.447,6336.329,6154.996,5972.682,5789.595,5605.920,5421.818,5237.434,5052.894,4868.307,4683.768,4499.360,4315.151,4131.201,3947.558,3764.262,3581.343,3398.825,3216.724,3035.049,2853.806,2672.991,2492.601,2312.623,2133.044,1953.845,1775.005,1596.500,1418.303,1240.385,1062.716,885.262,707.990,530.865,353.849,176.907,0.000
0.000,28.399,56.839,85.353,113.974,142.736,171.672,200.814,230.197,259.854,289.819,320.125,350.806,381.895,413.430,445.442,477.968,511.042,544.700,578.977,613.910,649.535,685.887,723.006,760.927,799.688,839.329,879.887,921.402,963.912,1007.459,1052.083,1097.824,1144.724,1192.826,1242.172,1292.805,1344.769,1398.109,1452.869,1509.096,1566.834,1626.133,1687.039,1749.600,1813.866,1879.886,1947.712,2017.393,2088.983,2162.534,2238.100,2315.735,2395.495,2477.435,2561.612,2648.084,2736.910,2828.150,2921.862,3018.109,3116.954,3218.458,3322.686,3429.702,3539.573,3652.365,3768.146,3886.985,4008.949,4134.112,4262.543,4394.315,4529.501,4668.176,4810.415,4956.293,5105.888,5259.278,5416.542,5577.758,5743.008,5912.373,6085.936,6263.778,6445.986,6632.642,6823.832,7019.643,7220.161,7425.474,7635.670,7850.837,8071.064,8296.442,8527.060,8763.009,9004.379,9251.261,9503.747,9761.927,10025.893,10295.737,10571.549,10853.421,11141.442,11435.704,11736.295,12043.306,12356.823,12676.935,13003.729,13337.288,13677.697,14025.039,14379.395,14740.842,15109.459,15485.319,15868.495,16259.055,16657.067,17062.590,17475.685,17896.404,18324.795,18760.902,19204.757,19656.390,20115.818,20583.047,21058.071,21540.869,22031.397,22529.595,23035.369,23548.595,24069.107,24596.688,25131.055,25671.850,26218.614,26770.767,27327.572,27888.102,28451.186,29015.352,29578.749,30139.064,30693.413,31238.225,31769.123,32280.809,32766.982,33220.324,33632.595,33994.876,34297.982,34533.001,34691.853,34767.708,34755.132,34649.956,34448.964,34149.530,33749.299,33246.006,32637.455,31921.708,31097.497,30164.889,29126.200,27987.124,26757.989,25454.949,24100.840,22725.240,21362.973,20050.006,18816.483,17680.054,16646.282,15712.732,14873.085,14119.974,13446.564,12847.278,12318.029,11856.141,11460.016,11128.445,10859.465,10648.748,10488.095,10365.448,10267.678,10183.170,10103.007,10021.019,9933.309,9837.658,9733.006,9619.048,9495.951,9364.164,9224.291,9077.008,8923.013,8762.995,8597.613,8427.492,8253.209,8075.298,7894.248,7710.503,7524.467,7336.507,7146.951,6956.094,6764.203,6571.515,6378.240,6184.567,5990.662,5796.671,5602.721,5408.926,5215.381,5022.170,4829.362,4637.016,4445.179,4253.892,4063.181,3873.071,3683.574,3494.697,3306.442,3118.804,2931.774,2745.337,2559.475,2374.164,2189.378,2005.089,1821.265,1637.870,1454.868,1272.219,1089.884,907.819,725.981,544.326,362.808,181.382,0.000
0.000,28.597,57.236,85.950,114.772,143.736,172.875,202.223,231.814,261.680,291.858,322.379,353.279,384.592,416.353,448.596,481.358,514.674,548.578,583.108,618.299,654.189,690.813,728.211,766.419,805.476,845.421,886.292,928.129,970.972,1014.861,1059.839,1105.945,1153.223,1201.714,1251.463,1302.513,1354.908,1408.693,1463.915,1520.618,1578.852,1638.662,1700.099,1763.210,1828.046,1894.657,1963.095,2033.412,2105.660,2179.895,2256.170,2334.541,2415.064,2497.796,2582.795,2670.122,2759.834,2851.994,2946.662,3043.902,3143.778,3246.353,3351.693,3459.866,3570.938,3684.979,3802.058,3922.244,4045.611,4172.231,4302.177,4435.525,4572.350,4712.728,4856.739,5004.460,5155.973,5311.357,5470.695,5634.071,5801.568,5973.271,6149.267,6329.643,6514.487,6703.889,6897.938,7096.724,7300.342,7508.882,7722.439,7941.108,8164.983,8394.161,8628.739,8868.814,9114.484,9365.848,9623.006,9886.057,10155.101,10430.240,10711.573,10999.204,11293.233,11593.761,11900.891,12214.725,12535.364,12862.910,13197.465,13539.129,13888.003,14244.188,14607.782,14978.885,15357.596,15744.012,16138.228,16540.340,16950.442,17368.626,17794.982,18229.597,18672.559,19123.950,19583.849,20052.332,20529.470,21015.327,21509.959,22013.417,22525.734,23046.935,23577.024,24115.981,24663.759,25220.273,25785.389,26358.913,26940.570,27529.984,28126.645,28729.870,29338.753,29952.101,30568.347,31185.445,31800.743,32410.822,33011.323,33596.759,34160.349,34693.925,35187.971,35631.905,36014.638,36325.411,36554.723,36695.032,36740.947,36688.917,36536.658,36282.523,35924.992,35462.370,34892.717,34214.041,33424.777,32524.574,31515.400,30402.855,29197.515,27915.898,26580.620,25219.391,23862.770,22540.734,21278.541,20093.504,18994.672,17984.609,17061.760,16222.467,15462.373,14777.248,14163.392,13617.711,13137.523,12720.101,12361.971,12058.095,11801.286,11582.439,11391.771,11220.184,11060.093,10905.681,10752.778,10598.572,10441.285,10279.894,10113.902,9943.168,9767.786,9587.996,9404.127,9216.554,9025.671,8831.873,8635.544,8437.051,8236.740,8034.929,7831.914,7627.964,7423.324,7218.215,7012.837,6807.367,6601.963,6396.765,6191.894,5987.458,5783.548,5580.244,5377.611,5175.703,4974.566,4774.232,4574.728,4376.071,4178.270,3981.329,3785.243,3590.005,3395.598,3202.005,3009.200,2817.156,2625.841,2435.220,2245.255,2055.905,1867.128,1678.877,1491.105,1303.763,1116.800,930.163,743.801,557.659,371.681,185.813,0.000
0.000,28.779,57.601,86.498,115.503,144.652,173.978,203.514,233.295,263.354,293.726,324.445,355.546,387.064,419.033,451.490,484.469,518.006,552.137,586.899,622.329,658.463,695.338,732.994,771.467,810.797,851.022,892.182,934.318,977.469,1021.676,1066.982,1113.427,1161.055,1209.909,1260.032,1311.470,1364.266,1418.467,1474.119,1531.268,1589.964,1650.253,1712.186,1775.812,1841.182,1908.347,1977.359,2048.273,2121.141,2196.018,2272.960,2352.024,2433.266,2516.745,2602.522,2690.655,2781.206,2874.236,2969.810,3067.991,3168.845,3272.437,3378.835,3488.107,3600.323,3715.553,3833.868,3955.342,4080.048,4208.060,4339.456,4474.312,4612.706,4754.718,4900.429,5049.921,5203.276,5360.579,5521.916,5687.372,5857.035,6030.995,6209.342,6392.167,6579.562,6771.622,6968.440,7170.113,7376.738,7588.413,7805.238,8027.313,8254.740,8487.621,8726.060,8970.161,9220.030,9475.774,9737.501,10005.318,10279.335,10559.662,10846.411,11139.693,11439.621,11746.308,12059.868,12380.415,12708.066,13042.936,13385.141,13734.799,14092.027,14456.943,14829.666,15210.315,15599.011,15995.872,16401.020,16814.577,17236.663,17667.401,18106.914,18555.325,19012.758,19479.337,19955.187,20440.432,20935.197,21439.606,21953.781,22477.842,23011.906,23556.087,24110.488,24675.203,25250.312,25835.871,26431.909,27038.415,27655.321,28282.484,28919.660,29566.463,30222.318,30886.392,31557.508,32234.021,32913.663,33593.347,34268.916,34934.860,35584.016,36207.317,36793.704,37330.360,37803.460,38199.470,38506.769,38716.912,38824.850,38828.239,38726.350,38519.021,38205.875,37785.856,37257.086,36617.039,35863.063,34993.295,34008.027,32911.433,31713.365,30430.552,29086.391,27708.968,26328.018,24971.649,23663.472,22420.780,21254.320,20169.299,19166.905,18245.789,17403.240,16635.978,15940.611,15313.820,14752.297,14252.498,13810.260,13420.411,13076.558,12771.292,12496.830,12245.752,12011.550,11788.886,11573.607,11362.624,11153.729,10945.405,10736.661,10526.888,10315.757,10103.135,9889.019,9673.498,9456.719,9238.861,9020.121,8800.703,8580.811,8360.640,8140.376,7920.192,7700.248,7480.688,7261.645,7043.236,6825.562,6608.715,6392.772,6177.798,5963.849,5750.968,5539.190,5328.541,5119.038,4910.690,4703.499,4497.461,4292.564,4088.794,3886.128,3684.539,3483.998,3284.470,3085.915,2888.292,2691.557,2495.661,2300.555,2106.185,1912.496,1719.433,1526.938,1334.949,1143.407,952.249,761.413,570.835,380.449,190.193,0.000
0.000,28.945,57.931,86.994,116.167,145.484,174.978,204.685,234.639,264.872,295.422,326.321,357.605,389.309,421.468,454.118,487.295,521.034,555.373,590.347,625.994,662.351,699.456,737.348,776.064,815.644,856.127,897.553,939.962,983.396,1027.896,1073.503,1120.261,1168.212,1217.400,1267.870,1319.665,1372.832,1427.418,1483.469,1541.032,1600.156,1660.890,1723.285,1787.390,1853.257,1920.938,1990.487,2061.957,2135.403,2210.881,2288.448,2368.161,2450.078,2534.259,2620.764,2709.656,2800.995,2894.846,2991.274,3090.343,3192.120,3296.674,3404.072,3514.385,3627.685,3744.043,3863.533,3986.229,4112.208,4241.547,4374.323,4510.618,4650.510,4794.083,4941.420,5092.606,5247.727,5406.870,5570.123,5737.577,5909.324,6085.456,6266.066,6451.251,6641.107,6835.733,7035.227,7239.691,7449.227,7663.939,7883.932,8109.312,8340.188,8576.667,8818.861,9066.881,9320.840,9580.854,9847.037,10119.507,10398.382,10683.783,10975.829,11274.645,11580.352,11893.076,12212.943,12540.081,12874.619,13216.687,13566.416,13923.940,14289.393,14662.912,15044.633,15434.696,15833.243,16240.417,16656.362,17081.226,17515.159,17958.314,18410.845,18872.912,19344.675,19826.302,20317.960,20819.826,21332.076,21854.895,22388.472,22933.001,23488.681,24055.717,24634.316,25224.690,25827.050,26441.605,27068.555,27708.088,28360.363,29025.499,29703.553,30394.486,31098.121,31814.078,32541.685,33279.856,34026.908,34780.330,35536.454,36290.048,37033.814,37757.879,38449.399,39092.587,39669.568,40162.417,40556.132,40841.142,41013.436,41072.962,41021.592,40861.438,40593.724,40218.177,39732.807,39134.037,38417.204,37577.574,36612.032,35521.534,34314.005,33006.594,31625.462,30202.109,28768.716,27354.405,25982.949,24671.853,23432.559,22271.392,21190.800,20190.575,19268.853,18422.842,17649.287,16944.696,16305.383,15727.370,15206.201,14736.774,14313.286,13929.390,13578.554,13254.494,12951.523,12664.762,12390.198,12124.650,11865.665,11611.403,11360.514,11112.034,10865.293,10619.840,10375.390,10131.778,9888.925,9646.809,9405.455,9164.911,8925.243,8686.527,8448.841,8212.264,7976.870,7742.729,7509.904,7278.451,7048.417,6819.843,6592.761,6367.194,6143.160,5920.667,5699.718,5480.309,5262.430,5046.063,4831.188,4617.777,4405.799,4195.219,3985.995,3778.086,3571.442,3366.014,3161.749,2958.590,2756.480,2555.356,2355.157,2155.818,1957.272,1759.452,1562.289,1365.712,1169.650,974.030,778.780,583.826,389.095,194.511,0.000
0.000,29.093,58.228,87.439,116.761,146.229,175.876,205.736,235.844,266.235,296.943,328.004,359.453,391.324,423.654,456.479,489.833,523.755,558.281,593.447,629.290,665.849,703.162,741.267,780.204,820.011,860.728,902.395,945.054,988.746,1033.512,1079.395,1126.438,1174.684,1224.178,1274.964,1327.088,1380.596,1435.535,1491.953,1549.896,1609.415,1670.560,1733.380,1797.927,1864.254,1932.413,2002.458,2074.445,2148.428,2224.465,2302.612,2382.929,2465.475,2550.311,2637.498,2727.098,2819.175,2913.795,3011.022,3110.925,3213.569,3319.027,3427.367,3538.661,3652.983,3770.406,3891.006,4014.859,4142.044,4272.639,4406.726,4544.386,4685.703,4830.761,4979.647,5132.448,5289.254,5450.154,5615.240,5784.607,5958.349,6136.562,6319.345,6506.797,6699.020,6896.115,7098.187,7305.342,7517.687,7735.332,7958.387,8186.965,8421.179,8661.146,8906.981,9158.805,9416.738,9680.902,9951.422,10228.423,10512.033,10802.380,11099.596,11403.815,11715.170,12033.798,12359.837,12693.428,13034.715,13383.840,13740.951,14106.196,14479.728,14861.699,15252.268,15651.592,16059.834,16477.161,16903.743,17339.751,17785.364,18240.765,18706.141,19181.685,19667.596,20164.083,20671.359,21189.647,21719.181,22260.203,22812.969,23377.747,23954.819,24544.481,25147.047,25762.847,26392.228,27035.556,27693.210,28365.587,29053.089,29756.119,30475.067,31210.284,31962.056,32730.543,33515.707,34317.192,35134.144,35964.946,36806.836,37655.351,38503.580,39341.231,40153.649,40921.221,41619.991,42224.664,42714.350,43078.223,43314.912,43428.690,43425.718,43311.503,43089.487,42760.395,42321.998,41769.160,41094.199,40287.816,39341.041,38248.710,37014.567,35656.398,34206.789,32705.323,31190.367,29694.338,28242.096,26851.154,25532.703,24292.940,23134.360,22056.890,21058.786,20137.285,19289.034,18510.329,17797.209,17145.438,16550.441,16007.242,15510.469,15054.475,14633.553,14242.200,13875.343,13528.498,13197.835,12880.175,12572.943,12274.094,11982.029,11695.515,11413.613,11135.617,10861.000,10589.378,10320.470,10054.078,9790.061,9528.325,9268.807,9011.468,8756.283,8503.238,8252.324,8003.539,7756.876,7512.331,7269.897,7029.563,6791.317,6555.140,6321.010,6088.902,5858.785,5630.625,5404.383,5180.018,4957.483,4736.730,4517.704,4300.351,4084.612,3870.426,3657.727,3446.451,3236.529,3027.889,2820.461,2614.170,2408.940,2204.695,2001.356,1798.845,1597.081,1395.983,1195.469,995.457,795.864,596.605,397.598,198.758,0.000
0.000,29.223,58.489,87.832,117.287,146.887,176.668,206.664,236.909,267.439,298.288,329.492,361.087,393.107,425.589,458.568,492.081,526.166,560.857,596.194,632.213,668.953,706.452,744.748,783.881,823.892,864.819,906.704,949.587,993.511,1038.517,1084.649,1131.949,1180.463,1230.233,1281.307,1333.729,1387.546,1442.807,1499.557,1557.848,1617.727,1679.247,1742.456,1807.409,1874.157,1942.755,2013.257,2085.718,2160.196,2236.747,2315.431,2396.307,2479.435,2564.877,2652.695,2742.954,2835.717,2931.052,3029.025,3129.704,3233.159,3339.462,3448.683,3560.896,3676.177,3794.600,3916.243,4041.185,4169.506,4301.287,4436.610,4575.562,4718.226,4864.692,5015.046,5169.380,5327.787,5490.359,5657.191,5828.381,6004.027,6184.229,6369.089,6558.711,6753.200,6952.663,7157.210,7366.950,7581.997,7802.465,8028.471,8260.132,8497.569,8740.904,8990.262,9245.767,9507.549,9775.737,10050.464,10331.864,10620.074,10915.232,11217.480,11526.962,11843.821,12168.208,12500.271,12840.166,13188.047,13544.073,13908.407,14281.212,14662.658,15052.914,15452.158,15860.568,16278.328,16705.626,17142.656,17589.616,18046.713,18514.156,18992.167,19480.973,19980.809,20491.924,21014.577,21549.037,22095.592,22654.544,23226.212,23810.937,24409.083,25021.038,25647.220,26288.076,26944.093,27615.790,28303.732,29008.528,29730.831,30471.343,31230.807,32010.002,32809.724,33630.756,34473.810,35339.439,36227.881,37138.803,38070.897,39021.220,39984.181,40950.047,41902.956,42818.845,43664.681,44402.048,44998.515,45442.607,45739.406,45901.263,45941.176,45869.449,45692.399,45411.983,45025.689,44526.459,43902.664,43138.497,42215.648,41117.737,39839.192,38397.675,36840.009,35222.059,33593.122,31990.513,30439.977,28957.992,27554.190,26233.337,24996.842,23843.872,22772.150,21778.514,20859.272,20010.417,19227.725,18506.774,17842.928,17231.330,16666.923,16144.540,15659.037,15205.464,14779.209,14376.115,13992.532,13625.336,13271.905,12930.071,12598.064,12274.456,11958.102,11648.090,11343.695,11044.344,10749.582,10459.052,10172.469,9889.604,9610.277,9334.340,9061.670,8792.165,8525.738,8262.311,8001.815,7744.186,7489.361,7237.282,6987.888,6741.121,6496.921,6255.226,6015.973,5779.099,5544.536,5312.217,5082.070,4854.024,4628.005,4403.936,4181.740,3961.338,3742.649,3525.590,3310.077,3096.027,2883.352,2671.965,2461.778,2252.701,2044.646,1837.520,1631.233,1425.693,1220.807,1016.481,812.624,609.142,405.939,202.924,0.000
0.000,29.337,58.716,88.173,117.742,147.458,177.355,207.468,237.832,268.483,299.455,330.783,362.505,394.654,427.269,460.383,494.035,528.261,563.099,598.585,634.758,671.657,709.319,747.784,787.092,827.281,868.394,910.471,953.554,997.684,1042.903,1089.257,1136.787,1185.539,1235.557,1286.888,1339.577,1393.672,1449.221,1506.272,1564.875,1625.080,1686.938,1750.500,1815.820,1882.951,1951.947,2022.864,2095.759,2170.688,2247.710,2326.885,2408.272,2491.934,2577.933,2666.332,2757.197,2850.593,2946.588,3045.251,3146.650,3250.856,3357.944,3467.984,3581.053,3697.227,3816.583,3939.202,4065.162,4194.547,4327.439,4463.925,4604.090,4748.023,4895.814,5047.554,5203.337,5363.258,5527.412,5695.900,5868.819,6046.274,6228.367,6415.205,6606.896,6803.548,7005.273,7212.186,7424.401,7642.037,7865.213,8094.051,8328.676,8569.214,8815.793,9068.544,9327.601,9593.099,9865.175,10143.972,10429.631,10722.298,11022.121,11329.252,11643.844,11966.054,12296.041,12633.968,12980.001,13334.310,13697.067,14068.448,14448.635,14837.812,15236.167,15643.896,16061.195,16488.271,16925.333,17372.599,17830.292,18298.644,18777.896,19268.299,19770.112,20283.610,20809.078,21346.817,21897.146,22460.402,23036.943,23627.153,24231.442,24850.253,25484.063,26133.390,26798.799,27480.906,28180.387,28897.987,29634.524,30390.905,31168.131,31967.310,32789.662,33636.528,34509.365,35409.733,36339.245,37299.483,38291.810,39317.024,40374.720,41462.121,42572.039,43689.480,44786.695,45817.989,46720.468,47435.170,47954.390,48298.932,48495.863,48568.347,48532.782,48398.739,48169.503,47842.364,47408.369,46851.542,46147.900,45265.352,44167.432,42826.820,41255.132,39533.542,37749.812,35969.578,34234.648,32569.336,30986.679,29492.761,28089.409,26775.833,25549.640,24407.466,23345.385,22359.160,21444.384,20596.545,19811.048,19083.213,18408.275,17781.405,17197.777,16652.648,16141.467,15659.975,15204.281,14770.905,14356.801,13959.341,13576.291,13205.773,12846.218,12496.327,12155.025,11821.426,11494.800,11174.545,10860.164,10551.241,10247.432,9948.444,9654.031,9363.978,9078.102,8796.238,8518.240,8243.976,7973.323,7706.166,7442.399,7181.917,6924.619,6670.408,6419.188,6170.864,5925.340,5682.523,5442.317,5204.629,4969.362,4736.422,4505.713,4277.138,4050.599,3825.998,3603.237,3382.217,3162.839,2945.001,2728.603,2513.545,2299.724,2087.039,1875.387,1664.665,1454.772,1245.602,1037.054,829.023,621.406,414.100,206.999,0.000
0.000,29.432,58.907,88.460,118.126,147.939,177.934,208.147,238.612,269.365,300.441,331.876,363.705,395.965,428.691,461.921,495.692,530.040,565.002,600.616,636.922,673.957,711.760,750.370,789.828,830.174,871.448,913.692,956.948,1001.257,1046.664,1093.211,1140.943,1189.904,1240.140,1291.697,1344.622,1398.963,1454.768,1512.085,1570.966,1631.461,1693.621,1757.498,1823.147,1890.620,1959.975,2031.266,2104.550,2179.886,2257.334,2336.953,2418.804,2502.951,2589.456,2678.385,2769.803,2863.778,2960.377,3059.672,3161.732,3266.630,3374.439,3485.235,3599.094,3716.095,3836.316,3959.839,4086.746,4217.120,4351.049,4488.618,4629.917,4775.037,4924.071,5077.111,5234.254,5395.599,5561.244,5731.292,5905.845,6085.010,6268.894,6457.606,6651.259,6849.966,7053.843,7263.008,7477.583,7697.689,7923.452,8155.000,8392.462,8635.971,8885.662,9141.672,9404.143,9673.216,9949.039,10231.758,10521.526,10818.498,11122.830,11434.684,11754.225,12081.618,12417.036,12760.653,13112.647,13473.201,13842.503,14220.742,14608.115,15004.824,15411.072,15827.074,16253.047,16689.215,17135.811,17593.074,18061.253,18540.606,19031.401,19533.918,20048.451,20575.306,21114.808,21667.298,22233.139,22812.718,23406.447,24014.769,24638.160,25277.138,25932.264,26604.151,27293.473,28000.973,28727.473,29473.886,30241.236,31030.670,31843.479,32681.127,33545.271,34437.799,35360.860,36316.899,37308.688,38339.334,39412.240,40530.956,41698.774,42917.778,44186.714,45496.411,46820.624,48100.248,49226.778,50067.405,50640.934,51006.146,51214.974,51303.625,51294.648,51200.318,51024.970,50765.936,50413.146,49947.270,49336.238,48530.457,47459.847,46045.552,44262.519,42289.242,40274.097,38300.759,36409.194,34616.071,32926.658,31340.797,29855.736,28467.477,27171.425,25962.725,24836.440,23787.641,22811.456,21903.066,21057.707,20270.652,19537.201,18852.700,18212.570,17612.366,17047.840,16515.006,16010.193,15530.074,15071.689,14632.436,14210.052,13802.593,13408.394,13026.041,12654.336,12292.264,11938.968,11593.719,11255.901,10924.987,10600.524,10282.125,9969.449,9662.200,9360.115,9062.961,8770.524,8482.613,8199.050,7919.670,7644.318,7372.846,7105.115,6840.989,6580.338,6323.034,6068.954,5817.975,5569.976,5324.839,5082.446,4842.679,4605.424,4370.563,4137.983,3907.566,3679.200,3452.769,3228.160,3005.257,2783.947,2564.116,2345.649,2128.433,1912.354,1697.298,1483.150,1269.797,1057.126,845.021,633.371,422.059,210.974,0.000
0.000,29.510,59.063,88.694,118.439,148.331,178.406,208.700,239.248,270.084,301.245,332.767,364.685,397.035,429.855,463.180,497.048,531.496,566.563,602.284,638.700,675.849,713.770,752.503,792.088,832.565,873.975,916.361,959.763,1004.226,1049.792,1096.505,1144.409,1193.550,1243.974,1295.727,1348.856,1403.410,1459.437,1516.987,1576.110,1636.858,1699.283,1763.437,1829.375,1897.151,1966.822,2038.444,2112.075,2187.774,2265.600,2345.616,2427.883,2512.464,2599.424,2688.830,2780.747,2875.245,2972.392,3072.260,3174.920,3280.447,3388.915,3500.402,3614.985,3732.744,3853.759,3978.114,4105.893,4237.181,4372.067,4510.641,4652.992,4799.215,4949.404,5103.655,5262.069,5424.745,5591.785,5763.295,5939.382,6120.155,6305.724,6496.203,6691.709,6892.358,7098.271,7309.571,7526.384,7748.837,7977.060,8211.187,8451.355,8697.700,8950.364,9209.493,9475.232,9747.733,10027.149,10313.636,10607.355,10908.469,11217.144,11533.552,11857.867,12190.267,12530.933,12880.053,13237.818,13604.423,13980.068,14364.960,14759.308,15163.330,15577.249,16001.294,16435.703,16880.719,17336.595,17803.593,18281.986,18772.055,19274.097,19788.420,20315.347,20855.219,21408.395,21975.256,22556.206,23151.677,23762.131,24388.067,25030.024,25688.586,26364.393,27058.146,27770.618,28502.666,29255.246,30029.429,30826.421,31647.590,32494.497,33368.931,34272.955,35208.971,36179.784,37188.698,38239.631,39337.255,40487.164,41696.061,42971.889,44323.725,45760.819,47288.991,48899.278,50535.713,52019.082,52966.813,53535.858,53869.797,54054.311,54136.575,54141.903,54082.952,53964.152,53783.292,53531.035,53188.178,52719.348,52060.413,51095.968,49633.041,47460.175,45086.833,42756.602,40550.193,38485.326,36559.123,34763.116,33088.065,31525.296,30066.949,28705.895,27435.608,26250.047,25143.553,24110.775,23146.601,22246.112,21404.536,20617.230,19879.677,19187.494,18536.466,17922.584,17342.082,16791.475,16267.577,15767.517,15288.733,14828.964,14386.228,13958.801,13545.187,13144.095,12754.410,12375.171,12005.548,11644.821,11292.367,10947.642,10610.170,10279.529,9955.346,9637.288,9325.054,9018.372,8716.992,8420.684,8129.235,7842.444,7560.122,7282.091,7008.179,6738.222,6472.063,6209.546,5950.524,5694.849,5442.379,5192.974,4946.496,4702.807,4461.774,4223.264,3987.144,3753.284,3521.554,3291.825,3063.968,2837.856,2613.363,2390.361,2168.725,1948.329,1729.048,1510.757,1293.331,1076.647,860.579,645.004,429.799,214.839,0.000
0.000,29.570,59.183,88.874,118.679,148.632,178.770,209.126,239.737,270.639,301.866,333.455,365.442,397.864,430.756,464.156,498.102,532.630,567.778,603.585,640.090,677.330,715.346,754.178,793.865,834.448,875.970,918.471,961.995,1006.584,1052.281,1099.131,1147.179,1196.470,1247.051,1298.968,1352.269,1407.003,1463.218,1520.966,1580.296,1641.260,1703.912,1768.304,1834.492,1902.530,1972.475,2044.384,2118.317,2194.333,2272.491,2352.856,2435.488,2520.454,2607.817,2697.646,2790.007,2884.971,2982.607,3082.988,3186.187,3292.280,3401.343,3513.453,3628.691,3747.137,3868.874,3993.987,4122.562,4254.686,4390.450,4529.945,4673.263,4820.502,4971.758,5127.130,5286.720,5450.631,5618.968,5791.840,5969.357,6151.631,6338.777,6530.912,6728.155,6930.629,7138.459,7351.771,7570.696,7795.367,8025.919,8262.490,8505.224,8754.263,9009.755,9271.853,9540.709,9816.482,10099.331,10389.423,10686.925,10992.009,11304.852,11625.634,11954.539,12291.756,12637.478,12991.902,13355.234,13727.680,14109.454,14500.776,14901.873,15312.975,15734.323,16166.163,16608.750,17062.347,17527.228,18003.676,18491.984,18992.460,19505.425,20031.214,20570.178,21122.691,21689.144,22269.952,22865.560,23476.441,24103.103,24746.095,25406.011,26083.498,26779.264,27494.088,28228.829,28984.448,29762.015,30562.737,31387.980,32239.302,33118.493,34027.622,34969.103,35945.775,36961.009,38018.855,39124.233,40283.211,41503.394,42794.501,44169.235,45644.624,47244.025,48999.604,50951.900,53124.329,55347.086,56244.953,56665.927,56882.910,56995.925,57046.488,57053.460,57025.455,56965.416,56872.061,56739.541,56555.073,56292.577,55895.893,55230.585,53930.486,50858.323,47841.335,45115.306,42658.108,40422.822,38372.008,36478.650,34723.080,33090.470,31569.164,30149.634,28823.805,27584.628,26425.793,25341.535,24326.501,23375.653,22484.200,21647.562,20861.340,20121.321,19423.481,18764.009,18139.329,17546.115,16981.313,16442.140,15926.090,15430.918,14954.633,14495.474,14051.892,13622.529,13206.194,12801.844,12408.566,12025.555,11652.107,11287.598,10931.473,10583.240,10242.458,9908.727,9581.686,9261.008,8946.389,8637.549,8334.230,8036.188,7743.195,7455.034,7171.499,6892.394,6617.531,6346.726,6079.804,5816.595,5556.930,5300.649,5047.592,4797.603,4550.528,4306.218,4064.523,3825.295,3588.392,3353.668,3120.982,2890.193,2661.160,2433.746,2207.812,1983.221,1759.836,1537.523,1316.145,1095.567,875.657,656.279,437.299,218.584,0.000
0.000,29.611,59.266,88.999,118.847,148.843,179.023,209.424,240.080,271.028,302.302,333.939,365.976,398.448,431.393,464.848,498.850,533.437,568.646,604.516,641.087,678.396,716.483,755.389,795.155,835.820,877.428,920.019,963.637,1008.324,1054.125,1101.084,1149.246,1198.657,1249.364,1301.414,1354.854,1409.734,1466.104,1524.013,1583.513,1644.657,1707.497,1772.088,1838.485,1906.743,1976.919,2049.073,2123.262,2199.548,2277.991,2358.655,2441.603,2526.901,2614.614,2704.811,2797.559,2892.931,2990.996,3091.830,3195.505,3302.099,3411.689,3524.355,3640.178,3759.240,3881.625,4007.420,4136.712,4269.592,4406.151,4546.483,4690.683,4838.848,4991.079,5147.478,5308.147,5473.194,5642.727,5816.857,5995.697,6179.363,6367.973,6561.648,6760.511,6964.689,7174.310,7389.506,7610.413,7837.167,8069.910,8308.785,8553.940,8805.525,9063.694,9328.605,9600.418,9879.298,10165.415,10458.939,10760.048,11068.922,11385.747,11710.713,12044.013,12385.847,12736.418,13095.937,13464.618,13842.682,14230.357,14627.875,15035.476,15453.408,15881.927,16321.295,16771.784,17233.677,17707.266,18192.853,18690.756,19201.304,19724.840,20261.725,20812.340,21377.083,21956.378,22550.673,23160.447,23786.210,24428.512,25087.946,25765.154,26460.838,27175.762,27910.773,28666.805,29444.899,30246.224,31072.095,31924.006,32803.668,33713.049,34654.436,35630.509,36644.438,37700.019,38801.848,39955.576,41168.277,42448.986,43809.571,45266.154,46841.705,48571.216,50513.632,52784.484,55662.672,60000.000,60000.000,60000.000,60000.000,60000.000,60000.000,60000.000,60000.000,60000.000,60000.000,60000.000,60000.000,60000.000,60000.000,60000.000,60000.000,54201.310,50304.894,47205.200,44544.136,42175.869,40027.468,38056.425,36235.169,34544.371,32969.639,31499.710,30125.391,28838.910,27633.499,26503.117,25442.264,24445.848,23509.105,22627.532,21796.860,21013.029,20272.190,19570.709,18905.176,18272.414,17669.490,17093.715,16542.642,16014.062,15505.989,15016.649,14544.461,14088.020,13646.079,13217.533,12801.402,12396.816,12002.998,11619.258,11244.975,10879.593,10522.609,10173.566,9832.049,9497.676,9170.096,8848.985,8534.038,8224.973,7921.524,7623.437,7330.475,7042.409,6759.022,6480.104,6205.452,5934.872,5668.173,5405.173,5145.691,4889.552,4636.584,4386.619,4139.492,3895.041,3653.105,3413.525,3176.147,2940.817,2707.381,2475.689,2245.590,2016.937,1789.581,1563.377,1338.178,1113.839,890.215,667.163,444.539,222.199,0.000
0.000,29.635,59.313,89.070,118.941,148.962,179.167,209.593,240.275,271.249,302.551,334.217,366.284,398.787,431.765,465.253,499.291,533.915,569.163,605.074,641.688,679.043,717.178,756.135,795.955,836.677,878.344,920.999,964.684,1009.443,1055.319,1102.357,1150.604,1200.105,1250.906,1303.056,1356.602,1411.595,1468.083,1526.119,1585.753,1647.038,1710.028,1774.778,1841.342,1909.778,1980.143,2052.495,2126.896,2203.404,2282.084,2362.998,2446.210,2531.786,2619.795,2710.304,2803.382,2899.103,2997.537,3098.760,3202.848,3309.877,3419.927,3533.079,3649.415,3769.018,3891.976,4018.375,4148.306,4281.859,4419.129,4560.210,4705.202,4854.203,5007.315,5164.643,5326.293,5492.375,5662.999,5838.279,6018.332,6203.276,6393.234,6588.330,6788.690,6994.446,7205.730,7422.678,7645.431,7874.129,8108.920,8349.952,8597.378,8851.355,9112.042,9379.604,9654.207,9936.024,10225.231,10522.007,10826.538,11139.013,11459.626,11788.575,12126.065,12472.305,12827.509,13191.899,13565.701,13949.148,14342.479,14745.942,15159.791,15584.287,16019.701,16466.312,16924.409,17394.292,17876.271,18370.669,18877.823,19398.081,19931.812,20479.400,21041.247,21617.782,22209.452,22816.737,23440.147,24080.223,24737.553,25412.766,26106.546,26819.637,27552.855,28307.096,29083.354,29882.735,30706.477,31555.979,32432.826,33338.834,34276.093,35247.033,36254.500,37301.868,38393.171,39533.304,40728.284,41985.639,43314.982,44728.889,46244.322,47885.013,49685.652,51699.341,54009.804,56741.901,60000.000,60000.000,60000.000,60000.000,60000.000,60000.000,60000.000,60000.000,60000.000,60000.000,60000.000,60000.000,60000.000,60000.000,60000.000,60000.000,55642.032,51971.747,48856.480,46137.388,43709.074,41505.594,39484.443,37616.832,35882.242,34265.349,32754.214,31339.178,30012.165,28766.223,27595.220,26493.638,25456.424,24478.892,23556.660,22685.597,21861.806,21081.605,20341.527,19638.319,18968.946,18330.591,17720.661,17136.779,16576.777,16038.694,15520.756,15021.367,14539.095,14072.654,13620.894,13182.784,12757.397,12343.902,11941.552,11549.668,11167.640,10794.911,10430.973,10075.359,9727.643,9387.428,9054.346,8728.055,8408.233,8094.578,7786.804,7484.641,7187.831,6896.129,6609.297,6327.109,6049.345,5775.795,5506.252,5240.518,4978.398,4719.703,4464.247,4211.848,3962.329,3715.515,3471.233,3229.314,2989.591,2751.900,2516.076,2281.958,2049.387,1818.203,1588.250,1359.371,1131.411,904.215,677.630,451.500,225.675,0.000
0.000,29.640,59.323,89.085,118.962,148.988,179.199,209.632,240.321,271.303,302.613,334.288,366.364,398.879,431.868,465.370,499.422,534.061,569.326,605.256,641.891,679.268,717.428,756.412,796.260,837.014,878.716,921.407,965.132,1009.934,1055.857,1102.946,1151.247,1200.806,1251.670,1303.888,1357.507,1412.577,1469.150,1527.275,1587.006,1648.395,1711.495,1776.363,1843.053,1911.624,1982.133,2054.640,2129.204,2205.888,2284.754,2365.867,2449.291,2535.093,2623.342,2714.106,2807.456,2903.466,3002.207,3103.757,3208.191,3315.588,3426.029,3539.595,3656.371,3776.441,3899.893,4026.818,4157.304,4291.447,4429.341,4571.084,4716.776,4866.518,5020.416,5178.574,5341.103,5508.114,5679.722,5856.041,6037.194,6223.300,6414.486,6610.879,6812.611,7019.815,7232.628,7451.192,7675.649,7906.147,8142.838,8385.874,8635.415,8891.623,9154.663,9424.706,9701.926,9986.501,10278.615,10578.456,10886.216,11202.092,11526.288,11859.011,12200.476,12550.900,12910.509,13279.536,13658.217,14046.797,14445.530,14854.674,15274.497,15705.275,16147.294,16600.847,17066.241,17543.790,18033.823,18536.681,19052.719,19582.308,20125.833,20683.702,21256.340,21844.197,22447.748,23067.496,23703.977,24357.764,25029.471,25719.760,26429.346,27159.010,27909.601,28682.058,29477.413,30296.817,31141.557,32013.079,32913.024,33843.262,34805.945,35803.564,36839.029,37915.772,39037.879,40210.270,41438.945,42731.315,44096.684,45546.923,47097.442,48768.548,50587.182,52588.383,54813.555,57295.149,60000.000,60000.000,60000.000,60000.000,60000.000,60000.000,60000.000,60000.000,60000.000,60000.000,60000.000,60000.000,60000.000,60000.000,60000.000,60000.000,56395.081,53083.595,50111.603,47439.883,45017.469,42801.417,40758.952,38865.505,37102.449,35455.336,33912.657,32464.985,31104.393,29824.053,28617.952,27480.696,26407.370,25393.438,24434.675,23527.123,22667.055,21850.963,21075.543,20337.698,19634.530,18963.342,18321.637,17707.112,17117.655,16551.335,16006.396,15481.241,14974.424,14484.636,14010.695,13551.531,13106.176,12673.755,12253.470,11844.598,11446.482,11058.515,10680.147,10310.866,9950.202,9597.719,9253.010,8915.694,8585.416,8261.840,7944.648,7633.541,7328.232,7028.449,6733.928,6444.421,6159.684,5879.485,5603.598,5331.803,5063.890,4799.649,4538.880,4281.385,4026.971,3775.448,3526.629,3280.334,3036.381,2794.593,2554.795,2316.815,2080.481,1845.623,1612.074,1379.667,1148.237,917.618,687.649,458.164,229.002,0.000
0.000,29.626,59.296,89.044,118.908,148.921,179.120,209.540,240.217,271.187,302.486,334.150,366.216,398.721,431.702,465.196,499.241,533.874,569.134,605.061,641.693,679.069,717.230,756.216,796.068,836.828,878.537,921.239,964.977,1009.793,1055.734,1102.844,1151.169,1200.755,1251.651,1303.903,1357.561,1412.675,1469.296,1527.475,1587.264,1648.717,1711.888,1776.833,1843.608,1912.270,1982.879,2055.493,2130.175,2206.985,2285.988,2367.248,2450.831,2536.804,2625.237,2716.199,2809.762,2905.999,3004.985,3106.796,3211.510,3319.207,3429.968,3543.876,3661.017,3781.478,3905.346,4032.713,4163.673,4298.319,4436.749,4579.063,4725.361,4875.749,5030.332,5189.220,5352.523,5520.356,5692.836,5870.082,6052.217,6239.365,6431.656,6629.220,6832.193,7040.710,7254.916,7474.953,7700.970,7933.118,8171.555,8416.438,8667.932,8926.204,9191.426,9463.775,9743.430,10030.578,10325.409,10628.117,10938.904,11257.975,11585.541,11921.819,12267.032,12621.408,12985.184,13358.601,13741.908,14135.362,14539.226,14953.774,15379.285,15816.049,16264.365,16724.544,17196.904,17681.778,18179.511,18690.460,19214.998,19753.513,20306.412,20874.119,21457.082,22055.769,22670.679,23302.336,23951.298,24618.161,25303.564,26008.191,26732.784,27478.147,28245.155,29034.771,29848.051,30686.171,31550.437,32442.315,33363.462,34315.755,35301.345,36322.707,37382.712,38484.717,39632.679,40831.304,42086.232,43404.285,44793.780,46264.910,47830.174,49504.726,51306.279,53253.549,55360.944,57625.161,60000.000,60000.000,60000.000,60000.000,60000.000,60000.000,60000.000,60000.000,60000.000,60000.000,60000.000,60000.000,60000.000,60000.000,60000.000,60000.000,56854.702,53855.961,51066.471,48493.089,46119.527,43923.680,41884.471,39983.818,38206.746,36540.928,34976.133,33503.752,32116.413,30807.690,29571.887,28403.876,27298.976,26252.870,25261.540,24321.227,23428.393,22579.713,21772.053,21002.470,20268.206,19566.685,18895.508,18252.456,17635.475,17042.679,16472.337,15922.863,15392.810,14880.860,14385.808,13906.560,13442.115,12991.562,12554.067,12128.868,11715.266,11312.617,10920.327,10537.850,10164.675,9800.329,9444.371,9096.387,8755.988,8422.807,8096.498,7776.731,7463.194,7155.589,6853.630,6557.043,6265.564,5978.939,5696.924,5419.280,5145.777,4876.191,4610.304,4347.903,4088.779,3832.730,3579.555,3329.060,3081.051,2835.339,2591.737,2350.062,2110.130,1871.762,1634.780,1399.006,1164.267,930.386,697.192,464.511,232.171,0.000
0.000,29.594,59.231,88.948,118.779,148.761,178.928,209.316,239.962,270.901,302.169,333.803,365.838,398.313,431.265,464.730,498.746,533.351,568.585,604.485,641.092,678.443,716.581,755.544,795.375,836.115,877.806,920.491,964.213,1009.017,1054.947,1102.047,1150.366,1199.948,1250.842,1303.096,1356.759,1411.882,1468.515,1526.710,1586.519,1647.998,1711.199,1776.180,1842.996,1911.706,1982.369,2055.045,2129.796,2206.683,2285.772,2367.127,2450.816,2536.905,2625.465,2716.566,2810.281,2906.683,3005.850,3107.856,3212.783,3320.710,3431.719,3545.896,3663.327,3784.099,3908.302,4036.030,4167.377,4302.439,4441.315,4584.106,4730.916,4881.850,5037.018,5196.531,5360.501,5529.047,5702.286,5880.342,6063.339,6251.406,6444.675,6643.279,6847.358,7057.052,7272.507,7493.872,7721.298,7954.943,8194.967,8441.534,8694.813,8954.977,9222.204,9496.676,9778.579,10068.107,10365.456,10670.829,10984.433,11306.482,11637.196,11976.800,12325.527,12683.613,13051.306,13428.856,13816.524,14214.578,14623.292,15042.952,15473.851,15916.291,16370.584,16837.055,17316.038,17807.880,18312.940,18831.593,19364.227,19911.247,20473.078,21050.161,21642.961,22251.966,22877.691,23520.679,24181.508,24860.791,25559.183,26277.388,27016.164,27776.328,28558.770,29364.464,30194.474,31049.977,31932.280,32842.836,33783.280,34755.455,35761.452,36803.659,37884.820,39008.103,40177.190,41396.379,42670.709,44006.100,45409.497,46888.990,48453.812,50114.065,51879.785,53758.685,55751.567,57844.569,60000.000,60000.000,60000.000,60000.000,60000.000,60000.000,60000.000,60000.000,60000.000,60000.000,60000.000,60000.000,60000.000,60000.000,60000.000,60000.000,57167.773,54419.086,51805.246,49346.494,47043.890,44889.330,42871.462,40978.581,39199.826,37525.533,35947.235,34457.521,33049.862,31718.456,30458.082,29263.996,28131.842,27057.583,26037.450,25067.912,24145.644,23267.510,22430.555,21631.995,20869.214,20139.758,19441.335,18771.808,18129.193,17511.654,16917.493,16345.149,15793.183,15260.274,14745.209,14246.877,13764.254,13296.404,12842.462,12401.636,11973.192,11556.452,11150.791,10755.625,10370.412,9994.646,9627.853,9269.588,8919.434,8576.994,8241.894,7913.779,7592.312,7277.169,6968.043,6664.638,6366.669,6073.862,5785.954,5502.688,5223.818,4949.102,4678.307,4411.204,4147.572,3887.194,3629.855,3375.349,3123.470,2874.017,2626.792,2381.599,2138.247,1896.543,1656.301,1417.333,1179.455,942.482,706.231,470.522,235.172,0.000
0.000,29.543,59.130,88.796,118.576,148.507,178.623,208.961,239.556,270.444,301.661,333.244,365.229,397.654,430.555,463.970,497.936,532.492,567.676,603.528,640.085,677.389,715.478,754.395,794.179,834.873,876.519,919.160,962.839,1007.601,1053.490,1100.552,1148.832,1198.379,1249.239,1301.461,1355.095,1410.191,1466.800,1524.973,1584.765,1646.229,1709.420,1774.395,1841.209,1909.923,1980.595,2053.285,2128.056,2204.971,2284.095,2365.493,2449.232,2535.380,2624.010,2715.191,2808.996,2905.502,3004.783,3106.919,3211.989,3320.075,3431.260,3545.630,3663.273,3784.277,3908.734,4036.738,4168.386,4303.773,4443.003,4586.177,4733.400,4884.781,5040.430,5200.461,5364.989,5534.134,5708.017,5886.763,6070.499,6259.359,6453.475,6652.986,6858.033,7068.762,7285.320,7507.863,7736.544,7971.527,8212.974,8461.056,8715.947,8977.825,9246.873,9523.279,9807.237,10098.945,10398.606,10706.431,11022.635,11347.439,11681.070,12023.763,12375.758,12737.303,13108.652,13490.068,13881.821,14284.190,14697.461,15121.930,15557.903,16005.694,16465.630,16938.047,17423.292,17921.728,18433.729,18959.682,19499.992,20055.080,20625.384,21211.362,21813.495,22432.285,23068.263,23721.988,24394.050,25085.078,25795.737,26526.742,27278.860,28052.914,28849.798,29670.480,30516.021,31387.580,32286.439,33214.017,34171.891,35161.831,36185.821,37246.105,38345.227,39486.080,40671.965,41906.651,43194.434,44540.188,45949.372,47427.960,48982.207,50618.094,52340.235,54149.929,56042.122,58001.566,60000.000,60000.000,60000.000,60000.000,60000.000,60000.000,60000.000,60000.000,60000.000,60000.000,60000.000,60000.000,60000.000,60000.000,60000.000,60000.000,57397.310,54847.377,52388.946,50043.768,47820.232,45718.314,43733.493,41859.250,40088.476,38414.180,36829.794,35329.276,33907.106,32558.236,31278.039,30062.240,28906.871,27808.227,26762.827,25767.392,24818.825,23914.195,23050.732,22225.814,21436.971,20681.876,19958.344,19264.328,18597.917,17957.333,17340.920,16747.145,16174.588,15621.934,15087.970,14571.575,14071.714,13587.430,13117.837,12662.116,12219.507,11789.306,11370.855,10963.542,10566.797,10180.083,9802.900,9434.773,9075.257,8723.931,8380.394,8044.268,7715.191,7392.818,7076.819,6766.878,6462.691,6163.964,5870.416,5581.774,5297.774,5018.159,4742.681,4471.097,4203.171,3938.673,3677.376,3419.060,3163.509,2910.509,2659.853,2411.333,2164.746,1919.892,1676.573,1434.592,1193.755,953.868,714.740,476.179,237.996,0.000
0.000,29.474,58.991,88.587,118.298,148.159,178.205,208.473,238.997,269.815,300.962,332.474,364.389,396.742,429.572,462.915,496.810,531.294,566.407,602.186,638.672,675.903,713.920,752.765,792.477,833.099,874.674,917.244,960.852,1005.542,1051.361,1098.354,1146.566,1196.044,1246.837,1298.994,1352.564,1407.597,1464.145,1522.260,1581.995,1643.405,1706.545,1771.470,1838.240,1906.912,1977.546,2050.204,2124.946,2201.838,2280.945,2362.331,2446.066,2532.218,2620.858,2712.059,2805.893,2902.438,3001.769,3103.966,3209.110,3317.282,3428.569,3543.056,3660.832,3781.987,3906.614,4034.809,4166.668,4302.291,4441.780,4585.240,4732.777,4884.502,5040.527,5200.967,5365.941,5535.570,5709.977,5889.291,6073.641,6263.163,6457.993,6658.273,6864.147,7075.765,7293.278,7516.843,7746.620,7982.776,8225.479,8474.903,8731.227,8994.635,9265.315,9543.461,9829.272,10122.953,10424.715,10734.774,11053.351,11380.677,11716.986,12062.521,12417.531,12782.272,13157.008,13542.013,13937.564,14343.952,14761.474,15190.438,15631.159,16083.965,16549.195,17027.196,17518.331,18022.974,18541.512,19074.348,19621.898,20184.599,20762.902,21357.279,21968.223,22596.252,23241.907,23905.759,24588.409,25290.493,26012.686,26755.706,27520.320,28307.351,29117.684,29952.275,30812.161,31698.473,32612.447,33555.442,34528.955,35534.648,36574.364,37650.156,38764.318,39919.412,41118.299,42364.157,43660.494,45011.123,46420.087,47891.487,49429.146,51036.020,52713.250,54458.761,56265.476,58119.591,60000.000,60000.000,60000.000,60000.000,60000.000,60000.000,60000.000,60000.000,60000.000,60000.000,60000.000,60000.000,60000.000,60000.000,60000.000,60000.000,57574.098,55184.175,52859.409,50619.417,48474.975,46430.226,44484.975,42636.481,40880.684,39212.953,37628.524,36122.727,34691.093,33329.394,32033.648,30800.106,29625.233,28505.686,27438.300,26420.069,25448.136,24519.785,23632.434,22783.633,21971.057,21192.510,20445.916,19729.324,19040.900,18378.926,17741.796,17128.012,16536.178,15964.994,15413.253,14879.834,14363.692,13863.859,13379.435,12909.579,12453.512,12010.504,11579.875,11160.988,10753.245,10356.087,9968.984,9591.440,9222.983,8863.169,8511.574,8167.797,7831.454,7502.179,7179.622,6863.447,6553.331,6248.965,5950.048,5656.291,5367.415,5083.148,4803.227,4527.394,4255.402,3987.006,3721.968,3460.056,3201.042,2944.702,2690.816,2439.168,2189.544,1941.734,1695.531,1450.728,1207.121,964.509,722.690,481.465,240.634,0.000
0.000,29.385,58.814,88.322,117.944,147.716,177.673,207.852,238.286,269.014,300.070,331.492,363.315,395.577,428.314,461.565,495.367,529.757,564.775,600.459,636.850,673.985,711.906,750.653,790.268,830.792,872.268,914.738,958.247,1002.839,1048.557,1095.450,1143.562,1192.940,1243.634,1295.691,1349.162,1404.097,1460.547,1518.565,1578.204,1639.519,1702.566,1767.400,1834.081,1902.666,1973.216,2045.792,2120.457,2197.276,2276.312,2357.633,2441.308,2527.406,2615.998,2707.157,2800.957,2897.476,2996.790,3098.979,3204.126,3312.313,3423.625,3538.152,3655.981,3777.205,3901.918,4030.215,4162.196,4297.961,4437.615,4581.262,4729.012,4880.976,5037.269,5198.008,5363.313,5533.307,5708.118,5887.874,6072.710,6262.762,6458.169,6659.078,6865.634,7077.990,7296.303,7520.733,7751.444,7988.605,8232.390,8482.977,8740.551,9005.299,9277.416,9557.101,9844.559,10140.000,10443.643,10755.709,11076.427,11406.035,11744.775,12092.897,12450.658,12818.325,13196.170,13584.473,13983.526,14393.627,14815.084,15248.214,15693.346,16150.818,16620.980,17104.193,17600.831,18111.279,18635.939,19175.225,19729.567,20299.412,20885.227,21487.493,22106.716,22743.424,23398.167,24071.526,24764.109,25476.555,26209.544,26963.790,27740.058,28539.160,29361.964,30209.404,31082.484,31982.288,32909.995,33866.884,34854.353,35873.930,36927.291,38016.271,39142.885,40309.336,41518.018,42771.513,44072.561,45423.992,46828.607,48288.966,49807.049,51383.737,53018.101,54706.472,56441.479,58211.339,60000.000,60000.000,60000.000,60000.000,60000.000,60000.000,60000.000,60000.000,60000.000,60000.000,60000.000,60000.000,60000.000,60000.000,60000.000,60000.000,57714.913,55455.825,53245.111,51099.535,49030.046,47042.666,45139.726,43321.048,41584.859,39928.462,38348.663,36842.059,35405.192,34034.648,32727.105,31479.359,30288.325,29151.045,28064.681,27026.512,26033.932,25084.443,24175.659,23305.299,22471.191,21671.268,20903.568,20166.235,19457.517,18775.760,18119.413,17487.018,16877.207,16288.703,15720.308,15170.907,14639.455,14124.976,13626.558,13143.350,12674.553,12219.420,11777.250,11347.385,10929.205,10522.129,10125.605,9739.112,9362.160,8994.280,8635.027,8283.981,7940.736,7604.907,7276.126,6954.038,6638.303,6328.594,6024.595,5726.001,5432.518,5143.859,4859.747,4579.913,4304.095,4032.036,3763.488,3498.204,3235.948,2976.484,2719.581,2465.015,2212.561,1962.000,1713.113,1465.688,1219.510,974.369,730.056,486.361,243.078,0.000
0.000,29.278,58.600,88.000,117.515,147.179,177.028,207.097,237.422,268.040,298.986,330.297,362.008,394.157,426.781,459.918,493.605,527.879,562.780,598.346,634.617,671.632,709.432,748.057,787.549,827.949,869.299,911.643,955.024,999.487,1045.076,1091.838,1139.818,1189.065,1239.625,1291.549,1344.885,1399.685,1456.000,1513.882,1573.387,1634.566,1697.478,1762.179,1828.726,1897.178,1967.597,2040.044,2114.581,2191.274,2270.187,2351.389,2434.947,2520.933,2609.417,2700.473,2794.176,2890.603,2989.832,3091.944,3197.022,3305.149,3416.411,3530.899,3648.700,3769.910,3894.621,4022.933,4154.944,4290.757,4430.477,4574.212,4722.071,4874.169,5030.620,5191.544,5357.064,5527.304,5702.394,5882.466,6067.655,6258.101,6453.946,6655.338,6862.429,7075.372,7294.327,7519.459,7750.935,7988.929,8233.618,8485.186,8743.821,9009.715,9283.068,9564.086,9852.977,10149.960,10455.256,10769.096,11091.716,11423.357,11764.273,12114.718,12474.961,12845.273,13225.937,13617.242,14019.489,14432.985,14858.049,15295.009,15744.203,16205.980,16680.702,17168.740,17670.481,18186.322,18716.675,19261.966,19822.638,20399.149,20991.974,21601.608,22228.565,22873.383,23536.619,24218.858,24920.713,25642.826,26385.872,27150.564,27937.652,28747.934,29582.255,30441.517,31326.682,32238.779,33178.914,34148.277,35148.148,36179.911,37245.054,38345.184,39482.021,40657.405,41873.273,43131.638,44434.538,45783.941,47181.619,48628.929,50126.520,51673.926,53269.056,54907.630,56582.676,58284.301,60000.000,60000.000,60000.000,60000.000,60000.000,60000.000,60000.000,60000.000,60000.000,60000.000,60000.000,60000.000,60000.000,60000.000,60000.000,60000.000,57829.734,55679.112,53565.690,51503.581,49503.031,47570.688,45710.245,43923.155,42209.279,40567.408,38995.650,37491.698,36053.014,34676.949,33360.820,32101.954,30897.721,29745.548,28642.929,27587.433,26576.704,25608.467,24680.532,23790.789,22937.217,22117.881,21330.933,20574.614,19847.255,19147.272,18473.167,17823.528,17197.021,16592.392,16008.463,15444.126,14898.339,14370.126,13858.569,13362.806,12882.026,12415.469,11962.417,11522.192,11094.159,10677.714,10272.288,9877.340,9492.357,9116.854,8750.366,8392.452,8042.689,7700.675,7366.021,7038.359,6717.330,6402.592,6093.813,5790.674,5492.866,5200.090,4912.055,4628.479,4349.087,4073.613,3801.794,3533.375,3268.107,3005.746,2746.051,2488.785,2233.717,1980.618,1729.260,1479.421,1230.880,983.416,736.812,490.852,245.320,0.000
0.000,29.152,58.348,87.622,117.010,146.546,176.268,206.209,236.406,266.894,297.709,328.888,360.467,392.483,424.973,457.974,491.524,525.660,560.421,595.846,631.974,668.845,706.500,744.977,784.319,824.568,865.766,907.956,951.181,995.486,1040.915,1087.515,1135.333,1184.414,1234.808,1286.563,1339.730,1394.359,1450.501,1508.210,1567.539,1628.543,1691.278,1755.801,1822.169,1890.443,1960.684,2032.952,2107.311,2183.826,2262.564,2343.590,2426.975,2512.790,2601.105,2691.996,2785.537,2881.806,2980.882,3082.847,3187.783,3295.775,3406.911,3521.279,3638.971,3760.081,3884.704,4012.940,4144.888,4280.654,4420.342,4564.062,4711.926,4864.048,5020.545,5181.540,5347.156,5517.520,5692.763,5873.020,6058.428,6249.130,6445.270,6647.000,6854.472,7067.845,7287.282,7512.949,7745.020,7983.670,8229.082,8481.442,8740.944,9007.784,9282.168,9564.306,9854.412,10152.710,10459.428,10774.802,11099.075,11432.496,11775.323,12127.822,12490.265,12862.935,13246.120,13640.120,14045.244,14461.809,14890.142,15330.582,15783.478,16249.189,16728.086,17220.553,17726.986,18247.794,18783.400,19334.240,19900.769,20483.454,21082.780,21699.251,22333.390,22985.740,23656.866,24347.355,25057.822,25788.907,26541.280,27315.644,28112.735,28933.330,29778.246,30648.346,31544.543,32467.804,33419.155,34399.686,35410.553,36452.986,37528.282,38637.812,39783.011,40965.361,42186.375,43447.548,44750.299,46095.878,47485.230,48918.812,50396.348,51916.531,53476.676,55072.394,56697.342,58343.205,60000.000,60000.000,60000.000,60000.000,60000.000,60000.000,60000.000,60000.000,60000.000,60000.000,60000.000,60000.000,60000.000,60000.000,60000.000,60000.000,57924.916,55865.207,53834.968,51846.088,49907.828,48026.835,46207.440,44452.079,42761.726,41136.279,39574.871,38076.112,36638.263,35259.365,33937.322,32669.971,31455.115,30290.558,29174.119,28103.652,27077.051,26092.262,25147.285,24240.184,23369.086,22532.186,21727.750,20954.118,20209.704,19492.992,18802.545,18136.995,17495.047,16875.475,16277.121,15698.888,15139.745,14598.716,14074.881,13567.374,13075.375,12598.111,12134.851,11684.906,11247.621,10822.377,10408.588,10005.695,9613.169,9230.505,8857.222,8492.861,8136.982,7789.166,7449.011,7116.128,6790.146,6470.707,6157.466,5850.089,5548.254,5251.649,4959.969,4672.923,4390.223,4111.590,3836.752,3565.445,3297.407,3032.385,2770.129,2510.394,2252.938,1997.522,1743.913,1491.878,1241.189,991.616,742.935,494.921,247.350,0.000
0.000,29.008,58.058,87.186,116.428,145.819,175.393,205.187,235.235,265.574,296.239,327.267,358.693,390.554,422.889,455.732,489.123,523.099,557.697,592.958,628.920,665.623,703.106,741.411,780.578,820.650,861.668,903.675,946.715,990.833,1036.073,1082.481,1130.103,1178.987,1229.181,1280.734,1333.695,1388.116,1444.048,1501.544,1560.658,1621.445,1683.960,1748.262,1814.407,1882.457,1952.470,2024.511,2098.641,2174.927,2253.434,2334.230,2417.384,2502.968,2591.054,2681.716,2775.031,2871.075,2969.930,3071.676,3176.396,3284.178,3395.108,3509.276,3626.776,3747.700,3872.147,4000.216,4132.008,4267.628,4407.184,4550.787,4698.548,4850.584,5007.015,5167.963,5333.554,5503.917,5679.186,5859.495,6044.986,6235.802,6432.093,6634.009,6841.709,7055.352,7275.105,7501.139,7733.628,7972.754,8218.701,8471.662,8731.833,8999.416,9274.619,9557.659,9848.756,10148.137,10456.038,10772.700,11098.372,11433.310,11777.779,12132.052,12496.408,12871.137,13256.538,13652.917,14060.591,14479.888,14911.144,15354.706,15810.933,16280.195,16762.873,17259.361,17770.064,18295.403,18835.811,19391.734,19963.636,20551.993,21157.301,21780.071,22420.832,23080.133,23758.542,24456.650,25175.069,25914.436,26675.414,27458.692,28264.991,29095.060,29949.686,30829.690,31735.929,32669.305,33630.759,34621.277,35641.889,36693.667,37777.721,38895.193,40047.241,41235.022,42459.658,43722.191,45023.517,46364.297,47744.838,49164.938,50623.699,52119.311,53648.833,55208.005,56791.141,58391.191,60000.000,60000.000,60000.000,60000.000,60000.000,60000.000,60000.000,60000.000,60000.000,60000.000,60000.000,60000.000,60000.000,60000.000,60000.000,60000.000,58004.728,56021.842,54062.900,52137.992,50255.379,48421.409,46640.629,44916.025,43249.302,41641.148,40091.484,38599.660,37164.610,35784.973,34459.186,33185.548,31962.270,30787.510,29659.401,28576.071,27535.655,26536.315,25576.237,24653.652,23766.834,22914.105,22093.845,21304.490,20544.534,19812.536,19107.114,18426.951,17770.789,17137.434,16525.749,15934.656,15363.131,14810.207,14274.964,13756.531,13254.085,12766.845,12294.069,11835.055,11389.137,10955.682,10534.086,10123.778,9724.212,9334.867,8955.247,8584.876,8223.301,7870.085,7524.811,7187.078,6856.500,6532.703,6215.331,5904.036,5598.483,5298.348,5003.317,4713.083,4427.349,4145.827,3868.234,3594.294,3323.738,3056.302,2791.727,2529.759,2270.148,2012.648,1757.016,1503.012,1250.398,998.938,748.400,498.552,249.162,0.000
0.000,28.844,57.730,86.694,115.771,144.997,174.405,204.031,233.911,264.081,294.576,325.431,356.684,388.371,420.528,453.193,486.403,520.196,554.610,589.683,625.455,661.965,699.253,737.359,776.326,816.193,857.004,898.801,941.628,985.529,1030.549,1076.733,1124.129,1172.782,1222.742,1274.058,1326.778,1380.954,1436.638,1493.883,1552.741,1613.270,1675.523,1739.560,1805.437,1873.214,1942.953,2014.717,2088.567,2164.570,2242.792,2323.302,2406.168,2491.462,2579.257,2669.627,2762.649,2858.402,2956.964,3058.420,3162.851,3270.346,3380.991,3494.878,3612.101,3732.754,3856.934,3984.743,4116.283,4251.660,4390.982,4534.362,4681.913,4833.752,4990.001,5150.784,5316.228,5486.463,5661.626,5841.853,6027.287,6218.075,6414.367,6616.318,6824.087,7037.838,7257.740,7483.967,7716.696,7956.113,8202.405,8455.770,8716.406,8984.522,9260.330,9544.049,9835.906,10136.134,10444.973,10762.670,11089.480,11425.667,11771.500,12127.260,12493.233,12869.718,13257.019,13655.452,14065.342,14487.025,14920.846,15367.162,15826.340,16298.761,16784.814,17284.904,17799.446,18328.870,18873.618,19434.148,20010.930,20604.452,21215.214,21843.737,22490.554,23156.220,23841.306,24546.401,25272.117,26019.085,26787.957,27579.410,28394.144,29232.883,30096.376,30985.401,31900.761,32843.287,33813.835,34813.288,35842.548,36902.536,37994.181,39118.409,40276.125,41468.189,42695.379,43958.348,45257.560,46593.207,47965.111,49372.599,50814.363,52288.316,53791.448,55319.727,56868.072,58430.432,60000.000,60000.000,60000.000,60000.000,60000.000,60000.000,60000.000,60000.000,60000.000,60000.000,60000.000,60000.000,60000.000,60000.000,60000.000,60000.000,58072.160,56154.542,54256.810,52387.617,50554.309,48762.816,47017.668,45322.124,43678.342,42087.564,40550.299,39066.479,37635.589,36256.781,34928.954,33650.821,32420.965,31237.872,30099.969,29005.641,27953.255,26941.175,25967.771,25031.430,24130.570,23263.636,22429.118,21625.544,20851.493,20105.590,19386.514,18692.995,18023.817,17377.816,16753.880,16150.949,15568.014,15004.113,14458.331,13929.799,13417.688,12921.211,12439.622,11972.206,11518.288,11077.222,10648.392,10231.214,9825.127,9429.597,9044.113,8668.186,8301.347,7943.148,7593.155,7250.956,6916.150,6588.353,6267.193,5952.313,5643.364,5340.012,5041.931,4748.804,4460.324,4176.192,3896.115,3619.808,3346.994,3077.399,2810.757,2546.803,2285.281,2025.935,1768.516,1512.775,1258.468,1005.352,753.186,501.731,250.748,0.000
0.000,28.661,57.364,86.145,115.038,144.079,173.302,202.741,232.434,262.415,292.719,323.383,354.441,385.932,417.891,450.356,483.363,516.951,551.157,586.019,621.577,657.870,694.938,732.821,771.561,811.198,851.774,893.333,935.918,979.573,1024.342,1070.272,1117.408,1165.799,1215.491,1266.534,1318.978,1372.872,1428.270,1485.224,1543.788,1604.016,1665.965,1729.692,1795.255,1862.714,1932.130,2003.566,2077.085,2152.753,2230.636,2310.802,2393.321,2478.265,2565.707,2655.722,2748.385,2843.778,2941.978,3043.070,3147.137,3254.267,3364.549,3478.073,3594.933,3715.226,3839.050,3966.505,4097.697,4232.731,4371.717,4514.768,4661.999,4813.528,4969.479,5129.976,5295.148,5465.127,5640.051,5820.059,6005.296,6195.909,6392.052,6593.882,6801.560,7015.253,7235.133,7461.375,7694.163,7933.682,8180.126,8433.693,8694.589,8963.023,9239.214,9523.385,9815.767,10116.599,10426.125,10744.599,11072.281,11409.440,11756.353,12113.307,12480.595,12858.521,13247.400,13647.554,14059.316,14483.030,14919.051,15367.743,15829.484,16304.661,16793.675,17296.939,17814.877,18347.930,18896.549,19461.200,20042.361,20640.529,21256.212,21889.936,22542.240,23213.683,23904.837,24616.291,25348.654,26102.550,26878.622,27677.531,28499.955,29346.591,30218.154,31115.376,32039.004,32989.800,33968.537,34975.997,36012.961,37080.206,38178.492,39308.546,40471.044,41666.584,42895.650,44158.566,45455.443,46786.108,48150.019,49546.173,50973.002,52428.276,53909.018,55411.457,56931.032,58462.479,60000.000,60000.000,60000.000,60000.000,60000.000,60000.000,60000.000,60000.000,60000.000,60000.000,60000.000,60000.000,60000.000,60000.000,60000.000,60000.000,58129.375,56267.366,54422.196,52601.372,50811.445,49057.901,47345.130,45676.492,44054.412,42480.505,40955.711,39480.410,38054.535,36677.659,35349.080,34067.875,32832.955,31643.108,30497.025,29393.335,28330.619,27307.432,26322.314,25373.806,24460.457,23580.834,22733.529,21917.162,21130.389,20371.906,19640.446,18934.789,18253.759,17596.224,16961.098,16347.342,15753.958,15179.997,14624.547,14086.742,13565.752,13060.788,12571.096,12095.956,11634.683,11186.620,10751.142,10327.652,9915.578,9514.372,9123.512,8742.496,8370.842,8008.088,7653.791,7307.523,6968.872,6637.443,6312.852,5994.730,5682.720,5376.474,5075.656,4779.941,4489.010,4202.556,3920.278,3641.881,3367.078,3095.588,2827.136,2561.452,2298.268,2037.324,1778.362,1521.127,1265.366,1010.829,757.270,504.442,252.100,0.000
0.000,28.459,56.961,85.540,114.230,143.066,172.085,201.318,230.804,260.576,290.669,321.120,351.965,383.239,414.979,447.221,480.004,513.364,547.339,581.968,617.288,653.340,690.163,727.798,766.284,805.664,845.978,887.271,929.585,972.964,1017.453,1063.097,1109.943,1158.037,1207.427,1258.163,1310.294,1363.870,1418.944,1475.568,1533.795,1593.682,1655.283,1718.656,1783.860,1850.953,1919.999,1991.057,2064.193,2139.472,2216.960,2296.727,2378.841,2463.374,2550.401,2639.995,2732.234,2827.197,2924.965,3025.620,3129.248,3235.936,3345.772,3458.850,3575.263,3695.107,3818.483,3945.491,4076.236,4210.827,4349.373,4491.987,4638.787,4789.892,4945.426,5105.515,5270.289,5439.882,5614.433,5794.083,5978.978,6169.269,6365.111,6566.661,6774.085,6987.552,7207.235,7433.314,7665.974,7905.404,8151.801,8405.367,8666.310,8934.845,9211.194,9495.585,9788.252,10089.440,10399.397,10718.383,11046.663,11384.513,11732.215,12090.062,12458.354,12837.403,13227.529,13629.063,14042.345,14467.728,14905.573,15356.255,15820.159,16297.681,16789.231,17295.232,17816.117,18352.334,18904.344,19472.621,20057.653,20659.942,21280.006,21918.374,22575.593,23252.222,23948.836,24666.025,25404.391,26164.554,26947.145,27752.810,28582.207,29436.006,30314.886,31219.535,32150.647,33108.918,34095.041,35109.701,36153.569,37227.287,38331.461,39466.640,40633.299,41831.805,43062.394,44325.120,45619.810,46946.007,48302.901,49689.259,51103.353,52542.897,54004.995,55486.125,56982.164,58488.468,60000.000,60000.000,60000.000,60000.000,60000.000,60000.000,60000.000,60000.000,60000.000,60000.000,60000.000,60000.000,60000.000,60000.000,60000.000,60000.000,58177.980,56363.359,54563.251,52784.245,51032.220,49312.235,47628.488,45984.334,44382.341,42824.371,41311.670,39844.960,38424.527,37050.292,35721.886,34438.699,33199.932,32004.639,30851.754,29740.123,28668.524,27635.690,26640.321,25681.097,24756.696,23865.794,23007.083,22179.269,21381.083,20611.284,19868.664,19152.048,18460.298,17792.316,17147.042,16523.456,15920.577,15337.464,14773.215,14226.966,13697.888,13185.191,12688.116,12205.937,11737.963,11283.529,10842.000,10412.768,9995.253,9588.894,9193.159,8807.533,8431.524,8064.659,7706.481,7356.553,7014.453,6679.772,6352.118,6031.110,5716.381,5407.574,5104.343,4806.354,4513.279,4224.802,3940.612,3660.407,3383.893,3110.781,2840.788,2573.634,2309.048,2046.760,1786.506,1528.024,1271.055,1015.343,760.633,506.674,253.213,0.000
0.000,28.239,56.520,84.877,113.345,141.959,170.753,199.762,229.021,258.564,288.427,318.645,349.255,380.291,411.791,443.790,476.326,509.437,543.158,577.529,612.589,648.375,684.929,722.289,760.496,799.592,839.618,880.616,922.631,965.704,1009.882,1055.209,1101.732,1149.497,1198.551,1248.945,1300.728,1353.948,1408.659,1464.914,1522.765,1582.268,1643.479,1706.453,1771.252,1837.933,1906.558,1977.189,2049.890,2124.726,2201.765,2281.074,2362.724,2446.786,2533.334,2622.444,2714.191,2808.656,2905.920,3006.065,3109.177,3215.344,3324.655,3437.203,3553.081,3672.388,3795.223,3921.688,4051.890,4185.935,4323.935,4466.005,4612.262,4762.827,4917.824,5077.381,5241.629,5410.705,5584.747,5763.898,5948.307,6138.125,6333.509,6534.621,6741.625,6954.694,7174.004,7399.737,7632.080,7871.226,8117.375,8370.731,8631.507,8899.921,9176.198,9460.571,9753.278,10054.569,10364.696,10683.924,11012.525,11350.777,11698.971,12057.404,12426.383,12806.227,13197.263,13599.828,14014.271,14440.951,14880.238,15332.514,15798.173,16277.620,16771.275,17279.565,17802.936,18341.844,18896.757,19468.158,20056.544,20662.425,21286.322,21928.774,22590.330,23271.554,23973.022,24695.322,25439.056,26204.834,26993.280,27805.024,28640.705,29500.965,30386.453,31297.815,32235.694,33200.723,34193.523,35214.692,36264.795,37344.357,38453.845,39593.652,40764.075,41965.290,43197.321,44460.002,45752.937,47075.448,48426.530,49804.792,51208.413,52635.093,54082.039,55545.954,57023.075,58509.241,60000.000,60000.000,60000.000,60000.000,60000.000,60000.000,60000.000,60000.000,60000.000,60000.000,60000.000,60000.000,60000.000,60000.000,60000.000,60000.000,58219.193,56444.848,54683.216,52940.154,51220.976,49530.355,47872.280,46250.046,44666.282,43123.005,41621.677,40163.278,38748.367,37377.147,36049.525,34765.157,33523.495,32323.824,31165.293,30046.944,28967.734,27926.556,26922.255,25953.644,25019.513,24118.646,23249.823,22411.833,21603.476,20823.573,20070.967,19344.530,18643.162,17965.794,17311.392,16678.957,16067.524,15476.163,14903.980,14350.114,13813.741,13294.068,12790.334,12301.811,11827.799,11367.627,10920.654,10486.263,10063.862,9652.885,9252.786,8863.042,8483.150,8112.626,7751.005,7397.839,7052.693,6715.152,6384.812,6061.284,5744.190,5433.165,5127.854,4827.914,4533.009,4242.814,3957.012,3675.293,3397.354,3122.898,2851.637,2583.284,2317.561,2054.191,1792.903,1533.429,1275.505,1018.867,763.255,508.412,254.079,0.000
0.000,27.999,56.041,84.158,112.386,140.758,169.309,198.073,227.085,256.380,285.993,315.958,346.312,377.090,408.328,440.063,472.331,505.169,538.614,572.705,607.479,642.976,679.235,716.296,754.198,792.983,832.693,873.370,915.055,957.794,1001.630,1046.610,1092.777,1140.180,1188.865,1238.882,1290.279,1343.107,1397.418,1453.264,1510.698,1569.776,1630.552,1693.084,1757.431,1823.652,1891.808,1961.961,2034.175,2108.515,2185.049,2263.844,2344.971,2428.501,2514.507,2603.066,2694.255,2788.153,2884.840,2984.402,3086.922,3192.489,3301.192,3413.125,3528.383,3647.062,3769.263,3895.090,4024.648,4158.045,4295.394,4436.810,4582.411,4732.319,4886.659,5045.559,5209.153,5377.577,5550.972,5729.482,5913.257,6102.450,6297.220,6497.729,6704.146,6916.644,7135.402,7360.603,7592.438,7831.102,8076.797,8329.733,8590.123,8858.189,9134.161,9418.275,9710.773,10011.909,10321.940,10641.135,10969.771,11308.133,11656.514,12015.220,12384.564,12764.869,13156.469,13559.710,13974.946,14402.543,14842.881,15296.348,15763.347,16244.291,16739.607,17249.733,17775.121,18316.237,18873.557,19447.573,20038.789,20647.722,21274.902,21920.872,22586.186,23271.411,23977.127,24703.921,25452.392,26223.146,27016.796,27833.961,28675.261,29541.316,30432.744,31350.154,32294.143,33265.289,34264.147,35291.234,36347.026,37431.941,38546.326,39690.438,40864.425,42068.299,43301.913,44564.920,45856.748,47176.554,48523.187,49895.150,51290.565,52707.151,54142.212,55592.647,57054.982,58525.435,60000.000,60000.000,60000.000,60000.000,60000.000,60000.000,60000.000,60000.000,60000.000,60000.000,60000.000,60000.000,60000.000,60000.000,60000.000,60000.000,58253.948,56513.632,54784.625,53072.197,51381.194,49715.954,48080.259,46477.318,44909.771,43379.726,41888.798,40438.152,39028.561,37660.455,36333.964,35048.966,33805.127,32601.931,31438.715,30314.694,29228.982,28180.617,27168.575,26191.786,25249.147,24339.535,23461.814,22614.847,21797.501,21008.651,20247.192,19512.035,18802.116,18116.398,17453.869,16813.551,16194.495,15595.780,15016.522,14455.867,13912.991,13387.103,12877.439,12383.269,11903.889,11438.623,10986.821,10547.861,10121.142,9706.089,9302.148,8908.787,8525.495,8151.777,7787.159,7431.184,7083.409,6743.408,6410.770,6085.096,5766.000,5453.108,5146.059,4844.499,4548.087,4256.490,3969.382,3686.447,3407.375,3131.864,2859.616,2590.341,2323.751,2059.567,1797.510,1537.306,1278.684,1021.378,765.119,509.645,254.693,0.000
0.000,27.741,55.525,83.383,111.351,139.462,167.751,196.251,224.998,254.025,283.367,313.059,343.138,373.636,404.592,436.041,468.018,500.562,533.708,567.496,601.962,637.145,673.085,709.820,747.392,785.840,825.206,865.532,906.861,949.236,992.700,1037.300,1083.080,1130.087,1178.370,1227.974,1278.950,1331.349,1385.221,1440.619,1497.595,1556.206,1616.505,1678.550,1742.400,1808.113,1875.751,1945.375,2017.050,2090.841,2166.813,2245.037,2325.581,2408.517,2493.920,2581.863,2672.426,2765.686,2861.726,2960.629,3062.480,3167.367,3275.381,3386.615,3501.164,3619.125,3740.599,3865.690,3994.504,4127.151,4263.742,4404.393,4549.224,4698.356,4851.917,5010.035,5172.844,5340.482,5513.091,5690.816,5873.809,6062.223,6256.219,6455.962,6661.621,6873.372,7091.395,7315.877,7547.009,7784.990,8030.025,8282.324,8542.106,8809.596,9085.026,9368.635,9660.670,9961.389,10271.053,10589.935,10918.317,11256.488,11604.749,11963.409,12332.787,12713.212,13105.026,13508.579,13924.233,14352.362,14793.351,15247.599,15715.513,16197.516,16694.043,17205.541,17732.470,18275.304,18834.527,19410.640,20004.155,20615.596,21245.500,21894.416,22562.905,23251.538,23960.896,24691.568,25444.151,26219.249,27017.467,27839.412,28685.691,29556.904,30453.642,31376.482,32325.981,33302.669,34307.042,35339.551,36400.590,37490.488,38609.489,39757.734,40935.247,42141.905,43377.419,44641.301,45932.840,47251.065,48594.719,49962.232,51351.698,52760.859,54187.109,55627.508,57078.813,58537.533,60000.000,60000.000,60000.000,60000.000,60000.000,60000.000,60000.000,60000.000,60000.000,60000.000,60000.000,60000.000,60000.000,60000.000,60000.000,60000.000,58282.974,56571.116,54869.468,53182.832,51515.669,49872.032,48255.513,46669.224,45115.791,43597.370,42115.676,40672.014,39267.319,37902.197,36576.961,35291.672,34046.174,32840.120,31673.007,30544.200,29452.952,28398.427,27379.716,26395.854,25445.832,24528.612,23643.133,22788.326,21963.114,21166.427,20397.203,19654.391,18936.962,18243.904,17574.230,16926.979,16301.217,15696.036,15110.559,14543.937,13995.350,13464.008,12949.147,12450.034,11965.961,11496.248,11040.241,10597.310,10166.847,9748.271,9341.019,8944.553,8558.351,8181.912,7814.754,7456.409,7106.429,6764.378,6429.838,6102.401,5781.674,5467.276,5158.837,4855.998,4558.409,4265.730,3977.630,3693.786,3413.882,3137.608,2864.661,2594.745,2327.569,2062.844,1800.287,1539.620,1280.567,1022.853,766.208,510.363,255.049,0.000
0.000,27.465,54.971,82.552,110.242,138.073,166.080,194.298,222.759,251.499,280.551,309.951,339.732,369.931,400.584,431.725,463.390,495.617,528.442,561.903,596.037,630.883,666.479,702.864,740.079,778.164,817.159,857.107,898.050,940.031,983.094,1027.283,1072.644,1119.223,1167.068,1216.225,1266.745,1318.677,1372.072,1426.982,1483.460,1541.561,1601.340,1662.854,1726.160,1791.319,1858.389,1927.434,1998.518,2071.704,2147.061,2224.655,2304.557,2386.839,2471.573,2558.836,2648.704,2741.258,2836.577,2934.747,3035.852,3139.980,3247.222,3357.672,3471.423,3588.575,3709.228,3833.487,3961.457,4093.248,4228.973,4368.748,4512.694,4660.933,4813.591,4970.799,5132.693,5299.409,5471.091,5647.886,5829.945,6017.426,6210.487,6409.298,6614.027,6824.853,7041.957,7265.529,7495.762,7732.856,7977.020,8228.466,8487.415,8754.095,9028.741,9311.596,9602.912,9902.946,10211.968,10530.253,10858.086,11195.763,11543.589,11901.878,12270.954,12651.153,13042.822,13446.318,13862.008,14290.274,14731.509,15186.117,15654.515,16137.133,16634.413,17146.811,17674.796,18218.848,18779.463,19357.147,19952.422,20565.819,21197.883,21849.170,22520.247,23211.689,23924.082,24658.018,25414.094,26192.910,26995.070,27821.171,28671.809,29547.568,30449.019,31376.711,32331.169,33312.882,34322.297,35359.809,36425.746,37520.360,38643.809,39796.141,40977.277,42186.984,43424.860,44690.306,45982.499,47300.373,48642.594,50007.538,51393.283,52797.598,54217.952,55651.531,57095.269,58545.896,60000.000,60000.000,60000.000,60000.000,60000.000,60000.000,60000.000,60000.000,60000.000,60000.000,60000.000,60000.000,60000.000,60000.000,60000.000,60000.000,58306.836,56618.398,54939.313,53274.008,51626.638,50001.014,48400.565,46828.305,45286.832,43778.325,42304.563,40866.953,39466.552,38104.102,36780.064,35494.645,34247.834,33039.428,31869.057,30736.214,29640.269,28580.494,27556.082,26566.157,25609.794,24686.027,23793.864,22932.292,22100.288,21296.828,20520.889,19771.456,19047.527,18348.117,17672.260,17019.012,16387.452,15776.683,15185.836,14614.067,14060.561,13524.527,13005.202,12501.853,12013.768,11540.263,11080.679,10634.382,10200.758,9779.218,9369.195,8970.141,8581.530,8202.852,7833.616,7473.351,7121.597,6777.915,6441.876,6113.067,5791.089,5475.552,5166.079,4862.307,4563.878,4270.446,3981.675,3697.234,3416.802,3140.065,2866.714,2596.446,2328.966,2063.980,1801.200,1540.342,1281.125,1023.272,766.506,510.554,255.143,0.000
0.000,27.170,54.381,81.666,109.058,136.591,164.298,192.213,220.370,248.803,277.545,306.632,336.097,365.976,396.304,427.116,458.448,490.337,522.818,555.929,589.708,624.192,659.419,695.430,732.262,769.957,808.554,848.096,888.625,930.183,972.814,1016.561,1061.471,1107.590,1154.963,1203.638,1253.666,1305.094,1357.974,1412.357,1468.297,1525.847,1585.062,1645.999,1708.716,1773.272,1839.727,1908.142,1978.582,2051.111,2125.795,2202.702,2281.903,2363.468,2447.471,2533.988,2623.094,2714.870,2809.397,2906.758,3007.040,3110.329,3216.717,3326.297,3439.162,3555.414,3675.151,3798.479,3925.504,4056.335,4191.086,4329.874,4472.819,4620.045,4771.677,4927.848,5088.692,5254.350,5424.964,5600.681,5781.656,5968.045,6160.011,6357.720,6561.346,6771.068,6987.068,7209.537,7438.671,7674.673,7917.752,8168.124,8426.012,8691.646,8965.265,9247.114,9537.447,9836.528,10144.627,10462.026,10789.012,11125.886,11472.957,11830.544,12198.977,12578.598,12969.757,13372.818,13788.157,14216.160,14657.227,15111.768,15580.210,16062.989,16560.557,17073.375,17601.921,18146.685,18708.171,19286.893,19883.381,20498.176,21131.829,21784.906,22457.978,23151.629,23866.448,24603.033,25361.983,26143.899,26949.381,27779.025,28633.419,29513.134,30418.726,31350.726,32309.632,33295.901,34309.943,35352.106,36422.666,37521.815,38649.641,39806.118,40991.083,42204.219,43445.033,44712.836,46006.725,47325.559,48667.942,50032.215,51416.443,52818.417,54235.663,55665.460,57104.874,58550.798,60000.000,60000.000,60000.000,60000.000,60000.000,60000.000,60000.000,60000.000,60000.000,60000.000,60000.000,60000.000,60000.000,60000.000,60000.000,60000.000,58325.975,56656.338,54995.389,53347.267,51715.880,50104.846,48517.453,46956.631,45424.941,43924.570,42457.340,41024.727,39627.880,38267.646,36944.599,35659.065,34411.148,33200.761,32027.645,30891.396,29791.484,28727.271,27698.034,26702.975,25741.237,24811.920,23914.085,23046.773,22209.005,21399.796,20618.157,19863.105,19133.664,18428.870,17747.775,17089.451,16452.989,15837.503,15242.129,14666.030,14108.393,13568.430,13045.379,12538.502,12047.088,11570.450,11107.925,10658.872,10222.675,9798.739,9386.490,8985.375,8594.861,8214.432,7843.592,7481.860,7128.773,6783.884,6446.757,6116.975,5794.130,5477.827,5167.685,4863.332,4564.406,4270.556,3981.439,3696.721,3416.073,3139.178,2865.721,2595.395,2327.899,2062.937,1800.214,1539.442,1280.338,1022.617,766.001,510.210,254.968,0.000
0.000,26.857,53.753,80.724,107.800,135.016,162.404,189.998,217.832,245.938,274.351,303.105,332.233,361.772,391.755,422.217,453.194,484.723,516.838,549.576,582.976,617.074,651.909,687.519,723.944,761.222,799.395,838.504,878.589,919.695,961.863,1005.139,1049.566,1095.190,1142.059,1190.218,1239.717,1290.604,1342.931,1396.748,1452.108,1509.066,1567.674,1627.991,1690.073,1753.979,1819.768,1887.504,1957.248,2029.064,2103.021,2179.184,2257.623,2338.411,2421.619,2507.323,2595.600,2686.529,2780.191,2876.669,2976.049,3078.420,3183.870,3292.493,3404.385,3519.644,3638.371,3760.670,3886.648,4016.415,4150.084,4287.772,4429.600,4575.691,4726.173,4881.178,5040.840,5205.301,5374.704,5549.197,5728.935,5914.075,6104.780,6301.220,6503.567,6712.002,6926.710,7147.883,7375.717,7610.419,7852.198,8101.273,8357.868,8622.218,8894.561,9175.149,9464.236,9762.089,10068.983,10385.201,10711.037,11046.794,11392.785,11749.336,12116.779,12495.463,12885.742,13287.987,13702.579,14129.911,14570.388,15024.430,15492.469,15974.949,16472.328,16985.079,17513.685,18058.646,18620.473,19199.692,19796.838,20412.464,21047.129,21701.405,22375.874,23071.128,23787.762,24526.378,25287.583,26071.980,26880.172,27712.753,28570.309,29453.405,30362.590,31298.379,32261.253,33251.649,34269.948,35316.464,36391.434,37495.005,38627.213,39787.973,40977.061,42194.093,43438.509,44709.551,46006.252,47327.414,48671.596,50037.107,51422.001,52824.082,54240.913,55669.838,57108.011,58552.433,60000.000,60000.000,60000.000,60000.000,60000.000,60000.000,60000.000,60000.000,60000.000,60000.000,60000.000,60000.000,60000.000,60000.000,60000.000,60000.000,58340.734,56685.598,55038.651,53403.808,51784.789,50185.059,48607.795,47055.855,45531.765,44037.710,42575.539,41146.778,39752.640,38394.053,37071.675,35785.922,34536.991,33324.884,32149.430,31010.308,29907.067,28839.144,27805.881,26806.546,25840.338,24906.408,24003.866,23131.792,22289.247,21475.278,20688.927,19929.233,19195.243,18486.014,17800.611,17138.121,16497.645,15878.304,15279.242,14699.626,14138.647,13595.517,13069.474,12559.782,12065.727,11586.618,11121.789,10670.597,10232.421,9806.661,9392.738,8990.095,8598.191,8216.506,7844.539,7481.803,7127.829,6782.164,6444.368,6114.015,5790.695,5474.008,5163.564,4858.989,4559.916,4265.987,3976.856,3692.183,3411.637,3134.893,2861.634,2591.549,2324.331,2059.680,1797.300,1536.897,1278.183,1020.871,764.678,509.322,254.523,0.000
0.000,26.525,53.090,79.727,106.469,133.349,160.400,187.654,215.145,242.905,270.970,299.371,328.144,357.321,386.938,417.029,447.630,478.776,510.503,542.847,575.845,609.534,643.951,679.136,715.127,751.963,789.684,828.332,867.946,908.571,950.247,993.020,1036.932,1082.030,1128.360,1175.968,1224.903,1275.213,1326.948,1380.160,1434.901,1491.224,1549.184,1608.835,1670.236,1733.444,1798.520,1865.525,1934.521,2005.572,2078.745,2154.106,2231.725,2311.674,2394.023,2478.850,2566.229,2656.241,2748.965,2844.485,2942.887,3044.257,3148.687,3256.268,3367.098,3481.273,3598.894,3720.065,3844.895,3973.492,4105.969,4242.445,4383.039,4527.876,4677.083,4830.791,4989.139,5152.264,5320.313,5493.433,5671.779,5855.511,6044.791,6239.790,6440.682,6647.649,6860.875,7080.555,7306.887,7540.078,7780.340,8027.892,8282.963,8545.786,8816.605,9095.671,9383.244,9679.592,9984.993,10299.735,10624.113,10958.435,11303.019,11658.192,12024.295,12401.677,12790.700,13191.741,13605.185,14031.431,14470.892,14923.994,15391.174,15872.886,16369.595,16881.781,17409.938,17954.571,18516.203,19095.367,19692.610,20308.490,20943.580,21598.459,22273.721,22969.963,23687.793,24427.820,25190.657,25976.916,26787.204,27622.120,28482.251,29368.164,30280.403,31219.480,32185.867,33179.988,34202.206,35252.817,36332.031,37439.963,38576.614,39741.860,40935.432,42156.897,43405.646,44680.873,45981.560,47306.465,48654.111,50022.780,51410.513,52815.112,54234.159,55665.032,57104.935,58550.935,60000.000,60000.000,60000.000,60000.000,60000.000,60000.000,60000.000,60000.000,60000.000,60000.000,60000.000,60000.000,60000.000,60000.000,60000.000,60000.000,58351.367,56706.680,55069.819,53444.542,51834.428,50242.829,48672.840,47127.261,45608.588,44119.003,42660.370,41234.248,39841.897,38484.300,37162.177,35876.012,34626.068,33412.414,32234.946,31093.405,29987.400,28916.425,27879.875,26877.065,25907.239,24969.588,24063.259,23187.366,22340.998,21523.230,20733.125,19969.744,19232.153,18519.420,17830.628,17164.870,16521.257,15898.918,15297.003,14714.681,14151.145,13605.609,13077.314,12565.520,12069.511,11588.597,11122.108,10669.398,10229.841,9802.834,9387.795,8984.160,8591.385,8208.946,7836.336,7473.063,7118.654,6772.649,6434.606,6104.093,5780.695,5464.007,5153.637,4849.204,4550.337,4256.675,3967.865,3683.566,3403.442,3127.164,2854.411,2584.868,2318.226,2054.181,1792.431,1532.682,1274.641,1018.019,762.528,507.883,253.801,0.000
0.000,26.175,52.389,78.675,105.065,131.590,158.285,185.181,212.310,239.706,267.403,295.432,323.829,352.625,381.856,411.555,441.759,472.501,503.817,535.744,568.316,601.572,635.549,670.284,705.816,742.183,779.427,817.586,856.701,896.815,937.970,980.209,1023.575,1068.115,1113.872,1160.895,1209.230,1258.926,1310.032,1362.600,1416.682,1472.329,1529.596,1588.538,1649.212,1711.677,1775.990,1842.214,1910.409,1980.641,2052.975,2127.477,2204.217,2283.265,2364.693,2448.576,2534.990,2624.014,2715.728,2810.215,2907.560,3007.851,3111.177,3217.631,3327.309,3440.307,3556.728,3676.674,3800.253,3927.574,4058.751,4193.902,4333.145,4476.606,4624.412,4776.696,4933.593,5095.244,5261.794,5433.392,5610.192,5792.356,5980.045,6173.432,6372.692,6578.005,6789.559,7007.549,7232.175,7463.643,7702.168,7947.971,8201.280,8462.334,8731.376,9008.660,9294.448,9589.011,9892.630,10205.594,10528.203,10860.769,11203.611,11557.063,11921.467,12297.179,12684.567,13084.009,13495.897,13920.638,14358.648,14810.361,15276.222,15756.690,16252.239,16763.356,17290.543,17834.317,18395.207,18973.757,19570.522,20186.074,20820.992,21475.869,22151.307,22847.917,23566.316,24307.124,25070.965,25858.461,26670.228,27506.875,28368.995,29257.162,30171.924,31113.797,32083.253,33080.713,34106.536,35161.009,36244.330,37356.598,38497.797,39667.775,40866.239,42092.725,43346.590,44626.994,45932.885,47262.986,48615.790,49989.553,51382.295,52791.808,54215.668,55651.260,57095.802,58546.383,60000.000,60000.000,60000.000,60000.000,60000.000,60000.000,60000.000,60000.000,60000.000,60000.000,60000.000,60000.000,60000.000,60000.000,60000.000,60000.000,58358.060,56719.944,55089.417,53470.130,51865.570,50279.015,48713.500,47171.789,45656.356,44169.378,42712.730,41287.988,39896.446,38539.120,37216.775,35929.935,34678.912,33463.819,32284.597,31141.031,30032.771,28959.351,27920.202,26914.673,25942.040,25001.523,24092.296,23213.495,22364.233,21543.602,20750.684,19984.555,19244.292,18528.977,17837.700,17169.564,16523.687,15899.202,15295.263,14711.042,14145.734,13598.556,13068.745,12555.563,12058.294,11576.243,11108.739,10655.134,10214.799,9787.128,9371.533,8967.449,8574.328,8191.640,7818.875,7455.537,7101.149,6755.247,6417.384,6087.126,5764.052,5447.754,5137.835,4833.912,4535.608,4242.561,3954.414,3670.821,3391.443,3115.949,2844.014,2575.321,2309.555,2046.411,1785.586,1526.779,1269.697,1014.048,759.540,505.887,252.802,0.000
0.000,25.807,51.653,77.569,103.588,129.742,156.062,182.581,209.330,236.343,263.652,291.290,319.290,347.686,376.510,405.798,435.582,465.899,496.783,528.269,560.394,593.194,626.706,660.967,696.014,731.888,768.627,806.270,844.858,884.433,925.037,966.712,1009.501,1053.449,1098.601,1145.004,1192.704,1241.750,1292.190,1344.075,1397.457,1452.387,1508.919,1567.108,1627.010,1688.684,1752.186,1817.579,1884.923,1954.282,2025.721,2099.307,2175.108,2253.194,2333.638,2416.512,2501.893,2589.860,2680.491,2773.870,2870.081,2969.212,3071.352,3176.593,3285.030,3396.760,3511.885,3630.507,3752.733,3878.674,4008.441,4142.152,4279.928,4421.892,4568.172,4718.900,4874.212,5034.249,5199.156,5369.082,5544.182,5724.616,5910.550,6102.152,6299.600,6503.075,6712.766,6928.867,7151.580,7381.112,7617.679,7861.504,8112.816,8371.854,8638.865,8914.103,9197.833,9490.328,9791.871,10102.754,10423.280,10753.763,11094.527,11445.909,11808.255,12181.924,12567.288,12964.732,13374.653,13797.461,14233.581,14683.450,15147.522,15626.262,16120.153,16629.688,17155.380,17697.752,18257.345,18834.710,19430.417,20045.044,20679.184,21333.442,22008.432,22704.777,23423.107,24164.058,24928.264,25716.363,26528.984,27366.749,28230.265,29120.119,30036.871,30981.048,31953.130,32953.550,33982.672,35040.787,36128.095,37244.696,38390.567,39565.554,40769.348,42001.475,43261.274,44547.884,45860.230,47197.012,48556.695,49937.507,51337.442,52754.266,54185.531,55628.599,57080.667,58538.808,60000.000,60000.000,60000.000,60000.000,60000.000,60000.000,60000.000,60000.000,60000.000,60000.000,60000.000,60000.000,60000.000,60000.000,60000.000,60000.000,58360.934,56725.629,55097.788,53481.008,51878.726,50294.183,48730.382,47190.067,45675.702,44189.460,42733.221,41308.573,39916.823,38559.010,37235.917,35948.096,34695.881,33479.412,32298.654,31153.415,30043.371,28968.075,27926.981,26919.458,25944.801,25002.247,24090.985,23210.168,22358.920,21536.346,20741.539,19973.586,19231.571,18514.584,17821.721,17152.091,16504.815,15879.031,15273.896,14688.582,14122.287,13574.226,13043.639,12529.786,12031.948,11549.431,11081.562,10627.689,10187.182,9759.431,9343.847,8939.860,8546.919,8164.492,7792.064,7429.138,7075.232,6729.879,6392.629,6063.043,5740.698,5425.184,5116.099,4813.057,4515.679,4223.599,3936.458,3653.907,3375.604,3101.215,2830.413,2562.877,2298.293,2036.350,1776.743,1519.172,1263.338,1008.947,755.707,503.328,251.521,0.000
0.000,25.421,50.881,76.410,102.041,127.804,153.731,179.854,206.205,232.816,259.719,286.947,314.531,342.506,370.904,399.758,429.104,458.974,489.404,520.429,552.083,584.403,617.426,651.188,685.727,721.081,757.289,794.389,832.423,871.431,911.454,952.534,994.715,1038.040,1082.554,1128.303,1175.334,1223.693,1273.429,1324.593,1377.236,1431.407,1487.162,1544.554,1603.640,1664.475,1727.118,1791.630,1858.071,1926.504,1996.994,2069.607,2144.410,2221.474,2300.869,2382.670,2466.951,2553.790,2643.267,2735.463,2830.464,2928.354,3029.225,3133.167,3240.275,3350.645,3464.379,3581.579,3702.351,3826.805,3955.053,4087.213,4223.403,4363.749,4508.377,4657.419,4811.011,4969.295,5132.413,5300.518,5473.762,5652.306,5836.315,6025.960,6221.418,6422.869,6630.504,6844.517,7065.110,7292.492,7526.879,7768.495,8017.571,8274.347,8539.069,8811.996,9093.392,9383.534,9682.705,9991.201,10309.327,10637.399,10975.745,11324.704,11684.626,12055.874,12438.824,12833.866,13241.401,13661.844,14095.626,14543.191,15004.998,15481.520,15973.246,16480.679,17004.339,17544.759,18102.488,18678.090,19272.143,19885.240,20517.984,21170.995,21844.898,22540.333,23257.945,23998.385,24762.305,25550.358,26363.195,27201.453,28065.760,28956.722,29874.920,30820.898,31795.158,32798.152,33830.262,34891.797,35982.974,37103.907,38254.585,39434.864,40644.443,41882.848,43149.419,44443.288,45763.367,47108.341,48476.650,49866.494,51275.833,52702.392,54143.676,55596.997,57059.498,58528.192,60000.000,60000.000,60000.000,60000.000,60000.000,60000.000,60000.000,60000.000,60000.000,60000.000,60000.000,60000.000,60000.000,60000.000,60000.000,60000.000,58360.052,56723.857,55095.110,53477.402,51874.164,50288.631,48723.804,47182.426,45666.958,44179.576,42722.159,41296.300,39903.308,38544.225,37219.839,35930.705,34677.162,33459.354,32277.252,31130.670,30019.287,28942.665,27900.261,26891.451,25915.535,24971.756,24059.309,23177.352,22325.014,21501.407,20705.627,19936.765,19193.910,18476.154,17782.599,17112.353,16464.542,15838.304,15232.797,14647.196,14080.696,13532.515,13001.891,12488.082,11990.372,11508.062,11040.478,10586.966,10146.895,9719.653,9304.647,8901.307,8509.077,8127.425,7755.831,7393.796,7040.836,6696.481,6360.278,6031.786,5710.580,5396.245,5088.380,4786.594,4490.507,4199.750,3913.961,3632.790,3355.892,3082.932,2813.581,2547.515,2284.418,2023.978,1765.888,1509.846,1255.551,1002.707,751.021,500.201,249.957,0.000
0.000,25.018,50.074,75.198,100.422,125.777,151.294,177.003,202.937,229.128,255.606,282.404,309.553,337.088,365.039,393.441,422.327,451.729,481.684,512.224,543.386,575.204,607.714,640.954,674.959,709.768,745.419,781.950,819.402,857.814,897.227,937.683,979.225,1021.895,1065.739,1110.800,1157.126,1204.762,1253.759,1304.163,1356.026,1409.399,1464.335,1520.887,1579.111,1639.062,1700.798,1764.379,1829.865,1897.320,1966.806,2038.389,2112.136,2188.116,2266.401,2347.063,2430.177,2515.819,2604.070,2695.010,2788.722,2885.294,2984.813,3087.370,3193.060,3301.979,3414.227,3529.906,3649.122,3771.984,3898.605,4029.100,4163.588,4302.194,4445.044,4592.270,4744.009,4900.398,5061.584,5227.717,5398.949,5575.442,5757.360,5944.875,6138.161,6337.403,6542.788,6754.513,6972.779,7197.796,7429.780,7668.956,7915.556,8169.820,8431.997,8702.344,8981.130,9268.631,9565.133,9870.933,10186.339,10511.669,10847.252,11193.432,11550.561,11919.007,12299.148,12691.379,13096.104,13513.745,13944.737,14389.530,14848.589,15322.395,15811.443,16316.244,16837.326,17375.233,17930.523,18503.771,19095.567,19706.514,20337.232,20988.352,21660.517,22354.382,23070.610,23809.869,24572.833,25360.177,26172.571,27010.679,27875.153,28766.625,29685.703,30632.962,31608.932,32614.095,33648.865,34713.583,35808.496,36933.747,38089.358,39275.209,40491.023,41736.347,43010.534,44312.725,45641.833,46996.532,48375.245,49776.141,51197.135,52635.897,54089.866,55556.273,57032.172,58514.475,60000.000,60000.000,60000.000,60000.000,60000.000,60000.000,60000.000,60000.000,60000.000,60000.000,60000.000,60000.000,60000.000,60000.000,60000.000,60000.000,58355.422,56714.644,55081.407,53459.341,51851.915,50262.394,48693.803,47148.901,45630.161,44139.761,42679.579,41251.202,39855.930,38494.790,37168.559,35877.775,34622.762,33403.649,32220.391,31072.789,29960.510,28883.103,27840.019,26830.621,25854.205,24910.009,23997.220,23114.995,22262.460,21438.724,20642.881,19874.022,19131.235,18413.612,17720.254,17050.270,16402.784,15776.936,15171.882,14586.797,14020.877,13473.338,12943.416,12430.371,11933.483,11452.054,10985.408,10532.890,10093.866,9667.723,9253.867,8851.724,8460.740,8080.377,7710.116,7349.455,6997.907,6655.002,6320.284,5993.311,5673.654,5360.899,5054.641,4754.489,4460.059,4170.982,3886.895,3607.444,3332.285,3061.080,2793.499,2529.217,2267.916,2009.282,1753.009,1498.791,1246.327,995.322,745.478,496.504,248.108,0.000
0.000,24.597,49.232,73.934,98.734,123.662,148.751,174.029,199.528,225.279,251.315,277.664,304.360,331.435,358.920,386.849,415.254,444.168,473.626,503.661,534.307,565.600,597.575,630.268,663.716,697.955,733.023,768.958,805.800,843.589,882.363,922.166,963.038,1005.022,1048.162,1092.503,1138.089,1184.968,1233.187,1282.795,1333.840,1386.374,1440.449,1496.117,1553.435,1612.455,1673.237,1735.839,1800.320,1866.743,1935.170,2005.667,2078.300,2153.138,2230.250,2309.708,2391.588,2475.965,2562.918,2652.527,2744.875,2840.048,2938.133,3039.221,3143.405,3250.782,3361.450,3475.510,3593.069,3714.235,3839.118,3967.835,4100.505,4237.250,4378.198,4523.478,4673.227,4827.583,4986.692,5150.702,5319.767,5494.048,5673.708,5858.918,6049.854,6246.699,6449.642,6658.878,6874.609,7097.044,7326.402,7562.906,7806.789,8058.291,8317.663,8585.163,8861.060,9145.631,9439.164,9741.958,10054.321,10376.574,10709.049,11052.090,11406.055,11771.313,12148.246,12537.251,12938.739,13353.135,13780.879,14222.427,14678.249,15148.832,15634.680,16136.311,16654.263,17189.086,17741.351,18311.644,18900.564,19508.731,20136.778,20785.349,21455.108,22146.725,22860.883,23598.273,24359.592,25145.538,25956.809,26794.099,27658.089,28549.446,29468.812,30416.801,31393.982,32400.879,33437.951,34505.582,35604.068,36733.598,37894.239,39085.917,40308.398,41561.267,42843.907,44155.485,45494.926,46860.905,48251.830,49665.839,51100.796,52554.300,54023.700,55506.116,56998.475,58497.548,60000.000,60000.000,60000.000,60000.000,60000.000,60000.000,60000.000,60000.000,60000.000,60000.000,60000.000,60000.000,60000.000,60000.000,60000.000,60000.000,58346.998,56697.900,55056.545,53426.656,51811.780,50215.249,48640.139,47089.244,45565.056,44069.761,42605.233,41173.041,39774.461,38410.495,37081.882,35789.127,34532.517,33312.146,32127.933,30979.647,29866.925,28789.287,27746.158,26736.881,25760.731,24816.928,23904.645,23023.027,22171.188,21348.227,20553.234,19785.290,19043.480,18326.891,17634.621,16965.776,16319.477,15694.862,15091.086,14507.323,13942.766,13396.631,12868.153,12356.591,11861.223,11381.350,10916.296,10465.405,10028.040,9603.589,9191.455,8791.064,8401.860,8023.304,7654.877,7296.074,6946.408,6605.406,6272.613,5947.584,5629.891,5319.117,5014.856,4716.715,4424.312,4137.274,3855.239,3577.851,3304.765,3035.643,2770.153,2507.969,2248.774,1992.253,1738.096,1486.000,1235.662,986.785,739.074,492.233,245.972,0.000
0.000,24.160,48.356,72.618,96.977,121.462,146.104,170.933,195.980,221.274,246.847,272.730,298.953,325.549,352.549,379.985,407.889,436.295,465.235,494.743,524.853,555.598,587.015,619.138,652.003,685.647,720.107,755.421,791.626,828.763,866.871,905.990,946.162,987.429,1029.834,1073.421,1118.235,1164.321,1211.726,1260.499,1310.687,1362.342,1415.515,1470.258,1526.624,1584.669,1644.449,1706.023,1769.448,1834.788,1902.103,1971.458,2042.919,2116.554,2192.431,2270.623,2351.203,2434.245,2519.829,2608.034,2698.942,2792.637,2889.207,2988.741,3091.332,3197.076,3306.069,3418.414,3534.215,3653.579,3776.617,3903.445,4034.180,4168.944,4307.863,4451.068,4598.693,4750.877,4907.764,5069.502,5236.245,5408.151,5585.386,5768.118,5956.525,6150.787,6351.093,6557.639,6770.627,6990.266,7216.772,7450.371,7691.296,7939.786,8196.094,8460.477,8733.205,9014.555,9304.818,9604.292,9913.289,10232.129,10561.146,10900.689,11251.114,11612.795,11986.117,12371.480,12769.298,13180.001,13604.034,14041.856,14493.945,14960.794,15442.913,15940.828,16455.085,16986.245,17534.888,18101.611,18687.027,19291.768,19916.482,20561.832,21228.497,21917.169,22628.553,23363.362,24122.320,24906.155,25715.595,26551.366,27414.189,28304.770,29223.795,30171.923,31149.776,32157.928,33196.898,34267.128,35368.977,36502.698,37668.423,38866.142,40095.684,41356.692,42648.600,43970.616,45321.695,46700.523,48105.501,49534.736,50986.034,52456.909,53944.596,55446.073,56958.098,58477.253,60000.000,60000.000,60000.000,60000.000,60000.000,60000.000,60000.000,60000.000,60000.000,60000.000,60000.000,60000.000,60000.000,60000.000,60000.000,60000.000,58334.676,56673.420,55020.230,53378.971,51753.318,50146.705,48562.285,47002.906,45471.090,43969.030,42498.588,41061.306,39658.423,38290.891,36959.396,35664.385,34406.088,33184.541,31999.608,30851.005,29738.319,28661.027,27618.514,26610.085,25634.983,24692.399,23781.483,22901.356,22051.115,21229.845,20436.618,19670.508,18930.587,18215.938,17525.648,16858.821,16214.572,15592.037,14990.365,14408.729,13846.322,13302.354,12776.063,12266.703,11773.554,11295.915,10833.108,10384.477,9949.385,9527.219,9117.381,8719.297,8332.410,7956.181,7590.088,7233.629,6886.314,6547.672,6217.244,5894.587,5579.272,5270.880,4969.007,4673.258,4383.252,4098.614,3818.982,3544.000,3273.323,3006.611,2743.534,2483.766,2226.986,1972.883,1721.145,1471.469,1223.552,977.096,731.806,487.388,243.549,0.000
0.000,23.705,47.445,71.251,95.151,119.176,143.355,167.717,192.293,217.113,242.206,267.604,293.336,319.435,345.930,372.853,400.238,428.115,456.516,485.476,515.026,545.202,576.038,607.567,639.827,672.851,706.678,741.344,776.887,813.345,850.758,889.165,928.608,969.127,1010.765,1053.565,1097.572,1142.830,1189.386,1237.287,1286.581,1337.317,1389.547,1443.321,1498.693,1555.717,1614.449,1674.946,1737.267,1801.471,1867.620,1935.779,2006.011,2078.383,2152.965,2229.826,2309.040,2390.681,2474.825,2561.553,2650.945,2743.084,2838.058,2935.954,3036.865,3140.886,3248.112,3358.644,3472.587,3590.045,3711.131,3835.957,3964.641,4097.304,4234.071,4375.071,4520.439,4670.311,4824.832,4984.149,5148.415,5317.787,5492.429,5672.511,5858.208,6049.701,6247.178,6450.834,6660.870,6877.495,7100.927,7331.388,7569.112,7814.341,8067.323,8328.319,8597.597,8875.436,9162.126,9457.967,9763.271,10078.360,10403.570,10739.249,11085.758,11443.470,11812.774,12194.074,12587.786,12994.344,13414.197,13847.810,14295.664,14758.259,15236.112,15729.757,16239.747,16766.654,17311.066,17873.593,18454.861,19055.516,19676.221,20317.658,20980.523,21665.532,22373.411,23104.902,23860.757,24641.735,25448.600,26282.118,27143.051,28032.153,28950.160,29897.787,30875.717,31884.591,32924.995,33997.448,35102.386,36240.146,37410.945,38614.858,39851.798,41121.487,42423.436,43756.914,45120.923,46514.178,47935.081,49381.712,50851.816,52342.807,53851.780,55375.537,56910.623,58453.378,60000.000,60000.000,60000.000,60000.000,60000.000,60000.000,60000.000,60000.000,60000.000,60000.000,60000.000,60000.000,60000.000,60000.000,60000.000,60000.000,58318.291,56640.882,54971.995,53315.696,51675.836,50055.989,48459.415,46889.032,45347.400,43836.714,42358.819,40915.213,39507.078,38135.294,36800.474,35502.981,34242.964,33020.378,31835.011,30686.506,29574.382,28498.055,27456.853,26450.031,25476.788,24536.275,23627.607,22749.875,21902.152,21083.497,20292.966,19529.616,18792.507,18080.708,17393.298,16729.372,16088.041,15468.433,14869.694,14290.995,13731.523,13190.489,12667.126,12160.691,11670.459,11195.731,10735.828,10290.092,9857.888,9438.600,9031.634,8636.412,8252.379,7878.996,7515.741,7162.112,6817.619,6481.791,6154.170,5834.313,5521.790,5216.184,4917.090,4624.114,4336.874,4054.996,3778.119,3505.887,3237.954,2973.982,2713.640,2456.603,2202.551,1951.171,1702.154,1455.196,1209.995,966.253,723.675,481.968,240.840,0.000
0.000,23.233,46.502,69.834,93.259,116.807,140.505,164.383,188.471,212.799,237.395,262.289,287.512,313.094,339.066,365.458,392.303,419.630,447.473,475.863,504.834,534.419,564.651,595.564,627.194,659.575,692.744,726.737,761.590,797.343,834.033,871.700,910.383,950.124,990.964,1032.945,1076.112,1120.508,1166.179,1213.172,1261.533,1311.312,1362.558,1415.322,1469.657,1525.616,1583.253,1642.626,1703.792,1766.810,1831.741,1898.648,1967.594,2038.646,2111.871,2187.339,2265.122,2345.294,2427.929,2513.107,2600.908,2691.415,2784.712,2880.887,2980.032,3082.240,3187.606,3296.230,3408.215,3523.665,3642.691,3765.405,3891.922,4022.365,4156.856,4295.523,4438.500,4585.924,4737.935,4894.683,5056.316,5222.994,5394.878,5572.137,5754.945,5943.483,6137.938,6338.504,6545.380,6758.777,6978.909,7206.000,7440.283,7681.998,7931.394,8188.732,8454.280,8728.316,9011.131,9303.024,9604.309,9915.308,10236.358,10567.807,10910.019,11263.369,11628.248,12005.060,12394.226,12796.183,13211.382,13640.295,14083.406,14541.222,15014.265,15503.078,16008.219,16530.272,17069.835,17627.527,18203.990,18799.882,19415.885,20052.697,20711.036,21391.639,22095.259,22822.666,23574.642,24351.984,25155.493,25985.980,26844.253,27731.121,28647.378,29593.805,30571.154,31580.144,32621.444,33695.665,34803.338,35944.902,37120.678,38330.853,39575.446,40854.288,42166.988,43512.904,44891.109,46300.366,47739.095,49205.356,50696.830,52210.819,53744.256,55293.726,56855.511,58425.648,60000.000,60000.000,60000.000,60000.000,60000.000,60000.000,60000.000,60000.000,60000.000,60000.000,60000.000,60000.000,60000.000,60000.000,60000.000,60000.000,58297.609,56599.831,54911.182,53235.998,51578.358,49942.020,48330.378,46746.436,45192.792,43671.643,42184.796,40733.689,39319.422,37942.781,36604.271,35304.152,34042.461,32819.051,31633.609,30485.685,29374.711,28300.023,27260.878,26256.468,25285.934,24348.376,23442.868,22568.462,21724.196,20909.102,20122.213,19362.565,18629.199,17921.170,17237.547,16577.413,15939.871,15324.043,14729.070,14154.117,13598.370,13061.036,12541.348,12038.559,11551.945,11080.806,10624.462,10182.257,9753.555,9337.740,8934.219,8542.415,8161.774,7791.756,7431.841,7081.528,6740.328,6407.769,6083.397,5766.767,5457.452,5155.034,4859.110,4569.287,4285.183,4006.427,3732.656,3463.516,3198.663,2937.760,2680.475,2426.485,2175.471,1927.121,1681.126,1437.184,1194.993,954.257,714.681,475.973,237.843,0.000
0.000,22.745,45.525,68.368,91.301,114.354,137.555,160.933,184.516,208.334,232.415,256.788,281.484,306.532,331.962,357.804,384.089,410.847,438.111,465.912,494.282,523.254,552.860,583.134,614.112,645.826,678.312,711.606,745.745,780.766,816.706,853.604,891.499,930.432,970.442,1011.573,1053.867,1097.367,1142.119,1188.167,1235.558,1284.341,1334.563,1386.277,1439.532,1494.381,1550.879,1609.081,1669.043,1730.824,1794.484,1860.085,1927.690,1997.363,2069.172,2143.185,2219.473,2298.109,2379.166,2462.724,2548.859,2637.656,2729.197,2823.570,2920.863,3021.169,3124.584,3231.204,3341.132,3454.472,3571.332,3691.823,3816.061,3944.165,4076.257,4212.464,4352.918,4497.755,4647.116,4801.145,4959.994,5123.818,5292.778,5467.043,5646.785,5832.183,6023.424,6220.699,6424.209,6634.162,6850.771,7074.260,7304.860,7542.811,7788.362,8041.771,8303.307,8573.248,8851.884,9139.515,9436.453,9743.022,10059.558,10386.412,10723.946,11072.538,11432.579,11804.477,12188.654,12585.549,12995.619,13419.336,13857.192,14309.697,14777.379,15260.788,15760.492,16277.079,16811.161,17363.368,17934.353,18524.792,19135.381,19766.837,20419.900,21095.330,21793.908,22516.433,23263.722,24036.608,24835.937,25662.565,26517.357,27401.178,28314.890,29259.345,30235.379,31243.796,32285.366,33360.803,34470.755,35615.781,36796.332,38012.728,39265.125,40553.491,41877.564,43236.823,44630.442,46057.259,47515.735,49003.922,50519.443,52059.479,53620.773,55199.652,56792.079,58393.713,60000.000,60000.000,60000.000,60000.000,60000.000,60000.000,60000.000,60000.000,60000.000,60000.000,60000.000,60000.000,60000.000,60000.000,60000.000,60000.000,58272.321,56549.659,54836.915,53138.771,51459.595,49803.374,48173.666,46573.568,45005.719,43472.302,41975.067,40515.365,39094.183,37712.180,36369.726,35066.942,33803.730,32579.810,31394.747,30247.972,29138.814,28066.511,27030.234,26029.096,25062.170,24128.499,23227.100,22356.981,21517.142,20706.580,19924.299,19169.309,18440.633,17737.308,17058.387,16402.944,15770.070,15158.880,14568.509,13998.118,13446.887,12914.023,12398.754,11900.334,11418.039,10951.167,10499.039,10060.999,9636.413,9224.665,8825.163,8437.332,8060.618,7694.485,7338.412,6991.900,6654.462,6325.628,6004.944,5691.969,5386.274,5087.447,4795.083,4508.792,4228.194,3952.919,3682.605,3416.900,3155.462,2897.955,2644.048,2393.420,2145.754,1900.738,1658.067,1417.437,1178.551,941.112,704.827,469.407,234.560,0.000
0.000,22.242,44.516,66.853,89.278,111.821,134.508,157.369,180.430,203.721,227.270,251.105,275.256,299.752,324.621,349.894,375.600,401.771,428.436,455.627,483.376,511.713,540.673,570.286,600.588,631.612,663.391,695.963,729.362,763.624,798.787,834.888,871.967,910.061,949.213,989.462,1030.851,1073.421,1117.218,1162.286,1208.671,1256.419,1305.580,1356.201,1408.334,1462.031,1517.344,1574.328,1633.039,1693.534,1755.872,1820.114,1886.321,1954.559,2024.893,2097.389,2172.119,2249.152,2328.564,2410.430,2494.828,2581.838,2671.545,2764.033,2859.390,2957.707,3059.079,3163.602,3271.376,3382.504,3497.093,3615.253,3737.098,3862.745,3992.317,4125.937,4263.737,4405.852,4552.420,4703.585,4859.496,5020.309,5186.182,5357.281,5533.780,5715.854,5903.689,6097.477,6297.414,6503.708,6716.572,6936.228,7162.905,7396.842,7638.287,7887.498,8144.743,8410.297,8684.451,8967.505,9259.769,9561.567,9873.236,10195.126,10527.600,10871.036,11225.827,11592.382,11971.124,12362.495,12766.954,13184.977,13617.059,14063.715,14525.479,15002.907,15496.572,16007.075,16535.034,17081.091,17645.914,18230.190,18834.634,19459.983,20106.996,20776.460,21469.183,22185.995,22927.749,23695.319,24489.596,25311.488,26161.917,27041.812,27952.109,28893.743,29867.636,30874.697,31915.803,32991.793,34103.445,35251.463,36436.451,37658.891,38919.108,40217.238,41553.188,42926.594,44336.772,45782.669,47262.817,48775.288,50317.656,51886.975,53479.775,55092.083,56719.470,58357.134,60000.000,60000.000,60000.000,60000.000,60000.000,60000.000,60000.000,60000.000,60000.000,60000.000,60000.000,60000.000,60000.000,60000.000,60000.000,60000.000,58242.019,56489.576,54748.060,53022.590,51317.894,49638.238,47987.365,46368.479,44784.245,43236.810,41727.839,40258.559,38829.806,37442.072,36095.557,34790.207,33525.758,32301.768,31117.650,29972.701,28866.121,27797.036,26764.513,25767.577,24805.221,23876.417,22980.124,22115.295,21280.884,20475.852,19699.169,18949.816,18226.794,17529.120,16855.830,16205.985,15578.667,14972.979,14388.051,13823.039,13277.119,12749.494,12239.393,11746.066,11268.790,10806.863,10359.607,9926.367,9506.510,9099.421,8704.511,8321.207,7948.956,7587.223,7235.493,6893.266,6560.058,6235.402,5918.845,5609.949,5308.289,5013.451,4725.037,4442.656,4165.932,3894.495,3627.987,3366.059,3108.369,2854.583,2604.374,2357.422,2113.412,1872.035,1632.986,1395.965,1160.675,926.823,694.118,462.270,230.993,0.000
0.000,21.721,43.476,65.290,87.192,109.208,131.365,153.692,176.215,198.963,221.963,245.243,268.831,292.756,317.048,341.733,366.843,392.406,418.454,445.016,472.122,499.805,528.096,557.026,586.630,616.940,647.990,679.814,712.448,745.926,780.285,815.563,851.797,889.025,927.288,966.624,1007.075,1048.684,1091.493,1135.545,1180.888,1227.564,1275.624,1325.114,1376.083,1428.584,1482.669,1538.389,1595.801,1654.961,1715.926,1778.756,1843.513,1910.258,1979.058,2049.978,2123.086,2198.453,2276.151,2356.256,2438.844,2523.994,2611.788,2702.310,2795.648,2891.891,2991.130,3093.462,3198.985,3307.801,3420.015,3535.737,3655.077,3778.152,3905.082,4035.991,4171.008,4310.265,4453.900,4602.056,4754.879,4912.523,5075.146,5242.912,5415.991,5594.559,5778.799,5968.901,6165.061,6367.484,6576.382,6791.973,7014.488,7244.163,7481.244,7725.988,7978.661,8239.539,8508.908,8787.070,9074.332,9371.020,9677.468,9994.026,10321.057,10658.940,11008.066,11368.847,11741.707,12127.089,12525.453,12937.278,13363.064,13803.329,14258.611,14729.471,15216.492,15720.280,16241.463,16780.695,17338.654,17916.043,18513.594,19132.061,19772.228,20434.904,21120.927,21831.159,22566.492,23327.839,24116.141,24932.361,25777.480,26652.500,27558.433,28496.303,29467.133,30471.941,31511.730,32587.475,33700.107,34850.494,36039.421,37267.561,38535.442,39843.410,41191.584,42579.802,44007.570,45473.995,46977.726,48516.887,50089.027,51691.079,53319.339,54969.484,56636.616,58315.362,60000.000,60000.000,60000.000,60000.000,60000.000,60000.000,60000.000,60000.000,60000.000,60000.000,60000.000,60000.000,60000.000,60000.000,60000.000,60000.000,58206.186,56418.572,54643.172,52885.647,51151.172,49444.337,47769.099,46128.764,44526.000,42962.886,41440.956,39961.264,38524.448,37130.788,35780.268,34472.620,33207.376,31983.904,30801.440,29659.118,28555.993,27491.059,26463.268,25471.544,24514.788,23591.894,22701.753,21843.260,21015.320,20216.850,19446.782,18704.069,17987.685,17296.624,16629.908,15986.580,15365.711,14766.397,14187.760,13628.948,13089.135,12567.523,12063.337,11575.827,11104.270,10647.966,10206.237,9778.430,9363.912,8962.075,8572.328,8194.101,7826.846,7470.030,7123.139,6785.678,6457.166,6137.139,5825.146,5520.753,5223.536,4933.087,4649.009,4370.915,4098.429,3831.187,3568.833,3311.020,3057.409,2807.669,2561.475,2318.511,2078.464,1841.026,1605.897,1372.778,1141.376,911.398,682.557,454.567,227.143,0.000
0.000,21.186,42.404,63.681,85.043,106.516,128.129,149.906,171.875,194.063,216.497,239.204,262.213,285.551,309.247,333.327,357.822,382.760,408.170,434.083,460.527,487.535,515.137,543.364,572.247,601.821,632.118,663.171,695.015,727.684,761.214,795.641,831.003,867.336,904.680,943.073,982.556,1023.171,1064.958,1107.961,1152.225,1197.793,1244.714,1293.032,1342.798,1394.062,1446.873,1501.286,1557.352,1615.128,1674.670,1736.037,1799.289,1864.488,1931.696,2000.979,2072.404,2146.041,2221.960,2300.235,2380.941,2464.157,2549.963,2638.440,2729.676,2823.758,2920.777,3020.826,3124.003,3230.409,3340.146,3453.322,3570.046,3690.435,3814.604,3942.679,4074.783,4211.050,4351.614,4496.616,4646.202,4800.523,4959.734,5123.999,5293.484,5468.365,5648.823,5835.044,6027.223,6225.564,6430.275,6641.575,6859.690,7084.855,7317.315,7557.325,7805.148,8061.058,8325.343,8598.298,8880.233,9171.470,9472.344,9783.202,10104.408,10436.338,10779.387,11133.962,11500.490,11879.415,12271.198,12676.321,13095.284,13528.610,13976.841,14440.542,14920.304,15416.737,15930.481,16462.198,17012.579,17582.341,18172.230,18783.022,19415.520,20070.559,20749.005,21451.755,22179.736,22933.907,23715.258,24524.807,25363.603,26232.717,27133.249,28066.316,29033.047,30034.584,31072.065,32146.617,33259.342,34411.296,35603.471,36836.765,38111.947,39429.617,40790.155,42193.663,43639.895,45128.182,46657.349,48225.632,49830.593,51469.062,53137.089,54829.946,56542.178,58267.707,60000.000,60000.000,60000.000,60000.000,60000.000,60000.000,60000.000,60000.000,60000.000,60000.000,60000.000,60000.000,60000.000,60000.000,60000.000,60000.000,58164.157,56335.362,54520.419,52725.669,50956.825,49218.860,47515.955,45851.501,44228.135,42647.810,41111.868,39621.130,38175.972,36776.407,35422.149,34112.675,32847.272,31625.084,30445.142,29306.394,28207.730,27147.998,26126.020,25140.605,24190.557,23274.683,22391.802,21540.743,20720.358,19929.517,19167.114,18432.069,17723.327,17039.861,16380.674,15744.793,15131.279,14539.216,13967.720,13415.935,12883.030,12368.204,11870.682,11389.714,10924.577,10474.571,10039.022,9617.278,9208.710,8812.711,8428.695,8056.095,7694.366,7342.978,7001.423,6669.207,6345.854,6030.903,5723.908,5424.437,5132.072,4846.407,4567.048,4293.612,4025.728,3763.035,3505.179,3251.817,3002.614,2757.241,2515.378,2276.711,2040.930,1807.731,1576.816,1347.891,1120.664,894.847,670.155,446.304,223.012,0.000
0.000,20.636,41.302,62.026,82.833,103.749,124.800,146.011,167.410,189.023,210.875,232.994,255.407,278.141,301.223,324.681,348.542,372.836,397.591,422.836,448.599,474.912,501.804,529.305,557.448,586.264,615.785,646.043,677.073,708.908,741.584,775.135,809.597,845.007,881.403,918.824,957.308,996.896,1037.629,1079.550,1122.700,1167.124,1212.868,1259.977,1308.500,1358.484,1409.981,1463.040,1517.715,1574.061,1632.131,1691.984,1753.679,1817.275,1882.835,1950.424,2020.105,2091.949,2166.023,2242.401,2321.156,2402.365,2486.106,2572.462,2661.514,2753.352,2848.062,2945.739,3046.477,3150.374,3257.533,3368.058,3482.058,3599.646,3720.939,3846.056,3975.122,4108.267,4245.623,4387.330,4533.531,4684.375,4840.016,5000.613,5166.334,5337.348,5513.837,5695.984,5883.982,6078.030,6278.337,6485.118,6698.598,6919.008,7146.592,7381.602,7624.298,7874.955,8133.854,8401.292,8677.575,8963.023,9257.970,9562.762,9877.759,10203.340,10539.894,10887.832,11247.579,11619.579,12004.293,12402.205,12813.816,13239.652,13680.257,14136.203,14608.083,15096.516,15602.146,16125.649,16667.723,17229.100,17810.542,18412.842,19036.824,19683.348,20353.309,21047.635,21767.293,22513.285,23286.651,24088.469,24919.851,25781.949,26675.948,27603.063,28564.541,29561.652,30595.681,31667.923,32779.666,33932.179,35126.688,36364.349,37646.215,38973.189,40345.972,41764.997,43230.343,44741.648,46298.000,47897.821,49538.757,51217.573,52930.073,54671.081,56434.471,58213.297,60000.000,60000.000,60000.000,60000.000,60000.000,60000.000,60000.000,60000.000,60000.000,60000.000,60000.000,60000.000,60000.000,60000.000,60000.000,60000.000,58115.083,56238.307,54377.482,52539.798,50731.617,48958.343,47224.382,45533.174,43887.257,42288.380,40737.610,39235.451,37781.942,36376.760,35019.291,33708.704,32444.002,31224.068,30047.701,28913.641,27820.592,26767.241,25752.269,24774.361,23832.215,22924.546,22050.094,21207.621,20395.921,19613.817,18860.160,18133.837,17433.765,16758.895,16108.207,15480.717,14875.470,14291.544,13728.047,13184.118,12658.922,12151.658,11661.549,11187.846,10729.827,10286.794,9858.076,9443.024,9041.012,8651.437,8273.716,7907.288,7551.611,7206.161,6870.432,6543.936,6226.201,5916.771,5615.204,5321.072,5033.962,4753.472,4479.213,4210.806,3947.883,3690.087,3437.071,3188.493,2944.023,2703.337,2466.117,2232.052,2000.837,1772.174,1545.766,1321.322,1098.555,877.181,656.917,437.485,218.605,0.000
0.000,20.070,40.171,60.327,80.564,100.907,121.381,142.012,162.825,183.847,205.101,226.616,248.417,270.529,292.982,315.800,339.011,362.643,386.724,411.282,436.345,461.943,488.105,514.861,542.242,570.278,599.000,628.442,658.634,689.612,721.407,754.055,787.592,822.052,857.473,893.892,931.347,969.878,1009.525,1050.329,1092.332,1135.577,1180.107,1225.969,1273.209,1321.874,1372.014,1423.677,1476.916,1531.784,1588.335,1646.624,1706.710,1768.651,1832.508,1898.344,1966.222,2036.210,2108.377,2182.791,2259.526,2338.657,2420.260,2504.416,2591.206,2680.716,2773.033,2868.248,2966.454,3067.747,3172.228,3280.000,3391.169,3505.846,3624.145,3746.185,3872.088,4001.981,4135.995,4274.267,4416.937,4564.153,4716.066,4872.833,5034.618,5201.590,5373.926,5551.807,5735.424,5924.974,6120.662,6322.700,6531.310,6746.723,6969.178,7198.924,7436.220,7681.336,7934.553,8196.163,8466.471,8745.794,9034.464,9332.823,9641.233,9960.066,10289.714,10630.583,10983.099,11347.704,11724.860,12115.051,12518.779,12936.570,13368.973,13816.561,14279.931,14759.708,15256.543,15771.119,16304.146,16856.367,17428.558,18021.529,18636.124,19273.228,19933.761,20618.685,21329.004,22065.764,22830.055,23623.012,24445.818,25299.700,26185.932,27105.837,28060.777,29052.160,30081.428,31150.054,32259.532,33411.361,34607.030,35847.989,37135.617,38471.177,39855.757,41290.199,42775.005,44310.223,45895.318,47529.014,49209.143,50932.480,52694.616,54489.879,56311.355,58151.019,60000.000,60000.000,60000.000,60000.000,60000.000,60000.000,60000.000,60000.000,60000.000,60000.000,60000.000,60000.000,60000.000,60000.000,60000.000,60000.000,58057.873,56125.310,54211.414,52324.438,50471.518,48658.529,46890.080,45169.578,43499.365,41880.871,40314.774,38801.155,37339.624,35929.438,34569.592,33258.891,31996.009,30779.535,29608.005,28479.929,27393.811,26348.163,25341.513,24372.416,23439.457,22541.257,21676.470,20843.793,20041.957,19269.736,18525.942,17809.426,17119.075,16453.817,15812.616,15194.470,14598.414,14023.518,13468.882,12933.641,12416.959,11918.032,11436.084,10970.368,10520.163,10084.776,9663.536,9255.801,8860.947,8478.378,8107.514,7747.799,7398.696,7059.687,6730.272,6409.966,6098.305,5794.835,5499.121,5210.741,4929.285,4654.358,4385.574,4122.561,3864.955,3612.404,3364.563,3121.099,2881.684,2645.998,2413.728,2184.568,1958.218,1734.382,1512.769,1293.091,1075.067,858.414,642.857,428.118,213.923,0.000
0.000,19.490,39.010,58.584,78.237,97.992,117.875,137.910,158.123,178.537,199.179,220.074,241.246,262.722,284.528,306.689,329.233,352.186,375.575,399.428,423.773,448.637,474.050,500.040,526.638,553.873,581.776,610.377,639.710,669.805,700.697,732.418,765.003,798.486,832.904,868.293,904.690,942.134,980.664,1020.319,1061.141,1103.171,1146.453,1191.031,1236.949,1284.256,1332.997,1383.222,1434.981,1488.326,1543.310,1599.986,1658.413,1718.646,1780.746,1844.773,1910.790,1978.863,2049.058,2121.443,2196.091,2273.073,2352.466,2434.348,2518.797,2605.899,2695.739,2788.405,2883.987,2982.583,3084.288,3189.205,3297.437,3409.093,3524.286,3643.130,3765.747,3892.261,4022.801,4157.499,4296.496,4439.936,4587.966,4740.742,4898.424,5061.179,5229.180,5402.607,5581.647,5766.494,5957.350,6154.424,6357.935,6568.110,6785.186,7009.407,7241.031,7480.324,7727.563,7983.039,8247.051,8519.915,8801.959,9093.523,9394.965,9706.656,10028.984,10362.355,10707.191,11063.933,11433.043,11815.002,12210.314,12619.505,13043.125,13481.747,13935.974,14406.434,14893.785,15398.714,15921.941,16464.219,17026.338,17609.123,18213.437,18840.187,19490.319,20164.826,20864.747,21591.172,22345.239,23128.141,23941.128,24785.505,25662.638,26573.951,27520.933,28505.130,29528.148,30591.650,31697.346,32846.988,34042.351,35285.213,36577.323,37920.363,39315.881,40765.223,42269.423,43829.074,45444.166,47113.891,48836.420,50608.670,52426.092,54282.508,56170.080,58079.432,60000.000,60000.000,60000.000,60000.000,60000.000,60000.000,60000.000,60000.000,60000.000,60000.000,60000.000,60000.000,60000.000,60000.000,60000.000,60000.000,57991.102,55993.652,54018.435,52075.037,50171.501,48314.195,46507.850,44755.718,43059.782,41420.993,39839.493,38314.804,36845.996,35431.816,34070.790,32761.303,31501.655,30290.106,29124.904,28004.311,26926.615,25890.141,24893.260,23934.391,23012.002,22124.615,21270.802,20449.187,19658.444,18897.297,18164.516,17458.917,16779.361,16124.754,15494.040,14886.205,14300.272,13735.304,13190.395,12664.677,12157.313,11667.500,11194.460,10737.451,10295.754,9868.680,9455.564,9055.765,8668.669,8293.681,7930.229,7577.763,7235.752,6903.684,6581.063,6267.413,5962.274,5665.199,5375.760,5093.538,4818.132,4549.150,4286.213,4028.954,3777.015,3530.049,3287.718,3049.692,2815.648,2585.272,2358.258,2134.302,1913.109,1694.388,1477.854,1263.224,1050.219,838.563,627.984,418.210,208.971,0.000
0.000,18.896,37.821,56.799,75.852,95.006,114.283,133.708,153.305,173.099,193.112,213.371,233.900,254.723,275.866,297.355,319.215,341.472,364.152,387.282,410.890,435.002,459.646,484.852,510.647,537.060,564.122,591.862,620.312,649.503,679.467,710.236,741.844,774.324,807.712,842.044,877.354,913.681,951.062,989.538,1029.146,1069.929,1111.927,1155.184,1199.745,1245.653,1292.956,1341.702,1391.938,1443.716,1497.086,1552.102,1608.819,1667.294,1727.583,1789.747,1853.846,1919.944,1988.106,2058.399,2130.893,2205.659,2282.770,2362.303,2444.337,2528.951,2616.231,2706.261,2799.133,2894.938,2993.772,3095.735,3200.926,3309.455,3421.429,3536.963,3656.173,3779.182,3906.117,4037.108,4172.290,4311.807,4455.802,4604.428,4757.842,4916.209,5079.697,5248.485,5422.754,5602.697,5788.511,5980.403,6178.587,6383.287,6594.737,6813.177,7038.861,7272.050,7513.021,7762.057,8019.457,8285.531,8560.603,8845.012,9139.110,9443.266,9757.865,10083.309,10420.018,10768.430,11129.005,11502.223,11888.586,12288.620,12702.873,13131.922,13576.369,14036.846,14514.014,15008.566,15521.230,16052.768,16603.980,17175.703,17768.821,18384.257,19022.984,19686.023,20374.446,21089.383,21832.020,22603.606,23405.455,24238.948,25105.541,26006.763,26944.224,27919.614,28934.706,29991.357,31091.506,32237.170,33430.433,34673.431,35968.329,37317.281,38722.379,40185.570,41708.552,43292.628,44938.510,46646.076,48414.069,50239.768,52118.634,54044.027,56007.049,57996.640,60000.000,60000.000,60000.000,60000.000,60000.000,60000.000,60000.000,60000.000,60000.000,60000.000,60000.000,60000.000,60000.000,60000.000,60000.000,60000.000,57912.888,55839.768,53793.647,51785.785,49825.269,47918.917,46071.430,44285.684,42563.076,40903.856,39307.431,37772.606,36297.776,34881.076,33520.488,32213.918,30959.247,29754.375,28597.243,27485.846,26418.247,25392.580,24407.052,23459.943,22549.604,21674.459,20832.997,20023.772,19245.400,18496.556,17775.972,17082.431,16414.767,15771.866,15152.654,14556.106,13981.237,13427.100,12892.788,12377.430,11880.189,11400.262,10936.877,10489.292,10056.793,9638.696,9234.342,8843.096,8464.348,8097.513,7742.024,7397.337,7062.929,6738.293,6422.943,6116.408,5818.235,5527.985,5245.234,4969.573,4700.604,4437.944,4181.220,3930.070,3684.144,3443.100,3206.606,2974.336,2745.976,2521.217,2299.756,2081.297,1865.549,1652.228,1441.052,1231.745,1024.033,817.645,612.313,407.771,203.754,0.000
0.000,18.289,36.605,54.972,73.413,91.951,110.608,129.409,148.377,167.534,186.905,206.514,226.383,246.539,267.004,287.804,308.963,330.508,352.462,374.852,397.705,421.047,444.905,469.306,494.279,519.851,546.051,572.909,600.454,628.718,657.730,687.524,718.130,749.582,781.914,815.161,849.357,884.538,920.742,958.006,996.369,1035.871,1076.552,1118.453,1161.619,1206.092,1251.918,1299.143,1347.815,1397.982,1449.694,1503.004,1557.964,1614.629,1673.056,1733.302,1795.427,1859.493,1925.562,1993.702,2063.978,2136.460,2211.221,2288.333,2367.875,2449.924,2534.563,2621.876,2711.949,2804.874,2900.743,2999.653,3101.704,3206.999,3315.646,3427.755,3543.441,3662.823,3786.025,3913.175,4044.406,4179.855,4319.666,4463.987,4612.972,4766.782,4925.583,5089.548,5258.857,5433.698,5614.264,5800.758,5993.391,6192.384,6397.964,6610.369,6829.848,7056.659,7291.072,7533.369,7783.842,8042.799,8310.559,8587.456,8873.838,9170.070,9476.532,9793.624,10121.761,10461.378,10812.933,11176.901,11553.783,11944.102,12348.406,12767.270,13201.298,13651.122,14117.406,14600.846,15102.175,15622.163,16161.617,16721.389,17302.374,17905.515,18531.804,19182.289,19858.074,20560.325,21290.271,22049.214,22838.529,23659.671,24514.181,25403.690,26329.926,27294.721,28300.015,29347.862,30440.433,31580.020,32769.031,34009.986,35305.501,36658.260,38070.972,39546.297,41086.745,42694.518,44371.297,46117.940,47934.106,49817.772,51764.708,53767.958,55817.474,57900.085,60000.000,60000.000,60000.000,60000.000,60000.000,60000.000,60000.000,60000.000,60000.000,60000.000,60000.000,60000.000,60000.000,60000.000,60000.000,60000.000,57820.685,55658.891,53530.610,51449.201,49424.888,47464.791,45573.288,43752.536,42003.006,40323.952,38713.800,37170.443,35691.459,34274.262,32916.210,31614.673,30367.082,29170.950,28023.893,26923.632,25867.999,24854.934,23882.479,22948.779,22052.070,21190.679,20363.014,19567.564,18802.890,18067.620,17360.450,16680.132,16025.478,15395.353,14788.672,14204.397,13641.536,13099.139,12576.295,12072.134,11585.820,11116.552,10663.562,10226.113,9803.498,9395.037,9000.078,8617.993,8248.181,7890.063,7543.079,7206.695,6880.393,6563.677,6256.066,5957.099,5666.329,5383.324,5107.671,4838.964,4576.816,4320.849,4070.697,3826.006,3586.432,3351.640,3121.304,2895.106,2672.736,2453.892,2238.279,2025.604,1815.585,1607.942,1402.399,1198.686,996.534,795.679,595.857,396.810,198.277,0.000
0.000,17.667,35.362,53.105,70.920,88.828,106.853,125.016,143.340,161.847,180.561,199.505,218.701,238.174,257.946,278.042,298.485,319.300,340.513,362.147,384.228,406.782,429.835,453.414,477.544,502.255,527.574,553.529,580.149,607.463,635.502,664.297,693.878,724.277,755.528,787.663,820.717,854.725,889.722,925.745,962.832,1001.021,1040.351,1080.863,1122.599,1165.600,1209.911,1255.576,1302.642,1351.156,1401.167,1452.725,1505.881,1560.688,1617.202,1675.479,1735.575,1797.552,1861.471,1927.395,1995.391,2065.524,2137.866,2212.489,2289.466,2368.874,2450.793,2535.306,2622.497,2712.453,2805.266,2901.029,2999.840,3101.800,3207.012,3315.585,3427.631,3543.267,3662.612,3785.791,3912.935,4044.177,4179.657,4319.521,4463.918,4613.007,4766.948,4925.912,5090.074,5259.618,5434.734,5615.620,5802.483,5995.538,6195.009,6401.130,6614.144,6834.305,7061.878,7297.139,7540.377,7791.894,8052.004,8321.036,8599.333,8887.255,9185.179,9493.498,9812.622,10142.983,10485.034,10839.246,11206.117,11586.165,11979.938,12388.008,12810.976,13249.475,13704.169,14175.756,14664.972,15172.591,15699.428,16246.343,16814.243,17404.084,18016.878,18653.695,19315.664,20003.986,20719.929,21464.842,22240.156,23047.393,23888.176,24764.229,25677.396,26629.643,27623.072,28659.929,29742.617,30873.703,32055.927,33292.209,34585.642,35939.485,37357.135,38842.070,40397.765,42027.540,43734.338,45520.388,47386.730,49332.578,51354.525,53445.665,55594.828,57786.234,60000.000,60000.000,60000.000,60000.000,60000.000,60000.000,60000.000,60000.000,60000.000,60000.000,60000.000,60000.000,60000.000,60000.000,60000.000,60000.000,57710.965,55444.508,53220.710,51055.531,48960.307,46942.088,45004.413,43148.188,41372.483,39675.171,38053.402,36503.940,35023.389,33608.338,32255.452,30961.523,29723.500,28538.495,27403.792,26316.837,25275.232,24276.726,23319.204,22400.678,21519.274,20673.228,19860.875,19080.641,18331.035,17610.647,16918.136,16252.232,15611.724,14995.462,14402.349,13831.340,13281.438,12751.690,12241.187,11749.058,11274.471,10816.630,10374.773,9948.167,9536.113,9137.940,8753.003,8380.682,8020.384,7671.538,7333.596,7006.030,6688.332,6380.013,6080.603,5789.648,5506.710,5231.366,4963.210,4701.846,4446.893,4197.983,3954.756,3716.867,3483.978,3255.761,3031.898,2812.079,2596.000,2383.366,2173.887,1967.280,1763.267,1561.574,1361.933,1164.079,967.750,772.688,578.635,385.339,192.544,0.000
0.000,17.034,34.093,51.200,68.375,85.641,103.019,120.531,138.198,156.041,174.085,192.350,210.858,229.634,248.698,268.075,287.787,307.858,328.312,349.174,370.466,392.216,414.446,437.184,460.456,484.287,508.704,533.736,559.410,585.754,612.798,640.571,669.103,698.426,728.570,759.569,791.455,824.262,858.025,892.778,928.558,965.403,1003.351,1042.440,1082.711,1124.204,1166.963,1211.031,1256.452,1303.272,1351.539,1401.300,1452.606,1505.509,1560.061,1616.316,1674.332,1734.166,1795.877,1859.528,1925.181,1992.902,2062.760,2134.823,2209.164,2285.858,2364.982,2446.616,2530.841,2617.742,2707.410,2799.934,2895.408,2993.932,3095.606,3200.536,3308.830,3420.601,3535.967,3655.049,3777.974,3904.871,4035.879,4171.136,4310.792,4454.997,4603.911,4757.699,4916.532,5080.590,5250.057,5425.128,5606.005,5792.898,5986.026,6185.617,6391.911,6605.155,6825.609,7053.544,7289.242,7533.002,7785.129,8045.949,8315.798,8595.031,8884.018,9183.146,9492.822,9813.470,10145.538,10489.493,10845.825,11215.052,11597.713,11994.380,12405.649,12832.151,13274.548,13733.538,14209.858,14704.284,15217.635,15750.776,16304.623,16880.143,17478.363,18100.369,18747.314,19420.425,20121.006,20850.445,21610.224,22401.924,23227.240,24087.983,24986.101,25923.685,26902.989,27926.440,28996.664,30116.494,31289.000,32517.500,33805.577,35157.095,36576.187,38067.245,39634.850,41283.670,43018.244,44842.644,46759.935,48771.357,50875.202,53065.389,55329.963,57650.029,60000.000,60000.000,60000.000,60000.000,60000.000,60000.000,60000.000,60000.000,60000.000,60000.000,60000.000,60000.000,60000.000,60000.000,60000.000,60000.000,57578.671,55187.474,52852.200,50591.918,48418.734,46338.857,44354.106,42463.342,40663.593,38950.873,37320.724,35768.555,34289.850,32880.284,31535.774,30252.507,29026.938,27855.780,26735.987,25664.738,24639.414,23657.585,22716.985,21815.506,20951.173,20122.140,19326.674,18563.146,17830.022,17125.855,16449.277,15798.996,15173.786,14572.483,13993.985,13437.240,12901.249,12385.061,11887.768,11408.503,10946.441,10500.790,10070.795,9655.733,9254.913,8867.671,8493.373,8131.410,7781.196,7442.171,7113.797,6795.555,6486.948,6187.496,5896.739,5614.233,5339.548,5072.271,4812.005,4558.364,4310.975,4069.476,3833.520,3602.767,3376.888,3155.564,2938.484,2725.344,2515.850,2309.712,2106.649,1906.385,1708.648,1513.173,1319.696,1127.960,937.711,748.695,560.664,373.368,186.562,0.000
0.000,16.387,32.799,49.257,65.780,82.391,99.110,115.957,132.954,150.121,167.481,185.053,202.861,220.925,239.267,257.910,276.876,296.188,315.869,335.942,356.430,377.358,398.750,420.630,443.024,465.956,489.454,513.544,538.251,563.605,589.632,616.362,643.823,672.046,701.061,730.898,761.591,793.171,825.671,859.126,893.571,929.042,965.576,1003.210,1041.983,1081.934,1123.105,1165.538,1209.275,1254.362,1300.843,1348.765,1398.178,1449.130,1501.672,1555.858,1611.741,1669.378,1728.827,1790.146,1853.399,1918.646,1985.955,2055.393,2127.030,2200.938,2277.192,2355.868,2437.048,2520.812,2607.247,2696.441,2788.486,2883.477,2981.511,3082.692,3187.124,3294.918,3406.187,3521.048,3639.625,3762.045,3888.440,4018.947,4153.708,4292.874,4436.596,4585.038,4738.364,4896.749,5060.375,5229.429,5404.109,5584.620,5771.176,5963.999,6163.321,6369.387,6582.449,6802.772,7030.634,7266.323,7510.142,7762.408,8023.453,8293.622,8573.280,8862.808,9162.604,9473.088,9794.699,10127.899,10473.172,10831.028,11202.003,11586.660,11985.593,12399.427,12828.821,13274.471,13737.111,14217.516,14716.506,15234.950,15773.766,16333.931,16916.478,17522.510,18153.194,18809.780,19493.599,20206.071,20948.721,21723.180,22531.203,23374.678,24255.642,25176.298,26139.035,27146.445,28201.354,29306.849,30466.305,31683.424,32962.271,34307.312,35723.445,37216.025,38790.863,40454.173,42212.435,44072.109,46039.090,48117.779,50309.588,52610.764,55009.627,57483.929,60000.000,60000.000,60000.000,60000.000,60000.000,60000.000,60000.000,60000.000,60000.000,60000.000,60000.000,60000.000,60000.000,60000.000,60000.000,60000.000,57416.248,54874.522,52408.706,50041.218,47783.868,45640.515,43609.832,41687.499,39867.695,38144.031,36510.094,34959.735,33487.205,32087.206,30754.888,29485.831,28276.005,27121.741,26019.681,24966.757,23960.148,22997.260,22075.696,21193.237,20347.824,19537.537,18760.589,18015.302,17300.107,16613.530,15954.180,15320.748,14711.999,14126.761,13563.928,13022.446,12501.320,11999.599,11516.382,11050.809,10602.060,10169.355,9751.945,9349.119,8960.195,8584.519,8221.470,7870.447,7530.877,7202.212,6883.922,6575.502,6276.463,5986.339,5704.678,5431.046,5165.026,4906.215,4654.223,4408.675,4169.208,3935.470,3707.121,3483.831,3265.281,3051.158,2841.160,2634.994,2432.370,2233.010,2036.637,1842.985,1651.788,1462.789,1275.733,1090.368,906.448,723.727,541.961,360.911,180.337,0.000
0.000,15.728,31.481,47.277,63.137,79.080,95.127,111.298,127.612,144.090,160.753,177.620,194.713,212.052,229.659,247.555,265.761,284.299,303.191,322.460,342.129,362.219,382.756,403.761,425.260,447.277,469.837,492.965,516.688,541.031,566.022,591.687,618.056,645.156,673.018,701.671,731.145,761.472,792.684,824.814,857.896,891.963,927.053,963.200,1000.443,1038.819,1078.368,1119.130,1161.147,1204.461,1249.117,1295.159,1342.635,1391.591,1442.078,1494.146,1547.848,1603.237,1660.369,1719.303,1780.096,1842.810,1907.509,1974.258,2043.124,2114.176,2187.488,2263.133,2341.188,2421.734,2504.853,2590.630,2679.154,2770.517,2864.814,2962.144,3062.608,3166.314,3273.370,3383.891,3497.996,3615.808,3737.455,3863.070,3992.792,4126.764,4265.136,4408.064,4555.710,4708.243,4865.838,5028.679,5196.957,5370.872,5550.631,5736.452,5928.559,6127.192,6332.595,6545.028,6764.760,6992.074,7227.265,7470.643,7722.531,7983.270,8253.214,8532.737,8822.230,9122.105,9432.793,9754.748,10088.447,10434.390,10793.108,11165.156,11551.121,11951.620,12367.309,12798.876,13247.052,13712.607,14196.360,14699.177,15221.979,15765.744,16331.510,16920.386,17533.552,18172.272,18837.895,19531.868,20255.745,21011.197,21800.028,22624.186,23485.782,24387.111,25330.673,26319.203,27355.702,28443.471,29586.161,30787.822,32052.961,33386.613,34794.418,36282.698,37858.540,39529.844,41305.322,43194.359,45206.617,47351.147,49634.660,52058.489,54613.876,57276.066,60000.000,60000.000,60000.000,60000.000,60000.000,60000.000,60000.000,60000.000,60000.000,60000.000,60000.000,60000.000,60000.000,60000.000,60000.000,60000.000,57211.802,54485.667,51866.892,49380.390,47035.020,44829.517,42757.226,40809.149,38975.679,37247.484,35615.911,34073.113,32612.060,31226.478,29910.775,28659.957,27469.550,26335.535,25254.282,24222.503,23237.206,22295.656,21395.348,20533.972,19709.397,18919.649,18162.893,17437.419,16741.630,16074.031,15433.219,14817.876,14226.758,13658.694,13112.576,12587.357,12082.043,11595.693,11127.412,10676.350,10241.697,9822.683,9418.571,9028.662,8652.285,8288.801,7937.597,7598.088,7269.711,6951.932,6644.233,6346.120,6057.117,5776.770,5504.637,5240.298,4983.345,4733.386,4490.043,4252.949,4021.754,3796.115,3575.702,3360.194,3149.280,2942.660,2740.038,2541.130,2345.656,2153.344,1963.928,1777.148,1592.749,1410.480,1230.092,1051.345,873.996,697.809,522.549,347.982,173.876,0.000
0.000,15.058,30.140,45.263,60.447,75.711,91.075,106.557,122.177,137.953,153.906,170.055,186.421,203.023,219.881,237.016,254.448,272.198,290.288,308.739,327.572,346.810,366.476,386.590,407.178,428.262,449.866,472.016,494.734,518.048,541.982,566.563,591.818,617.775,644.462,671.906,700.138,729.188,759.087,789.865,821.556,854.193,887.810,922.440,958.121,994.890,1032.783,1071.840,1112.101,1153.606,1196.398,1240.520,1286.018,1332.936,1381.323,1431.227,1482.699,1535.791,1590.555,1647.049,1705.328,1765.451,1827.480,1891.477,1957.507,2025.637,2095.937,2168.478,2243.335,2320.584,2400.305,2482.581,2567.497,2655.141,2745.606,2838.985,2935.379,3034.889,3137.621,3243.685,3353.198,3466.276,3583.044,3703.631,3828.171,3956.801,4089.668,4226.922,4368.719,4515.224,4666.605,4823.042,4984.719,5151.829,5324.574,5503.164,5687.819,5878.769,6076.254,6280.524,6491.842,6710.482,6936.733,7170.895,7413.285,7664.233,7924.086,8193.209,8471.984,8760.814,9060.120,9370.348,9691.964,10025.461,10371.359,10730.205,11102.575,11489.081,11890.367,12307.115,12740.046,13189.926,13657.567,14143.830,14649.631,15175.946,15723.814,16294.344,16888.721,17508.214,18154.185,18828.094,19531.515,20266.148,21033.827,21836.545,22676.466,23555.955,24477.598,25444.237,26459.009,27525.390,28647.254,29828.936,31075.319,32391.931,33785.070,35261.953,36830.884,38501.458,40284.753,42193.479,44241.949,46445.594,48819.465,51374.690,54111.342,57006.465,60000.000,60000.000,60000.000,60000.000,60000.000,60000.000,60000.000,60000.000,60000.000,60000.000,60000.000,60000.000,60000.000,60000.000,60000.000,60000.000,56945.298,53989.458,51192.813,48578.441,46146.315,43885.322,41780.424,39816.212,37978.407,36254.340,34632.977,33104.774,31661.472,30295.903,29001.811,27773.706,26606.740,25496.604,24439.448,23431.808,22470.558,21552.856,20676.112,19837.951,19036.191,18268.818,17533.965,16829.902,16155.015,15507.799,14886.845,14290.832,13718.518,13168.735,12640.382,12132.418,11643.860,11173.775,10721.281,10285.539,9865.753,9461.165,9071.053,8694.730,8331.541,7980.859,7642.085,7314.650,6998.004,6691.625,6395.010,6107.678,5829.168,5559.035,5296.852,5042.211,4794.715,4553.986,4319.654,4091.368,3868.785,3651.573,3439.414,3231.997,3029.021,2830.194,2635.232,2443.859,2255.804,2070.806,1888.606,1708.953,1531.599,1356.303,1182.827,1010.934,840.392,670.974,502.450,334.596,167.187,0.000
0.000,14.377,28.776,43.215,57.712,72.286,86.955,101.737,116.650,131.713,146.945,162.365,177.991,193.842,209.939,226.300,242.945,259.894,277.168,294.786,312.771,331.142,349.920,369.129,388.789,408.924,429.556,450.709,472.406,494.672,517.531,541.008,565.130,589.922,615.412,641.626,668.593,696.343,724.903,754.305,784.580,815.758,847.874,880.959,915.049,950.179,986.385,1023.703,1062.173,1101.833,1142.724,1184.888,1228.368,1273.207,1319.451,1367.147,1416.343,1467.090,1519.437,1573.439,1629.151,1686.627,1745.929,1807.114,1870.246,1935.389,2002.610,2071.978,2143.563,2217.440,2293.686,2372.379,2453.602,2537.439,2623.979,2713.313,2805.536,2900.747,2999.048,3100.544,3205.346,3313.570,3425.333,3540.760,3659.979,3783.125,3910.337,4041.760,4177.546,4317.852,4462.843,4612.690,4767.572,4927.675,5093.195,5264.334,5441.306,5624.332,5813.645,6009.488,6212.114,6421.791,6638.798,6863.426,7095.983,7336.790,7586.184,7844.520,8112.171,8389.527,8677.002,8975.030,9284.066,9604.592,9937.117,10282.177,10640.338,11012.198,11398.392,11799.591,12216.506,12649.892,13100.551,13569.335,14057.152,14564.970,15093.821,15644.811,16219.120,16818.017,17442.863,18095.124,18776.383,19488.348,20232.874,21011.976,21827.850,22682.901,23579.770,24521.370,25510.927,26552.037,27648.726,28805.536,30027.621,31320.883,32692.130,34149.295,35701.710,37360.463,39138.852,41052.941,43122.180,45369.875,47822.961,50509.500,53450.358,56638.461,60000.000,60000.000,60000.000,60000.000,60000.000,60000.000,60000.000,60000.000,60000.000,60000.000,60000.000,60000.000,60000.000,60000.000,60000.000,60000.000,56579.935,53334.059,50336.468,47594.257,45086.491,42785.046,40662.950,38696.886,36867.419,35158.513,33556.908,32051.559,30633.180,29293.880,28026.890,26826.350,25687.134,24604.731,23575.133,22594.763,21660.402,20769.141,19918.336,19105.575,18328.645,17585.512,16874.296,16193.257,15540.779,14915.356,14315.581,13740.140,13187.800,12657.401,12147.853,11658.129,11187.257,10734.321,10298.452,9878.827,9474.666,9085.225,8709.800,8347.720,7998.343,7661.060,7335.289,7020.474,6716.082,6421.604,6136.555,5860.466,5592.890,5333.396,5081.573,4837.023,4599.364,4368.229,4143.263,3924.124,3710.481,3502.016,3298.420,3099.393,2904.645,2713.894,2526.867,2343.296,2162.923,1985.493,1810.758,1638.476,1468.409,1300.324,1133.990,969.182,805.676,643.250,481.686,320.767,160.277,0.000
0.000,13.685,27.391,41.135,54.935,68.808,82.771,96.841,111.037,125.375,139.875,154.553,169.428,184.517,199.840,215.415,231.261,247.396,263.840,280.613,297.734,315.223,333.101,351.389,370.107,389.277,408.921,429.061,449.720,470.920,492.686,515.041,538.009,561.617,585.889,610.852,636.533,662.959,690.159,718.160,746.993,776.687,807.275,838.787,871.258,904.719,939.206,974.754,1011.400,1049.181,1088.136,1128.305,1169.728,1212.448,1256.509,1301.954,1348.830,1397.185,1447.068,1498.530,1551.622,1606.399,1662.918,1721.234,1781.408,1843.502,1907.580,1973.707,2041.951,2112.384,2185.079,2260.111,2337.558,2417.504,2500.031,2585.228,2673.186,2763.999,2857.764,2954.584,3054.564,3157.815,3264.451,3374.591,3488.357,3605.880,3727.293,3852.735,3982.352,4116.296,4254.725,4397.803,4545.703,4698.604,4856.695,5020.169,5189.234,5364.103,5545.000,5732.159,5925.826,6126.258,6333.725,6548.510,6770.909,7001.233,7239.810,7486.983,7743.113,8008.581,8283.787,8569.152,8865.121,9172.163,9490.773,9821.475,10164.821,10521.396,10891.821,11276.753,11676.890,12092.972,12525.788,12976.178,13445.035,13933.315,14442.038,14972.296,15525.261,16102.191,16704.437,17333.460,17990.836,18678.272,19397.619,20150.897,20940.309,21768.271,22637.444,23550.766,24511.503,25523.302,26590.266,27717.036,28908.913,30172.002,31513.413,32941.517,34466.317,36099.939,37857.344,39757.339,41824.024,44088.823,46593.052,49390.024,52542.149,56097.025,60000.000,60000.000,60000.000,60000.000,60000.000,60000.000,60000.000,60000.000,60000.000,60000.000,60000.000,60000.000,60000.000,60000.000,60000.000,60000.000,56040.387,52430.380,49224.754,46375.636,43820.358,41505.434,39389.462,37440.980,35635.889,33955.407,32384.606,30911.401,29525.834,28219.573,26985.552,25817.700,24710.749,23660.086,22661.629,21711.747,20807.186,19945.009,19122.558,18337.409,17587.345,16870.333,16184.495,15528.099,14899.536,14297.311,13720.033,13166.398,12635.190,12125.266,11635.551,11165.037,10712.770,10277.851,9859.431,9456.705,9068.910,8695.322,8335.256,7988.056,7653.102,7329.801,7017.588,6715.924,6424.294,6142.205,5869.187,5604.788,5348.575,5100.133,4859.065,4624.987,4397.532,4176.344,3961.084,3751.421,3547.038,3347.626,3152.890,2962.542,2776.302,2593.899,2415.072,2239.562,2067.121,1897.506,1730.477,1565.803,1403.255,1242.608,1083.642,926.140,769.887,614.671,460.282,306.512,153.153,0.000
0.000,12.983,25.986,39.025,52.116,65.278,78.524,91.873,105.341,118.944,132.700,146.626,160.738,175.054,189.592,204.369,219.403,234.712,250.314,266.228,282.473,299.068,316.031,333.384,351.145,369.335,387.976,407.087,426.690,446.809,467.464,488.678,510.476,532.880,555.916,579.607,603.981,629.062,654.877,681.455,708.822,737.008,766.043,795.955,826.779,858.543,891.282,925.030,959.820,995.689,1032.674,1070.812,1110.143,1150.707,1192.544,1235.697,1280.212,1326.132,1373.504,1422.378,1472.802,1524.829,1578.511,1633.903,1691.062,1750.048,1810.920,1873.742,1938.579,2005.498,2074.570,2145.866,2219.461,2295.433,2373.864,2454.836,2538.436,2624.754,2713.885,2805.926,2900.976,2999.143,3100.534,3205.263,3313.450,3425.217,3540.692,3660.008,3783.306,3910.730,4042.432,4178.569,4319.307,4464.818,4615.282,4770.887,4931.829,5098.315,5270.560,5448.788,5633.236,5824.151,6021.794,6226.436,6438.362,6657.874,6885.287,7120.931,7365.157,7618.331,7880.842,8153.096,8435.525,8728.582,9032.749,9348.534,9676.473,10017.137,10371.129,10739.090,11121.701,11519.685,11933.813,12364.907,12813.841,13281.555,13769.048,14277.396,14807.751,15361.351,15939.531,16543.731,17175.509,17836.551,18528.692,19253.933,20014.456,20812.661,21651.187,22532.956,23461.214,24439.593,25472.176,26563.597,27719.149,28944.948,30248.136,31637.169,33122.215,34715.734,36433.339,38295.125,40327.820,42568.399,45070.442,47915.429,51231.207,55207.499,60000.000,60000.000,60000.000,60000.000,60000.000,60000.000,60000.000,60000.000,60000.000,60000.000,60000.000,60000.000,60000.000,60000.000,60000.000,60000.000,55151.235,51122.326,47756.538,44863.184,42313.883,40026.886,37948.497,36041.699,34279.771,32642.639,31114.731,29683.628,28339.207,27073.055,25878.071,24748.177,23678.110,22663.267,21699.583,20783.446,19911.620,19081.191,18289.517,17534.198,16813.037,16124.021,15465.297,14835.151,14231.999,13654.367,13100.886,12570.277,12061.345,11572.969,11104.099,10653.748,10220.985,9804.934,9404.767,9019.701,8648.995,8291.948,7947.893,7616.197,7296.257,6987.503,6689.386,6401.389,6123.012,5853.782,5593.246,5340.968,5096.532,4859.539,4629.608,4406.370,4189.471,3978.572,3773.346,3573.475,3378.656,3188.594,3003.005,2821.613,2644.150,2470.358,2299.984,2132.784,1968.518,1806.953,1647.862,1491.022,1336.214,1183.225,1031.842,881.858,733.069,585.271,438.264,291.849,145.826,0.000
0.000,12.271,24.561,36.885,49.259,61.699,74.220,86.837,99.566,112.424,125.426,138.589,151.928,165.460,179.202,193.169,207.380,221.851,236.599,251.643,266.999,282.686,298.722,315.126,331.916,349.113,366.735,384.802,403.335,422.355,441.883,461.941,482.550,503.733,525.513,547.914,570.960,594.675,619.086,644.217,670.097,696.751,724.207,752.495,781.645,811.686,842.649,874.566,907.471,941.398,976.380,1012.454,1049.658,1088.028,1127.605,1168.428,1210.540,1253.983,1298.802,1345.042,1392.752,1441.979,1492.774,1545.190,1599.281,1655.101,1712.709,1772.165,1833.531,1896.870,1962.249,2029.737,2099.405,2171.327,2245.579,2322.242,2401.397,2483.131,2567.532,2654.694,2744.712,2837.686,2933.720,3032.924,3135.408,3241.292,3350.696,3463.748,3580.582,3701.335,3826.152,3955.183,4088.587,4226.528,4369.177,4516.714,4669.327,4827.213,4990.578,5159.638,5334.617,5515.754,5703.298,5897.508,6098.660,6307.041,6522.954,6746.718,6978.668,7219.158,7468.561,7727.269,7995.697,8274.285,8563.496,8863.821,9175.779,9499.922,9836.835,10187.138,10551.493,10930.601,11325.213,11736.126,12164.195,12610.333,13075.516,13560.794,14067.291,14596.220,15148.885,15726.696,16331.178,16963.985,17626.912,18321.921,19051.149,19816.947,20621.897,21468.855,22360.995,23301.857,24295.420,25346.184,26459.287,27640.642,28897.143,30236.925,31669.747,33207.540,34865.237,36662.079,38623.797,40786.566,43204.931,45970.076,49259.771,53501.770,60000.000,60000.000,60000.000,60000.000,60000.000,60000.000,60000.000,60000.000,60000.000,60000.000,60000.000,60000.000,60000.000,60000.000,60000.000,60000.000,53442.231,49151.157,45815.894,43006.690,40545.113,38339.741,36335.954,34497.567,32798.872,31220.668,29748.071,28369.197,27074.335,25855.395,24705.528,23618.856,22590.278,21615.319,20690.023,19810.868,18974.694,18178.652,17420.160,16696.867,16006.623,15347.460,14717.561,14115.252,13538.984,12987.316,12458.912,11952.525,11466.988,11001.212,10554.174,10124.916,9712.534,9316.179,8935.048,8568.383,8215.470,7875.629,7548.218,7232.626,6928.275,6634.612,6351.113,6077.277,5812.628,5556.711,5309.089,5069.348,4837.087,4611.926,4393.498,4181.452,3975.449,3775.165,3580.286,3390.512,3205.551,3025.122,2848.954,2676.783,2508.356,2343.424,2181.748,2023.094,1867.234,1713.946,1563.014,1414.225,1267.371,1122.248,978.654,836.393,695.268,555.087,415.659,276.794,138.304,0.000
0.000,11.550,23.118,34.718,46.365,58.074,69.859,81.735,93.717,105.820,118.058,130.448,143.004,155.742,168.677,181.825,195.201,208.823,222.706,236.867,251.323,266.090,281.186,296.628,312.435,328.624,345.213,362.223,379.671,397.578,415.963,434.848,454.251,474.196,494.703,515.795,537.495,559.825,582.811,606.475,630.845,655.944,681.800,708.440,735.891,764.182,793.343,823.403,854.394,886.348,919.297,953.275,988.319,1024.462,1061.742,1100.198,1139.870,1180.796,1223.020,1266.585,1311.535,1357.916,1405.777,1455.166,1506.136,1558.737,1613.025,1669.057,1726.891,1786.587,1848.209,1911.821,1977.490,2045.288,2115.285,2187.559,2262.186,2339.248,2418.830,2501.018,2585.905,2673.584,2764.156,2857.721,2954.388,3054.266,3157.473,3264.129,3374.361,3488.298,3606.080,3727.848,3853.753,3983.951,4118.604,4257.885,4401.972,4551.051,4705.320,4864.983,5030.255,5201.363,5378.544,5562.047,5752.132,5949.076,6153.168,6364.713,6584.030,6811.459,7047.357,7292.100,7546.086,7809.736,8083.495,8367.836,8663.256,8970.289,9289.495,9621.474,9966.863,10326.341,10700.631,11090.505,11496.789,11920.366,12362.184,12823.257,13304.679,13807.623,14333.356,14883.246,15458.771,16061.536,16693.283,17355.910,18051.487,18782.284,19550.793,20359.761,21212.232,22111.589,23061.620,24066.584,25131.311,26261.323,27462.990,28743.752,30112.408,31579.534,33158.075,34864.228,36718.784,38749.190,40992.683,43500.203,46336.053,49539.820,52859.883,54215.539,54870.361,55230.664,55445.399,55576.621,55652.893,55687.819,55686.959,55650.242,55571.944,55438.244,55220.211,54855.095,54192.365,52821.564,49466.536,46224.183,43349.198,40802.579,38520.149,36451.025,34558.025,32813.758,31197.498,29693.110,28287.707,26970.774,25733.563,24568.686,23469.815,22431.469,21448.854,20517.736,19634.354,18795.341,17997.669,17238.598,16515.639,15826.521,15169.168,14541.671,13942.274,13369.353,12821.407,12297.043,11794.964,11313.963,10852.913,10410.759,9986.514,9579.252,9188.101,8812.243,8450.906,8103.360,7768.917,7446.925,7136.768,6837.861,6549.647,6271.600,6003.217,5744.021,5493.555,5251.384,5017.094,4790.286,4570.583,4357.618,4151.045,3950.527,3755.744,3566.386,3382.157,3202.768,3027.944,2857.419,2690.934,2528.239,2369.092,2213.260,2060.514,1910.632,1763.399,1618.604,1476.041,1335.509,1196.811,1059.753,924.145,789.799,656.530,524.156,392.495,261.368,130.596,0.000
0.000,10.821,21.658,32.525,43.436,54.406,65.446,76.572,87.797,99.136,110.601,122.209,133.972,145.905,158.024,170.342,182.874,195.637,208.644,221.912,235.455,249.291,263.435,277.904,292.715,307.883,323.428,339.366,355.715,372.495,389.723,407.418,425.601,444.291,463.508,483.274,503.610,524.537,546.078,568.257,591.096,614.620,638.853,663.822,689.551,716.068,743.402,771.579,800.629,830.582,861.469,893.322,926.173,960.057,995.008,1031.062,1068.256,1106.628,1146.218,1187.066,1229.215,1272.707,1317.588,1363.904,1411.703,1461.034,1511.950,1564.502,1618.747,1674.740,1732.542,1792.214,1853.818,1917.421,1983.092,2050.900,2120.920,2193.228,2267.904,2345.031,2424.693,2506.981,2591.988,2679.810,2770.548,2864.307,2961.197,3061.332,3164.829,3271.815,3382.418,3496.773,3615.023,3737.314,3863.800,3994.645,4130.017,4270.092,4415.058,4565.107,4720.445,4881.285,5047.852,5220.383,5399.125,5584.341,5776.304,5975.305,6181.648,6395.656,6617.668,6848.044,7087.162,7335.425,7593.257,7861.108,8139.456,8428.809,8729.705,9042.718,9368.458,9707.576,10060.766,10428.768,10812.377,11212.441,11629.870,12065.642,12520.806,12996.491,13493.918,14014.399,14559.356,15130.329,15728.991,16357.157,17016.806,17710.102,18439.413,19207.340,20016.748,20870.807,21773.036,22727.361,23738.184,24810.470,25949.857,27162.790,28456.697,29840.199,31323.376,32918.045,34637.979,36498.777,38516.450,40702.033,43044.442,45461.589,47684.183,49131.920,50035.249,50606.898,50974.317,51208.194,51347.135,51411.424,51409.776,51342.064,51199.293,50960.820,50587.508,50007.805,49092.802,47627.358,45378.171,42929.846,40554.145,38334.288,36281.889,34386.196,32631.375,31001.957,29484.269,28066.582,26738.894,25492.648,24320.479,23215.993,22173.601,21188.378,20255.959,19372.445,18534.344,17738.504,16982.075,16262.465,15577.309,14924.445,14301.891,13707.819,13140.546,12598.517,12080.288,11584.524,11109.978,10655.491,10219.981,9802.438,9401.912,9017.517,8648.418,8293.830,7953.015,7625.275,7309.953,7006.428,6714.110,6432.442,6160.895,5898.966,5646.177,5402.074,5166.226,4938.216,4717.653,4504.160,4297.376,4096.956,3902.570,3713.902,3530.647,3352.513,3179.217,3010.490,2846.070,2685.704,2529.150,2376.171,2226.539,2080.033,1936.436,1795.542,1657.144,1521.046,1387.052,1254.973,1124.624,995.820,868.383,742.137,616.906,492.518,368.802,245.590,122.711,0.000
0.000,10.083,20.181,30.307,40.475,50.696,60.984,71.351,81.811,92.376,103.061,113.877,124.839,135.959,147.251,158.730,170.409,182.302,194.423,206.787,219.409,232.303,245.484,258.968,272.770,286.907,301.394,316.248,331.486,347.124,363.181,379.673,396.620,414.040,431.952,450.376,469.331,488.837,508.917,529.590,550.880,572.808,595.399,618.675,642.660,667.382,692.863,719.132,746.216,774.142,802.940,832.639,863.269,894.863,927.453,961.072,995.755,1031.538,1068.457,1106.551,1145.859,1186.421,1228.279,1271.477,1316.059,1362.073,1409.565,1458.587,1509.188,1561.423,1615.347,1671.018,1728.493,1787.836,1849.110,1912.382,1977.721,2045.198,2114.888,2186.868,2261.218,2338.023,2417.370,2499.349,2584.055,2671.586,2762.046,2855.540,2952.181,3052.085,3155.374,3262.175,3372.621,3486.850,3605.008,3727.247,3853.725,3984.610,4120.077,4260.307,4405.495,4555.840,4711.555,4872.863,5039.999,5213.208,5392.750,5578.899,5771.943,5972.187,6179.952,6395.578,6619.423,6851.869,7093.319,7344.199,7604.963,7876.093,8158.101,8451.532,8756.967,9075.025,9406.367,9751.700,10111.779,10487.414,10879.471,11288.885,11716.654,12163.857,12631.655,13121.298,13634.141,14171.645,14735.397,15327.114,15948.666,16602.085,17289.590,18013.601,18776.769,19582.002,20432.495,21331.771,22283.716,23292.631,24363.283,25500.953,26711.478,28001.272,29377.261,30846.659,32416.368,34091.537,35872.347,37747.069,39678.118,41577.929,43283.354,44592.718,45531.822,46187.371,46636.781,46934.706,47116.034,47200.968,47198.659,47108.949,46922.346,46618.238,46161.197,45495.820,44543.683,43216.898,41488.950,39562.890,37603.255,35698.547,33886.933,32180.507,30579.335,29078.440,27671.055,26350.073,25108.655,23940.466,22839.731,21801.229,20820.240,19892.508,19014.181,18181.768,17392.099,16642.285,15929.691,15251.906,14606.717,13992.093,13406.164,12847.201,12313.610,11803.913,11316.741,10850.821,10404.968,9978.079,9569.122,9177.136,8801.219,8440.525,8094.262,7761.683,7442.086,7134.811,6839.233,6554.762,6280.841,6016.941,5762.562,5517.228,5280.488,5051.913,4831.093,4617.639,4411.180,4211.359,4017.839,3830.293,3648.412,3471.897,3300.461,3133.830,2971.739,2813.933,2660.167,2510.205,2363.816,2220.781,2080.883,1943.917,1809.678,1677.973,1548.609,1421.400,1296.164,1172.723,1050.903,930.532,811.442,693.467,576.444,460.212,344.609,229.479,114.661,0.000
0.000,9.337,18.689,28.067,37.483,46.948,56.475,66.076,75.763,85.548,95.442,105.459,115.610,125.909,136.367,146.997,157.813,168.828,180.054,191.505,203.194,215.136,227.344,239.833,252.617,265.710,279.128,292.886,306.999,321.484,336.357,351.633,367.331,383.467,400.058,417.125,434.683,452.753,471.353,490.505,510.227,530.542,551.470,573.033,595.255,618.158,641.767,666.105,691.199,717.073,743.756,771.274,799.657,828.932,859.131,890.285,922.425,955.586,989.800,1025.104,1061.533,1099.126,1137.922,1177.960,1219.283,1261.934,1305.957,1351.399,1398.307,1446.731,1496.722,1548.334,1601.622,1656.643,1713.457,1772.126,1832.713,1895.287,1959.914,2026.669,2095.626,2166.862,2240.459,2316.501,2395.078,2476.279,2560.202,2646.945,2736.613,2829.314,2925.162,3024.276,3126.779,3232.801,3342.478,3455.950,3573.369,3694.887,3820.670,3950.888,4085.721,4225.359,4369.998,4519.848,4675.127,4836.068,5002.914,5175.920,5355.357,5541.512,5734.687,5935.200,6143.388,6359.611,6584.248,6817.699,7060.393,7312.784,7575.354,7848.618,8133.124,8429.456,8738.239,9060.141,9395.875,9746.207,10111.956,10494.004,10893.296,11310.849,11747.759,12205.207,12684.465,13186.908,13714.024,14267.418,14848.831,15460.150,16103.419,16780.856,17494.870,18248.074,19043.303,19883.634,20772.392,21713.163,22709.792,23766.351,24887.076,26076.226,27337.803,28675.025,30089.349,31578.704,33134.372,34735.810,36343.056,37888.678,39278.602,40423.791,41311.961,41973.991,42450.735,42777.820,42981.330,43077.759,43074.948,42972.728,42762.908,42428.594,41943.223,41270.598,40369.214,39207.605,37797.845,36229.516,34597.445,32969.720,31386.797,29869.575,28427.029,27061.425,25771.453,24554.014,23405.204,22320.846,21296.772,20328.969,19413.644,18547.256,17726.513,16948.372,16210.023,15508.871,14842.526,14208.778,13605.589,13031.077,12483.499,11961.242,11462.810,10986.818,10531.976,10097.085,9681.029,9282.767,8901.328,8535.801,8185.337,7849.139,7526.457,7216.589,6918.873,6632.687,6357.442,6092.584,5837.587,5591.956,5355.220,5126.932,4906.670,4694.030,4488.629,4290.101,4098.100,3912.291,3732.359,3557.998,3388.919,3224.842,3065.500,2910.636,2760.003,2613.363,2470.488,2331.156,2195.153,2062.274,1932.318,1805.092,1680.407,1558.081,1437.935,1319.796,1203.495,1088.865,975.744,863.972,753.393,643.853,535.199,427.281,319.949,213.056,106.455,0.000
0.000,8.585,17.183,25.805,34.462,43.164,51.924,60.751,69.657,78.653,87.751,96.960,106.294,115.763,125.378,135.153,145.098,155.225,165.547,176.076,186.824,197.804,209.030,220.513,232.268,244.307,256.645,269.297,282.275,295.595,309.271,323.319,337.754,352.593,367.851,383.545,399.693,416.311,433.417,451.030,469.169,487.852,507.100,526.933,547.372,568.437,590.152,612.538,635.619,659.420,683.964,709.277,735.385,762.316,790.097,818.757,848.325,878.832,910.309,942.790,976.307,1010.895,1046.591,1083.432,1121.455,1160.701,1201.211,1243.028,1286.196,1330.759,1376.767,1424.268,1473.313,1523.955,1576.250,1630.253,1686.024,1743.626,1803.121,1864.577,1928.063,1993.650,2061.415,2131.434,2203.790,2278.566,2355.853,2435.741,2518.327,2603.713,2692.001,2783.304,2877.735,2975.414,3076.466,3181.024,3289.225,3401.214,3517.141,3637.166,3761.455,3890.184,4023.536,4161.706,4304.897,4453.325,4607.214,4766.804,4932.347,5104.109,5282.371,5467.430,5659.601,5859.218,6066.635,6282.227,6506.393,6739.557,6982.171,7234.716,7497.703,7771.680,8057.233,8354.984,8665.604,8989.807,9328.362,9682.093,10051.884,10438.687,10843.524,11267.496,11711.789,12177.679,12666.544,13179.868,13719.251,14286.418,14883.226,15511.676,16173.915,16872.246,17609.130,18387.182,19209.159,20077.937,20996.462,21967.667,22994.326,24078.824,25222.765,26426.345,27687.351,28999.603,30350.663,31718.776,33069.646,34355.145,35518.601,36511.896,37318.251,37945.903,38414.358,38744.516,38953.711,39053.797,39050.650,38944.110,38727.967,38390.008,37912.507,37274.138,36454.976,35446.468,34265.314,32959.891,31587.297,30196.098,28820.970,27483.976,26197.793,24968.790,23799.330,22689.341,21637.316,20640.957,19697.559,18804.249,17958.133,17156.378,16396.264,15675.207,14990.772,14340.677,13722.787,13135.116,12575.813,12043.155,11535.542,11051.486,10589.602,10148.603,9727.289,9324.545,8939.328,8570.667,8217.652,7879.437,7555.224,7244.269,6945.872,6659.376,6384.165,6119.655,5865.298,5620.576,5385.001,5158.109,4939.462,4728.644,4525.262,4328.940,4139.322,3956.069,3778.857,3607.378,3441.336,3280.451,3124.451,2973.079,2826.087,2683.236,2544.299,2409.053,2277.288,2148.799,2023.389,1900.865,1781.043,1663.745,1548.795,1436.025,1325.270,1216.369,1109.167,1003.509,899.245,796.229,694.314,593.359,493.223,393.767,294.853,196.344,98.105,0.000
0.000,7.826,15.664,23.523,31.415,39.348,47.333,55.380,63.498,71.699,79.992,88.388,96.897,105.528,114.294,123.205,132.271,141.503,150.913,160.511,170.310,180.320,190.554,201.023,211.739,222.716,233.964,245.498,257.330,269.474,281.943,294.751,307.913,321.442,335.354,349.664,364.386,379.539,395.136,411.197,427.736,444.772,462.324,480.409,499.047,518.256,538.058,558.473,579.522,601.227,623.610,646.696,670.507,695.068,720.406,746.545,773.514,801.339,830.050,859.677,890.250,921.801,954.363,987.969,1022.656,1058.459,1095.416,1133.566,1172.950,1213.609,1255.586,1298.927,1343.678,1389.888,1437.607,1486.888,1537.784,1590.351,1644.649,1700.739,1758.683,1818.548,1880.402,1944.317,2010.368,2078.632,2149.191,2222.128,2297.533,2375.497,2456.117,2539.494,2625.732,2714.942,2807.239,2902.744,3001.582,3103.888,3209.799,3319.463,3433.032,3550.667,3672.537,3798.822,3929.708,4065.393,4206.086,4352.006,4503.386,4660.471,4823.520,4992.807,5168.624,5351.279,5541.097,5738.428,5943.638,6157.121,6379.294,6610.603,6851.520,7102.555,7364.247,7637.175,7921.959,8219.261,8529.793,8854.317,9193.652,9548.677,9920.334,10309.640,10717.684,11145.639,11594.764,12066.412,12562.034,13083.185,13631.527,14208.834,14816.989,15457.982,16133.900,16846.908,17599.223,18393.055,19230.538,20113.605,21043.808,22022.044,23048.146,24120.292,25234.152,26381.734,27549.935,28719.018,29861.631,30943.678,31928.780,32786.955,33503.257,34077.024,34516.284,34832.184,35035.206,35133.071,35129.750,35025.098,34814.847,34490.968,34042.664,33458.473,32730.088,31857.981,30857.059,29757.442,28595.762,27406.410,26217.019,25047.574,23911.387,22816.622,21767.751,20766.715,19813.777,18908.124,18048.274,17232.352,16458.277,15723.878,15026.978,14365.441,13737.204,13140.297,12572.854,12033.111,11519.415,11030.213,10564.054,10119.583,9695.535,9290.729,8904.062,8534.506,8181.100,7842.947,7519.209,7209.099,6911.882,6626.870,6353.415,6090.911,5838.785,5596.500,5363.549,5139.453,4923.762,4716.047,4515.904,4322.951,4136.823,3957.175,3783.680,3616.024,3453.910,3297.055,3145.185,2998.044,2855.382,2716.963,2582.558,2451.949,2324.925,2201.285,2080.835,1963.385,1848.757,1736.772,1627.263,1520.065,1415.018,1311.969,1210.764,1111.258,1013.307,916.770,821.510,727.392,634.283,542.053,450.573,359.715,269.354,179.364,89.620,0.000
0.000,7.061,14.132,21.224,28.344,35.501,42.706,49.966,57.291,64.690,72.173,79.748,87.425,95.213,103.122,111.162,119.342,127.672,136.162,144.823,153.664,162.696,171.930,181.377,191.046,200.951,211.101,221.508,232.185,243.143,254.395,265.952,277.829,290.037,302.592,315.505,328.791,342.465,356.541,371.034,385.961,401.336,417.176,433.497,450.318,467.655,485.527,503.952,522.950,542.540,562.743,583.580,605.073,627.243,650.114,673.709,698.052,723.170,749.088,775.833,803.433,831.916,861.312,891.653,922.969,955.294,988.661,1023.106,1058.667,1095.379,1133.283,1172.419,1212.830,1254.560,1297.653,1342.158,1388.123,1435.600,1484.640,1535.301,1587.639,1641.713,1697.587,1755.325,1814.994,1876.665,1940.412,2006.311,2074.442,2144.889,2217.740,2293.085,2371.020,2451.646,2535.066,2621.390,2710.733,2803.216,2898.965,2998.113,3100.799,3207.170,3317.379,3431.589,3549.971,3672.703,3799.978,3931.994,4068.963,4211.109,4358.668,4511.891,4671.043,4836.405,5008.276,5186.972,5372.832,5566.212,5767.496,5977.090,6195.428,6422.974,6660.223,6907.705,7165.985,7435.672,7717.414,8011.909,8319.904,8642.201,8979.660,9333.204,9703.823,10092.578,10500.605,10929.121,11379.421,11852.887,12350.985,12875.260,13427.335,14008.897,14621.677,15267.423,15947.856,16664.604,17419.106,18212.479,19045.323,19917.457,20827.539,21772.575,22747.276,23743.284,24748.360,25745.756,26714.207,27629.176,28465.902,29203.902,29830.809,30342.663,30741.579,31032.736,31221.864,31313.534,31310.186,31211.691,31015.357,30716.357,30308.712,29787.005,29148.927,28398.313,27547.504,26617.061,25631.904,24616.769,23593.128,22577.924,21583.569,20618.571,19688.348,18796.002,17942.966,17129.502,16355.075,15618.625,14918.761,14253.897,13622.347,13022.392,12452.324,11910.476,11395.240,10905.082,10438.545,9994.250,9570.902,9167.282,8782.252,8414.740,8063.749,7728.342,7407.645,7100.841,6807.163,6525.894,6256.364,5997.942,5750.037,5512.094,5283.592,5064.039,4852.972,4649.955,4454.574,4266.440,4085.185,3910.459,3741.931,3579.286,3422.225,3270.464,3123.732,2981.769,2844.331,2711.182,2582.094,2456.855,2335.255,2217.096,2102.189,1990.349,1881.399,1775.170,1671.497,1570.221,1471.188,1374.250,1279.261,1186.080,1094.572,1004.603,916.043,828.764,742.642,657.554,573.381,490.003,407.305,325.171,243.486,162.138,81.013,0.000
0.000,6.290,12.590,18.908,25.251,31.628,38.046,44.514,51.040,57.632,64.298,71.046,77.886,84.824,91.870,99.033,106.321,113.742,121.306,129.022,136.899,144.946,153.173,161.589,170.205,179.029,188.072,197.345,206.858,216.621,226.646,236.944,247.526,258.404,269.590,281.096,292.934,305.118,317.661,330.575,343.876,357.576,371.691,386.235,401.224,416.673,432.599,449.019,465.949,483.407,501.412,519.981,539.135,558.894,579.277,600.306,622.002,644.389,667.490,691.327,715.928,741.316,767.518,794.563,822.478,851.292,881.037,911.743,943.444,976.172,1009.964,1044.856,1080.884,1118.089,1156.511,1196.193,1237.177,1279.510,1323.240,1368.416,1415.088,1463.311,1513.140,1564.633,1617.851,1672.857,1729.716,1788.496,1849.270,1912.113,1977.103,2044.321,2113.854,2185.789,2260.222,2337.251,2416.978,2499.511,2584.964,2673.457,2765.112,2860.063,2958.447,3060.411,3166.106,3275.696,3389.350,3507.248,3629.581,3756.549,3888.366,4025.257,4167.460,4315.229,4468.832,4628.555,4794.701,4967.595,5147.579,5335.021,5530.313,5733.872,5946.146,6167.610,6398.777,6640.194,6892.446,7156.160,7432.009,7720.714,8023.047,8339.835,8671.963,9020.377,9386.087,9770.167,10173.760,10598.073,11044.375,11513.991,12008.295,12528.688,13076.577,13653.335,14260.255,14898.473,15568.872,16271.944,17007.609,17774.975,18572.025,19395.237,20239.132,21095.800,21954.496,22801.468,23620.287,24392.936,25101.768,25731.955,26273.426,26721.251,27074.639,27335.324,27505.985,27589.023,27585.772,27496.126,27318.537,27050.396,26688.825,26231.912,25680.305,25038.847,24317.587,23531.398,22698.031,21835.641,20960.808,20087.433,19226.403,18385.754,17571.077,16785.991,16032.595,15311.855,14623.911,13968.325,13344.260,12750.617,12186.137,11649.473,11139.241,10654.059,10192.568,9753.453,9335.451,8937.360,8558.040,8196.415,7851.470,7522.255,7207.874,6907.491,6620.322,6345.631,6082.731,5830.976,5589.762,5358.521,5136.721,4923.863,4719.476,4523.118,4334.371,4152.843,3978.163,3809.980,3647.961,3491.794,3341.179,3195.835,3055.494,2919.898,2788.805,2661.983,2539.211,2420.278,2304.981,2193.127,2084.530,1979.013,1876.404,1776.540,1679.261,1584.416,1491.857,1401.443,1313.034,1226.499,1141.707,1058.532,976.853,896.550,817.507,739.610,662.747,586.809,511.688,437.279,363.478,290.180,217.285,144.690,72.295,0.000
0.000,5.515,11.038,16.577,22.139,27.729,33.357,39.027,44.749,50.528,56.373,62.290,68.286,74.370,80.547,86.827,93.217,99.724,106.356,113.121,120.028,127.083,134.296,141.675,149.229,156.966,164.896,173.026,181.367,189.928,198.718,207.747,217.026,226.564,236.373,246.462,256.843,267.526,278.525,289.850,301.513,313.527,325.904,338.658,351.802,365.351,379.317,393.716,408.563,423.874,439.664,455.949,472.748,490.076,507.953,526.396,545.426,565.061,585.322,606.230,627.807,650.076,673.059,696.782,721.268,746.544,772.636,799.572,827.381,856.092,885.737,916.347,947.955,980.597,1014.307,1049.122,1085.082,1122.226,1160.596,1200.236,1241.191,1283.508,1327.235,1372.424,1419.128,1467.402,1517.305,1568.896,1622.238,1677.399,1734.446,1793.452,1854.491,1917.643,1982.991,2050.621,2120.623,2193.092,2268.130,2345.840,2426.333,2509.725,2596.138,2685.700,2778.546,2874.821,2974.673,3078.261,3185.756,3297.332,3413.180,3533.498,3658.497,3788.400,3923.448,4063.891,4209.999,4362.058,4520.374,4685.270,4857.094,5036.217,5223.034,5417.968,5621.471,5834.029,6056.158,6288.415,6531.395,6785.732,7052.108,7331.252,7623.938,7930.998,8253.311,8591.811,8947.485,9321.370,9714.545,10128.126,10563.254,11021.068,11502.686,12009.159,12541.425,13100.226,13686.026,14298.873,14938.247,15602.856,16290.392,16997.255,17718.249,18446.321,19172.383,19885.357,20572.558,21220.532,21816.293,22348.736,22809.701,23194.286,23500.411,23727.943,23877.736,23950.805,23947.759,23868.509,23712.273,23477.867,23164.283,22771.515,22301.538,21759.187,21152.602,20492.919,19793.187,19066.962,18327.036,17584.603,16848.863,16126.974,15424.224,14744.299,14089.580,13461.422,12860.402,12286.517,11739.349,11218.187,10722.125,10250.137,9801.125,9373.967,8967.536,8580.727,8212.464,7861.718,7527.504,7208.886,6904.980,6614.953,6338.021,6073.448,5820.541,5578.653,5347.176,5125.538,4913.207,4709.680,4514.486,4327.182,4147.353,3974.606,3808.574,3648.907,3495.278,3347.376,3204.908,3067.597,2935.179,2807.405,2684.037,2564.849,2449.627,2338.167,2230.272,2125.757,2024.443,1926.160,1830.744,1738.038,1647.892,1560.161,1474.705,1391.391,1310.088,1230.672,1153.020,1077.016,1002.547,929.500,857.768,787.247,717.834,649.429,581.934,515.252,449.289,383.952,319.150,254.790,190.785,127.043,63.478,0.000
0.000,4.735,9.478,14.234,19.009,23.810,28.641,33.510,38.423,43.385,48.404,53.484,58.633,63.857,69.161,74.554,80.040,85.627,91.322,97.131,103.061,109.120,115.313,121.650,128.136,134.780,141.589,148.570,155.733,163.084,170.632,178.385,186.353,194.544,202.967,211.631,220.545,229.719,239.164,248.889,258.905,269.222,279.852,290.805,302.093,313.728,325.722,338.089,350.840,363.989,377.550,391.537,405.964,420.847,436.201,452.041,468.385,485.250,502.653,520.612,539.145,558.273,578.015,598.392,619.425,641.137,663.551,686.690,710.579,735.244,760.711,787.008,814.163,842.206,871.167,901.080,931.976,963.890,996.858,1030.918,1066.109,1102.471,1140.046,1178.878,1219.013,1260.499,1303.385,1347.724,1393.569,1440.978,1490.011,1540.729,1593.196,1647.482,1703.658,1761.797,1821.979,1884.284,1948.801,2015.618,2084.832,2156.542,2230.853,2307.878,2387.732,2470.539,2556.428,2645.538,2738.014,2834.009,2933.687,3037.218,3144.787,3256.587,3372.823,3493.716,3619.498,3750.415,3886.734,4028.735,4176.719,4331.007,4491.942,4659.889,4835.242,5018.419,5209.868,5410.071,5619.541,5838.827,6068.515,6309.233,6561.647,6826.467,7104.445,7396.375,7703.092,8025.464,8364.392,8720.796,9095.601,9489.716,9904.007,10339.257,10796.118,11275.039,11776.185,12299.323,12843.695,13407.851,13989.473,14585.174,15190.321,15798.880,16403.383,16995.039,17564.077,18100.355,18594.151,19037.008,19422.366,19745.790,20004.783,20198.308,20326.216,20388.709,20385.954,20317.881,20184.182,19984.522,19718.928,19388.332,18995.150,18543.765,18040.721,17494.491,16914.842,16311.987,15695.776,15075.087,14457.478,13849.062,13254.555,12677.411,12120.011,11583.860,11069.767,10578.004,10108.444,9660.668,9234.053,8827.836,8441.170,8073.162,7722.898,7389.467,7071.977,6769.560,6481.387,6206.660,5944.627,5694.574,5455.828,5227.755,5009.759,4801.282,4601.798,4410.814,4227.868,4052.525,3884.380,3723.047,3568.167,3419.401,3276.429,3138.952,3006.684,2879.357,2756.718,2638.526,2524.554,2414.587,2308.418,2205.853,2106.707,2010.802,1917.971,1828.052,1740.891,1656.341,1574.262,1494.518,1416.979,1341.520,1268.022,1196.367,1126.445,1058.147,991.370,926.011,861.973,799.161,737.481,676.844,617.161,558.345,500.313,442.981,386.269,330.095,274.382,219.050,164.022,109.222,54.573,0.000
0.000,3.952,7.910,11.879,15.865,19.871,23.903,27.967,32.067,36.209,40.397,44.637,48.934,53.293,57.721,62.221,66.800,71.463,76.216,81.064,86.013,91.070,96.239,101.528,106.941,112.486,118.169,123.996,129.974,136.109,142.409,148.880,155.531,162.367,169.397,176.628,184.068,191.726,199.609,207.726,216.086,224.698,233.570,242.712,252.134,261.846,271.858,282.180,292.824,303.800,315.120,326.795,338.838,351.262,364.078,377.302,390.946,405.024,419.552,434.544,450.016,465.984,482.465,499.477,517.037,535.163,553.876,573.194,593.139,613.733,634.996,656.952,679.625,703.040,727.222,752.199,777.997,804.647,832.177,860.619,890.006,920.371,951.751,984.180,1017.699,1052.346,1088.165,1125.197,1163.489,1203.088,1244.044,1286.409,1330.237,1375.585,1422.513,1471.084,1521.362,1573.417,1627.321,1683.150,1740.984,1800.906,1863.005,1927.374,1994.110,2063.318,2135.107,2209.592,2286.895,2367.144,2450.477,2537.039,2626.982,2720.470,2817.675,2918.783,3023.988,3133.498,3247.537,3366.340,3490.161,3619.269,3753.952,3894.519,4041.299,4194.644,4354.931,4522.564,4697.972,4881.616,5073.988,5275.610,5487.039,5708.865,5941.711,6186.234,6443.119,6713.076,6996.835,7295.134,7608.703,7938.249,8284.426,8647.800,9028.803,9427.676,9844.396,10278.583,10729.397,11195.417,11674.504,12163.680,12659.005,13155.519,13647.252,14127.355,14588.374,15022.675,15422.961,15782.791,16096.974,16361.733,16574.628,16734.297,16840.116,16891.864,16889.471,16832.882,16722.057,16557.112,16338.579,16067.737,15746.966,15380.005,14972.028,14529.486,14059.707,13570.374,13068.999,12562.497,12056.905,11557.249,11067.530,10590.784,10129.201,9684.250,9256.810,8847.296,8455.764,8081.999,7725.592,7385.994,7062.569,6754.624,6461.438,6182.280,5916.428,5663.174,5421.835,5191.755,4972.309,4762.903,4562.976,4372.000,4189.475,4014.934,3847.935,3688.067,3534.940,3388.191,3247.476,3112.474,2982.882,2858.416,2738.808,2623.804,2513.165,2406.667,2304.096,2205.251,2109.941,2017.985,1929.210,1843.453,1760.559,1680.379,1602.771,1527.602,1454.741,1384.066,1315.459,1248.806,1183.999,1120.932,1059.505,999.621,941.187,884.113,828.310,773.694,720.183,667.698,616.160,565.494,515.626,466.483,417.997,370.097,322.714,275.782,229.234,183.006,137.033,91.250,45.593,0.000
0.000,3.166,6.336,9.515,12.707,15.916,19.146,22.401,25.686,29.003,32.358,35.754,39.196,42.688,46.235,49.839,53.507,57.242,61.049,64.933,68.897,72.947,77.088,81.324,85.660,90.101,94.654,99.321,104.110,109.024,114.071,119.255,124.582,130.058,135.689,141.481,147.441,153.576,159.890,166.393,173.089,179.988,187.095,194.419,201.966,209.746,217.767,226.036,234.562,243.355,252.424,261.777,271.425,281.377,291.645,302.239,313.169,324.449,336.087,348.098,360.494,373.288,386.492,400.121,414.190,428.713,443.706,459.185,475.165,491.665,508.702,526.295,544.463,563.224,582.602,602.616,623.289,644.643,666.704,689.497,713.046,737.381,762.528,788.518,815.380,843.148,871.855,901.536,932.226,963.966,996.793,1030.750,1065.882,1102.233,1139.851,1178.787,1219.093,1260.825,1304.040,1348.800,1395.169,1443.214,1493.007,1544.621,1598.137,1653.636,1711.208,1770.944,1832.944,1897.310,1964.153,2033.590,2105.744,2180.745,2258.734,2339.859,2424.277,2512.157,2603.677,2699.027,2798.413,2902.051,3010.174,3123.029,3240.881,3364.016,3492.736,3627.365,3768.249,3915.759,4070.288,4232.256,4402.107,4580.312,4767.369,4963.797,5170.137,5386.947,5614.797,5854.255,6105.881,6370.202,6647.697,6938.758,7243.659,7562.506,7895.176,8241.249,8599.926,8969.943,9349.476,9736.059,10126.521,10516.958,10902.769,11278.770,11639.403,11979.023,12292.236,12574.228,12821.013,13029.547,13197.705,13324.141,13408.090,13449.163,13447.188,13402.121,13314.054,13183.295,13010.540,12797.074,12544.977,12257.263,11937.904,11591.722,11224.130,10840.807,10447.354,10049.001,9650.400,9255.505,8867.535,8489.001,8121.767,7767.134,7425.933,7098.615,6785.325,6485.982,6200.330,5927.990,5668.498,5421.338,5185.959,4961.798,4748.292,4544.884,4351.036,4166.228,3989.962,3821.764,3661.186,3507.805,3361.220,3221.055,3086.956,2958.592,2835.649,2717.834,2604.873,2496.504,2392.486,2292.588,2196.595,2104.303,2015.519,1930.063,1847.762,1768.455,1691.988,1618.214,1546.997,1478.203,1411.709,1347.394,1285.145,1224.854,1166.417,1109.735,1054.713,1001.259,949.287,898.712,849.454,801.435,754.579,708.814,664.071,620.279,577.375,535.293,493.972,453.351,413.370,373.972,335.099,296.697,258.711,221.086,183.770,146.710,109.854,73.151,36.550,0.000
0.000,2.377,4.757,7.144,9.540,11.949,14.374,16.818,19.283,21.774,24.292,26.842,29.426,32.048,34.711,37.417,40.170,42.974,45.833,48.748,51.725,54.765,57.874,61.054,64.309,67.644,71.061,74.565,78.161,81.850,85.639,89.531,93.530,97.642,101.869,106.218,110.693,115.298,120.039,124.921,129.949,135.128,140.464,145.962,151.629,157.470,163.492,169.700,176.102,182.704,189.513,196.535,203.779,211.252,218.961,226.915,235.122,243.591,252.329,261.348,270.655,280.261,290.176,300.410,310.974,321.879,333.137,344.760,356.760,369.150,381.944,395.154,408.796,422.885,437.437,452.466,467.991,484.028,500.595,517.712,535.398,553.673,572.559,592.078,612.253,633.108,654.669,676.961,700.013,723.852,748.509,774.016,800.405,827.710,855.968,885.216,915.495,946.845,979.310,1012.937,1047.774,1083.870,1121.281,1160.061,1200.272,1241.974,1285.235,1330.125,1376.716,1425.089,1475.325,1527.512,1581.743,1638.118,1696.741,1757.724,1821.187,1887.255,1956.064,2027.758,2102.490,2180.424,2261.736,2346.612,2435.253,2527.872,2624.698,2725.976,2831.965,2942.945,3059.210,3181.076,3308.877,3442.964,3583.709,3731.498,3886.733,4049.826,4221.195,4401.253,4590.404,4789.022,4997.437,5215.910,5444.603,5683.544,5932.583,6191.338,6459.141,6734.975,7017.416,7304.579,7594.081,7883.040,8168.108,8445.565,8711.455,8961.786,9192.740,9400.881,9583.309,9737.742,9862.508,9956.477,10018.945,10049.515,10047.998,10014.365,9948.744,9851.475,9723.213,9565.045,9378.609,9166.166,8930.606,8675.369,8404.286,8121.373,7830.611,7535.757,7240.194,6946.839,6658.109,6375.923,6101.735,5836.590,5581.181,5335.910,5100.946,4876.280,4661.762,4457.143,4262.103,4076.278,3899.270,3730.670,3570.064,3417.043,3271.207,3132.168,2999.555,2873.015,2752.210,2636.823,2526.554,2421.119,2320.253,2223.705,2131.239,2042.636,1957.686,1876.195,1797.980,1722.866,1650.692,1581.303,1514.556,1450.313,1388.444,1328.829,1271.350,1215.898,1162.370,1110.664,1060.689,1012.353,965.571,920.262,876.347,833.752,792.405,752.239,713.186,675.184,638.172,602.092,566.887,532.502,498.885,465.983,433.749,402.134,371.090,340.572,310.536,280.937,251.735,222.885,194.349,166.084,138.051,110.210,82.524,54.952,27.457,0.000
0.000,1.586,3.174,4.766,6.365,7.972,9.590,11.220,12.865,14.527,16.207,17.908,19.632,21.381,23.158,24.963,26.800,28.671,30.578,32.523,34.509,36.537,38.611,40.733,42.905,45.130,47.409,49.747,52.146,54.608,57.135,59.732,62.400,65.143,67.964,70.865,73.850,76.923,80.086,83.343,86.697,90.153,93.713,97.381,101.162,105.059,109.077,113.219,117.490,121.895,126.437,131.123,135.956,140.942,146.085,151.392,156.868,162.518,168.349,174.366,180.576,186.985,193.601,200.429,207.478,214.754,222.266,230.020,238.027,246.295,254.831,263.646,272.749,282.150,291.860,301.889,312.248,322.949,334.004,345.426,357.228,369.423,382.026,395.052,408.515,422.432,436.821,451.698,467.081,482.991,499.446,516.469,534.081,552.305,571.164,590.685,610.894,631.819,653.488,675.933,699.186,723.280,748.252,774.139,800.981,828.820,857.700,887.668,918.773,951.067,984.607,1019.451,1055.661,1093.303,1132.448,1173.170,1215.550,1259.671,1305.624,1353.506,1403.419,1455.474,1509.786,1566.483,1625.696,1687.570,1752.258,1819.922,1890.737,1964.889,2042.575,2124.004,2209.401,2298.998,2393.042,2491.790,2595.506,2704.463,2818.934,2939.190,3065.489,3198.073,3337.146,3482.866,3635.322,3794.507,3960.294,4132.397,4310.341,4493.417,4680.651,4870.773,5062.195,5253.022,5441.071,5623.935,5799.074,5963.933,6116.064,6253.252,6373.606,6475.607,6558.111,6620.317,6661.701,6681.954,6680.927,6658.600,6615.084,6550.652,6465.794,6361.286,6238.248,6098.187,5942.987,5774.865,5596.275,5409.788,5217.963,5023.225,4827.781,4633.551,4442.143,4254.849,4072.665,3896.316,3726.295,3562.901,3406.275,3256.434,3113.299,2976.721,2846.501,2722.405,2604.178,2491.552,2384.258,2282.023,2184.585,2091.687,2003.083,1918.536,1837.822,1760.731,1687.060,1616.622,1549.239,1484.742,1422.975,1363.790,1307.048,1252.618,1200.378,1150.212,1102.010,1055.670,1011.096,968.195,926.881,887.073,848.693,811.667,775.926,741.403,708.036,675.764,644.531,614.281,584.963,556.527,528.925,502.110,476.040,450.671,425.964,401.879,378.379,355.427,332.987,311.025,289.509,268.406,247.684,227.315,207.266,187.510,168.019,148.763,129.716,110.851,92.140,73.559,55.080,36.677,18.326,0.000
0.000,0.793,1.588,2.384,3.184,3.988,4.797,5.613,6.436,7.267,8.107,8.959,9.821,10.696,11.585,12.488,13.407,14.343,15.297,16.270,17.263,18.278,19.315,20.377,21.463,22.576,23.716,24.886,26.086,27.317,28.582,29.881,31.215,32.587,33.999,35.450,36.943,38.480,40.063,41.692,43.370,45.098,46.879,48.714,50.606,52.555,54.565,56.637,58.774,60.977,63.249,65.593,68.011,70.505,73.078,75.733,78.472,81.298,84.215,87.226,90.332,93.538,96.848,100.264,103.790,107.430,111.187,115.067,119.073,123.208,127.479,131.889,136.443,141.146,146.003,151.020,156.203,161.556,167.087,172.801,178.706,184.807,191.112,197.629,204.364,211.327,218.526,225.969,233.665,241.625,249.858,258.375,267.187,276.305,285.741,295.508,305.619,316.089,326.931,338.162,349.797,361.853,374.348,387.302,400.734,414.664,429.116,444.112,459.678,475.839,492.624,510.061,528.183,547.022,566.613,586.994,608.205,630.288,653.289,677.256,702.240,728.297,755.485,783.867,813.510,844.485,876.870,910.745,946.200,983.325,1022.221,1062.991,1105.748,1150.608,1197.694,1247.134,1299.060,1353.606,1410.909,1471.100,1534.308,1600.650,1670.223,1743.103,1819.325,1898.882,1981.700,2067.628,2156.419,2247.710,2341.008,2435.673,2530.914,2625.789,2719.223,2810.034,2896.980,2978.811,3054.334,3122.461,3182.259,3232.970,3274.015,3304.980,3325.589,3335.675,3335.156,3324.024,3302.340,3270.254,3228.026,3176.056,3114.913,3045.348,2968.291,2884.829,2796.162,2703.544,2608.227,2511.402,2414.156,2317.443,2222.063,2128.668,2037.762,1949.715,1864.784,1783.126,1704.821,1629.884,1558.282,1489.945,1424.778,1362.668,1303.488,1247.108,1193.394,1142.211,1093.428,1046.918,1002.557,960.227,919.817,881.221,844.339,809.075,775.342,743.054,712.134,682.506,654.102,626.857,600.708,575.597,551.471,528.276,505.966,484.494,463.817,443.893,424.685,406.154,388.267,370.990,354.292,338.141,322.511,307.373,292.702,278.472,264.659,251.241,238.195,225.501,213.137,201.085,189.326,177.841,166.613,155.624,144.858,134.298,123.930,113.737,103.706,93.821,84.068,74.434,64.903,55.464,46.102,36.805,27.559,18.351,9.169,0.000
0.000,0.000,0.000,0.000,0.000,0.000,0.000,0.000,0.000,0.000,0.000,0.000,0.000,0.000,0.000,0.000,0.000,0.000,0.000,0.000,0.000,0.000,0.000,0.000,0.000,0.000,0.000,0.000,0.000,0.000,0.000,0.000,0.000,0.000,0.000,0.000,0.000,0.000,0.000,0.000,0.000,0.000,0.000,0.000,0.000,0.000,0.000,0.000,0.000,0.000,0.000,0.000,0.000,0.000,0.000,0.000,0.000,0.000,0.000,0.000,0.000,0.000,0.000,0.000,0.000,0.000,0.000,0.000,0.000,0.000,0.000,0.000,0.000,0.000,0.000,0.000,0.000,0.000,0.000,0.000,0.000,0.000,0.000,0.000,0.000,0.000,0.000,0.000,0.000,0.000,0.000,0.000,0.000,0.000,0.000,0.000,0.000,0.000,0.000,0.000,0.000,0.000,0.000,0.000,0.000,0.000,0.000,0.000,0.000,0.000,0.000,0.000,0.000,0.000,0.000,0.000,0.000,0.000,0.000,0.000,0.000,0.000,0.000,0.000,0.000,0.000,0.000,0.000,0.000,0.000,0.000,0.000,0.000,0.000,0.000,0.000,0.000,0.000,0.000,0.000,0.000,0.000,0.000,0.000,0.000,0.000,0.000,0.000,0.000,0.000,0.000,0.000,0.000,0.000,0.000,0.000,0.000,0.000,0.000,0.000,0.000,0.000,0.000,0.000,0.000,0.000,0.000,0.000,0.000,0.000,0.000,0.000,0.000,0.000,0.000,0.000,0.000,0.000,0.000,0.000,0.000,0.000,0.000,0.000,0.000,0.000,0.000,0.000,0.000,0.000,0.000,0.000,0.000,0.000,0.000,0.000,0.000,0.000,0.000,0.000,0.000,0.000,0.000,0.000,0.000,0.000,0.000,0.000,0.000,0.000,0.000,0.000,0.000,0.000,0.000,0.000,0.000,0.000,0.000,0.000,0.000,0.000,0.000,0.000,0.000,0.000,0.000,0.000,0.000,0.000,0.000,0.000,0.000,0.000,0.000,0.000,0.000,0.000,0.000,0.000,0.000,0.000,0.000,0.000,0.000,0.000,0.000,0.000,0.000,0.000,0.000,0.000,0.000,0.000,0.000,0.000
