0.000,0.000,0.000,0.000,0.000,0.000,0.000,0.000,0.000,0.000,0.000,0.000,0.000,0.000,0.000,0.000,0.000,0.000,0.000,0.000,0.000,0.000,0.000,0.000,0.000,0.000,0.000,0.000,0.000,0.000,0.000,0.000,0.000,0.000,0.000,0.000,0.000,0.000,0.000,0.000,0.000,0.000,0.000,0.000,0.000,0.000,0.000,0.000,0.000,0.000,0.000,0.000,0.000,0.000,0.000,0.000,0.000,0.000,0.000,0.000,0.000,0.000,0.000,0.000,0.000,0.000,0.000,0.000,0.000,0.000,0.000,0.000,0.000,0.000,0.000,0.000,0.000,0.000,0.000,0.000,0.000,0.000,0.000,0.000,0.000,0.000,0.000,0.000,0.000,0.000,0.000,0.000,0.000,0.000,0.000,0.000,0.000,0.000,0.000,0.000,0.000,0.000,0.000,0.000,0.000,0.000,0.000,0.000,0.000,0.000,0.000,0.000,0.000,0.000,0.000,0.000,0.000,0.000,0.000,0.000,0.000,0.000,0.000,0.000,0.000,0.000,0.000,0.000,0.000,0.000,0.000,0.000,0.000,0.000,0.000,0.000,0.000,0.000,0.000,0.000,0.000,0.000,0.000,0.000,0.000,0.000,0.000,0.000,0.000,0.000,0.000,0.000,0.000,0.000,0.000,0.000,0.000,0.000,0.000,0.000,0.000,0.000,0.000,0.000,0.000,0.000,0.000,0.000,0.000,0.000,0.000,0.000,0.000,0.000,0.000,0.000,0.000,0.000,0.000,0.000,0.000,0.000,0.000,0.000,0.000,0.000,0.000,0.000,0.000,0.000,0.000,0.000,0.000,0.000,0.000,0.000,0.000,0.000,0.000,0.000,0.000,0.000,0.000,0.000,0.000,0.000,0.000,0.000,0.000,0.000,0.000,0.000,0.000,0.000,0.000,0.000,0.000,0.000,0.000,0.000,0.000,0.000,0.000,0.000,0.000,0.000,0.000,0.000,0.000,0.000,0.000,0.000,0.000,0.000,0.000,0.000,0.000,0.000,0.000,0.000,0.000,0.000,0.000,0.000,0.000,0.000,0.000,0.000,0.000,0.000,0.000,0.000,0.000,0.000,0.000,0.000
0.000,60000.000,60000.000,60000.000,60000.000,60000.000,60000.000,60000.000,60000.000,30105.152,18355.042,12894.707,9971.176,8238.002,7147.857,6453.747,6038.058,5849.243,5879.609,6164.762,6805.354,8033.418,10400.900,15355.327,27169.300,60000.000,60000.000,60000.000,60000.000,60000.000,60000.000,60000.000,60000.000,60000.000,60000.000,60000.000,60000.000,60000.000,60000.000,60000.000,60000.000,60000.000,60000.000,60000.000,60000.000,60000.000,60000.000,60000.000,60000.000,60000.000,26266.007,14013.074,8751.969,6106.972,4590.901,3630.028,2973.889,2500.310,2143.855,1866.687,1645.535,1465.352,1315.996,1190.398,1083.480,991.510,911.682,841.850,780.342,725.841,677.292,633.844,594.802,559.591,527.735,498.834,472.553,448.604,426.744,406.764,388.484,371.746,356.417,342.378,329.526,317.769,307.030,297.238,288.332,280.259,272.971,266.427,260.591,255.431,250.920,247.036,243.758,241.070,238.959,237.415,236.430,235.999,236.121,236.796,238.028,239.821,242.184,245.130,248.671,252.824,257.611,263.054,269.180,276.020,283.611,291.991,301.206,311.306,322.350,334.401,347.531,361.822,377.366,394.265,412.637,432.612,454.341,477.993,503.760,531.865,562.558,596.131,632.919,673.308,717.751,766.772,820.988,881.125,948.044,1022.767,1106.517,1200.766,1307.294,1428.267,1566.332,1724.750,1907.550,2119.734,2367.532,2658.702,3002.870,3411.857,3899.845,4483.074,5178.383,5999.313,6947.651,7998.151,9077.828,10056.409,10795.510,11288.255,11592.162,11770.792,11872.677,11929.666,11961.061,11978.009,11986.701,11990.362,11990.363,11986.704,11978.016,11961.074,11929.690,11872.721,11770.872,11592.305,11288.505,10795.938,10057.108,9078.898,7999.655,6949.603,6001.685,5181.118,4486.098,3903.075,3415.204,3006.242,2662.005,2370.674,2122.618,1910.080,1726.829,1567.859,1429.139,1307.408,1200.012,1104.783,1019.938,943.999,875.740,814.133,758.313,707.546,661.212,618.778,579.785,543.839,510.596,479.758,451.063,424.279,399.202,375.651,353.464,332.496,312.614,293.699,275.644,258.346,241.717,225.669,210.124,195.009,180.255,165.800,151.584,137.554,123.662,109.865,96.128,82.421,68.720,55.010,41.283,27.536,13.773,0.000,0.000,0.000,0.000,0.000,0.000,0.000,0.000,0.000,0.000,0.000,0.000,0.000,0.000,0.000,0.000,0.000
0.000,60000.000,60000.000,60000.000,60000.000,60000.000,60000.000,60000.000,60000.000,42065.566,30420.313,23252.611,18751.999,15832.978,13899.682,12629.080,11849.249,11479.312,11504.439,11974.094,13023.244,14927.428,18214.864,23851.118,33321.877,47111.400,52391.185,54770.354,56004.073,56714.918,57154.375,57437.114,57621.056,57737.860,57805.771,57835.545,57833.347,57802.226,57742.801,57653.450,57530.074,57365.348,57147.172,56855.644,56456.908,55889.865,55034.693,53630.292,51032.948,45432.362,31050.974,21034.344,14887.854,11085.045,8626.629,6955.352,5765.243,4883.526,4208.452,3677.386,3250.132,2899.906,2608.266,2362.144,2152.042,1970.908,1813.401,1675.407,1553.709,1445.761,1349.515,1263.316,1185.804,1115.859,1052.547,995.083,942.805,895.152,851.641,811.862,775.457,742.118,711.578,683.603,657.988,634.555,613.146,593.623,575.865,559.766,545.231,532.180,520.539,510.246,501.249,493.500,486.960,481.598,477.386,474.305,472.339,471.480,471.724,473.071,475.528,479.106,483.823,489.699,496.765,505.052,514.601,525.460,537.681,551.327,566.468,583.183,601.562,621.706,643.729,667.758,693.937,722.428,753.412,787.095,823.706,863.508,906.796,953.906,1005.221,1061.177,1122.274,1189.085,1262.272,1342.601,1430.959,1528.385,1636.091,1755.507,1888.321,2036.543,2202.572,2389.289,2600.180,2839.474,3112.346,3425.151,3785.747,4203.886,4691.722,5264.433,5940.949,6744.739,7704.473,8854.087,10231.164,11871.234,13793.153,15967.133,18256.756,20352.304,21837.379,22765.347,23309.604,23618.328,23790.251,23884.927,23936.568,23964.275,23978.433,23984.385,23984.387,23978.438,23964.286,23936.589,23884.966,23790.324,23618.460,23309.845,22765.780,21838.143,20353.604,18258.838,15970.133,13797.089,11876.038,10236.712,8860.225,7711.028,6751.530,5947.791,5271.141,4698.107,4209.757,3790.912,3429.415,3115.508,2841.331,2600.520,2387.898,2199.225,2031.009,1880.361,1744.871,1622.521,1511.611,1410.701,1318.566,1234.154,1156.563,1085.014,1018.827,957.413,900.251,846.887,796.914,749.974,705.745,663.938,624.292,586.571,550.558,516.055,482.879,450.861,419.844,389.681,360.235,331.381,303.001,274.988,247.245,219.686,192.240,164.846,137.458,110.045,82.591,55.092,27.557,0.000,0.000,0.000,0.000,0.000,0.000,0.000,0.000,0.000,0.000,0.000,0.000,0.000,0.000,0.000,0.000,0.000
0.000,60000.000,60000.000,60000.000,60000.000,60000.000,60000.000,60000.000,60000.000,47736.801,38008.037,30943.430,25951.237,22442.238,19988.823,18313.652,17250.556,16714.329,16684.754,17203.944,18386.118,20438.199,23680.028,28512.421,35155.706,42732.554,47683.000,50686.177,52531.035,53701.240,54465.486,54973.043,55309.271,55524.631,55649.702,55703.082,55695.639,55632.779,55515.551,55340.949,55101.523,54784.168,54367.723,53818.520,53082.150,52067.887,50618.643,48453.556,45069.171,39645.558,31471.221,24185.514,18680.101,14718.770,11875.262,9799.554,8248.253,7060.146,6129.087,5384.323,4777.749,4275.924,3855.069,3497.920,3191.689,2926.732,2695.658,2492.718,2313.381,2154.029,2011.745,1884.152,1769.294,1665.549,1571.564,1486.198,1408.488,1337.610,1272.863,1213.640,1159.419,1109.747,1064.230,1022.523,984.325,949.372,917.431,888.299,861.796,837.765,816.066,796.578,779.195,763.824,750.386,738.811,729.042,721.031,714.739,710.136,707.200,705.917,706.281,708.294,711.965,717.312,724.359,733.139,743.695,756.076,770.342,786.562,804.817,825.198,847.810,872.770,900.213,930.287,963.161,999.026,1038.092,1080.601,1126.821,1177.056,1231.646,1290.979,1355.490,1425.677,1502.102,1585.410,1676.336,1775.724,1884.545,2003.925,2135.163,2279.779,2439.546,2616.549,2813.251,3032.573,3277.997,3553.700,3864.719,4217.163,4618.482,5077.818,5606.455,6218.392,6931.089,7766.409,8751.798,9921.718,11319.260,12997.675,15020.982,17461.332,20386.614,23820.486,27629.770,31258.675,33436.360,34626.151,35262.578,35602.665,35785.075,35883.223,35936.008,35964.091,35978.371,35984.359,35984.361,35978.376,35964.102,35936.029,35883.263,35785.149,35602.803,35262.835,34626.629,33437.254,31260.336,27632.733,23824.971,20392.612,17468.701,15029.508,13007.107,11329.330,9932.148,8762.309,7776.719,6940.917,6227.452,5614.460,5084.476,4623.494,4220.223,3865.513,3551.904,3273.277,3024.583,2801.633,2600.930,2419.537,2254.979,2105.152,1968.263,1842.776,1727.367,1620.891,1522.351,1430.877,1345.706,1266.164,1191.654,1121.644,1055.660,993.275,934.101,877.788,824.014,772.486,722.931,675.098,628.752,583.674,539.661,496.523,454.084,412.182,370.670,329.420,288.322,247.283,206.235,165.133,123.953,82.691,41.364,0.000,0.000,0.000,0.000,0.000,0.000,0.000,0.000,0.000,0.000,0.000,0.000,0.000,0.000,0.000,0.000,0.000
0.000,60000.000,60000.000,60000.000,60000.000,60000.000,60000.000,60000.000,60000.000,50873.604,42931.608,36561.842,31667.291,27995.921,25299.733,23386.162,22125.010,21442.712,21316.322,21770.831,22879.106,24759.246,27554.650,31362.856,36055.997,40980.136,44922.110,47760.345,49732.680,51093.552,52033.316,52680.334,53118.384,53401.725,53565.357,53631.477,53613.383,53517.737,53345.712,53093.313,52750.940,52302.119,51721.074,50968.608,49985.329,48680.934,46918.483,44496.164,41144.674,36609.533,31002.891,25556.449,20928.325,17234.733,14356.159,12119.415,10368.133,8979.785,7863.495,6953.137,6200.688,5571.039,5038.237,4582.851,4190.132,3848.743,3549.852,3286.500,3053.140,2845.304,2659.359,2492.328,2341.744,2205.555,2082.037,1969.735,1867.413,1774.015,1688.636,1610.492,1538.909,1473.299,1413.149,1358.012,1307.495,1261.254,1218.986,1180.425,1145.335,1113.510,1084.768,1058.951,1035.918,1015.549,997.738,982.396,969.446,958.826,950.484,944.381,940.488,938.787,939.270,941.939,946.807,953.898,963.242,974.885,988.881,1005.297,1024.210,1045.712,1069.909,1096.921,1126.887,1159.960,1196.316,1236.151,1279.688,1327.175,1378.891,1435.148,1496.302,1562.746,1634.930,1713.356,1798.595,1891.294,1992.187,2102.111,2222.023,2353.015,2496.349,2653.475,2826.076,3016.107,3225.849,3457.979,3715.648,4002.585,4323.226,4682.878,5087.917,5546.057,6066.680,6661.263,7343.938,8132.212,9047.905,10118.384,11378.182,12871.136,14653.231,16796.419,19393.799,22566.535,26471.513,31298.447,37183.174,43616.271,46023.238,47040.321,47511.895,47744.680,47864.159,47926.883,47960.150,47977.710,47986.600,47990.320,47990.321,47986.604,47977.717,47960.164,47926.908,47864.206,47744.768,47512.063,47040.652,46023.916,43617.762,37186.807,31304.437,26479.726,22576.695,19405.567,16809.428,14667.106,12885.498,11392.655,10132.593,9061.474,8144.764,7355.090,6670.628,6073.861,5550.649,5089.502,4681.025,4317.493,3992.511,3700.756,3437.775,3199.817,2983.711,2786.758,2606.652,2441.413,2289.330,2148.922,2018.898,1898.128,1785.619,1680.494,1581.976,1489.371,1402.058,1319.477,1241.124,1166.537,1095.295,1027.011,961.326,897.910,836.451,776.660,718.266,661.017,604.676,549.027,493.872,439.038,384.373,329.754,275.089,220.316,165.407,110.363,55.212,0.000,0.000,0.000,0.000,0.000,0.000,0.000,0.000,0.000,0.000,0.000,0.000,0.000,0.000,0.000,0.000,0.000
0.000,60000.000,60000.000,60000.000,60000.000,60000.000,60000.000,60000.000,60000.000,52826.010,46282.957,40705.046,36160.173,32574.437,29828.042,27806.271,26420.631,25615.206,25367.017,25683.979,26600.255,28165.058,30416.504,33328.386,36725.326,40209.919,43264.993,45700.452,47545.827,48907.012,49893.934,50596.635,51082.252,51398.575,51578.573,51644.134,51608.730,51479.127,51256.302,50935.703,50506.863,49952.352,49245.907,48349.567,47209.684,45752.101,43878.257,41468.012,38403.894,34645.081,30374.436,26109.143,22242.094,18935.757,16195.307,13953.897,12125.162,10627.453,9392.058,8364.129,7500.915,6769.397,6144.081,5605.203,5137.338,4728.348,4368.602,4050.385,3767.469,3514.781,3288.156,3084.151,2899.896,2732.985,2581.391,2443.389,2317.512,2202.501,2097.270,2000.883,1912.526,1831.489,1757.154,1688.980,1626.489,1569.264,1516.935,1469.179,1425.708,1386.272,1350.648,1318.640,1290.080,1264.817,1242.724,1223.691,1207.623,1194.445,1184.093,1176.519,1171.687,1169.576,1170.176,1173.489,1179.533,1188.333,1199.932,1214.383,1231.754,1252.125,1275.594,1302.272,1332.291,1365.798,1402.962,1443.973,1489.046,1538.423,1592.374,1651.204,1715.255,1784.910,1860.599,1942.808,2032.080,2129.029,2234.350,2348.827,2473.351,2608.937,2756.738,2918.077,3094.469,3287.662,3499.670,3732.834,3989.876,4273.980,4588.885,4939.000,5329.553,5766.773,6258.119,6812.574,7441.020,8156.716,8975.922,9918.709,11010.027,12281.129,13771.494,15531.492,17626.181,20141.036,23191.317,26939.542,31634.492,37718.641,46188.218,60000.000,60000.000,60000.000,60000.000,60000.000,60000.000,60000.000,60000.000,60000.000,60000.000,60000.000,60000.000,60000.000,60000.000,60000.000,60000.000,60000.000,60000.000,60000.000,60000.000,60000.000,60000.000,46192.320,37726.285,31645.211,26952.850,23206.712,20158.017,17644.257,15550.181,13790.324,12299.630,11027.734,9935.152,8990.627,8169.202,7450.794,6819.132,6260.942,5765.327,5323.284,4927.335,4571.231,4249.720,3958.370,3693.413,3451.641,3230.298,3027.014,2839.739,2666.689,2506.308,2357.232,2218.260,2088.328,1966.493,1851.911,1743.825,1641.553,1544.478,1452.035,1363.709,1279.023,1197.538,1118.845,1042.558,968.321,895.795,824.665,754.635,685.431,616.804,548.529,480.416,412.305,344.078,275.657,207.012,138.151,69.122,0.000,0.000,0.000,0.000,0.000,0.000,0.000,0.000,0.000,0.000,0.000,0.000,0.000,0.000,0.000,0.000,0.000
0.000,60000.000,60000.000,60000.000,60000.000,60000.000,60000.000,60000.000,60000.000,54147.482,48669.172,43815.222,39693.932,36313.628,33631.747,31590.271,30136.061,29230.494,28852.589,28997.847,29672.912,30884.266,32617.959,34808.901,37307.043,39869.267,42227.539,44230.692,45843.216,47094.786,48038.826,48730.078,49215.470,49531.809,49706.288,49757.820,49698.342,49533.804,49264.736,48886.403,48388.528,47754.593,46960.708,45974.145,44751.821,43239.609,41374.513,39093.818,36357.895,33192.549,29740.722,26263.687,22995.246,20070.992,17535.517,15375.804,13551.267,12012.910,10713.263,9610.511,8669.555,7861.662,7163.596,6556.654,6025.780,5558.823,5145.934,4779.082,4451.684,4158.310,3894.450,3656.340,3440.820,3245.219,3067.269,2905.037,2756.865,2621.324,2497.181,2383.364,2278.942,2183.098,2095.122,2014.386,1940.339,1872.498,1810.434,1753.769,1702.171,1655.346,1613.033,1575.007,1541.067,1511.040,1484.775,1462.144,1443.037,1427.363,1415.049,1406.039,1400.291,1397.780,1398.494,1402.437,1409.627,1420.098,1433.898,1451.090,1471.754,1495.985,1523.897,1555.623,1591.315,1631.149,1675.321,1724.055,1777.604,1836.250,1900.311,1970.144,2046.147,2128.769,2218.511,2315.939,2421.686,2536.465,2661.082,2796.447,2943.590,3103.681,3278.051,3468.220,3675.926,3903.167,4152.244,4425.818,4726.975,5059.315,5427.045,5835.110,6289.346,6796.674,7365.341,8005.228,8728.236,9548.784,10484.447,11556.793,12792.479,14224.718,15895.278,17857.254,20179.056,22950.308,26290.963,30365.885,35408.316,41753.437,49851.068,60000.000,60000.000,60000.000,60000.000,60000.000,60000.000,60000.000,60000.000,60000.000,60000.000,60000.000,60000.000,60000.000,60000.000,60000.000,60000.000,60000.000,60000.000,60000.000,60000.000,60000.000,60000.000,49856.221,41763.222,35422.050,30382.863,26310.507,22971.774,20201.837,17880.767,15918.955,14248.002,12814.814,11577.623,10503.209,9564.904,8741.130,8014.294,7369.959,6796.207,6283.133,5822.467,5407.264,5031.659,4690.679,4380.084,4096.243,3836.033,3596.755,3376.067,3171.929,2982.554,2806.372,2641.997,2488.200,2343.889,2208.083,2079.903,1958.556,1843.318,1733.532,1628.593,1527.942,1431.062,1337.470,1246.710,1158.359,1072.012,987.291,903.839,821.325,739.442,657.914,576.504,495.012,413.293,331.250,248.851,166.120,83.131,0.000,0.000,0.000,0.000,0.000,0.000,0.000,0.000,0.000,0.000,0.000,0.000,0.000,0.000,0.000,0.000,0.000
0.000,60000.000,60000.000,60000.000,60000.000,60000.000,60000.000,60000.000,60000.000,55094.753,50431.034,46192.751,42486.719,39354.417,36795.068,34787.030,33302.877,32318.151,31815.034,31781.945,32209.323,33081.177,34362.214,35982.263,37824.732,39732.620,41545.261,43151.621,44501.619,45590.154,46436.572,47069.450,47517.813,47806.976,47957.026,47982.592,47893.093,47693.091,47382.519,46956.731,46406.342,45716.872,44868.280,43834.578,42583.940,41080.100,39286.467,37174.955,34741.426,32026.604,29132.325,26209.748,23404.327,20817.563,18500.083,16462.657,14691.313,13159.781,11837.697,10695.223,9705.259,8844.229,8092.118,7432.166,6850.435,6335.364,5877.363,5468.460,5102.013,4772.460,4475.130,4206.078,3961.963,3739.938,3537.569,3352.766,3183.726,3028.891,2886.907,2756.594,2636.920,2526.984,2425.991,2333.245,2248.129,2170.100,2098.678,2033.439,1974.007,1920.051,1871.278,1827.433,1788.287,1753.647,1723.339,1697.219,1675.163,1657.068,1642.850,1632.446,1625.808,1622.907,1623.732,1628.286,1636.591,1648.685,1664.622,1684.476,1708.337,1736.314,1768.538,1805.159,1846.351,1892.313,1943.270,1999.477,2061.219,2128.817,2202.633,2283.068,2370.577,2465.663,2568.895,2680.909,2802.417,2934.221,3077.225,3232.448,3401.040,3584.306,3783.725,4000.984,4238.007,4496.996,4780.481,5091.376,5433.052,5809.418,6225.028,6685.206,7196.203,7765.390,8401.497,9114.913,9918.062,10825.882,11856.431,13031.676,14378.513,15930.119,17727.769,19823.308,22282.590,25190.275,28656.432,32824.790,37879.506,44035.760,51462.630,60000.000,60000.000,60000.000,60000.000,60000.000,60000.000,60000.000,60000.000,60000.000,60000.000,60000.000,60000.000,60000.000,60000.000,60000.000,60000.000,60000.000,60000.000,60000.000,60000.000,60000.000,60000.000,51469.379,44048.397,37896.989,32846.145,28680.792,25216.862,22310.686,19852.238,17756.878,15958.767,14406.061,13057.485,11879.850,10846.250,9934.703,9127.130,8408.575,7766.588,7190.755,6672.319,6203.879,5779.153,5392.783,5040.178,4717.391,4421.011,4148.079,3896.019,3662.577,3445.775,3243.869,3055.317,2878.747,2712.934,2556.781,2409.299,2269.593,2136.848,2010.318,1889.320,1773.218,1661.421,1553.377,1448.566,1346.496,1246.701,1148.740,1052.193,956.667,861.796,767.247,672.728,577.997,482.869,387.231,291.047,194.359,97.286,0.000,0.000,0.000,0.000,0.000,0.000,0.000,0.000,0.000,0.000,0.000,0.000,0.000,0.000,0.000,0.000,0.000
0.000,60000.000,60000.000,60000.000,60000.000,60000.000,60000.000,60000.000,60000.000,55800.501,51767.471,48038.043,44705.796,41822.272,39407.106,37459.934,35970.300,34924.239,34307.490,34105.622,34301.305,34868.959,35767.510,36933.265,38277.061,39691.285,41069.330,42328.982,43421.557,44327.713,45047.938,45593.417,45979.439,46221.340,46332.339,46322.518,46198.442,45963.045,45615.616,45151.761,44563.341,43838.379,42961.069,41912.060,40669.372,39210.499,37516.418,35578.230,33406.371,31040.241,28552.356,26038.783,23594.884,21294.985,19184.730,17283.567,15591.688,14097.348,12782.665,11627.571,10612.176,9718.024,8928.630,8229.609,7608.584,7054.989,6559.846,6115.539,5715.602,5354.545,5027.688,4731.038,4461.176,4215.162,3990.464,3784.892,3596.545,3423.770,3265.125,3119.346,2985.325,2862.089,2748.779,2644.638,2548.996,2461.260,2380.905,2307.467,2240.533,2179.739,2124.764,2075.325,2031.172,1992.088,1957.884,1928.400,1903.499,1883.065,1867.008,1855.256,1847.757,1844.480,1845.411,1850.556,1859.938,1873.600,1891.603,1914.028,1940.977,1972.571,2008.955,2050.298,2096.792,2148.659,2206.147,2269.540,2339.155,2415.345,2498.512,2589.100,2687.608,2794.593,2910.679,3036.565,3173.032,3320.959,3481.332,3655.262,3843.999,4048.959,4271.743,4514.169,4778.305,5066.512,5381.490,5726.338,6104.621,6520.460,6978.625,7484.664,8045.050,8667.365,9360.521,10135.039,11003.390,11980.420,13083.887,14335.131,15759.936,17389.629,19262.517,21425.759,23937.850,26871.888,30319.805,34397.429,39249.229,45047.515,51963.712,60000.000,60000.000,60000.000,60000.000,60000.000,60000.000,60000.000,60000.000,60000.000,60000.000,60000.000,60000.000,60000.000,60000.000,60000.000,60000.000,60000.000,60000.000,60000.000,60000.000,60000.000,60000.000,51972.950,45064.077,39271.465,34424.058,30349.792,26904.344,23971.969,21460.790,19297.730,17424.309,15793.369,14366.598,13112.656,12005.745,11024.505,10151.156,9370.828,8671.022,8041.188,7472.383,6956.989,6488.500,6061.328,5670.662,5312.338,4982.745,4678.733,4397.551,4136.780,3894.292,3668.204,3456.843,3258.720,3072.500,2896.985,2731.090,2573.835,2424.323,2281.731,2145.303,2014.333,1888.167,1766.186,1647.808,1532.480,1419.673,1308.882,1199.625,1091.445,983.911,876.624,769.232,661.434,553.002,443.795,333.772,223.001,111.657,0.000,0.000,0.000,0.000,0.000,0.000,0.000,0.000,0.000,0.000,0.000,0.000,0.000,0.000,0.000,0.000,0.000
0.000,60000.000,60000.000,60000.000,60000.000,60000.000,60000.000,60000.000,60000.000,56339.788,52800.317,49486.170,46476.169,43821.796,41551.179,39675.335,38194.189,37101.057,36385.112,36031.801,36021.371,36325.903,36905.665,37706.293,38659.032,39686.201,40711.871,41673.500,42527.996,43251.292,43834.137,44276.935,44585.281,44766.707,44828.571,44776.805,44615.219,44345.143,43965.250,43471.474,42857.000,42112.355,41225.681,40183.346,38971.121,37576.237,35990.613,34215.312,32265.727,30175.776,27998.220,25798.292,23641.591,21582.915,19660.443,17895.347,16294.684,14855.417,13568.207,12420.384,11398.017,10487.229,9674.938,8949.227,8299.472,7716.333,7191.669,6718.421,6290.490,5902.605,5550.216,5229.390,4936.719,4669.250,4424.415,4199.974,3993.974,3804.703,3630.659,3470.523,3323.130,3187.453,3062.585,2947.719,2842.144,2745.226,2656.403,2575.178,2501.107,2433.798,2372.904,2318.120,2269.176,2225.838,2187.901,2155.190,2127.557,2104.877,2087.052,2074.004,2065.678,2062.038,2063.071,2068.783,2079.199,2094.368,2114.356,2139.252,2169.167,2204.235,2244.612,2290.484,2342.060,2399.581,2463.320,2533.582,2610.713,2695.099,2787.172,2887.414,2996.364,3114.624,3242.867,3381.843,3532.393,3695.457,3872.089,4063.474,4270.943,4495.996,4740.327,5005.851,5294.741,5609.466,5952.838,6328.071,6738.843,7189.382,7684.554,8229.980,8832.174,9498.702,10238.385,11061.532,11980.235,13008.716,14163.756,15465.212,16936.651,18606.121,20507.080,22679.523,25171.313,28039.765,31353.598,35196.001,39672.555,44941.422,51344.729,60000.000,60000.000,60000.000,60000.000,60000.000,60000.000,60000.000,60000.000,60000.000,60000.000,60000.000,60000.000,60000.000,60000.000,60000.000,60000.000,60000.000,60000.000,60000.000,60000.000,60000.000,60000.000,51358.414,44963.600,39700.861,35228.976,31390.136,28078.927,25212.245,22721.417,20549.148,18647.583,16976.725,15503.103,14198.657,13039.798,12006.647,11082.396,10252.795,9505.721,8830.832,8219.271,7663.433,7156.766,6693.604,6269.036,5878.787,5519.126,5186.786,4878.896,4592.924,4326.630,4078.027,3845.345,3626.998,3421.566,3227.766,3044.438,2870.524,2705.062,2547.160,2395.998,2250.813,2110.887,1975.545,1844.147,1716.080,1590.757,1467.611,1346.094,1225.683,1105.872,986.193,866.215,745.569,623.964,501.217,377.274,252.235,126.349,0.000,0.000,0.000,0.000,0.000,0.000,0.000,0.000,0.000,0.000,0.000,0.000,0.000,0.000,0.000,0.000,0.000
0.000,60000.000,60000.000,60000.000,60000.000,60000.000,60000.000,60000.000,60000.000,56758.343,53607.854,50630.167,47890.939,45437.594,43300.513,41496.076,40030.108,38900.735,38100.153,37615.157,37426.538,37507.683,37823.024,38327.283,38966.653,39682.697,40418.539,41125.242,41765.728,42315.421,42760.484,43095.010,43318.152,43431.747,43438.550,43341.030,43140.606,42837.182,42428.896,41912.015,41280.963,40528.496,39646.096,38624.666,37455.672,36132.867,34654.634,33026.835,31265.606,29399.077,27466.619,25514.739,23590.444,21734.810,19978.953,18342.871,16836.461,15461.609,14214.545,13087.923,12072.465,11158.124,10334.855,9593.079,8923.937,8319.395,7772.268,7276.183,6825.527,6415.367,6041.381,5699.784,5387.261,5100.906,4838.172,4596.819,4374.877,4170.612,3982.492,3809.162,3649.425,3502.217,3366.593,3241.717,3126.842,3021.304,2924.513,2835.944,2755.128,2681.651,2615.145,2555.286,2501.787,2454.399,2412.903,2377.114,2346.874,2322.048,2302.533,2288.246,2279.126,2275.138,2276.267,2282.520,2293.925,2310.534,2332.419,2359.676,2392.424,2430.807,2474.995,2525.185,2581.603,2644.507,2714.189,2790.978,2875.241,2967.390,3067.887,3177.244,3296.036,3424.900,3564.549,3715.776,3879.468,4056.615,4248.323,4455.832,4680.533,4923.986,5187.948,5474.399,5785.574,6124.004,6492.557,6894.495,7333.531,7813.902,8340.458,8918.759,9555.191,10257.112,11033.009,11892.693,12847.523,13910.672,15097.424,16425.519,17915.541,19591.322,21480.353,23614.124,26028.290,28762.426,31858.971,35360.558,39303.681,43700.977,48473.831,53129.890,55071.307,56038.341,56594.125,56947.119,57185.730,57352.314,57469.229,57549.083,57599.178,57623.590,57624.157,57600.878,57551.920,57473.208,57357.447,57192.042,56954.663,56603.008,56048.789,55083.845,53145.870,48497.210,43731.179,39339.560,35401.022,31903.038,28809.187,26076.882,23663.708,21530.096,19640.390,17963.088,16470.684,15139.324,13948.402,12880.149,11919.248,11052.498,10268.503,9557.413,8910.702,8320.972,7781.790,7287.550,6833.353,6414.908,6028.445,5670.645,5338.575,5029.637,4741.522,4472.172,4219.747,3982.594,3759.227,3548.299,3348.587,3158.977,2978.445,2806.048,2640.912,2482.219,2329.201,2181.132,2037.318,1897.093,1759.811,1624.846,1491.587,1359.435,1227.810,1096.156,963.951,830.735,696.129,559.882,421.909,282.335,141.513,0.000,0.000,0.000,0.000,0.000,0.000,0.000,0.000,0.000,0.000,0.000,0.000,0.000,0.000,0.000,0.000,0.000
0.000,60000.000,60000.000,60000.000,60000.000,60000.000,60000.000,60000.000,60000.000,57085.740,54242.601,51535.726,49019.850,46737.159,44717.239,42978.390,41529.480,40371.676,39499.666,38902.199,38562.008,38455.341,38551.545,38813.246,39197.687,39659.488,40154.440,40643.300,41094.360,41484.287,41797.483,42024.584,42160.689,42203.704,42152.979,42008.292,41769.130,41434.223,41001.280,40466.874,39826.489,39074.724,38205.698,37213.707,36094.199,34845.089,33468.391,31971.957,30370.961,28688.485,26954.620,25203.783,23470.820,21787.119,20177.877,18660.919,17246.874,15940.213,14740.639,13644.501,12645.999,11738.152,10913.485,10164.507,9484.013,8865.256,8302.037,7788.732,7320.283,6892.172,6500.375,6141.325,5811.855,5509.164,5230.770,4974.474,4738.327,4520.601,4319.758,4134.436,3963.417,3805.621,3660.083,3525.942,3402.432,3288.866,3184.632,3089.186,3002.041,2922.764,2850.971,2786.323,2728.520,2677.299,2632.433,2593.725,2561.008,2534.144,2513.022,2497.554,2487.679,2483.358,2484.576,2491.342,2503.686,2521.662,2545.349,2574.848,2610.286,2651.815,2699.617,2753.899,2814.903,2882.900,2958.198,3041.144,3132.127,3231.580,3339.987,3457.889,3585.884,3724.641,3874.902,4037.495,4213.340,4403.463,4609.008,4831.253,5071.625,5331.722,5613.336,5918.477,6249.408,6608.674,6999.149,7424.078,7887.138,8392.493,8944.873,9549.658,10212.973,10941.798,11744.097,12628.954,13606.739,14689.268,15889.985,17224.134,18708.902,20363.499,22209.103,24268.540,26565.498,29122.868,31959.481,35083.740,38480.781,42085.096,45719.829,48974.510,51117.077,52488.006,53391.111,54008.690,54443.556,54754.364,54975.587,55127.992,55224.106,55271.094,55272.227,55227.506,55133.662,54983.535,54764.609,54456.134,54023.679,53408.658,52508.389,51140.819,49002.545,45753.522,42124.513,38525.365,35132.720,32012.027,29178.134,26622.633,24326.689,22267.399,20421.061,18764.828,17277.500,15939.837,14734.625,13646.586,12662.243,11769.740,10958.672,10219.909,9545.446,8928.256,8362.165,7841.744,7362.207,6919.334,6509.387,6129.057,5775.401,5445.802,5137.920,4849.659,4579.138,4324.664,4084.702,3857.862,3642.876,3438.585,3243.921,3057.898,2879.596,2708.156,2542.766,2382.654,2227.082,2075.333,1926.710,1780.529,1636.114,1492.792,1349.896,1206.775,1062.795,917.372,770.004,620.326,468.183,313.707,157.375,0.000,0.000,0.000,0.000,0.000,0.000,0.000,0.000,0.000,0.000,0.000,0.000,0.000,0.000,0.000,0.000,0.000
0.000,60000.000,60000.000,60000.000,60000.000,60000.000,60000.000,60000.000,60000.000,57342.024,54741.101,52250.308,49915.606,47773.989,45852.936,44170.814,42737.798,41556.881,40624.699,39932.037,39464.029,39200.208,39114.654,39176.558,39351.459,39603.230,39896.540,40199.268,40484.240,40730.005,40920.702,41045.284,41096.451,41069.537,40961.512,40770.174,40493.546,40129.455,39675.284,39127.872,38483.560,37738.381,36888.436,35930.442,34862.505,33685.083,32402.066,31021.832,29557.986,28029.478,26459.790,24875.156,23302.138,21765.175,20284.726,18876.264,17550.119,16311.945,15163.519,14103.661,13129.102,12235.225,11416.653,10667.680,9982.581,9355.810,8782.126,8256.658,7774.938,7332.898,6926.863,6553.523,6209.910,5893.366,5601.512,5332.224,5083.602,4853.950,4641.752,4445.651,4264.434,4097.016,3942.423,3799.787,3668.326,3547.344,3436.214,3334.378,3241.336,3156.644,3079.905,3010.768,2948.924,2894.099,2846.058,2804.598,2769.545,2740.755,2718.112,2701.527,2690.935,2686.296,2687.597,2694.844,2708.073,2727.340,2752.727,2784.342,2822.318,2866.815,2918.021,2976.158,3041.474,3114.256,3194.824,3283.541,3380.810,3487.084,3602.864,3728.710,3865.241,4013.148,4173.197,4346.235,4533.209,4735.165,4953.270,5188.823,5443.268,5718.218,6015.474,6337.045,6685.185,7062.415,7471.564,7915.811,8398.729,8924.336,9497.162,10122.307,10805.522,11553.287,12372.898,13272.561,14261.480,15349.942,16549.379,17872.391,19332.689,20944.920,22724.262,24685.670,26842.522,29204.285,31772.553,34534.332,37450.785,40438.961,43346.027,45931.380,47934.612,49405.616,50473.741,51253.088,51825.554,52246.113,52550.877,52763.303,52898.272,52964.566,52966.266,52903.371,52771.802,52562.781,52261.437,51844.331,51275.387,50499.688,49435.431,47968.648,45970.137,43390.008,40488.189,37504.887,34592.704,31834.468,29268.951,26909.102,24753.298,22792.041,21011.926,19397.968,17934.957,16608.214,15403.990,14309.648,13313.717,12405.870,11576.858,10818.430,10123.241,9484.763,8897.192,8355.372,7854.718,7391.147,6961.024,6561.101,6188.477,5840.553,5514.993,5209.698,4922.773,4652.502,4397.331,4155.840,3926.735,3708.823,3501.007,3302.267,3111.653,2928.269,2751.269,2579.846,2413.221,2250.635,2091.346,1934.616,1779.704,1625.865,1472.342,1318.371,1163.187,1006.045,846.263,683.294,516.833,346.962,174.288,0.000,0.000,0.000,0.000,0.000,0.000,0.000,0.000,0.000,0.000,0.000,0.000,0.000,0.000,0.000,0.000,0.000
0.000,60000.000,60000.000,60000.000,60000.000,60000.000,60000.000,60000.000,60000.000,57541.264,55129.487,52808.824,50618.307,48590.294,46749.745,45114.182,43694.075,42493.416,41510.284,40737.298,40161.946,39766.897,39530.401,39426.973,39428.468,39505.541,39629.340,39773.115,39913.452,40030.923,40110.171,40139.538,40110.439,40016.632,39853.512,39617.506,39305.589,38914.933,38442.699,37885.947,37241.675,36506.990,35679.410,34757.309,33740.492,32630.868,31433.162,30155.524,28809.882,27411.862,25980.120,24535.134,23097.620,21686.942,20319.817,19009.521,17765.626,16594.163,15498.067,14477.763,13531.765,12657.238,11850.466,11107.226,10423.070,9793.528,9214.250,8681.092,8190.167,7737.877,7320.912,6936.254,6581.158,6253.138,5949.951,5669.570,5410.171,5170.111,4947.914,4742.248,4551.920,4375.851,4213.076,4062.724,3924.013,3796.239,3678.773,3571.047,3472.555,3382.844,3301.510,3228.195,3162.581,3104.389,3053.379,3009.339,2972.094,2941.494,2917.422,2899.784,2888.515,2883.575,2884.948,2892.646,2906.703,2927.179,2954.160,2987.758,3028.111,3075.387,3129.781,3191.521,3260.866,3338.112,3423.590,3517.674,3620.780,3733.372,3855.967,3989.137,4133.516,4289.810,4458.796,4641.337,4838.390,5051.015,5280.384,5527.799,5794.707,6082.711,6393.597,6729.348,7092.175,7484.539,7909.186,8369.178,8867.932,9409.265,9997.433,10637.188,11333.823,12093.229,12921.947,13827.208,14816.972,15899.933,17085.488,18383.645,19804.824,21359.505,23057.626,24907.620,26914.888,29079.444,31392.348,33830.476,36349.281,38874.138,41294.128,43470.551,45284.545,46726.274,47845.311,48704.529,49359.616,49853.814,50218.660,50476.228,50641.268,50722.790,50725.057,50648.068,50487.556,50234.513,49874.194,49384.536,48734.026,47879.455,46765.189,45328.406,43519.558,41348.413,38933.593,36413.549,33899.012,31464.475,29154.395,26991.832,24985.674,23135.864,21436.962,19880.496,18456.486,17154.414,15963.817,14874.647,13877.460,12963.517,12124.812,11354.063,10644.678,9990.713,9386.818,8828.183,8310.490,7829.857,7382.800,6966.184,6577.187,6213.266,5872.124,5551.685,5250.064,4965.549,4696.580,4441.729,4199.687,3969.246,3749.290,3538.777,3336.735,3142.245,2954.434,2772.468,2595.537,2422.849,2253.620,2087.067,1922.393,1758.780,1595.381,1431.312,1265.653,1097.458,925.794,749.821,568.943,383.049,192.826,0.000,0.000,0.000,0.000,0.000,0.000,0.000,0.000,0.000,0.000,0.000,0.000,0.000,0.000,0.000,0.000,0.000
0.000,60000.000,60000.000,60000.000,60000.000,60000.000,60000.000,60000.000,60000.000,57693.558,55426.778,53237.219,51158.537,49219.174,47441.618,45842.151,44430.965,43212.492,42185.801,41345.005,40679.651,40175.130,39813.180,39572.572,39430.011,39361.248,39342.288,39350.531,39365.665,39370.207,39349.668,39292.412,39189.294,39033.201,38818.565,38540.923,38196.547,37782.171,37294.819,36731.732,36090.398,35368.691,34565.107,33679.100,32711.495,31664.951,30544.409,29357.439,28114.383,26828.196,25513.928,24187.873,22866.505,21565.398,20298.322,19076.625,17908.952,16801.266,15757.080,14777.814,13863.215,13011.758,12221.013,11487.955,10809.212,10181.253,9600.527,9063.564,8567.038,8107.805,7682.933,7289.701,6925.608,6588.360,6275.865,5986.217,5717.683,5468.695,5237.829,5023.796,4825.432,4641.682,4471.595,4314.309,4169.051,4035.118,3911.882,3798.774,3695.285,3600.960,3515.390,3438.214,3369.109,3307.794,3254.023,3207.583,3168.293,3136.004,3110.594,3091.970,3080.065,3074.838,3076.276,3084.389,3099.215,3120.815,3149.279,3184.722,3227.287,3277.147,3334.502,3399.586,3472.666,3554.044,3644.060,3743.095,3851.574,3969.970,4098.808,4238.668,4390.193,4554.094,4731.156,4922.245,5128.321,5350.440,5589.771,5847.606,6125.371,6424.647,6747.178,7094.900,7469.952,7874.706,8311.789,8784.108,9294.886,9847.685,10446.446,11095.514,11799.677,12564.185,13394.774,14297.674,15279.588,16347.647,17509.309,18772.187,20143.765,21630.951,23239.413,24972.587,26830.252,28806.532,30887.187,33046.200,35241.972,37414.420,39486.026,41372.371,43006.960,44369.833,45476.904,46360.307,47054.767,47591.068,47993.921,48281.880,48467.985,48560.469,48563.307,48476.493,48296.048,48013.731,47616.503,47085.808,46396.947,45519.148,44417.699,43060.475,41431.535,39550.763,37484.501,35317.001,33125.627,30970.344,28892.651,26918.494,25062.047,23329.133,21719.922,20230.931,18856.446,17589.510,16422.595,15348.041,14358.338,13446.307,12605.192,11828.712,11111.076,10446.974,9831.562,9260.430,8729.574,8235.362,7774.502,7344.010,6941.179,6563.554,6208.904,5875.198,5560.588,5263.383,4982.036,4715.128,4461.348,4219.488,3988.423,3767.103,3554.542,3349.808,3152.014,2960.303,2773.846,2591.827,2413.433,2237.841,2064.209,1891.656,1719.250,1545.989,1370.783,1192.451,1009.726,821.327,626.123,423.498,213.978,0.000,0.000,0.000,0.000,0.000,0.000,0.000,0.000,0.000,0.000,0.000,0.000,0.000,0.000,0.000,0.000,0.000
0.000,60000.000,60000.000,60000.000,60000.000,60000.000,60000.000,60000.000,60000.000,57806.201,55646.868,53554.767,51559.484,49686.293,47955.455,46381.897,44975.211,43739.862,42675.505,41777.360,41036.619,40440.893,39974.728,39620.241,39357.880,39167.280,39028.169,38921.198,38828.619,38734.723,38626.041,38491.310,38321.293,38108.487,37846.804,37531.258,37157.693,36722.580,36222.874,35655.967,35019.702,34312.482,33533.446,32682.711,31761.662,30773.261,29722.318,28615.678,27462.255,26272.856,25059.773,23836.178,22615.382,21410.082,20231.712,19089.968,17992.558,16945.142,15951.445,15013.476,14131.803,13305.846,12534.154,11814.653,11144.857,10522.032,9943.331,9405.893,8906.907,8443.669,8013.609,7614.308,7243.512,6899.130,6579.234,6282.050,6005.954,5749.461,5511.215,5289.981,5084.636,4894.158,4717.619,4554.178,4403.072,4263.612,4135.173,4017.192,3909.164,3810.632,3721.190,3640.474,3568.162,3503.970,3447.652,3398.992,3357.809,3323.952,3297.299,3277.755,3265.254,3259.757,3261.248,3269.741,3285.273,3307.910,3337.742,3374.887,3419.493,3471.735,3531.819,3599.982,3676.495,3761.666,3855.841,3959.403,4072.784,4196.461,4330.961,4476.869,4634.830,4805.555,4989.826,5188.508,5402.549,5632.995,5880.998,6147.825,6434.871,6743.671,7075.916,7433.468,7818.376,8232.895,8679.504,9160.930,9680.167,10240.494,10845.500,11499.097,12205.535,12969.406,13795.640,14689.473,15656.404,16702.099,17832.253,19052.368,20367.430,21781.450,23296.812,24913.380,26627.314,28429.548,30303.969,32225.456,34158.271,36055.820,37863.455,39526.208,41001.348,42269.445,43332.414,44205.273,44908.321,45462.015,45884.317,46189.631,46388.565,46488.039,46491.452,46398.798,46206.662,45908.114,45492.534,44945.510,44249.074,43382.763,42326.267,41064.547,39595.646,37938.913,36136.971,34244.657,32316.496,30398.975,28527.734,26727.816,25015.265,23399.083,21883.053,20467.256,19149.256,17924.990,16789.420,15736.990,14761.954,13858.591,13021.348,12244.930,11524.350,10854.955,10232.432,9652.804,9112.415,8607.913,8136.232,7694.566,7280.353,6891.249,6525.114,6179.986,5854.070,5545.715,5253.404,4975.739,4711.425,4459.261,4218.128,3986.977,3764.820,3550.722,3343.786,3143.150,2947.973,2757.424,2570.672,2386.873,2205.148,2024.573,1844.148,1662.766,1479.181,1291.958,1099.436,899.721,690.785,470.878,239.603,0.000,0.000,0.000,0.000,0.000,0.000,0.000,0.000,0.000,0.000,0.000,0.000,0.000,0.000,0.000,0.000,0.000
0.000,60000.000,60000.000,60000.000,60000.000,60000.000,60000.000,60000.000,60000.000,57884.391,55799.747,53775.528,51838.376,50011.108,48312.069,46754.835,45348.193,44096.321,42999.084,42052.406,41248.677,40577.205,40024.715,39575.911,39214.119,38921.962,38682.053,38477.624,38293.046,38114.191,37928.632,37725.672,37496.263,37232.837,36929.099,36579.809,36180.593,35727.788,35218.345,34649.778,34020.185,33328.318,32573.717,31756.871,30879.423,29944.360,28956.174,27920.955,26846.363,25741.460,24616.394,23481.954,22349.037,21228.113,20128.753,19059.262,18026.456,17035.586,16090.372,15193.134,14344.970,13545.967,12795.404,12091.951,11433.835,10818.993,10245.183,9710.078,9211.340,8746.669,8313.840,7910.726,7535.319,7185.734,6860.210,6557.117,6274.945,6012.303,5767.913,5540.602,5329.299,5133.020,4950.872,4782.038,4625.777,4481.413,4348.336,4225.990,4113.877,4011.547,3918.596,3834.663,3759.428,3692.608,3633.956,3583.259,3540.335,3505.032,3477.231,3456.835,3443.780,3438.025,3439.559,3448.393,3464.568,3488.151,3519.233,3557.936,3604.409,3658.828,3721.403,3792.375,3872.016,3960.636,4058.583,4166.245,4284.051,4412.481,4552.061,4703.374,4867.061,5043.827,5234.447,5439.771,5660.733,5898.357,6153.767,6428.192,6722.983,7039.619,7379.717,7745.051,8137.560,8559.363,9012.774,9500.316,10024.731,10588.999,11196.337,11850.212,12554.333,13312.640,14129.277,15008.544,15954.824,16972.460,18065.602,19237.962,20492.496,21830.965,23253.358,24757.156,26336.416,27980.714,29674.017,31393.708,33110.154,34787.445,36386.069,37867.959,39203.074,40374.477,41378.323,42220.336,42911.514,43464.638,43891.987,44204.045,44408.892,44511.957,44515.955,44420.874,44223.982,43919.826,43500.311,42954.929,42271.387,41436.879,40440.382,39276.134,37947.927,36472.625,34880.171,33208.529,31497.106,29781.713,28091.890,26450.175,24872.525,23369.298,21946.374,20606.211,19348.763,18172.209,17073.540,16048.984,15094.338,14205.196,13377.120,12605.749,11886.877,11216.500,10590.843,10006.373,9459.799,8948.071,8468.368,8018.087,7594.828,7196.384,6820.718,6465.959,6130.379,5812.384,5510.500,5223.365,4949.709,4688.352,4438.190,4198.186,3967.360,3744.781,3529.557,3320.826,3117.747,2919.486,2725.209,2534.063,2345.158,2157.547,1970.191,1781.920,1591.370,1396.898,1196.455,987.429,766.488,529.670,273.573,0.000,0.000,0.000,0.000,0.000,0.000,0.000,0.000,0.000,0.000,0.000,0.000,0.000,0.000,0.000,0.000,0.000
0.000,60000.000,60000.000,60000.000,60000.000,60000.000,60000.000,60000.000,60000.000,57931.631,55892.224,53909.254,52007.427,50207.745,48526.938,46977.249,45566.483,44298.229,43172.197,42184.604,41328.588,40594.656,39971.140,39444.701,39000.862,38624.544,38300.613,38014.361,37751.916,37500.538,37248.804,36986.669,36705.442,36397.700,36057.152,35678.497,35257.296,34789.858,34273.167,33704.848,33083.177,32407.132,31676.478,30891.886,30055.057,29168.841,28237.328,27265.875,26261.055,25230.504,24182.673,23126.493,22070.985,21024.873,19996.223,18992.169,18018.721,17080.678,16181.631,15324.028,14509.291,13737.965,13009.865,12324.230,11679.863,11075.247,10508.654,9978.225,9482.038,9018.160,8584.688,8179.772,7801.642,7448.612,7119.096,6811.603,6524.746,6257.235,6007.874,5775.562,5559.281,5358.099,5171.158,4997.675,4836.932,4688.277,4551.115,4424.905,4309.159,4203.434,4107.335,4020.506,3942.631,3873.430,3812.659,3760.107,3715.593,3678.969,3650.113,3628.932,3615.362,3609.365,3610.927,3620.064,3636.817,3661.253,3693.467,3733.579,3781.741,3838.130,3902.958,3976.465,4058.925,4150.649,4251.982,4363.312,4485.068,4617.725,4761.804,4917.882,5086.592,5268.626,5464.744,5675.779,5902.639,6146.319,6407.905,6688.581,6989.641,7312.493,7658.673,8029.851,8427.843,8854.618,9312.309,9803.222,10329.840,10894.829,11501.034,12151.478,12849.341,13597.939,14400.679,15261.000,16182.279,17167.709,18220.124,19341.772,20534.014,21796.937,23128.878,24525.844,25980.852,27483.242,29018.038,30565.561,32101.542,33598.085,35025.761,36356.821,37568.845,38647.397,39586.394,40386.561,41053.085,41593.363,42015.272,42325.996,42531.326,42635.272,42639.866,42545.097,42348.899,42047.239,41634.297,41102.858,40445.018,39653.344,38722.613,37652.054,36447.687,35123.876,33702.958,32212.589,30682.102,29139.303,27608.371,26108.906,24655.805,23259.661,21927.387,20662.912,19467.836,18342.010,17284.014,16291.538,15361.687,14491.207,13676.658,12914.539,12201.378,11533.792,10908.532,10322.506,9772.795,9256.658,8771.533,8315.030,7884.931,7479.173,7095.845,6733.174,6389.517,6063.347,5753.248,5457.901,5176.075,4906.620,4648.457,4400.570,4161.995,3931.816,3709.153,3493.157,3282.995,3077.845,2876.882,2679.264,2484.112,2290.486,2097.353,1903.540,1707.652,1507.957,1302.184,1087.156,858.148,607.791,325.037,0.000,0.000,0.000,0.000,0.000,0.000,0.000,0.000,0.000,0.000,0.000,0.000,0.000,0.000,0.000,0.000,0.000
0.000,60000.000,60000.000,60000.000,60000.000,60000.000,60000.000,60000.000,60000.000,57949.923,55928.290,53961.871,52074.378,50285.561,48610.752,47060.814,45642.342,44358.007,43206.973,42185.332,41286.535,40501.815,39820.619,39231.035,38720.231,38274.897,37881.658,37527.463,37199.896,36887.428,36579.570,36266.954,35941.342,35595.581,35223.527,34819.954,34380.466,33901.416,33379.857,32813.516,32200.796,31540.810,30833.439,30079.404,29280.348,28438.896,27558.704,26644.449,25701.767,24737.121,23757.600,22770.661,21783.845,20804.478,19839.410,18894.786,17975.898,17087.098,16231.773,15412.383,14630.533,13887.070,13182.195,12515.581,11886.479,11293.822,10736.307,10212.477,9720.774,9259.595,8827.330,8422.387,8043.218,7688.334,7356.314,7045.812,6755.562,6484.377,6231.150,5994.852,5774.529,5569.299,5378.351,5200.935,5036.366,4884.015,4743.309,4613.725,4494.787,4386.066,4287.175,4197.767,4117.531,4046.194,3983.516,3929.289,3883.337,3845.511,3815.694,3793.795,3779.749,3773.521,3775.099,3784.499,3801.763,3826.959,3860.183,3901.555,3951.228,4009.380,4076.220,4151.988,4236.959,4331.440,4435.775,4550.346,4675.579,4811.939,4959.944,5120.156,5293.196,5479.739,5680.526,5896.363,6128.129,6376.781,6643.359,6928.994,7234.914,7562.450,7913.044,8288.252,8689.758,9119.372,9579.039,10070.841,10596.998,11159.862,11761.914,12405.745,13094.035,13829.516,14614.922,15452.917,16346.003,17296.390,18305.828,19375.402,20505.262,21694.302,22939.781,24236.892,25578.309,26953.762,28349.727,29749.345,31132.754,32477.973,33762.446,34965.094,36068.460,37060.239,37933.661,38686.797,39321.268,39840.824,40250.107,40553.708,40755.515,40858.307,40863.514,40771.120,40579.658,40286.315,39887.164,39377.578,38752.877,38009.267,37145.082,36162.194,35067.310,33872.665,32595.634,31257.209,29879.862,28485.483,27093.851,25721.743,24382.606,23086.637,21841.090,20650.703,19518.153,18444.479,17429.466,16471.967,15570.166,14721.787,13924.266,13174.871,12470.800,11809.253,11187.479,10602.814,10052.704,9534.716,9046.551,8586.042,8151.157,7739.992,7350.768,6981.823,6631.607,6298.672,5981.668,5679.330,5390.475,5113.992,4848.834,4594.015,4348.597,4111.685,3882.423,3659.979,3443.544,3232.316,3025.497,2822.270,2621.793,2423.168,2225.419,2027.438,1827.923,1625.260,1417.309,1200.982,971.246,718.371,418.809,0.000,0.000,0.000,0.000,0.000,0.000,0.000,0.000,0.000,0.000,0.000,0.000,0.000,0.000,0.000,0.000,0.000
0.000,60000.000,60000.000,60000.000,60000.000,60000.000,60000.000,60000.000,60000.000,57939.785,55909.171,53935.597,52042.703,50249.426,48569.762,47012.992,45584.152,44284.580,43112.461,42063.332,41130.527,40305.584,39578.629,38938.737,38374.289,37873.318,37423.834,37014.116,36632.966,36269.902,35915.296,35560.446,35197.608,34819.977,34421.650,33997.563,33543.439,33055.730,32531.584,31968.823,31365.946,30722.144,30037.339,29312.227,28548.320,27747.982,26914.438,26051.749,25164.749,24258.924,23340.257,22415.023,21489.575,20570.112,19662.482,18772.000,17903.325,17060.381,16246.321,15463.545,14713.737,13997.937,13316.618,12669.775,12057.010,11477.614,10930.639,10414.965,9929.351,9472.485,9043.019,8639.598,8260.882,7905.566,7572.389,7260.145,6967.690,6693.939,6437.875,6198.546,5975.064,5766.602,5572.394,5391.733,5223.966,5068.494,4924.768,4792.284,4670.585,4559.255,4457.920,4366.243,4283.921,4210.689,4146.313,4090.589,4043.346,4004.438,3973.752,3951.197,3936.714,3930.266,3931.845,3941.467,3959.174,3985.037,4019.149,4061.633,4112.638,4172.344,4240.957,4318.716,4405.890,4502.785,4609.739,4727.130,4855.372,4994.924,5146.290,5310.019,5486.714,5677.029,5881.680,6101.441,6337.158,6589.741,6860.183,7149.551,7459.003,7789.783,8143.232,8520.791,8924.001,9354.511,9814.073,10304.546,10827.888,11386.149,11981.457,12615.997,13291.983,14011.613,14777.018,15590.187,16452.871,17366.461,18331.839,19349.187,20417.769,21535.666,22699.488,23904.067,25142.157,26404.197,27678.185,28949.760,30202.572,31419.023,32581.368,33673.059,34680.070,35591.846,36401.618,37106.101,37704.769,38198.962,38591.030,38883.619,39079.127,39179.335,39185.175,39096.628,38912.717,38631.619,38250.891,37767.844,37180.080,36486.207,35686.700,34784.782,33787.156,32704.305,31550.176,30341.234,29095.141,27829.411,26560.308,25302.113,24066.751,22863.706,21700.150,20581.181,19510.119,18488.813,17517.934,16597.230,15725.752,14902.041,14124.279,13390.407,12698.226,12045.466,11429.839,10849.087,10301.003,9783.460,9294.417,8831.930,8394.157,7979.358,7585.892,7212.215,6856.880,6518.523,6195.868,5887.715,5592.932,5310.455,5039.281,4778.456,4527.077,4284.279,4049.234,3821.141,3599.218,3382.699,3170.821,2962.816,2757.894,2555.233,2353.953,2153.089,1951.544,1748.030,1540.968,1328.350,1107.594,875.715,631.866,393.515,287.105,228.457,190.201,162.119,139.809,121.112,104.839,90.279,76.969,64.592,52.917,41.770,31.012,20.530,10.222,0.000
0.000,60000.000,60000.000,60000.000,60000.000,60000.000,60000.000,60000.000,60000.000,57900.064,55833.040,53828.682,51911.462,50099.739,48405.948,46837.323,45396.788,44083.802,42895.073,41825.131,40866.787,40011.505,39249.724,38571.152,37965.036,37420.429,36926.426,36472.392,36048.148,35644.126,35251.479,34862.146,34468.893,34065.306,33645.774,33205.458,32740.251,32246.741,31722.191,31164.520,30572.300,29944.765,29281.837,28584.139,27853.024,27090.581,26299.627,25483.677,24646.874,23793.894,22929.809,22059.935,21189.656,20324.256,19468.750,18627.755,17805.374,17005.134,16229.945,15482.100,14763.298,14074.690,13416.934,12790.263,12194.546,11629.362,11094.050,10587.773,10109.563,9658.360,9233.051,8832.492,8455.536,8101.049,7767.923,7455.085,7161.507,6886.209,6628.263,6386.793,6160.978,5950.049,5753.290,5570.037,5399.673,5241.631,5095.387,4960.462,4836.417,4722.855,4619.414,4525.770,4441.630,4366.737,4300.866,4243.819,4195.428,4155.555,4124.088,4100.941,4086.056,4079.399,4080.962,4090.764,4108.848,4135.282,4170.161,4213.608,4265.769,4326.822,4396.970,4476.450,4565.526,4664.498,4773.697,4893.491,5024.286,5166.528,5320.707,5487.353,5667.048,5860.422,6068.162,6291.008,6529.762,6785.291,7058.527,7350.475,7662.214,7994.898,8349.766,8728.133,9131.402,9561.055,10018.656,10505.844,11024.323,11575.853,12162.233,12785.270,13446.752,14148.401,14891.819,15678.411,16509.300,17385.213,18306.346,19272.205,20281.426,21331.568,22418.902,23538.191,24682.515,25843.142,27009.513,28169.389,29309.200,30414.628,31471.390,32466.148,33387.360,34225.898,34975.305,35631.663,36193.188,36659.667,37031.876,37311.055,37498.486,37595.179,37601.677,37517.954,37343.420,37077.015,36717.405,36263.299,35713.866,35069.263,34331.214,33503.572,32592.725,31607.727,30560.041,29462.927,28330.580,27177.239,26016.390,24860.191,23719.121,22601.833,21515.175,20464.307,19452.886,18483.281,17556.787,16673.826,15834.132,15036.907,14280.959,13564.811,12886.789,12245.098,11637.875,11063.236,10519.305,10004.243,9516.259,9053.631,8614.705,8197.904,7801.732,7424.765,7065.663,6723.154,6396.041,6083.191,5783.534,5496.059,5219.808,4953.871,4697.382,4449.515,4209.475,3976.498,3749.842,3528.780,3312.598,3100.585,2892.025,2686.190,2482.329,2279.659,2077.353,1874.545,1670.357,1464.011,1255.194,1045.132,839.503,655.148,526.500,436.563,370.266,318.497,276.034,239.822,207.988,179.327,153.022,128.494,105.316,83.159,61.756,40.888,20.361,0.000
0.000,60000.000,60000.000,60000.000,60000.000,60000.000,60000.000,60000.000,60000.000,57827.449,55694.272,53634.673,51674.777,49832.185,48117.046,46533.653,45081.974,43758.876,42559.015,41475.460,40500.124,39624.073,38837.768,38131.276,37494.450,36917.118,36389.241,35901.077,35443.316,35007.193,34584.570,34167.999,33750.752,33326.825,32890.936,32438.505,31965.630,31469.065,30946.201,30395.053,29814.259,29203.079,28561.408,27889.779,27189.372,26462.009,25710.137,24936.787,24145.514,23340.309,22525.496,21705.600,20885.213,20068.860,19260.870,18465.259,17685.651,16925.209,16186.600,15471.989,14783.046,14120.974,13486.554,12880.185,12301.944,11751.631,11228.821,10732.913,10263.168,9818.745,9398.736,9002.188,8628.128,8275.580,7943.578,7631.175,7337.457,7061.542,6802.589,6559.801,6332.422,6119.744,5921.100,5735.871,5563.479,5403.389,5255.108,5118.181,4992.191,4876.757,4771.536,4676.215,4590.515,4514.190,4447.020,4388.817,4339.420,4298.694,4266.532,4242.853,4227.599,4220.742,4222.273,4232.212,4250.604,4277.516,4313.043,4357.304,4410.446,4472.642,4544.094,4625.030,4715.711,4816.428,4927.504,5049.298,5182.202,5326.648,5483.107,5652.091,5834.157,6029.908,6239.997,6465.126,6706.055,6963.597,7238.626,7532.077,7844.948,8178.304,8533.273,8911.051,9312.897,9740.132,10194.135,10676.332,11188.190,11731.195,12306.838,12916.585,13561.842,14243.911,14963.935,15722.829,16521.198,17359.237,18236.617,19152.352,20104.652,21090.771,22106.848,23147.769,24207.058,25276.828,26347.819,27409.566,28450.696,29459.378,30423.895,31333.262,32177.800,32949.560,33642.517,34252.536,34777.131,35215.121,35566.232,35830.723,36009.067,36101.706,36108.888,36030.585,35866.493,35616.115,35278.919,34854.588,34343.336,33746.283,33065.846,32306.096,31472.981,30574.376,29619.882,28620.403,27587.572,26533.138,25468.390,24403.714,23348.285,22309.913,21294.995,20308.571,19354.425,18435.228,17552.698,16707.748,15900.633,15131.086,14398.430,13701.676,13039.606,12410.844,11813.907,11247.252,10709.310,10198.511,9713.306,9252.183,8813.673,8396.363,7998.896,7619.976,7258.368,6912.897,6582.447,6265.960,5962.431,5670.904,5390.474,5120.278,4859.495,4607.338,4363.056,4125.924,3895.244,3670.339,3450.548,3235.227,3023.740,2815.465,2609.789,2406.119,2203.899,2002.658,1802.100,1602.314,1404.192,1210.246,1025.973,861.166,727.262,621.095,535.862,465.620,406.055,354.195,308.000,266.049,227.323,191.069,156.714,123.806,91.976,60.911,30.336,0.000
0.000,60000.000,60000.000,60000.000,60000.000,60000.000,60000.000,60000.000,60000.000,57715.478,55481.959,53341.006,51320.844,49437.247,47696.478,46098.360,44638.682,43310.826,42106.776,41017.707,40034.322,39147.048,38346.165,37621.906,36964.556,36364.544,35812.543,35299.569,34817.066,34356.984,33911.843,33474.772,33039.540,32600.562,32152.905,31692.268,31214.980,30717.976,30198.787,29655.531,29086.908,28492.197,27871.255,27224.520,26553.004,25858.282,25142.466,24408.166,23658.433,22896.688,22126.626,21352.118,20577.104,19805.476,19040.985,18287.142,17547.147,16823.837,16119.648,15436.605,14776.319,14140.008,13528.524,12942.386,12381.821,11846.806,11337.104,10852.306,10391.867,9955.135,9541.379,9149.818,8779.632,8429.991,8100.060,7789.009,7496.031,7220.341,6961.181,6717.830,6489.599,6275.836,6075.929,5889.303,5715.418,5553.777,5403.914,5265.401,5137.845,5020.886,4914.196,4817.479,4730.468,4652.929,4584.651,4525.454,4475.184,4433.713,4400.939,4376.784,4361.194,4354.143,4355.624,4365.659,4384.290,4411.587,4447.643,4492.574,4546.525,4609.664,4682.189,4764.323,4856.319,4958.460,5071.058,5194.459,5329.042,5475.223,5633.452,5804.219,5988.055,6185.533,6397.268,6623.926,6866.216,7124.900,7400.788,7694.745,8007.688,8340.587,8694.465,9070.395,9469.499,9892.941,10341.920,10817.665,11321.414,11854.405,12417.848,13012.901,13640.633,14301.979,14997.694,15728.286,16493.940,17294.436,18129.051,18996.450,19894.577,20820.532,21770.467,22739.496,23721.637,24709.806,25695.885,26670.875,27625.151,28548.805,29432.062,30265.716,31041.531,31752.535,32393.181,32959.345,33448.194,33857.971,34187.726,34437.058,34605.875,34694.215,34702.112,34629.535,34476.387,34242.570,33928.110,33533.346,33059.160,32507.242,31880.355,31182.550,30419.298,29597.494,28725.292,27811.818,26866.762,25899.949,24920.922,23938.594,22961.003,21995.150,21046.939,20121.176,19221.633,18351.131,17511.652,16704.455,15930.188,15188.997,14480.619,13804.473,13159.730,12545.375,11960.263,11403.158,10872.769,10367.778,9886.859,9428.702,8992.016,8575.545,8178.072,7798.424,7435.476,7088.149,6755.413,6436.283,6129.823,5835.140,5551.382,5277.737,5013.431,4757.725,4509.909,4269.307,4035.266,3807.162,3584.392,3366.380,3152.574,2942.453,2735.537,2531.403,2329.722,2130.321,1933.285,1739.147,1549.185,1365.837,1193.112,1036.395,900.392,784.782,686.546,602.138,528.435,462.957,403.817,349.588,299.188,251.775,206.690,163.395,121.444,80.451,40.075,0.000
0.000,60000.000,60000.000,60000.000,60000.000,60000.000,60000.000,60000.000,60000.000,57552.526,55177.114,52926.594,50830.408,48899.555,47133.344,45524.724,44063.677,42739.091,41539.687,40454.411,39472.561,38583.796,37778.109,37045.811,36377.515,35764.159,35197.029,34667.810,34168.622,33692.072,33231.290,32779.959,32332.333,31883.250,31428.128,30962.967,30484.337,29989.369,29475.744,28941.688,28385.965,27807.869,27207.225,26584.378,25940.185,25275.998,24593.632,23895.336,23183.730,22461.752,21732.574,20999.523,20265.990,19535.344,18810.844,18095.571,17392.357,16703.746,16031.958,15378.874,14746.030,14134.631,13545.566,12979.434,12436.574,11917.094,11420.911,10947.772,10497.293,10068.983,9662.266,9276.508,8911.032,8565.135,8238.102,7929.214,7637.764,7363.055,7104.413,6861.188,6632.756,6418.523,6217.929,6030.443,5855.568,5692.838,5541.822,5402.118,5273.357,5155.201,5047.339,4949.492,4861.408,4782.863,4713.658,4653.622,4602.609,4560.496,4527.188,4502.610,4486.715,4479.474,4480.887,4490.974,4509.778,4537.368,4573.835,4619.294,4673.885,4737.773,4811.149,4894.230,4987.261,5090.513,5204.288,5328.920,5464.770,5612.235,5771.746,5943.767,6128.803,6327.391,6540.114,6767.590,7010.484,7269.500,7545.386,7838.934,8150.981,8482.403,8834.118,9207.082,9602.281,10020.730,10463.462,10931.516,11425.923,11947.691,12497.779,13077.071,13686.340,14326.213,14997.115,15699.219,16432.378,17196.056,17989.240,18810.364,19657.216,20526.854,21415.534,22318.654,23230.731,24145.418,25055.582,25953.441,26830.771,27679.173,28490.376,29256.555,29970.616,30626.414,31218.875,31744.016,32198.879,32581.393,32890.197,33124.462,33283.720,33367.729,33376.375,33309.624,33167.522,32950.244,32658.186,32292.110,31853.303,31343.765,30766.380,30125.052,29424.778,28671.621,27872.594,27035.437,26168.336,25279.607,24377.389,23469.378,22562.625,21663.392,20777.080,19908.212,19060.452,18236.662,17438.977,16668.885,15927.320,15214.743,14531.224,13876.514,13250.108,12651.304,12079.249,11532.980,11011.457,10513.591,10038.266,9584.357,9150.743,8736.320,8340.006,7960.748,7597.530,7249.367,6915.317,6594.471,6285.963,5988.963,5702.675,5426.343,5159.242,4900.679,4649.995,4406.558,4169.766,3939.048,3713.860,3493.692,3278.070,3066.566,2858.813,2654.526,2453.541,2255.872,2061.805,1872.020,1687.758,1510.983,1344.397,1191.050,1053.252,931.205,823.501,728.041,642.667,565.451,494.784,429.355,368.110,310.193,254.906,201.665,149.970,99.385,49.518,0.000
0.000,60000.000,60000.000,60000.000,60000.000,60000.000,60000.000,60000.000,60000.000,57317.532,54747.414,52357.900,50174.703,48197.299,46412.708,44803.619,43352.325,42042.300,40858.607,39787.839,38817.876,37937.634,37136.847,36405.904,35735.736,35117.756,34543.826,34006.247,33497.777,33011.638,32541.542,32081.705,31626.857,31172.255,30713.677,30247.430,29770.335,29279.728,28773.449,28249.838,27707.725,27146.428,26565.743,25965.933,25347.718,24712.252,24061.098,23396.187,22719.778,22034.399,21342.784,20647.802,19952.388,19259.467,18571.885,17892.350,17223.378,16567.251,15925.987,15301.327,14694.724,14107.352,13540.110,12993.648,12468.384,11964.529,11482.116,11021.023,10580.999,10161.687,9762.647,9383.372,9023.309,8681.873,8358.456,8052.442,7763.215,7490.164,7232.691,6990.216,6762.177,6548.038,6347.287,6159.440,5984.039,5820.655,5668.887,5528.362,5398.736,5279.692,5170.940,5072.215,4983.283,4903.930,4833.971,4773.243,4721.608,4678.952,4645.183,4620.234,4604.058,4596.632,4597.957,4608.052,4626.963,4654.756,4691.520,4737.368,4792.436,4856.883,4930.895,5014.680,5108.473,5212.537,5327.160,5452.659,5589.382,5737.704,5898.033,6070.809,6256.504,6455.627,6668.717,6896.353,7139.147,7397.748,7672.842,7965.149,8275.424,8604.454,8953.054,9322.066,9712.349,10124.777,10560.224,11019.557,11503.617,12013.205,12549.056,13111.814,13701.999,14319.973,14965.891,15639.656,16340.861,17068.731,17822.053,18599.115,19397.635,20214.702,21046.730,21889.426,22737.784,23586.123,24428.154,25257.107,26065.894,26847.314,27594.288,28300.087,28958.542,29564.209,30112.466,30599.546,31022.498,31379.111,31667.796,31887.464,32037.408,32117.202,32126.634,32065.668,31934.442,31733.308,31462.897,31124.225,30718.802,30248.765,29716.982,29127.141,28483.782,27792.267,27058.677,26289.657,25492.201,24673.420,23840.317,22999.577,22157.402,21319.389,20490.459,19674.822,18875.984,18096.773,17339.391,16605.471,15896.145,15212.112,14553.699,13920.926,13313.556,12731.152,12173.113,11638.715,11127.142,10637.512,10168.898,9720.351,9290.907,8879.605,8485.493,8107.635,7745.118,7397.054,7062.585,6740.881,6431.143,6132.606,5844.536,5566.227,5297.008,5036.236,4783.299,4537.614,4298.629,4065.823,3838.711,3616.842,3399.814,3187.278,2978.955,2774.660,2574.335,2378.096,2186.297,1999.601,1819.060,1646.135,1482.620,1330.318,1190.507,1063.417,948.331,843.965,748.835,661.482,580.586,505.002,433.758,366.030,301.116,238.417,177.407,117.615,58.614,0.000
0.000,60000.000,60000.000,60000.000,60000.000,60000.000,60000.000,60000.000,60000.000,56970.212,54137.151,51582.942,49313.272,47302.312,45516.666,43924.825,42499.827,41219.308,40064.748,39020.617,38073.636,37212.195,36425.929,35705.418,35041.977,34427.524,33854.498,33315.815,32804.848,32315.417,31841.801,31378.734,30921.419,30465.525,30007.196,29543.047,29070.160,28586.081,28088.816,27576.824,27049.012,26504.725,25943.741,25366.255,24772.871,24164.572,23542.700,22908.923,22265.189,21613.681,20956.762,20296.921,19636.705,18978.666,18325.299,17678.992,17041.984,16416.324,15803.848,15206.162,14624.632,14060.387,13514.323,12987.116,12479.238,11990.979,11522.461,11073.667,10644.456,10234.586,9843.729,9471.492,9117.430,8781.063,8461.880,8159.359,7872.966,7602.172,7346.450,7105.286,6878.178,6664.645,6464.224,6276.473,6100.976,5937.339,5785.192,5644.192,5514.019,5394.377,5284.998,5185.634,5096.065,5016.092,4945.541,4884.260,4832.118,4789.010,4754.851,4729.576,4713.144,4705.535,4706.750,4716.812,4735.763,4763.670,4800.621,4846.723,4902.109,4966.933,5041.372,5125.627,5219.923,5324.512,5439.666,5565.690,5702.910,5851.683,6012.393,6185.452,6371.304,6570.420,6783.304,7010.488,7252.535,7510.040,7783.624,8073.937,8381.657,8707.481,9052.128,9416.330,9800.828,10206.361,10633.660,11083.432,11556.348,12053.023,12573.996,13119.701,13690.445,14286.366,14907.399,15553.234,16223.263,16916.539,17631.715,18366.998,19120.097,19888.181,20667.853,21455.129,22245.454,23033.733,23814.405,24581.541,25328.984,26050.504,26739.980,27391.569,27999.864,28560.024,29067.849,29519.817,29913.073,30245.377,30515.034,30720.816,30861.873,30937.668,30947.928,30892.611,30771.915,30586.295,30336.522,30023.745,29649.577,29216.174,28726.310,28183.421,27591.622,26955.669,26280.878,25573.005,24838.084,24082.254,23311.585,22531.917,21748.724,20967.014,20191.255,19425.347,18672.602,17935.770,17217.057,16518.175,15840.390,15184.571,14551.243,13940.638,13352.741,12787.333,12244.029,11722.313,11221.566,10741.090,10280.133,9837.902,9413.582,9006.345,8615.361,8239.806,7878.869,7531.753,7197.682,6875.905,6565.693,6266.342,5977.178,5697.553,5426.844,5164.461,4909.838,4662.441,4421.767,4187.345,3958.739,3735.557,3517.455,3304.146,3095.418,2891.154,2691.354,2496.173,2305.958,2121.284,1942.978,1772.096,1609.825,1457.277,1315.205,1183.775,1062.574,950.776,847.336,751.153,661.161,576.385,495.956,419.104,345.156,273.516,203.648,135.070,67.329,0.000
0.000,60000.000,60000.000,60000.000,60000.000,60000.000,60000.000,60000.000,60000.000,56426.192,53248.076,50523.505,48193.204,46182.099,44426.920,42879.301,41502.977,40270.495,39160.609,38156.408,37244.030,36411.765,35649.453,34948.070,34299.447,33696.091,33131.065,32597.915,32090.637,31603.649,31131.786,30670.297,30214.851,29761.531,29306.846,28847.720,28381.502,27905.954,27419.251,26919.981,26407.130,25880.083,25338.609,24782.853,24213.320,23630.851,23036.603,22432.017,21818.779,21198.782,20574.080,19946.836,19319.273,18693.624,18072.087,17456.776,16849.685,16252.659,15667.369,15095.294,14537.713,13995.703,13470.144,12961.721,12470.945,11998.158,11543.556,11107.205,10689.052,10288.951,9906.672,9541.919,9194.343,8863.554,8549.132,8250.635,7967.610,7699.600,7446.145,7206.792,6981.099,6768.635,6568.985,6381.749,6206.551,6043.031,5890.851,5749.695,5619.269,5499.301,5389.541,5289.760,5199.753,5119.336,5048.345,4986.640,4934.100,4890.626,4856.139,4830.581,4813.915,4806.122,4807.207,4817.191,4836.119,4864.055,4901.083,4947.310,5002.861,5067.885,5142.552,5227.054,5321.606,5426.444,5541.831,5668.052,5805.416,5954.258,6114.938,6287.840,6473.378,6671.989,6884.135,7110.306,7351.017,7606.804,7878.231,8165.878,8470.346,8792.249,9132.213,9490.868,9868.843,10266.754,10685.200,11124.745,11585.905,12069.132,12574.792,13103.144,13654.309,14228.244,14824.707,15443.219,16083.025,16743.055,17421.881,18117.678,18828.187,19550.691,20281.990,21018.405,21755.792,22489.576,23214.817,23926.297,24618.626,25286.372,25924.195,26526.980,27089.960,27608.814,28079.731,28499.449,28865.249,29174.940,29426.804,29619.552,29752.263,29824.338,29835.467,29785.608,29674.987,29504.118,29273.836,28985.347,28640.281,28240.745,27789.366,27289.321,26744.330,26158.624,25536.882,24884.125,24205.603,23506.658,22792.587,22068.519,21339.304,20609.427,19882.945,19163.450,18454.054,17757.391,17075.635,16410.526,15763.411,15135.278,14526.801,13938.376,13370.166,12822.133,12294.077,11785.657,11296.426,10825.852,10373.336,9938.230,9519.853,9117.502,8730.461,8358.012,7999.439,7654.035,7321.105,6999.972,6689.973,6390.472,6100.850,5820.514,5548.895,5285.449,5029.659,4781.039,4539.130,4303.508,4073.786,3849.617,3630.708,3416.820,3207.789,3003.534,2804.085,2609.596,2420.369,2236.871,2059.725,1889.679,1727.524,1573.960,1429.443,1294.069,1167.566,1049.364,938.704,834.741,736.617,643.508,554.648,469.336,386.939,306.879,228.630,151.703,75.639,0.000
0.000,60000.000,60000.000,60000.000,60000.000,60000.000,60000.000,60000.000,60000.000,55486.509,51905.505,49069.861,46754.020,44806.051,43129.722,41662.602,40362.416,39199.233,38150.942,37200.548,36334.491,35541.573,34812.252,34138.176,33511.877,32926.566,32375.999,31854.400,31356.403,30877.032,30411.680,29956.112,29506.458,29059.215,28611.255,28159.816,27702.511,27237.324,26762.607,26277.078,25779.812,25270.241,24748.140,24213.617,23667.099,23109.310,22541.252,21964.175,21379.546,20789.014,20194.370,19597.503,19000.364,18404.915,17813.098,17226.791,16647.777,16077.721,15518.141,14970.400,14435.694,13915.044,13409.304,12919.161,12445.144,11987.638,11546.891,11123.033,10716.089,10325.989,9952.586,9595.668,9254.969,8930.181,8620.960,8326.942,8047.746,7782.978,7532.243,7295.147,7071.300,6860.321,6661.840,6475.500,6300.959,6137.894,5985.997,5844.981,5714.575,5594.531,5484.618,5384.627,5294.367,5213.668,5142.380,5080.373,5027.535,4983.774,4949.019,4923.216,4906.333,4898.355,4899.287,4909.151,4927.993,4955.874,4992.875,5039.101,5094.671,5159.727,5234.432,5318.967,5413.537,5518.367,5633.703,5759.814,5896.989,6045.542,6205.809,6378.146,6562.935,6760.578,6971.501,7196.148,7434.985,7688.498,7957.189,8241.572,8542.176,8859.536,9194.190,9546.673,9917.510,10307.206,10716.238,11145.041,11593.996,12063.411,12553.505,13064.384,13596.017,14148.213,14720.587,15312.533,15923.189,16551.404,17195.708,17854.280,18524.922,19205.044,19891.653,20581.355,21270.380,21954.611,22629.643,23290.858,23933.509,24552.823,25144.110,25702.861,26224.852,26706.212,27143.489,27533.674,27874.217,28163.013,28398.379,28579.017,28703.983,28772.652,28784.697,28740.073,28639.019,28482.069,28270.077,28004.252,27686.185,27317.890,26901.826,26440.908,25938.496,25398.367,24824.654,24221.768,23594.308,22946.951,22284.352,21611.037,20931.317,20249.218,19568.421,18892.229,18223.548,17564.881,16918.338,16285.656,15668.220,15067.099,14483.070,13916.660,13368.170,12837.712,12325.236,11830.553,11353.367,10893.286,10449.851,10022.543,9610.803,9214.044,8831.655,8463.017,8107.505,7764.497,7433.374,7113.532,6804.375,6505.326,6215.826,5935.334,5663.332,5399.325,5142.841,4893.439,4650.703,4414.251,4183.739,3958.862,3739.365,3525.045,3315.769,3111.479,2912.207,2718.086,2529.364,2346.397,2169.644,1999.625,1836.867,1681.813,1534.736,1395.676,1264.425,1140.562,1023.512,912.614,807.167,706.477,609.873,516.724,426.440,338.476,252.320,167.491,83.531,0.000
0.000,60000.000,60000.000,60000.000,60000.000,60000.000,60000.000,60000.000,60000.000,53614.374,49817.624,47096.483,44947.047,43158.464,41623.426,40279.093,39084.993,38013.231,37043.542,36160.525,35352.002,34607.986,33920.016,33280.727,32683.552,32122.538,31592.222,31087.547,30603.819,30136.678,29682.086,29236.317,28795.966,28357.940,27919.472,27478.116,27031.751,26578.582,26117.141,25646.282,25165.178,24673.315,24170.487,23656.778,23132.556,22598.452,22055.340,21504.311,20946.648,20383.796,19817.324,19248.892,18680.216,18113.033,17549.062,16989.979,16437.384,15892.779,15357.551,14832.955,14320.103,13819.964,13333.360,12860.969,12403.332,11960.858,11533.838,11122.453,10726.787,10346.837,9982.525,9633.710,9300.199,8981.753,8678.102,8388.947,8113.970,7852.842,7605.224,7370.775,7149.156,6940.033,6743.078,6557.974,6384.417,6222.114,6070.790,5930.182,5800.047,5680.157,5570.303,5470.291,5379.949,5299.120,5227.666,5165.467,5112.422,5068.448,5033.478,5007.466,4990.381,4982.213,4982.969,4992.672,5011.365,5039.110,5075.985,5122.089,5177.538,5242.466,5317.027,5401.394,5495.760,5600.337,5715.355,5841.067,5977.743,6125.675,6285.172,6456.566,6640.206,6836.460,7045.716,7268.375,7504.859,7755.598,8021.039,8301.634,8597.843,8910.125,9238.938,9584.728,9947.924,10328.931,10728.116,11145.802,11582.247,12037.636,12512.061,13005.499,13517.797,14048.640,14597.536,15163.782,15746.441,16344.315,16955.921,17579.468,18212.836,18853.574,19498.888,20145.653,20790.434,21429.519,22058.966,22674.665,23272.412,23847.990,24397.250,24916.198,25401.071,25848.396,26255.041,26618.249,26935.642,27205.232,27425.399,27594.876,27712.726,27778.323,27791.333,27751.710,27659.691,27515.809,27320.906,27076.155,26783.078,26443.570,26059.910,25634.762,25171.159,24672.477,24142.383,23584.774,23003.700,22403.284,21787.632,21160.759,20526.513,19888.511,19250.097,18614.303,17983.833,17361.051,16747.985,16146.341,15557.516,14982.623,14422.516,13877.814,13348.928,12836.091,12339.376,11858.724,11393.963,10944.831,10510.986,10092.026,9687.505,9296.936,8919.810,8555.597,8203.758,7863.750,7535.030,7217.060,6909.309,6611.259,6322.406,6042.262,5770.358,5506.244,5249.493,4999.706,4756.508,4519.555,4288.540,4063.193,3843.288,3628.653,3419.170,3214.793,3015.543,2821.527,2632.931,2450.019,2273.117,2102.581,1938.757,1781.921,1632.228,1489.672,1354.077,1225.110,1102.318,985.167,873.080,765.463,661.733,561.320,463.685,368.313,274.716,182.429,91.003,0.000
0.000,29849.419,41549.127,46947.234,49784.896,51385.069,52242.618,52472.995,51821.562,49153.405,46654.196,44551.475,42779.311,41257.437,39926.545,38745.486,37685.377,36725.316,35849.640,35046.192,34305.202,33618.558,32979.321,32381.394,31819.306,31288.066,30783.066,30300.021,29834.932,29384.072,28943.971,28511.419,28083.470,27657.440,27230.920,26801.775,26368.151,25928.478,25481.467,25026.113,24561.692,24087.754,23604.118,23110.863,22608.314,22097.028,21577.775,21051.517,20519.384,19982.648,19442.692,18900.984,18359.043,17818.408,17280.613,16747.158,16219.483,15698.949,15186.822,14684.259,14192.298,13711.851,13243.708,12788.532,12346.865,11919.137,11505.665,11106.672,10722.290,10352.568,9997.490,9656.973,9330.888,9019.060,8721.277,8437.303,8166.879,7909.729,7665.569,7434.107,7215.052,7008.112,6813.001,6629.440,6457.157,6295.894,6145.404,6005.450,5875.813,5756.288,5646.684,5546.827,5456.559,5375.737,5304.237,5241.950,5188.783,5144.661,5109.525,5083.332,5066.059,5057.696,5058.252,5067.751,5086.237,5113.768,5150.420,5196.288,5251.481,5316.128,5390.374,5474.383,5568.335,5672.429,5786.881,5911.925,6047.814,6194.815,6353.215,6523.319,6705.444,6899.926,7107.114,7327.370,7561.069,7808.594,8070.335,8346.686,8638.042,8944.794,9267.322,9605.993,9961.149,10333.102,10722.124,11128.435,11552.189,11993.465,12452.246,12928.404,13421.681,13931.671,14457.794,14999.281,15555.144,16124.165,16704.869,17295.510,17894.063,18498.213,19105.360,19712.627,20316.881,20914.765,21502.739,22077.131,22634.196,23170.188,23681.419,24164.332,24615.562,25031.987,25410.766,25749.374,26045.613,26297.620,26503.860,26663.116,26774.482,26837.342,26851.369,26816.512,26733.001,26601.351,26422.369,26197.173,25927.195,25614.200,25260.286,24867.877,24439.713,23978.814,23488.446,22972.067,22433.260,21875.678,21302.962,20718.686,20126.296,19529.050,18929.987,18331.889,17737.265,17148.337,16567.043,15995.037,15433.707,14884.188,14347.380,13823.969,13314.453,12819.156,12338.256,11871.799,11419.722,10981.870,10558.008,10147.838,9751.010,9367.133,8995.787,8636.528,8288.895,7952.419,7626.627,7311.045,7005.205,6708.644,6420.912,6141.570,5870.197,5606.386,5349.754,5099.939,4856.604,4619.441,4388.174,4162.563,3942.407,3727.552,3517.894,3313.383,3114.032,2919.914,2731.160,2547.958,2370.529,2199.113,2033.927,1875.136,1722.813,1576.921,1437.295,1303.660,1175.644,1052.802,934.650,820.678,710.371,603.221,498.732,396.426,295.841,196.530,98.058,0.000
0.000,17848.554,29399.862,36454.920,40807.292,43512.777,45112.427,45827.828,45659.885,44523.541,43094.347,41675.996,40361.381,39165.542,38079.955,37091.067,36185.865,35353.181,34583.690,33869.592,33204.259,32581.940,31997.541,31446.459,30924.463,30427.616,29952.228,29494.819,29052.109,28621.008,28198.619,27782.243,27369.387,26957.772,26545.343,26130.273,25710.971,25286.089,24854.521,24415.406,23968.124,23512.299,23047.785,22574.666,22093.240,21604.009,21107.660,20605.048,20097.179,19585.180,19070.280,18553.783,18037.040,17521.426,17008.313,16499.049,15994.936,15497.212,15007.035,14525.471,14053.489,13591.949,13141.607,12703.105,12276.985,11863.683,11463.542,11076.811,10703.663,10344.192,9998.428,9666.344,9347.861,9042.860,8751.186,8472.654,8207.057,7954.171,7713.760,7485.579,7269.379,7064.910,6871.923,6690.175,6519.428,6359.453,6210.031,6070.951,5942.019,5823.049,5713.870,5614.327,5524.275,5443.587,5372.151,5309.868,5256.654,5212.444,5177.184,5150.837,5133.384,5124.818,5125.150,5134.405,5152.625,5179.867,5216.205,5261.727,5316.539,5380.761,5454.531,5538.002,5631.344,5734.740,5848.394,5972.521,6107.354,6253.142,6410.145,6578.641,6758.919,6951.283,7156.044,7373.527,7604.061,7847.984,8105.634,8377.350,8663.467,8964.311,9280.193,9611.405,9958.213,10320.845,10699.488,11094.272,11505.263,11932.446,12375.715,12834.854,13309.523,13799.241,14303.367,14821.083,15351.377,15893.023,16444.573,17004.340,17570.396,18140.563,18712.424,19283.328,19850.417,20410.645,20960.822,21497.653,22017.790,22517.886,22994.649,23444.898,23865.613,24253.980,24607.422,24923.633,25200.587,25436.550,25630.082,25780.031,25885.530,25945.989,25961.087,25930.772,25855.259,25735.035,25570.864,25363.792,25115.154,24826.580,24499.990,24137.587,23741.842,23315.464,22861.371,22382.638,21882.453,21364.062,20830.710,20285.591,19731.796,19172.271,18609.776,18046.866,17485.865,16928.854,16377.673,15833.917,15298.945,14773.896,14259.695,13757.077,13266.599,12788.661,12323.522,11871.317,11432.073,11005.728,10592.139,10191.099,9802.345,9425.572,9060.440,8706.583,8363.613,8031.130,7708.726,7395.989,7092.507,6797.873,6511.684,6233.552,5963.098,5699.960,5443.791,5194.267,4951.086,4713.970,4482.674,4256.979,4036.707,3821.718,3611.912,3407.239,3207.694,3013.319,2824.202,2640.465,2462.254,2289.718,2122.987,1962.146,1807.215,1658.128,1514.732,1376.784,1243.966,1115.904,992.179,872.348,755.957,642.548,531.669,422.875,315.731,209.815,104.708,0.000
0.000,12144.941,21746.855,28665.304,33476.594,36746.344,38866.516,40066.042,40466.662,40186.589,39523.731,38696.870,37824.783,36963.511,36136.799,35353.108,34613.996,33918.023,33262.531,32644.425,32060.510,31507.623,30982.680,30482.685,30004.727,29545.976,29103.690,28675.210,28257.980,27849.545,27447.576,27049.879,26654.405,26259.271,25862.768,25463.371,25059.750,24650.775,24235.519,23813.268,23383.513,22945.951,22500.485,22047.211,21586.414,21118.556,20644.261,20164.299,19679.571,19191.087,18699.946,18207.312,17714.399,17222.437,16732.663,16246.294,15764.510,15288.441,14819.149,14357.621,13904.760,13461.378,13028.193,12605.830,12194.822,11795.609,11408.547,11033.912,10671.904,10322.655,9986.236,9662.662,9351.904,9053.887,8768.506,8495.623,8235.080,7986.696,7750.280,7525.629,7312.534,7110.784,6920.166,6740.469,6571.488,6413.021,6264.876,6126.869,5998.825,5880.581,5771.985,5672.898,5583.191,5502.751,5431.476,5369.280,5316.089,5271.842,5236.496,5210.018,5192.391,5183.613,5183.696,5192.666,5210.564,5237.445,5273.380,5318.453,5372.764,5436.426,5509.568,5592.334,5684.882,5787.383,5900.023,6023.003,6156.537,6300.850,6456.182,6622.784,6800.916,6990.851,7192.866,7407.247,7634.284,7874.269,8127.494,8394.244,8674.800,8969.427,9278.375,9601.868,9940.101,10293.232,10661.369,11044.567,11442.812,11856.014,12283.990,12726.455,13183.001,13653.094,14136.046,14631.009,15136.960,15652.685,16176.772,16707.601,17243.340,17781.947,18321.175,18858.582,19391.554,19917.322,20433.001,20935.625,21422.185,21889.682,22335.162,22755.771,23148.791,23511.680,23842.099,24137.943,24397.349,24618.714,24800.694,24942.208,25042.438,25100.820,25117.046,25091.061,25023.065,24913.510,24763.107,24572.828,24343.906,24077.837,23776.371,23441.508,23075.475,22680.708,22259.814,21815.543,21350.738,20868.295,20371.116,19862.064,19343.921,18819.353,18290.874,17760.829,17231.366,16704.434,16181.769,15664.899,15155.147,14653.637,14161.307,13678.919,13207.075,12746.231,12296.711,11858.722,11432.369,11017.665,10614.548,10222.889,9842.505,9473.166,9114.605,8766.524,8428.606,8100.512,7781.895,7472.401,7171.671,6879.348,6595.079,6318.519,6049.332,5787.194,5531.796,5282.848,5040.079,4803.241,4572.111,4346.494,4126.228,3911.181,3701.260,3496.408,3296.605,3101.868,2912.245,2727.808,2548.644,2374.837,2206.454,2043.525,1886.030,1733.887,1586.942,1444.978,1307.718,1174.833,1045.961,920.709,798.673,679.441,562.597,447.732,334.439,222.316,110.967,0.000
0.000,8984.361,16777.326,22982.868,27687.460,31129.522,33541.289,35103.212,35954.190,36232.495,36117.203,35763.071,35277.480,34727.047,34150.762,33570.724,32999.152,32442.564,31904.179,31385.273,30885.950,30405.592,29943.114,29497.129,29066.048,28648.149,28241.631,27844.652,27455.363,27071.936,26692.594,26315.631,25939.433,25562.500,25183.457,24801.074,24414.273,24022.137,23623.920,23219.050,22807.130,22387.939,21961.430,21527.724,21087.102,20640.000,20186.994,19728.788,19266.198,18800.136,18331.593,17861.619,17391.306,16921.767,16454.120,15989.469,15528.890,15073.416,14624.027,14181.637,13747.089,13321.148,12904.499,12497.746,12101.410,11715.932,11341.679,10978.940,10627.943,10288.846,9961.757,9646.727,9343.767,9052.844,8773.893,8506.821,8251.509,8007.820,7775.603,7554.692,7344.916,7146.098,6958.059,6780.621,6613.605,6456.839,6310.156,6173.395,6046.404,5929.039,5821.166,5722.662,5633.415,5553.323,5482.298,5420.264,5367.154,5322.918,5287.517,5260.924,5243.128,5234.127,5233.935,5242.580,5260.102,5286.553,5322.002,5366.528,5420.225,5483.200,5555.574,5637.479,5729.062,5830.483,5941.913,6063.535,6195.545,6338.148,6491.561,6656.010,6831.729,7018.958,7217.944,7428.938,7652.190,7887.950,8136.466,8397.975,8672.708,8960.874,9262.667,9578.250,9907.757,10251.280,10608.862,10980.491,11366.087,11765.495,12178.470,12604.669,13043.637,13494.794,13957.424,14430.664,14913.491,15404.713,15902.962,16406.688,16914.157,17423.457,17932.499,18439.031,18940.657,19434.855,19919.009,20390.437,20846.429,21284.282,21701.340,22095.032,22462.905,22802.657,23112.167,23389.509,23632.978,23841.092,24012.606,24146.512,24242.040,24298.657,24316.071,24294.224,24233.296,24133.704,23996.104,23821.389,23610.692,23365.380,23087.044,22777.497,22438.747,22072.983,21682.545,21269.894,20837.576,20388.181,19924.314,19448.547,18963.393,18471.267,17974.463,17475.131,16975.260,16476.666,15980.988,15489.680,15004.020,14525.108,14053.881,13591.116,13137.445,12693.365,12259.252,11835.368,11421.882,11018.874,10626.349,10244.248,9872.453,9510.804,9159.098,8817.103,8484.559,8161.190,7846.702,7540.794,7243.159,6953.485,6671.466,6396.798,6129.184,5868.337,5613.984,5365.866,5123.739,4887.382,4656.594,4431.200,4211.049,3996.020,3786.020,3580.987,3380.890,3185.721,2995.498,2810.255,2630.032,2454.867,2284.781,2119.764,1959.769,1804.699,1654.404,1508.683,1367.287,1229.926,1096.276,965.991,838.704,714.044,591.630,471.082,352.021,234.070,116.854,0.000
0.000,7015.187,13395.235,18801.405,23160.886,26543.034,29065.953,30851.383,32014.460,32672.079,32949.609,32960.836,32795.140,32516.567,32168.623,31780.033,31369.496,30949.089,30526.548,30106.748,29692.651,29285.917,28887.303,28496.929,28114.458,27739.225,27370.330,27006.712,26647.202,26290.572,25935.574,25580.968,25225.558,24868.208,24507.867,24143.585,23774.528,23399.987,23019.389,22632.306,22238.451,21837.687,21430.022,21015.608,20594.733,20167.819,19735.406,19298.145,18856.786,18412.162,17965.172,17516.772,17067.952,16619.723,16173.103,15729.099,15288.696,14852.844,14422.446,13998.354,13581.356,13172.175,12771.463,12379.801,11997.698,11625.594,11263.858,10912.795,10572.647,10243.601,9925.789,9619.297,9324.166,9040.403,8767.978,8506.835,8256.893,8018.053,7790.198,7573.200,7366.920,7171.214,6985.934,6810.930,6646.054,6491.157,6346.096,6210.735,6084.940,5968.587,5861.561,5763.753,5675.067,5595.413,5524.715,5462.906,5409.931,5365.745,5330.316,5303.622,5285.656,5276.419,5275.928,5284.209,5301.301,5327.258,5362.141,5406.028,5459.006,5521.175,5592.648,5673.548,5764.011,5864.183,5974.220,6094.292,6224.574,6365.254,6516.525,6678.591,6851.658,7035.940,7231.651,7439.009,7658.228,7889.521,8133.092,8389.138,8657.838,8939.357,9233.834,9541.381,9862.074,10195.950,10542.995,10903.139,11276.247,11662.110,12060.432,12470.827,12892.800,13325.742,13768.921,14221.466,14682.366,15150.458,15624.424,16102.785,16583.906,17065.992,17547.105,18025.164,18497.970,18963.221,19418.537,19861.486,20289.617,20700.489,21091.702,21460.935,21805.967,22124.713,22415.241,22675.796,22904.812,23100.928,23262.990,23390.063,23481.425,23536.578,23555.243,23537.359,23483.087,23392.807,23267.119,23106.843,22913.010,22686.865,22429.854,22143.616,21829.963,21490.867,21128.428,20744.856,20342.433,19923.487,19490.359,19045.369,18590.788,18128.810,17661.530,17190.922,16718.825,16246.932,15776.782,15309.757,14847.083,14389.831,13938.925,13495.147,13059.147,12631.450,12212.470,11802.518,11401.812,11010.486,10628.604,10256.165,9893.112,9539.343,9194.715,8859.051,8532.148,8213.782,7903.712,7601.684,7307.437,7020.706,6741.225,6468.728,6202.957,5943.659,5690.592,5443.527,5202.246,4966.551,4736.263,4511.221,4291.287,4076.346,3866.309,3661.109,3460.701,3265.062,3074.185,2888.073,2706.734,2530.169,2358.366,2191.289,2028.869,1871.001,1717.536,1568.287,1423.026,1281.492,1143.393,1008.417,876.235,746.506,618.882,493.011,368.541,245.117,122.388,0.000
0.000,5681.163,10987.042,15666.655,19611.681,22815.818,25328.161,27221.972,28580.264,29491.839,30048.419,30335.636,30425.804,30375.596,30227.282,30011.456,29749.889,29457.939,29146.381,28822.739,28492.220,28158.365,27823.508,27489.095,27155.911,26824.255,26494.057,26164.979,25836.487,25507.914,25178.507,24847.469,24513.991,24177.286,23836.606,23491.270,23140.674,22784.309,22421.771,22052.768,21677.124,21294.786,20905.822,20510.418,20108.878,19701.617,19289.152,18872.095,18451.142,18027.059,17600.675,17172.864,16744.530,16316.599,15890.003,15465.666,15044.493,14627.362,14215.111,13808.532,13408.366,13015.294,12629.940,12252.863,11884.558,11525.459,11175.938,10836.309,10506.829,10187.701,9879.083,9581.087,9293.784,9017.209,8751.367,8496.235,8251.765,8017.890,7794.527,7581.579,7378.940,7186.495,7004.124,6831.705,6669.114,6516.229,6372.930,6239.099,6114.625,5999.402,5893.329,5796.317,5708.279,5629.141,5558.836,5497.309,5444.513,5400.409,5364.973,5338.189,5320.050,5310.564,5309.746,5317.624,5334.238,5359.636,5393.880,5437.041,5489.201,5550.455,5620.905,5700.667,5789.864,5888.632,5997.112,6115.458,6243.830,6382.394,6531.326,6690.803,6861.010,7042.131,7234.355,7437.865,7652.844,7879.468,8117.905,8368.309,8630.819,8905.555,9192.609,9492.047,9803.896,10128.143,10464.725,10813.526,11174.361,11546.978,11931.043,12326.132,12731.724,13147.192,13571.792,14004.661,14444.803,14891.091,15342.257,15796.897,16253.466,16710.287,17165.554,17617.346,18063.642,18502.332,18931.246,19348.175,19750.893,20137.187,20504.885,20851.883,21176.168,21475.844,21749.153,21994.491,22210.424,22395.700,22549.254,22670.217,22757.920,22811.894,22831.875,22817.799,22769.808,22688.246,22573.659,22426.791,22248.582,22040.163,21802.844,21538.106,21247.585,20933.057,20596.412,20239.637,19864.785,19473.950,19069.243,18652.760,18226.558,17792.635,17352.904,16909.181,16463.164,16016.431,15570.425,15126.455,14685.691,14249.172,13817.800,13392.354,12973.492,12561.759,12157.596,11761.350,11373.279,10993.564,10622.317,10259.586,9905.368,9559.612,9222.225,8893.083,8572.032,8258.898,7953.484,7655.582,7364.975,7081.437,6804.742,6534.660,6270.967,6013.442,5761.873,5516.057,5275.802,5040.931,4811.282,4586.710,4367.087,4152.306,3942.277,3736.931,3536.215,3340.091,3148.535,2961.525,2779.046,2601.072,2427.568,2258.477,2093.717,1933.176,1776.709,1624.138,1475.253,1329.815,1187.559,1048.203,911.445,776.975,644.472,513.612,384.064,255.501,127.590,0.000
0.000,4722.436,9205.137,13266.524,16803.406,19780.445,22208.962,24128.149,25592.867,26666.689,27416.697,27907.603,28196.978,28332.877,28353.611,28288.791,28160.852,27986.596,27778.510,27545.832,27295.361,27032.066,26759.533,26480.305,26196.125,25908.126,25616.975,25322.981,25026.187,24726.436,24423.429,24116.776,23806.030,23490.725,23170.400,22844.621,22513.005,22175.231,21831.054,21480.314,21122.944,20758.973,20388.529,20011.840,19629.228,19241.110,18847.988,18450.445,18049.136,17644.775,17238.129,16830.005,16421.238,16012.680,15605.189,15199.617,14796.802,14397.557,14002.663,13612.862,13228.848,12851.268,12480.716,12117.730,11762.791,11416.328,11078.712,10750.262,10431.245,10121.882,9822.348,9532.777,9253.266,8983.878,8724.643,8475.570,8236.639,8007.813,7789.039,7580.250,7381.366,7192.301,7012.962,6843.251,6683.069,6532.317,6390.895,6258.707,6135.661,6021.666,5916.640,5820.505,5733.191,5654.635,5584.782,5523.584,5471.002,5427.009,5391.582,5364.712,5346.397,5336.644,5335.474,5342.912,5358.998,5383.779,5417.312,5459.666,5510.917,5571.152,5640.468,5718.969,5806.770,5903.992,6010.766,6127.229,6253.525,6389.803,6536.218,6692.927,6860.091,7037.870,7226.423,7425.908,7636.475,7858.268,8091.420,8336.048,8592.254,8860.116,9139.689,9430.995,9734.018,10048.704,10374.948,10712.592,11061.414,11421.125,11791.361,12171.672,12561.517,12960.259,13367.153,13781.346,14201.865,14627.620,15057.400,15489.869,15923.571,16356.937,16788.286,17215.842,17637.739,18052.046,18456.777,18849.916,19229.439,19593.335,19939.630,20266.412,20571.852,20854.223,21111.923,21343.485,21547.595,21723.100,21869.021,21984.551,22069.069,22122.137,22143.501,22133.098,22091.050,22017.666,21913.439,21779.045,21615.336,21423.337,21204.232,20959.362,20690.203,20398.355,20085.522,19753.494,19404.119,19039.289,18660.907,18270.873,17871.056,17463.274,17049.278,16630.737,16209.224,15786.205,15363.032,14940.941,14521.050,14104.354,13691.734,13283.957,12881.682,12485.465,12095.766,11712.959,11337.334,10969.110,10608.438,10255.411,9910.068,9572.403,9242.371,8919.892,8604.857,8297.133,7996.570,7702.998,7416.240,7136.108,6862.409,6594.951,6333.538,6077.981,5828.095,5583.701,5344.630,5110.725,4881.840,4657.844,4438.620,4224.065,4014.094,3808.633,3607.625,3411.021,3218.781,3030.871,2847.252,2667.884,2492.712,2321.667,2154.657,1991.567,1832.254,1676.549,1524.256,1375.156,1229.006,1085.547,944.505,805.592,668.515,532.972,398.657,265.264,132.482,0.000
0.000,4003.456,7844.570,11390.931,14555.015,17293.650,19599.156,21488.871,22996.455,24165.452,25044.189,25681.226,26121.766,26405.475,26565.661,26629.422,26618.325,26549.288,26435.449,26286.950,26111.572,25915.261,25702.524,25476.749,25240.451,24995.456,24743.054,24484.115,24219.187,23948.566,23672.361,23390.550,23103.014,22809.582,22510.052,22204.226,21891.921,21572.991,21247.343,20914.942,20575.825,20230.101,19877.960,19519.670,19155.578,18786.107,18411.752,18033.077,17650.702,17265.302,16877.594,16488.328,16098.281,15708.242,15319.008,14931.369,14546.103,14163.969,13785.695,13411.978,13043.474,12680.796,12324.510,11975.135,11633.140,11298.943,10972.915,10655.377,10346.606,10046.833,9756.250,9475.010,9203.230,8940.996,8688.365,8445.368,8212.013,7988.291,7774.175,7569.622,7374.581,7188.989,7012.779,6845.876,6688.203,6539.682,6400.235,6269.783,6148.252,6035.569,5931.666,5836.481,5749.954,5672.035,5602.679,5541.849,5489.513,5445.650,5410.245,5383.291,5364.791,5354.755,5353.204,5360.166,5375.677,5399.784,5432.541,5474.012,5524.268,5583.391,5651.469,5728.598,5814.881,5910.430,6015.363,6129.802,6253.876,6387.717,6531.461,6685.246,6849.210,7023.490,7208.221,7403.533,7609.549,7826.383,8054.135,8292.891,8542.718,8803.660,9075.735,9358.927,9653.187,9958.422,10274.492,10601.205,10938.309,11285.486,11642.349,12008.428,12383.172,12765.937,13155.987,13552.480,13954.473,14360.916,14770.651,15182.410,15594.824,16006.421,16415.638,16820.827,17220.267,17612.183,17994.753,18366.136,18724.482,19067.960,19394.771,19703.173,19991.501,20258.179,20501.742,20720.849,20914.294,21081.018,21220.116,21330.843,21412.621,21465.039,21487.859,21481.012,21444.604,21378.910,21284.374,21161.607,21011.379,20834.618,20632.394,20405.919,20156.525,19885.657,19594.850,19285.720,18959.937,18619.207,18265.255,17899.804,17524.552,17141.159,16751.229,16356.299,15957.821,15557.160,15155.582,14754.253,14354.232,13956.475,13561.836,13171.064,12784.813,12403.644,12028.029,11658.362,11294.957,10938.063,10587.865,10244.490,9908.016,9578.478,9255.868,8940.147,8631.247,8329.073,8033.513,7744.435,7461.696,7185.145,6914.621,6649.962,6391.003,6137.582,5889.537,5646.715,5408.966,5176.152,4948.143,4724.819,4506.074,4291.811,4081.948,3876.409,3675.135,3478.068,3285.159,3096.360,2911.622,2730.890,2554.098,2381.167,2212.000,2046.480,1884.468,1725.803,1570.300,1417.757,1267.950,1120.641,975.577,832.495,691.122,551.180,412.385,274.449,137.084,0.000
0.000,3446.832,6778.783,9897.650,12732.120,15240.043,17405.210,19231.806,20738.722,21954.580,22913.500,23651.477,24203.529,24601.753,24874.307,25045.095,25133.937,25156.992,25127.274,25055.183,24948.968,24815.145,24658.828,24484.007,24293.776,24090.506,23875.995,23651.578,23418.230,23176.639,22927.273,22670.431,22406.289,22134.938,21856.417,21570.734,21277.893,20977.913,20670.836,20356.749,20035.782,19708.126,19374.027,19033.796,18687.808,18336.496,17980.354,17619.931,17255.824,16888.674,16519.158,16147.980,15775.869,15403.560,15031.796,14661.315,14292.846,13927.096,13564.751,13206.466,12852.862,12504.521,12161.987,11825.757,11496.288,11173.990,10859.229,10552.330,10253.575,9963.203,9681.420,9408.394,9144.260,8889.125,8643.066,8406.137,8178.371,7959.780,7750.362,7550.099,7358.962,7176.913,7003.904,6839.885,6684.800,6538.590,6401.194,6272.554,6152.610,6041.307,5938.591,5844.411,5758.724,5681.487,5612.667,5552.235,5500.167,5456.449,5421.071,5394.032,5375.337,5365.000,5363.041,5369.489,5384.381,5407.760,5439.679,5480.196,5529.380,5587.304,5654.049,5729.703,5814.361,5908.123,6011.093,6123.383,6245.105,6376.377,6517.315,6668.041,6828.671,6999.322,7180.105,7371.126,7572.481,7784.259,8006.530,8239.353,8482.763,8736.773,9001.369,9276.505,9562.098,9858.027,10164.122,10480.162,10805.872,11140.911,11484.874,11837.281,12197.572,12565.108,12939.158,13318.903,13703.429,14091.725,14482.688,14875.116,15267.720,15659.120,16047.860,16432.409,16811.177,17182.528,17544.789,17896.270,18235.281,18560.145,18869.222,19160.920,19433.717,19686.173,19916.949,20124.814,20308.661,20467.516,20600.542,20707.052,20786.506,20838.522,20862.870,20859.482,20828.444,20770.002,20684.553,20572.647,20434.979,20272.388,20085.842,19876.432,19645.364,19393.941,19123.551,18835.652,18531.755,18213.403,17882.161,17539.594,17187.247,16826.639,16459.241,16086.466,15709.658,15330.087,14948.936,14567.304,14186.194,13806.521,13429.106,13054.679,12683.886,12317.284,11955.355,11598.502,11247.061,10901.303,10561.440,10227.629,9899.981,9578.563,9263.403,8954.497,8651.810,8355.286,8064.843,7780.387,7501.805,7228.977,6961.774,6700.061,6443.701,6192.556,5946.489,5705.367,5469.060,5237.447,5010.411,4787.846,4569.654,4355.745,4146.040,3940.465,3738.956,3541.453,3347.899,3158.239,2972.414,2790.360,2612.005,2437.261,2266.031,2098.197,1933.623,1772.157,1613.625,1457.839,1304.591,1153.661,1004.817,857.815,712.402,568.321,425.309,283.098,141.419,0.000
0.000,3005.108,5926.105,8688.805,11235.820,13529.253,15549.908,17294.506,18772.144,20000.758,21003.877,21807.792,22439.268,22923.865,23284.896,23542.905,23715.541,23817.684,23861.704,23857.782,23814.231,23737.794,23633.917,23506.971,23360.448,23197.120,23019.173,22828.316,22625.871,22412.856,22190.040,21958.001,21717.173,21467.878,21210.364,20944.831,20671.449,20390.382,20101.803,19805.904,19502.909,19193.079,18876.721,18554.185,18225.873,17892.233,17553.762,17211.001,16864.527,16514.956,16162.933,15809.125,15454.216,15098.899,14743.872,14389.828,14037.450,13687.404,13340.336,12996.866,12657.582,12323.041,11993.761,11670.224,11352.872,11042.109,10738.294,10441.755,10152.774,9871.601,9598.451,9333.504,9076.912,8828.798,8589.258,8358.366,8136.174,7922.719,7718.016,7522.072,7334.878,7156.417,6986.663,6825.584,6673.145,6529.304,6394.019,6267.249,6148.949,6039.079,5937.599,5844.471,5759.662,5683.143,5614.887,5554.875,5503.092,5459.528,5424.179,5397.050,5378.147,5367.488,5365.093,5370.993,5385.222,5407.823,5438.845,5478.345,5526.383,5583.028,5648.354,5722.442,5805.377,5897.247,5998.149,6108.178,6227.435,6356.022,6494.040,6641.592,6798.776,6965.690,7142.423,7329.060,7525.674,7732.327,7949.067,8175.925,8412.909,8660.007,8917.176,9184.343,9461.400,9748.198,10044.544,10350.195,10664.856,10988.171,11319.721,11659.020,12005.508,12358.550,12717.429,13081.348,13449.422,13820.685,14194.084,14568.480,14942.659,15315.329,15685.128,16050.635,16410.378,16762.844,17106.493,17439.772,17761.130,18069.031,18361.972,18638.496,18897.210,19136.794,19356.019,19553.757,19728.989,19880.817,20008.469,20111.307,20188.829,20240.676,20266.630,20266.619,20240.715,20189.132,20112.225,20010.490,19884.552,19735.168,19563.210,19369.667,19155.625,18922.263,18670.835,18402.660,18119.105,17821.571,17511.477,17190.246,16859.290,16519.996,16173.714,15821.748,15465.341,15105.672,14743.850,14380.906,14017.790,13655.374,13294.447,12935.717,12579.815,12227.294,11878.637,11534.256,11194.499,10859.655,10529.959,10205.592,9886.691,9573.352,9265.633,8963.562,8667.134,8376.323,8091.080,7811.339,7537.020,7268.028,7004.263,6745.615,6491.974,6243.223,5999.247,5759.934,5525.171,5294.852,5068.876,4847.147,4629.576,4416.079,4206.582,4001.012,3799.306,3601.400,3407.235,3216.748,3029.876,2846.550,2666.691,2490.212,2317.011,2146.973,1979.968,1815.850,1654.456,1495.608,1339.116,1184.775,1032.369,881.674,732.457,584.477,437.491,291.250,145.504,0.000
0.000,2647.511,5231.754,7695.684,9993.157,12091.304,13970.741,15624.255,17054.693,18272.547,19293.584,20136.689,20822.041,21369.712,21798.689,22126.283,22367.847,22536.721,22644.312,22700.262,22712.641,22688.159,22632.364,22549.814,22444.240,22318.681,22175.602,22016.992,21844.447,21659.249,21462.415,21254.759,21036.931,20809.455,20572.763,20327.217,20073.139,19810.823,19540.558,19262.633,18977.357,18685.057,18386.095,18080.861,17769.784,17453.329,17131.997,16806.323,16476.874,16144.244,15809.053,15471.935,15133.540,14794.525,14455.547,14117.261,13780.311,13445.327,13112.921,12783.680,12458.164,12136.906,11820.402,11509.119,11203.485,10903.895,10610.706,10324.241,10044.788,9772.601,9507.903,9250.886,9001.714,8760.524,8527.430,8302.522,8085.872,7877.533,7677.542,7485.924,7302.691,7127.843,6961.375,6803.273,6653.519,6512.089,6378.958,6254.100,6137.486,6029.088,5928.880,5836.837,5752.937,5677.159,5609.488,5549.912,5498.422,5455.016,5419.695,5392.466,5373.340,5362.337,5359.479,5364.795,5378.320,5400.096,5430.167,5468.587,5515.413,5570.707,5634.536,5706.975,5788.099,5877.988,5976.725,6084.397,6201.090,6326.893,6461.893,6606.175,6759.822,6922.912,7095.517,7277.700,7469.515,7671.000,7882.184,8103.072,8333.651,8573.883,8823.704,9083.017,9351.692,9629.559,9916.406,10211.971,10515.945,10827.961,11147.593,11474.352,11807.680,12146.951,12491.465,12840.448,13193.048,13548.339,13905.317,14262.907,14619.962,14975.269,15327.558,15675.505,16017.743,16352.872,16679.471,16996.109,17301.359,17593.808,17872.078,18134.831,18380.787,18608.737,18817.550,19006.187,19173.710,19319.291,19442.215,19541.890,19617.847,19669.750,19697.390,19700.692,19679.713,19634.639,19565.788,19473.602,19358.645,19221.597,19063.247,18884.487,18686.298,18469.745,18235.965,17986.150,17721.540,17443.406,17153.038,16851.733,16540.780,16221.450,15894.983,15562.579,15225.391,14884.516,14540.989,14195.777,13849.781,13503.828,13158.675,12815.005,12473.434,12134.505,11798.699,11466.433,11138.062,10813.890,10494.167,10179.095,9868.834,9563.503,9263.188,8967.939,8677.784,8392.720,8112.728,7837.768,7567.786,7302.715,7042.478,6786.991,6536.163,6289.902,6048.113,5810.699,5577.566,5348.623,5123.781,4902.955,4686.064,4473.034,4263.791,4058.270,3856.405,3658.134,3463.393,3272.120,3084.247,2899.701,2718.404,2540.265,2365.184,2193.049,2023.735,1857.101,1692.997,1531.255,1371.698,1214.137,1058.370,904.191,751.383,599.725,448.989,298.946,149.361,0.000
0.000,2353.199,4657.747,6869.063,8949.874,10872.134,12617.575,14177.175,15549.932,16741.271,17761.357,18623.484,19342.654,19934.427,20414.053,20795.890,21093.057,21317.269,21478.805,21586.567,21648.179,21670.122,21657.861,21615.989,21548.337,21458.095,21347.908,21219.959,21076.049,20917.659,20746.006,20562.094,20366.753,20160.676,19944.451,19718.583,19483.523,19239.682,18987.448,18727.200,18459.321,18184.202,17902.252,17613.899,17319.601,17019.836,16715.114,16405.969,16092.957,15776.657,15457.666,15136.596,14814.064,14490.697,14167.119,13843.951,13521.804,13201.276,12882.947,12567.378,12255.103,11946.631,11642.442,11342.985,11048.678,10759.905,10477.021,10200.344,9930.166,9666.744,9410.307,9161.056,8919.168,8684.790,8458.050,8239.056,8027.894,7824.634,7629.332,7442.027,7262.752,7091.524,6928.355,6773.248,6626.201,6487.207,6356.258,6233.339,6118.437,6011.537,5912.627,5821.691,5738.718,5663.698,5596.623,5537.490,5486.298,5443.048,5407.747,5380.406,5361.041,5349.671,5346.321,5351.020,5363.802,5384.706,5413.775,5451.060,5496.612,5550.489,5612.752,5683.467,5762.702,5850.528,5947.019,6052.249,6166.294,6289.229,6421.128,6562.061,6712.097,6871.296,7039.713,7217.395,7404.374,7600.673,7806.298,8021.235,8245.452,8478.890,8721.465,8973.062,9233.531,9502.686,9780.299,10066.097,10359.759,10660.909,10969.120,11283.903,11604.706,11930.914,12261.846,12596.752,12934.814,13275.143,13616.787,13958.725,14299.876,14639.103,14975.214,15306.976,15633.118,15952.341,16263.331,16564.764,16855.324,17133.712,17398.657,17648.927,17883.346,18100.800,18300.247,18480.730,18641.383,18781.439,18900.236,18997.222,19071.962,19124.136,19153.545,19160.110,19143.875,19105.002,19043.770,18960.576,18855.925,18730.430,18584.802,18419.846,18236.450,18035.576,17818.252,17585.561,17338.627,17078.605,16806.669,16524.002,16231.783,15931.175,15623.321,15309.327,14990.261,14667.142,14340.937,14012.556,13682.846,13352.596,13022.527,12693.298,12365.505,12039.682,11716.303,11395.784,11078.489,10764.728,10454.765,10148.818,9847.065,9549.646,9256.666,8968.203,8684.305,8404.995,8130.277,7860.136,7594.541,7333.450,7076.808,6824.552,6576.614,6332.918,6093.390,5857.949,5626.517,5399.017,5175.371,4955.507,4739.350,4526.834,4317.892,4112.459,3910.475,3711.876,3516.600,3324.583,3135.756,2950.046,2767.374,2587.650,2410.777,2236.645,2065.135,1896.115,1729.441,1564.958,1402.501,1241.892,1082.948,925.475,769.274,614.139,459.859,306.221,153.007,0.000
0.000,2107.556,4177.004,6172.990,8065.200,9829.855,11450.332,12917.035,14226.699,15381.371,16387.225,17253.385,17990.830,18611.467,19127.398,19550.375,19891.444,20160.725,20367.319,20519.281,20623.663,20686.574,20713.273,20708.257,20675.351,20617.796,20538.328,20439.253,20322.508,20189.719,20042.256,19881.269,19707.733,19522.480,19326.225,19119.597,18903.154,18677.408,18442.835,18199.892,17949.028,17690.690,17425.329,17153.412,16875.418,16591.844,16303.206,16010.037,15712.890,15412.330,15108.936,14803.298,14496.010,14187.672,13878.878,13570.221,13262.283,12955.634,12650.828,12348.398,12048.858,11752.696,11460.375,11172.329,10888.965,10610.660,10337.760,10070.585,9809.425,9554.539,9306.163,9064.506,8829.750,8602.057,8381.567,8168.398,7962.654,7764.418,7573.762,7390.743,7215.405,7047.786,6887.911,6735.800,6591.467,6454.920,6326.162,6205.195,6092.020,5986.633,5889.032,5799.214,5717.178,5642.923,5576.449,5517.761,5466.862,5423.761,5388.470,5361.004,5341.379,5329.618,5325.747,5329.795,5341.795,5361.785,5389.806,5425.904,5470.126,5522.527,5583.160,5652.085,5729.362,5815.055,5909.227,6011.943,6123.268,6243.265,6371.995,6509.517,6655.884,6811.142,6975.331,7148.480,7330.609,7521.720,7721.804,7930.830,8148.748,8375.483,8610.934,8854.970,9107.427,9368.106,9636.766,9913.125,10196.855,10487.578,10784.865,11088.230,11397.131,11710.967,12029.076,12350.733,12675.151,13001.482,13328.820,13656.196,13982.592,14306.937,14628.115,14944.972,15256.326,15560.969,15857.680,16145.234,16422.415,16688.022,16940.881,17179.856,17403.862,17611.869,17802.918,17976.122,18130.680,18265.882,18381.111,18475.855,18549.704,18602.356,18633.620,18643.414,18631.768,18598.821,18544.821,18470.118,18375.167,18260.519,18126.815,17974.780,17805.218,17618.999,17417.055,17200.366,16969.955,16726.872,16472.188,16206.981,15932.331,15649.306,15358.956,15062.304,14760.337,14454.006,14144.211,13831.808,13517.595,13202.319,12886.670,12571.280,12256.725,11943.525,11632.148,11323.007,11016.466,10712.843,10412.411,10115.399,9822.001,9532.374,9246.643,8964.902,8687.221,8413.646,8144.201,7878.893,7617.713,7360.638,7107.635,6858.661,6613.666,6372.593,6135.384,5901.974,5672.300,5446.297,5223.901,5005.046,4789.669,4577.710,4369.108,4163.803,3961.736,3762.848,3567.077,3374.359,3184.627,2997.808,2813.824,2632.588,2454.005,2277.971,2104.371,1933.082,1763.967,1596.883,1431.674,1268.179,1106.224,945.632,786.217,627.789,470.152,313.110,156.460,0.000
0.000,1900.041,3769.757,5580.739,7308.141,8931.824,10436.950,11814.032,13058.573,14170.415,15152.930,16012.157,16755.982,17393.397,17933.892,18386.979,18761.842,19067.110,19310.718,19499.844,19640.895,19739.531,19800.707,19828.736,19827.347,19799.754,19748.714,19676.588,19585.392,19476.850,19352.436,19213.411,19060.861,18895.724,18718.824,18530.885,18332.559,18124.441,17907.082,17681.006,17446.719,17204.716,16955.490,16699.536,16437.357,16169.465,15896.384,15618.649,15336.807,15051.413,14763.033,14472.238,14179.602,13885.700,13591.104,13296.380,13002.086,12708.766,12416.951,12127.152,11839.862,11555.551,11274.665,10997.627,10724.831,10456.646,10193.415,9935.454,9683.050,9436.468,9195.946,8961.697,8733.915,8512.768,8298.407,8090.963,7890.551,7697.269,7511.202,7332.420,7160.985,6996.947,6840.346,6691.218,6549.589,6415.482,6288.914,6169.900,6058.452,5954.579,5858.290,5769.592,5688.493,5615.001,5549.125,5490.874,5440.261,5397.299,5362.003,5334.392,5314.486,5302.310,5297.888,5301.253,5312.435,5331.470,5358.399,5393.262,5436.105,5486.974,5545.921,5612.998,5688.257,5771.755,5863.546,5963.687,6072.232,6189.233,6314.741,6448.802,6591.457,6742.738,6902.674,7071.279,7248.556,7434.497,7629.076,7832.247,8043.947,8264.086,8492.551,8729.197,8973.850,9226.298,9486.295,9753.552,10027.736,10308.469,10595.324,10887.823,11185.433,11487.569,11793.587,12102.790,12414.422,12727.674,13041.680,13355.526,13668.246,13978.834,14286.241,14589.389,14887.172,15178.464,15462.131,15737.035,16002.048,16256.056,16497.974,16726.751,16941.382,17140.914,17324.459,17491.195,17640.379,17771.350,17883.536,17976.455,18049.723,18103.053,18136.262,18149.263,18142.075,18114.815,18067.699,18001.042,17915.248,17810.811,17688.310,17548.399,17391.803,17219.312,17031.770,16830.066,16615.131,16387.919,16149.408,15900.584,15642.435,15375.943,15102.074,14821.773,14535.957,14245.508,13951.267,13654.037,13354.571,13053.576,12751.708,12449.574,12147.729,11846.679,11546.881,11248.744,10952.631,10658.863,10367.719,10079.439,9794.227,9512.255,9233.661,8958.560,8687.037,8419.156,8154.961,7894.479,7637.718,7384.675,7135.336,6889.674,6647.658,6409.248,6174.400,5943.065,5715.192,5490.730,5269.623,5051.817,4837.259,4625.894,4417.668,4212.526,4010.412,3811.270,3615.042,3421.665,3231.075,3043.201,2857.965,2675.286,2495.072,2317.222,2141.631,1968.180,1796.743,1627.185,1459.363,1293.125,1128.312,964.758,802.293,640.740,479.919,319.646,159.736,0.000
0.000,1722.871,3421.276,5072.116,6654.859,8152.426,9551.702,10843.673,12023.263,13088.918,14042.065,14886.489,15627.715,16272.433,16827.997,17302.022,17702.064,18035.396,18308.855,18528.753,18700.829,18830.246,18921.600,18978.956,19005.886,19005.510,18980.550,18933.367,18866.010,18780.255,18677.640,18559.503,18427.009,18281.180,18122.919,17953.028,17772.235,17581.202,17380.543,17170.839,16952.643,16726.491,16492.911,16252.425,16005.557,15752.832,15494.781,15231.939,14964.852,14694.066,14420.135,14143.614,13865.060,13585.027,13304.068,13022.725,12741.534,12461.017,12181.684,11904.027,11628.520,11355.616,11085.747,10819.322,10556.727,10298.323,10044.447,9795.411,9551.503,9312.986,9080.104,8853.073,8632.094,8417.343,8208.981,8007.147,7811.968,7623.555,7442.004,7267.400,7099.816,6939.316,6785.955,6639.780,6500.833,6369.148,6244.755,6127.681,6017.950,5915.582,5820.596,5733.009,5652.838,5580.099,5514.810,5456.985,5406.644,5363.804,5328.485,5300.709,5280.499,5267.880,5262.880,5265.528,5275.857,5293.900,5319.695,5353.280,5394.697,5443.988,5501.199,5566.375,5639.564,5720.814,5810.172,5907.686,6013.401,6127.360,6249.604,6380.167,6519.080,6666.365,6822.035,6986.096,7158.539,7339.340,7528.463,7725.851,7931.428,8145.093,8366.721,8596.160,8833.225,9077.699,9329.330,9587.824,9852.849,10124.028,10400.939,10683.112,10970.026,11261.113,11555.749,11853.263,12152.930,12453.975,12755.577,13056.865,13356.928,13654.816,13949.544,14240.099,14525.446,14804.533,15076.303,15339.697,15593.664,15837.171,16069.209,16288.804,16495.021,16686.979,16863.850,17024.872,17169.352,17296.676,17406.308,17497.796,17570.778,17624.981,17660.227,17676.426,17673.585,17651.803,17611.268,17552.256,17475.131,17380.334,17268.387,17139.879,16995.467,16835.865,16661.837,16474.194,16273.779,16061.465,15838.142,15604.713,15362.086,15111.160,14852.827,14587.961,14317.411,14041.997,13762.508,13479.692,13194.263,12906.886,12618.189,12328.749,12039.101,11749.736,11461.099,11173.593,10887.578,10603.376,10321.269,10041.504,9764.295,9489.824,9218.243,8949.679,8684.234,8421.989,8163.002,7907.317,7654.962,7405.948,7160.278,6917.943,6678.926,6443.202,6210.743,5981.511,5755.471,5532.579,5312.794,5096.069,4882.360,4671.620,4463.799,4258.849,4056.720,3857.359,3660.709,3466.714,3275.310,3086.429,2900.000,2715.941,2534.168,2354.586,2177.092,2001.579,1827.928,1656.013,1485.701,1316.852,1149.318,982.947,817.581,653.056,489.206,325.861,162.851,0.000
0.000,1570.188,3120.396,4631.639,6086.816,7471.397,8773.847,9985.802,11102.006,12120.062,13040.071,13864.182,14596.134,15240.813,15803.848,16291.268,16709.230,17063.803,17360.817,17605.759,17803.713,17959.327,18076.809,18159.935,18212.073,18236.208,18234.978,18210.703,18165.422,18100.926,18018.785,17920.381,17806.934,17679.521,17539.105,17386.549,17222.635,17048.082,16863.554,16669.677,16467.043,16256.225,16037.777,15812.246,15580.170,15342.088,15098.537,14850.054,14597.179,14340.454,14080.422,13817.624,13552.603,13285.895,13018.032,12749.539,12480.932,12212.713,11945.374,11679.388,11415.213,11153.286,10894.028,10637.834,10385.081,10136.123,9891.290,9650.892,9415.216,9184.525,8959.063,8739.054,8524.699,8316.186,8113.679,7917.330,7727.273,7543.632,7366.512,7196.010,7032.213,6875.196,6725.026,6581.763,6445.461,6316.166,6193.920,6078.762,5970.726,5869.843,5776.141,5689.648,5610.388,5538.386,5473.665,5416.249,5366.160,5323.422,5288.058,5260.093,5239.554,5226.465,5220.857,5222.758,5232.200,5249.215,5273.839,5306.107,5346.056,5393.725,5449.155,5512.386,5583.459,5662.416,5749.297,5844.141,5946.987,6057.868,6176.816,6303.856,6439.009,6582.287,6733.694,6893.225,7060.859,7236.566,7420.296,7611.984,7811.543,8018.866,8233.819,8456.241,8685.943,8922.704,9166.268,9416.341,9672.593,9934.649,10202.096,10474.471,10751.269,11031.937,11315.874,11602.433,11890.919,12180.592,12470.668,12760.321,13048.689,13334.873,13617.945,13896.953,14170.925,14438.878,14699.820,14952.765,15196.732,15430.757,15653.902,15865.258,16063.957,16249.176,16420.146,16576.156,16716.560,16840.782,16948.320,17038.749,17111.727,17166.993,17204.371,17223.772,17225.189,17208.704,17174.479,17122.759,17053.866,16968.196,16866.217,16748.463,16615.525,16468.050,16306.733,16132.309,15945.546,15747.240,15538.205,15319.267,15091.259,14855.009,14611.339,14361.057,14104.949,13843.782,13578.289,13309.175,13037.108,12762.722,12486.608,12209.321,11931.374,11653.240,11375.354,11098.108,10821.861,10546.931,10273.603,10002.128,9732.727,9465.590,9200.881,8938.738,8679.276,8422.590,8168.752,7917.821,7669.839,7424.834,7182.824,6943.812,6707.798,6474.771,6244.713,6017.602,5793.412,5572.112,5353.669,5138.049,4925.212,4715.119,4507.728,4302.997,4100.880,3901.327,3704.289,3509.711,3317.534,3127.694,2940.122,2754.744,2571.478,2390.236,2210.924,2033.439,1857.671,1683.505,1510.815,1339.474,1169.345,1000.287,832.154,664.795,498.058,331.786,165.820,0.000
0.000,1437.505,2858.517,4247.277,5589.435,6872.577,8086.581,9223.791,10279.017,11249.392,12134.127,12934.198,13652.006,14291.033,14855.521,15350.195,15780.022,16150.021,16465.116,16730.034,16949.230,17126.848,17266.694,17372.237,17446.611,17492.634,17512.825,17509.431,17484.449,17439.652,17376.616,17296.739,17201.271,17091.324,16967.900,16831.905,16684.165,16525.437,16356.425,16177.790,15990.157,15794.125,15590.272,15379.163,15161.351,14937.383,14707.801,14473.143,14233.946,13990.746,13744.076,13494.467,13242.446,12988.534,12733.248,12477.095,12220.572,11964.166,11708.349,11453.580,11200.301,10948.936,10699.892,10453.555,10210.292,9970.450,9734.354,9502.309,9274.600,9051.492,8833.229,8620.037,8412.123,8209.679,8012.877,7821.876,7636.821,7457.842,7285.056,7118.571,6958.483,6804.880,6657.840,6517.435,6383.729,6256.780,6136.643,6023.365,5916.991,5817.563,5725.118,5639.692,5561.318,5490.028,5425.852,5368.820,5318.959,5276.299,5240.865,5212.686,5191.790,5178.204,5171.958,5173.082,5181.604,5197.558,5220.975,5251.889,5290.333,5336.343,5389.953,5451.200,5520.118,5596.744,5681.112,5773.252,5873.197,5980.973,6096.602,6220.104,6351.489,6490.761,6637.917,6792.941,6955.806,7126.471,7304.880,7490.960,7684.618,7885.738,8094.182,8309.786,8532.355,8761.667,8997.465,9239.458,9487.317,9740.676,9999.128,10262.222,10529.466,10800.327,11074.223,11350.532,11628.588,11907.683,12187.069,12465.963,12743.544,13018.963,13291.343,13559.787,13823.381,14081.200,14332.315,14575.802,14810.743,15036.238,15251.408,15455.405,15647.420,15826.682,15992.473,16144.128,16281.042,16402.675,16508.554,16598.278,16671.521,16728.035,16767.645,16790.260,16795.865,16784.522,16756.371,16711.628,16650.576,16573.573,16481.037,16373.448,16251.342,16115.306,15965.968,15803.998,15630.095,15444.985,15249.414,15044.137,14829.920,14607.524,14377.709,14141.221,13898.791,13651.132,13398.930,13142.844,12883.504,12621.508,12357.418,12091.764,11825.037,11557.694,11290.155,11022.805,10755.995,10490.041,10225.229,9961.811,9700.015,9440.036,9182.047,8926.194,8672.606,8421.387,8172.624,7926.388,7682.733,7441.702,7203.325,6967.620,6734.599,6504.263,6276.607,6051.622,5829.290,5609.592,5392.505,5178.001,4966.051,4756.622,4549.681,4345.188,4143.104,3943.386,3745.988,3550.859,3357.945,3167.187,2978.521,2791.876,2607.178,2424.344,2243.287,2063.911,1886.115,1709.791,1534.826,1361.100,1188.488,1016.860,846.081,676.014,506.518,337.447,168.657,0.000
0.000,1321.337,2628.926,3909.569,5151.137,6342.975,7476.203,8543.874,9541.004,10464.500,11313.000,12086.647,12786.844,13415.988,13977.221,14474.197,14910.885,15291.399,15619.864,15900.315,16136.626,16332.454,16491.210,16616.048,16709.854,16775.258,16814.638,16830.140,16823.695,16797.035,16751.716,16689.132,16610.538,16517.066,16409.741,16289.493,16157.178,16013.581,15859.435,15695.426,15522.204,15340.388,15150.575,14953.343,14749.256,14538.868,14322.722,14101.359,13875.311,13645.110,13411.277,13174.335,12934.797,12693.172,12449.959,12205.652,11960.731,11715.668,11470.919,11226.928,10984.124,10742.917,10503.703,10266.858,10032.740,9801.689,9574.026,9350.050,9130.046,8914.275,8702.985,8496.402,8294.739,8098.190,7906.934,7721.138,7540.952,7366.515,7197.956,7035.389,6878.922,6728.653,6584.671,6447.057,6315.887,6191.231,6073.151,5961.707,5856.953,5758.940,5667.715,5583.321,5505.800,5435.191,5371.530,5314.852,5265.192,5222.580,5187.049,5158.627,5137.346,5123.234,5116.321,5116.637,5124.210,5139.070,5161.249,5190.775,5227.682,5271.998,5323.755,5382.984,5449.715,5523.979,5605.803,5695.213,5792.234,5896.885,6009.183,6129.138,6256.755,6392.031,6534.955,6685.505,6843.646,7009.332,7182.501,7363.074,7550.951,7746.015,7948.123,8157.108,8372.776,8594.904,8823.236,9057.486,9297.330,9542.408,9792.323,10046.638,10304.875,10566.517,10831.006,11097.742,11366.087,11635.363,11904.857,12173.821,12441.477,12707.019,12969.617,13228.423,13482.574,13731.200,13973.427,14208.385,14435.214,14653.067,14861.122,15058.585,15244.694,15418.731,15580.019,15727.936,15861.912,15981.438,16086.069,16175.425,16249.194,16307.136,16349.083,16374.937,16384.674,16378.342,16356.060,16318.014,16264.457,16195.707,16112.139,16014.187,15902.334,15777.110,15639.088,15488.875,15327.109,15154.455,14971.592,14779.215,14578.025,14368.725,14152.017,13928.591,13699.127,13464.286,13224.711,12981.020,12733.805,12483.631,12231.032,11976.512,11720.541,11463.559,11205.974,10948.159,10690.459,10433.186,10176.624,9921.028,9666.625,9413.618,9162.186,8912.484,8664.648,8418.793,8175.017,7933.401,7694.014,7456.908,7222.125,6989.697,6759.646,6531.985,6306.721,6083.853,5863.377,5645.281,5429.552,5216.170,5005.115,4796.361,4589.879,4385.639,4183.606,3983.742,3786.007,3590.355,3396.736,3205.096,3015.376,2827.513,2641.436,2457.070,2274.334,2093.139,1913.394,1734.998,1557.848,1381.832,1206.838,1032.745,859.430,686.766,514.625,342.872,171.376,0.000
0.000,1218.939,2426.317,3610.990,4762.633,5872.064,6931.480,7934.609,8876.750,9754.748,10566.882,11312.718,11992.921,12609.056,13163.393,13658.719,14098.169,14485.086,14822.899,15115.027,15364.808,15575.447,15749.975,15891.234,16001.859,16084.277,16140.712,16173.194,16183.566,16173.501,16144.514,16097.979,16035.141,15957.131,15864.983,15759.640,15641.972,15512.784,15372.827,15222.805,15063.383,14895.197,14718.854,14534.943,14344.035,14146.688,13943.448,13734.853,13521.432,13303.709,13082.201,12857.416,12629.859,12400.024,12168.397,11935.459,11701.674,11467.499,11233.378,10999.740,10767.001,10535.560,10305.801,10078.092,9852.782,9630.204,9410.672,9194.484,8981.920,8773.242,8568.696,8368.512,8172.904,7982.070,7796.195,7615.450,7439.993,7269.971,7105.519,6946.763,6793.818,6646.792,6505.784,6370.885,6242.181,6119.751,6003.668,5894.002,5790.816,5694.169,5604.118,5520.713,5444.005,5374.039,5310.856,5254.499,5205.006,5162.411,5126.750,5098.056,5076.360,5061.693,5054.084,5053.562,5060.156,5073.894,5094.805,5122.915,5158.253,5200.846,5250.721,5307.904,5372.421,5444.297,5523.554,5610.213,5704.293,5805.808,5914.766,6031.175,6155.032,6286.329,6425.048,6571.163,6724.634,6885.410,7053.424,7228.593,7410.817,7599.973,7795.920,7998.489,8207.488,8422.694,8643.858,8870.697,9102.894,9340.099,9581.925,9827.948,10077.706,10330.700,10586.392,10844.205,11103.527,11363.709,11624.069,11883.895,12142.444,12398.951,12652.628,12902.671,13148.264,13388.583,13622.804,13850.107,14069.680,14280.728,14482.475,14674.176,14855.113,15024.610,15182.032,15326.790,15458.349,15576.227,15680.001,15769.311,15843.857,15903.408,15947.796,15976.923,15990.754,15989.324,15972.732,15941.138,15894.767,15833.901,15758.876,15670.082,15567.956,15452.979,15325.669,15186.579,15036.292,14875.413,14704.567,14524.389,14335.524,14138.622,13934.328,13723.285,13506.121,13283.455,13055.885,12823.993,12588.334,12349.443,12107.826,11863.961,11618.300,11371.265,11123.249,10874.617,10625.703,10376.817,10128.238,9880.221,9632.997,9386.770,9141.725,8898.023,8655.807,8415.202,8176.314,7939.235,7704.042,7470.799,7239.560,7010.366,6783.250,6558.237,6335.341,6114.575,5895.941,5679.438,5465.061,5252.799,5042.638,4834.560,4628.544,4424.565,4222.594,4022.599,3824.544,3628.390,3434.092,3241.601,3050.865,2861.824,2674.415,2488.569,2304.211,2121.263,1939.637,1759.244,1579.988,1401.769,1224.482,1048.017,872.263,697.102,522.417,348.087,173.989,0.000
0.000,1128.126,2246.450,3345.494,4416.412,5451.251,6443.145,7386.445,8276.770,9111.003,9887.222,10604.598,11263.255,11864.127,12408.797,12899.349,13338.234,13728.141,14071.896,14372.377,14632.440,14854.871,15042.346,15197.404,15322.432,15419.653,15491.128,15538.758,15564.288,15569.314,15555.300,15523.580,15475.377,15411.809,15333.904,15242.607,15138.792,15023.274,14896.811,14760.118,14613.872,14458.714,14295.262,14124.110,13945.832,13760.987,13570.122,13373.771,13172.461,12966.707,12757.017,12543.893,12327.826,12109.299,11888.786,11666.752,11443.651,11219.926,10996.005,10772.308,10549.236,10327.180,10106.511,9887.589,9670.755,9456.335,9244.639,9035.960,8830.574,8628.743,8430.712,8236.713,8046.960,7861.655,7680.988,7505.135,7334.260,7168.516,7008.045,6852.982,6703.451,6559.566,6421.438,6289.166,6162.847,6042.568,5928.412,5820.458,5718.778,5623.440,5534.509,5452.043,5376.101,5306.732,5243.987,5187.911,5138.547,5095.934,5060.111,5031.112,5008.970,4993.717,4985.383,4983.995,4989.583,5002.171,5021.786,5048.453,5082.198,5123.042,5171.010,5226.124,5288.405,5357.872,5434.545,5518.439,5609.567,5707.938,5813.557,5926.425,6046.535,6173.875,6308.423,6450.147,6599.006,6754.943,6917.892,7087.766,7264.464,7447.865,7637.826,7834.180,8036.739,8245.284,8459.571,8679.324,8904.235,9133.963,9368.135,9606.339,9848.129,10093.024,10340.506,10590.021,10840.980,11092.763,11344.715,11596.156,11846.378,12094.650,12340.222,12582.332,12820.202,13053.052,13280.102,13500.574,13713.700,13918.730,14114.931,14301.597,14478.053,14643.659,14797.814,14939.963,15069.598,15186.261,15289.552,15379.125,15454.692,15516.028,15562.969,15595.411,15613.313,15616.696,15605.640,15580.284,15540.825,15487.512,15420.648,15340.582,15247.709,15142.463,15025.317,14896.773,14757.363,14607.639,14448.174,14279.552,14102.366,13917.214,13724.695,13525.401,13319.920,13108.826,12892.679,12672.024,12447.385,12219.264,11988.142,11754.476,11518.695,11281.206,11042.387,10802.591,10562.146,10321.354,10080.492,9839.813,9599.547,9359.903,9121.068,8883.208,8646.473,8410.993,8176.883,7944.245,7713.163,7483.713,7255.955,7029.942,6805.716,6583.310,6362.752,6144.059,5927.245,5712.318,5499.278,5288.125,5078.851,4871.445,4665.894,4462.177,4260.272,4060.155,3861.793,3665.153,3470.196,3276.880,3085.156,2894.971,2706.270,2518.989,2333.061,2148.413,1964.968,1782.643,1601.352,1421.004,1241.502,1062.748,884.639,707.070,529.931,353.115,176.509,0.000
0.000,1047.136,2085.902,3108.178,4106.339,5073.467,6003.505,6891.370,7733.013,8525.418,9266.567,9955.371,10591.567,11175.608,11708.540,12191.886,12627.530,13017.614,13364.451,13670.441,13938.014,14169.576,14367.473,14533.958,14671.178,14781.154,14865.783,14926.830,14965.931,14984.600,14984.234,14966.120,14931.445,14881.303,14816.706,14738.590,14647.827,14545.228,14431.555,14307.525,14173.819,14031.083,13879.937,13720.976,13554.776,13381.895,13202.876,13018.252,12828.542,12634.255,12435.890,12233.940,12028.885,11821.196,11611.336,11399.758,11186.901,10973.198,10759.065,10544.907,10331.117,10118.073,9906.138,9695.663,9486.980,9280.411,9076.258,8874.810,8676.341,8481.112,8289.365,8101.333,7917.233,7737.269,7561.633,7390.506,7224.057,7062.446,6905.822,6754.326,6608.089,6467.236,6331.885,6202.144,6078.118,5959.904,5847.595,5741.278,5641.034,5546.939,5459.066,5377.482,5302.250,5233.429,5171.074,5115.235,5065.959,5023.290,4987.268,4957.930,4935.310,4919.441,4910.353,4908.073,4912.627,4924.040,4942.336,4967.537,4999.664,5038.739,5084.779,5137.805,5197.832,5264.876,5338.952,5420.070,5508.240,5603.466,5705.750,5815.088,5931.470,6054.879,6185.292,6322.673,6466.980,6618.155,6776.130,6940.819,7112.120,7289.915,7474.063,7664.402,7860.746,8062.886,8270.581,8483.565,8701.540,8924.178,9151.116,9381.957,9616.273,9853.600,10093.438,10335.254,10578.485,10822.533,11066.772,11310.549,11553.187,11793.987,12032.234,12267.198,12498.140,12724.316,12944.985,13159.406,13366.853,13566.610,13757.983,13940.305,14112.932,14275.260,14426.718,14566.778,14694.958,14810.823,14913.987,15004.121,15080.947,15144.245,15193.851,15229.660,15251.623,15259.747,15254.097,15234.792,15202.002,15155.949,15096.903,15025.178,14941.128,14845.149,14737.669,14619.144,14490.061,14350.924,14202.258,14044.600,13878.496,13704.497,13523.158,13335.028,13140.652,12940.567,12735.297,12525.351,12311.223,12093.387,11872.300,11648.394,11422.080,11193.749,10963.764,10732.468,10500.179,10267.193,10033.782,9800.199,9566.671,9333.408,9100.600,8868.418,8637.015,8406.529,8177.080,7948.778,7721.715,7495.974,7271.626,7048.730,6827.338,6607.493,6389.229,6172.574,5957.549,5744.170,5532.446,5322.383,5113.981,4907.237,4702.141,4498.682,4296.843,4096.605,3897.942,3700.827,3505.225,3311.101,3118.413,2927.113,2737.152,2548.473,2361.016,2174.717,1989.504,1805.304,1622.038,1439.625,1257.977,1077.005,896.616,716.715,537.203,357.980,178.947,0.000
0.000,974.540,1941.884,2895.031,3827.371,4732.859,5606.137,6442.637,7238.628,7991.236,8698.422,9358.933,9972.230,10538.408,11058.095,11532.365,11962.640,12350.607,12698.137,13007.221,13279.913,13518.275,13724.353,13900.134,14047.537,14168.387,14264.418,14337.256,14388.428,14419.355,14431.362,14425.680,14403.450,14365.734,14313.520,14247.726,14169.211,14078.780,13977.189,13865.152,13743.349,13612.425,13472.997,13325.660,13170.987,13009.533,12841.838,12668.427,12489.813,12306.499,12118.975,11927.722,11733.211,11535.904,11336.249,11134.688,10931.651,10727.555,10522.806,10317.799,10112.914,9908.520,9704.972,9502.610,9301.761,9102.739,8905.840,8711.350,8519.540,8330.666,8144.972,7962.690,7784.036,7609.219,7438.432,7271.860,7109.677,6952.047,6799.127,6651.064,6507.996,6370.055,6237.368,6110.051,5988.218,5871.976,5761.425,5656.660,5557.773,5464.846,5377.962,5297.195,5222.613,5154.283,5092.265,5036.614,4987.382,4944.615,4908.356,4878.643,4855.513,4838.998,4829.128,4825.928,4829.425,4839.640,4856.595,4880.309,4910.801,4948.087,4992.184,5043.105,5100.866,5165.476,5236.945,5315.283,5400.493,5492.578,5591.534,5697.355,5810.030,5929.539,6055.856,6188.945,6328.762,6475.251,6628.343,6787.955,6953.987,7126.324,7304.829,7489.347,7679.698,7875.679,8077.059,8283.583,8494.962,8710.882,8930.992,9154.913,9382.231,9612.499,9845.238,10079.934,10316.046,10552.998,10790.190,11026.995,11262.761,11496.819,11728.484,11957.055,12181.826,12402.086,12617.126,12826.241,13028.735,13223.927,13411.158,13589.788,13759.209,13918.842,14068.144,14206.612,14333.785,14449.247,14552.629,14643.613,14721.931,14787.365,14839.755,14878.990,14905.015,14917.827,14917.475,14904.058,14877.725,14838.671,14787.135,14723.401,14647.789,14560.654,14462.386,14353.401,14234.142,14105.072,13966.670,13819.431,13663.859,13500.461,13329.751,13152.239,12968.432,12778.830,12583.922,12384.188,12180.092,11972.081,11760.588,11546.024,11328.783,11109.235,10887.734,10664.609,10440.170,10214.706,9988.484,9761.753,9534.740,9307.654,9080.688,8854.014,8627.790,8402.158,8177.246,7953.166,7730.022,7507.899,7286.879,7067.029,6848.408,6631.065,6415.045,6200.383,5987.108,5775.242,5564.804,5355.805,5148.253,4942.150,4737.496,4534.283,4332.503,4132.140,3933.177,3735.590,3539.352,3344.433,3150.796,2958.402,2767.206,2577.160,2388.209,2200.296,2013.358,1827.331,1642.142,1457.718,1273.983,1090.854,908.249,726.082,544.263,362.705,181.314,0.000
0.000,909.165,1812.104,2702.744,3575.328,4424.548,5245.652,6034.530,6787.760,7502.627,8177.119,8809.889,9400.211,9947.910,10453.295,10917.082,11340.317,11724.308,12070.556,12380.699,12656.456,12899.592,13111.874,13295.050,13450.820,13580.828,13686.645,13769.764,13831.596,13873.470,13896.632,13902.250,13891.416,13865.151,13824.410,13770.090,13703.029,13624.019,13533.805,13433.094,13322.557,13202.835,13074.540,12938.262,12794.568,12644.009,12487.118,12324.415,12156.403,11983.576,11806.417,11625.396,11440.974,11253.601,11063.715,10871.747,10678.114,10483.222,10287.466,10091.230,9894.885,9698.789,9503.288,9308.713,9115.386,8923.612,8733.683,8545.881,8360.472,8177.709,7997.837,7821.084,7647.670,7477.803,7311.679,7149.486,6991.402,6837.597,6688.231,6543.458,6403.425,6268.269,6138.124,6013.117,5893.369,5778.993,5670.102,5566.797,5469.179,5377.339,5291.366,5211.342,5137.344,5069.442,5007.704,4952.188,4902.951,4860.041,4823.504,4793.381,4769.708,4752.517,4741.837,4737.694,4740.110,4749.106,4764.701,4786.911,4815.751,4851.235,4893.375,4942.182,4997.665,5059.834,5128.693,5204.248,5286.500,5375.449,5471.089,5573.411,5682.402,5798.042,5920.303,6049.151,6184.542,6326.420,6474.719,6629.360,6790.248,6957.270,7130.298,7309.183,7493.753,7683.814,7879.147,8079.506,8284.618,8494.178,8707.854,8925.279,9146.058,9369.760,9595.924,9824.057,10053.636,10284.109,10514.895,10745.391,10974.970,11202.987,11428.782,11651.682,11871.008,12086.077,12296.208,12500.726,12698.962,12890.267,13074.007,13249.572,13416.377,13573.872,13721.535,13858.886,13985.482,14100.924,14204.857,14296.971,14377.008,14444.754,14500.047,14542.776,14572.878,14590.339,14595.195,14587.527,14567.464,14535.177,14490.879,14434.823,14367.297,14288.624,14199.157,14099.275,13989.381,13869.900,13741.272,13603.952,13458.403,13305.095,13144.503,12977.101,12803.361,12623.749,12438.724,12248.733,12054.216,11855.595,11653.278,11447.656,11239.106,11027.983,10814.625,10599.352,10382.464,10164.243,9944.950,9724.829,9504.108,9282.995,9061.681,8840.342,8619.138,8398.216,8177.708,7957.732,7738.396,7519.794,7302.014,7085.128,6869.204,6654.300,6440.465,6227.743,6016.169,5805.775,5596.584,5388.616,5181.884,4976.399,4772.164,4569.181,4367.445,4166.948,3967.677,3769.616,3572.743,3377.034,3182.460,2988.985,2796.573,2605.181,2414.763,2225.268,2036.641,1848.824,1661.754,1475.366,1289.591,1104.357,919.590,735.212,551.146,367.309,183.621,0.000
0.000,850.039,1694.661,2528.570,3346.723,4144.441,4917.498,5662.193,6375.390,7054.546,7697.704,8303.478,8871.012,9399.940,9890.324,10342.596,10757.499,11136.029,11479.373,11788.866,12065.943,12312.097,12528.852,12717.733,12880.243,13017.850,13131.973,13223.974,13295.151,13346.738,13379.900,13395.738,13395.291,13379.532,13349.381,13305.705,13249.319,13180.994,13101.461,13011.413,12911.511,12802.387,12684.643,12558.864,12425.608,12285.418,12138.820,11986.324,11828.427,11665.612,11498.352,11327.108,11152.329,10974.455,10793.915,10611.124,10426.491,10240.411,10053.268,9865.435,9677.273,9489.131,9301.345,9114.240,8928.129,8743.310,8560.072,8378.690,8199.426,8022.533,7848.250,7676.808,7508.424,7343.307,7181.657,7023.663,6869.507,6719.362,6573.395,6431.764,6294.622,6162.116,6034.385,5911.563,5793.780,5681.160,5573.821,5471.875,5375.429,5284.585,5199.438,5120.079,5046.590,4979.049,4917.528,4862.091,4812.796,4769.697,4732.841,4702.270,4678.020,4660.123,4648.607,4643.497,4644.812,4652.571,4666.790,4687.481,4714.658,4748.328,4788.502,4835.186,4888.387,4948.110,5014.358,5087.132,5166.431,5252.252,5344.589,5443.431,5548.763,5660.566,5778.813,5903.469,6034.494,6171.834,6315.428,6465.201,6621.062,6782.908,6950.617,7124.048,7303.041,7487.411,7676.953,7871.433,8070.591,8274.138,8481.755,8693.095,8907.776,9125.386,9345.482,9567.588,9791.201,10015.788,10240.787,10465.615,10689.667,10912.318,11132.931,11350.854,11565.433,11776.008,11981.922,12182.523,12377.170,12565.235,12746.110,12919.207,13083.966,13239.857,13386.378,13523.068,13649.501,13765.292,13870.096,13963.616,14045.596,14115.828,14174.151,14220.448,14254.651,14276.737,14286.728,14284.691,14270.735,14245.011,14207.706,14159.046,14099.292,14028.735,13947.694,13856.516,13755.568,13645.240,13525.935,13398.072,13262.077,13118.386,12967.438,12809.674,12645.533,12475.450,12299.855,12119.168,11933.802,11744.156,11550.617,11353.557,11153.334,10950.288,10744.746,10537.015,10327.386,10116.133,9903.512,9689.764,9475.112,9259.764,9043.911,8827.731,8611.386,8395.024,8178.782,7962.784,7747.141,7531.955,7317.317,7103.309,6890.003,6677.463,6465.747,6254.904,6044.978,5836.005,5628.017,5421.039,5215.092,5010.192,4806.349,4603.570,4401.858,4201.210,4001.620,3803.076,3605.564,3409.064,3213.554,3019.006,2825.389,2632.667,2440.801,2249.746,2059.456,1869.879,1680.962,1492.646,1304.871,1117.575,930.689,744.147,557.880,371.814,185.879,0.000
0.000,796.356,1587.973,2370.209,3138.625,3889.083,4617.812,5321.474,5997.201,6642.617,7255.845,7835.491,8380.622,8890.732,9365.697,9805.726,10211.320,10583.213,10922.334,11229.759,11506.674,11754.338,11974.056,12167.152,12334.948,12478.749,12599.831,12699.428,12778.730,12838.876,12880.949,12905.983,12914.957,12908.797,12888.383,12854.545,12808.073,12749.713,12680.176,12600.140,12510.252,12411.128,12303.364,12187.530,12064.178,11933.839,11797.030,11654.251,11505.990,11352.721,11194.905,11032.993,10867.423,10698.625,10527.015,10353.000,10176.974,9999.325,9820.424,9640.635,9460.308,9279.784,9099.391,8919.444,8740.249,8562.099,8385.276,8210.050,8036.680,7865.414,7696.491,7530.138,7366.574,7206.007,7048.638,6894.659,6744.255,6597.602,6454.871,6316.227,6181.829,6051.828,5926.372,5805.604,5689.660,5578.674,5472.771,5372.072,5276.695,5186.748,5102.335,5023.554,4950.494,4883.240,4821.869,4766.449,4717.042,4673.705,4636.487,4605.429,4580.569,4561.938,4549.561,4543.462,4543.659,4550.165,4562.995,4582.157,4607.660,4639.510,4677.712,4722.269,4773.186,4830.463,4894.099,4964.096,5040.449,5123.153,5212.201,5307.582,5409.281,5517.278,5631.549,5752.063,5878.780,6011.653,6150.624,6295.625,6446.572,6603.372,6765.911,6934.059,7107.667,7286.565,7470.559,7659.430,7852.934,8050.797,8252.718,8458.364,8667.372,8879.348,9093.864,9310.463,9528.657,9747.931,9967.742,10187.524,10406.687,10624.627,10840.722,11054.342,11264.849,11471.603,11673.968,11871.310,12063.010,12248.460,12427.072,12598.279,12761.538,12916.339,13062.198,13198.668,13325.337,13441.833,13547.823,13643.016,13727.162,13800.056,13861.534,13911.480,13949.819,13976.518,13991.590,13995.085,13987.097,13967.754,13937.225,13895.711,13843.444,13780.688,13707.735,13624.897,13532.512,13430.936,13320.539,13201.707,13074.833,12940.321,12798.578,12650.011,12495.033,12334.047,12167.458,11995.660,11819.041,11637.979,11452.839,11263.976,11071.731,10876.430,10678.386,10477.896,10275.241,10070.688,9864.488,9656.875,9448.072,9238.282,9027.698,8816.498,8604.844,8392.889,8180.772,7968.620,7756.550,7544.667,7333.070,7121.844,6911.068,6700.813,6491.142,6282.112,6073.771,5866.163,5659.325,5453.291,5248.086,5043.732,4840.247,4637.643,4435.928,4235.106,4035.176,3836.134,3637.971,3440.674,3244.225,3048.604,2853.786,2659.742,2466.438,2273.839,2081.904,1890.590,1699.850,1509.635,1319.891,1130.563,941.595,752.925,564.494,376.239,188.096,0.000
0.000,747.437,1490.708,2225.723,2948.561,3655.544,4343.300,5008.814,5649.461,6263.032,6847.738,7402.205,7925.456,8416.889,8876.239,9303.544,9699.106,10063.450,10397.287,10701.473,10976.982,11224.866,11446.238,11642.240,11814.030,11962.764,12089.582,12195.601,12281.902,12349.533,12399.499,12432.762,12450.241,12452.814,12441.314,12416.538,12379.242,12330.146,12269.939,12199.278,12118.792,12029.086,11930.738,11824.307,11710.332,11589.336,11461.821,11328.280,11189.188,11045.007,10896.190,10743.176,10586.392,10426.256,10263.174,10097.541,9929.742,9760.151,9589.133,9417.038,9244.209,9070.977,8897.660,8724.567,8551.996,8380.233,8209.553,8040.223,7872.497,7706.620,7542.827,7381.344,7222.388,7066.169,6912.887,6762.736,6615.903,6472.568,6332.907,6197.088,6065.276,5937.630,5814.304,5695.448,5581.208,5471.725,5367.133,5267.564,5173.141,5083.984,5000.205,4921.908,4849.191,4782.145,4720.850,4665.382,4615.806,4572.181,4534.555,4502.973,4477.470,4458.077,4444.817,4437.711,4436.773,4442.015,4453.446,4471.072,4494.895,4524.921,4561.148,4603.578,4652.211,4707.043,4768.074,4835.299,4908.715,4988.313,5074.088,5166.027,5264.116,5368.339,5478.672,5595.087,5717.551,5846.020,5980.444,6120.762,6266.901,6418.775,6576.282,6739.306,6907.710,7081.339,7260.014,7443.532,7631.666,7824.160,8020.730,8221.059,8424.803,8631.584,8840.991,9052.584,9265.891,9480.411,9695.616,9910.954,10125.851,10339.715,10551.941,10761.910,10969.001,11172.590,11372.053,11566.775,11756.152,11939.592,12116.524,12286.398,12448.687,12602.895,12748.555,12885.231,13012.526,13130.076,13237.558,13334.687,13421.218,13496.948,13561.715,13615.397,13657.915,13689.229,13709.340,13718.286,13716.144,13703.027,13679.080,13644.485,13599.450,13544.213,13479.038,13404.210,13320.037,13226.846,13124.976,13014.782,12896.630,12770.890,12637.942,12498.164,12351.939,12199.648,12041.666,11878.366,11710.112,11537.262,11360.161,11179.148,10994.546,10806.670,10615.818,10422.277,10226.319,10028.204,9828.175,9626.465,9423.289,9218.852,9013.344,8806.943,8599.813,8392.108,8183.969,7975.528,7766.904,7558.209,7349.542,7140.998,6932.659,6724.603,6516.897,6309.604,6102.781,5896.474,5690.730,5485.585,5281.072,5077.220,4874.051,4671.585,4469.834,4268.809,4068.515,3868.954,3670.122,3472.013,3274.615,3077.914,2881.892,2686.526,2491.789,2297.653,2104.084,1911.047,1718.501,1526.404,1334.713,1143.379,952.353,761.583,571.018,380.603,190.282,0.000
0.000,702.710,1401.740,2093.472,2774.426,3441.324,4091.139,4721.143,5328.937,5912.468,6470.043,7000.323,7502.315,7975.351,8419.063,8833.356,9218.377,9574.478,9902.188,10202.180,10475.242,10722.250,10944.145,11141.910,11316.554,11469.094,11600.546,11711.915,11804.183,11878.307,11935.214,11975.798,12000.918,12011.400,12008.032,11991.571,11962.740,11922.230,11870.706,11808.800,11737.123,11656.261,11566.779,11469.220,11364.110,11251.957,11133.255,11008.480,10878.099,10742.562,10602.310,10457.770,10309.360,10157.483,10002.537,9844.905,9684.961,9523.069,9359.582,9194.842,9029.182,8862.923,8696.375,8529.839,8363.604,8197.952,8033.151,7869.461,7707.133,7546.408,7387.517,7230.684,7076.126,6924.051,6774.659,6628.145,6484.700,6344.505,6207.741,6074.579,5945.191,5819.741,5698.392,5581.299,5468.619,5360.499,5257.084,5158.515,5064.925,4976.443,4893.188,4815.274,4742.806,4675.882,4614.589,4559.005,4509.199,4465.231,4427.154,4395.009,4368.832,4348.651,4334.487,4326.358,4324.274,4328.243,4338.270,4354.355,4376.498,4404.699,4438.953,4479.258,4525.610,4578.004,4636.434,4700.896,4771.383,4847.889,4930.405,5018.920,5113.423,5213.898,5320.327,5432.685,5550.943,5675.067,5805.013,5940.729,6082.153,6229.210,6381.813,6539.858,6703.224,6871.773,7045.342,7223.747,7406.779,7594.201,7785.746,7981.118,8179.989,8381.999,8586.753,8793.827,9002.762,9213.071,9424.238,9635.723,9846.963,10057.374,10266.363,10473.322,10677.639,10878.701,11075.896,11268.620,11456.281,11638.301,11814.121,11983.204,12145.038,12299.137,12445.047,12582.346,12710.643,12829.588,12938.861,13038.186,13127.320,13206.063,13274.253,13331.764,13378.513,13414.453,13439.575,13453.906,13457.508,13450.479,13432.946,13405.070,13367.036,13319.062,13261.384,13194.264,13117.983,13032.839,12939.146,12837.230,12727.428,12610.085,12485.550,12354.180,12216.328,12072.352,11922.603,11767.432,11607.183,11442.191,11272.788,11099.292,10922.014,10741.253,10557.298,10370.423,10180.893,9988.959,9794.859,9598.821,9401.056,9201.766,9001.141,8799.357,8596.581,8392.966,8188.656,7983.785,7778.477,7572.846,7366.998,7161.029,6955.028,6749.078,6543.251,6337.616,6132.234,5927.160,5722.443,5518.128,5314.252,5110.850,4907.951,4705.579,4503.753,4302.490,4101.801,3901.692,3702.167,3503.225,3304.862,3107.067,2909.831,2713.136,2516.964,2321.290,2126.091,1931.335,1736.991,1543.025,1349.399,1156.074,963.008,770.157,577.478,384.923,192.446,0.000
0.000,661.688,1320.112,1972.057,2614.423,3244.277,3858.896,4455.809,5032.817,5588.018,6119.817,6626.920,7108.337,7563.358,7991.543,8392.696,8766.837,9114.181,9435.106,9730.130,9999.885,10245.092,10466.542,10665.076,10841.568,10996.912,11132.008,11247.758,11345.047,11424.750,11487.718,11534.775,11566.724,11584.336,11588.355,11579.497,11558.450,11525.874,11482.405,11428.654,11365.209,11292.637,11211.485,11122.280,11025.533,10921.738,10811.375,10694.910,10572.794,10445.467,10313.357,10176.879,10036.439,9892.432,9745.241,9595.239,9442.789,9288.245,9131.949,8974.234,8815.422,8655.826,8495.747,8335.478,8175.300,8015.488,7856.305,7698.005,7540.832,7385.024,7230.809,7078.409,6928.038,6779.902,6634.202,6491.134,6350.890,6213.654,6079.607,5948.930,5821.796,5698.377,5578.842,5463.355,5352.080,5245.174,5142.793,5045.086,4952.197,4864.264,4781.416,4703.776,4631.459,4564.566,4503.192,4447.419,4397.320,4352.957,4314.382,4281.638,4254.757,4233.765,4218.681,4209.516,4206.278,4208.969,4217.589,4232.134,4252.600,4278.979,4311.266,4349.452,4393.529,4443.491,4499.330,4561.037,4628.607,4702.032,4781.303,4866.412,4957.349,5054.101,5156.654,5264.989,5379.085,5498.913,5624.441,5755.625,5892.417,6034.755,6182.565,6335.761,6494.240,6657.880,6826.538,7000.052,7178.231,7360.859,7547.689,7738.446,7932.819,8130.465,8331.008,8534.034,8739.101,8945.731,9153.418,9361.630,9569.810,9777.383,9983.759,10188.337,10390.512,10589.676,10785.224,10976.560,11163.101,11344.278,11519.541,11688.364,11850.243,12004.706,12151.307,12289.633,12419.304,12539.974,12651.334,12753.110,12845.065,12926.998,12998.747,13060.186,13111.225,13151.813,13181.931,13201.595,13210.857,13209.797,13198.528,13177.190,13145.953,13105.009,13054.574,12994.887,12926.204,12848.799,12762.960,12668.988,12567.194,12457.898,12341.425,12218.105,12088.271,11952.254,11810.387,11662.998,11510.410,11352.945,11190.912,11024.617,10854.356,10680.415,10503.071,10322.589,10139.224,9953.221,9764.811,9574.217,9381.647,9187.301,8991.366,8794.018,8595.423,8395.736,8195.103,7993.660,7791.533,7588.840,7385.691,7182.186,6978.419,6774.475,6570.436,6366.372,6162.352,5958.434,5754.675,5551.123,5347.823,5144.814,4942.131,4739.803,4537.858,4336.315,4135.192,3934.501,3734.253,3534.452,3335.098,3136.191,2937.724,2739.686,2542.067,2344.850,2148.014,1951.539,1755.398,1559.566,1364.011,1168.701,973.604,778.682,583.899,389.218,194.597,0.000
0.000,623.957,1245.005,1860.280,2467.007,3062.556,3644.471,4210.505,4758.646,5287.131,5794.461,6279.397,6740.961,7178.425,7591.296,7979.302,8342.366,8680.590,8994.228,9283.668,9549.409,9792.038,10012.216,10210.659,10388.119,10545.379,10683.235,10802.489,10903.942,10988.385,11056.598,11109.341,11147.358,11171.368,11182.069,11180.137,11166.222,11140.955,11104.941,11058.766,11002.995,10938.174,10864.832,10783.478,10694.607,10598.698,10496.217,10387.614,10273.330,10153.790,10029.410,9900.594,9767.736,9631.217,9491.411,9348.678,9203.373,9055.836,8906.401,8755.389,8603.114,8449.879,8295.977,8141.692,7987.299,7833.063,7679.242,7526.084,7373.828,7222.707,7072.945,6924.761,6778.366,6633.965,6491.759,6351.943,6214.710,6080.246,5948.736,5820.364,5695.308,5573.747,5455.855,5341.808,5231.775,5125.925,5024.423,4927.430,4835.099,4747.580,4665.014,4587.531,4515.255,4448.297,4386.755,4330.718,4280.261,4235.449,4196.332,4162.952,4135.339,4113.517,4097.498,4087.290,4082.895,4084.308,4091.525,4104.536,4123.330,4147.897,4178.225,4214.300,4256.113,4303.653,4356.909,4415.873,4480.537,4550.892,4626.932,4708.649,4796.037,4889.086,4987.787,5092.128,5202.095,5317.669,5438.826,5565.537,5697.766,5835.466,5978.581,6127.042,6280.764,6439.647,6603.572,6772.395,6945.950,7124.042,7306.449,7492.913,7683.145,7876.821,8073.578,8273.019,8474.710,8678.183,8882.940,9088.451,9294.165,9499.507,9703.889,9906.712,10107.370,10305.258,10499.774,10690.326,10876.334,11057.235,11232.487,11401.569,11563.988,11719.276,11866.998,12006.749,12138.156,12260.880,12374.616,12479.096,12574.086,12659.387,12734.836,12800.305,12855.702,12900.968,12936.078,12961.038,12975.888,12980.695,12975.558,12960.601,12935.974,12901.852,12858.430,12805.926,12744.573,12674.623,12596.341,12510.005,12415.902,12314.329,12205.588,12089.987,11967.836,11839.446,11705.129,11565.194,11419.946,11269.689,11114.717,10955.321,10791.782,10624.376,10453.367,10279.013,10101.559,9921.242,9738.289,9552.916,9365.329,9175.724,8984.287,8791.192,8596.605,8400.683,8203.572,8005.410,7806.326,7606.441,7405.867,7204.710,7003.067,6801.029,6598.679,6396.095,6193.350,5990.507,5787.628,5584.768,5381.976,5179.297,4976.770,4774.433,4572.316,4370.446,4168.845,3967.533,3766.524,3565.829,3365.456,3165.409,2965.686,2766.287,2567.204,2368.427,2169.944,1971.739,1773.795,1576.091,1378.604,1181.310,984.181,787.190,590.308,393.503,196.744,0.000
0.000,589.158,1175.716,1757.108,2330.847,2894.563,3446.036,3983.221,4504.273,5007.560,5491.675,5955.438,6397.894,6818.309,7216.157,7591.107,7943.008,8271.871,8577.851,8861.224,9122.377,9361.783,9579.990,9777.600,9955.262,10113.655,10253.482,10375.454,10480.290,10568.708,10641.417,10699.116,10742.491,10772.212,10788.932,10793.284,10785.884,10767.328,10738.193,10699.038,10650.404,10592.816,10526.781,10452.791,10371.324,10282.842,10187.797,10086.625,9979.751,9867.588,9750.540,9628.997,9503.341,9373.942,9241.161,9105.350,8966.848,8825.989,8683.093,8538.473,8392.433,8245.266,8097.257,7948.681,7799.805,7650.888,7502.180,7353.922,7206.349,7059.687,6914.158,6769.976,6627.348,6486.479,6347.567,6210.807,6076.392,5944.512,5815.352,5689.101,5565.940,5446.056,5329.630,5216.845,5107.882,5002.918,4902.130,4805.690,4713.765,4626.516,4544.094,4466.642,4394.292,4327.164,4265.364,4208.984,4158.102,4112.785,4073.082,4039.034,4010.666,3987.997,3971.035,3959.781,3954.229,3954.372,3960.194,3971.681,3988.817,4011.584,4039.965,4073.944,4113.505,4158.634,4209.320,4265.551,4327.319,4394.616,4467.435,4545.773,4629.624,4718.985,4813.852,4914.220,5020.083,5131.433,5248.257,5370.540,5498.260,5631.388,5769.886,5913.704,6062.782,6217.040,6376.384,6540.696,6709.833,6883.627,7061.879,7244.355,7430.787,7620.868,7814.253,8010.558,8209.357,8410.191,8612.563,8815.945,9019.784,9223.503,9426.509,9628.200,9827.966,10025.199,10219.295,10409.661,10595.719,10776.906,10952.685,11122.540,11285.982,11442.552,11591.819,11733.385,11866.884,11991.983,12108.382,12215.817,12314.056,12402.903,12482.195,12551.802,12611.629,12661.612,12701.719,12731.948,12752.329,12762.917,12763.797,12755.080,12736.898,12709.409,12672.792,12627.242,12572.974,12510.219,12439.221,12360.236,12273.530,12179.379,12078.064,11969.871,11855.092,11734.016,11606.938,11474.147,11335.934,11192.583,11044.377,10891.590,10734.492,10573.347,10408.409,10239.925,10068.134,9893.266,9715.541,9535.170,9352.356,9167.291,8980.160,8791.135,8600.384,8408.061,8214.315,8019.286,7823.103,7625.892,7427.768,7228.838,7029.204,6828.962,6628.200,6426.999,6225.437,6023.583,5821.503,5619.257,5416.899,5214.480,5012.046,4809.638,4607.292,4405.040,4202.912,4000.931,3799.118,3597.491,3396.062,3194.840,2993.833,2793.044,2592.472,2392.114,2191.965,1992.014,1792.252,1592.664,1393.235,1193.947,994.780,795.715,596.727,397.795,198.894,0.000
0.000,556.984,1111.636,1661.650,2204.787,2738.908,3262.000,3772.198,4267.809,4747.322,5209.419,5652.979,6077.079,6480.986,6864.157,7226.218,7566.962,7886.327,8184.384,8461.321,8717.427,8953.079,9168.723,9364.868,9542.066,9700.906,9842.002,9965.987,10073.504,10165.198,10241.716,10303.697,10351.773,10386.564,10408.679,10418.711,10417.240,10404.827,10382.022,10349.355,10307.343,10256.487,10197.275,10130.180,10055.661,9974.164,9886.124,9791.962,9692.090,9586.908,9476.804,9362.157,9243.337,9120.701,8994.598,8865.368,8733.341,8598.839,8462.171,8323.641,8183.543,8042.159,7899.767,7756.633,7613.016,7469.166,7325.327,7181.733,7038.613,6896.189,6754.675,6614.282,6475.215,6337.674,6201.858,6067.958,5936.168,5806.679,5679.678,5555.357,5433.904,5315.508,5200.361,5088.653,4980.575,4876.315,4776.064,4680.006,4588.321,4501.183,4418.758,4341.201,4268.653,4201.245,4139.089,4082.284,4030.910,3985.033,3944.703,3909.956,3880.813,3857.287,3839.379,3827.082,3820.384,3819.267,3823.711,3833.691,3849.186,3870.170,3896.622,3928.520,3965.845,4008.579,4056.707,4110.218,4169.101,4233.349,4302.958,4377.924,4458.248,4543.930,4634.973,4731.380,4833.155,4940.299,5052.813,5170.698,5293.946,5422.549,5556.488,5695.737,5840.257,5989.998,6144.890,6304.844,6469.746,6639.455,6813.798,6992.569,7175.522,7362.370,7552.785,7746.394,7942.781,8141.488,8342.020,8543.846,8746.405,8949.112,9151.366,9352.554,9552.057,9749.258,9943.547,10134.326,10321.013,10503.047,10679.888,10851.024,11015.970,11174.270,11325.499,11469.265,11605.207,11732.998,11852.342,11962.980,12064.682,12157.254,12240.533,12314.390,12378.725,12433.470,12478.588,12514.071,12539.937,12556.233,12563.032,12560.429,12548.545,12527.521,12497.517,12458.714,12411.307,12355.508,12291.542,12219.645,12140.065,12053.056,11958.882,11857.808,11750.107,11636.052,11515.919,11389.981,11258.511,11121.782,10980.059,10833.605,10682.679,10527.531,10368.407,10205.546,10039.177,9869.525,9696.803,9521.219,9342.970,9162.248,8979.232,8794.096,8607.005,8418.116,8227.577,8035.529,7842.104,7647.430,7451.623,7254.796,7057.055,6858.496,6659.214,6459.295,6258.819,6057.861,5856.492,5654.777,5452.776,5250.543,5048.130,4845.583,4642.945,4440.252,4237.540,4034.838,3832.173,3629.566,3427.038,3224.603,3022.275,2820.062,2617.970,2416.003,2214.160,2012.440,1810.838,1609.347,1407.958,1206.660,1005.441,804.286,603.181,402.110,201.055,0.000
0.000,527.168,1052.236,1573.128,2087.820,2594.377,3090.968,3575.891,4047.588,4504.662,4945.879,5370.177,5776.666,6164.629,6533.509,6882.907,7212.571,7522.382,7812.344,8082.569,8333.268,8564.732,8777.323,8971.463,9147.622,9306.307,9448.055,9573.424,9682.987,9777.326,9857.024,9922.667,9974.834,10014.099,10041.027,10056.170,10060.074,10053.268,10036.270,10009.583,9973.700,9929.099,9876.245,9815.592,9747.581,9672.641,9591.190,9503.634,9410.371,9311.784,9208.251,9100.136,8987.796,8871.576,8751.815,8628.840,8502.969,8374.513,8243.773,8111.041,7976.599,7840.724,7703.682,7565.730,7427.119,7288.092,7148.885,7009.725,6870.834,6732.428,6594.716,6457.905,6322.194,6187.781,6054.860,5923.624,5794.264,5666.971,5541.936,5419.350,5299.408,5182.306,5068.241,4957.413,4850.024,4746.275,4646.370,4550.507,4458.883,4371.686,4289.098,4211.287,4138.409,4070.602,4007.988,3950.672,3898.736,3852.246,3811.250,3775.779,3745.848,3721.462,3702.613,3689.285,3681.456,3679.100,3682.186,3690.683,3704.560,3723.786,3748.332,3778.170,3813.278,3853.633,3899.219,3950.021,4006.030,4067.237,4133.641,4205.241,4282.041,4364.048,4451.270,4543.718,4641.408,4744.352,4852.566,4966.065,5084.861,5208.964,5338.380,5473.107,5613.134,5758.437,5908.979,6064.701,6225.521,6391.331,6561.988,6737.314,6917.089,7101.050,7288.883,7480.230,7674.679,7871.774,8071.017,8271.866,8473.749,8676.067,8878.202,9079.524,9279.401,9477.201,9672.302,9864.097,10051.997,10235.436,10413.873,10586.795,10753.720,10914.195,11067.799,11214.145,11352.876,11483.672,11606.241,11720.326,11825.703,11922.179,12009.592,12087.812,12156.737,12216.297,12266.449,12307.179,12338.496,12360.440,12373.071,12376.474,12370.756,12356.043,12332.482,12300.236,12259.485,12210.423,12153.257,12088.206,12015.498,11935.372,11848.072,11753.846,11652.950,11545.640,11432.174,11312.813,11187.813,11057.432,10921.925,10781.540,10636.526,10487.122,10333.565,10176.085,10014.905,9850.242,9682.304,9511.295,9337.408,9160.830,8981.742,8800.313,8616.709,8431.086,8243.594,8054.373,7863.560,7671.281,7477.659,7282.808,7086.835,6889.844,6691.930,6493.185,6293.694,6093.535,5892.785,5691.513,5489.783,5287.656,5085.188,4882.431,4679.431,4476.233,4272.875,4069.393,3865.819,3662.182,3458.505,3254.811,3051.118,2847.441,2643.792,2440.179,2236.611,2033.091,1829.620,1626.199,1422.825,1219.494,1016.199,812.935,609.693,406.463,203.235,0.000
0.000,499.476,997.057,1490.864,1979.067,2459.906,2931.715,3392.937,3842.138,4278.021,4699.435,5105.376,5494.993,5867.582,6222.587,6559.591,6878.309,7178.577,7460.347,7723.668,7968.682,8195.610,8404.740,8596.420,8771.046,8929.053,9070.908,9197.102,9308.143,9404.554,9486.862,9555.598,9611.294,9654.479,9685.675,9705.399,9714.158,9712.451,9700.764,9679.575,9649.351,9610.547,9563.606,9508.962,9447.037,9378.243,9302.980,9221.640,9134.603,9042.242,8944.918,8842.983,8736.780,8626.644,8512.899,8395.861,8275.839,8153.131,8028.026,7900.809,7771.750,7641.116,7509.164,7376.143,7242.295,7107.854,6973.048,6838.097,6703.217,6568.616,6434.498,6301.063,6168.507,6037.022,5906.801,5778.032,5650.906,5525.613,5402.344,5281.295,5162.663,5046.650,4933.461,4823.306,4716.397,4612.951,4513.186,4417.317,4325.558,4238.116,4155.190,4076.965,4003.610,3935.279,3872.100,3814.184,3761.617,3714.463,3672.767,3636.552,3605.827,3580.585,3560.808,3546.470,3537.536,3533.970,3535.730,3542.775,3555.066,3572.562,3595.229,3623.034,3655.946,3693.942,3737.002,3785.109,3838.253,3896.427,3959.630,4027.864,4101.138,4179.465,4262.859,4351.343,4444.939,4543.675,4647.582,4756.690,4871.031,4990.640,5115.544,5245.770,5381.336,5522.252,5668.513,5820.097,5976.959,6139.025,6306.189,6478.305,6655.184,6836.584,7022.214,7211.724,7404.711,7600.714,7799.225,7999.690,8201.516,8404.084,8606.750,8808.862,9009.765,9208.807,9405.350,9598.771,9788.471,9973.877,10154.444,10329.657,10499.034,10662.124,10818.511,10967.812,11109.676,11243.785,11369.854,11487.630,11596.893,11697.451,11789.146,11871.845,11945.448,12009.879,12065.094,12111.072,12147.817,12175.358,12193.748,12203.061,12203.391,12194.853,12177.579,12151.718,12117.435,12074.908,12024.328,11965.898,11899.830,11826.345,11745.670,11658.039,11563.690,11462.865,11355.807,11242.760,11123.970,10999.679,10870.131,10735.563,10596.211,10452.307,10304.078,10151.746,9995.528,9835.632,9672.264,9505.622,9335.895,9163.268,8987.919,8810.016,8629.725,8447.200,8262.593,8076.046,7887.695,7697.670,7506.095,7313.087,7118.757,6923.212,6726.552,6528.870,6330.257,6130.796,5930.566,5729.643,5528.095,5325.989,5123.384,4920.338,4716.903,4513.127,4309.056,4104.730,3900.187,3695.461,3490.581,3285.575,3080.468,2875.279,2670.027,2464.729,2259.395,2054.037,1848.663,1643.278,1437.887,1232.491,1027.093,821.691,616.283,410.868,205.441,0.000
0.000,473.706,945.696,1414.266,1877.754,2334.561,2783.162,3222.132,3650.150,4066.012,4468.644,4857.098,5230.560,5588.348,5929.912,6254.822,6562.772,6853.565,7127.106,7383.396,7622.520,7844.638,8049.975,8238.814,8411.485,8568.361,8709.846,8836.368,8948.380,9046.346,9130.744,9202.054,9260.763,9307.356,9342.316,9366.123,9379.249,9382.161,9375.319,9359.171,9334.159,9300.715,9259.262,9210.212,9153.968,9090.924,9021.465,8945.965,8864.790,8778.297,8686.834,8590.740,8490.344,8385.968,8277.925,8166.521,8052.049,7934.800,7815.051,7693.074,7569.133,7443.482,7316.370,7188.037,7058.716,6928.631,6798.003,6667.045,6535.963,6404.959,6274.231,6143.972,6014.374,5885.622,5757.905,5631.409,5506.320,5382.828,5261.126,5141.410,5023.880,4908.744,4796.214,4686.512,4579.861,4476.495,4376.646,4280.550,4188.443,4100.552,4017.096,3938.281,3864.294,3795.301,3731.443,3672.837,3619.569,3571.704,3529.279,3492.309,3460.793,3434.711,3414.031,3398.715,3388.713,3383.975,3384.449,3390.083,3400.826,3416.630,3437.452,3463.252,3493.996,3529.656,3570.207,3615.633,3665.921,3721.066,3781.068,3845.934,3915.675,3990.309,4069.862,4154.361,4243.844,4338.349,4437.923,4542.615,4652.480,4767.572,4887.948,5013.665,5144.772,5281.317,5423.331,5570.835,5723.823,5882.266,6046.098,6215.210,6389.448,6568.599,6752.392,6940.489,7132.490,7327.929,7526.284,7726.977,7929.389,8132.868,8336.740,8540.320,8742.922,8943.868,9142.495,9338.164,9530.261,9718.201,9901.434,10079.443,10251.743,10417.887,10577.462,10730.088,10875.421,11013.148,11142.990,11264.698,11378.055,11482.874,11578.997,11666.294,11744.663,11814.028,11874.341,11925.576,11967.732,12000.831,12024.917,12040.056,12046.331,12043.845,12032.717,12013.084,11985.098,11948.920,11904.730,11852.712,11793.066,11725.996,11651.716,11570.442,11482.399,11387.814,11286.916,11179.938,11067.109,10948.663,10824.829,10695.835,10561.907,10423.268,10280.137,10132.727,9981.248,9825.905,9666.897,9504.416,9338.651,9169.783,8997.986,8823.430,8646.276,8466.682,8284.798,8100.767,7914.727,7726.810,7537.142,7345.843,7153.027,6958.804,6763.276,6566.543,6368.696,6169.826,5970.015,5769.343,5567.883,5365.706,5162.877,4959.459,4755.508,4551.079,4346.221,4140.981,3935.402,3729.522,3523.378,3317.002,3110.424,2903.671,2696.767,2489.734,2282.589,2075.349,1868.028,1660.640,1453.192,1245.696,1038.157,830.581,622.974,415.339,207.680,0.000
0.000,449.678,897.797,1342.810,1783.202,2217.515,2644.354,3062.410,3470.463,3867.399,4252.211,4624.007,4982.013,5325.570,5654.134,5967.276,6264.671,6546.097,6811.425,7060.615,7293.704,7510.800,7712.076,7897.757,8068.117,8223.472,8364.168,8490.582,8603.111,8702.170,8788.187,8861.598,8922.845,8972.374,9010.630,9038.056,9055.093,9062.177,9059.737,9048.198,9027.975,8999.478,8963.107,8919.254,8868.304,8810.633,8746.608,8676.588,8600.923,8519.955,8434.019,8343.438,8248.531,8149.606,8046.964,7940.897,7831.691,7719.621,7604.956,7487.958,7368.878,7247.963,7125.450,7001.571,6876.548,6750.598,6623.933,6496.756,6369.267,6241.659,6114.124,5986.847,5860.012,5733.802,5608.397,5483.979,5360.733,5238.845,5118.507,4999.915,4883.273,4768.793,4656.697,4547.214,4440.584,4337.055,4236.879,4140.317,4047.625,3959.059,3874.862,3795.263,3720.472,3650.670,3586.013,3526.622,3472.587,3423.968,3380.794,3343.070,3310.778,3283.884,3262.341,3246.091,3235.070,3229.213,3228.453,3232.725,3241.967,3256.123,3275.140,3298.971,3327.577,3360.925,3398.987,3441.745,3489.187,3541.307,3598.106,3659.594,3725.788,3796.712,3872.398,3952.885,4038.218,4128.454,4223.653,4323.884,4429.223,4539.751,4655.554,4776.719,4903.334,5035.484,5173.246,5316.685,5465.845,5620.745,5781.366,5947.647,6119.472,6296.663,6478.972,6666.077,6857.577,7052.997,7251.791,7453.353,7657.025,7862.112,8067.897,8273.654,8478.655,8682.190,8883.566,9082.119,9277.219,9468.268,9654.708,9836.017,10011.711,10181.345,10344.508,10500.827,10649.962,10791.608,10925.489,11051.365,11169.023,11278.278,11378.977,11470.991,11554.219,11628.583,11694.033,11750.540,11798.098,11836.725,11866.455,11887.346,11899.473,11902.928,11897.820,11884.273,11862.425,11832.428,11794.444,11748.647,11695.221,11634.357,11566.253,11491.114,11409.150,11320.575,11225.606,11124.460,11017.359,10904.522,10786.169,10662.517,10533.784,10400.183,10261.925,10119.217,9972.263,9821.262,9666.407,9507.888,9345.889,9180.589,9012.159,8840.769,8666.580,8489.748,8310.423,8128.750,7944.869,7758.913,7571.009,7381.281,7189.846,6996.815,6802.296,6606.391,6409.197,6210.806,6011.307,5810.782,5609.310,5406.967,5203.823,4999.943,4795.392,4590.227,4384.503,4178.274,3971.585,3764.482,3557.006,3349.196,3141.087,2932.711,2724.097,2515.274,2306.265,2097.093,1887.778,1678.338,1468.789,1259.147,1049.424,839.634,629.786,419.891,209.959,0.000
0.000,427.234,853.050,1276.035,1694.809,2108.037,2514.442,2912.818,3302.040,3681.072,4048.973,4404.905,4748.129,5078.013,5394.026,5695.739,5982.817,6255.020,6512.192,6754.259,6981.219,7193.138,7390.140,7572.403,7740.152,7893.651,8033.197,8159.118,8271.762,8371.498,8458.710,8533.791,8597.143,8649.174,8690.292,8720.908,8741.430,8752.264,8753.814,8746.475,8730.641,8706.697,8675.023,8635.991,8589.967,8537.307,8478.364,8413.478,8342.985,8267.214,8186.482,8101.102,8011.377,7917.605,7820.073,7719.062,7614.845,7507.687,7397.847,7285.574,7171.110,7054.691,6936.546,6816.894,6695.950,6573.922,6451.012,6327.414,6203.320,6078.915,5954.381,5829.896,5705.638,5581.781,5458.501,5335.973,5214.376,5093.894,4974.715,4857.036,4741.063,4627.012,4515.111,4405.601,4298.736,4194.781,4094.014,3996.718,3903.182,3813.689,3728.514,3647.917,3572.131,3501.362,3435.777,3375.506,3320.640,3271.232,3227.300,3188.835,3155.800,3128.140,3105.787,3088.664,3076.689,3069.777,3067.847,3070.818,3078.618,3091.178,3108.436,3130.340,3156.843,3187.906,3223.502,3263.607,3308.210,3357.305,3410.895,3468.993,3531.621,3598.808,3670.593,3747.025,3828.162,3914.072,4004.835,4100.537,4201.278,4307.166,4418.316,4534.851,4656.899,4784.589,4918.047,5057.390,5202.717,5354.105,5511.593,5675.174,5844.782,6020.279,6201.446,6387.977,6579.471,6775.438,6975.301,7178.410,7384.058,7591.494,7799.944,8008.625,8216.763,8423.602,8628.414,8830.508,9029.231,9223.972,9414.164,9599.280,9778.838,9952.393,10119.541,10279.913,10433.179,10579.037,10717.222,10847.499,10969.659,11083.525,11188.946,11285.796,11373.974,11453.406,11524.037,11585.836,11638.795,11682.925,11718.255,11744.836,11762.733,11772.031,11772.827,11765.235,11749.382,11725.408,11693.463,11653.709,11606.315,11551.461,11489.331,11420.119,11344.021,11261.239,11171.977,11076.443,10974.845,10867.393,10754.296,10635.764,10512.004,10383.223,10249.622,10111.404,9968.765,9821.900,9670.997,9516.242,9357.816,9195.894,9030.649,8862.247,8690.848,8516.608,8339.679,8160.205,7978.328,7794.182,7607.897,7419.599,7229.408,7037.438,6843.800,6648.600,6451.939,6253.912,6054.612,5854.127,5652.539,5449.929,5246.371,5041.937,4836.694,4630.706,4424.033,4216.732,4008.856,3800.454,3591.575,3382.260,3172.551,2962.486,2752.101,2541.427,2330.495,2119.334,1907.970,1696.425,1484.723,1272.885,1060.929,848.875,636.738,424.536,212.285,0.000
0.000,406.235,811.175,1213.531,1612.040,2005.478,2392.672,2772.511,3143.954,3506.039,3857.887,4198.706,4527.799,4844.557,5148.466,5439.098,5716.117,5979.267,6228.374,6463.334,6684.115,6890.746,7083.311,7261.947,7426.835,7578.193,7716.277,7841.367,7953.771,8053.813,8141.838,8218.199,8283.261,8337.395,8380.976,8414.383,8437.994,8452.186,8457.335,8453.814,8441.991,8422.229,8394.887,8360.318,8318.867,8270.875,8216.675,8156.594,8090.952,8020.061,7944.226,7863.746,7778.911,7690.005,7597.305,7501.077,7401.586,7299.084,7193.817,7086.026,6975.942,6863.791,6749.790,6634.150,6517.076,6398.765,6279.410,6159.198,6038.308,5916.919,5795.203,5673.330,5551.468,5429.784,5308.445,5187.620,5067.483,4948.210,4829.987,4713.009,4597.480,4483.621,4371.666,4261.867,4154.492,4049.828,3948.177,3849.853,3755.179,3664.476,3578.057,3496.220,3419.229,3347.317,3280.668,3219.421,3163.665,3113.445,3068.763,3029.588,2995.860,2967.499,2944.412,2926.496,2913.649,2905.764,2902.741,2904.486,2910.911,2921.936,2937.491,2957.513,2981.951,3010.762,3043.914,3081.382,3123.154,3169.223,3219.596,3274.287,3333.323,3396.738,3464.578,3536.903,3613.781,3695.294,3781.538,3872.621,3968.665,4069.804,4176.187,4287.975,4405.338,4528.454,4657.503,4792.661,4934.094,5081.945,5236.323,5397.287,5564.831,5738.870,5919.222,6105.599,6297.599,6494.710,6696.313,6901.702,7110.099,7320.683,7532.603,7745.009,7957.064,8167.959,8376.924,8583.236,8786.218,8985.244,9179.737,9369.169,9553.057,9730.962,9902.485,10067.267,10224.983,10375.343,10518.089,10652.993,10779.854,10898.502,11008.789,11110.593,11203.816,11288.384,11364.242,11431.359,11489.722,11539.338,11580.232,11612.447,11636.043,11651.094,11657.690,11655.936,11645.946,11627.852,11601.791,11567.913,11526.377,11477.350,11421.005,11357.524,11287.090,11209.896,11126.133,11035.999,10939.692,10837.411,10729.357,10615.731,10496.732,10372.558,10243.405,10109.469,9970.941,9828.010,9680.861,9529.675,9374.632,9215.904,9053.660,8888.067,8719.284,8547.468,8372.769,8195.333,8015.303,7832.816,7648.003,7460.991,7271.904,7080.860,6887.972,6693.349,6497.097,6299.314,6100.098,5899.540,5697.727,5494.745,5290.671,5085.583,4879.553,4672.650,4464.938,4256.478,4047.331,3837.550,3627.187,3416.292,3204.910,2993.086,2780.859,2568.268,2355.350,2142.137,1928.661,1714.952,1501.039,1286.947,1072.703,858.330,643.851,429.288,214.664,0.000
0.000,386.557,771.929,1154.937,1534.421,1909.258,2278.370,2640.730,2995.375,3341.408,3678.009,4004.433,4320.018,4624.182,4916.427,5196.334,5463.564,5717.853,5959.011,6186.914,6401.502,6602.774,6790.781,6965.623,7127.443,7276.422,7412.774,7536.740,7648.590,7748.609,7837.104,7914.392,7980.803,8036.676,8082.353,8118.183,8144.514,8161.698,8170.084,8170.021,8161.853,8145.922,8122.567,8092.120,8054.910,8011.258,7961.481,7905.891,7844.791,7778.479,7707.247,7631.379,7551.153,7466.840,7378.703,7287.000,7191.981,7093.887,6992.956,6889.414,6783.485,6675.381,6565.312,6453.477,6340.071,6225.283,6109.294,5992.281,5874.415,5755.864,5636.790,5517.355,5397.715,5278.030,5158.457,5039.156,4920.293,4802.037,4684.568,4568.076,4452.764,4338.854,4226.586,4116.219,4008.040,3902.355,3799.497,3699.814,3603.671,3511.436,3423.471,3340.118,3261.686,3188.438,3120.580,3058.261,3001.567,2950.527,2905.122,2865.292,2830.947,2801.976,2778.252,2759.647,2746.029,2737.270,2733.250,2733.855,2738.985,2748.546,2762.458,2780.651,2803.069,2829.662,2860.396,2895.243,2934.190,2977.231,3024.375,3075.638,3131.049,3190.650,3254.494,3322.646,3395.189,3472.217,3553.842,3640.190,3731.408,3827.659,3929.125,4036.005,4148.515,4266.888,4391.362,4522.184,4659.593,4803.814,4955.037,5113.405,5278.990,5451.772,5631.616,5818.260,6011.301,6210.195,6414.269,6622.737,6834.733,7049.336,7265.604,7482.596,7699.402,7915.149,8129.018,8340.250,8548.143,8752.055,8951.404,9145.659,9334.342,9517.019,9693.302,9862.840,10025.320,10180.462,10328.019,10467.771,10599.527,10723.122,10838.416,10945.291,11043.652,11133.426,11214.561,11287.023,11350.797,11405.888,11452.316,11490.119,11519.349,11540.075,11552.378,11556.352,11552.106,11539.759,11519.438,11491.283,11455.443,11412.072,11361.335,11303.400,11238.442,11166.641,11088.179,11003.244,10912.025,10814.711,10711.495,10602.569,10488.125,10368.354,10243.447,10113.591,9978.975,9839.781,9696.191,9548.384,9396.534,9240.815,9081.392,8918.431,8752.091,8582.527,8409.892,8234.333,8055.992,7875.009,7691.517,7505.645,7317.520,7127.263,6934.990,6740.814,6544.842,6347.180,6147.927,5947.179,5745.028,5541.562,5336.866,5131.021,4924.103,4716.185,4507.339,4297.630,4087.121,3875.874,3663.945,3451.388,3238.255,3024.594,2810.452,2595.872,2380.895,2165.561,1949.908,1733.969,1517.780,1301.373,1084.777,868.024,651.142,434.159,217.102,0.000
0.000,368.088,735.092,1099.926,1461.527,1818.861,2170.933,2516.795,2855.553,3186.374,3508.488,3821.197,4123.871,4415.958,4696.973,4966.510,5224.230,5469.865,5703.213,5924.133,6132.545,6328.421,6511.785,6682.705,6841.290,6987.689,7122.079,7244.668,7355.688,7455.391,7544.049,7621.947,7689.381,7746.660,7794.096,7832.008,7860.720,7880.555,7891.838,7894.896,7890.049,7877.620,7857.926,7831.281,7797.994,7758.371,7712.713,7661.313,7604.461,7542.442,7475.531,7404.001,7328.115,7248.133,7164.305,7076.878,6986.088,6892.168,6795.343,6695.829,6593.838,6489.573,6383.232,6275.006,6165.077,6053.625,5940.822,5826.832,5711.818,5595.937,5479.339,5362.177,5244.597,5126.746,5008.771,4890.822,4773.054,4655.628,4538.714,4422.495,4307.172,4192.962,4080.109,3968.881,3859.580,3752.534,3648.109,3546.694,3448.706,3354.568,3264.706,3179.521,3099.376,3024.577,2955.357,2891.873,2834.204,2782.358,2736.285,2695.887,2661.034,2631.573,2607.341,2588.175,2573.912,2564.399,2559.491,2559.059,2562.984,2571.161,2583.501,2599.926,2620.370,2644.784,2673.126,2705.369,2741.498,2781.509,2825.408,2873.217,2924.967,2980.705,3040.489,3104.395,3172.512,3244.950,3321.833,3403.309,3489.546,3580.736,3677.093,3778.858,3886.296,3999.694,4119.362,4245.620,4378.795,4519.207,4667.149,4822.867,4986.531,5158.207,5337.827,5525.163,5719.810,5921.184,6128.536,6340.976,6557.516,6777.108,6998.687,7221.206,7443.660,7665.105,7884.666,8101.545,8315.016,8524.426,8729.186,8928.770,9122.705,9310.569,9491.986,9666.618,9834.165,9994.361,10146.969,10291.783,10428.620,10557.324,10677.761,10789.820,10893.411,10988.463,11074.924,11152.761,11221.959,11282.518,11334.456,11377.806,11412.615,11438.944,11456.868,11466.474,11467.861,11461.138,11446.425,11423.851,11393.555,11355.682,11310.386,11257.824,11198.162,11131.571,11058.224,10978.297,10891.972,10799.430,10700.854,10596.430,10486.343,10370.777,10249.917,10123.946,9993.046,9857.397,9717.175,9572.558,9423.717,9270.822,9114.040,8953.534,8789.463,8621.982,8451.244,8277.398,8100.587,7920.951,7738.627,7553.747,7366.438,7176.826,6985.029,6791.164,6595.343,6397.673,6198.258,5997.198,5794.591,5590.527,5385.097,5178.385,4970.473,4761.439,4551.358,4340.302,4128.339,3915.533,3701.948,3487.643,3272.673,3057.094,2840.956,2624.308,2407.197,2189.668,1971.763,1753.524,1534.989,1316.196,1097.182,877.982,658.630,439.160,219.606,0.000
0.000,350.732,700.467,1048.209,1392.978,1733.820,2069.818,2400.094,2723.817,3040.210,3348.555,3648.192,3938.528,4219.034,4489.245,4748.765,4997.260,5234.459,5460.151,5674.186,5876.463,6066.935,6245.601,6412.503,6567.721,6711.374,6843.608,6964.600,7074.550,7173.679,7262.227,7340.448,7408.611,7466.992,7515.879,7555.561,7586.338,7608.508,7622.374,7628.237,7626.399,7617.161,7600.821,7577.673,7548.012,7512.123,7470.293,7422.800,7369.918,7311.917,7249.060,7181.605,7109.804,7033.903,6954.141,6870.752,6783.962,6693.991,6601.053,6505.355,6407.097,6306.472,6203.666,6098.861,5992.229,5883.938,5774.149,5663.017,5550.693,5437.323,5323.047,5208.004,5092.329,4976.157,4859.623,4742.864,4626.022,4509.246,4392.694,4276.541,4160.977,4046.215,3932.498,3820.100,3709.335,3600.556,3494.161,3390.591,3290.321,3193.848,3101.677,3014.288,2932.117,2855.525,2784.779,2720.045,2661.386,2608.781,2562.132,2521.292,2486.077,2456.286,2431.709,2412.141,2397.385,2387.259,2381.595,2380.241,2383.065,2389.950,2400.795,2415.515,2434.040,2456.314,2482.295,2511.952,2545.269,2582.242,2622.881,2667.206,2715.253,2767.072,2822.728,2882.301,2945.891,3013.617,3085.619,3162.061,3243.133,3329.053,3420.070,3516.465,3618.552,3726.680,3841.230,3962.610,4091.246,4227.571,4372.002,4524.916,4686.610,4857.269,5036.913,5225.366,5422.226,5626.854,5838.398,6055.824,6277.981,6503.654,6731.621,6960.698,7189.773,7417.817,7643.897,7867.176,8086.908,8302.430,8513.155,8718.566,8918.202,9111.657,9298.570,9478.621,9651.527,9817.035,9974.926,10125.005,10267.101,10401.068,10526.781,10644.135,10753.044,10853.443,10945.281,11028.525,11103.160,11169.185,11226.615,11275.478,11315.816,11347.686,11371.155,11386.303,11393.221,11392.011,11382.783,11365.658,11340.765,11308.240,11268.227,11220.877,11166.343,11104.788,11036.376,10961.276,10879.660,10791.702,10697.577,10597.465,10491.543,10379.991,10262.986,10140.708,10013.333,9881.039,9743.998,9602.385,9456.368,9306.117,9151.796,8993.569,8831.592,8666.024,8497.015,8324.717,8149.274,7970.828,7789.517,7605.476,7418.836,7229.723,7038.261,6844.568,6648.761,6450.951,6251.245,6049.749,5846.562,5641.781,5435.499,5227.807,5018.791,4808.533,4597.113,4384.607,4171.089,3956.628,3741.293,3525.146,3308.250,3090.664,2872.445,2653.646,2434.319,2214.514,1994.280,1773.662,1552.705,1331.453,1109.946,888.226,666.332,444.305,222.181,0.000
0.000,334.399,667.881,999.526,1328.433,1653.721,1974.539,2290.076,2599.557,2902.259,3197.509,3484.687,3763.230,4032.634,4292.456,4542.308,4781.863,5010.852,5229.058,5436.320,5632.525,5817.608,5991.549,6154.365,6306.115,6446.887,6576.803,6696.011,6804.681,6903.009,6991.204,7069.493,7138.116,7197.325,7247.380,7288.546,7321.098,7345.311,7361.464,7369.840,7370.718,7364.380,7351.105,7331.170,7304.851,7272.419,7234.143,7190.286,7141.109,7086.867,7027.809,6964.180,6896.220,6824.163,6748.234,6668.657,6585.646,6499.411,6410.153,6318.070,6223.350,6126.176,6026.723,5925.162,5821.655,5716.359,5609.425,5500.996,5391.212,5280.206,5168.106,5055.040,4941.128,4826.493,4711.254,4595.535,4479.461,4363.167,4246.796,4130.507,4014.478,3898.912,3784.046,3670.155,3557.560,3446.639,3337.825,3231.613,3128.552,3029.231,2934.258,2844.222,2759.656,2680.995,2608.550,2542.493,2482.862,2429.587,2382.506,2341.402,2306.024,2276.108,2251.387,2231.612,2216.544,2205.971,2199.699,2197.557,2199.397,2205.089,2214.525,2227.611,2244.274,2264.452,2288.101,2315.191,2345.703,2379.633,2416.991,2457.801,2502.099,2549.938,2601.387,2656.533,2715.482,2778.362,2845.325,2916.550,2992.246,3072.656,3158.059,3248.777,3345.174,3447.662,3556.698,3672.785,3796.464,3928.298,4068.859,4218.685,4378.247,4547.884,4727.750,4917.747,5117.479,5326.241,5543.033,5766.626,5995.643,6228.645,6464.210,6700.990,6937.742,7173.347,7406.813,7637.267,7863.950,8086.200,8303.439,8515.163,8720.935,8920.367,9113.123,9298.902,9477.441,9648.509,9811.901,9967.437,10114.962,10254.339,10385.453,10508.207,10622.522,10728.335,10825.599,10914.284,10994.373,11065.865,11128.772,11183.118,11228.944,11266.297,11295.242,11315.851,11328.208,11332.406,11328.550,11316.751,11297.130,11269.814,11234.938,11192.645,11143.080,11086.396,11022.750,10952.303,10875.219,10791.664,10701.809,10605.824,10503.882,10396.156,10282.820,10164.048,10040.013,9910.887,9776.842,9638.049,9494.675,9346.887,9194.849,9038.723,8878.668,8714.840,8547.393,8376.476,8202.238,8024.821,7844.366,7661.010,7474.886,7286.124,7094.851,6901.189,6705.257,6507.170,6307.041,6104.977,5901.083,5695.461,5488.207,5279.417,5069.181,4857.586,4644.716,4430.654,4215.476,3999.258,3782.072,3563.987,3345.070,3125.384,2904.992,2683.952,2462.322,2240.157,2017.509,1794.430,1570.970,1347.176,1123.097,898.779,674.266,449.602,224.833,0.000
0.000,319.010,637.174,953.644,1267.586,1578.186,1884.656,2186.241,2482.223,2771.925,3054.716,3330.013,3597.284,3856.048,4105.882,4346.409,4577.312,4798.321,5009.218,5209.835,5400.048,5579.778,5748.988,5907.677,6055.880,6193.664,6321.127,6438.391,6545.603,6642.930,6730.557,6808.685,6877.530,6937.317,6988.282,7030.669,7064.728,7090.714,7108.884,7119.499,7122.820,7119.110,7108.629,7091.638,7068.396,7039.157,7004.176,6963.701,6917.977,6867.247,6811.747,6751.708,6687.357,6618.917,6546.601,6470.622,6391.182,6308.479,6222.705,6134.045,6042.679,5948.777,5852.505,5754.022,5653.480,5551.025,5446.796,5340.926,5233.541,5124.763,5014.709,4903.489,4791.213,4677.985,4563.911,4449.095,4333.647,4217.682,4101.323,3984.709,3868.001,3751.385,3635.083,3519.364,3404.553,3291.043,3179.304,3069.890,2963.437,2860.651,2762.276,2669.049,2581.642,2500.594,2426.269,2358.842,2298.306,2244.513,2197.213,2156.093,2120.813,2091.031,2066.418,2046.667,2031.501,2020.672,2013.961,2011.179,2012.163,2016.772,2024.890,2036.418,2051.278,2069.407,2090.758,2115.299,2143.011,2173.891,2207.949,2245.208,2285.707,2329.501,2376.661,2427.278,2481.463,2539.350,2601.100,2666.905,2736.989,2811.615,2891.093,2975.778,3066.084,3162.484,3265.515,3375.781,3493.949,3620.739,3756.903,3903.191,4060.296,4228.781,4408.988,4600.944,4804.282,5018.201,5241.499,5472.663,5710.006,5951.788,6196.332,6442.087,6687.666,6931.854,7173.607,7412.028,7646.355,7875.938,8100.221,8318.728,8531.049,8736.826,8935.748,9127.545,9311.977,9488.833,9657.930,9819.105,9972.215,10117.140,10253.774,10382.029,10501.831,10613.124,10715.864,10810.022,10895.584,10972.546,11040.918,11100.725,11151.999,11194.787,11229.145,11255.140,11272.851,11282.364,11283.774,11277.187,11262.715,11240.477,11210.601,11173.220,11128.473,11076.504,11017.462,10951.503,10878.781,10799.457,10713.695,10621.659,10523.517,10419.437,10309.587,10194.138,10073.259,9947.119,9815.888,9679.734,9538.821,9393.317,9243.384,9089.184,8930.876,8768.617,8602.560,8432.858,8259.659,8083.108,7903.349,7720.521,7534.759,7346.197,7154.964,6961.186,6764.986,6566.483,6365.793,6163.027,5958.295,5751.703,5543.351,5333.340,5121.763,4908.713,4694.280,4478.548,4261.601,4043.518,3824.377,3604.251,3383.212,3161.329,2938.667,2715.293,2491.267,2266.649,2041.498,1815.870,1589.819,1363.400,1136.664,909.664,682.447,455.065,227.567,0.000
0.000,304.493,608.204,910.351,1210.159,1506.876,1799.771,2088.141,2371.316,2648.666,2919.597,3183.562,3440.056,3688.625,3928.858,4160.398,4382.931,4596.193,4799.967,4994.076,5178.391,5352.821,5517.315,5671.854,5816.457,5951.171,6076.071,6191.258,6296.856,6393.008,6479.877,6557.641,6626.491,6686.631,6738.274,6781.642,6816.964,6844.473,6864.407,6877.008,6882.518,6881.181,6873.241,6858.942,6838.527,6812.234,6780.303,6742.968,6700.461,6653.009,6600.837,6544.163,6483.203,6418.165,6349.254,6276.669,6200.601,6121.238,6038.762,5953.346,5865.158,5774.360,5681.107,5585.547,5487.820,5388.062,5286.401,5182.956,5077.844,4971.173,4863.044,4753.556,4642.800,4530.867,4417.843,4303.813,4188.866,4073.094,3956.598,3839.490,3721.904,3604.003,3485.986,3368.102,3250.670,3134.088,3018.857,2905.592,2795.030,2688.021,2585.495,2488.399,2397.600,2313.789,2237.404,2168.604,2107.305,2053.240,2006.026,1965.224,1930.380,1901.059,1876.856,1857.406,1842.387,1831.518,1824.557,1821.298,1821.564,1825.208,1832.105,1842.155,1855.276,1871.404,1890.489,1912.501,1937.420,1965.242,1995.978,2029.650,2066.299,2105.979,2148.764,2194.744,2244.034,2296.773,2353.125,2413.290,2477.504,2546.047,2619.248,2697.497,2781.247,2871.031,2967.463,3071.253,3183.204,3304.210,3435.245,3577.318,3731.422,3898.431,4078.973,4273.282,4481.049,4701.355,4932.698,5173.154,5420.589,5672.861,5927.966,6184.114,6439.765,6693.616,6944.582,7191.763,7434.415,7671.917,7903.752,8129.483,8348.737,8561.197,8766.588,8964.668,9155.229,9338.084,9513.073,9680.051,9838.895,9989.495,10131.759,10265.607,10390.975,10507.810,10616.073,10715.739,10806.792,10889.229,10963.061,11028.306,11084.997,11133.174,11172.889,11204.205,11227.192,11241.932,11248.512,11247.031,11237.592,11220.311,11195.304,11162.699,11122.626,11075.224,11020.634,10959.002,10890.480,10815.221,10733.382,10645.123,10550.606,10449.995,10343.454,10231.149,10113.246,9989.913,9861.315,9727.619,9588.989,9445.590,9297.585,9145.135,8988.399,8827.535,8662.698,8494.041,8321.714,8145.866,7966.640,7784.179,7598.622,7410.104,7218.759,7024.716,6828.102,6629.038,6427.645,6224.039,6018.334,5810.638,5601.058,5389.697,5176.655,4962.029,4745.911,4528.394,4309.563,4089.503,3868.297,3646.022,3422.755,3198.571,2973.539,2747.730,2521.210,2294.044,2066.295,1838.024,1609.292,1380.156,1150.673,920.900,690.892,460.704,230.388,0.000
0.000,290.784,580.844,869.456,1155.902,1439.484,1719.522,1995.363,2266.382,2531.988,2791.625,3044.777,3290.968,3529.764,3760.775,3983.654,4198.099,4403.848,4600.686,4788.434,4966.956,5136.153,5295.960,5446.348,5587.317,5718.898,5841.147,5954.146,6057.998,6152.826,6238.771,6315.990,6384.653,6444.943,6497.052,6541.182,6577.541,6606.344,6627.810,6642.161,6649.623,6650.423,6644.787,6632.945,6615.121,6591.542,6562.430,6528.008,6488.493,6444.100,6395.039,6341.519,6283.741,6221.903,6156.198,6086.813,6013.931,5937.727,5858.373,5776.030,5690.858,5603.006,5512.620,5419.837,5324.787,5227.594,5128.373,5027.234,4924.280,4819.604,4713.297,4605.439,4496.108,4385.373,4273.304,4159.963,4045.415,3929.725,3812.965,3695.218,3576.582,3457.183,3337.187,3216.809,3096.342,2976.175,2856.824,2738.957,2623.423,2511.249,2403.615,2301.767,2206.875,2119.856,2041.240,1971.144,1909.342,1855.381,1808.688,1768.651,1734.677,1706.217,1682.785,1663.955,1649.362,1638.694,1631.690,1628.128,1627.824,1630.625,1636.404,1645.058,1656.504,1670.678,1687.533,1707.035,1729.166,1753.923,1781.314,1811.363,1844.109,1879.606,1917.927,1959.161,2003.423,2050.850,2101.611,2155.906,2213.976,2276.111,2342.656,2414.019,2490.691,2573.252,2662.388,2758.909,2863.759,2978.025,3102.932,3239.816,3390.063,3554.988,3735.656,3932.647,4145.792,4374.013,4615.355,4867.267,5126.968,5391.768,5659.254,5927.372,6194.430,6459.061,6720.173,6976.892,7228.520,7474.491,7714.346,7947.701,8174.239,8393.687,8605.814,8810.416,9007.317,9196.361,9377.409,9550.341,9715.050,9871.443,10019.438,10158.967,10289.972,10412.408,10526.241,10631.446,10728.010,10815.931,10895.216,10965.884,11027.963,11081.490,11126.513,11163.088,11191.281,11211.166,11222.827,11226.353,11221.842,11209.402,11189.143,11161.184,11125.651,11082.674,11032.388,10974.933,10910.454,10839.099,10761.020,10676.371,10585.309,10487.995,10384.588,10275.251,10160.149,10039.444,9913.301,9781.885,9645.359,9503.888,9357.634,9206.757,9051.418,8891.775,8727.985,8560.203,8388.579,8213.265,8034.408,7852.152,7666.638,7478.007,7286.394,7091.933,6894.753,6694.980,6492.740,6288.151,6081.331,5872.395,5661.452,5448.610,5233.973,5017.643,4799.717,4580.291,4359.457,4137.303,3913.916,3689.381,3463.776,3237.182,3009.674,2781.325,2552.209,2322.393,2091.946,1860.935,1629.423,1397.473,1165.149,932.510,699.616,466.528,233.303,0.000
0.000,277.823,554.977,830.786,1104.588,1375.731,1643.584,1907.537,2167.008,2421.442,2670.318,2913.150,3149.487,3378.917,3601.068,3815.606,4022.237,4220.707,4410.801,4592.340,4765.183,4929.225,5084.390,5230.639,5367.957,5496.361,5615.891,5726.611,5828.606,5921.981,6006.857,6083.371,6151.676,6211.933,6264.317,6309.009,6346.201,6376.087,6398.870,6414.755,6423.950,6426.666,6423.114,6413.506,6398.054,6376.969,6350.462,6318.738,6282.004,6240.461,6194.308,6143.740,6088.948,6030.118,5967.433,5901.067,5831.194,5757.978,5681.579,5602.150,5519.840,5434.788,5347.128,5256.988,5164.486,5069.736,4972.841,4873.899,4773.000,4670.226,4565.649,4459.338,4351.350,4241.738,4130.548,4017.822,3903.596,3787.906,3670.790,3552.291,3432.466,3311.393,3189.186,3066.009,2942.104,2817.822,2693.667,2570.338,2448.788,2330.255,2216.253,2108.471,2008.557,1917.789,1836.817,1765.641,1703.783,1650.493,1604.925,1566.244,1533.682,1506.569,1484.331,1466.484,1452.625,1442.419,1435.590,1431.909,1431.189,1433.273,1438.036,1445.376,1455.213,1467.484,1482.140,1499.152,1518.502,1540.184,1564.210,1590.599,1619.390,1650.635,1684.403,1720.782,1759.880,1801.833,1846.805,1894.993,1946.637,2002.026,2061.509,2125.506,2194.527,2269.186,2350.227,2438.545,2535.219,2641.532,2758.989,2889.317,3034.408,3196.202,3376.443,3576.307,3795.936,4034.057,4287.982,4554.159,4828.852,5108.628,5390.584,5672.399,5952.265,6228.804,6500.968,6767.958,7029.160,7284.095,7532.382,7773.714,8007.836,8234.536,8453.631,8664.960,8868.385,9063.781,9251.038,9430.056,9600.749,9763.038,9916.856,10062.144,10198.855,10326.947,10446.392,10557.168,10659.263,10752.677,10837.414,10913.491,10980.934,11039.776,11090.062,11131.841,11165.176,11190.134,11206.791,11215.234,11215.551,11207.844,11192.218,11168.785,11137.663,11098.975,11052.853,10999.430,10938.843,10871.238,10796.760,10715.558,10627.786,10533.600,10433.157,10326.617,10214.139,10095.887,9972.023,9842.710,9708.112,9568.390,9423.709,9274.229,9120.111,8961.515,8798.598,8631.517,8460.425,8285.476,8106.819,7924.602,7738.969,7550.063,7358.023,7162.986,6965.086,6764.453,6561.215,6355.496,6147.417,5937.098,5724.653,5510.193,5293.827,5075.662,4855.799,4634.338,4411.376,4187.006,3961.320,3734.406,3506.348,3277.231,3047.135,2816.138,2584.317,2351.745,2118.496,1884.641,1650.247,1415.383,1180.117,944.512,708.635,472.548,236.315,0.000
0.000,265.559,530.496,794.186,1056.010,1315.363,1571.657,1824.323,2072.815,2316.616,2555.235,2788.213,3015.124,3235.578,3449.217,3655.723,3854.811,4046.232,4229.775,4405.262,4572.547,4731.521,4882.101,5024.236,5157.902,5283.102,5399.862,5508.230,5608.276,5700.087,5783.768,5859.438,5927.231,5987.292,6039.778,6084.853,6122.690,6153.467,6177.370,6194.587,6205.312,6209.739,6208.064,6200.485,6187.200,6168.406,6144.298,6115.072,6080.920,6042.031,5998.593,5950.789,5898.798,5842.796,5782.953,5719.436,5652.405,5582.015,5508.417,5431.753,5352.161,5269.771,5184.707,5097.085,5007.014,4914.596,4819.925,4723.084,4624.152,4523.197,4420.277,4315.443,4208.738,4100.193,3989.833,3877.672,3763.722,3647.982,3530.453,3411.133,3290.028,3167.154,3042.556,2916.323,2788.614,2659.701,2530.023,2400.264,2271.446,2145.026,2022.949,1907.575,1801.345,1706.169,1622.830,1551.044,1489.870,1438.093,1394.482,1357.916,1327.435,1302.240,1281.676,1265.213,1252.421,1242.952,1236.526,1232.914,1231.930,1233.423,1237.273,1243.382,1251.673,1262.086,1274.577,1289.118,1305.691,1324.292,1344.930,1367.625,1392.412,1419.338,1448.468,1479.884,1513.688,1550.007,1588.995,1630.841,1675.774,1724.074,1776.080,1832.209,1892.970,1958.992,2031.049,2110.097,2197.322,2294.188,2402.485,2524.377,2662.393,2819.332,2997.992,3200.612,3428.028,3678.766,3948.859,4233.074,4526.229,4823.916,5122.705,5420.057,5714.147,6003.679,6287.730,6565.641,6836.931,7101.242,7358.303,7607.897,7849.850,8084.016,8310.267,8528.493,8738.595,8940.482,9134.072,9319.290,9496.069,9664.346,9824.069,9975.189,10117.665,10251.465,10376.563,10492.940,10600.588,10699.503,10789.692,10871.168,10943.955,11008.083,11063.591,11110.527,11148.944,11178.907,11200.486,11213.760,11218.813,11215.739,11204.638,11185.614,11158.781,11124.256,11082.164,11032.631,10975.793,10911.788,10840.756,10762.844,10678.201,10586.979,10489.332,10385.417,10275.393,10159.420,10037.660,9910.274,9777.425,9639.276,9495.990,9347.730,9194.655,9036.929,8874.709,8708.155,8537.423,8362.667,8184.040,8001.692,7815.772,7626.426,7433.797,7238.023,7039.245,6837.595,6633.205,6426.205,6216.720,6004.871,5790.779,5574.560,5356.327,5136.190,4914.256,4690.629,4465.411,4238.699,4010.589,3781.173,3550.543,3318.785,3085.984,2852.225,2617.587,2382.149,2145.988,1909.180,1671.798,1433.914,1195.600,956.926,717.961,478.773,239.430,0.000
0.000,253.943,507.307,759.511,1009.980,1258.149,1503.469,1745.410,1983.461,2217.134,2445.971,2669.537,2887.431,3099.279,3304.744,3503.517,3695.325,3879.925,4057.111,4226.703,4388.558,4542.558,4688.618,4826.677,4956.702,5078.685,5192.638,5298.598,5396.619,5486.773,5569.150,5643.854,5711.001,5770.721,5823.154,5868.447,5906.758,5938.250,5963.092,5981.458,5993.524,5999.472,5999.483,5993.741,5982.431,5965.735,5943.838,5916.921,5885.164,5848.746,5807.842,5762.623,5713.259,5659.914,5602.749,5541.919,5477.574,5409.860,5338.917,5264.878,5187.871,5108.015,5025.426,4940.209,4852.463,4762.279,4669.739,4574.916,4477.875,4378.671,4277.349,4173.943,4068.477,3960.965,3851.408,3739.795,3626.104,3510.303,3392.349,3272.191,3149.773,3025.040,2897.949,2768.484,2636.683,2502.682,2366.782,2229.554,2091.993,1955.722,1823.197,1697.773,1583.302,1482.926,1397.491,1326.030,1266.748,1217.709,1177.168,1143.675,1116.070,1093.444,1075.082,1060.431,1049.052,1040.601,1034.806,1031.447,1030.349,1031.373,1034.407,1039.360,1046.164,1054.764,1065.121,1077.208,1091.010,1106.523,1123.754,1142.722,1163.457,1186.003,1210.416,1236.769,1265.156,1295.689,1328.508,1363.786,1401.734,1442.608,1486.726,1534.482,1586.363,1642.981,1705.103,1773.705,1850.028,1935.664,2032.653,2143.596,2271.752,2421.060,2595.920,2800.491,3037.194,3304.553,3596.080,3903.554,4219.617,4538.686,4856.883,5171.636,5481.287,5784.770,6081.405,6370.753,6652.524,6926.521,7192.604,7450.669,7700.632,7942.420,8175.971,8401.224,8618.122,8826.610,9026.636,9218.149,9401.100,9575.446,9741.145,9898.159,10046.456,10186.010,10316.799,10438.808,10552.028,10656.456,10752.099,10838.968,10917.082,10986.471,11047.167,11099.214,11142.662,11177.569,11203.999,11222.026,11231.729,11233.194,11226.515,11211.793,11189.133,11158.648,11120.457,11074.682,11021.453,10960.902,10893.167,10818.390,10736.717,10648.298,10553.282,10451.826,10344.086,10230.220,10110.389,9984.754,9853.478,9716.725,9574.656,9427.436,9275.227,9118.192,8956.492,8790.288,8619.738,8445.000,8266.230,8083.581,7897.204,7707.249,7513.863,7317.189,7117.369,6914.543,6708.844,6500.407,6289.361,6075.833,5859.947,5641.823,5421.579,5199.330,4975.186,4749.257,4521.649,4292.463,4061.800,3829.757,3596.429,3361.908,3126.283,2889.642,2652.069,2413.649,2174.463,1934.589,1694.107,1453.094,1211.623,969.771,727.610,485.213,242.652,0.000
0.000,242.929,485.321,726.632,966.326,1203.877,1438.773,1670.515,1898.627,2122.651,2342.155,2556.728,2765.991,2969.591,3167.204,3358.534,3543.318,3721.322,3892.341,4056.201,4212.754,4361.882,4503.495,4637.525,4763.932,4882.696,4993.821,5097.330,5193.265,5281.685,5362.666,5436.296,5502.679,5561.928,5614.168,5659.533,5698.164,5730.210,5755.825,5775.168,5788.404,5795.697,5797.216,5793.133,5783.619,5768.843,5748.978,5724.193,5694.657,5660.537,5621.996,5579.197,5532.296,5481.449,5426.805,5368.510,5306.705,5241.526,5173.102,5101.558,5027.012,4949.574,4869.349,4786.434,4700.916,4612.877,4522.388,4429.511,4334.299,4236.793,4137.025,4035.014,3930.766,3824.275,3715.519,3604.463,3491.053,3375.222,3256.880,3135.925,3012.235,2885.670,2756.085,2623.334,2487.289,2347.881,2205.170,2059.458,1911.514,1762.917,1616.572,1477.226,1351.361,1244.923,1158.348,1088.999,1033.538,988.975,952.951,923.687,899.867,880.517,864.913,852.508,842.885,835.725,830.777,827.845,826.774,827.441,829.747,833.616,838.987,845.814,854.064,863.712,874.748,887.166,900.974,916.186,932.828,950.937,970.561,991.763,1014.620,1039.229,1065.712,1094.215,1124.921,1158.056,1193.898,1232.797,1275.193,1321.643,1372.864,1429.784,1493.623,1566.000,1649.091,1745.836,1860.211,1997.506,2164.432,2368.560,2616.055,2906.560,3227.783,3565.913,3910.508,4254.881,4595.096,4928.954,5255.267,5573.422,5883.120,6184.233,6476.719,6760.576,7035.823,7302.476,7560.554,7810.063,8051.004,8283.371,8507.150,8722.322,8928.862,9126.744,9315.940,9496.420,9668.156,9831.120,9985.289,10130.640,10267.156,10394.825,10513.637,10623.592,10724.693,10816.950,10900.380,10975.007,11040.862,11097.983,11146.414,11186.209,11217.427,11240.134,11254.406,11260.323,11257.972,11247.448,11228.851,11202.290,11167.877,11125.730,11075.973,11018.736,10954.153,10882.362,10803.505,10717.729,10625.183,10526.020,10420.394,10308.464,10190.389,10066.330,9936.451,9800.914,9659.884,9513.525,9362.002,9205.479,9044.118,8878.085,8707.539,8532.642,8353.551,8170.425,7983.417,7792.681,7598.368,7400.625,7199.598,6995.430,6788.260,6578.227,6365.463,6150.100,5932.267,5712.088,5489.686,5265.179,5038.683,4810.312,4580.175,4348.380,4115.031,3880.230,3644.075,3406.663,3168.088,2928.442,2687.814,2446.291,2203.960,1960.905,1717.207,1472.948,1228.207,983.063,737.594,491.876,245.986,0.000
0.000,232.480,464.458,695.429,924.892,1152.356,1377.340,1599.379,1818.026,2032.850,2243.444,2449.423,2650.425,2846.116,3036.186,3220.353,3398.364,3569.990,3735.033,3893.320,4044.705,4189.068,4326.313,4456.369,4579.189,4694.744,4803.030,4904.058,4997.860,5084.483,5163.989,5236.454,5301.968,5360.632,5412.556,5457.859,5496.670,5529.124,5555.360,5575.526,5589.770,5598.246,5601.110,5598.520,5590.635,5577.613,5559.614,5536.796,5509.318,5477.333,5440.997,5400.460,5355.869,5307.369,5255.101,5199.201,5139.799,5077.022,5010.991,4941.822,4869.622,4794.494,4716.532,4635.824,4552.449,4466.477,4377.970,4286.979,4193.546,4097.700,3999.457,3898.825,3795.791,3690.330,3582.401,3471.942,3358.870,3243.081,3124.444,3002.799,2877.957,2749.693,2617.745,2481.815,2341.576,2196.686,2046.837,1891.855,1731.926,1568.080,1403.144,1243.378,1100.151,987.206,902.115,838.212,789.551,751.822,722.089,698.366,679.301,663.952,651.649,641.905,634.359,628.738,624.833,622.483,621.561,621.967,623.624,626.469,630.453,635.542,641.707,648.931,657.204,666.523,676.892,688.324,700.838,714.464,729.238,745.211,762.443,781.011,801.011,822.559,845.802,870.921,898.141,927.747,960.103,995.675,1035.071,1079.096,1128.838,1185.790,1252.051,1330.634,1425.953,1544.541,1695.982,1893.529,2152.210,2478.191,2842.965,3222.240,3602.099,3975.754,4340.234,4694.426,5038.058,5371.224,5694.154,6007.113,6310.351,6604.091,6888.517,7163.779,7429.997,7687.259,7935.630,8175.156,8405.866,8627.774,8840.884,9045.192,9240.688,9427.357,9605.182,9774.146,9934.230,10085.417,10227.695,10361.050,10485.477,10600.972,10707.538,10805.182,10893.919,10973.768,11044.757,11106.918,11160.292,11204.925,11240.872,11268.195,11286.961,11297.247,11299.134,11292.711,11278.074,11255.325,11224.571,11185.928,11139.514,11085.455,11023.882,10954.929,10878.736,10795.447,10705.210,10608.175,10504.497,10394.332,10277.840,10155.183,10026.522,9892.024,9751.852,9606.173,9455.154,9298.960,9137.758,8971.713,8800.990,8625.752,8446.161,8262.379,8074.563,7882.871,7687.456,7488.471,7286.066,7080.388,6871.581,6659.787,6445.143,6227.787,6007.849,5785.461,5560.748,5333.833,5104.838,4873.880,4641.073,4406.528,4170.355,3932.659,3693.544,3453.110,3211.455,2968.677,2724.867,2480.118,2234.520,1988.161,1741.127,1493.503,1245.374,996.820,747.926,498.770,249.435,0.000
0.000,222.557,444.646,665.795,885.535,1103.407,1318.962,1531.763,1741.390,1947.439,2149.525,2347.286,2540.379,2728.485,2911.311,3088.585,3260.064,3425.528,3584.782,3737.657,3884.008,4023.713,4156.676,4282.821,4402.092,4514.458,4619.904,4718.433,4810.066,4894.840,4972.806,5044.028,5108.583,5166.560,5218.057,5263.180,5302.045,5334.774,5361.494,5382.339,5397.445,5406.955,5411.012,5409.761,5403.351,5391.927,5375.640,5354.635,5329.061,5299.061,5264.781,5226.359,5183.935,5137.643,5087.614,5033.975,4976.848,4916.352,4852.597,4785.690,4715.730,4642.813,4567.022,4488.437,4407.128,4323.156,4236.572,4147.419,4055.727,3961.513,3864.783,3765.529,3663.724,3559.326,3452.272,3342.479,3229.837,3114.208,2995.419,2873.261,2747.476,2617.756,2483.724,2344.927,2200.815,2050.732,1893.899,1729.437,1556.471,1374.523,1184.713,993.133,818.786,701.745,624.798,572.276,534.720,506.760,485.298,468.467,455.098,444.418,435.902,429.179,423.980,420.106,417.406,415.764,415.091,415.315,416.384,418.252,420.887,424.264,428.364,433.174,438.687,444.902,451.821,459.453,467.812,476.917,486.795,497.478,509.010,521.443,534.844,549.294,564.895,581.773,600.088,620.043,641.896,665.984,692.753,722.802,756.957,796.391,842.816,898.834,968.574,1058.886,1181.611,1357.574,1621.310,2011.325,2443.989,2878.376,3300.339,3706.293,4096.202,4471.042,4831.943,5179.932,5515.872,5840.465,6154.275,6457.749,6751.242,7035.031,7309.334,7574.317,7830.107,8076.796,8314.453,8543.124,8762.837,8973.609,9175.446,9368.348,9552.306,9727.311,9893.350,10050.411,10198.481,10337.552,10467.615,10588.666,10700.706,10803.741,10897.779,10982.838,11058.940,11126.114,11184.393,11233.821,11274.446,11306.323,11329.517,11344.095,11350.136,11347.723,11336.946,11317.902,11290.695,11255.435,11212.238,11161.224,11102.522,11036.263,10962.585,10881.630,10793.542,10698.473,10596.576,10488.007,10372.925,10251.493,10123.874,9990.233,9850.738,9705.557,9554.858,9398.809,9237.580,9071.339,8900.253,8724.491,8544.217,8359.596,8170.791,7977.962,7781.267,7580.864,7376.907,7169.546,6958.931,6745.207,6528.518,6309.003,6086.800,5862.043,5634.862,5405.387,5173.741,4940.046,4704.421,4466.982,4227.843,3987.113,3744.899,3501.307,3256.440,3010.396,2763.274,2515.171,2266.178,2016.390,1765.895,1514.784,1263.143,1011.059,758.618,505.905,253.005,0.000
0.000,213.127,425.817,637.628,848.122,1056.868,1263.446,1467.446,1668.474,1866.149,2060.108,2250.009,2435.527,2616.359,2792.225,2962.867,3128.049,3287.559,3441.208,3588.830,3730.282,3865.443,3994.212,4116.512,4232.283,4341.486,4444.100,4540.121,4629.561,4712.446,4788.817,4858.730,4922.249,4979.450,5030.422,5075.260,5114.065,5146.948,5174.026,5195.420,5211.255,5221.661,5226.770,5226.717,5221.638,5211.669,5196.949,5177.614,5153.802,5125.646,5093.281,5056.838,5016.446,4972.231,4924.314,4872.813,4817.843,4759.512,4697.924,4633.176,4565.361,4494.563,4420.860,4344.323,4265.012,4182.981,4098.273,4010.919,3920.940,3828.345,3733.127,3635.265,3534.721,3431.436,3325.331,3216.302,3104.214,2988.901,2870.156,2747.724,2621.292,2490.475,2354.796,2213.659,2066.313,1911.792,1748.833,1575.740,1390.190,1188.995,968.188,725.763,480.195,376.258,323.116,291.430,270.346,255.253,243.923,235.156,228.251,222.765,218.406,214.973,212.321,210.344,208.964,208.119,207.765,207.863,208.386,209.312,210.623,212.306,214.353,216.756,219.512,222.620,226.082,229.902,234.086,238.645,243.592,248.945,254.724,260.957,267.679,274.930,282.762,291.242,300.452,310.497,321.511,333.673,347.218,362.466,379.869,400.075,424.065,453.396,490.714,540.920,614.119,733.987,964.313,1502.047,2043.591,2547.293,3015.001,3453.339,3867.751,4262.156,4639.346,5001.340,5349.631,5685.337,6009.310,6322.203,6624.522,6916.659,7198.917,7471.530,7734.677,7988.495,8233.084,8468.518,8694.848,8912.107,9120.315,9319.483,9509.609,9690.692,9862.723,10025.691,10179.587,10324.401,10460.123,10586.749,10704.277,10812.707,10912.047,11002.308,11083.509,11155.672,11218.827,11273.011,11318.266,11354.644,11382.201,11401.003,11411.119,11412.629,11405.618,11390.178,11366.409,11334.417,11294.312,11246.215,11190.248,11126.542,11055.232,10976.457,10890.363,10797.098,10696.816,10589.672,10475.828,10355.444,10228.687,10095.724,9956.722,9811.853,9661.287,9505.197,9343.753,9177.128,9005.493,8829.018,8647.874,8462.228,8272.248,8078.098,7879.941,7677.939,7472.249,7263.029,7050.430,6834.604,6615.698,6393.858,6169.223,5941.933,5712.125,5479.929,5245.476,5008.891,4770.297,4529.816,4287.563,4043.654,3798.201,3551.311,3303.092,3053.648,2803.080,2551.488,2298.971,2045.624,1791.540,1536.813,1281.535,1025.795,769.683,513.288,256.698,0.000
0.000,204.159,407.909,610.837,812.532,1012.590,1210.617,1406.229,1599.053,1788.732,1974.924,2157.304,2335.566,2509.420,2678.601,2842.860,3001.972,3155.733,3303.957,3446.485,3583.173,3713.902,3838.570,3957.097,4069.419,4175.494,4275.293,4368.806,4456.036,4537.002,4611.737,4680.284,4742.699,4799.049,4849.410,4893.867,4932.510,4965.440,4992.762,5014.586,5031.027,5042.202,5048.235,5049.248,5045.368,5036.721,5023.435,5005.636,4983.452,4957.009,4926.431,4891.839,4853.354,4811.093,4765.169,4715.692,4662.767,4606.496,4546.974,4484.290,4418.530,4349.769,4278.079,4203.521,4126.151,4046.011,3963.138,3877.555,3789.274,3698.294,3604.599,3508.158,3408.921,3306.817,3201.753,3093.607,2982.227,2867.423,2748.962,2626.553,2499.842,2368.386,2231.635,2088.891,1939.254,1781.539,1614.125,1434.699,1239.725,1023.217,773.386,461.601,0.000,0.000,0.000,0.000,0.000,0.000,0.000,0.000,0.000,0.000,0.000,0.000,0.000,0.000,0.000,0.000,0.000,0.000,0.000,0.000,0.000,0.000,0.000,0.000,0.000,0.000,0.000,0.000,0.000,0.000,0.000,0.000,0.000,0.000,0.000,0.000,0.000,0.000,0.000,0.000,0.000,0.000,0.000,0.000,0.000,0.000,0.000,0.000,0.000,0.000,0.000,0.000,0.000,989.142,1681.293,2252.528,2759.414,3224.748,3659.796,4071.024,4462.529,4837.083,5196.649,5542.659,5876.182,6198.030,6508.822,6809.040,7099.055,7379.153,7649.557,7910.435,8161.916,8404.094,8637.037,8860.792,9075.390,9280.848,9477.175,9664.368,9842.424,10011.334,10171.087,10321.673,10463.080,10595.303,10718.333,10832.170,10936.815,11032.276,11118.565,11195.701,11263.706,11322.614,11372.460,11413.289,11445.154,11468.112,11482.231,11487.582,11484.248,11472.316,11451.880,11423.043,11385.913,11340.605,11287.241,11225.949,11156.861,11080.116,10995.858,10904.236,10805.403,10699.515,10586.733,10467.222,10341.146,10208.676,10069.983,9925.239,9774.619,9618.296,9456.447,9289.246,9116.869,8939.491,8757.285,8570.424,8379.079,8183.420,7983.615,7779.828,7572.223,7360.961,7146.199,6928.093,6706.796,6482.456,6255.219,6025.229,5792.627,5557.548,5320.127,5080.494,4838.776,4595.098,4349.582,4102.346,3853.506,3603.175,3351.462,3098.477,2844.325,2589.109,2332.932,2075.892,1818.087,1559.614,1300.568,1041.042,781.131,520.926,260.518,0.000
0.000,195.624,390.866,585.337,778.654,970.436,1160.313,1347.924,1532.918,1714.960,1893.726,2068.908,2240.216,2407.376,2570.133,2728.252,2881.514,3029.722,3172.700,3310.287,3442.347,3568.758,3689.419,3804.248,3913.180,4016.165,4113.173,4204.184,4289.198,4368.225,4441.288,4508.424,4569.680,4625.112,4674.787,4718.779,4757.170,4790.049,4817.512,4839.658,4856.592,4868.421,4875.259,4877.218,4874.415,4866.966,4854.989,4838.603,4817.925,4793.071,4764.158,4731.298,4694.604,4654.183,4610.142,4562.581,4511.600,4457.291,4399.741,4339.034,4275.247,4208.449,4138.703,4066.066,3990.584,3912.294,3831.225,3747.392,3660.800,3571.441,3479.292,3384.311,3286.440,3185.599,3081.683,2974.560,2864.063,2749.988,2632.083,2510.038,2383.471,2251.910,2114.766,1971.293,1820.531,1661.216,1491.636,1309.388,1110.944,890.881,640.615,347.279,0.000,183.103,366.148,549.050,731.666,913.767,1095.010,1274.912,1452.826,1627.927,1799.200,1965.452,2125.330,2277.364,2420.026,2551.803,2671.269,2777.160,2868.423,2944.245,3004.059,3047.525,3074.503,3085.025,3079.275,3057.583,3020.429,2968.465,2902.525,2823.642,2733.036,2632.088,2522.291,2405.188,2282.304,2155.085,2024.850,1892.752,1759.764,1626.676,1494.098,1362.480,1232.125,1103.216,975.833,849.968,725.550,602.452,480.507,359.518,239.263,119.506,0.000,773.380,1440.136,2022.407,2545.732,3026.853,3476.127,3900.131,4303.227,4688.425,5057.879,5413.167,5755.473,6085.693,6404.519,6712.485,7010.006,7297.405,7574.930,7842.775,8101.085,8349.970,8589.509,8819.760,9040.758,9252.528,9455.080,9648.415,9832.530,10007.414,10173.058,10329.447,10476.569,10614.411,10742.965,10862.223,10972.182,11072.846,11164.219,11246.316,11319.153,11382.757,11437.159,11482.397,11518.518,11545.574,11563.627,11572.744,11573.002,11564.485,11547.282,11521.491,11487.220,11444.579,11393.687,11334.670,11267.661,11192.796,11110.220,11020.080,10922.529,10817.726,10705.832,10587.013,10461.437,10329.276,10190.702,10045.894,9895.026,9738.278,9575.829,9407.857,9234.543,9056.066,8872.603,8684.333,8491.430,8294.069,8092.422,7886.661,7676.952,7463.463,7246.354,7025.786,6801.917,6574.900,6344.886,6112.024,5876.457,5638.328,5397.774,5154.930,4909.929,4662.898,4413.964,4163.248,3910.871,3656.950,3401.598,3144.928,2887.050,2628.070,2368.093,2107.223,1845.562,1583.207,1320.260,1056.816,792.973,528.826,264.470,0.000
0.000,187.497,374.636,561.052,746.384,930.277,1112.382,1292.358,1469.877,1644.621,1816.283,1984.574,2149.218,2309.954,2466.539,2618.748,2766.373,2909.222,3047.124,3179.926,3307.489,3429.697,3546.448,3657.658,3763.260,3863.201,3957.445,4045.970,4128.768,4205.841,4277.209,4342.897,4402.946,4457.403,4506.326,4549.780,4587.838,4620.579,4648.090,4670.460,4687.784,4700.162,4707.696,4710.490,4708.650,4702.286,4691.504,4676.415,4657.128,4633.750,4606.390,4575.152,4540.140,4501.454,4459.192,4413.449,4364.316,4311.877,4256.215,4197.404,4135.515,4070.612,4002.751,3931.981,3858.343,3781.868,3702.577,3620.481,3535.579,3447.856,3357.281,3263.808,3167.372,3067.886,2965.239,2859.290,2749.867,2636.758,2519.703,2398.385,2272.416,2141.321,2004.511,1861.248,1710.602,1551.376,1382.010,1200.440,1003.916,788.850,550.978,286.922,0.000,366.262,732.439,1098.386,1463.847,1828.392,2191.361,2551.811,2908.466,3259.681,3603.422,3937.278,4258.503,4564.099,4850.938,5115.916,5356.114,5568.949,5752.286,5904.498,6024.466,6111.538,6165.462,6186.322,6174.494,6130.627,6055.670,5950.904,5817.993,5659.006,5476.414,5273.025,5051.889,4816.157,4568.942,4313.188,4051.563,3786.393,3519.630,3252.842,2987.237,2723.695,2462.804,2204.908,1950.146,1698.489,1449.779,1203.751,960.060,718.302,478.028,238.760,0.000,664.372,1283.666,1851.503,2374.587,2861.196,3318.173,3750.644,4162.367,4556.105,4933.914,5297.343,5647.573,5985.518,6311.883,6627.221,6931.964,7226.449,7510.940,7785.639,8050.702,8306.245,8552.356,8789.094,9016.499,9234.597,9443.399,9642.906,9833.112,10014.008,10185.577,10347.804,10500.672,10644.164,10778.266,10902.965,11018.254,11124.128,11220.588,11307.640,11385.297,11453.577,11512.505,11562.115,11602.446,11633.546,11655.471,11668.283,11672.054,11666.862,11652.795,11629.947,11598.420,11558.324,11509.777,11452.901,11387.828,11314.694,11233.643,11144.823,11048.388,10944.498,10833.316,10715.008,10589.748,10457.707,10319.063,10173.996,10022.686,9865.315,9702.068,9533.127,9358.676,9178.900,8993.980,8804.100,8609.441,8410.181,8206.498,7998.567,7786.562,7570.653,7351.007,7127.791,6901.165,6671.289,6438.319,6202.408,5963.703,5722.351,5478.495,5232.275,4983.825,4733.280,4480.768,4226.416,3970.349,3712.685,3453.545,3193.043,2931.293,2668.404,2404.486,2139.646,1873.987,1607.614,1340.628,1073.130,805.220,536.996,268.557,0.000
0.000,179.753,359.170,537.908,715.629,891.998,1066.686,1239.374,1409.751,1577.517,1742.383,1904.074,2062.329,2216.899,2367.554,2514.077,2656.269,2793.946,2926.942,3055.106,3178.306,3296.426,3409.363,3517.035,3619.371,3716.317,3807.832,3893.890,3974.477,4049.593,4119.246,4183.459,4242.262,4295.695,4343.810,4386.661,4424.314,4456.840,4484.314,4506.820,4524.443,4537.273,4545.404,4548.930,4547.951,4542.565,4532.872,4518.975,4500.972,4478.966,4453.054,4423.334,4389.903,4352.854,4312.277,4268.259,4220.885,4170.233,4116.378,4059.390,3999.332,3936.262,3870.231,3801.281,3729.449,3654.759,3577.229,3496.864,3413.656,3327.588,3238.624,3146.713,3051.787,2953.755,2852.502,2747.888,2639.737,2527.837,2411.933,2291.713,2166.801,2036.742,1900.981,1758.839,1609.483,1451.882,1284.768,1106.598,915.556,709.717,487.582,249.448,0.000,549.508,1098.959,1648.210,2196.945,2744.592,3290.231,3832.505,4369.547,4898.909,5417.529,5921.736,6407.306,6869.590,7303.711,7704.809,8068.322,8390.235,8667.274,8896.995,9077.769,9208.698,9289.485,9320.309,9301.750,9234.763,9120.720,8961.490,8759.536,8517.977,8240.588,7931.711,7596.083,7238.609,6864.121,6477.161,6081.820,5681.629,5279.519,4877.824,4478.315,4082.259,3690.489,3303.466,2921.353,2544.065,2171.327,1802.713,1437.680,1075.601,715.788,357.508,0.000,600.559,1178.837,1725.604,2240.228,2725.542,3185.149,3622.382,4040.020,4440.291,4824.951,5195.382,5552.671,5897.673,6231.066,6553.384,6865.049,7166.395,7457.682,7739.115,8010.847,8272.996,8525.648,8768.863,9002.681,9227.123,9442.200,9647.910,9844.245,10031.189,10208.724,10376.828,10535.479,10684.655,10824.335,10954.502,11075.141,11186.240,11287.794,11379.803,11462.272,11535.214,11598.647,11652.597,11697.099,11732.195,11757.934,11774.374,11781.582,11779.632,11768.608,11748.600,11719.709,11682.040,11635.710,11580.840,11517.561,11446.009,11366.328,11278.666,11183.180,11080.030,10969.381,10851.402,10726.269,10594.158,10455.250,10309.727,10157.776,9999.582,9835.333,9665.219,9489.427,9308.147,9121.567,8929.874,8733.254,8531.892,8325.971,8115.671,7901.171,7682.647,7460.271,7234.215,7004.643,6771.722,6535.611,6296.468,6054.446,5809.696,5562.365,5312.597,5060.531,4806.306,4550.053,4291.905,4031.989,3770.429,3507.346,3242.861,2977.089,2710.145,2442.140,2173.185,1903.387,1632.854,1361.689,1089.997,817.880,545.441,272.781,0.000
0.000,172.369,344.424,515.840,686.300,855.488,1023.097,1188.823,1352.374,1513.467,1671.828,1827.197,1979.325,2127.977,2272.932,2413.984,2550.940,2683.625,2811.878,2935.553,3054.520,3168.665,3277.888,3382.103,3481.240,3575.243,3664.068,3747.684,3826.074,3899.231,3967.160,4029.875,4087.400,4139.771,4187.028,4229.221,4266.406,4298.646,4326.011,4348.572,4366.410,4379.604,4388.240,4392.406,4392.191,4387.687,4378.986,4366.181,4349.366,4328.632,4304.072,4275.776,4243.832,4208.328,4169.347,4126.969,4081.273,4032.330,3980.210,3924.977,3866.687,3805.395,3741.144,3673.974,3603.914,3530.986,3455.202,3376.565,3295.063,3210.674,3123.360,3033.070,2939.731,2843.255,2743.526,2640.405,2533.723,2423.275,2308.815,2190.052,2066.634,1938.147,1804.094,1663.887,1516.826,1362.095,1198.754,1025.769,842.107,646.964,440.234,223.305,0.000,732.812,1465.680,2198.548,2931.131,3662.802,4392.465,5118.433,5838.307,6548.878,7246.051,7924.832,8579.395,9203.246,9789.506,10331.288,10822.129,11256.395,11629.582,11938.438,12180.917,12356.002,12463.470,12503.679,12477.434,12385.955,12230.956,12014.800,11740.684,11412.778,11036.251,10617.148,10162.124,9678.076,9171.771,8649.517,8116.927,7578.783,7038.995,6500.621,5965.939,5436.539,4913.425,4397.116,3887.734,3385.091,2888.752,2398.093,1912.345,1430.636,952.016,475.482,0.000,559.132,1105.693,1632.082,2135.477,2615.951,3074.909,3514.176,3935.553,4340.647,4730.825,5107.218,5470.751,5822.177,6162.103,6491.017,6809.309,7117.292,7415.210,7703.255,7981.573,8250.274,8509.440,8759.123,8999.359,9230.164,9451.545,9663.494,9865.996,10059.032,10242.577,10416.602,10581.079,10735.979,10881.275,11016.942,11142.957,11259.304,11365.967,11462.941,11550.223,11627.819,11695.740,11754.006,11802.646,11841.694,11871.195,11891.202,11901.777,11902.989,11894.918,11877.652,11851.288,11815.930,11771.692,11718.695,11657.069,11586.950,11508.482,11421.817,11327.110,11224.523,11114.226,10996.391,10871.196,10738.820,10599.449,10453.271,10300.475,10141.252,9975.795,9804.298,9626.956,9443.963,9255.512,9061.796,8863.007,8659.336,8450.971,8238.097,8020.900,7799.559,7574.254,7345.160,7112.450,6876.291,6636.851,6394.290,6148.767,5900.438,5649.454,5395.964,5140.110,4882.034,4621.875,4359.767,4095.840,3830.224,3563.043,3294.419,3024.473,2753.322,2481.082,2207.865,1933.782,1658.943,1383.456,1107.428,830.964,554.168,277.146,0.000
0.000,165.326,330.355,494.785,658.315,820.649,981.495,1140.568,1297.593,1452.301,1604.434,1753.745,1899.996,2042.966,2182.442,2318.229,2450.141,2578.010,2701.679,2821.008,2935.871,3046.154,3151.759,3252.601,3348.609,3439.723,3525.900,3607.104,3683.313,3754.519,3820.718,3881.920,3938.145,3989.419,4035.778,4077.264,4113.926,4145.820,4173.007,4195.553,4213.529,4227.007,4236.067,4240.787,4241.249,4237.538,4229.738,4217.936,4202.216,4182.665,4159.367,4132.406,4101.863,4067.820,4030.352,3989.536,3945.441,3898.136,3847.684,3794.142,3737.565,3677.998,3615.484,3550.056,3481.741,3410.555,3336.508,3259.599,3179.816,3097.133,3011.512,2922.901,2831.230,2736.409,2638.330,2536.859,2431.835,2323.067,2210.329,2093.353,1971.829,1845.390,1713.614,1576.017,1432.050,1281.105,1122.545,955.752,780.245,595.874,403.133,203.555,0.000,916.061,1832.402,2749.170,3666.230,4583.021,5498.395,6410.453,7316.372,8212.246,9092.964,9952.146,10782.196,11574.493,12319.780,13008.709,13632.511,14183.636,14656.222,15046.258,15351.460,15570.924,15704.714,15753.504,15718.353,15600.668,15402.348,15126.069,14775.624,14356.201,13874.489,13338.507,12757.187,12139.799,11495.371,10832.210,10157.588,9477.583,8797.057,8119.727,7448.282,6784.533,6129.558,5483.837,4847.377,4219.814,3600.498,2988.561,2382.972,1782.582,1186.157,592.406,0.000,530.377,1052.883,1561.780,2053.930,2528.215,2984.756,3424.306,3847.864,4256.466,4651.076,5032.550,5401.620,5758.905,6104.917,6440.075,6764.723,7079.134,7383.527,7678.073,7962.901,8238.108,8503.763,8759.911,9006.576,9243.770,9471.488,9689.716,9898.433,10097.610,10287.214,10467.211,10637.564,10798.236,10949.192,11090.399,11221.826,11343.448,11455.244,11557.198,11649.300,11731.549,11803.949,11866.513,11919.262,11962.226,11995.443,12018.961,12032.835,12037.134,12031.930,12017.310,11993.368,11960.206,11917.936,11866.679,11806.565,11737.730,11660.319,11574.485,11480.385,11378.186,11268.057,11150.177,11024.724,10891.887,10751.851,10604.812,10450.962,10290.500,10123.623,9950.531,9771.424,9586.502,9395.965,9200.011,8998.840,8792.646,8581.624,8365.967,8145.863,7921.500,7693.062,7460.729,7224.680,6985.088,6742.124,6495.954,6246.744,5994.651,5739.832,5482.439,5222.621,4960.523,4696.286,4430.050,4161.948,3892.112,3620.672,3347.752,3073.477,2797.966,2521.337,2243.708,1965.191,1685.900,1405.945,1125.434,844.478,563.182,281.654,0.000
0.000,158.603,316.927,474.687,631.600,787.385,941.769,1094.483,1245.266,1393.863,1540.030,1683.533,1824.147,1961.660,2095.871,2226.590,2353.642,2476.863,2596.105,2711.229,2822.113,2928.646,3030.730,3128.283,3221.231,3309.516,3393.089,3471.914,3545.965,3615.229,3679.699,3739.380,3794.286,3844.438,3889.864,3930.601,3966.693,3998.187,4025.138,4047.604,4065.650,4079.341,4088.748,4093.944,4095.004,4092.004,4085.023,4074.139,4059.431,4040.979,4018.860,3993.152,3963.930,3931.268,3895.238,3855.910,3813.348,3767.614,3718.767,3666.860,3611.942,3554.056,3493.238,3429.520,3362.923,3293.462,3221.145,3145.969,3067.919,2986.970,2903.084,2816.211,2726.283,2633.215,2536.906,2437.230,2334.041,2227.164,2116.397,2001.505,1882.219,1758.232,1629.199,1494.741,1354.449,1207.907,1054.719,894.576,727.346,553.225,372.913,187.795,0.000,1099.028,2198.699,3299.501,4401.598,5504.655,6607.642,7708.614,8804.482,9890.771,10961.412,12008.594,13022.748,13992.752,14906.412,15751.258,16515.569,17189.417,17765.410,18238.913,18607.741,18871.518,19030.959,19087.271,19041.806,18896.016,18651.700,18311.506,17879.540,17361.914,16766.997,16105.205,15388.319,14628.563,13837.703,13026.365,12203.633,11376.903,10551.924,9732.946,8922.928,8123.754,7336.436,6561.297,5798.123,5046.291,4304.866,3572.681,2848.400,2130.563,1417.626,707.985,0.000,509.586,1013.839,1508.439,1990.521,2458.551,2911.976,3350.861,3775.616,4186.807,4585.042,4970.908,5344.943,5707.617,6059.335,6400.437,6731.203,7051.863,7362.597,7663.548,7954.823,8236.500,8508.632,8771.249,9024.366,9267.979,9502.076,9726.633,9941.617,10146.992,10342.715,10528.743,10705.029,10871.529,11028.197,11174.992,11311.874,11438.809,11555.767,11662.723,11759.661,11846.570,11923.447,11990.298,12047.136,12093.984,12130.876,12157.852,12174.965,12182.277,12179.858,12167.791,12146.167,12115.088,12074.664,12025.015,11966.271,11898.570,11822.058,11736.888,11643.222,11541.229,11431.083,11312.963,11187.057,11053.554,10912.648,10764.537,10609.421,10447.503,10278.988,10104.081,9922.989,9735.917,9543.073,9344.662,9140.887,8931.952,8718.057,8499.399,8276.175,8048.578,7816.797,7581.019,7341.426,7098.199,6851.513,6601.540,6348.449,6092.403,5833.562,5572.085,5308.122,5041.824,4773.336,4502.800,4230.354,3956.134,3680.270,3402.894,3124.130,2844.102,2562.931,2280.736,1997.634,1713.740,1429.167,1144.027,858.430,572.488,286.308,0.000
0.000,152.183,304.104,455.493,606.084,755.612,903.818,1050.450,1195.258,1338.005,1478.456,1616.391,1751.596,1883.868,2013.016,2138.858,2261.227,2379.966,2494.929,2605.985,2713.014,2815.907,2914.569,3008.916,3098.877,3184.390,3265.407,3341.890,3413.809,3481.146,3543.893,3602.050,3655.624,3704.632,3749.098,3789.053,3824.532,3855.578,3882.241,3904.570,3922.624,3936.462,3946.149,3951.751,3953.334,3950.971,3944.733,3934.691,3920.918,3903.487,3882.471,3857.939,3829.964,3798.611,3763.949,3726.040,3684.945,3640.721,3593.423,3543.098,3489.791,3433.543,3374.385,3312.346,3247.445,3179.696,3109.104,3035.664,2959.363,2880.175,2798.065,2712.985,2624.872,2533.647,2439.218,2341.471,2240.275,2135.476,2026.899,1914.343,1797.584,1676.373,1550.443,1419.510,1283.292,1141.523,993.995,840.606,681.435,516.837,347.541,174.724,0.000,1281.351,2563.866,3848.537,5136.006,6426.361,7718.904,9011.880,10302.169,11584.943,12853.321,14098.069,15307.452,16467.356,17561.859,18574.341,19489.092,20293.054,20977.089,21536.244,21969.073,22276.449,22460.332,22522.814,22465.586,22289.889,21996.931,21588.716,21069.117,20444.916,19726.381,18926.997,18062.321,17148.431,16200.514,15231.914,14253.675,13274.473,12300.789,11337.206,10386.732,9451.119,8531.135,7626.791,6737.528,5862.362,4999.993,4148.897,3307.383,2473.646,1645.800,821.908,0.000,494.217,984.597,1467.822,1941.426,2403.810,2854.104,3291.967,3717.404,4130.624,4531.942,4921.710,5300.281,5667.983,6025.109,6371.912,6708.608,7035.371,7352.341,7659.625,7957.305,8245.433,8524.042,8793.147,9052.745,9302.822,9543.349,9774.292,9995.607,10207.246,10409.156,10601.282,10783.570,10955.962,11118.403,11270.843,11413.232,11545.526,11667.685,11779.676,11881.473,11973.057,12054.416,12125.548,12186.461,12237.169,12277.699,12308.088,12328.382,12338.639,12338.926,12329.322,12309.916,12280.807,12242.107,12193.933,12136.418,12069.699,11993.925,11909.251,11815.843,11713.872,11603.516,11484.962,11358.399,11224.023,11082.034,10932.635,10776.034,10612.439,10442.062,10265.115,10081.811,9892.363,9696.985,9495.888,9289.285,9077.383,8860.390,8638.511,8411.947,8180.898,7945.559,7706.123,7462.778,7215.710,6965.099,6711.122,6453.953,6193.760,5930.708,5664.958,5396.668,5125.989,4853.072,4578.061,4301.099,4022.324,3741.872,3459.874,3176.460,2891.755,2605.884,2318.968,2031.127,1742.477,1453.135,1163.214,872.829,582.090,291.111,0.000
0.000,146.050,291.852,437.154,581.702,725.247,867.546,1008.357,1147.448,1284.590,1419.564,1552.159,1682.172,1809.409,1933.689,2054.838,2172.695,2287.109,2397.941,2505.062,2608.356,2707.717,2803.053,2894.279,2981.324,3064.128,3142.639,3216.818,3286.633,3352.064,3413.098,3469.730,3521.965,3569.816,3613.299,3652.441,3687.273,3717.831,3744.158,3766.300,3784.308,3798.236,3808.140,3814.082,3816.124,3814.329,3808.763,3799.492,3786.583,3770.103,3750.118,3726.694,3699.895,3669.785,3636.425,3599.873,3560.185,3517.415,3471.611,3422.819,3371.080,3316.429,3258.898,3198.511,3135.287,3069.237,3000.364,2928.666,2854.127,2776.726,2696.430,2613.193,2526.960,2437.660,2345.209,2249.509,2150.444,2047.884,1941.679,1831.666,1717.664,1599.480,1476.916,1349.773,1217.869,1081.060,939.271,792.533,641.041,485.211,325.728,163.575,0.000,1462.512,2926.877,4394.776,5867.529,7345.880,8829.733,10317.833,11807.372,13293.513,14768.859,16222.911,17641.634,19007.362,20299.327,21495.156,22573.403,23516.619,24313.648,24959.901,25455.858,25804.872,26011.108,26078.068,26007.836,25801.022,25457.419,24977.309,24363.296,23622.254,22766.614,21814.080,20785.538,19702.327,18584.007,17447.101,16304.680,15166.525,14039.555,12928.355,11835.674,10762.857,9710.195,8677.205,7662.837,6665.634,5683.849,4715.531,3758.590,2810.836,1870.019,933.846,0.000,482.774,962.652,1437.026,1903.804,2361.467,2809.025,3245.910,3671.867,4086.850,4490.944,4884.308,5267.130,5639.609,6001.930,6354.262,6696.751,7029.515,7352.649,7666.224,7970.287,8264.866,8549.972,8825.597,9091.723,9348.318,9595.339,9832.738,10060.458,10278.438,10486.614,10684.918,10873.283,11051.642,11219.929,11378.081,11526.039,11663.747,11791.156,11908.222,12014.910,12111.191,12197.046,12272.463,12337.442,12391.992,12436.132,12469.892,12493.314,12506.452,12509.368,12502.138,12484.850,12457.602,12420.503,12373.673,12317.243,12251.353,12176.154,12091.805,11998.474,11896.338,11785.579,11666.387,11538.960,11403.498,11260.208,11109.300,10950.988,10785.488,10613.018,10433.798,10248.049,10055.992,9857.846,9653.831,9444.165,9229.065,9008.745,8783.416,8553.286,8318.562,8079.445,7836.134,7588.822,7337.701,7082.956,6824.771,6563.322,6298.785,6031.327,5761.114,5488.307,5213.063,4935.535,4655.872,4374.219,4090.718,3805.507,3518.721,3230.492,2940.948,2650.217,2358.422,2065.684,1772.124,1477.859,1183.005,887.679,591.994,296.063,0.000
0.000,140.187,280.141,419.622,558.393,696.216,832.862,968.103,1101.718,1233.491,1363.215,1490.687,1615.715,1738.116,1857.715,1974.347,2087.856,2198.099,2304.940,2408.256,2507.934,2603.870,2695.974,2784.163,2868.365,2948.521,3024.578,3096.495,3164.238,3227.785,3287.118,3342.232,3393.126,3439.808,3482.291,3520.597,3554.752,3584.787,3610.739,3632.648,3650.561,3664.525,3674.592,3680.817,3683.255,3681.966,3677.009,3668.445,3656.334,3640.738,3621.720,3599.338,3573.652,3544.722,3512.603,3477.350,3439.013,3397.643,3353.286,3305.981,3255.768,3202.679,3146.744,3087.984,3026.417,2962.053,2894.896,2824.943,2752.180,2676.589,2598.139,2516.791,2432.495,2345.190,2254.803,2161.250,2064.433,1964.243,1860.560,1753.253,1642.182,1527.206,1408.186,1284.993,1157.528,1025.735,889.628,749.324,605.073,457.300,306.622,153.860,0.000,1641.819,3286.354,4936.161,6593.455,8259.896,9936.314,11622.348,13315.972,15012.877,16705.693,18383.081,20028.812,21621.130,23132.932,24533.552,25792.747,26886.369,27800.985,28533.853,29089.587,29476.074,29701.158,29770.516,29686.667,29448.945,29054.414,28499.805,27784.505,26914.191,25903.741,24777.170,23563.426,22291.331,20986.088,19667.803,18351.421,17047.390,15762.550,14500.986,13264.754,12054.439,10869.583,9708.997,8570.981,7453.488,6354.237,5270.790,4200.609,3141.091,2089.595,1043.457,0.000,474.309,946.351,1414.021,1875.543,2329.529,2774.968,3211.181,3637.753,4054.461,4461.220,4858.033,5244.954,5622.064,5989.454,6347.210,6695.411,7034.120,7363.385,7683.236,7993.689,8294.744,8586.383,8868.581,9141.296,9404.479,9658.073,9902.011,10136.223,10360.634,10575.166,10779.738,10974.270,11158.682,11332.897,11496.839,11650.437,11793.626,11926.342,12048.534,12160.155,12261.166,12351.538,12431.251,12500.297,12558.676,12606.402,12643.497,12670.000,12685.957,12691.429,12686.489,12671.221,12645.723,12610.104,12564.484,12508.994,12443.779,12368.990,12284.790,12191.353,12088.858,11977.495,11857.460,11728.955,11592.187,11447.372,11294.726,11134.471,10966.830,10792.030,10610.299,10421.864,10226.956,10025.801,9818.627,9605.660,9387.124,9163.240,8934.226,8700.299,8461.670,8218.549,7971.138,7719.640,7464.249,7205.158,6942.555,6676.621,6407.536,6135.473,5860.602,5583.087,5303.090,5020.767,4736.270,4449.748,4161.346,3871.204,3579.460,3286.249,2991.702,2695.948,2399.113,2101.321,1802.693,1503.349,1203.408,902.987,602.203,301.169,0.000
0.000,134.581,268.942,402.857,536.100,668.449,799.685,929.592,1057.962,1184.590,1309.277,1431.834,1552.077,1669.830,1784.928,1897.211,2006.531,2112.751,2215.739,2315.376,2411.553,2504.169,2593.135,2678.370,2759.803,2837.373,2911.029,2980.727,3046.432,3108.119,3165.770,3219.374,3268.928,3314.435,3355.906,3393.357,3426.810,3456.292,3481.834,3503.472,3521.246,3535.200,3545.380,3551.834,3554.614,3553.774,3549.367,3541.450,3530.077,3515.306,3497.193,3475.794,3451.163,3423.355,3392.421,3358.411,3321.375,3281.356,3238.398,3192.539,3143.813,3092.252,3037.883,2980.726,2920.798,2858.108,2792.662,2724.456,2653.480,2579.718,2503.143,2423.721,2341.412,2256.161,2167.909,2076.586,1982.111,1884.397,1783.350,1678.870,1570.856,1459.208,1343.839,1224.679,1101.687,974.874,844.313,710.166,572.711,432.352,289.638,145.255,0.000,1818.410,3640.560,5470.060,7310.235,9163.936,11033.279,12919.272,14821.291,16736.330,18657.954,20574.907,22469.405,24315.414,26077.719,27713.375,29177.665,30435.125,31470.069,32284.939,32892.562,33308.680,33546.933,33616.170,33519.370,33253.676,32811.488,32182.993,31360.729,30346.262,29156.990,27827.433,26399.665,24913.482,23401.212,21886.603,20385.811,18909.065,17462.268,16048.286,14667.916,13320.561,12004.702,10718.218,9458.601,8223.100,7008.821,5812.784,4631.965,3463.324,2303.813,1150.386,0.000,468.193,934.555,1397.351,1855.060,2306.429,2750.478,3186.485,3613.940,4032.506,4441.973,4842.226,5233.208,5614.902,5987.313,6350.456,6704.344,7048.988,7384.388,7710.537,8027.416,8334.994,8633.228,8922.068,9201.452,9471.312,9731.571,9982.146,10222.952,10453.896,10674.887,10885.830,11086.630,11277.195,11457.432,11627.255,11786.578,11935.323,12073.417,12200.795,12317.400,12423.182,12518.102,12602.130,12675.250,12737.455,12788.748,12829.149,12858.688,12877.409,12885.367,12882.633,12869.289,12845.432,12811.170,12766.625,12711.930,12647.230,12572.683,12488.455,12394.722,12291.672,12179.499,12058.406,11928.602,11790.304,11643.731,11489.112,11326.673,11156.649,10979.274,10794.784,10603.416,10405.407,10200.995,9990.414,9773.899,9551.681,9323.990,9091.051,8853.088,8610.319,8362.960,8111.221,7855.310,7595.428,7331.772,7064.536,6793.907,6520.068,6243.197,5963.469,5681.052,5396.110,5108.804,4819.289,4527.717,4234.235,3938.987,3642.114,3343.751,3044.034,2743.093,2441.056,2138.048,1834.194,1529.614,1224.429,918.759,612.719,306.427,0.000
0.000,129.218,258.229,386.818,514.771,641.880,767.935,892.734,1016.079,1137.773,1257.631,1375.471,1491.117,1604.404,1715.171,1823.269,1928.554,2030.892,2130.160,2226.242,2319.030,2408.428,2494.349,2576.712,2655.448,2730.497,2801.805,2869.328,2933.032,2992.888,3048.875,3100.982,3149.200,3193.531,3233.982,3270.564,3303.295,3332.198,3357.300,3378.632,3396.230,3410.132,3420.379,3427.015,3430.088,3429.645,3425.735,3418.410,3407.720,3393.718,3376.456,3355.983,3332.352,3305.612,3275.811,3242.996,3207.210,3168.497,3126.895,3082.441,3035.167,2985.101,2932.270,2876.694,2818.387,2757.360,2693.618,2627.160,2557.978,2486.059,2411.381,2333.918,2253.634,2170.486,2084.426,1995.396,1903.336,1808.177,1709.849,1608.281,1503.404,1395.156,1283.490,1168.380,1049.835,927.905,802.705,674.421,543.332,409.816,274.356,137.532,0.000,1991.260,3987.417,5993.284,8013.488,10052.335,12113.594,14200.170,16313.590,18453.198,20614.888,22789.189,24958.486,27093.403,29149.156,31064.564,32769.414,34206.396,35359.229,36243.271,36887.043,37319.152,37561.725,37627.861,37520.968,37234.903,36754.869,36059.951,35129.156,33953.138,32550.525,30975.906,29294.321,27561.720,25818.676,24091.584,22396.154,20740.793,19129.170,17561.974,16038.063,14555.187,13110.447,11700.573,10322.104,8971.492,7645.164,6339.559,5051.145,3776.428,2511.948,1254.275,0.000,463.987,926.458,1385.952,1841.152,2290.932,2734.365,3170.722,3599.446,4020.124,4432.462,4836.254,5231.357,5617.672,5995.133,6363.686,6723.290,7073.904,7415.486,7747.988,8071.357,8385.532,8690.446,8986.020,9272.173,9548.814,9815.848,10073.175,10320.690,10558.287,10785.855,11003.286,11210.470,11407.299,11593.667,11769.471,11934.615,12089.006,12232.559,12365.196,12486.846,12597.450,12696.959,12785.331,12862.541,12928.573,12983.424,13027.106,13059.643,13081.074,13091.451,13090.842,13079.326,13057.001,13023.973,12980.367,12926.318,12861.974,12787.495,12703.054,12608.833,12505.024,12391.829,12269.458,12138.128,11998.064,11849.496,11692.658,11527.789,11355.130,11174.925,10987.421,10792.863,10591.498,10383.571,10169.327,9949.009,9722.857,9491.108,9253.995,9011.751,8764.599,8512.764,8256.463,7995.908,7731.307,7462.863,7190.775,6915.235,6636.432,6354.547,6069.758,5782.240,5492.159,5199.678,4904.957,4608.151,4309.409,4008.879,3706.702,3403.017,3097.961,2791.666,2484.262,2175.877,1866.635,1556.661,1246.074,934.996,623.546,311.842,0.000
0.000,124.086,247.976,371.467,494.357,616.448,737.542,857.447,975.973,1092.938,1208.162,1321.473,1432.705,1541.698,1648.301,1752.369,1853.765,1952.361,2048.037,2140.682,2230.192,2316.472,2399.438,2479.011,2555.123,2627.713,2696.728,2762.123,2823.864,2881.918,2936.265,2986.888,3033.779,3076.936,3116.361,3152.064,3184.058,3212.361,3236.998,3257.994,3275.382,3289.195,3299.469,3306.246,3309.565,3309.472,3306.011,3299.228,3289.171,3275.887,3259.423,3239.826,3217.145,3191.423,3162.707,3131.038,3096.459,3059.008,3018.722,2975.635,2929.778,2881.177,2829.858,2775.838,2719.134,2659.757,2597.712,2533.000,2465.616,2395.550,2322.787,2247.304,2169.075,2088.067,2004.240,1917.554,1827.960,1735.412,1639.858,1541.255,1439.559,1334.740,1226.784,1115.699,1001.526,884.348,764.300,641.580,516.457,389.279,260.472,130.530,0.000,2159.215,4324.565,6502.169,8698.098,10918.323,13168.593,15454.223,17779.703,20147.984,22559.211,25008.476,27481.947,29950.555,32360.938,34626.312,36629.032,38261.815,39517.180,40441.872,41093.187,41519.161,41752.952,41812.582,41701.738,41410.097,40913.134,40172.786,39142.805,37786.610,36116.067,34231.346,32239.994,30220.401,28220.189,26264.904,24366.430,22528.784,20751.644,19032.377,17367.175,15751.679,14181.325,12651.523,11157.752,9695.600,8260.784,6849.142,5456.628,4079.296,2713.277,1354.767,0.000,461.376,921.468,1379.024,1832.892,2282.059,2725.656,3162.968,3593.417,4016.549,4432.009,4839.526,5238.890,5629.937,6012.538,6386.585,6751.984,7108.648,7456.494,7795.438,8125.393,8446.268,8757.968,9060.392,9353.433,9636.980,9910.918,10175.127,10429.485,10673.867,10908.147,11132.199,11345.896,11549.115,11741.735,11923.638,12094.713,12254.852,12403.957,12541.936,12668.706,12784.195,12888.342,12981.096,13062.420,13132.290,13190.695,13237.639,13273.141,13297.233,13309.965,13311.401,13301.620,13280.716,13248.800,13205.995,13152.440,13088.287,13013.700,12928.856,12833.946,12729.168,12614.731,12490.854,12357.764,12215.692,12064.880,11905.570,11738.013,11562.459,11379.162,11188.379,10990.366,10785.378,10573.672,10355.501,10131.117,9900.769,9664.703,9423.162,9176.383,8924.601,8668.045,8406.939,8141.503,7871.950,7598.490,7321.326,7040.656,6756.673,6469.562,6179.508,5886.685,5591.267,5293.418,4993.302,4691.075,4386.891,4080.898,3773.241,3464.060,3153.494,2841.677,2528.742,2214.815,1900.025,1584.494,1268.347,951.705,634.687,317.412,0.000
0.000,119.173,238.160,356.770,474.812,592.096,708.436,823.650,937.558,1049.986,1160.763,1269.726,1376.717,1481.583,1584.179,1684.367,1782.016,1877.003,1969.212,2058.536,2144.874,2228.135,2308.235,2385.099,2458.658,2528.852,2595.629,2658.945,2718.760,2775.045,2827.775,2876.934,2922.509,2964.496,3002.895,3037.711,3068.955,3096.642,3120.792,3141.428,3158.576,3172.267,3182.533,3189.411,3192.937,3193.151,3190.094,3183.809,3174.338,3161.724,3146.012,3127.244,3105.464,3080.715,3053.037,3022.472,2989.056,2952.827,2913.819,2872.064,2827.591,2780.426,2730.591,2678.106,2622.987,2565.245,2504.887,2441.916,2376.330,2308.124,2237.285,2163.799,2087.646,2008.801,1927.238,1842.926,1755.834,1665.929,1573.182,1477.567,1379.066,1277.673,1173.400,1066.281,956.379,843.798,728.684,611.236,491.711,370.426,247.755,124.125,0.000,2321.035,4649.460,6992.728,9358.414,11754.266,14188.231,16668.427,19203.014,21799.824,24465.496,27203.558,30010.272,32865.933,35717.730,38450.713,40858.586,42694.652,44005.805,44913.851,45524.672,45911.354,46118.342,46167.778,46063.306,45790.614,45314.785,44575.254,43482.668,41934.431,39895.787,37593.416,35213.907,32859.701,30576.774,28381.413,26275.877,24256.268,22316.245,20448.716,18646.580,16903.029,15211.651,13566.443,11961.779,10392.373,8853.229,7339.597,5846.931,4370.850,2907.098,1451.514,0.000,460.122,919.139,1375.957,1829.559,2279.027,2723.551,3162.442,3595.119,4021.103,4440.001,4851.496,5255.326,5651.277,6039.167,6418.840,6790.158,7152.993,7507.224,7852.731,8189.396,8517.100,8835.721,9145.131,9445.201,9735.799,10016.789,10288.030,10549.381,10800.700,11041.841,11272.661,11493.017,11702.768,11901.777,12089.911,12267.040,12433.044,12587.808,12731.226,12863.201,12983.650,13092.496,13189.679,13275.151,13348.878,13410.840,13461.034,13499.472,13526.181,13541.207,13544.611,13536.471,13516.880,13485.949,13443.805,13390.588,13326.456,13251.578,13166.138,13070.332,12964.367,12848.461,12722.842,12587.745,12443.415,12290.100,12128.057,11957.544,11778.824,11592.163,11397.827,11196.083,10987.198,10771.438,10549.066,10320.345,10085.532,9844.883,9598.650,9347.077,9090.408,8828.879,8562.721,8292.161,8017.418,7738.708,7456.240,7170.215,6880.832,6588.282,6292.752,5994.420,5693.463,5390.049,5084.345,4776.509,4466.697,4155.060,3841.744,3526.893,3210.646,2893.138,2574.502,2254.870,1934.367,1613.120,1291.252,968.886,646.142,323.140,0.000
0.000,114.468,228.760,342.694,456.091,568.770,680.554,791.271,900.750,1008.824,1115.334,1220.122,1323.037,1423.934,1522.676,1619.129,1713.168,1804.674,1893.536,1979.651,2062.922,2143.259,2220.581,2294.814,2365.891,2433.754,2498.349,2559.631,2617.563,2672.111,2723.252,2770.965,2815.237,2856.062,2893.436,2927.362,2957.848,2984.906,3008.552,3028.805,3045.688,3059.229,3069.455,3076.400,3080.096,3080.579,3077.887,3072.057,3063.129,3051.143,3036.138,3018.155,2997.234,2973.414,2946.733,2917.229,2884.937,2849.892,2812.125,2771.668,2728.548,2682.789,2634.413,2583.441,2529.888,2473.765,2415.083,2353.845,2290.054,2223.706,2154.796,2083.315,2009.249,1932.584,1853.301,1771.382,1686.808,1599.562,1509.631,1417.006,1321.688,1223.693,1123.051,1019.814,914.064,805.913,695.515,583.062,468.798,353.009,236.029,118.226,0.000,2475.465,4959.512,7460.868,9988.563,12552.098,15161.638,17828.241,20564.103,23382.801,26299.392,29329.989,32489.648,35785.176,39193.334,42600.226,45659.948,47652.401,48897.537,49683.056,50180.297,50483.242,50641.284,50676.881,50593.095,50374.269,49980.139,49330.777,48278.182,46572.659,43939.235,41032.624,38162.517,35427.724,32845.794,30408.098,28099.397,25904.165,23808.352,21799.663,19867.400,18002.205,16195.808,14440.818,12730.549,11058.884,9420.162,7809.086,6220.650,4650.074,3092.750,1544.193,0.000,460.049,919.129,1376.277,1830.581,2281.204,2727.394,3168.489,3603.918,4033.190,4455.890,4871.666,5280.219,5681.294,6074.669,6460.147,6837.551,7206.715,7567.485,7919.708,8263.238,8597.927,8923.624,9240.181,9547.444,9845.259,10133.467,10411.908,10680.422,10938.846,11187.016,11424.771,11651.948,11868.390,12073.942,12268.452,12451.775,12623.774,12784.318,12933.286,13070.566,13196.060,13309.679,13411.349,13501.013,13578.624,13644.154,13697.592,13738.943,13768.229,13785.491,13790.787,13784.194,13765.805,13735.733,13694.106,13641.069,13576.784,13501.426,13415.188,13318.271,13210.893,13093.281,12965.674,12828.317,12681.466,12525.381,12360.330,12186.584,12004.418,11814.109,11615.934,11410.174,11197.107,10977.008,10750.152,10516.812,10277.257,10031.751,9780.553,9523.919,9262.100,8995.339,8723.876,8447.943,8167.767,7883.568,7595.560,7303.953,7008.947,6710.739,6409.518,6105.469,5798.769,5489.591,5178.103,4864.467,4548.841,4231.377,3912.223,3591.525,3269.422,2946.053,2621.550,2296.045,1969.667,1642.540,1314.791,986.542,657.913,329.026,0.000
0.000,109.960,219.754,329.209,438.154,546.419,653.836,760.241,865.470,969.368,1071.780,1172.557,1271.556,1368.638,1463.670,1556.527,1647.087,1735.236,1820.869,1903.884,1984.187,2061.694,2136.324,2208.005,2276.671,2342.264,2404.733,2464.030,2520.119,2572.966,2622.544,2668.834,2711.819,2751.492,2787.846,2820.882,2850.604,2877.023,2900.150,2920.002,2936.599,2949.964,2960.124,2967.105,2970.938,2971.655,2969.290,2963.878,2955.454,2944.055,2929.718,2912.479,2892.376,2869.445,2843.722,2815.240,2784.035,2750.137,2713.578,2674.386,2632.587,2588.206,2541.265,2491.782,2439.774,2385.254,2328.233,2268.718,2206.713,2142.220,2075.238,2005.763,1933.788,1859.306,1782.309,1702.787,1620.735,1536.147,1449.023,1359.371,1267.207,1172.561,1075.479,976.027,874.296,770.405,664.508,556.791,447.479,336.835,225.154,112.760,0.000,2621.313,5252.254,7902.670,10582.874,13303.924,16077.983,18918.795,21842.357,24867.886,28019.282,31327.359,34833.156,38591.788,42670.205,47096.907,51528.580,53357.467,54248.886,54740.540,55030.217,55200.033,55286.671,55305.369,55257.923,55133.229,54900.725,54489.532,53726.625,52138.788,48255.869,44435.328,40975.814,37842.883,34970.581,32305.787,29809.448,27452.645,25213.335,23074.183,21021.153,19042.584,17128.559,15270.472,13460.716,11692.453,9959.449,8255.936,6576.510,4916.047,3269.634,1632.507,0.000,461.017,921.174,1379.608,1835.497,2288.074,2736.637,3180.556,3619.271,4052.291,4479.187,4899.584,5313.158,5719.620,6118.716,6510.215,6893.905,7269.592,7637.087,7996.210,8346.786,8688.640,9021.598,9345.485,9660.126,9965.343,10260.957,10546.788,10822.652,11088.369,11343.754,11588.627,11822.807,12046.116,12258.379,12459.430,12649.103,12827.244,12993.705,13148.348,13291.046,13421.685,13540.162,13646.390,13740.298,13821.831,13890.948,13947.632,13991.878,14023.704,14043.147,14050.261,14045.123,14027.825,13998.481,13957.224,13904.203,13839.584,13763.552,13676.304,13578.054,13469.028,13349.464,13219.611,13079.728,12930.083,12770.948,12602.605,12425.337,12239.432,12045.179,11842.871,11632.798,11415.251,11190.518,10958.886,10720.638,10476.052,10225.404,9968.963,9706.992,9439.752,9167.494,8890.465,8608.904,8323.044,8033.112,7739.328,7441.905,7141.048,6836.960,6529.832,6219.853,5907.204,5592.060,5274.591,4954.962,4633.332,4309.857,3984.684,3657.961,3329.829,3000.426,2669.887,2338.344,2005.925,1672.757,1338.966,1004.673,670.000,335.070,0.000
0.000,105.640,211.124,316.286,420.964,524.998,628.226,730.494,831.647,931.536,1030.013,1126.938,1222.172,1315.584,1407.048,1496.441,1583.649,1668.561,1751.076,1831.097,1908.533,1983.300,2055.321,2124.526,2190.851,2254.237,2314.634,2371.995,2426.284,2477.464,2525.510,2570.400,2612.116,2650.648,2685.989,2718.137,2747.093,2772.865,2795.462,2814.899,2831.191,2844.360,2854.427,2861.417,2865.358,2866.278,2864.207,2859.178,2851.223,2840.375,2826.668,2810.136,2790.814,2768.734,2743.931,2716.436,2686.281,2653.496,2618.111,2580.153,2539.646,2496.616,2451.082,2403.065,2352.581,2299.646,2244.270,2186.463,2126.234,2063.587,1998.525,1931.050,1861.161,1788.859,1714.142,1637.012,1557.472,1475.527,1391.188,1304.477,1215.421,1124.062,1030.456,934.680,836.830,737.029,635.426,532.201,427.562,321.747,215.021,107.671,0.000,2757.534,5525.520,8314.685,11136.340,14002.742,16927.573,19926.599,23018.643,26227.105,29582.491,33127.008,36923.829,41078.617,45798.792,51588.616,60000.000,60000.000,60000.000,60000.000,60000.000,60000.000,60000.000,60000.000,60000.000,60000.000,60000.000,60000.000,60000.000,60000.000,52510.126,47477.005,43462.529,39997.413,36887.860,34035.020,31379.965,28883.633,26518.161,24262.580,22100.446,20018.420,18005.373,16051.796,14149.388,12290.764,10469.246,8678.699,6913.406,5167.970,3437.232,1716.202,0.000,462.915,925.058,1385.649,1843.936,2299.215,2750.827,3198.173,3640.709,4077.949,4509.456,4934.844,5353.766,5765.911,6170.996,6568.765,6958.977,7341.409,7715.845,8082.079,8439.909,8789.134,9129.558,9460.982,9783.208,10096.035,10399.264,10692.692,10976.116,11249.333,11512.139,11764.333,12005.714,12236.084,12455.249,12663.021,12859.218,13043.665,13216.196,13376.656,13524.900,13660.798,13784.232,13895.100,13993.318,14078.818,14151.551,14211.488,14258.618,14292.953,14314.524,14323.384,14319.607,14303.287,14274.540,14233.502,14180.326,14115.188,14038.277,13949.801,13849.985,13739.064,13617.290,13484.924,13342.238,13189.512,13027.036,12855.102,12674.009,12484.059,12285.556,12078.806,11864.112,11641.777,11412.105,11175.392,10931.934,10682.021,10425.937,10163.964,9896.374,9623.435,9345.407,9062.544,8775.094,8483.295,8187.381,7887.576,7584.099,7277.161,6966.966,6653.712,6337.588,6018.780,5697.466,5373.817,5048.001,4720.178,4390.504,4059.130,3726.204,3391.867,3056.259,2719.515,2381.766,2043.143,1703.771,1363.775,1023.279,682.404,341.272,0.000
0.000,101.500,202.851,303.898,404.485,504.460,603.672,701.971,799.212,895.251,989.949,1083.172,1174.788,1264.671,1352.699,1438.757,1522.735,1604.527,1684.033,1761.162,1835.825,1907.941,1977.436,2044.241,2108.292,2169.533,2227.913,2283.388,2335.917,2385.468,2432.012,2475.527,2515.993,2553.399,2587.736,2618.999,2647.190,2672.310,2694.370,2713.379,2729.351,2742.305,2752.258,2759.234,2763.256,2764.351,2762.545,2757.867,2750.348,2740.017,2726.905,2711.046,2692.468,2671.205,2647.286,2620.743,2591.606,2559.902,2525.659,2488.903,2449.660,2407.952,2363.801,2317.225,2268.243,2216.871,2163.122,2107.008,2048.539,1987.724,1924.570,1859.083,1791.270,1721.135,1648.686,1573.931,1496.881,1417.553,1335.966,1252.151,1166.145,1078.000,987.778,895.564,801.456,705.577,608.072,509.110,408.886,307.617,205.540,102.912,0.000,2883.303,5777.606,8694.211,11645.059,14643.132,17702.969,20841.384,24078.512,27439.400,30956.570,34674.354,38656.536,43000.057,47857.730,53458.764,60000.000,60000.000,60000.000,60000.000,60000.000,60000.000,60000.000,60000.000,60000.000,60000.000,60000.000,60000.000,60000.000,60000.000,54307.629,49500.039,45399.884,41796.381,38548.427,35566.469,32791.760,30183.762,27713.095,25357.532,23099.632,20925.276,18822.717,16781.952,14794.275,12851.969,10948.073,9076.209,7230.446,5405.195,3595.121,1795.069,0.000,465.656,930.611,1394.152,1855.591,2314.272,2769.578,3220.939,3667.827,4109.764,4546.314,4977.079,5401.700,5819.848,6231.220,6635.536,7032.532,7421.959,7803.579,8177.159,8542.475,8899.303,9247.423,9586.612,9916.652,10237.319,10548.392,10849.647,11140.859,11421.804,11692.257,11951.994,12200.795,12438.440,12664.715,12879.410,13082.323,13273.258,13452.031,13618.466,13772.401,13913.687,14042.190,14157.795,14260.399,14349.925,14426.311,14489.517,14539.526,14576.342,14599.992,14610.526,14608.017,14592.560,14564.274,14523.298,14469.792,14403.938,14325.937,14236.005,14134.378,14021.305,13897.051,13761.890,13616.109,13460.005,13293.880,13118.043,12932.810,12738.497,12535.422,12323.907,12104.270,11876.829,11641.898,11399.790,11150.810,10895.262,10633.441,10365.638,10092.135,9813.210,9529.132,9240.162,8946.555,8648.557,8346.405,8040.332,7730.560,7417.304,7100.774,6781.169,6458.685,6133.506,5805.815,5475.786,5143.585,4809.377,4473.319,4135.561,3796.252,3455.536,3113.550,2770.431,2426.311,2081.318,1735.579,1389.219,1042.360,695.124,347.631,0.000
0.000,97.530,194.919,292.019,388.683,484.766,580.123,674.614,768.099,860.442,951.510,1041.175,1129.312,1215.799,1300.522,1383.369,1464.234,1543.016,1619.620,1693.956,1765.939,1835.491,1902.539,1967.017,2028.862,2088.018,2144.437,2198.074,2248.888,2296.846,2341.920,2384.085,2423.322,2459.618,2492.961,2523.347,2550.773,2575.241,2596.757,2615.329,2630.969,2643.691,2653.512,2660.453,2664.533,2665.777,2664.208,2659.853,2652.739,2642.894,2630.347,2615.126,2597.261,2576.781,2553.715,2528.092,2499.939,2469.284,2436.153,2400.570,2362.561,2322.149,2279.353,2234.194,2186.691,2136.861,2084.718,2030.276,1973.550,1914.549,1853.286,1789.771,1724.014,1656.028,1585.826,1513.421,1438.833,1362.085,1283.207,1202.234,1119.212,1034.199,947.265,858.494,767.989,675.869,582.274,487.365,391.321,294.340,196.639,98.446,0.000,2998.073,6007.389,9039.493,12106.555,15221.759,18399.785,21657.456,25014.622,28495.413,32130.035,35957.302,40027.904,44407.347,49173.308,54388.711,60000.000,60000.000,60000.000,60000.000,60000.000,60000.000,60000.000,60000.000,60000.000,60000.000,60000.000,60000.000,60000.000,60000.000,55220.353,50815.636,46840.588,43239.798,39942.998,36890.670,34036.845,31346.561,28792.926,26354.820,24015.275,21760.334,19578.269,17459.019,15393.791,13374.764,11394.869,9447.619,7526.975,5627.244,3742.988,1868.953,0.000,469.166,937.690,1404.916,1870.207,2332.950,2792.566,3248.509,3700.273,4147.386,4589.414,5025.958,5456.647,5881.140,6299.117,6710.280,7114.345,7511.043,7900.112,8281.299,8654.357,9019.041,9375.108,9722.314,10060.418,10389.176,10708.344,11017.676,11316.927,11605.848,11884.194,12151.720,12408.182,12653.337,12886.950,13108.790,13318.630,13516.256,13701.460,13874.048,14033.835,14180.656,14314.358,14434.807,14541.889,14635.510,14715.595,14782.095,14834.984,14874.259,14899.941,14912.079,14910.744,14896.033,14868.067,14826.990,14772.971,14706.199,14626.885,14535.257,14431.563,14316.068,14189.048,14050.797,13901.616,13741.818,13571.723,13391.657,13201.952,13002.941,12794.960,12578.344,12353.429,12120.547,11880.027,11632.195,11377.371,11115.870,10847.998,10574.057,10294.342,10009.137,9718.721,9423.363,9123.325,8818.859,8510.211,8197.616,7881.303,7561.491,7238.393,6912.212,6583.146,6251.384,5917.108,5580.495,5241.714,4900.929,4558.297,4213.973,3868.103,3520.830,3172.295,2822.632,2471.973,2120.446,1768.178,1415.294,1061.913,708.158,354.148,0.000
0.000,93.722,187.311,280.625,373.526,465.874,557.533,648.368,738.247,827.040,914.621,1000.867,1085.658,1168.880,1250.421,1330.176,1408.041,1483.921,1557.723,1629.362,1698.755,1765.827,1830.507,1892.730,1952.435,2009.567,2064.079,2115.926,2165.068,2211.471,2255.106,2295.949,2333.979,2369.181,2401.544,2431.061,2457.726,2481.542,2502.510,2520.639,2535.936,2548.414,2558.087,2564.974,2569.091,2570.461,2569.105,2565.047,2558.311,2548.924,2536.911,2522.299,2505.116,2485.389,2463.144,2438.409,2411.210,2381.573,2349.523,2315.085,2278.283,2239.138,2197.671,2153.904,2107.855,2059.543,2008.983,1956.192,1901.186,1843.979,1784.586,1723.020,1659.298,1593.435,1525.450,1455.364,1383.202,1308.991,1232.770,1154.578,1074.468,992.502,908.753,823.308,736.268,647.751,557.889,466.835,374.754,281.830,188.256,94.242,0.000,3101.599,6214.386,9349.818,12519.910,15737.563,19016.957,22374.034,25827.108,29397.596,33110.856,36996.915,41090.432,45428.120,50039.445,54922.773,60000.000,60000.000,60000.000,60000.000,60000.000,60000.000,60000.000,60000.000,60000.000,60000.000,60000.000,60000.000,60000.000,60000.000,55758.147,51701.565,47907.034,44379.225,41093.097,38016.367,35118.388,32372.712,29757.226,27253.549,24846.313,22522.517,20271.006,18082.064,15947.106,13858.428,11809.021,9792.421,7802.590,5833.817,3880.636,1937.756,0.000,473.386,946.179,1417.770,1887.568,2354.997,2819.511,3280.588,3737.738,4190.502,4638.451,5081.182,5518.321,5949.516,6374.436,6792.766,7204.207,7608.470,8005.276,8394.352,8775.430,9148.244,9512.531,9868.027,10214.468,10551.589,10879.124,11196.806,11504.367,11801.536,12088.045,12363.624,12628.008,12880.931,13122.134,13351.360,13568.363,13772.902,13964.749,14143.685,14309.506,14462.026,14601.072,14726.492,14838.155,14935.951,15019.793,15089.621,15145.398,15187.113,15214.785,15228.458,15228.201,15214.116,15186.325,15144.979,15090.255,15022.352,14941.490,14847.914,14741.883,14623.679,14493.596,14351.942,14199.039,14035.216,13860.813,13676.174,13481.649,13277.590,13064.350,12842.283,12611.740,12373.069,12126.617,11872.721,11611.717,11343.932,11069.686,10789.291,10503.052,10211.264,9914.214,9612.181,9305.431,8994.226,8678.816,8359.443,8036.339,7709.728,7379.826,7046.840,6710.971,6372.409,6031.339,5687.939,5342.379,4994.823,4645.431,4294.356,3941.745,3587.742,3232.485,2876.109,2518.746,2160.522,1801.564,1441.995,1081.935,721.504,360.820,0.000
0.000,90.070,180.013,269.695,358.984,447.749,535.857,623.183,709.599,794.982,879.212,962.171,1043.746,1123.825,1202.304,1279.080,1354.055,1427.137,1498.237,1567.271,1634.162,1698.836,1761.223,1821.261,1878.891,1934.059,1986.718,2036.823,2084.335,2129.221,2171.450,2210.998,2247.845,2281.972,2313.369,2342.025,2367.937,2391.102,2411.522,2429.201,2444.147,2456.370,2465.882,2472.698,2476.835,2478.310,2477.145,2473.360,2466.977,2458.021,2446.516,2432.485,2415.955,2396.950,2375.498,2351.621,2325.347,2296.699,2265.702,2232.380,2196.756,2158.851,2118.687,2076.285,2031.664,1984.845,1935.844,1884.680,1831.370,1775.932,1718.383,1658.740,1597.024,1533.254,1467.454,1399.649,1329.868,1258.147,1184.525,1109.049,1031.775,952.767,872.101,789.863,706.155,621.090,534.794,447.410,359.093,270.011,180.342,90.274,0.000,3193.937,6398.737,9625.483,12885.705,16191.627,19556.444,22994.617,26522.181,30157.006,33918.877,37829.070,41908.790,46175.254,50633.579,55262.937,60000.000,60000.000,60000.000,60000.000,60000.000,60000.000,60000.000,60000.000,60000.000,60000.000,60000.000,60000.000,60000.000,60000.000,56110.671,52325.444,48706.758,45276.971,42033.798,38963.312,36047.630,33268.674,30609.716,28055.837,25593.913,23212.416,20901.172,18651.127,16454.142,14302.821,12190.365,10110.454,8057.148,6024.798,4007.982,2001.436,0.000,478.264,955.976,1432.571,1907.491,2380.199,2850.172,3316.914,3779.953,4238.838,4693.148,5142.481,5586.461,6024.728,6456.941,6882.775,7301.915,7714.059,8118.908,8516.174,8905.570,9286.810,9659.611,10023.690,10378.761,10724.539,11060.736,11387.063,11703.227,12008.937,12303.900,12587.823,12860.415,13121.386,13370.452,13607.332,13831.753,14043.452,14242.173,14427.676,14599.734,14758.135,14902.689,15033.222,15149.585,15251.651,15339.320,15412.518,15471.198,15515.343,15544.963,15560.101,15560.828,15547.243,15519.476,15477.685,15422.055,15352.795,15270.140,15174.348,15065.696,14944.482,14811.018,14665.633,14508.666,14340.470,14161.402,13971.828,13772.118,13562.643,13343.776,13115.889,12879.352,12634.530,12381.786,12121.473,11853.941,11579.531,11298.576,11011.400,10718.318,10419.635,10115.648,9806.644,9492.896,9174.673,8852.231,8525.817,8195.668,7862.012,7525.068,7185.047,6842.150,6496.571,6148.496,5798.104,5445.566,5091.048,4734.708,4376.699,4017.168,3656.259,3294.109,2930.853,2566.620,2201.538,1835.730,1469.318,1102.422,735.159,367.647,0.000
0.000,86.565,173.010,259.207,345.030,430.355,515.055,599.011,682.101,764.208,845.217,925.017,1003.497,1080.553,1156.084,1229.991,1302.181,1372.565,1441.057,1507.578,1572.052,1634.406,1694.576,1752.498,1808.116,1861.378,1912.237,1960.648,2006.574,2049.980,2090.836,2129.118,2164.804,2197.877,2228.322,2256.131,2281.296,2303.814,2323.685,2340.913,2355.502,2367.461,2376.800,2383.532,2387.672,2389.235,2388.240,2384.706,2378.654,2370.104,2359.080,2345.604,2329.700,2311.392,2290.702,2267.657,2242.279,2214.592,2184.620,2152.385,2117.911,2081.218,2042.330,2001.266,1958.048,1912.695,1865.226,1815.662,1764.022,1710.325,1654.591,1596.842,1537.100,1475.389,1411.735,1346.168,1278.722,1209.436,1138.352,1065.522,991.003,914.863,837.177,758.032,677.526,595.768,512.880,428.995,344.257,258.821,172.852,86.519,0.000,3275.412,6561.144,9867.673,13205.798,16586.796,20022.576,23525.809,27109.992,30789.372,34578.577,38491.698,42540.403,46730.527,51056.680,55495.395,60000.000,60000.000,60000.000,60000.000,60000.000,60000.000,60000.000,60000.000,60000.000,60000.000,60000.000,60000.000,60000.000,60000.000,56359.093,52782.782,49317.582,45988.105,42801.813,39755.454,36840.147,34044.639,31357.127,28766.170,26261.086,23832.063,21470.140,19167.129,16915.513,14708.348,12539.164,10401.884,8290.748,6200.246,4125.059,2060.007,0.000,483.757,966.999,1449.194,1929.821,2408.367,2884.340,3357.262,3826.676,4292.147,4753.257,5209.610,5660.826,6106.543,6546.413,6980.100,7407.279,7827.633,8240.851,8646.627,9044.656,9434.637,9816.266,10189.242,10553.258,10908.009,11253.183,11588.471,11913.556,12228.124,12531.856,12824.436,13105.546,13374.871,13632.099,13876.923,14109.045,14328.173,14534.026,14726.337,14904.854,15069.343,15219.587,15355.393,15476.592,15583.038,15674.616,15751.237,15812.843,15859.410,15890.942,15907.478,15909.088,15895.876,15867.976,15825.554,15768.805,15697.951,15613.242,15514.951,15403.376,15278.831,15141.651,14992.185,14830.796,14657.856,14473.747,14278.857,14073.576,13858.298,13633.417,13399.325,13156.411,12905.060,12645.649,12378.551,12104.130,11822.741,11534.731,11240.435,10940.181,10634.283,10323.048,10006.770,9685.732,9360.207,9030.458,8696.737,8359.285,8018.335,7674.108,7326.818,6976.668,6623.854,6268.562,5910.974,5551.259,5189.585,4826.108,4460.982,4094.354,3726.365,3357.153,2986.850,2615.584,2243.483,1870.666,1497.256,1123.368,749.120,374.626,0.000
0.000,83.202,166.289,249.141,331.637,413.659,495.087,575.806,655.702,734.661,812.575,889.336,964.840,1038.987,1111.679,1182.824,1252.330,1320.113,1386.089,1450.184,1512.322,1572.434,1630.458,1686.332,1740.001,1791.414,1840.525,1887.290,1931.671,1973.635,2013.153,2050.198,2084.749,2116.786,2146.297,2173.270,2197.697,2219.573,2238.899,2255.673,2269.901,2281.589,2290.746,2297.382,2301.510,2303.145,2302.302,2299.000,2293.256,2285.091,2274.525,2261.579,2246.276,2228.637,2208.685,2186.443,2161.934,2135.180,2106.205,2075.030,2041.678,2006.171,1968.531,1928.778,1886.934,1843.019,1797.056,1749.063,1699.063,1647.078,1593.128,1537.239,1479.435,1419.744,1358.195,1294.821,1229.658,1162.749,1094.140,1023.883,952.039,878.675,803.868,727.701,650.272,571.685,492.055,411.507,330.177,248.208,165.750,82.961,0.000,3346.568,6702.752,10078.268,13483.020,16927.184,20421.256,23976.052,27602.607,31311.913,35114.360,39018.741,43030.599,47149.770,51367.220,55661.964,60000.000,60000.000,60000.000,60000.000,60000.000,60000.000,60000.000,60000.000,60000.000,60000.000,60000.000,60000.000,60000.000,60000.000,56542.918,53129.009,49792.683,46556.053,43429.896,40416.544,37512.866,34712.609,32007.981,29390.630,26852.198,24384.609,21980.197,19631.736,17332.435,15075.894,12856.059,10667.170,8503.715,6360.379,4232.000,2113.532,0.000,489.828,979.173,1467.534,1954.418,2439.339,2921.827,3401.426,3877.694,4350.205,4818.552,5282.341,5741.194,6194.746,6642.645,7084.546,7520.116,7949.026,8370.951,8785.573,9192.570,9591.624,9982.415,10364.621,10737.918,11101.977,11456.468,11801.056,12135.403,12459.169,12772.012,13073.587,13363.550,13641.560,13907.276,14160.363,14400.494,14627.347,14840.614,15040.000,15225.225,15396.028,15552.168,15693.428,15819.615,15930.567,16026.148,16106.256,16170.822,16219.809,16253.218,16271.084,16273.477,16260.504,16232.306,16189.057,16130.964,16058.264,15971.223,15870.134,15755.313,15627.097,15485.845,15331.928,15165.733,14987.659,14798.111,14597.500,14386.242,14164.754,13933.452,13692.751,13443.059,13184.781,12918.315,12644.048,12362.363,12073.628,11778.204,11476.440,11168.674,10855.233,10536.430,10212.569,9883.941,9550.825,9213.489,8872.190,8527.175,8178.679,7826.926,7472.131,7114.501,6754.232,6391.513,6026.522,5659.432,5290.408,4919.609,4547.185,4173.282,3798.041,3421.598,3044.083,2665.624,2286.343,1906.362,1525.798,1144.767,763.382,381.756,0.000
0.000,79.973,159.838,239.478,318.780,397.630,475.916,553.526,630.352,706.286,781.224,855.063,927.705,999.052,1069.012,1137.496,1204.416,1269.690,1333.241,1394.993,1454.875,1512.821,1568.769,1622.661,1674.441,1724.062,1771.475,1816.641,1859.521,1900.082,1938.294,1974.131,2007.571,2038.595,2067.188,2093.339,2117.038,2138.280,2157.062,2173.384,2187.249,2198.661,2207.627,2214.156,2218.261,2219.953,2219.247,2216.158,2210.704,2202.902,2192.772,2180.333,2165.606,2148.612,2129.372,2107.908,2084.241,2058.394,2030.388,2000.246,1967.990,1933.640,1897.220,1858.750,1818.252,1775.748,1731.259,1684.808,1636.417,1586.110,1533.911,1479.846,1423.943,1366.230,1306.741,1245.510,1182.577,1117.985,1051.784,984.027,914.775,844.097,772.067,698.770,624.297,548.749,472.236,394.876,316.794,238.124,159.005,79.581,0.000,3408.107,6825.029,10259.626,13720.831,17217.665,20759.213,24354.534,28012.472,31741.312,35548.210,39438.308,43413.482,47470.734,51600.467,55785.240,60000.000,60000.000,60000.000,60000.000,60000.000,60000.000,60000.000,60000.000,60000.000,60000.000,60000.000,60000.000,60000.000,60000.000,56683.572,53397.652,50168.089,47013.527,43945.174,40967.959,38082.165,35284.950,32571.559,29936.171,27372.467,24873.980,22434.301,20047.185,17706.598,15406.735,13142.007,10907.023,8696.564,6505.554,4329.031,2162.120,0.000,496.445,992.435,1487.496,1981.161,2472.969,2962.471,3449.227,3932.811,4412.811,4888.826,5360.467,5827.359,6289.136,6745.442,7195.927,7640.250,8078.073,8509.060,8932.878,9349.193,9757.671,10157.975,10549.765,10932.697,11306.423,11670.591,12024.842,12368.816,12702.146,13024.465,13335.401,13634.581,13921.635,14196.193,14457.889,14706.364,14941.267,15162.260,15369.014,15561.221,15738.592,15900.856,16047.772,16179.122,16294.721,16394.416,16478.088,16545.653,16597.067,16632.321,16651.449,16654.521,16641.648,16612.977,16568.693,16509.018,16434.203,16344.536,16240.327,16121.917,15989.668,15843.963,15685.200,15513.794,15330.169,15134.758,14928.000,14710.336,14482.208,14244.058,13996.321,13739.432,13473.814,13199.884,12918.050,12628.710,12332.248,12029.041,11719.449,11403.822,11082.498,10755.800,10424.040,10087.516,9746.513,9401.306,9052.157,8699.314,8343.016,7983.492,7620.957,7255.619,6887.676,6517.316,6144.718,5770.055,5393.491,5015.182,4635.279,4253.927,3871.263,3487.423,3102.533,2716.720,2330.105,1942.805,1554.936,1166.610,777.940,389.033,0.000
0.000,76.873,153.643,230.200,306.435,382.240,457.506,532.130,606.006,679.032,751.109,822.139,892.026,960.680,1028.009,1093.930,1158.358,1221.214,1282.424,1341.915,1399.619,1455.472,1509.413,1561.385,1611.337,1659.219,1704.987,1748.600,1790.021,1829.216,1866.156,1900.814,1933.170,1963.202,1990.896,2016.239,2039.221,2059.836,2078.080,2093.951,2107.450,2118.582,2127.352,2133.767,2137.837,2139.573,2138.989,2136.097,2130.915,2123.457,2113.742,2101.789,2087.616,2071.243,2052.691,2031.979,2009.129,1984.163,1957.100,1927.964,1896.775,1863.556,1828.327,1791.111,1751.931,1710.807,1667.763,1622.822,1576.008,1527.346,1476.861,1424.583,1370.539,1314.761,1257.284,1198.145,1137.385,1075.050,1011.188,945.856,879.115,811.033,741.683,671.148,599.515,526.882,453.352,379.037,304.055,228.529,152.589,76.367,0.000,3460.830,6929.633,10414.377,13923.012,17463.432,21043.397,24670.400,28351.434,32092.654,35898.859,39772.798,43714.288,47719.218,51778.675,55878.530,60000.000,60000.000,60000.000,60000.000,60000.000,60000.000,60000.000,60000.000,60000.000,60000.000,60000.000,60000.000,60000.000,60000.000,56793.717,53609.939,50468.493,47384.794,44369.314,41427.955,38562.883,35773.469,33057.135,30410.028,27827.518,25304.543,22835.844,20416.103,18040.037,15702.442,13398.212,11122.352,8869.965,6636.242,4416.451,2205.916,0.000,503.579,1006.727,1508.996,2009.942,2509.126,3006.119,3500.498,3991.852,4479.779,4963.886,5443.793,5919.126,6389.520,6854.617,7314.063,7767.511,8214.615,8655.029,9088.408,9514.407,9932.676,10342.862,10744.608,11137.551,11521.323,11895.551,12259.852,12613.841,12957.128,13289.316,13610.005,13918.795,14215.282,14499.065,14769.747,15026.935,15270.244,15499.301,15713.747,15913.240,16097.458,16266.102,16418.899,16555.607,16676.017,16779.953,16867.277,16937.894,16991.745,17028.817,17049.139,17052.782,17039.861,17010.533,16964.995,16903.482,16826.266,16733.654,16625.983,16503.617,16366.946,16216.382,16052.352,15875.301,15685.683,15483.961,15270.603,15046.078,14810.856,14565.405,14310.188,14045.659,13772.267,13490.449,13200.632,12903.231,12598.649,12287.274,11969.482,11645.636,11316.081,10981.153,10641.170,10296.439,9947.250,9593.883,9236.605,8875.667,8511.312,8143.769,7773.256,7399.982,7024.145,6645.932,6265.524,5883.090,5498.795,5112.793,4725.233,4336.257,3946.003,3554.601,3162.177,2768.854,2374.750,1979.980,1584.657,1188.890,792.787,396.455,0.000
0.000,73.897,147.695,221.291,294.580,367.459,439.825,511.579,582.620,652.852,722.178,790.505,857.743,923.803,988.600,1052.052,1114.078,1174.604,1233.556,1290.865,1346.466,1400.296,1452.296,1502.412,1550.593,1596.792,1640.963,1683.069,1723.072,1760.938,1796.640,1830.150,1861.446,1890.509,1917.322,1941.873,1964.150,1984.147,2001.858,2017.281,2030.416,2041.266,2049.834,2056.127,2060.153,2061.923,2061.446,2058.738,2053.810,2046.679,2037.361,2025.872,2012.232,1996.458,1978.569,1958.586,1936.529,1912.417,1886.272,1858.115,1827.967,1795.850,1761.785,1725.794,1687.901,1648.127,1606.496,1563.032,1517.761,1470.708,1421.901,1371.368,1319.142,1265.253,1209.740,1152.639,1093.995,1033.853,972.263,909.282,844.971,779.395,712.630,644.752,575.849,506.011,435.339,363.936,291.913,219.387,146.477,73.306,0.000,3505.581,7018.295,10545.236,14093.408,17669.653,21280.545,24932.233,28630.212,32379.011,36181.773,40039.739,43951.652,47913.177,51916.484,55950.205,60000.000,60000.000,60000.000,60000.000,60000.000,60000.000,60000.000,60000.000,60000.000,60000.000,60000.000,60000.000,60000.000,60000.000,56881.357,53779.894,50711.150,47687.842,44719.334,41811.664,38967.944,36188.909,33473.485,30819.289,28223.033,25680.831,23188.427,20741.346,18335.006,15964.782,13626.049,11314.209,9024.700,6752.998,4494.615,2245.095,0.000,511.202,1021.997,1531.958,2040.662,2547.692,3052.636,3555.089,4054.652,4550.934,5043.554,5532.136,6016.311,6495.715,6969.990,7438.781,7901.733,8358.494,8808.712,9252.031,9688.093,10116.535,10536.989,10949.081,11352.431,11746.650,12131.342,12506.103,12870.524,13224.185,13566.663,13897.529,14216.350,14522.690,14816.116,15096.193,15362.493,15614.597,15852.094,16074.588,16281.702,16473.079,16648.384,16807.316,16949.602,17075.005,17183.326,17274.408,17348.138,17404.446,17443.311,17464.758,17468.860,17455.737,17425.555,17378.526,17314.902,17234.977,17139.080,17027.578,16900.861,16759.352,16603.494,16433.746,16250.587,16054.504,15845.993,15625.553,15393.685,15150.890,14897.663,14634.493,14361.863,14080.243,13790.092,13491.859,13185.977,12872.864,12552.925,12226.551,11894.114,11555.973,11212.472,10863.936,10510.679,10153.000,9791.180,9425.492,9056.190,8683.519,8307.709,7928.981,7547.543,7163.591,6777.316,6388.893,5998.494,5606.278,5212.401,4817.008,4420.239,4022.227,3623.102,3222.987,2822.000,2420.258,2017.870,1614.947,1211.595,807.917,404.018,0.000
0.000,71.038,141.982,212.734,283.193,353.261,422.841,491.837,560.154,627.698,694.379,760.107,824.796,888.360,950.719,1011.792,1071.505,1129.784,1186.558,1241.762,1295.332,1347.207,1397.332,1445.652,1492.119,1536.686,1579.311,1619.954,1658.580,1695.155,1729.651,1762.043,1792.306,1820.422,1846.374,1870.148,1891.733,1911.122,1928.307,1943.286,1956.058,1966.624,1974.987,1981.152,1985.126,1986.919,1986.540,1984.000,1979.312,1972.491,1963.551,1952.509,1939.380,1924.183,1906.937,1887.659,1866.370,1843.088,1817.835,1790.631,1761.497,1730.454,1697.524,1662.730,1626.093,1587.638,1547.388,1505.368,1461.604,1416.124,1368.955,1320.127,1269.674,1217.628,1164.027,1108.912,1052.324,994.311,934.925,874.221,812.259,749.104,684.829,619.510,553.229,486.074,418.139,349.523,280.330,210.667,140.648,70.387,0.000,3543.198,7092.730,10654.864,14235.731,17841.227,21476.898,25147.775,28858.170,32611.404,36409.485,40252.734,44139.404,48065.355,52023.878,56005.808,60000.000,60000.000,60000.000,60000.000,60000.000,60000.000,60000.000,60000.000,60000.000,60000.000,60000.000,60000.000,60000.000,60000.000,56951.819,53917.131,50908.370,47936.091,45008.515,42131.424,39308.320,36540.738,33828.608,31170.611,28564.493,26007.322,23495.687,21025.850,18593.860,16195.630,13826.993,11483.736,9161.629,6856.434,4563.917,2279.847,0.000,519.293,1038.198,1556.312,2073.232,2588.558,3101.897,3612.858,4121.057,4626.115,5127.660,5625.321,6118.736,6607.545,7091.387,7569.908,8042.750,8509.555,8969.963,9423.610,9870.127,10309.139,10740.264,11163.110,11577.281,11982.368,12377.954,12763.611,13138.903,13503.386,13856.605,14198.101,14527.408,14844.056,15147.574,15437.491,15713.341,15974.665,16221.011,16451.946,16667.051,16865.929,17048.213,17213.561,17361.670,17492.273,17605.144,17700.105,17777.023,17835.815,17876.452,17898.954,17903.397,17889.906,17858.661,17809.887,17743.858,17660.891,17561.344,17445.612,17314.121,17167.326,17005.704,16829.755,16639.993,16436.940,16221.130,15993.096,15753.375,15502.497,15240.991,14969.374,14688.156,14397.831,14098.884,13791.784,13476.982,13154.915,12826.004,12490.652,12149.244,11802.151,11449.725,11092.299,10730.195,10363.714,9993.147,9618.765,9240.828,8859.581,8475.256,8088.074,7698.243,7305.960,6911.411,6514.773,6116.214,5715.893,5313.961,4910.561,4505.830,4099.900,3692.894,3284.934,2876.133,2466.604,2056.455,1645.791,1234.713,823.323,411.719,0.000
0.000,68.292,136.495,204.514,272.254,339.622,406.525,472.870,538.568,603.529,667.665,730.893,793.128,854.291,914.302,973.085,1030.568,1086.680,1141.354,1194.527,1246.136,1296.123,1344.435,1391.019,1435.828,1478.815,1519.941,1559.165,1596.454,1631.775,1665.100,1696.402,1725.659,1752.851,1777.961,1800.975,1821.882,1840.672,1857.339,1871.879,1884.290,1894.572,1902.728,1908.760,1912.676,1914.483,1914.190,1911.806,1907.345,1900.818,1892.239,1881.625,1868.989,1854.349,1837.723,1819.128,1798.584,1776.108,1751.722,1725.444,1697.297,1667.301,1635.478,1601.850,1566.440,1529.272,1490.370,1449.759,1407.467,1363.522,1317.951,1270.786,1222.061,1171.810,1120.071,1066.885,1012.295,956.349,899.097,840.596,780.904,720.087,658.212,595.355,531.594,467.013,401.702,335.754,269.267,202.342,135.084,67.601,0.000,3574.481,7154.562,10745.761,14353.425,17982.627,21638.043,25323.800,29043.289,32798.951,36592.028,40422.307,44287.877,48184.960,52107.866,56049.150,60000.000,60000.000,60000.000,60000.000,60000.000,60000.000,60000.000,60000.000,60000.000,60000.000,60000.000,60000.000,60000.000,60000.000,57008.789,54028.441,51069.107,48139.637,45247.212,42397.196,39593.175,36837.116,34129.598,31470.054,28857.008,26288.278,23761.148,21272.506,18818.954,16396.887,14002.556,11632.114,9281.645,6947.193,4624.771,2310.378,0.000,527.827,1055.287,1581.995,2107.566,2631.621,3153.782,3673.672,4190.923,4705.167,5216.039,5723.180,6226.231,6724.835,7218.636,7707.276,8190.397,8667.638,9138.632,9603.006,10060.382,10510.375,10952.588,11386.615,11812.042,12228.439,12635.370,13032.382,13419.015,13794.793,14159.235,14511.847,14852.129,15179.574,15493.673,15793.914,16079.790,16350.798,16606.445,16846.250,17069.754,17276.516,17466.127,17638.207,17792.416,17928.452,18046.061,18145.039,18225.232,18286.544,18328.934,18352.421,18357.081,18343.048,18310.512,18259.720,18190.968,18104.600,18001.006,17880.614,17743.889,17591.323,17423.435,17240.765,17043.866,16833.304,16609.650,16373.477,16125.358,15865.860,15595.543,15314.957,15024.639,14725.112,14416.884,14100.445,13776.268,13444.808,13106.501,12761.765,12410.997,12054.577,11692.867,11326.209,10954.928,10579.334,10199.718,9816.357,9429.512,9039.429,8646.340,8250.467,7852.017,7451.184,7048.154,6643.102,6236.193,5827.582,5417.419,5005.842,4592.986,4178.978,3763.938,3347.982,2931.222,2513.765,2095.714,1677.170,1258.232,838.994,419.553,0.000
0.000,65.654,131.223,196.617,261.745,326.518,390.847,454.645,517.824,580.301,641.991,702.814,762.689,821.539,879.289,935.866,991.200,1045.224,1097.873,1149.086,1198.802,1246.966,1293.526,1338.431,1381.635,1423.094,1462.767,1500.616,1536.608,1570.712,1602.897,1633.140,1661.416,1687.707,1711.995,1734.266,1754.508,1772.711,1788.869,1802.975,1815.029,1825.028,1832.974,1838.871,1842.723,1844.537,1844.320,1842.082,1837.833,1831.586,1823.354,1813.149,1800.988,1786.886,1770.859,1752.925,1733.102,1711.409,1687.864,1662.488,1635.302,1606.325,1575.580,1543.088,1508.875,1472.962,1435.374,1396.139,1355.282,1312.832,1268.819,1223.274,1176.231,1127.727,1077.798,1026.486,973.835,919.892,864.708,808.337,750.839,692.275,632.713,572.225,510.886,448.776,385.982,322.590,258.692,194.386,129.768,64.939,0.000,3600.165,7205.277,10820.193,14449.581,18097.813,21768.849,25466.093,29192.235,32949.082,36737.370,40556.589,44404.838,48278.741,52173.476,56082.926,60000.000,60000.000,60000.000,60000.000,60000.000,60000.000,60000.000,60000.000,60000.000,60000.000,60000.000,60000.000,60000.000,60000.000,57054.894,54118.738,51199.980,48306.138,45443.500,42616.975,39830.068,37084.954,34382.613,31722.999,29105.208,26527.634,23988.121,21484.073,19012.563,16570.407,14154.231,11760.517,9385.646,7025.922,4677.598,2336.892,0.000,536.785,1073.222,1608.944,2143.586,2676.785,3208.177,3737.405,4264.111,4787.938,5308.535,5825.547,6338.625,6847.415,7351.564,7850.715,8344.510,8832.583,9314.563,9790.073,10258.725,10720.122,11173.856,11619.506,12056.641,12484.814,12903.564,13312.417,13710.885,14098.465,14474.643,14838.892,15190.674,15529.444,15854.652,16165.743,16462.163,16743.363,17008.803,17257.954,17490.307,17705.376,17902.704,18081.867,18242.484,18384.216,18506.776,18609.930,18693.502,18757.379,18801.510,18825.908,18830.652,18815.887,18781.817,18728.711,18656.889,18566.730,18458.658,18333.141,18190.683,18031.823,17857.124,17667.172,17462.565,17243.914,17011.833,16766.939,16509.844,16241.154,15961.463,15671.357,15371.402,15062.149,14744.133,14417.866,14083.842,13742.535,13394.395,13039.856,12679.326,12313.197,11941.837,11565.597,11184.808,10799.783,10410.817,10018.190,9622.162,9222.982,8820.883,8416.082,8008.786,7599.189,7187.473,6773.811,6358.364,5941.284,5522.716,5102.797,4681.656,4259.415,3836.191,3412.095,2987.234,2561.710,2135.623,1709.067,1282.136,854.922,427.514,0.000
0.000,63.119,126.157,189.028,251.647,313.926,375.782,437.130,497.889,557.977,617.314,675.822,733.425,790.049,845.622,900.074,953.339,1005.350,1056.046,1105.367,1153.257,1199.661,1244.528,1287.810,1329.462,1369.441,1407.707,1444.224,1478.959,1511.880,1542.959,1572.171,1599.494,1624.907,1648.393,1669.938,1689.530,1707.158,1722.814,1736.494,1748.194,1757.912,1765.649,1771.407,1775.190,1777.004,1776.855,1774.752,1770.705,1764.724,1756.822,1747.012,1735.307,1721.724,1706.277,1688.983,1669.860,1648.925,1626.198,1601.698,1575.445,1547.460,1517.765,1486.381,1453.332,1418.642,1382.336,1344.439,1304.980,1263.987,1221.491,1177.523,1132.117,1085.310,1037.139,987.646,936.875,884.873,831.689,777.379,721.998,665.608,608.274,550.065,491.054,431.318,370.936,309.994,248.578,186.777,124.684,62.393,0.000,3620.901,7246.189,10880.154,14526.892,18190.197,21873.448,25579.486,29310.476,33067.772,36851.781,40661.842,44496.143,48351.692,52224.370,56109.080,60000.000,60000.000,60000.000,60000.000,60000.000,60000.000,60000.000,60000.000,60000.000,60000.000,60000.000,60000.000,60000.000,60000.000,57092.048,54191.637,51305.939,48441.435,45603.675,42797.137,40025.169,37290.017,34592.901,31934.123,29313.189,26728.931,24179.628,21663.103,19176.818,16717.949,14283.443,11870.079,9474.499,7093.251,4722.807,2359.592,0.000,546.147,1091.964,1637.103,2181.215,2723.955,3264.976,3803.933,4340.484,4874.284,5404.991,5932.261,6455.751,6975.113,7489.998,8000.053,8504.916,9004.223,9497.599,9984.661,10465.013,10938.249,11403.951,11861.684,12310.999,12751.431,13182.499,13603.704,14014.532,14414.450,14802.911,15179.353,15543.199,15893.864,16230.752,16553.262,16860.791,17152.740,17428.514,17687.533,17929.234,18153.078,18358.556,18545.195,18712.567,18860.292,18988.043,19095.554,19182.626,19249.123,19294.984,19320.218,19324.907,19309.206,19273.337,19217.592,19142.325,19047.949,18934.929,18803.777,18655.046,18489.324,18307.224,18109.383,17896.451,17669.087,17427.956,17173.718,16907.031,16628.541,16338.883,16038.675,15728.517,15408.992,15080.658,14744.052,14399.691,14048.066,13689.644,13324.871,12954.169,12577.938,12196.556,11810.380,11419.746,11024.970,10626.351,10224.168,9818.686,9410.150,8998.791,8584.828,8168.464,7749.891,7329.287,6906.822,6482.653,6056.928,5629.788,5201.365,4771.783,4341.159,3909.606,3477.229,3044.131,2610.408,2176.154,1741.459,1306.411,871.096,435.598,0.000
0.000,60.683,121.289,181.736,241.942,301.824,361.303,420.297,478.728,536.518,593.591,649.873,705.290,759.772,813.248,865.654,916.923,966.995,1015.807,1063.305,1109.431,1154.136,1197.368,1239.082,1279.233,1317.780,1354.684,1389.911,1423.426,1455.200,1485.204,1513.415,1539.810,1564.368,1587.073,1607.910,1626.866,1643.931,1659.096,1672.356,1683.707,1693.146,1700.674,1706.291,1710.001,1711.809,1711.720,1709.743,1705.886,1700.160,1692.575,1683.143,1671.879,1658.796,1643.909,1627.235,1608.790,1588.591,1566.658,1543.009,1517.664,1490.644,1461.969,1431.663,1399.748,1366.248,1331.189,1294.597,1256.498,1216.923,1175.902,1133.467,1089.652,1044.493,998.029,950.300,901.351,851.227,799.979,747.658,694.321,640.027,584.839,528.824,472.051,414.594,356.528,297.935,238.896,179.495,119.820,59.958,0.000,3637.252,7278.425,10927.343,14587.636,18262.633,21955.261,25667.927,29402.411,33159.750,36940.140,40742.856,44566.202,48407.515,52263.232,56129.023,60000.000,60000.000,60000.000,60000.000,60000.000,60000.000,60000.000,60000.000,60000.000,60000.000,60000.000,60000.000,60000.000,60000.000,57121.662,54249.824,51390.704,48549.987,45732.630,42942.728,40183.453,37457.044,34764.852,32107.404,29484.493,26895.274,24338.356,21811.892,19313.659,16841.126,14391.515,11961.855,9549.022,7149.775,4760.787,2378.671,0.000,555.894,1111.475,1666.414,2220.379,2773.041,3324.070,3873.136,4419.909,4964.059,5505.254,6043.160,6577.441,7107.758,7633.765,8155.112,8671.442,9182.386,9687.571,10186.606,10679.093,11164.616,11642.746,12113.035,12575.020,13028.217,13472.125,13906.220,14329.961,14742.785,15144.111,15533.341,15909.857,16273.030,16622.215,16956.763,17276.017,17579.321,17866.025,18135.487,18387.087,18620.225,18834.336,19028.890,19203.407,19357.457,19490.673,19602.750,19693.460,19762.646,19810.232,19836.224,19840.706,19823.846,19785.888,19727.152,19648.027,19548.967,19430.484,19293.142,19137.548,18964.345,18774.203,18567.817,18345.894,18109.147,17858.294,17594.047,17317.110,17028.176,16727.919,16416.996,16096.042,15765.669,15426.464,15078.990,14723.783,14361.353,13992.184,13616.736,13235.442,12848.711,12456.929,12060.457,11659.638,11254.789,10846.212,10434.186,10018.974,9600.823,9179.961,8756.604,8330.953,7903.194,7473.505,7042.048,6608.977,6174.437,5738.561,5301.477,4863.304,4424.153,3984.132,3543.340,3101.874,2659.825,2217.280,1774.324,1331.039,887.504,443.799,0.000
0.000,58.342,116.611,174.728,232.615,290.194,347.386,404.117,460.309,515.890,570.785,624.925,678.238,730.657,782.115,832.550,881.897,930.098,977.095,1022.833,1067.259,1110.322,1151.976,1192.173,1230.873,1268.035,1303.622,1337.598,1369.932,1400.593,1429.556,1456.794,1482.286,1506.013,1527.958,1548.104,1566.439,1582.953,1597.637,1610.485,1621.492,1630.656,1637.975,1643.450,1647.084,1648.881,1648.846,1646.986,1643.309,1637.825,1630.543,1621.476,1610.635,1598.035,1583.690,1567.616,1549.828,1530.343,1509.180,1486.358,1461.895,1435.812,1408.131,1378.872,1348.060,1315.719,1281.873,1246.548,1209.773,1171.577,1131.989,1091.043,1048.773,1005.214,960.404,914.386,867.201,818.895,769.517,719.118,667.753,615.481,562.360,508.455,453.834,398.566,342.724,286.383,229.623,172.521,115.162,57.626,0.000,3649.681,7302.915,10963.158,14633.675,18317.440,22017.035,25734.551,29471.490,33228.676,37006.175,40803.240,44618.292,48448.933,52292.019,56143.781,60000.000,60000.000,60000.000,60000.000,60000.000,60000.000,60000.000,60000.000,60000.000,60000.000,60000.000,60000.000,60000.000,60000.000,57144.777,54295.293,51457.066,48635.180,45834.129,43057.693,40308.870,37589.856,34902.060,32246.148,29622.106,27029.315,24466.630,21932.452,19424.800,16941.380,14479.636,12036.805,9609.959,7196.040,4791.896,2394.304,0.000,566.007,1131.719,1696.822,2261.005,2823.954,3385.355,3944.894,4502.254,5057.119,5609.168,6158.079,6703.524,7245.171,7782.682,8315.711,8843.902,9366.890,9884.299,10395.738,10900.801,11399.067,11890.097,12373.433,12848.595,13315.084,13772.375,14219.924,14657.162,15083.493,15498.305,15900.957,16290.792,16667.131,17029.282,17376.539,17708.188,18023.513,18321.799,18602.340,18864.448,19107.460,19330.741,19533.702,19715.800,19876.553,20015.542,20132.423,20226.931,20298.887,20348.199,20374.865,20378.977,20360.716,20320.351,20258.235,20174.797,20070.541,19946.031,19801.890,19638.786,19457.426,19258.545,19042.902,18811.265,18564.412,18303.116,18028.147,17740.260,17440.195,17128.672,16806.386,16474.011,16132.189,15781.536,15422.641,15056.061,14682.324,14301.932,13915.356,13523.041,13125.404,12722.837,12315.708,11904.360,11489.116,11070.275,10648.117,10222.906,9794.883,9364.276,8931.296,8496.141,8058.994,7620.025,7179.393,6737.247,6293.724,5848.955,5403.059,4956.151,4508.335,4059.713,3610.377,3160.418,2709.921,2258.968,1807.636,1356.000,904.134,452.111,0.000
0.000,56.092,112.115,167.993,223.651,279.014,334.009,388.563,442.602,496.057,548.858,600.936,652.225,702.658,752.174,800.709,848.204,894.603,939.850,983.891,1026.675,1068.155,1108.283,1147.017,1184.314,1220.137,1254.448,1287.213,1318.403,1347.986,1375.937,1402.232,1426.848,1449.767,1470.970,1490.443,1508.173,1524.149,1538.363,1550.806,1561.475,1570.366,1577.478,1582.812,1586.367,1588.149,1588.162,1586.411,1582.905,1577.652,1570.661,1561.944,1551.512,1539.378,1525.557,1510.062,1492.911,1474.119,1453.703,1431.682,1408.076,1382.904,1356.188,1327.948,1298.208,1266.992,1234.325,1200.234,1164.745,1127.887,1089.692,1050.192,1009.420,967.413,924.207,879.844,834.367,787.819,740.249,691.706,642.244,591.919,540.789,488.915,436.362,383.198,329.490,275.312,220.737,165.840,110.699,55.393,0.000,3658.557,7320.395,10988.699,14666.468,18356.418,22060.889,25781.752,29520.324,33277.290,37052.642,40845.638,44654.793,48477.906,52312.130,56154.083,60000.000,60000.000,60000.000,60000.000,60000.000,60000.000,60000.000,60000.000,60000.000,60000.000,60000.000,60000.000,60000.000,60000.000,57162.151,54329.507,51507.085,48699.538,45911.014,43145.045,40404.479,37691.451,35007.385,32353.022,29728.467,27133.252,24566.398,22026.484,19511.711,17019.958,14548.844,12095.771,9657.969,7232.531,4816.452,2406.651,0.000,576.467,1152.656,1728.272,2303.021,2876.604,3448.726,4019.087,4587.385,5153.318,5716.577,6276.851,6833.824,7387.171,7936.563,8481.657,9022.105,9557.543,10087.594,10611.869,11129.957,11641.431,12145.846,12642.731,13131.594,13611.920,14083.164,14544.758,14996.105,15436.581,15865.534,16282.287,16686.134,17076.351,17452.189,17812.884,18157.660,18485.734,18796.320,19088.640,19361.934,19615.460,19848.514,20060.431,20250.604,20418.484,20563.599,20685.555,20784.048,20858.870,20909.911,20937.166,20940.730,20920.801,20877.678,20811.752,20723.500,20613.480,20482.321,20330.710,20159.387,19969.130,19760.749,19535.072,19292.940,19035.198,18762.685,18476.229,18176.642,17864.717,17541.220,17206.889,16862.435,16508.534,16145.832,15774.942,15396.444,15010.885,14618.779,14220.613,13816.839,13407.883,12994.143,12575.991,12153.771,11727.807,11298.398,10865.823,10430.342,9992.194,9551.604,9108.778,8663.908,8217.172,7768.736,7318.751,6867.361,6414.698,5960.883,5506.032,5050.250,4593.637,4136.287,3678.285,3219.717,2760.658,2301.185,1841.367,1381.274,920.972,460.526,0.000
0.000,53.930,107.793,161.518,215.033,268.267,321.149,373.610,425.579,476.990,527.775,577.870,627.209,675.732,723.375,770.082,815.793,860.455,904.014,946.418,987.619,1027.570,1066.227,1103.546,1139.488,1174.015,1207.093,1238.687,1268.768,1297.307,1324.277,1349.656,1373.422,1395.555,1416.037,1434.855,1451.995,1467.446,1481.200,1493.247,1503.585,1512.208,1519.115,1524.306,1527.781,1529.544,1529.599,1527.951,1524.607,1519.574,1512.862,1504.482,1494.444,1482.760,1469.445,1454.512,1437.977,1419.856,1400.165,1378.923,1356.148,1331.861,1306.081,1278.831,1250.132,1220.010,1188.489,1155.594,1121.354,1085.797,1048.954,1010.856,971.537,931.033,889.381,846.621,802.795,757.947,712.122,665.371,617.745,569.296,520.083,470.164,419.601,368.457,316.800,264.697,212.218,159.435,106.422,53.252,0.000,3664.154,7331.409,11004.775,14687.080,18380.876,22088.352,25811.245,29550.764,33307.519,37081.466,40871.877,44677.335,48495.768,52324.512,56160.420,60000.000,60000.000,60000.000,60000.000,60000.000,60000.000,60000.000,60000.000,60000.000,60000.000,60000.000,60000.000,60000.000,60000.000,57174.321,54353.500,51542.229,48744.874,45965.344,43206.993,40472.550,37764.085,35083.008,32430.087,29805.488,27208.827,24639.226,22095.377,19575.600,17077.898,14600.012,12139.467,9693.613,7259.665,4834.731,2415.847,0.000,587.256,1174.251,1760.710,2346.353,2930.903,3514.077,4095.594,4675.167,5252.506,5827.319,6399.305,6968.160,7533.569,8095.211,8652.752,9205.847,9754.139,10297.252,10834.797,11366.363,11891.519,12409.811,12920.762,13423.868,13918.595,14404.383,14880.640,15346.741,15802.032,16245.823,16677.397,17096.002,17500.859,17891.164,18266.090,18624.790,18966.410,19290.086,19594.961,19880.190,20144.948,20388.446,20609.940,20808.741,20984.231,21135.871,21263.212,21365.904,21443.707,21496.490,21524.239,21527.059,21505.168,21458.898,21388.684,21295.060,21178.649,21040.150,20880.329,20700.005,20500.040,20281.324,20044.769,19791.294,19521.817,19237.250,18938.486,18626.400,18301.838,17965.617,17618.521,17261.297,16894.659,16519.281,16135.802,15744.823,15346.909,14942.588,14532.359,14116.682,13695.991,13270.687,12841.143,12407.707,11970.700,11530.420,11087.145,10641.129,10192.608,9741.802,9288.910,8834.120,8377.603,7919.517,7460.008,6999.213,6537.256,6074.251,5610.307,5145.521,4679.987,4213.789,3747.008,3279.718,2811.991,2343.894,1875.490,1406.840,938.003,469.038,0.000
0.000,51.851,103.639,155.294,206.749,257.936,308.786,359.233,409.212,458.656,507.502,555.688,603.152,649.834,695.676,740.621,784.613,827.602,869.533,910.360,950.033,988.509,1025.744,1061.698,1096.330,1129.606,1161.490,1191.951,1220.959,1248.486,1274.506,1298.997,1321.937,1343.307,1363.089,1381.270,1397.835,1412.774,1426.078,1437.739,1447.751,1456.110,1462.815,1467.864,1471.258,1473.000,1473.092,1471.539,1468.348,1463.527,1457.083,1449.027,1439.368,1428.120,1415.294,1400.904,1384.966,1367.495,1348.507,1328.019,1306.051,1282.622,1257.752,1231.462,1203.775,1174.714,1144.305,1112.573,1079.544,1045.249,1009.716,972.978,935.067,896.020,855.872,814.663,772.434,729.227,685.089,640.067,594.209,547.570,500.202,452.164,403.514,354.314,304.625,254.515,204.048,153.294,102.320,51.199,0.000,3666.648,7336.311,11011.914,14696.202,18391.655,22100.396,25824.111,29563.968,33320.556,37093.826,40883.068,44686.903,48503.319,52329.731,56163.086,60000.000,60000.000,60000.000,60000.000,60000.000,60000.000,60000.000,60000.000,60000.000,60000.000,60000.000,60000.000,60000.000,60000.000,57181.632,54367.944,51563.458,48772.384,45998.495,43245.034,40514.643,37809.332,35130.476,32478.831,29854.572,27257.341,24686.302,22140.199,19617.415,17116.023,14633.840,12168.472,9717.353,7277.783,4846.959,2422.006,0.000,598.354,1196.467,1794.079,2390.930,2986.758,3581.301,4174.292,4765.460,5354.532,5941.229,6525.264,7106.344,7684.167,8258.421,8828.782,9394.912,9956.458,10513.052,11064.304,11609.803,12149.119,12681.791,13207.336,13725.238,14234.951,14735.896,15227.460,15708.991,16179.803,16639.171,17086.334,17520.491,17940.811,18346.425,18736.440,19109.936,19465.976,19803.613,20121.900,20419.898,20696.687,20951.384,21183.150,21391.208,21574.854,21733.475,21866.556,21973.696,22054.613,22109.155,22137.300,22139.160,22114.979,22065.127,21990.092,21890.475,21766.973,21620.369,21451.516,21261.329,21050.760,20820.796,20572.439,20306.695,20024.567,19727.044,19415.093,19089.652,18751.627,18401.889,18041.266,17670.550,17290.487,16901.782,16505.099,16101.058,15690.242,15273.195,14850.422,14422.392,13989.544,13552.281,13110.978,12665.982,12217.612,11766.163,11311.907,10855.096,10395.959,9934.708,9471.539,9006.629,8540.144,8072.235,7603.039,7132.685,6661.288,6188.957,5715.790,5241.878,4767.305,4292.148,3816.480,3340.368,2863.873,2387.056,1909.972,1432.673,955.212,477.638,0.000
0.000,49.852,99.644,149.310,198.785,248.002,296.899,345.410,393.473,441.026,488.007,534.356,580.014,624.925,669.032,712.280,754.617,795.992,836.356,875.661,913.861,950.914,986.777,1021.412,1054.780,1086.845,1117.576,1146.941,1174.911,1201.458,1226.558,1250.187,1272.326,1292.955,1312.057,1329.618,1345.625,1360.065,1372.930,1384.213,1393.907,1402.008,1408.513,1413.421,1416.733,1418.450,1418.575,1417.112,1414.067,1409.448,1403.261,1395.517,1386.224,1375.395,1363.043,1349.179,1333.818,1316.977,1298.669,1278.914,1257.728,1235.132,1211.144,1185.786,1159.080,1131.050,1101.719,1071.114,1039.261,1006.188,971.926,936.506,899.959,862.322,823.629,783.920,743.234,701.614,659.103,615.748,571.596,526.700,481.110,434.882,388.072,340.739,292.942,244.745,196.210,147.401,98.386,49.230,0.000,3666.129,7335.274,11010.367,14694.160,18389.146,22097.468,25820.834,29560.443,33316.910,37090.215,40879.665,44683.892,48500.875,52328.007,56162.194,60000.000,60000.000,60000.000,60000.000,60000.000,60000.000,60000.000,60000.000,60000.000,60000.000,60000.000,60000.000,60000.000,60000.000,57184.262,54373.188,51571.276,48782.708,46011.220,43260.005,40531.655,37828.124,35150.733,32500.190,29876.629,27279.664,24708.442,22161.703,19637.837,17134.938,14650.854,12183.229,9729.544,7287.155,4853.317,2425.219,0.000,609.744,1219.265,1828.323,2436.675,3044.079,3650.288,4255.054,4858.123,5459.238,6058.134,6654.541,7248.178,7838.756,8425.976,9009.522,9589.067,10164.265,10734.753,11300.147,11860.039,12413.996,12961.558,13502.234,14035.501,14560.801,15077.538,15585.078,16082.745,16569.822,17045.546,17509.113,17959.674,18396.337,18818.171,19224.208,19613.448,19984.868,20337.427,20670.076,20981.772,21271.488,21538.231,21781.055,21999.080,22191.504,22357.626,22496.856,22608.729,22692.920,22749.246,22777.679,22778.339,22751.501,22697.579,22617.127,22510.819,22379.443,22223.878,22045.082,21844.073,21621.914,21379.697,21118.525,20839.506,20543.734,20232.282,19906.196,19566.486,19214.120,18850.024,18475.077,18090.109,17695.904,17293.195,16882.671,16464.973,16040.698,15610.401,15174.596,14733.760,14288.331,13838.715,13385.287,12928.389,12468.339,12005.426,11539.917,11072.055,10602.065,10130.150,9656.497,9181.278,8704.647,8226.748,7747.709,7267.650,6786.678,6304.892,5822.382,5339.229,4855.509,4371.291,3886.637,3401.607,2916.255,2430.630,1944.780,1458.750,972.582,486.319,0.000
0.000,47.931,95.804,143.557,191.127,238.452,285.469,332.119,378.340,424.073,469.258,513.840,557.761,600.966,643.402,685.017,725.759,765.580,804.432,842.270,879.050,914.729,949.269,982.630,1014.776,1045.673,1075.289,1103.594,1130.559,1156.157,1180.365,1203.161,1224.523,1244.434,1262.876,1279.834,1295.297,1309.252,1321.690,1332.604,1341.987,1349.834,1356.143,1360.912,1364.141,1365.831,1365.985,1364.607,1361.702,1357.275,1351.336,1343.891,1334.952,1324.529,1312.633,1299.277,1284.476,1268.244,1250.597,1231.550,1211.123,1189.333,1166.201,1141.747,1115.993,1088.962,1060.678,1031.165,1000.451,968.564,935.533,901.388,866.162,829.889,792.604,754.344,715.150,675.061,634.120,592.374,549.867,506.649,462.770,418.284,373.244,327.706,281.727,235.368,188.687,141.747,94.610,47.340,0.000,3662.592,7328.291,11000.119,14680.925,18373.302,22079.495,25801.316,29540.060,33296.427,37070.458,40861.486,44668.125,48488.283,52319.226,56157.683,60000.000,60000.000,60000.000,60000.000,60000.000,60000.000,60000.000,60000.000,60000.000,60000.000,60000.000,60000.000,60000.000,60000.000,57182.229,54369.270,51565.751,48775.953,46003.670,43252.113,40523.849,37820.777,35144.143,32494.566,29872.091,27276.244,24706.099,22160.333,19637.292,17135.040,14651.409,12184.044,9730.440,7287.975,4853.937,2425.551,0.000,621.406,1242.608,1863.384,2483.512,3102.767,3720.923,4337.748,4953.008,5566.459,6177.857,6786.944,7393.457,7997.120,8597.646,9194.733,9788.064,10377.304,10962.098,11542.066,12116.808,12685.891,13248.856,13805.208,14354.420,14895.922,15429.105,15953.317,16467.857,16971.978,17464.881,17945.719,18413.589,18867.542,19306.577,19729.649,20135.671,20523.525,20892.065,21240.130,21566.560,21870.206,22149.949,22404.722,22633.521,22835.434,23009.654,23155.502,23272.441,23360.090,23418.236,23446.838,23446.030,23416.119,23357.579,23271.034,23157.252,23017.123,22851.639,22661.880,22448.985,22214.143,21958.563,21683.469,21390.075,21079.579,20753.147,20411.911,20056.955,19689.315,19309.973,18919.860,18519.848,18110.754,17693.342,17268.322,16836.355,16398.051,15953.974,15504.646,15050.544,14592.110,14129.749,13663.831,13194.696,12722.654,12247.988,11770.958,11291.800,10810.727,10327.936,9843.604,9357.893,8870.947,8382.901,7893.874,7403.974,6913.299,6421.939,5929.974,5437.475,4944.509,4451.135,3957.407,3463.375,2969.082,2474.571,1979.879,1485.043,990.096,495.072,0.000
0.000,46.083,92.112,138.026,183.764,229.268,274.479,319.338,363.787,407.769,451.228,494.109,536.357,577.921,618.749,658.789,697.995,736.318,773.714,810.137,845.547,879.902,913.164,945.296,976.262,1006.031,1034.570,1061.849,1087.843,1112.523,1135.869,1157.856,1178.466,1197.680,1215.481,1231.855,1246.789,1260.272,1272.295,1282.849,1291.928,1299.527,1305.643,1310.275,1313.421,1315.083,1315.263,1313.963,1311.190,1306.949,1301.247,1294.092,1285.494,1275.461,1264.007,1251.143,1236.883,1221.241,1204.233,1185.874,1166.181,1145.174,1122.871,1099.293,1074.462,1048.398,1021.128,992.674,963.064,932.325,900.486,867.576,833.627,798.674,762.749,725.891,688.136,649.526,610.101,569.905,528.983,487.382,445.151,402.341,359.003,315.191,270.959,226.365,181.466,136.320,90.987,45.527,0.000,3655.949,7315.180,10980.893,14656.120,18343.642,22045.893,25764.874,29502.053,33258.281,37033.703,40827.697,44638.839,48464.906,52302.930,56149.314,60000.000,60000.000,60000.000,60000.000,60000.000,60000.000,60000.000,60000.000,60000.000,60000.000,60000.000,60000.000,60000.000,60000.000,57175.385,54355.911,51546.505,48751.682,45975.395,43220.929,40490.849,37786.993,35110.496,32461.841,29840.923,27247.123,24679.376,22136.240,19615.959,17116.520,14635.697,12171.099,9720.198,7280.369,4848.905,2423.047,0.000,633.319,1266.454,1899.202,2531.362,3162.727,3793.091,4422.241,5049.960,5676.026,6300.209,6922.270,7541.962,8159.025,8773.186,9384.159,9991.638,10595.301,11194.802,11789.773,12379.818,12964.511,13543.395,14115.975,14681.720,15240.054,15790.357,16331.958,16864.137,17386.117,17897.066,18396.090,18882.236,19354.493,19811.788,20252.994,20676.932,21082.376,21468.067,21832.721,22175.043,22493.745,22787.568,23055.298,23295.793,23508.007,23691.011,23844.021,23966.412,24057.738,24117.748,24146.388,24143.809,24110.358,24046.574,23953.172,23831.027,23681.152,23504.672,23302.807,23076.840,22828.100,22557.935,22267.699,21958.730,21632.337,21289.791,20932.313,20561.068,20177.162,19781.639,19375.477,18959.591,18534.834,18101.996,17661.809,17214.948,16762.036,16303.643,15840.295,15372.472,14900.611,14425.115,13946.349,13464.645,12980.306,12493.607,12004.798,11514.105,11021.731,10527.862,10032.665,9536.289,9038.870,8540.530,8041.378,7541.511,7041.017,6539.974,6038.452,5536.513,5034.212,4531.598,4028.716,3525.605,3022.300,2518.833,2015.233,1511.525,1007.736,503.887,0.000
0.000,44.307,88.562,132.707,176.684,220.438,263.911,307.047,349.792,392.089,433.887,475.131,515.770,555.754,595.032,633.558,671.283,708.164,744.155,779.216,813.304,846.382,878.412,909.357,939.185,967.863,995.361,1021.650,1046.704,1070.497,1093.008,1114.213,1134.094,1152.632,1169.811,1185.618,1200.040,1213.064,1224.682,1234.885,1243.668,1251.025,1256.952,1261.448,1264.512,1266.144,1266.346,1265.122,1262.475,1258.412,1252.938,1246.061,1237.791,1228.137,1217.109,1204.721,1190.985,1175.914,1159.524,1141.830,1122.850,1102.600,1081.101,1058.372,1034.434,1009.308,983.020,955.592,927.051,897.423,866.737,835.022,802.309,768.631,734.021,698.516,662.152,624.968,587.005,548.304,508.910,468.867,428.222,387.025,345.324,303.171,260.619,217.721,174.532,131.109,87.508,43.786,0.000,3646.023,7295.586,10952.152,14619.022,18299.252,21995.563,25710.233,29444.999,33200.941,36978.375,40776.759,44594.629,48429.572,52278.276,56136.644,60000.000,60000.000,60000.000,60000.000,60000.000,60000.000,60000.000,60000.000,60000.000,60000.000,60000.000,60000.000,60000.000,60000.000,57163.398,54332.484,51512.676,48708.877,45925.300,43165.359,40431.627,37725.851,35049.007,32401.378,29782.638,27191.950,24628.042,22089.291,19573.785,17079.383,14603.762,12144.455,9698.886,7264.397,4838.267,2417.731,0.000,645.464,1290.763,1935.716,2580.142,3223.855,3866.669,4508.390,5148.822,5787.761,6424.996,7060.307,7693.465,8324.227,8952.338,9577.526,10199.503,10817.958,11432.561,12042.953,12648.750,13249.533,13844.851,14434.214,15017.087,15592.894,16161.004,16720.735,17271.347,17812.037,18341.938,18860.117,19365.567,19857.213,20333.910,20794.442,21237.530,21661.836,22065.974,22448.520,22808.031,23143.061,23452.183,23734.020,23987.264,24210.714,24403.296,24564.096,24692.388,24787.650,24849.582,24878.116,24873.419,24835.891,24766.151,24665.020,24533.502,24372.755,24184.062,23968.807,23728.439,23464.450,23178.346,22871.627,22545.769,22202.206,21842.319,21467.428,21078.782,20677.560,20264.868,19841.733,19409.112,18967.891,18518.884,18062.841,17600.452,17132.345,16659.098,16181.235,15699.233,15213.528,14724.513,14232.546,13737.951,13241.021,12742.019,12241.182,11738.727,11234.844,10729.706,10223.469,9716.268,9208.229,8699.460,8190.058,7680.110,7169.690,6658.866,6147.696,5636.231,5124.516,4612.589,4100.484,3588.229,3075.850,2563.368,2050.801,1538.167,1025.481,512.754,0.000
0.000,42.599,85.148,127.592,169.876,211.947,253.748,295.228,336.333,377.010,417.208,456.878,495.967,534.430,572.218,609.284,645.584,681.075,715.713,749.460,782.275,814.121,844.961,874.762,903.491,931.116,957.609,982.941,1007.087,1030.022,1051.724,1072.172,1091.347,1109.231,1125.809,1141.065,1154.988,1167.567,1178.792,1188.654,1197.148,1204.268,1210.011,1214.374,1217.356,1218.957,1219.179,1218.026,1215.500,1211.606,1206.351,1199.743,1191.790,1182.500,1171.886,1159.957,1146.727,1132.209,1116.417,1099.368,1081.077,1061.561,1040.840,1018.933,995.860,971.643,946.306,919.870,892.364,863.811,834.241,803.681,772.163,739.717,706.378,672.179,637.158,601.351,564.797,527.538,489.614,451.072,411.954,372.308,332.182,291.624,250.687,209.419,167.874,126.106,84.167,42.114,0.000,3632.557,7268.991,10913.107,14568.562,18238.783,21926.872,25635.497,29366.770,33122.110,36902.097,40706.337,44533.344,48380.477,52243.957,56118.986,60000.000,60000.000,60000.000,60000.000,60000.000,60000.000,60000.000,60000.000,60000.000,60000.000,60000.000,60000.000,60000.000,60000.000,57145.722,54297.953,51462.839,48645.850,45851.570,43083.580,40344.448,37635.776,34958.305,32312.025,29696.303,27109.996,24551.552,22019.097,19510.507,17023.466,14555.512,12104.073,9666.495,7240.067,4822.034,2409.612,0.000,657.818,1315.492,1972.862,2629.769,3286.048,3941.532,4596.050,5249.426,5901.477,6552.012,7200.831,7847.724,8492.467,9134.825,9774.543,10411.351,11044.956,11675.041,12301.264,12923.252,13540.600,14152.864,14759.561,15360.162,15954.088,16540.707,17119.327,17689.190,18249.473,18799.278,19337.631,19863.474,20375.669,20872.995,21354.145,21817.732,22262.298,22686.316,23088.208,23466.362,23819.152,24144.961,24442.219,24709.424,24945.187,25148.265,25317.591,25452.312,25551.813,25615.738,25644.002,25636.793,25594.574,25518.058,25408.198,25266.150,25093.247,24890.961,24660.866,24404.606,24123.860,23820.314,23495.636,23151.452,22789.334,22410.783,22017.222,21609.991,21190.343,20759.444,20318.372,19868.123,19409.611,18943.673,18471.075,17992.514,17508.626,17019.984,16527.113,16030.482,15530.521,15027.612,14522.103,14014.306,13504.499,12992.934,12479.836,11965.403,11449.816,10933.231,10415.791,9897.618,9378.823,8859.502,8339.739,7819.606,7299.167,6778.475,6257.578,5736.515,5215.318,4694.015,4172.628,3651.175,3129.670,2608.123,2086.544,1564.939,1043.311,521.664,0.000
0.000,40.956,81.865,122.674,163.330,203.781,243.975,283.861,323.389,362.507,401.167,439.321,476.920,513.918,550.270,585.931,620.858,655.010,688.346,720.826,752.413,783.071,812.765,841.462,869.130,895.739,921.261,945.668,968.937,991.042,1011.963,1031.679,1050.170,1067.420,1083.415,1098.138,1111.578,1123.724,1134.567,1144.098,1152.311,1159.200,1164.762,1168.994,1171.895,1173.465,1173.705,1172.618,1170.207,1166.477,1161.434,1155.084,1147.436,1138.499,1128.283,1116.798,1104.058,1090.074,1074.862,1058.436,1040.812,1022.007,1002.039,980.927,958.692,935.355,910.937,885.463,858.957,831.444,802.952,773.510,743.146,711.892,679.779,646.842,613.116,578.636,543.441,507.571,471.066,433.968,396.319,358.167,319.555,280.532,241.146,201.445,161.479,121.300,80.959,40.509,0.000,3615.215,7234.715,10862.723,14503.336,18160.446,21837.645,25538.113,29264.475,33018.631,36801.566,40613.147,44451.933,48315.037,52198.088,56095.345,60000.000,60000.000,60000.000,60000.000,60000.000,60000.000,60000.000,60000.000,60000.000,60000.000,60000.000,60000.000,60000.000,60000.000,57121.537,54250.768,51394.876,48560.115,45751.548,42972.944,40226.808,37514.502,34836.411,32192.114,29580.554,27000.180,24449.074,21925.039,19425.681,16948.463,14490.748,12049.829,9622.955,7207.343,4800.191,2398.683,0.000,670.359,1340.597,2010.575,2680.154,3349.194,4017.548,4685.068,5351.600,6016.981,6681.043,7343.606,8004.483,8663.471,9320.354,9974.899,10626.855,11275.949,11921.882,12564.331,13202.938,13837.314,14467.028,15091.609,15710.536,16323.234,16929.071,17527.351,18117.307,18698.097,19268.796,19828.391,20375.779,20909.760,21429.033,21932.197,22417.756,22884.116,23329.601,23752.461,24150.894,24523.067,24867.145,25181.328,25463.890,25713.218,25927.862,26106.572,26248.343,26352.445,26418.453,26446.261,26436.085,26388.460,26304.221,26184.476,26030.569,25844.042,25626.587,25380.010,25106.178,24806.989,24484.334,24140.067,23775.985,23393.808,22995.165,22581.591,22154.517,21715.271,21265.079,20805.067,20336.267,19859.617,19375.973,18886.111,18390.733,17890.472,17385.901,16877.534,16365.833,15851.214,15334.048,14814.667,14293.369,13770.416,13246.044,12720.461,12193.852,11666.379,11138.184,10609.393,10080.114,9550.443,9020.460,8490.236,7959.829,7429.289,6898.656,6367.965,5837.243,5306.508,4775.778,4245.062,3714.367,3183.695,2653.047,2122.419,1591.808,1061.206,530.606,0.000
0.000,39.377,78.708,117.945,157.035,195.928,234.577,272.930,310.940,348.559,385.739,422.434,458.598,494.187,529.156,563.465,597.070,629.932,662.012,693.272,723.676,753.189,781.777,809.408,836.053,861.681,886.265,909.780,932.201,953.505,973.670,992.677,1010.508,1027.145,1042.574,1056.780,1069.753,1081.479,1091.951,1101.160,1109.099,1115.764,1121.149,1125.254,1128.075,1129.613,1129.869,1128.845,1126.544,1122.970,1118.130,1112.030,1104.677,1096.080,1086.248,1075.194,1062.927,1049.460,1034.808,1018.985,1002.006,983.889,964.650,944.308,922.884,900.397,876.870,852.325,826.786,800.279,772.830,744.467,715.219,685.114,654.186,622.466,589.989,556.790,522.906,488.374,453.234,417.526,381.293,344.577,307.422,269.875,231.980,193.784,155.336,116.684,77.878,38.967,0.000,3593.588,7191.930,10799.735,14421.614,18062.019,21725.149,25414.837,29134.387,32886.374,36672.390,40492.752,44346.204,48229.650,52138.013,56064.306,60000.000,60000.000,60000.000,60000.000,60000.000,60000.000,60000.000,60000.000,60000.000,60000.000,60000.000,60000.000,60000.000,60000.000,57089.657,54188.705,51305.782,48448.187,45621.565,42829.840,40075.337,37359.014,34680.724,32039.467,29433.617,26861.098,24319.524,21806.304,19318.715,16853.957,14409.187,11981.541,9568.154,7166.160,4772.702,2384.930,0.000,683.066,1366.033,2048.785,2731.208,3413.181,4094.582,4775.287,5455.162,6134.069,6811.862,7488.386,8163.474,8836.948,9508.614,10178.262,10845.663,11510.566,12172.695,12831.747,13487.385,14139.239,14786.897,15429.901,16067.745,16699.865,17325.635,17944.359,18555.266,19157.501,19750.120,20332.077,20902.224,21459.301,22001.932,22528.621,23037.753,23527.595,23996.305,24441.945,24862.497,25255.894,25620.047,25952.890,26252.426,26516.777,26744.242,26933.347,27082.901,27192.035,27260.237,27287.375,27273.701,27219.840,27126.775,26995.804,26828.499,26626.654,26392.231,26127.302,25834.003,25514.481,25170.861,24805.208,24419.506,24015.636,23595.365,23160.343,22712.093,22252.017,21781.400,21301.411,20813.110,20317.459,19815.324,19307.485,18794.643,18277.426,17756.397,17232.058,16704.858,16175.194,15643.422,15109.856,14574.773,14038.421,13501.013,12962.742,12423.772,11884.249,11344.296,10804.022,10263.519,9722.865,9182.126,8641.356,8100.600,7559.891,7019.257,6478.718,5938.288,5397.973,4857.776,4317.696,3777.727,3237.859,2698.083,2158.382,1618.741,1079.143,539.569,0.000
0.000,37.858,75.673,113.397,150.981,188.377,225.538,262.417,298.968,335.143,370.900,406.191,440.974,475.207,508.846,541.852,574.184,605.804,636.674,666.758,696.021,724.430,751.952,778.556,804.213,828.895,852.575,875.228,896.830,917.359,936.794,955.117,972.308,988.352,1003.234,1016.940,1029.459,1040.779,1050.891,1059.787,1067.460,1073.906,1079.120,1083.099,1085.842,1087.348,1087.618,1086.653,1084.457,1081.035,1076.390,1070.530,1063.461,1055.193,1045.733,1035.093,1023.284,1010.318,996.208,980.968,964.614,947.161,928.627,909.030,888.390,866.726,844.059,820.413,795.810,770.275,743.834,716.513,688.341,659.347,629.562,599.017,567.744,535.780,503.158,469.915,436.090,401.722,366.850,331.517,295.763,259.634,223.173,186.424,149.435,112.250,74.918,37.486,0.000,3567.208,7139.683,10722.671,14321.367,17940.867,21586.097,25261.699,28971.863,32720.089,36508.866,40339.267,44210.481,48119.347,52060.009,56023.867,60000.000,60000.000,60000.000,60000.000,60000.000,60000.000,60000.000,60000.000,60000.000,60000.000,60000.000,60000.000,60000.000,60000.000,57048.385,54108.614,51191.359,48305.286,45456.686,42649.513,39885.686,37165.494,34488.002,31851.413,29253.350,26691.071,24161.621,21661.938,19188.919,16739.464,14310.501,11898.996,9501.959,7116.441,4739.528,2368.336,0.000,695.915,1391.753,2087.423,2782.834,3477.890,4172.493,4866.540,5559.924,6252.530,6944.236,7634.912,8324.415,9012.592,9699.275,10384.278,11067.398,11748.409,12427.059,13103.072,13776.133,14445.897,15111.973,15773.928,16431.271,17083.456,17729.869,18369.824,19002.552,19627.193,20242.788,20848.269,21442.447,22024.009,22591.505,23143.344,23677.790,24192.964,24686.847,25157.291,25602.040,26018.755,26405.056,26758.562,27076.955,27358.037,27599.800,27800.499,27958.709,28073.391,28143.925,28170.146,28152.349,28091.276,27988.089,27844.322,27661.829,27442.709,27189.246,26903.834,26588.919,26246.942,25880.291,25491.269,25082.064,24654.731,24211.183,23753.184,23282.350,22800.157,22307.940,21806.905,21298.136,20782.609,20261.193,19734.666,19203.722,18668.975,18130.973,17590.201,17047.087,16502.009,15955.300,15407.253,14858.123,14308.136,13757.485,13206.339,12654.844,12103.123,11551.282,10999.410,10447.582,9895.856,9344.282,8792.898,8241.731,7690.800,7140.119,6589.692,6039.519,5489.592,4939.903,4390.436,3841.174,3292.094,2743.173,2194.386,1645.704,1097.099,548.542,0.000
0.000,36.398,72.754,109.023,145.159,181.114,216.845,252.306,287.453,322.241,356.627,390.568,424.023,456.949,489.308,521.059,552.165,582.589,612.293,641.245,669.409,696.754,723.248,748.861,773.566,797.335,820.142,841.963,862.775,882.555,901.286,918.946,935.520,950.990,965.342,978.564,990.644,1001.569,1011.333,1019.925,1027.341,1033.574,1038.621,1042.478,1045.144,1046.618,1046.900,1045.992,1043.897,1040.619,1036.163,1030.534,1023.740,1015.789,1006.688,996.449,985.082,972.599,959.013,944.337,928.587,911.777,893.925,875.049,855.166,834.298,812.464,789.685,765.987,741.390,715.922,689.609,662.476,634.554,605.872,576.459,546.348,515.573,484.168,452.168,419.609,386.530,352.969,318.965,284.559,249.794,214.711,179.353,143.765,107.991,72.075,36.063,0.000,3535.560,7076.922,10629.900,14200.316,17793.986,21416.674,25074.000,28771.278,32513.254,36303.719,40144.970,44037.107,47977.248,51958.808,55971.152,60000.000,60000.000,60000.000,60000.000,60000.000,60000.000,60000.000,60000.000,60000.000,60000.000,60000.000,60000.000,60000.000,60000.000,56995.270,54006.006,51045.754,48124.914,45250.379,42425.840,39652.402,36929.273,34254.378,31624.834,29037.300,26488.215,23973.952,21490.909,19035.559,16604.480,14194.357,11801.983,9424.246,7058.117,4700.634,2348.887,0.000,708.880,1417.708,2126.416,2834.938,3543.202,4251.135,4958.659,5665.691,6372.143,7077.918,7782.912,8487.009,9190.082,9891.990,10592.575,11291.662,11989.052,12684.525,13377.829,14068.681,14756.763,15441.713,16123.123,16800.530,17473.410,18141.170,18803.140,19458.562,20106.582,20746.236,21376.439,21995.974,22603.481,23197.442,23776.176,24337.826,24880.361,25401.571,25899.082,26370.372,26812.795,27223.628,27600.124,27939.576,28239.400,28497.214,28710.933,28878.847,28999.697,29072.733,29097.749,29075.091,29005.648,28890.806,28732.397,28532.618,28293.944,28019.048,27710.709,27371.740,27004.919,26612.937,26198.358,25763.595,25310.885,24842.292,24359.696,23864.804,23359.153,22844.124,22320.952,21790.736,21254.453,20712.970,20167.053,19617.379,19064.545,18509.074,17951.427,17392.007,16831.167,16269.213,15706.412,15142.995,14579.160,14015.078,13450.893,12886.727,12322.682,11758.844,11195.278,10632.040,10069.171,9506.700,8944.648,8383.026,7821.837,7261.077,6700.736,6140.798,5581.245,5022.050,4463.187,3904.624,3346.326,2788.260,2230.385,1672.663,1115.052,557.512,0.000
0.000,34.994,69.947,104.818,139.560,174.131,208.486,242.583,276.379,309.832,342.899,375.541,407.717,439.387,470.513,501.057,530.983,560.254,588.836,616.696,643.801,670.121,695.624,720.283,744.069,766.957,788.922,809.940,829.988,849.047,867.096,884.117,900.093,915.009,928.850,941.603,953.257,963.801,973.227,981.526,988.691,994.718,999.602,1003.340,1005.930,1007.372,1007.665,1006.811,1004.813,1001.675,997.400,991.995,985.465,977.819,969.066,959.214,948.275,936.259,923.179,909.048,893.881,877.694,860.501,842.321,823.171,803.071,782.041,760.102,737.277,713.587,689.059,663.717,637.589,610.700,583.081,554.761,525.770,496.142,465.909,435.105,403.765,371.927,339.626,306.902,273.793,240.339,206.580,172.560,138.318,103.898,69.343,34.696,0.000,3498.109,7002.547,10519.692,14056.011,17618.086,21212.612,24846.350,28525.995,32257.928,36047.787,39899.786,43815.728,47793.729,51826.824,55901.934,60000.000,60000.000,60000.000,60000.000,60000.000,60000.000,60000.000,60000.000,60000.000,60000.000,60000.000,60000.000,60000.000,60000.000,56926.690,53874.386,50860.739,47898.235,44994.077,42151.066,39368.807,36644.820,33975.404,31356.245,28782.800,26250.538,23755.064,21292.185,18857.928,16448.539,14060.465,11690.334,9334.926,6991.148,4656.005,2326.579,0.000,721.938,1443.848,2165.689,2887.418,3608.989,4330.355,5051.464,5772.259,6492.678,7212.652,7932.103,8650.945,9369.078,10086.391,10802.757,11518.030,12232.044,12944.608,13655.507,14364.489,15071.268,15775.519,16476.864,17174.875,17869.058,18558.850,19243.607,19922.593,20594.969,21259.777,21915.930,22562.195,23197.173,23819.292,24426.785,25017.680,25589.790,26140.710,26667.819,27168.299,27639.158,28077.277,28479.473,28842.576,29163.527,29439.484,29667.937,29846.816,29974.590,30050.340,30073.807,30045.405,29966.208,29837.887,29662.643,29443.103,29182.207,28883.102,28549.028,28183.229,27788.875,27368.998,26926.453,26463.891,25983.744,25488.223,24979.322,24458.829,23928.336,23389.258,22842.843,22290.196,21732.284,21169.960,20603.968,20034.959,19463.501,18890.089,18315.151,17739.060,17162.137,16584.656,16006.856,15428.936,14851.066,14273.389,13696.023,13119.066,12542.593,11966.666,11391.332,10816.621,10242.555,9669.144,9096.390,8524.284,7952.815,7381.960,6811.694,6241.987,5672.803,5104.104,4535.848,3967.990,3400.484,2833.282,2266.331,1699.580,1132.977,566.469,0.000
0.000,33.643,67.248,100.773,134.176,167.414,200.447,233.232,265.729,297.897,329.697,361.088,392.033,422.494,452.433,481.815,510.604,538.766,566.268,593.076,619.161,644.493,669.041,692.779,715.680,737.719,758.872,779.114,798.427,816.788,834.179,850.583,865.982,880.361,893.707,906.007,917.250,927.425,936.524,944.538,951.461,957.287,962.013,965.636,968.152,969.562,969.865,969.063,967.158,964.153,960.053,954.863,948.589,941.239,932.820,923.343,912.816,901.251,888.661,875.058,860.455,844.868,828.313,810.805,792.364,773.006,752.753,731.625,709.642,686.829,663.208,638.804,613.644,587.752,561.159,533.891,505.981,477.457,448.353,418.701,388.535,357.890,326.803,295.309,263.446,231.253,198.769,166.033,133.085,99.967,66.719,33.383,0.000,3454.328,6915.464,10390.310,13885.950,17409.734,20969.340,24572.794,28228.424,31944.677,35729.716,39590.659,43532.291,47555.118,51652.825,55809.760,60000.000,60000.000,60000.000,60000.000,60000.000,60000.000,60000.000,60000.000,60000.000,60000.000,60000.000,60000.000,60000.000,60000.000,56837.102,53704.110,50624.580,47613.211,44676.628,41815.541,39026.942,36305.795,33646.174,31041.940,28487.117,25976.072,23503.581,21064.840,18655.430,16271.283,13908.631,11563.963,9233.977,6915.542,4605.659,2301.425,0.000,735.063,1470.123,2205.164,2940.171,3675.123,4409.999,5144.774,5879.419,6613.898,7348.172,8082.191,8815.899,9549.227,10282.095,11014.408,11746.054,12476.901,13206.796,13935.557,14662.973,15388.797,16112.740,16834.468,17553.590,18269.655,18982.138,19690.431,20393.834,21091.534,21782.596,22465.945,23140.344,23804.378,24456.429,25094.662,25716.996,26321.094,26904.349,27463.882,27996.549,28498.967,28967.561,29398.632,29788.449,30133.372,30429.985,30675.246,30866.627,31002.249,31080.975,31102.482,31067.271,30976.649,30832.654,30637.954,30395.716,30109.458,29782.905,29419.855,29024.062,28599.145,28148.520,27675.359,27182.567,26672.771,26148.328,25611.335,25063.646,24506.895,23942.512,23371.749,22795.695,22215.298,21631.380,21044.652,20455.731,19865.145,19273.352,18680.740,18087.645,17494.348,16901.091,16308.074,15715.464,15123.400,14531.993,13941.332,13351.485,12762.504,12174.424,11587.266,11001.039,10415.744,9831.368,9247.894,8665.296,8083.542,7502.593,6922.408,6342.939,5764.138,5185.949,4608.319,4031.186,3454.493,2878.176,2302.174,1726.420,1150.850,575.399,0.000
0.000,32.344,64.652,96.884,128.998,160.956,192.716,224.240,255.487,286.419,316.999,347.187,376.948,406.245,435.043,463.306,491.001,518.094,544.555,570.351,595.454,619.833,643.461,666.312,688.360,709.580,729.948,749.444,768.046,785.734,802.490,818.297,833.139,847.001,859.869,871.731,882.576,892.394,901.176,908.915,915.603,921.235,925.808,929.318,931.762,933.140,933.453,932.700,930.884,928.008,924.077,919.095,913.067,906.002,897.907,888.791,878.663,867.535,855.417,842.323,828.265,813.259,797.319,780.462,762.704,744.064,724.561,704.216,683.048,661.079,638.334,614.835,590.608,565.679,540.074,513.822,486.951,459.491,431.474,402.931,373.895,344.399,314.478,284.168,253.504,222.523,191.263,159.762,128.058,96.190,64.198,32.122,0.000,3403.740,6814.673,10240.134,13687.745,17165.562,20682.220,24247.063,27870.230,31562.640,35335.742,39200.844,43167.659,47241.626,51419.597,55684.281,60000.000,60000.000,60000.000,60000.000,60000.000,60000.000,60000.000,60000.000,60000.000,60000.000,60000.000,60000.000,60000.000,60000.000,56717.608,53480.372,50320.262,47253.402,44283.683,41407.529,38617.623,35905.244,33261.557,30678.225,28147.657,25663.051,23218.350,20808.163,18427.670,16072.532,13738.814,11422.910,9121.477,6831.385,4549.664,2273.462,0.000,748.228,1496.478,2244.763,2993.091,3741.470,4489.906,5238.401,5986.953,6735.558,7484.203,8232.871,8981.535,9730.160,10478.699,11227.092,11975.263,12723.118,13470.543,14217.398,14963.512,15708.685,16452.672,17195.188,17935.889,18674.375,19410.170,20142.715,20871.356,21595.327,22313.731,23025.521,23729.480,24424.194,25108.024,25779.083,26435.199,27073.898,27692.374,28287.479,28855.720,29393.278,29896.050,30359.728,30779.904,31152.219,31472.536,31737.135,31942.903,32087.510,32169.543,32188.591,32145.271,32041.190,31878.857,31661.540,31393.091,31077.749,30719.957,30324.182,29894.780,29435.885,28951.343,28444.666,27919.017,27377.218,26821.756,26254.815,25678.297,25093.853,24502.913,23906.706,23306.293,22702.582,22096.352,21488.267,20878.895,20268.716,19658.140,19047.510,18437.114,17827.192,17217.942,16609.527,16002.074,15395.688,14790.444,14186.401,13583.596,12982.051,12381.776,11782.764,11185.002,10588.465,9993.121,9398.930,8805.847,8213.821,7622.797,7032.713,6443.508,5855.116,5267.469,4680.494,4094.121,3508.275,2922.881,2337.863,1753.144,1168.646,584.290,0.000
0.000,31.095,62.156,93.144,124.019,154.745,185.282,215.592,245.637,275.381,304.787,333.818,362.440,390.617,418.315,445.502,472.143,498.208,523.667,548.488,572.644,596.106,618.848,640.844,662.069,682.499,702.112,720.887,738.804,755.843,771.987,787.218,801.522,814.884,827.290,838.729,849.190,858.663,867.138,874.610,881.071,886.515,890.940,894.340,896.715,898.062,898.383,897.677,895.947,893.196,889.426,884.644,878.855,872.065,864.282,855.515,845.773,835.066,823.405,810.803,797.272,782.826,767.481,751.251,734.154,716.207,697.429,677.838,657.456,636.304,614.403,591.777,568.450,544.448,519.796,494.522,468.653,442.219,415.248,387.772,359.823,331.433,302.634,273.462,243.950,214.135,184.052,153.737,123.228,92.562,61.776,30.910,0.000,3345.960,6699.355,10067.809,13459.335,16882.550,20346.915,23863.006,27442.795,31099.912,34849.769,38709.314,42695.877,46824.131,51099.655,55507.769,60000.000,60000.000,60000.000,60000.000,60000.000,60000.000,60000.000,60000.000,60000.000,60000.000,60000.000,60000.000,60000.000,60000.000,56552.958,53179.510,49922.694,46796.452,43797.172,40913.270,38130.777,35436.003,32816.584,30261.747,27762.236,25310.125,22898.606,20521.793,18174.553,15852.361,13551.184,11267.384,8997.635,6738.856,4488.152,2242.759,0.000,761.406,1522.861,2284.404,3046.070,3807.895,4569.912,5332.151,6094.641,6857.404,7620.462,8383.826,9147.504,9911.494,10675.785,11440.353,12205.163,12970.161,13735.274,14500.409,15265.442,16030.222,16794.558,17558.217,18320.916,19082.311,19841.988,20599.452,21354.111,22105.260,22852.061,23593.519,24328.461,25055.500,25773.006,26479.065,27171.446,27847.556,28504.406,29138.580,29746.218,30323.021,30864.284,31364.980,31819.878,32223.724,32571.468,32858.520,33081.009,33236.018,33321.773,33337.752,33284.718,33164.675,32980.743,32736.963,32438.067,32089.208,31695.712,31262.862,30795.720,30299.009,29777.042,29233.686,28672.365,28096.073,27507.411,26908.620,26301.620,25688.056,25069.324,24446.612,23820.926,23193.118,22563.904,21933.887,21303.574,20673.387,20043.674,19414.726,18786.778,18160.020,17534.603,16910.645,16288.233,15667.430,15048.277,14430.796,13814.992,13200.857,12588.370,11977.500,11368.205,10760.438,10154.142,9549.258,8945.718,8343.452,7742.386,7142.443,6543.543,5945.604,5348.541,4752.270,4156.704,3561.754,2967.332,2373.349,1779.714,1186.339,593.130,0.000
0.000,29.894,59.756,89.547,119.232,148.773,178.133,207.275,236.164,264.765,293.042,320.960,348.486,375.585,402.226,428.376,454.004,479.079,503.573,527.455,550.700,573.279,595.167,616.338,636.770,656.440,675.325,693.405,710.661,727.073,742.626,757.302,771.087,783.966,795.926,806.957,817.047,826.186,834.366,841.579,847.820,853.083,857.363,860.658,862.965,864.282,864.610,863.950,862.302,859.670,856.058,851.470,845.910,839.386,831.905,823.475,814.105,803.804,792.585,780.458,767.435,753.531,738.760,723.137,706.678,689.399,671.320,652.459,632.835,612.469,591.383,569.599,547.140,524.032,500.299,475.966,451.062,425.614,399.652,373.203,346.300,318.973,291.254,263.176,234.772,206.077,177.124,147.950,118.588,89.076,59.450,29.746,0.000,3280.745,6568.977,9872.413,13199.237,16558.387,19959.884,23415.251,26938.033,30544.443,34254.108,38090.767,42082.402,46259.366,50647.124,55247.139,60000.000,60000.000,60000.000,60000.000,60000.000,60000.000,60000.000,60000.000,60000.000,60000.000,60000.000,60000.000,60000.000,60000.000,56314.713,52762.016,49394.551,46212.541,43195.282,40317.603,37556.213,34891.407,32307.030,29789.943,27329.415,24916.606,22544.155,20205.851,17896.389,15611.175,13346.177,11097.807,8862.823,6638.254,4421.328,2209.421,0.000,774.570,1549.217,2324.005,3098.998,3874.259,4649.849,5425.828,6202.253,6979.179,7756.657,8534.732,9313.446,10092.833,10872.919,11653.720,12435.240,13217.471,14000.386,14783.940,15568.061,16352.654,17137.587,17922.688,18707.741,19492.471,20276.539,21059.525,21840.918,22620.093,23396.293,24168.604,24935.923,25696.925,26450.024,27193.322,27924.565,28641.080,29339.723,30016.829,30668.167,31288.919,31873.706,32416.652,32911.526,33351.956,33731.722,34045.102,34287.229,34454.419,34544.424,34556.573,34491.828,34352.710,34143.140,33868.175,33533.684,33145.986,32711.513,32236.531,31726.931,31188.098,30624.841,30041.389,29441.402,28828.022,28203.921,27571.358,26932.235,26288.151,25640.438,24990.212,24338.400,23685.772,23032.966,22380.506,21728.823,21078.267,20429.121,19781.609,19135.908,18492.150,17850.436,17210.834,16573.385,15938.110,15305.009,14674.068,14045.255,13418.532,12793.847,12171.138,11550.339,10931.375,10314.167,9698.633,9084.684,8472.229,7861.176,7251.429,6642.891,6035.463,5429.046,4823.540,4218.841,3614.850,3011.463,2408.579,1806.093,1203.903,601.907,0.000
0.000,28.740,57.448,86.089,114.628,143.030,171.258,199.278,227.056,254.556,281.747,308.595,335.066,361.128,386.752,411.904,436.556,460.679,484.243,507.222,529.589,551.317,572.383,592.761,612.429,631.365,649.548,666.959,683.577,699.386,714.369,728.509,741.793,754.207,765.737,776.373,786.104,794.921,802.815,809.780,815.808,820.895,825.036,828.228,830.469,831.757,832.093,831.476,829.908,827.392,823.930,819.528,814.191,807.924,800.734,792.629,783.619,773.711,762.918,751.249,738.718,725.337,711.120,696.082,680.239,663.606,646.201,628.043,609.150,589.544,569.243,548.271,526.649,504.401,481.553,458.128,434.153,409.655,384.662,359.202,333.305,307.000,280.320,253.294,225.955,198.336,170.470,142.391,114.132,85.729,57.216,28.628,0.000,3208.042,6423.397,9653.627,12906.813,16191.876,19518.983,22900.082,26349.644,29885.719,33531.452,37317.246,41283.598,45483.806,49982.338,54833.663,60000.000,60000.000,60000.000,60000.000,60000.000,60000.000,60000.000,60000.000,60000.000,60000.000,60000.000,60000.000,60000.000,60000.000,55943.877,52159.292,48680.953,45463.878,42453.812,39605.647,36885.066,34266.380,31730.188,29261.581,26848.874,24482.731,22155.558,19861.068,17593.977,15349.773,13124.543,10914.844,8717.598,6530.008,4349.487,2173.597,0.000,787.693,1575.490,2363.483,3151.762,3940.420,4729.546,5519.230,6309.558,7100.618,7892.491,8685.257,9478.994,10273.772,11069.656,11866.703,12664.962,13464.470,14265.250,15067.308,15870.632,16675.184,17480.899,18287.674,19095.368,19903.785,20712.674,21521.706,22330.467,23138.433,23944.956,24749.228,25550.255,26346.814,27137.408,27920.206,28692.986,29453.052,30197.159,30921.431,31621.284,32291.369,32925.557,33516.986,34058.208,34541.443,34958.955,35303.531,35568.983,35750.610,35845.534,35852.901,35773.926,35611.819,35371.560,35059.551,34683.154,34250.189,33768.480,33245.483,32688.050,32102.287,31493.522,30866.315,30224.527,29571.390,28909.593,28241.358,27568.518,26892.577,26214.768,25536.098,24857.387,24179.299,23502.371,22827.031,22153.622,21482.408,20813.594,20147.333,19483.734,18822.868,18164.776,17509.474,16856.954,16207.190,15560.141,14915.752,14273.956,13634.678,12997.835,12363.337,11731.087,11100.985,10472.928,9846.809,9222.519,8599.946,7978.977,7359.499,6741.398,6124.557,5508.861,4894.195,4280.442,3667.485,3055.211,2443.501,1832.241,1221.314,610.606,0.000
0.000,27.629,55.229,82.764,110.202,137.508,164.647,191.588,218.296,244.740,270.886,296.703,322.160,347.225,371.869,396.062,419.775,442.981,465.652,487.760,509.282,530.191,550.464,570.078,589.010,607.240,624.747,641.512,657.516,672.743,687.176,700.800,713.601,725.565,736.681,746.936,756.321,764.827,772.446,779.170,784.993,789.910,793.916,797.009,799.187,800.447,800.789,800.214,798.723,796.318,793.003,788.781,783.657,777.638,770.730,762.939,754.275,744.748,734.366,723.140,711.083,698.207,684.526,670.052,654.803,638.793,622.040,604.560,586.373,567.497,547.954,527.764,506.948,485.530,463.533,440.982,417.902,394.318,370.258,345.749,320.820,295.499,269.816,243.801,217.486,190.901,164.079,137.052,109.853,82.515,55.071,27.554,0.000,3128.027,6262.943,9411.886,12582.511,15783.321,19024.090,22316.449,25674.743,29117.338,32668.736,36363.166,40250.940,44409.922,48964.758,54105.177,60000.000,60000.000,60000.000,60000.000,60000.000,60000.000,60000.000,60000.000,60000.000,60000.000,60000.000,60000.000,60000.000,60000.000,55301.502,51250.323,47706.091,44508.208,41550.441,38766.108,36112.025,33558.860,31085.762,28677.320,26321.769,24009.887,21734.276,19488.885,17268.679,15069.397,12887.378,10719.428,8562.718,6414.694,4273.013,2135.481,0.000,800.747,1601.624,2402.752,3204.250,4006.236,4808.832,5612.154,6416.322,7221.452,8027.661,8835.063,9643.771,10453.894,11265.537,12078.801,12893.780,13710.558,14529.212,15349.805,16172.383,16996.976,17823.587,18652.193,19482.732,20315.103,21149.151,21984.654,22821.313,23658.731,24496.390,25333.625,26169.589,27003.208,27833.129,28657.657,29474.670,30281.533,31074.982,31851.006,32604.725,33330.272,34020.720,34668.082,35263.434,35797.208,36259.682,36641.643,36935.125,37134.066,37234.771,37236.143,37139.737,36949.666,36672.325,36315.918,35889.800,35403.757,34867.361,34289.509,33678.141,33040.132,32381.300,31706.486,31019.670,30324.093,29622.379,28916.643,28208.581,27499.553,26790.642,26082.707,25376.430,24672.343,23970.859,23272.294,22576.885,21884.802,21196.160,20511.033,19829.453,19151.426,18476.930,17805.923,17138.344,16474.120,15813.163,15155.376,14500.655,13848.889,13199.960,12553.748,11910.127,11268.971,10630.151,9993.536,9358.993,8726.392,8095.599,7466.482,6838.908,6212.746,5587.863,4964.128,4341.411,3719.581,3098.508,2478.064,1858.120,1238.546,619.216,0.000
0.000,26.562,53.095,79.567,105.946,132.198,158.291,184.194,209.874,235.300,260.442,285.268,309.749,333.855,357.557,380.827,403.637,425.960,447.770,469.041,489.749,509.870,529.380,548.258,566.482,584.031,600.886,617.029,632.442,647.108,661.011,674.137,686.472,698.003,708.718,718.607,727.659,735.864,743.217,749.708,755.333,760.086,763.963,766.961,769.077,770.309,770.658,770.123,768.706,766.409,763.235,759.187,754.271,748.491,741.854,734.367,726.038,716.877,706.892,696.095,684.495,672.107,658.942,645.014,630.337,614.928,598.803,581.977,564.470,546.300,527.487,508.050,488.011,467.392,446.216,424.506,402.286,379.583,356.420,332.826,308.827,284.452,259.727,234.685,209.353,183.762,157.942,131.926,105.744,79.428,53.010,26.524,0.000,3041.122,6088.463,9148.463,12228.025,15334.808,18477.607,21666.883,24915.542,28240.152,31662.988,35215.744,38947.072,42940.185,47361.595,52622.285,60000.000,60000.000,60000.000,60000.000,60000.000,60000.000,60000.000,60000.000,60000.000,60000.000,60000.000,60000.000,60000.000,60000.000,54011.809,49834.407,46384.881,43312.420,40473.636,37796.318,35238.065,32771.274,30376.681,28040.167,25750.996,23500.772,21282.774,19091.519,16922.458,14771.757,12636.143,10512.774,8399.152,6293.037,4192.391,2095.314,0.000,813.702,1627.563,2441.728,3256.347,4071.565,4887.531,5704.395,6522.305,7341.411,8161.861,8983.807,9807.396,10632.777,11460.098,12289.502,13121.131,13955.121,14791.603,15630.698,16472.517,17317.160,18164.705,19015.212,19868.713,20725.204,21584.640,22446.923,23311.887,24179.280,25048.747,25919.800,26791.779,27663.814,28534.763,29403.142,30267.029,31123.954,31970.754,32803.413,33616.862,34404.796,35159.491,35871.709,36530.759,37124.793,37641.440,38068.754,38396.328,38616.285,38723.871,38717.696,38599.755,38375.331,38052.711,37642.561,37156.948,36608.261,36008.293,35367.654,34695.485,33999.420,33285.689,32559.296,31824.217,31083.581,30339.841,29594.910,28850.272,28107.074,27366.200,26628.321,25893.944,25163.441,24437.082,23715.052,22997.468,22284.392,21575.844,20871.806,20172.233,19477.056,18786.187,18099.523,17416.947,16738.335,16063.551,15392.456,14724.905,14060.750,13399.839,12742.020,12087.137,11435.037,10785.563,10138.562,9493.879,8851.359,8210.852,7572.205,6935.268,6299.892,5665.929,5033.232,4401.656,3771.058,3141.292,2512.217,1883.691,1255.573,627.723,0.000
0.000,25.535,51.044,76.494,101.854,127.093,152.180,177.085,201.776,226.224,250.400,274.273,297.815,320.998,343.794,366.175,388.116,409.590,430.572,451.037,470.962,490.324,509.100,527.269,544.810,561.704,577.932,593.476,608.319,622.444,635.838,648.484,660.370,671.483,681.813,691.347,700.077,707.994,715.089,721.357,726.791,731.386,735.138,738.043,740.100,741.306,741.661,741.166,739.821,737.628,734.589,730.710,725.993,720.444,714.070,706.876,698.871,690.064,680.462,670.078,658.921,647.002,634.335,620.933,606.810,591.981,576.461,560.266,543.415,525.925,507.814,489.104,469.812,449.963,429.576,408.676,387.285,365.427,343.128,320.414,297.309,273.842,250.040,225.931,201.543,176.907,152.050,127.005,101.799,76.465,51.033,25.534,0.000,2947.998,5901.325,8865.479,11846.319,14850.279,17884.647,20957.935,24080.390,27264.742,30527.320,33889.749,37381.421,41042.152,44919.153,49022.370,53039.213,54734.252,55586.223,56074.072,56374.724,56562.066,56669.445,56711.115,56689.530,56596.123,56406.124,56061.684,55421.771,54101.911,50911.326,47690.615,44686.607,41882.956,39235.365,36707.464,34272.644,31911.490,29609.522,27355.671,25141.277,22959.432,20804.530,18671.960,16557.875,14459.032,12372.662,10296.374,8228.077,6165.912,4108.199,2053.385,0.000,826.533,1653.250,2480.327,3307.939,4136.261,4965.472,5795.749,6627.272,7460.222,8294.784,9131.142,9969.483,10809.994,11652.866,12498.286,13346.446,14197.533,15051.735,15909.236,16770.212,17634.837,18503.270,19375.660,20252.135,21132.801,22017.735,22906.973,23800.498,24698.230,25600.001,26505.533,27414.403,28325.999,29239.464,30153.615,31066.847,31976.995,32881.167,33775.523,34655.010,35513.051,36341.226,37128.992,37863.583,38530.246,39113.011,39596.083,39965.632,40211.356,40327.217,40311.508,40166.755,39899.699,39521.145,39045.193,38487.710,37864.594,37190.458,36477.901,35737.309,34976.966,34203.340,33421.404,32634.938,31846.797,31059.125,30273.518,29491.158,28712.912,27939.405,27171.076,26408.223,25651.035,24899.614,24153.997,23414.170,22680.077,21951.632,21228.722,20511.216,19798.967,19091.818,18389.601,17692.142,16999.261,16310.777,15626.504,14946.256,14269.847,13597.090,12927.799,12261.791,11598.881,10938.889,10281.636,9626.944,8974.638,8324.546,7676.497,7030.322,6385.857,5742.937,5101.400,4461.087,3821.838,3183.496,2545.907,1908.916,1272.370,636.115,0.000
0.000,24.549,49.072,73.539,97.920,122.185,146.305,170.250,193.990,217.498,240.744,263.701,286.341,308.636,330.560,352.087,373.191,393.848,414.033,433.723,452.895,471.526,489.595,507.082,523.966,540.229,555.853,570.820,585.114,598.719,611.621,623.805,635.258,645.969,655.927,665.120,673.540,681.178,688.026,694.079,699.328,703.771,707.402,710.219,712.219,713.400,713.762,713.304,712.028,709.935,707.029,703.312,698.788,693.463,687.341,680.431,672.739,664.273,655.042,645.056,634.325,622.861,610.675,597.780,584.191,569.920,554.984,539.397,523.178,506.343,488.910,470.898,452.327,433.218,413.592,393.470,372.876,351.833,330.364,308.494,286.250,263.656,240.740,217.527,194.047,170.327,146.395,122.281,98.013,73.621,49.135,24.585,0.000,2849.546,5703.358,8565.810,11441.493,14335.341,17252.767,20199.820,23183.342,26211.107,29291.801,32434.511,35646.712,38927.850,42250.493,45508.828,48400.232,50311.570,51536.567,52335.340,52862.758,53204.094,53404.601,53485.485,53450.883,53288.838,52966.688,52418.843,51523.490,50074.547,47840.969,45330.122,42787.977,40297.431,37877.406,35525.528,33233.558,30992.519,28794.247,26631.719,24499.010,22391.147,20303.955,18233.916,16178.052,14133.834,12099.098,10071.983,8050.870,6034.336,4021.109,2010.027,0.000,839.209,1678.630,2518.465,3358.914,4200.184,5042.480,5886.009,6730.983,7577.615,8426.122,9276.725,10129.647,10985.117,11843.366,12704.629,13569.147,14437.160,15308.914,16184.655,17064.632,17949.090,18838.275,19732.428,20631.782,21536.558,22446.963,23363.178,24285.354,25213.597,26147.955,27088.393,28034.768,28986.787,29943.950,30905.481,31870.221,32836.484,33801.864,34762.968,35715.064,36651.632,37563.824,38439.899,39264.781,40020.039,40684.715,41237.376,41659.197,41936.729,42062.579,42034.815,41856.514,41536.033,41087.452,40529.848,39884.606,39172.463,38411.570,37616.725,36799.434,35968.358,35129.877,34288.624,33447.925,32610.146,31776.950,30949.490,30128.547,29314.631,28508.053,27708.977,26917.461,26133.483,25356.961,24587.769,23825.750,23070.722,22322.485,21580.827,20845.527,20116.355,19393.083,18675.476,17963.300,17256.322,16554.308,15857.028,15164.254,14475.761,13791.327,13110.733,12433.763,11760.207,11089.856,10422.508,9757.962,9096.021,8436.492,7779.187,7123.919,6470.506,5818.768,5168.528,4519.610,3871.844,3225.059,2579.086,1933.759,1288.912,644.380,0.000
0.000,23.600,47.176,70.698,94.138,117.467,140.656,163.678,186.505,209.108,231.461,253.537,275.308,296.750,317.836,338.541,358.841,378.712,398.130,417.074,435.520,453.448,470.838,487.668,503.920,519.576,534.618,549.029,562.795,575.898,588.327,600.065,611.103,621.426,631.025,639.890,648.011,655.381,661.991,667.835,672.908,677.204,680.720,683.452,685.396,686.554,686.922,686.501,685.292,683.297,680.518,676.958,672.621,667.511,661.635,654.998,647.608,639.472,630.598,620.997,610.678,599.651,587.929,575.524,562.449,548.717,534.343,519.343,503.733,487.528,470.748,453.410,435.533,417.136,398.241,378.869,359.041,338.780,318.110,297.053,275.634,253.879,231.813,209.462,186.853,164.013,140.969,117.748,94.380,70.893,47.314,23.674,0.000,2746.828,5496.753,8252.910,11018.502,13796.825,16591.262,19405.235,22242.052,25104.544,27994.265,30909.784,33843.066,36772.042,39646.143,42362.216,44741.318,46575.231,47913.134,48867.965,49536.873,49986.953,50259.380,50375.341,50339.679,50141.657,49752.949,49123.510,48178.799,46831.819,45047.882,43000.925,40837.749,38641.386,36451.299,34283.686,32143.539,30030.783,27943.229,25877.948,23831.896,21802.193,19786.228,17781.695,15786.583,13799.153,11817.915,9841.590,7869.084,5899.454,3931.875,1965.615,0.000,851.705,1703.648,2556.057,3409.161,4263.192,5118.384,5974.975,6833.205,7693.319,8555.570,9420.211,10287.504,11157.717,12031.125,12908.008,13788.657,14673.366,15562.439,16456.187,17354.928,18258.987,19168.695,20084.389,21006.410,21935.098,22870.799,23813.848,24764.573,25723.286,26690.269,27665.762,28649.939,29642.878,30644.517,31654.588,32672.519,33697.300,34727.278,35759.857,36791.079,37815.016,38822.960,39802.413,40736.010,41600.815,42368.829,43009.902,43497.443,43814.179,43951.951,43909.060,43688.866,43300.891,42763.217,42102.589,41348.865,40529.562,39667.126,38778.503,37875.867,36967.689,36059.732,35155.847,34258.559,33369.486,32489.621,31619.534,30759.504,29909.611,29069.800,28239.922,27419.766,26609.079,25807.579,25014.968,24230.936,23455.168,22687.346,21927.155,21174.279,20428.408,19689.237,18956.463,18229.793,17508.937,16793.610,16083.538,15378.449,14678.079,13982.169,13290.469,12602.731,11918.718,11238.194,10560.931,9886.707,9215.303,8546.506,7880.110,7215.909,6553.705,5893.303,5234.510,4577.138,3921.001,3265.916,2611.703,1958.181,1305.174,652.505,0.000
0.000,22.689,45.354,67.967,90.502,112.931,135.226,157.361,179.309,201.043,222.537,243.765,264.702,285.323,305.602,325.517,345.044,364.158,382.840,401.065,418.814,436.066,452.800,468.998,484.642,499.714,514.196,528.073,541.329,553.951,565.923,577.233,587.869,597.820,607.074,615.623,623.456,630.568,636.949,642.593,647.495,651.651,655.055,657.704,659.597,660.731,661.106,660.722,659.578,657.677,655.022,651.613,647.457,642.556,636.916,630.544,623.445,615.627,607.099,597.869,587.947,577.343,566.069,554.136,541.556,528.344,514.513,500.078,485.053,469.457,453.305,436.615,419.405,401.694,383.503,364.851,345.761,326.252,306.348,286.072,265.447,244.498,223.249,201.724,179.951,157.955,135.763,113.400,90.895,68.275,45.568,22.800,0.000,2641.012,5283.915,7930.574,10582.782,13242.195,15910.221,18587.807,21275.088,23970.751,26670.933,29367.292,32043.728,34671.109,37199.821,39552.576,41627.591,43334.901,44672.773,45686.513,46429.815,46947.465,47270.625,47416.819,47390.834,47185.164,46779.939,46143.451,45236.375,44026.049,42517.816,40787.948,38920.706,36979.067,35002.719,33014.379,31026.128,29043.844,27069.939,25104.948,23148.434,21199.499,19257.070,17320.055,15387.431,13458.281,11531.817,9607.378,7684.423,5762.519,3841.323,1920.559,0.000,863.993,1728.249,2593.022,3458.568,4325.146,5193.016,6062.446,6933.705,7807.071,8682.826,9561.261,10442.673,11327.372,12215.673,13107.904,14004.401,14905.517,15811.611,16723.061,17640.254,18563.594,19493.499,20430.403,21374.756,22327.024,23287.689,24257.250,25236.221,26225.125,27224.497,28234.872,29256.773,30290.696,31337.080,32396.258,33468.388,34553.339,35650.503,36758.512,37874.780,38994.784,40110.972,41211.158,42276.398,43278.739,44180.238,44936.307,45506.839,45870.937,46022.336,45960.964,45689.363,45215.824,44562.328,43768.835,42879.129,41930.237,40949.330,39954.769,38958.332,37967.304,36986.034,36017.003,35061.521,34120.169,33193.075,32280.089,31380.897,30495.088,29622.196,28761.729,27913.188,27076.074,26249.895,25434.173,24628.439,23832.244,23045.149,22266.732,21496.584,20734.312,19979.533,19231.878,18490.992,17756.529,17028.155,16305.547,15588.392,14876.387,14169.239,13466.661,12768.379,12074.124,11383.636,10696.663,10012.958,9332.283,8654.406,7979.100,7306.145,6635.324,5966.427,5299.248,4633.584,3969.236,3306.009,2643.710,1982.147,1321.133,660.479,0.000
0.000,21.812,43.602,65.342,87.008,108.571,130.007,151.289,172.392,193.290,213.959,234.372,254.506,274.338,293.842,312.997,331.779,350.167,368.139,385.674,402.752,419.353,435.458,451.048,466.106,480.615,494.559,507.921,520.688,532.845,544.379,555.276,565.527,575.118,584.041,592.285,599.842,606.705,612.865,618.317,623.056,627.076,630.373,632.944,634.787,635.899,636.281,635.932,634.852,633.043,630.506,627.245,623.263,618.564,613.153,607.036,600.218,592.709,584.514,575.642,566.104,555.907,545.065,533.587,521.486,508.774,495.466,481.574,467.115,452.104,436.557,420.490,403.923,386.872,369.358,351.399,333.016,314.231,295.064,275.538,255.675,235.499,215.034,194.303,173.333,152.146,130.771,109.231,87.554,65.766,43.893,21.962,0.000,2533.304,5067.323,7602.690,10139.855,12678.954,15219.619,17760.685,20299.741,22832.440,25351.425,27844.724,30293.446,32668.843,34929.455,37020.677,38881.571,40464.008,41756.546,42775.500,43548.408,44102.469,44458.836,44630.476,44621.676,44428.226,44038.194,43433.981,42597.200,41518.187,40209.383,38712.345,37078.061,35351.458,33566.132,31744.984,29902.749,28048.526,26187.736,24323.472,22457.393,20590.300,18722.497,16854.025,14984.804,13114.724,11243.696,9371.682,7498.711,5624.878,3750.339,1875.299,0.000,876.047,1752.380,2629.281,3507.030,4385.911,5266.212,6148.228,7032.258,7918.608,8807.595,9699.542,10594.784,11493.667,12396.549,13303.803,14215.815,15132.988,16055.742,16984.516,17919.769,18861.983,19811.661,20769.334,21735.561,22710.933,23696.071,24691.638,25698.332,26716.898,27748.127,28792.861,29851.991,30926.460,32017.252,33125.377,34251.836,35397.556,36563.269,37749.287,38955.114,40178.729,41415.336,42655.187,43880.013,45057.823,46137.380,47048.549,47722.961,48140.686,48305.787,48223.400,47892.111,47311.043,46501.782,45531.659,44468.966,43363.331,42245.614,41133.353,40035.851,38957.640,37900.588,36865.115,35850.872,34857.124,33882.957,32927.396,31989.461,31068.206,30162.729,29272.178,28395.753,27532.703,26682.325,25843.955,25016.970,24200.781,23394.831,22598.591,21811.560,21033.259,20263.233,19501.044,18746.276,17998.529,17257.418,16522.574,15793.643,15070.283,14352.164,13638.970,12930.394,12226.140,11525.923,10829.465,10136.500,9446.767,8760.016,8076.001,7394.485,6715.236,6038.029,5362.644,4688.864,4016.479,3345.279,2675.061,2005.624,1336.766,668.291,0.000
0.000,20.970,41.918,62.820,83.649,104.381,124.991,145.454,165.744,185.839,205.713,225.343,244.706,263.778,282.537,300.961,319.028,336.717,354.007,370.878,387.311,403.285,418.784,433.790,448.285,462.253,475.679,488.546,500.842,512.552,523.663,534.164,544.043,553.289,561.893,569.844,577.136,583.759,589.708,594.975,599.556,603.446,606.641,609.137,610.932,612.025,612.414,612.099,611.081,609.361,606.940,603.821,600.008,595.504,590.314,584.443,577.898,570.686,562.812,554.287,545.118,535.316,524.890,513.851,502.210,489.982,477.177,463.810,449.895,435.447,420.482,405.016,389.066,372.650,355.786,338.493,320.792,302.701,284.241,265.435,246.304,226.871,207.158,187.189,166.987,146.578,125.986,105.235,84.352,63.361,42.288,21.159,0.000,2424.881,4849.384,7273.008,9694.993,12114.147,14528.617,16935.572,19330.752,21707.842,24057.604,26366.734,28616.490,30781.363,32828.480,34719.106,36414.007,37883.016,39113.901,40110.534,40885.849,41455.168,41831.775,42024.574,42037.166,41867.870,41510.631,40957.079,40200.259,39240.114,38089.184,36773.990,35327.736,33782.570,32165.368,30496.677,28791.357,27059.776,25309.007,23543.810,21767.367,19981.811,18188.594,16388.744,14583.038,12772.115,10956.559,9136.943,7313.862,5487.944,3659.856,1830.299,0.000,887.840,1775.992,2664.757,3554.442,4445.356,5337.813,6232.133,7128.644,8027.682,8929.592,9834.733,10743.473,11656.197,12573.303,13495.207,14422.344,15355.168,16294.155,17239.806,18192.649,19153.241,20122.171,21100.063,22087.583,23085.442,24094.399,25115.275,26148.953,27196.392,28258.640,29336.841,30432.259,31546.287,32680.474,33836.541,35016.397,36222.150,37456.089,38720.605,40018.000,41350.011,42716.772,44114.541,45530.930,46935.428,48263.167,49397.791,50196.010,50663.293,50836.967,50734.986,50344.894,49634.733,48602.396,47387.374,46102.091,44808.878,43536.832,42297.592,41094.511,39927.265,38794.029,37692.477,36620.222,35575.003,34554.751,33557.600,32581.878,31626.086,30688.881,29769.049,28865.493,27977.215,27103.300,26242.906,25395.256,24559.627,23735.346,22921.780,22118.338,21324.458,20539.612,19763.297,18995.038,18234.380,17480.889,16734.152,15993.773,15259.372,14530.586,13807.065,13088.474,12374.490,11664.802,10959.110,10257.125,9558.566,8863.165,8170.658,7480.791,6793.319,6108.001,5424.604,4742.898,4062.660,3383.670,2705.714,2028.578,1352.052,675.928,0.000
0.000,20.161,40.300,60.395,80.421,100.354,120.170,139.844,159.355,178.677,197.788,216.665,235.286,253.629,271.672,289.393,306.772,323.788,340.423,356.655,372.467,387.840,402.757,417.200,431.154,444.601,457.528,469.920,481.762,493.043,503.748,513.868,523.389,532.303,540.600,548.270,555.306,561.699,567.444,572.534,576.964,580.729,583.826,586.250,588.001,589.075,589.472,589.191,588.234,586.600,584.291,581.310,577.660,573.345,568.369,562.737,556.455,549.529,541.966,533.775,524.964,515.541,505.516,494.900,483.705,471.941,459.622,446.759,433.368,419.463,405.058,390.170,374.814,359.009,342.770,326.118,309.070,291.646,273.866,255.751,237.322,218.601,199.610,180.371,160.907,141.243,121.402,101.407,81.284,61.056,40.750,20.389,0.000,2316.838,4632.325,6944.966,9252.963,11554.024,13845.131,16122.234,18379.853,20610.573,22804.416,24948.116,27024.416,29011.640,30883.995,32613.261,34172.336,35540.147,36705.509,37666.886,38429.287,39000.579,39388.521,39598.880,39634.543,39495.459,39179.381,38683.446,38006.641,37152.828,36133.250,34966.694,33676.322,32285.720,30816.092,29285.000,27706.227,26090.213,24444.707,22775.395,21086.455,19380.983,17661.324,15929.320,14186.487,12434.139,10673.482,8905.671,7131.851,5353.181,3570.842,1786.039,0.000,899.350,1799.034,2699.377,3600.707,4503.357,5407.667,6313.980,7222.653,8134.048,9048.541,9966.521,10888.392,11814.572,12745.501,13681.635,14623.455,15571.465,16526.196,17488.208,18458.095,19436.486,20424.050,21421.504,22429.614,23449.204,24481.168,25526.472,26586.178,27661.447,28753.567,29863.975,30994.283,32146.321,33322.180,34524.272,35755.412,37018.903,38318.666,39659.370,41046.581,42486.841,43987.479,45555.538,47193.982,48890.014,50582.274,52083.623,53000.172,53479.686,53643.978,53534.865,53117.947,52280.817,50885.942,49313.628,47743.452,46233.592,44795.603,43426.053,42117.740,40863.303,39656.227,38490.998,37363.006,36268.400,35203.940,34166.882,33154.878,32165.902,31198.185,30250.175,29320.491,28407.900,27511.290,26629.650,25762.056,24907.660,24065.675,23235.373,22416.072,21607.136,20807.964,20017.993,19236.686,18463.540,17698.071,16939.824,16188.363,15443.271,14704.152,13970.626,13242.327,12518.908,11800.031,11085.376,10374.631,9667.498,8963.689,8262.924,7564.934,6869.458,6176.242,5485.039,4795.608,4107.715,3421.129,2735.624,2050.978,1366.970,683.383,0.000
0.000,19.382,38.745,58.065,77.319,96.484,115.536,134.454,153.214,171.794,190.171,208.325,226.234,243.875,261.229,278.275,294.993,311.363,327.367,342.985,358.201,372.995,387.352,401.254,414.687,427.634,440.082,452.016,463.423,474.290,484.605,494.357,503.536,512.131,520.132,527.532,534.322,540.495,546.044,550.964,555.249,558.895,561.898,564.254,565.962,567.019,567.424,567.178,566.279,564.729,562.529,559.682,556.191,552.058,547.289,541.888,535.859,529.211,521.948,514.080,505.613,496.556,486.919,476.712,465.944,454.629,442.777,430.401,417.515,404.131,390.266,375.933,361.149,345.930,330.293,314.255,297.835,281.052,263.924,246.473,228.717,210.679,192.379,173.841,155.084,136.133,117.011,97.741,78.346,58.850,39.277,19.653,0.000,2210.145,4418.112,6621.569,8817.868,11003.855,13175.650,15328.379,17455.852,19550.183,21601.372,23596.897,25521.418,27356.785,29082.601,30677.607,32121.929,33399.726,34501.104,35422.215,36163.834,36729.340,37122.849,37347.883,37406.666,37300.042,37027.988,36590.684,35990.032,35231.306,34324.295,33283.213,32125.140,30867.897,29528.279,28121.005,26658.336,25150.144,23604.211,22026.610,20422.076,18794.340,17146.398,15480.726,13799.451,12104.473,10397.559,8680.407,6954.691,5222.088,3484.291,1743.017,0.000,910.554,1821.461,2733.070,3645.729,4559.795,5475.628,6393.599,7314.085,8237.477,9164.180,10094.611,11029.207,11968.420,12912.727,13862.624,14818.636,15781.313,16751.238,17729.029,18715.340,19710.869,20716.361,21732.617,22760.498,23800.934,24854.938,25923.618,27008.190,28110.002,29230.560,30371.559,31534.928,32722.882,33937.994,35183.295,36462.403,37779.705,39140.611,40551.925,42022.399,43563.560,45191.014,46926.378,48799.650,50848.546,53092.438,55354.375,56241.479,56611.408,56724.504,56642.667,56311.341,55484.801,53347.120,51237.979,49324.764,47586.735,45986.264,44493.631,43087.468,41752.377,40476.995,39252.715,38072.854,36932.112,35826.201,34751.595,33705.346,32684.959,31688.293,30713.488,29758.915,28823.127,27904.834,27002.871,26116.182,25243.800,24384.839,23538.476,22703.950,21880.551,21067.612,20264.508,19470.652,18685.487,17908.488,17139.155,16377.014,15621.616,14872.531,14129.347,13391.674,12659.138,11931.379,11208.053,10488.830,9773.393,9061.435,8352.662,7646.789,6943.543,6242.654,5543.865,4846.924,4151.584,3457.606,2764.753,2072.794,1381.500,690.643,0.000
0.000,18.635,37.251,55.826,74.339,92.765,111.084,129.274,147.314,165.180,182.853,200.311,217.534,234.502,251.194,267.590,283.673,299.422,314.819,329.848,344.490,358.728,372.546,385.929,398.861,411.328,423.315,434.808,445.796,456.267,466.207,475.607,484.455,492.743,500.461,507.601,514.155,520.116,525.478,530.235,534.381,537.913,540.826,543.118,544.785,545.827,546.241,546.028,545.187,543.719,541.625,538.908,535.570,531.615,527.045,521.867,516.085,509.704,502.732,495.174,487.040,478.337,469.073,459.260,448.906,438.022,426.621,414.713,402.313,389.432,376.085,362.287,348.052,333.396,318.337,302.890,287.073,270.904,254.403,237.587,220.478,203.094,185.458,167.589,149.510,131.243,112.809,94.232,75.534,56.738,37.868,18.948,0.000,2105.630,4208.408,6305.330,8393.086,10467.878,12525.235,14559.781,16564.993,18532.934,20453.993,22316.683,24107.575,25811.481,27412.018,28892.637,30238.047,31435.726,32476.966,33357.034,34074.494,34630.098,35025.653,35263.137,35344.196,35270.056,35041.846,34661.269,34131.498,33458.068,32649.411,31716.725,30673.127,29532.449,28308.124,27012.406,25655.969,24247.815,22795.384,21304.757,19780.900,18227.905,16649.201,15047.735,13426.118,11786.744,10131.875,8463.708,6784.418,5096.187,3401.218,1701.739,0.000,921.428,1843.230,2765.772,3689.422,4614.559,5541.563,6470.826,7402.752,8337.753,9276.262,10218.724,11165.604,12117.390,13074.589,14037.739,15007.403,15984.176,16968.690,17961.613,18963.659,19975.589,20998.218,22032.421,23079.148,24139.422,25214.365,26305.205,27413.297,28540.147,29687.448,30857.110,32051.322,33272.613,34523.942,35808.828,37131.511,38497.203,39912.435,41385.597,42927.786,44554.228,46286.858,48159.506,50229.859,52612.210,55584.643,60000.000,60000.000,60000.000,60000.000,60000.000,60000.000,60000.000,55779.903,52966.598,50731.122,48802.589,47069.387,45475.065,43986.477,42582.116,41247.055,39970.424,38744.012,37561.436,36417.614,35308.416,34230.428,33180.781,32157.031,31157.069,30179.054,29221.364,28282.554,27361.327,26456.507,25567.028,24691.908,23830.243,22981.198,22143.995,21317.906,20502.252,19696.393,18899.726,18111.684,17331.727,16559.347,15794.059,15035.402,14282.939,13536.252,12794.941,12058.626,11326.943,10599.542,9876.087,9156.257,8439.741,7726.242,7015.471,6307.149,5601.005,4896.778,4194.212,3493.056,2793.065,2094.001,1395.624,697.702,0.000
0.000,17.917,35.816,53.676,71.475,89.192,106.807,124.298,141.644,158.825,175.821,192.611,209.175,225.495,241.551,257.324,272.795,287.947,302.763,317.224,331.315,345.018,358.319,371.203,383.653,395.658,407.202,418.273,428.859,438.947,448.527,457.588,466.119,474.112,481.559,488.449,494.777,500.535,505.717,510.317,514.331,517.754,520.582,522.812,524.442,525.469,525.893,525.713,524.929,523.541,521.550,518.960,515.770,511.987,507.611,502.649,497.104,490.982,484.290,477.034,469.221,460.858,451.956,442.522,432.566,422.099,411.132,399.675,387.742,375.345,362.497,349.213,335.506,321.392,306.887,292.007,276.769,261.190,245.289,229.083,212.593,195.837,178.835,161.609,144.178,126.565,108.791,90.876,72.845,54.719,36.521,18.274,0.000,2003.967,4004.559,5998.259,7981.266,9949.338,11897.631,13820.517,15711.406,17562.568,19364.983,21108.268,22780.719,24369.547,25861.354,27242.875,28501.897,29628.163,30614.000,31454.461,32147.010,32690.906,33086.529,33334.817,33436.924,33394.139,33208.071,32881.047,32416.623,31820.058,31098.556,30261.150,29318.194,28280.647,27159.362,25964.527,24705.318,23389.765,22024.754,20616.133,19168.861,17687.179,16174.767,14634.894,13070.542,11484.509,9879.489,8258.132,6623.086,4977.025,3322.655,1662.722,0.000,931.955,1864.301,2797.422,3731.705,4667.545,5605.345,6545.514,7488.478,8434.675,9384.557,10338.599,11297.292,12261.152,13230.722,14206.573,15189.304,16179.554,17177.996,18185.350,19202.379,20229.902,21268.797,22320.008,23384.558,24463.556,25558.214,26669.861,27799.966,28950.166,30122.294,31318.431,32540.954,33792.616,35076.641,36396.861,37757.900,39165.439,40626.595,42150.494,43749.155,45438.922,47242.878,49195.093,51348.202,53785.883,56633.952,60000.000,60000.000,60000.000,60000.000,60000.000,60000.000,60000.000,56806.002,54117.550,51830.744,49823.352,48013.902,46351.068,44801.585,43342.904,41959.058,40638.306,39371.742,38152.429,36974.839,35834.477,34727.629,33651.175,32602.457,31579.184,30579.357,29601.213,28643.186,27703.868,26781.989,25876.390,24986.012,24109.880,23247.089,22396.803,21558.239,20730.666,19913.398,19105.789,18307.231,17517.150,16735.002,15960.271,15192.468,14431.129,13675.811,12926.092,12181.571,11441.863,10706.601,9975.433,9248.021,8524.043,7803.186,7085.149,6369.644,5656.388,4945.110,4235.545,3527.435,2820.527,2114.573,1409.327,704.549,0.000
0.000,17.227,34.437,51.609,68.723,85.759,102.697,119.516,136.197,152.720,169.065,185.213,201.144,216.842,232.287,247.460,262.344,276.923,291.179,305.095,318.656,331.846,344.650,357.053,369.042,380.602,391.720,402.385,412.584,422.306,431.540,440.275,448.503,456.213,463.398,470.050,476.161,481.724,486.734,491.185,495.072,498.391,501.137,503.309,504.903,505.919,506.353,506.206,505.477,504.167,502.278,499.809,496.765,493.148,488.960,484.206,478.892,473.021,466.599,459.634,452.131,444.098,435.543,426.476,416.904,406.838,396.289,385.267,373.784,361.852,349.484,336.694,323.495,309.901,295.929,281.593,266.910,251.897,236.571,220.950,205.053,188.898,172.504,155.892,139.082,122.094,104.950,87.670,70.276,52.790,35.234,17.630,0.000,1905.680,3807.602,5701.881,7584.380,9450.578,11295.434,13113.250,14897.547,16640.947,18335.102,19970.686,21537.487,23024.633,24420.975,25715.613,26898.503,27961.031,28896.409,29699.802,30368.180,30899.987,31294.739,31552.679,31674.545,31661.505,31515.252,31238.225,30833.891,30306.984,29663.607,28911.126,28057.851,27112.583,26084.152,24981.020,23811.012,22581.172,21297.734,19966.159,18591.234,17177.183,15727.795,14246.533,12736.648,11201.262,9643.440,8066.244,6472.771,4866.171,3249.656,1626.495,0.000,942.116,1884.638,2827.965,3772.503,4718.661,5666.859,6617.526,7571.107,8528.058,9488.856,10453.997,11424.000,12399.407,13380.790,14368.750,15363.924,16366.985,17378.649,18399.676,19430.878,20473.124,21527.347,22594.550,23675.819,24772.334,25885.379,27016.366,28166.851,29338.563,30533.439,31753.670,33001.749,34280.552,35593.435,36944.356,38338.061,39780.318,41278.259,42840.860,44479.633,46209.621,48050.809,50029.929,52182.082,54549.237,57165.303,60000.000,60000.000,60000.000,60000.000,60000.000,60000.000,60000.000,57326.647,54866.993,52651.132,50646.390,48812.054,47113.998,45526.198,44029.190,42608.318,41252.370,39952.611,38702.105,37495.253,36327.456,35194.880,34094.285,33022.900,31978.321,30958.449,29961.424,28985.589,28029.454,27091.672,26171.013,25266.352,24376.650,23500.949,22638.357,21788.043,20949.230,20121.190,19303.238,18494.730,17695.058,16903.645,16119.948,15343.451,14573.665,13810.123,13052.383,12300.023,11552.641,10809.853,10071.292,9336.605,8605.457,7877.523,7152.492,6430.064,5709.949,4991.865,4275.540,3560.708,2847.108,2134.487,1422.594,711.180,0.000
0.000,16.564,33.112,49.624,66.080,82.462,98.749,114.923,130.965,146.855,162.574,178.105,193.430,208.529,223.386,237.984,252.305,266.332,280.050,293.443,306.495,319.191,331.518,343.460,355.004,366.138,376.848,387.123,396.950,406.320,415.222,423.645,431.581,439.019,445.954,452.376,458.279,463.656,468.501,472.809,476.575,479.795,482.465,484.582,486.143,487.148,487.593,487.479,486.805,485.572,483.780,481.431,478.528,475.072,471.066,466.515,461.423,455.795,449.635,442.950,435.747,428.032,419.814,411.099,401.898,392.219,382.072,371.469,360.419,348.935,337.029,324.713,312.002,298.909,285.447,271.634,257.484,243.013,228.238,213.177,197.848,182.268,166.456,150.431,134.214,117.824,101.282,84.608,67.823,50.948,34.005,17.015,0.000,1811.152,3618.288,5417.283,7203.797,8973.161,10720.275,12439.503,14124.586,15768.572,17363.793,18901.888,20373.910,21770.523,23082.300,24300.098,25415.471,26421.049,27310.804,28080.158,28725.922,29246.121,29639.762,29906.616,30047.073,30062.085,29953.206,29722.711,29373.733,28910.380,28337.761,27661.897,26889.500,26027.683,25083.644,24064.390,22976.537,21826.179,20618.850,19359.536,18052.732,16702.526,15312.695,13886.795,12428.256,10940.452,9426.765,7890.634,6335.582,4765.232,3183.303,1593.603,0.000,951.895,1904.208,2857.354,3811.751,4767.822,5726.003,6686.741,7650.493,8617.737,9588.970,10564.706,11545.487,12531.881,13524.486,14523.932,15530.885,16546.054,17570.187,18604.084,19648.598,20704.642,21773.194,22855.309,23952.124,25064.872,26194.897,27343.668,28512.802,29704.090,30919.525,32161.351,33432.104,34734.690,36072.462,37449.333,38869.925,40339.757,41865.494,43455.270,45119.091,46869.297,48720.958,50691.856,52801.054,55063.740,57478.042,60000.000,60000.000,60000.000,60000.000,60000.000,60000.000,60000.000,57633.669,55372.765,53260.564,51299.222,49474.157,47766.932,46160.306,44639.651,43192.987,41810.600,40484.596,39208.516,37977.016,36785.629,35630.575,34508.623,33416.980,32353.207,31315.153,30300.907,29308.758,28337.157,27384.702,26450.109,25532.199,24629.886,23742.162,22868.090,22006.797,21157.466,20319.332,19491.674,18673.814,17865.114,17064.971,16272.812,15488.098,14710.316,13938.979,13173.625,12413.813,11659.125,10909.162,10163.541,9421.899,8683.886,7949.169,7217.425,6488.345,5761.631,5036.994,4314.155,3592.840,2872.784,2153.727,1435.412,717.586,0.000
0.000,15.927,31.839,47.717,63.541,79.294,94.957,110.511,125.938,141.220,156.340,171.278,186.019,200.544,214.837,228.882,242.661,256.159,269.361,282.250,294.814,307.036,318.903,330.403,341.521,352.244,362.562,372.462,381.934,390.966,399.548,407.672,415.327,422.506,429.201,435.403,441.107,446.305,450.993,455.165,458.815,461.941,464.538,466.603,468.135,469.130,469.587,469.507,468.887,467.729,466.033,463.801,461.034,457.735,453.906,449.551,444.675,439.281,433.374,426.962,420.048,412.640,404.746,396.373,387.528,378.222,368.464,358.263,347.631,336.578,325.115,313.256,301.014,288.400,275.430,262.117,248.478,234.526,220.280,205.755,190.969,175.939,160.683,145.220,129.570,113.751,97.783,81.687,65.483,49.191,32.833,16.429,0.000,1720.639,3437.114,5145.168,6840.364,8517.995,10173.003,11799.902,13392.720,14944.963,16449.611,17899.164,19285.742,20601.250,21837.605,22987.009,24042.235,24996.890,25845.601,26584.103,27209.229,27718.815,28111.572,28386.951,28545.047,28586.555,28512.778,28325.681,28027.951,27623.040,27115.161,26509.201,25810.571,25025.006,24158.349,23216.361,22204.566,21128.157,19991.952,18800.403,17557.631,16267.494,14933.663,13559.698,12149.130,10705.524,9232.534,7733.945,6213.693,4675.871,3124.722,1564.613,0.000,961.277,1922.984,2885.546,3849.391,4814.957,5782.691,6753.051,7726.514,8703.570,9684.732,10670.535,11661.540,12658.336,13661.543,14671.819,15689.855,16716.389,17752.201,18798.124,19855.045,20923.914,22005.748,23101.641,24212.771,25340.413,26485.950,27650.891,28836.885,30045.752,31279.502,32540.379,33830.900,35153.909,36512.648,37910.839,39352.789,40843.518,42388.902,43995.831,45672.346,47427.678,49272.006,51215.594,53266.619,55426.678,57683.139,60000.000,60000.000,60000.000,60000.000,60000.000,60000.000,60000.000,57835.330,55729.944,53719.284,51815.957,50018.633,48319.512,46708.715,45176.416,43713.696,42312.782,40967.015,39670.719,38419.054,37207.869,36033.581,34893.076,33783.623,32702.812,31648.494,30618.746,29611.831,28626.172,27660.328,26712.979,25782.908,24868.988,23970.174,23085.492,22214.032,21354.943,20507.426,19670.731,18844.150,18027.017,17218.702,16418.611,15626.180,14840.875,14062.192,13289.648,12522.789,11761.179,11004.405,10252.073,9503.807,8759.247,8018.049,7279.883,6544.431,5811.388,5080.458,4351.356,3623.805,2897.532,2172.274,1447.770,723.764,0.000
0.000,15.316,30.617,45.886,61.103,76.252,91.315,106.274,121.111,135.810,150.352,164.722,178.901,192.875,206.626,220.140,233.399,246.388,259.094,271.501,283.595,295.362,306.789,317.863,328.571,338.902,348.843,358.383,367.513,376.220,384.497,392.333,399.720,406.650,413.114,419.106,424.620,429.648,434.185,438.226,441.767,444.803,447.332,449.349,450.852,451.840,452.311,452.263,451.697,450.613,449.011,446.892,444.258,441.111,437.455,433.291,428.623,423.456,417.796,411.645,405.012,397.901,390.320,382.276,373.776,364.830,355.445,345.633,335.402,324.763,313.728,302.308,290.515,278.362,265.863,253.031,239.880,226.427,212.686,198.675,184.408,169.904,155.179,140.253,125.143,109.869,94.449,78.904,63.254,47.517,31.716,15.870,0.000,1634.292,3264.361,4885.910,6494.495,8085.453,9653.840,11194.382,12701.430,14168.948,15590.523,16959.415,18268.645,19511.131,20679.862,21768.097,22769.570,23678.676,24490.606,25201.425,25808.075,26308.339,26700.761,26984.569,27159.609,27226.309,27185.671,27039.285,26789.348,26438.670,25990.643,25449.176,24818.577,24103.419,23308.386,22438.139,21497.210,20489.930,19420.399,18292.492,17109.895,15876.158,14594.765,13269.205,11903.043,10499.980,9063.903,7598.920,6109.373,4599.838,3075.102,1540.127,0.000,970.253,1940.944,2912.506,3885.377,4860.005,5836.845,6816.369,7799.063,8785.432,9776.002,10771.323,11771.974,12778.562,13791.729,14812.150,15840.544,16877.671,17924.338,18981.406,20049.792,21130.474,22224.502,23333.000,24457.174,25598.330,26757.873,27937.332,29138.369,30362.800,31612.620,32890.029,34197.467,35537.651,36913.628,38328.821,39787.101,41292.838,42850.964,44466.989,46146.951,47897.208,49723.918,51631.997,53623.224,55693.259,57827.852,60000.000,60000.000,60000.000,60000.000,60000.000,60000.000,60000.000,57977.768,55992.496,54070.807,52226.860,50465.106,48783.995,47178.881,45643.881,44172.901,42760.140,41400.302,40088.649,38820.985,37593.597,36403.202,35246.885,34122.044,33026.349,31957.699,30914.191,29894.092,28895.815,27917.906,26959.019,26017.912,25093.429,24184.496,23290.109,22409.328,21541.274,20685.119,19840.085,19005.441,18180.494,17364.593,16557.122,15757.495,14965.162,14179.598,13400.308,12626.820,11858.686,11095.480,10336.796,9582.248,8831.468,8084.101,7339.812,6598.275,5859.179,5122.223,4387.118,3653.580,2921.336,2190.118,1459.662,729.708,0.000
0.000,14.729,29.443,44.127,58.761,73.331,87.817,102.205,116.475,130.613,144.602,158.425,172.066,185.510,198.741,211.744,224.504,237.005,249.235,261.178,272.821,284.151,295.155,305.821,316.136,326.089,335.669,344.865,353.666,362.063,370.046,377.607,384.736,391.427,397.671,403.462,408.793,413.658,418.052,421.969,425.406,428.358,430.821,432.793,434.271,435.253,435.738,435.724,435.212,434.200,432.690,430.682,428.178,425.180,421.690,417.711,413.246,408.300,402.877,396.981,390.618,383.795,376.516,368.789,360.623,352.023,343.000,333.561,323.716,313.477,302.852,291.854,280.493,268.782,256.735,244.363,231.682,218.705,205.449,191.927,178.157,164.155,149.938,135.523,120.928,106.173,91.276,76.256,61.132,45.925,30.653,15.339,0.000,1552.167,3100.128,4639.618,6166.254,7675.480,9162.524,10622.356,12049.670,13438.876,14784.118,16079.327,17318.291,18494.767,19602.616,20635.948,21589.273,22457.637,23236.724,23922.915,24513.309,25005.706,25398.565,25690.955,25882.511,25973.401,25964.312,25856.440,25651.488,25351.648,24959.566,24478.281,23911.143,23261.708,22533.636,21730.600,20856.206,19913.955,18907.222,17839.273,16713.299,15532.478,14300.034,13019.315,11693.858,10327.450,8924.179,7488.459,6025.042,4539.006,3035.720,1520.792,0.000,978.812,1958.068,2938.207,3919.673,4902.919,5888.410,6876.624,7868.058,8863.225,9862.664,10866.939,11876.640,12892.391,13914.849,14944.710,15982.709,17029.630,18086.300,19153.604,20232.482,21323.936,22429.038,23548.936,24684.856,25838.119,27010.142,28202.458,29416.719,30654.719,31918.405,33209.903,34531.534,35885.843,37275.623,38703.942,40174.168,41689.971,43255.314,44874.380,46551.416,48290.420,50094.576,51965.342,53901.085,55895.323,57935.022,60000.000,60000.000,60000.000,60000.000,60000.000,60000.000,60000.000,58083.301,56191.557,54344.714,52555.726,50831.125,49172.695,47579.174,46047.593,44574.175,43154.883,41785.729,40462.936,39182.999,37942.706,36739.132,35569.613,34431.725,33323.256,32242.184,31186.654,30154.960,29145.527,28156.896,27187.716,26236.727,25302.755,24384.705,23481.548,22592.322,21716.123,20852.102,19999.455,19157.429,18325.312,17502.432,16688.151,15881.870,15083.019,14291.059,13505.480,12725.796,11951.549,11182.300,10417.635,9657.158,8900.493,8147.278,7397.171,6649.842,5904.975,5162.265,4421.418,3682.150,2944.184,2207.248,1471.080,735.416,0.000
0.000,14.165,28.316,42.438,56.513,70.525,84.459,98.297,112.024,125.624,139.080,152.379,165.504,178.439,191.170,203.683,215.963,227.996,239.768,251.266,262.477,273.387,283.986,294.260,304.197,313.788,323.021,331.886,340.373,348.471,356.173,363.470,370.354,376.816,382.849,388.448,393.604,398.314,402.571,406.371,409.708,412.580,414.983,416.913,418.368,419.346,419.846,419.867,419.407,418.467,417.047,415.148,412.771,409.917,406.589,402.790,398.523,393.791,388.597,382.948,376.848,370.302,363.315,355.896,348.050,339.785,331.109,322.031,312.559,302.703,292.474,281.880,270.935,259.649,248.034,236.104,223.872,211.352,198.558,185.505,172.209,158.686,144.952,131.025,116.922,102.661,88.261,73.739,59.117,44.412,29.644,14.834,0.000,1474.248,2944.367,4406.181,5855.422,7287.690,8698.418,10082.848,11436.019,12752.767,14027.748,15255.484,16430.424,17547.031,18599.887,19583.805,20493.937,21325.877,22075.738,22740.202,23316.540,23802.611,24196.838,24498.176,24706.079,24820.473,24841.736,24770.676,24608.517,24356.869,24017.691,23593.241,23086.006,22498.633,21833.852,21094.418,20283.060,19402.462,18455.262,17444.077,16371.552,15240.420,14053.579,12814.163,11525.622,10191.784,8816.905,7405.696,5963.331,4495.424,3007.980,1507.323,0.000,986.950,1974.346,2962.630,3952.251,4943.665,5937.341,6933.764,7933.434,8936.876,9944.633,10957.280,11975.420,12999.686,14030.751,15069.324,16116.158,17172.050,18237.849,19314.456,20402.828,21503.988,22619.023,23749.096,24895.445,26059.398,27242.373,28445.892,29671.584,30921.201,32196.627,33499.887,34833.161,36198.794,37599.300,39037.370,40515.859,42037.754,43606.116,45223.961,46894.058,48618.603,50398.728,52233.796,54120.511,56051.962,58016.927,60000.000,60000.000,60000.000,60000.000,60000.000,60000.000,60000.000,58163.931,56345.803,54560.885,52820.351,51131.152,49496.691,47917.757,46393.397,44921.599,43499.782,42125.111,40794.698,39505.714,38255.458,37041.381,35861.096,34712.381,33593.169,32501.536,31435.697,30393.988,29374.859,28376.863,27398.648,26438.951,25496.586,24570.442,23659.475,22762.705,21879.207,21008.112,20148.600,19299.897,18461.273,17632.039,16811.540,15999.162,15194.320,14396.462,13605.065,12819.631,12039.692,11264.801,10494.535,9728.489,8966.281,8207.545,7451.932,6699.110,5948.758,5200.569,4454.247,3709.506,2966.068,2223.661,1482.022,740.887,0.000
0.000,13.623,27.234,40.816,54.354,67.832,81.235,94.546,107.750,120.833,133.780,146.574,159.202,171.649,183.901,195.944,207.764,219.347,230.680,241.750,252.546,263.054,273.263,283.161,292.737,301.980,310.881,319.429,327.613,335.426,342.859,349.903,356.550,362.794,368.626,374.040,379.031,383.592,387.719,391.407,394.651,397.448,399.793,401.685,403.120,404.096,404.613,404.668,404.261,403.392,402.060,400.268,398.014,395.302,392.133,388.508,384.432,379.907,374.938,369.527,363.681,357.403,350.700,343.578,336.042,328.100,319.760,311.029,301.916,292.430,282.580,272.376,261.829,250.950,239.751,228.244,216.442,204.358,192.007,179.401,166.558,153.491,140.218,126.755,113.119,99.328,85.400,71.353,57.205,42.977,28.687,14.355,0.000,1400.459,2796.912,4185.318,5561.564,6921.440,8260.610,9574.601,10858.792,12108.424,13318.624,14484.438,15600.889,16663.045,17666.097,18605.449,19476.794,20276.197,21000.150,21645.614,22210.037,22691.360,23088.001,23398.832,23623.155,23760.677,23811.482,23776.012,23655.036,23449.619,23161.089,22790.985,22341.008,21812.966,21208.722,20530.160,19779.154,18957.572,18067.286,17110.221,16088.411,15004.073,13859.698,12658.136,11402.684,10097.160,8745.959,7354.088,5927.162,4471.380,2993.454,1500.518,0.000,994.662,1989.770,2985.765,3983.097,4982.224,5983.614,6987.756,7995.154,9006.335,10021.850,11042.279,12068.232,13100.354,14139.325,15185.868,16240.746,17304.771,18378.804,19463.761,20560.614,21670.396,22794.207,23933.218,25088.673,26261.899,27454.306,28667.395,29902.765,31162.115,32447.251,33760.090,35102.658,36477.090,37885.625,39330.583,40814.335,42339.249,43907.602,45521.443,47182.386,48891.325,50648.035,52450.679,54295.258,56175.120,58080.734,60000.000,60000.000,60000.000,60000.000,60000.000,60000.000,60000.000,58226.669,56466.918,54732.784,53033.782,51376.608,49765.355,48201.986,46686.880,45219.307,43797.820,42420.539,41085.349,39790.038,38532.382,37310.199,36121.382,34963.918,33835.892,32735.494,31661.016,30610.847,29583.471,28577.463,27591.480,26624.259,25674.612,24741.416,23823.618,22920.222,22030.289,21152.936,20287.325,19432.668,18588.218,17753.272,16927.162,16109.259,15298.966,14495.721,13698.987,12908.261,12123.063,11342.938,10567.457,9796.210,9028.808,8264.882,7504.080,6746.067,5990.518,5237.128,4485.599,3735.644,2986.987,2239.355,1492.487,746.120,0.000
0.000,13.104,26.196,39.260,52.282,65.247,78.139,90.944,103.648,116.235,128.691,141.002,153.154,165.132,176.924,188.515,199.892,211.044,221.956,232.617,243.014,253.135,262.971,272.508,281.737,290.648,299.229,307.473,315.369,322.908,330.083,336.885,343.306,349.340,354.980,360.219,365.052,369.472,373.475,377.057,380.212,382.938,385.230,387.086,388.504,389.480,390.014,390.105,389.751,388.952,387.708,386.020,383.887,381.313,378.298,374.844,370.954,366.631,361.879,356.700,351.100,345.083,338.653,331.818,324.582,316.952,308.936,300.540,291.772,282.642,273.158,263.328,253.165,242.677,231.876,220.774,209.384,197.717,185.787,173.609,161.197,148.565,135.730,122.709,109.517,96.171,82.691,69.093,55.396,41.620,27.782,13.902,0.000,1330.676,2657.505,3976.614,5284.076,6575.895,7847.983,9096.154,10316.123,11503.515,12653.886,13762.755,14825.650,15838.162,16796.009,17695.099,18531.594,19301.968,20003.052,20632.066,21186.634,21664.792,22064.974,22385.996,22627.034,22787.597,22867.505,22866.855,22785.994,22625.483,22386.061,22068.603,21674.076,21203.500,20657.911,20038.345,19345.826,18581.384,17746.089,16841.111,15867.797,14827.764,13723.005,12556.000,11329.819,10048.212,8715.685,7337.534,5919.850,4469.479,2993.939,1501.296,0.000,1001.948,2004.339,3007.611,4012.210,5018.591,6027.223,7038.591,8053.202,9071.583,10094.287,11121.898,12155.032,13194.337,14240.504,15294.260,16356.380,17427.684,18509.044,19601.385,20705.689,21822.998,22954.420,24101.127,25264.366,26445.455,27645.792,28866.854,30110.200,31377.475,32670.402,33990.787,35340.506,36721.496,38135.730,39585.194,41071.831,42597.476,44163.759,45771.964,47422.846,49116.386,50851.499,52625.700,54434.776,56272.557,58130.900,60000.000,60000.000,60000.000,60000.000,60000.000,60000.000,60000.000,58275.872,56562.494,54869.655,53205.518,51576.305,49986.319,48438.164,46933.062,45471.183,44051.927,42674.168,41336.431,40037.032,38774.171,37546.002,36350.680,35186.390,34051.370,32943.923,31862.421,30805.312,29771.121,28758.445,27765.959,26792.404,25836.592,24897.399,23973.761,23064.674,22169.188,21286.405,20415.478,19555.604,18706.025,17866.024,17034.922,16212.080,15396.890,14588.778,13787.201,12991.648,12201.630,11416.687,10636.385,9860.309,9088.067,8319.287,7553.615,6790.714,6030.261,5271.948,4515.479,3760.570,3006.944,2254.334,1502.477,751.117,0.000
0.000,12.605,25.198,37.766,50.293,62.765,75.168,87.488,99.710,111.821,123.807,135.653,147.348,158.876,170.226,181.384,192.338,203.075,213.583,223.850,233.865,243.617,253.093,262.285,271.182,279.773,288.049,296.001,303.620,310.897,317.825,324.396,330.602,336.436,341.891,346.963,351.645,355.931,359.817,363.298,366.370,369.029,371.272,373.096,374.499,375.477,376.030,376.157,375.856,375.126,373.969,372.383,370.370,367.930,365.066,361.778,358.070,353.944,349.402,344.449,339.087,333.322,327.158,320.601,313.655,306.327,298.623,290.551,282.116,273.329,264.196,254.727,244.931,234.819,224.400,213.686,202.689,191.420,179.894,168.123,156.121,143.903,131.485,118.882,106.111,93.188,80.132,66.959,53.688,40.338,26.927,13.475,0.000,1264.741,2525.819,3779.556,5022.233,6250.081,7459.272,8645.909,9806.032,10935.628,12030.650,13087.046,14100.793,15067.945,15984.679,16847.345,17652.516,18397.030,19078.025,19692.963,20239.642,20716.201,21121.108,21453.145,21711.387,21895.174,22004.087,22037.910,21996.602,21880.258,21689.070,21423.291,21083.194,20669.046,20181.078,19619.483,18984.421,18276.049,17494.575,16640.338,15713.903,14716.180,13648.559,12513.041,11312.378,10050.186,8731.036,7360.514,5945.225,4492.747,3011.528,1510.725,0.000,1008.813,2018.061,3028.176,4039.599,5052.778,6068.179,7086.281,8107.588,9132.626,10161.948,11196.137,12235.811,13281.622,14334.263,15394.468,16463.017,17540.737,18628.505,19727.255,20837.973,21961.708,23099.569,24252.730,25422.434,26609.991,27816.782,29044.256,30293.935,31567.406,32866.316,34192.366,35547.295,36932.858,38350.801,39802.818,41290.493,42815.229,44378.144,45979.945,47620.767,49299.977,51015.964,52765.915,54545.637,56349.462,58170.318,60000.000,60000.000,60000.000,60000.000,60000.000,60000.000,60000.000,58314.371,56637.604,54977.927,53342.456,51736.928,50165.630,48631.489,47136.248,45680.681,44264.803,42888.057,41549.476,40247.803,38981.597,37749.301,36549.298,35379.955,34239.649,33126.786,32039.819,30977.251,29937.649,28919.637,27921.906,26943.207,25982.355,25038.224,24109.749,23195.916,22295.769,21408.401,20532.953,19668.613,18814.613,17970.226,17134.765,16307.579,15488.053,14675.605,13869.687,13069.778,12275.387,11486.049,10701.323,9920.795,9144.069,8370.773,7600.551,6833.067,6068.000,5305.042,4543.902,3784.296,3025.951,2268.605,1511.999,755.880,0.000
0.000,12.126,24.241,36.332,48.384,60.383,72.317,84.170,95.931,107.584,119.119,130.520,141.776,152.873,163.799,174.541,185.088,195.427,205.548,215.438,225.087,234.483,243.616,252.476,261.054,269.339,277.322,284.996,292.349,299.376,306.068,312.417,318.417,324.060,329.341,334.253,338.791,342.949,346.724,350.111,353.104,355.701,357.899,359.694,361.084,362.066,362.640,362.804,362.555,361.895,360.823,359.338,357.442,355.135,352.417,349.292,345.761,341.826,337.489,332.755,327.626,322.106,316.199,309.911,303.246,296.210,288.808,281.048,272.935,264.478,255.684,246.561,237.119,227.366,217.313,206.971,196.350,185.462,174.320,162.937,151.326,139.502,127.479,115.273,102.900,90.377,77.720,64.948,52.079,39.130,26.122,13.072,0.000,1202.467,2401.476,3593.558,4775.217,5942.926,7093.116,8222.178,9326.468,10402.315,11446.041,12453.985,13422.531,14348.147,15227.417,16057.087,16834.096,17555.612,18219.056,18822.118,19362.771,19839.263,20250.113,20594.090,20870.194,21077.626,21215.758,21284.096,21282.247,21209.877,21066.671,20852.295,20566.364,20208.411,19777.873,19274.089,18696.326,18043.815,17315.826,16511.764,15631.296,14674.495,13642.008,12535.228,11356.468,10109.116,8797.758,7428.260,6007.789,4544.757,3048.701,1530.078,0.000,1015.261,2030.947,3047.479,4065.289,5084.815,6106.514,7130.861,8158.349,9189.502,10224.869,11265.030,12310.601,13362.235,14420.625,15486.509,16560.667,17643.931,18737.183,19841.358,20957.448,22086.503,23229.633,24388.011,25562.872,26755.517,27967.310,29199.675,30454.098,31732.114,33035.303,34365.275,35723.651,37112.036,38531.986,39984.961,41472.262,42994.958,44553.785,46149.035,47780.413,49446.891,51146.545,52876.423,54632.441,56409.366,58200.917,60000.000,60000.000,60000.000,60000.000,60000.000,60000.000,60000.000,58344.048,56695.695,55062.088,53449.574,51863.469,50307.957,48786.110,47299.977,45850.729,44438.803,43064.057,41725.903,40423.415,39155.435,37920.640,36717.602,35544.840,34400.848,33284.126,32193.194,31126.610,30082.974,29060.939,28059.211,27076.555,26111.788,25163.787,24231.482,23313.858,22409.952,21518.850,20639.688,19771.644,18913.941,18065.848,17226.667,16395.741,15572.450,14756.205,13946.452,13142.667,12344.354,11551.044,10762.298,9977.696,9196.844,8419.369,7644.918,6873.156,6103.763,5336.438,4570.890,3806.841,3044.024,2282.182,1521.060,760.414,0.000
0.000,11.667,23.323,34.956,46.552,58.097,69.580,80.986,92.304,103.519,114.620,125.594,136.429,147.112,157.631,167.975,178.131,188.090,197.839,207.367,216.664,225.719,234.524,243.066,251.338,259.330,267.034,274.439,281.540,288.326,294.792,300.930,306.733,312.194,317.308,322.068,326.470,330.508,334.177,337.474,340.394,342.933,345.089,346.858,348.238,349.227,349.823,350.024,349.830,349.239,348.251,346.866,345.085,342.907,340.334,337.368,334.010,330.261,326.125,321.603,316.700,311.418,305.762,299.734,293.342,286.588,279.479,272.020,264.217,256.079,247.611,238.822,229.719,220.312,210.610,200.623,190.362,179.837,169.062,158.048,146.808,135.357,123.708,111.878,99.881,87.734,75.455,63.060,50.568,37.998,25.367,12.694,0.000,1143.650,2284.060,3417.982,4542.153,5653.290,6748.088,7823.220,8875.347,9901.123,10897.215,11860.322,12787.201,13674.694,14519.756,15319.490,16071.170,16772.267,17420.467,18013.684,18550.061,19027.968,19445.991,19802.909,20097.674,20329.379,20497.222,20600.469,20638.414,20610.333,20515.441,20352.856,20121.557,19820.362,19447.912,19002.676,18482.980,17887.060,17213.149,16459.597,15625.023,14708.497,13709.750,12629.395,11469.151,10232.052,8922.619,7546.981,6112.914,4629.792,3108.441,1560.884,0.000,1021.304,2043.018,3065.551,4089.318,5114.748,6142.284,7172.389,8205.550,9242.280,10283.121,11328.648,12379.473,13436.246,14499.658,15570.446,16649.390,17737.324,18835.131,19943.746,21064.163,22197.431,23344.661,24507.021,25685.741,26882.111,28097.481,29333.253,30590.881,31871.859,33177.714,34509.982,35870.193,37259.837,38680.327,40132.949,41618.798,43138.705,44693.143,46282.121,47905.072,49560.722,51246.982,52960.855,54698.383,56454.672,58223.995,60000.000,60000.000,60000.000,60000.000,60000.000,60000.000,60000.000,58366.166,56739.106,55125.249,53530.403,51959.560,50416.787,48905.204,47427.033,45983.684,44575.872,43203.734,41866.945,40564.819,39296.402,38060.546,36855.967,35681.300,34535.134,33416.039,32322.592,31253.394,30207.077,29182.315,28177.831,27192.398,26224.840,25274.035,24338.914,23418.460,22511.704,21617.730,20735.666,19864.687,19004.010,18152.895,17310.642,16476.589,15650.109,14830.610,14017.535,13210.355,12408.574,11611.722,10819.356,10031.061,9246.441,8465.126,7686.764,6911.025,6137.594,5366.172,4596.476,3828.235,3061.187,2295.081,1529.674,764.725,0.000
0.000,11.226,22.442,33.636,44.794,55.904,66.954,77.932,88.824,99.619,110.304,120.868,131.299,141.585,151.714,161.675,171.458,181.051,190.443,199.624,208.584,217.314,225.802,234.041,242.020,249.731,257.166,264.316,271.174,277.731,283.981,289.917,295.532,300.820,305.775,310.391,314.663,318.586,322.156,325.369,328.220,330.706,332.824,334.570,335.943,336.940,337.560,337.800,337.659,337.137,336.233,334.947,333.279,331.229,328.798,325.988,322.798,319.232,315.291,310.977,306.294,301.244,295.830,290.057,283.928,277.448,270.622,263.455,255.952,248.121,239.968,231.499,222.723,213.648,204.282,194.636,184.719,174.541,164.115,153.451,142.564,131.466,120.172,108.695,97.053,85.261,73.335,61.295,49.156,36.939,24.661,12.342,0.000,1088.074,2173.133,3252.158,4322.124,5379.994,6422.725,7447.268,8450.576,9429.614,10381.373,11302.888,12191.258,13043.671,13857.424,14629.948,15358.827,16041.818,16676.862,17262.089,17795.821,18276.558,18702.973,19073.880,19388.214,19644.993,19843.282,19982.146,20060.608,20077.599,20031.906,19922.131,19746.647,19503.569,19190.738,18805.724,18345.859,17808.296,17190.113,16488.452,15700.701,14824.720,13859.101,12803.452,11658.690,10427.322,9113.687,7724.132,6267.093,4753.057,3194.388,1605.017,0.000,1026.955,2054.302,3082.431,4111.740,5142.642,6175.563,7210.953,8249.285,9291.059,10336.809,11387.102,12442.540,13503.769,14571.476,15646.393,16729.300,17821.028,18922.457,20034.526,21158.224,22294.601,23444.764,24609.879,25791.169,26989.918,28207.460,29445.184,30704.520,31986.934,33293.911,34626.942,35987.492,37376.976,38796.712,40247.875,41731.432,43248.066,44798.092,46381.357,47997.136,49644.033,51319.882,53021.690,54745.607,56486.968,58240.398,60000.000,60000.000,60000.000,60000.000,60000.000,60000.000,60000.000,58381.550,56769.382,55169.488,53587.342,52027.720,50494.588,48991.072,47519.471,46081.326,44677.510,43308.323,41973.601,40672.806,39405.115,38169.492,36964.750,35789.601,34642.696,33522.659,32428.106,31357.666,30309.997,29283.790,28277.779,27290.744,26321.517,25368.977,24432.056,23509.734,22601.043,21705.062,20820.917,19947.777,19084.857,18231.414,17386.743,16550.177,15721.089,14898.884,14083.001,13272.912,12468.119,11668.153,10872.572,10080.961,9292.929,8508.108,7726.152,6946.734,6169.545,5394.295,4620.706,3848.515,3077.469,2307.328,1537.854,768.820,0.000
0.000,10.803,21.597,32.369,43.107,53.800,64.435,75.001,85.485,95.877,106.164,116.334,126.378,136.283,146.038,155.632,165.056,174.299,183.349,192.198,200.835,209.251,217.438,225.385,233.084,240.527,247.704,254.610,261.236,267.574,273.618,279.361,284.797,289.920,294.723,299.202,303.352,307.167,310.643,313.776,316.564,319.000,321.084,322.811,324.179,325.187,325.831,326.111,326.025,325.573,324.752,323.564,322.008,320.084,317.793,315.135,312.111,308.723,304.973,300.862,296.393,291.569,286.391,280.865,274.992,268.778,262.226,255.342,248.130,240.595,232.746,224.586,216.125,207.368,198.325,189.005,179.416,169.569,159.475,149.145,138.591,127.828,116.867,105.724,94.415,82.955,71.361,59.651,47.843,35.954,24.005,12.014,0.000,1035.512,2068.239,3095.394,4114.189,5121.836,6115.550,7092.552,8050.076,8985.385,9895.775,10778.598,11631.273,12451.309,13236.322,13984.050,14692.372,15359.317,15983.074,16561.991,17094.574,17579.472,18015.463,18401.425,18736.309,19019.099,19248.766,19424.224,19544.274,19607.548,19612.453,19557.115,19439.331,19256.530,19005.747,18683.623,18286.434,17810.151,17250.556,16603.397,15864.609,15030.581,14098.482,13066.622,11934.836,10704.860,9380.676,7968.768,6478.270,4920.954,3311.037,1664.796,0.000,1032.232,2064.834,3098.173,4132.625,5168.582,6206.451,7246.663,8289.676,9335.974,10386.076,11440.539,12499.956,13564.963,14636.241,15714.515,16800.561,17895.207,18999.330,20113.865,21239.801,22378.183,23530.117,24696.765,25879.346,27079.136,28297.464,29535.708,30795.285,32077.644,33384.252,34716.573,36076.043,37464.039,38881.840,40330.569,41811.140,43324.176,44869.931,46448.193,48058.187,49698.479,51366.898,53060.474,54775.429,56507.219,58250.639,60000.000,60000.000,60000.000,60000.000,60000.000,60000.000,60000.000,58390.690,56787.446,55196.067,53621.871,52069.524,50542.933,49045.203,47578.651,46144.860,44744.755,43378.703,42046.601,40747.975,39482.060,38247.869,37044.263,35869.990,34723.734,33604.145,32509.861,31439.530,30391.821,29365.437,28359.119,27371.655,26401.878,25448.671,24510.965,23587.743,22678.034,21780.915,20895.512,20020.991,19156.566,18301.490,17455.057,16616.599,15785.486,14961.123,14142.949,13330.436,12523.087,11720.435,10922.040,10127.490,9336.399,8548.403,7763.163,6980.358,6199.688,5420.868,4643.633,3867.727,3092.910,2318.949,1545.622,772.710,0.000
0.000,10.398,20.786,31.154,41.489,51.782,62.019,72.190,82.283,92.287,102.192,111.986,121.657,131.197,140.593,149.837,158.916,167.823,176.546,185.076,193.404,201.520,209.417,217.085,224.516,231.701,238.634,245.306,251.710,257.839,263.686,269.246,274.511,279.476,284.136,288.484,292.518,296.231,299.619,302.679,305.406,307.798,309.851,311.562,312.928,313.948,314.620,314.941,314.910,314.527,313.790,312.699,311.254,309.454,307.300,304.792,301.931,298.718,295.155,291.242,286.983,282.379,277.432,272.146,266.523,260.567,254.282,247.671,240.740,233.493,225.936,218.075,209.917,201.466,192.733,183.724,174.450,164.918,155.140,145.126,134.888,124.440,113.794,102.964,91.967,80.817,69.533,58.130,46.627,35.044,23.398,11.710,0.000,985.736,1968.917,2946.989,3917.402,4877.613,5825.088,6757.312,7671.793,8566.074,9437.745,10284.455,11103.926,11893.971,12652.504,13377.559,14067.293,14720.004,15334.125,15908.228,16441.012,16931.294,17377.981,17780.048,18136.499,18446.326,18708.459,18921.711,19084.716,19195.867,19253.243,19254.544,19197.032,19077.472,18892.096,18636.589,18306.103,17895.320,17398.562,16809.972,16123.757,15334.513,14437.625,13429.719,12309.170,11076.607,9735.389,8291.995,6756.266,5141.453,3464.011,1743.130,0.000,1037.159,2074.660,3112.843,4152.059,5192.674,6235.072,7279.662,8326.879,9377.191,10431.102,11489.151,12551.920,13620.033,14694.162,15775.026,16863.393,17960.084,19065.973,20181.990,21309.121,22448.409,23600.954,24767.917,25950.514,27150.018,28367.755,29605.099,30863.465,32144.301,33449.072,34779.241,36136.248,37521.473,38936.205,40381.580,41858.530,43367.704,44909.389,46483.410,48089.038,49724.886,51388.828,53077.934,54788.457,56515.864,58254.948,60000.000,60000.000,60000.000,60000.000,60000.000,60000.000,60000.000,58393.800,56793.707,55205.549,53634.660,52085.705,50562.570,49068.331,47605.268,46174.922,44778.182,43415.381,42086.391,40790.715,39527.573,38295.970,37094.759,35922.688,34778.441,33660.669,32568.014,31499.127,30452.680,29427.380,28421.972,27435.245,26466.036,25513.228,24575.755,23652.599,22742.789,21845.405,20959.569,20084.449,19219.257,18363.246,17515.710,16675.980,15843.427,15017.457,14197.509,13383.057,12573.607,11768.693,10967.882,10170.766,9376.964,8586.119,7797.899,7011.992,6228.106,5445.969,4665.324,3885.929,3107.554,2329.981,1552.999,776.405,0.000
0.000,10.008,20.008,29.988,39.938,49.846,59.701,69.494,79.212,88.845,98.383,107.814,117.130,126.319,135.372,144.278,153.028,161.613,170.022,178.246,186.278,194.108,201.728,209.128,216.302,223.242,229.940,236.388,242.581,248.510,254.170,259.554,264.657,269.472,273.995,278.221,282.145,285.762,289.067,292.058,294.731,297.081,299.107,300.805,302.172,303.207,303.907,304.271,304.296,303.983,303.330,302.336,301.000,299.323,297.304,294.944,292.243,289.202,285.822,282.104,278.050,273.661,268.940,263.888,258.508,252.804,246.778,240.433,233.775,226.807,219.533,211.960,204.093,195.937,187.501,178.791,169.816,160.585,151.107,141.393,131.455,121.303,110.952,100.416,89.709,78.849,67.850,56.732,45.511,34.208,22.842,11.432,0.000,938.515,1874.704,2806.244,3730.818,4646.125,5549.877,6439.815,7313.709,8169.374,9004.677,9817.551,10606.007,11368.144,12102.166,12806.387,13479.239,14119.281,14725.195,15295.783,15829.954,16326.710,16785.119,17204.287,17583.313,17921.247,18217.033,18469.444,18677.014,18837.962,18950.106,19010.787,19016.781,18964.230,18848.578,18664.534,18406.070,18066.462,17638.401,17114.172,16485.933,15746.091,14887.784,13905.459,12795.518,11557.008,10192.278,8707.556,7113.347,5424.580,3660.423,1843.712,0.000,1041.762,2083.832,3126.521,4170.148,5215.047,6261.577,7310.118,8361.083,9414.918,10472.105,11533.168,12598.673,13669.231,14745.501,15828.193,16918.067,18015.935,19122.667,20239.186,21366.473,22505.568,23657.568,24823.631,26004.973,27202.865,28418.636,29653.664,30909.371,32187.216,33488.681,34815.255,36168.409,37549.573,38960.089,40401.170,41873.839,43378.856,44916.632,46487.132,48089.766,49723.283,51385.662,53074.033,54784.639,56512.855,58253.296,60000.000,60000.000,60000.000,60000.000,60000.000,60000.000,60000.000,58390.841,56788.092,55197.846,53625.624,52076.194,50553.463,49060.457,47599.359,46171.588,44777.900,43418.495,42093.127,40801.196,39541.835,38313.979,37116.427,35947.884,34807.004,33692.415,32602.744,31536.632,30492.746,29469.789,28466.503,27481.679,26514.153,25562.810,24626.585,23704.462,22795.472,21898.693,21013.251,20138.314,19273.095,18416.847,17568.867,16728.486,15895.078,15068.048,14246.841,13430.932,12619.832,11813.080,11010.246,10210.931,9414.759,8621.383,7830.479,7041.745,6254.902,5469.688,4685.859,3903.186,3121.456,2340.464,1560.015,779.921,0.000
0.000,9.635,19.262,28.871,38.450,47.989,57.479,66.908,76.266,85.543,94.729,103.814,112.789,121.642,130.365,138.949,147.383,155.658,163.767,171.699,179.447,187.002,194.356,201.501,208.430,215.135,221.608,227.843,233.833,239.572,245.053,250.271,255.219,259.893,264.286,268.395,272.216,275.742,278.971,281.898,284.519,286.833,288.835,290.523,291.894,292.945,293.676,294.084,294.167,293.924,293.354,292.456,291.230,289.674,287.790,285.576,283.032,280.161,276.961,273.434,269.581,265.403,260.902,256.080,250.937,245.478,239.704,233.619,227.225,220.527,213.529,206.234,198.648,190.777,182.626,174.203,165.515,156.570,147.377,137.947,128.290,118.418,108.344,98.081,87.644,77.051,66.315,55.458,44.496,33.448,22.336,11.180,0.000,893.621,1785.141,2672.463,3553.503,4426.191,5288.482,6138.362,6973.854,7793.035,8594.038,9375.066,10134.406,10870.434,11581.630,12266.583,12923.995,13552.686,14151.592,14719.755,15256.311,15760.472,16231.500,16668.667,17071.219,17438.318,17768.982,18062.018,18315.935,18528.859,18698.433,18821.716,18895.076,18914.090,18873.452,18766.900,18587.180,18326.059,17974.408,17522.383,16959.713,16276.134,15461.963,14508.814,13410.436,12163.628,10769.159,9232.604,7564.985,5783.098,3909.390,1971.296,0.000,1046.072,2092.416,3139.303,4187.015,5235.853,6286.143,7338.235,8392.513,9449.397,10509.348,11572.868,12640.506,13712.858,14790.568,15874.335,16964.908,18063.093,19169.748,20285.793,21412.201,22550.009,23700.310,24864.261,26043.075,27238.029,28450.455,29681.742,30933.329,32206.699,33503.366,34824.867,36172.737,37548.487,38953.567,40389.324,41856.944,43357.382,44891.273,46458.827,48059.709,49692.902,51356.572,53047.951,54763.248,56497.646,58245.390,60000.000,60000.000,60000.000,60000.000,60000.000,60000.000,60000.000,58381.508,56770.036,55172.201,53593.903,52040.112,50514.779,49020.844,47560.313,46134.380,44743.558,43387.813,42066.683,40779.379,39524.876,38301.982,37109.392,35945.734,34809.600,33699.576,32614.255,31552.257,30512.233,29492.877,28492.927,27511.170,26546.441,25597.628,24663.667,23743.542,22836.288,21940.986,21056.763,20182.790,19318.283,18462.497,17614.730,16774.318,15940.636,15113.094,14291.139,13474.253,12661.949,11853.775,11049.307,10248.152,9449.944,8654.346,7861.044,7069.749,6280.193,5492.129,4705.329,3919.578,3134.679,2350.446,1566.700,783.273,0.000
0.000,9.277,18.547,27.799,37.023,46.209,55.347,64.428,73.441,82.377,91.226,99.979,108.626,117.158,125.565,133.839,141.970,149.950,157.770,165.423,172.899,180.191,187.292,194.192,200.886,207.366,213.625,219.657,225.453,231.011,236.321,241.380,246.182,250.721,254.992,258.991,262.714,266.155,269.312,272.180,274.756,277.036,279.018,280.699,282.076,283.147,283.910,284.364,284.505,284.333,283.847,283.046,281.928,280.493,278.741,276.672,274.285,271.580,268.557,265.218,261.563,257.593,253.307,248.710,243.800,238.580,233.053,227.220,221.085,214.649,207.917,200.892,193.578,185.981,178.105,169.957,161.543,152.872,143.950,134.788,125.397,115.786,105.970,95.960,85.774,75.425,64.931,54.310,43.582,32.766,21.883,10.953,0.000,850.828,1699.775,2544.966,3384.540,4216.655,5039.499,5851.295,6650.312,7434.875,8203.373,8954.270,9686.116,10397.556,11087.338,11754.320,12397.471,13015.877,13608.732,14175.333,14715.062,15227.369,15711.741,16167.664,16594.579,16991.822,17358.561,17693.711,17995.850,18263.107,18493.052,18682.567,18827.716,18923.603,18964.241,18942.435,18849.692,18676.185,18410.790,18041.237,17554.401,16936.770,16175.121,15257.398,14173.783,12917.909,11488.127,9888.716,8130.892,6233.436,4222.742,2132.081,0.000,1050.130,2100.486,3151.298,4202.806,5255.272,6308.980,7364.249,8421.430,9480.914,10543.135,11608.574,12677.758,13751.265,14829.727,15913.826,17004.301,18101.947,19207.614,20322.213,21446.713,22582.142,23729.592,24890.216,26065.230,27255.913,28463.605,29689.712,30935.694,32203.069,33493.400,34808.288,36149.358,37518.237,38916.526,40345.764,41807.371,43302.584,44832.369,46397.303,47997.435,49632.123,51299.843,52998.004,54722.796,56469.115,58230.623,60000.000,60000.000,60000.000,60000.000,60000.000,60000.000,60000.000,58365.189,56738.402,55127.102,53537.778,51975.698,50444.846,48947.994,47486.856,46062.266,44674.363,43322.757,42006.666,40725.028,39476.590,38259.974,37073.730,35916.372,34786.409,33682.362,32602.779,31546.247,30511.396,29496.906,28501.507,27523.982,26563.166,25617.945,24687.259,23770.097,22865.495,21972.538,21090.357,20218.128,19355.068,18500.439,17653.540,16813.713,15980.336,15152.825,14330.631,13513.241,12700.176,11890.989,11085.266,10282.623,9482.703,8685.181,7889.756,7096.152,6304.115,5513.415,4723.839,3935.192,3147.295,2359.981,1573.092,786.479,0.000
0.000,8.934,17.861,26.771,35.654,44.502,53.304,62.051,70.733,79.342,87.868,96.302,104.635,112.858,120.963,128.940,136.781,144.478,152.023,159.408,166.624,173.665,180.522,187.189,193.658,199.923,205.978,211.815,217.428,222.812,227.960,232.868,237.531,241.942,246.097,249.993,253.624,256.986,260.076,262.889,265.423,267.674,269.640,271.317,272.703,273.796,274.593,275.093,275.295,275.195,274.793,274.088,273.079,271.765,270.145,268.218,265.985,263.445,260.598,257.445,253.984,250.217,246.145,241.767,237.086,232.101,226.815,221.229,215.345,209.166,202.693,195.930,188.880,181.548,173.936,166.053,157.901,149.490,140.826,131.918,122.776,113.410,103.833,94.059,84.101,73.976,63.700,53.293,42.774,32.163,21.482,10.754,0.000,809.917,1618.166,2423.087,3223.036,4016.391,4801.564,5577.007,6341.225,7092.781,7830.309,8552.524,9258.232,9946.336,10615.847,11265.887,11895.694,12504.619,13092.127,13657.782,14201.236,14722.202,15220.431,15695.670,16147.610,16575.832,16979.727,17358.417,17710.647,18034.667,18328.100,18587.786,18809.619,18988.364,19117.473,19188.906,19192.969,19118.199,18951.331,18677.375,18279.883,17741.424,17044.354,16171.874,15109.389,13846.098,12376.724,10703.242,8836.431,6797.014,4616.061,2334.288,0.000,1053.977,2108.129,3162.637,4217.691,5273.508,6330.330,7388.435,8448.137,9509.796,10573.817,11640.655,12710.815,13784.857,14863.393,15947.093,17036.682,18132.944,19236.720,20348.909,21470.475,22602.438,23745.887,24901.971,26071.906,27256.976,28458.532,29677.994,30916.854,32176.667,33459.055,34765.701,36098.339,37458.740,38848.695,40269.983,41724.330,43213.345,44738.435,46300.687,47900.702,49538.396,51212.739,52921.478,54660.856,56425.416,58207.997,60000.000,60000.000,60000.000,60000.000,60000.000,60000.000,60000.000,58340.883,56691.339,55060.110,53454.514,51880.182,50341.058,48839.599,47377.037,45953.667,44569.091,43222.423,41912.449,40637.744,39396.760,38187.883,37009.481,35859.926,34737.620,33641.009,32568.583,31518.892,30490.539,29482.188,28492.560,27520.432,26564.640,25624.074,24697.673,23784.433,22883.394,21993.647,21114.328,20244.617,19383.738,18530.957,17685.578,16846.949,16014.451,15187.508,14365.576,13548.150,12734.758,11924.961,11118.355,10314.564,9513.246,8714.087,7916.799,7121.123,6326.821,5533.681,4741.509,3950.130,3159.386,2369.131,1579.231,789.561,0.000
0.000,8.605,17.203,25.785,34.342,42.865,51.344,59.771,68.137,76.432,84.648,92.777,100.810,108.737,116.552,124.245,131.808,139.234,146.515,153.643,160.611,167.411,174.036,180.479,186.734,192.794,198.653,204.305,209.743,214.962,219.956,224.721,229.251,233.541,237.587,241.385,244.930,248.218,251.246,254.010,256.506,258.732,260.684,262.361,263.759,264.875,265.709,266.258,266.520,266.494,266.177,265.568,264.668,263.474,261.985,260.201,258.121,255.744,253.071,250.100,246.832,243.266,239.403,235.243,230.786,226.032,220.983,215.639,210.001,204.071,197.852,191.344,184.550,177.474,170.119,162.489,154.590,146.427,138.008,129.339,120.432,111.295,101.940,92.380,82.631,72.707,62.627,52.409,42.073,31.642,21.137,10.582,0.000,770.674,1539.885,2306.181,3068.125,3824.309,4573.358,5313.946,6044.800,6764.714,7472.558,8167.287,8847.952,9513.710,10163.827,10797.688,11414.797,12014.779,12597.375,13162.434,13709.896,14239.771,14752.113,15246.974,15724.361,16184.167,16626.099,17049.584,17453.654,17836.815,18196.894,18530.858,18834.610,19102.761,19328.382,19502.748,19615.078,19652.313,19598.958,19437.051,19146.331,18704.689,18088.996,17276.356,16245.801,14980.370,13469.430,11711.097,9714.575,7502.129,5110.201,2589.011,0.000,1057.664,2115.447,3173.468,4231.865,5290.800,6350.470,7411.104,8472.979,9536.417,10601.793,11669.534,12740.120,13814.090,14892.040,15974.622,17062.550,18156.592,19257.580,20366.404,21484.016,22611.432,23749.731,24900.060,26063.634,27241.740,28435.739,29647.068,30877.245,32127.872,33400.632,34697.298,36019.726,37369.851,38749.685,40161.291,41606.760,43088.159,44607.459,46166.413,47766.385,49408.100,51091.309,52814.369,54573.771,56363.721,58175.956,60000.000,60000.000,60000.000,60000.000,60000.000,60000.000,60000.000,58307.037,56626.022,54967.565,53340.092,51749.582,50199.753,48692.471,47228.212,45806.479,44426.131,43085.629,41783.210,40517.002,39285.098,38085.606,36916.681,35776.535,34663.453,33575.791,32511.982,31470.531,30450.017,29449.087,28466.452,27500.889,26551.233,25616.377,24695.267,23786.903,22890.334,22004.657,21129.014,20262.593,19404.622,18554.375,17711.163,16874.337,16043.289,15217.445,14396.272,13579.270,12765.977,11955.963,11148.833,10344.226,9541.810,8741.285,7942.381,7144.854,6348.486,5553.084,4758.475,3964.507,3171.044,2377.967,1585.166,792.542,0.000
0.000,8.290,16.573,24.841,33.084,41.296,49.466,57.586,65.648,73.643,81.562,89.398,97.143,104.788,112.324,119.745,127.043,134.209,141.238,148.120,154.850,161.419,167.822,174.052,180.102,185.967,191.639,197.114,202.385,207.447,212.295,216.924,221.328,225.504,229.448,233.153,236.618,239.837,242.808,245.526,247.989,250.193,252.136,253.815,255.227,256.370,257.243,257.842,258.167,258.214,257.983,257.472,256.680,255.606,254.248,252.606,250.678,248.464,245.962,243.173,240.095,236.728,233.072,229.126,224.890,220.364,215.548,210.442,205.046,199.362,193.389,187.130,180.586,173.759,166.652,159.268,151.611,143.686,135.499,127.057,118.369,109.444,100.294,90.931,81.369,71.625,61.717,51.663,41.485,31.206,20.849,10.438,0.000,732.893,1464.520,2193.626,2918.976,3639.361,4353.615,5060.618,5759.315,6448.718,7127.922,7796.113,8452.581,9096.725,9728.064,10346.241,10951.027,11542.324,12120.161,12684.683,13236.142,13774.875,14301.275,14815.753,15318.691,15810.376,16290.920,16760.167,17217.569,17662.045,18091.804,18504.143,18895.203,19259.687,19590.547,19878.626,20112.283,20277.017,20355.137,20325.540,20163.700,19842.006,19330.587,18598.751,17617.089,16360.151,14809.528,12957.140,10808.644,8386.725,5733.604,2911.556,0.000,1061.251,2122.554,3183.961,4245.549,5307.421,6369.715,7432.614,8496.349,9561.203,10627.516,11695.685,12766.168,13839.479,14916.197,15996.957,17082.459,18173.457,19270.772,20375.283,21487.931,22609.722,23741.729,24885.090,26041.018,27210.799,28395.802,29597.478,30817.372,32057.124,33318.482,34603.308,35913.583,37251.418,38619.059,40018.884,41453.398,42925.203,44436.948,45991.230,47590.420,49236.392,50930.097,52670.972,54456.175,56279.766,58132.114,60000.000,60000.000,60000.000,60000.000,60000.000,60000.000,60000.000,58261.280,56538.207,54844.119,53188.810,51578.427,50016.047,48502.486,47037.046,45618.108,44243.543,42910.987,41618.011,40362.217,39141.296,37953.048,36795.397,35666.386,34564.176,33487.038,32433.345,31401.563,30390.245,29398.026,28423.612,27465.779,26523.366,25595.272,24680.452,23777.913,22886.714,22005.959,21134.800,20272.431,19418.091,18571.058,17730.653,16896.232,16067.195,15242.976,14423.049,13606.924,12794.146,11984.297,11176.993,10371.886,9568.658,8767.026,7966.735,7167.560,6369.304,5571.796,4774.887,3978.449,3182.374,2386.567,1590.949,795.448,0.000
0.000,7.987,15.969,23.935,31.879,39.792,47.666,55.492,63.262,70.969,78.605,86.161,93.629,101.002,108.273,115.434,122.476,129.395,136.181,142.828,149.330,155.680,161.870,167.896,173.751,179.428,184.923,190.229,195.342,200.254,204.963,209.463,213.749,217.818,221.664,225.283,228.673,231.828,234.746,237.424,239.857,242.043,243.980,245.664,247.094,248.266,249.179,249.831,250.219,250.342,250.198,249.785,249.102,248.148,246.921,245.420,243.644,241.591,239.261,236.651,233.763,230.593,227.142,223.408,219.391,215.090,210.504,205.632,200.475,195.032,189.302,183.287,176.987,170.403,163.537,156.390,148.966,141.269,133.304,125.077,116.594,107.866,98.904,89.718,80.324,70.737,60.977,51.062,41.015,30.860,20.621,10.325,0.000,696.377,1391.676,2084.829,2774.791,3460.546,4141.121,4815.598,5483.124,6142.921,6794.298,7436.663,8069.534,8692.546,9305.463,9908.184,10500.746,11083.331,11656.262,12219.995,12775.115,13322.312,13862.358,14396.073,14924.276,15447.725,15967.038,16482.594,16994.412,17501.992,18004.135,18498.708,18982.370,19450.238,19895.494,20308.927,20678.410,20988.335,21219.035,21346.272,21340.923,21169.049,20792.595,20170.974,19263.652,18033.618,16451.392,14499.291,12176.137,9502.524,6525.935,3323.609,0.000,1064.804,2129.582,3194.313,4259.000,5323.678,6388.426,7453.369,8518.690,9584.630,10651.492,11719.643,12789.513,13861.597,14936.453,16014.702,17097.026,18184.168,19276.936,20376.196,21482.879,22597.977,23722.553,24857.737,26004.733,27164.824,28339.378,29529.857,30737.822,31964.951,33213.043,34484.041,35780.048,37103.342,38456.404,39841.938,41262.884,42722.436,44224.021,45771.247,47367.771,49017.034,50721.785,52483.303,54300.233,56167.079,58072.743,60000.000,60000.000,60000.000,60000.000,60000.000,60000.000,60000.000,58199.913,56421.468,54681.976,52992.709,51359.396,49783.670,48264.546,46799.564,45385.567,44019.164,42696.999,41415.876,40172.822,38965.094,37790.178,36645.766,35529.737,34440.137,33375.158,32333.119,31312.457,30311.706,29329.493,28364.526,27415.584,26481.515,25561.228,24653.688,23757.914,22872.976,21997.988,21132.112,20274.553,19424.557,18581.412,17744.446,16913.024,16086.553,15264.476,14446.275,13631.468,12819.612,12010.300,11203.160,10397.856,9594.087,8791.587,7990.118,7189.479,6389.492,5590.012,4790.914,3992.100,3193.489,2395.018,1596.637,798.309,0.000
0.000,7.698,15.389,23.067,30.723,38.350,45.940,53.485,60.976,68.407,75.770,83.057,90.262,97.375,104.391,111.302,118.101,124.782,131.337,137.760,144.043,150.183,156.170,162.001,167.669,173.169,178.494,183.640,188.601,193.372,197.949,202.327,206.501,210.467,214.222,217.761,221.081,224.177,227.047,229.687,232.095,234.268,236.201,237.894,239.344,240.547,241.503,242.209,242.662,242.862,242.806,242.493,241.920,241.086,239.990,238.631,237.006,235.114,232.954,230.525,227.824,224.851,221.603,218.080,214.280,210.202,205.844,201.205,196.283,191.078,185.588,179.813,173.752,167.406,160.775,153.859,146.661,139.183,131.429,123.404,115.115,106.570,97.778,88.752,79.504,70.053,60.415,50.613,40.669,30.608,20.457,10.244,0.000,660.939,1320.977,1979.224,2634.813,3286.909,3934.725,4577.530,5214.663,5845.544,6469.686,7086.708,7696.346,8298.462,8893.059,9480.285,10060.442,10633.993,11201.559,11763.922,12322.012,12876.900,13429.773,13981.906,14534.616,15089.211,15646.913,16208.761,16775.491,17347.376,17924.035,18504.184,19085.332,19663.401,20232.265,20783.177,21304.096,21778.879,22186.395,22499.590,22684.673,22700.672,22499.770,22028.898,21232.926,20059.278,18463.132,16412.496,13894.088,10921.299,7544.002,3856.945,0.000,1068.400,2136.685,3204.748,4272.509,5339.927,6407.011,7473.827,8540.503,9607.235,10674.288,11741.999,12810.771,13881.078,14953.459,16028.520,17106.929,18189.416,19276.775,20369.859,21469.585,22576.934,23692.951,24818.756,25955.538,27104.571,28267.216,29444.934,30639.295,31851.995,33084.875,34339.941,35619.395,36925.661,38261.437,39629.728,41033.907,42477.769,43965.575,45502.078,47092.484,48742.274,50456.777,52240.281,54094.415,56015.601,57991.786,60000.000,60000.000,60000.000,60000.000,60000.000,60000.000,60000.000,58116.942,56265.836,54469.695,52740.761,51082.906,49494.841,47972.632,46511.284,45105.634,43750.768,42442.202,41175.921,39948.359,38756.352,37597.086,36468.044,35366.960,34291.786,33240.651,32211.838,31203.764,30214.957,29244.047,28289.747,27350.850,26426.216,25514.768,24615.488,23727.408,22849.610,21981.224,21121.421,20269.419,19424.474,18585.882,17752.980,16925.143,16101.785,15282.358,14466.353,13653.298,12842.760,12034.343,11227.689,10422.477,9618.422,8815.274,8012.819,7210.875,6409.290,5607.945,4806.745,4005.619,3204.520,2403.418,1602.298,801.157,0.000
0.000,7.420,14.834,22.235,29.616,36.969,44.286,51.561,58.785,65.952,73.054,80.084,87.035,93.900,100.672,107.344,113.910,120.363,126.696,132.904,138.980,144.918,150.712,156.357,161.847,167.177,172.340,177.333,182.150,186.787,191.239,195.501,199.570,203.440,207.109,210.573,213.828,216.870,219.696,222.304,224.690,226.852,228.786,230.490,231.963,233.200,234.201,234.962,235.483,235.761,235.795,235.581,235.119,234.407,233.443,232.225,230.751,229.021,227.031,224.781,222.268,219.490,216.446,213.133,209.549,205.693,201.561,197.153,192.465,187.496,182.244,176.706,170.882,164.769,158.368,151.678,144.699,137.433,129.882,122.050,113.942,105.565,96.928,88.042,78.922,69.582,60.043,50.325,40.454,30.456,20.360,10.198,0.000,626.403,1252.070,1876.278,2498.327,3117.553,3733.340,4345.134,4952.454,5554.906,6152.195,6744.138,7330.679,7911.898,8488.026,9059.455,9626.746,10190.640,10752.061,11312.120,11872.111,12433.503,12997.929,13567.160,14143.070,14727.590,15322.642,15930.047,16551.415,17187.987,17840.446,18508.662,19191.372,19885.770,20586.986,21287.422,21975.916,22636.690,23248.076,23781.021,24197.507,24449.195,24476.914,24211.922,23579.878,22507.436,20929.360,18793.473,16066.422,12744.581,8871.830,4560.170,0.000,1072.128,2144.038,3215.523,4286.410,5356.570,6425.936,7494.505,8562.349,9629.617,10696.536,11763.411,12830.620,13898.617,14967.927,16039.138,17112.907,18189.953,19271.054,20357.050,21448.844,22547.399,23653.745,24768.980,25894.278,27030.892,28180.168,29343.553,30522.611,31719.042,32934.700,34171.630,35432.098,36718.638,38034.112,39381.780,40765.392,42189.293,43658.557,45179.122,46757.914,48402.889,50122.845,51926.689,53821.591,55809.149,57878.810,60000.000,60000.000,60000.000,60000.000,60000.000,60000.000,60000.000,58002.056,56055.304,54190.295,52417.843,50736.757,49140.311,47620.025,46167.497,44775.123,43436.293,42145.355,40897.496,39688.602,38515.142,37374.053,36262.653,35178.574,34119.703,33084.134,32070.137,31076.126,30100.639,29142.318,28199.896,27272.183,26358.060,25456.471,24566.416,23686.943,22817.154,21956.192,21103.243,20257.534,19418.336,18584.953,17756.732,16933.057,16113.351,15297.074,14483.726,13672.845,12864.009,12056.834,11250.974,10446.126,9642.020,8838.426,8035.153,7232.040,6428.965,5625.834,4822.585,4019.181,3215.608,2411.874,1608.002,804.030,0.000
0.000,7.154,14.302,21.438,28.555,35.645,42.702,49.718,56.686,63.599,70.451,77.235,83.943,90.570,97.109,103.552,109.895,116.130,122.252,128.254,134.131,139.877,145.486,150.954,156.274,161.441,166.451,171.299,175.979,180.488,184.821,188.974,192.943,196.723,200.312,203.706,206.900,209.893,212.680,215.260,217.627,219.782,221.719,223.438,224.936,226.210,227.258,228.078,228.668,229.026,229.149,229.037,228.687,228.097,227.265,226.189,224.868,223.299,221.480,219.409,217.084,214.502,211.661,208.558,205.190,201.555,197.650,193.472,189.017,184.284,179.267,173.966,168.376,162.495,156.321,149.853,143.089,136.028,128.672,121.024,113.085,104.864,96.366,87.604,78.589,69.339,59.872,50.211,40.382,30.413,20.337,10.188,0.000,592.603,1184.623,1775.492,2364.665,2951.635,3535.948,4117.212,4695.114,5269.432,5840.050,6406.971,6970.334,7530.425,8087.693,8642.762,9196.446,9749.759,10303.925,10860.387,11420.808,11987.073,12561.281,13145.735,13742.914,14355.439,14986.017,15637.371,16312.134,17012.711,17741.101,18498.647,19285.724,20101.321,20942.487,21803.610,22675.456,23543.890,24388.198,25178.910,25875.138,26421.689,26746.768,26761.999,26367.228,25461.228,23953.399,21765.613,18833.547,15118.773,10638.566,5511.905,0.000,1076.091,2151.843,3226.936,4301.086,5374.068,6445.727,7515.987,8584.861,9652.449,10718.939,11784.605,12849.807,13914.979,14980.633,16047.347,17115.765,18186.595,19260.603,20338.615,21421.517,22510.253,23605.831,24709.327,25821.886,26944.737,28079.197,29226.685,30388.741,31567.043,32763.434,33979.958,35218.901,36482.848,37774.755,39098.045,40456.733,41855.592,43300.366,44798.055,46357.266,47988.618,49705.105,51522.101,53456.158,55520.623,57714.316,60000.000,60000.000,60000.000,60000.000,60000.000,60000.000,60000.000,57836.017,55763.097,53818.430,52003.672,50306.105,48709.775,47199.837,45763.747,44391.274,43074.148,41805.668,40580.353,39393.674,38241.835,37121.612,36030.233,34965.281,33924.624,32906.358,31908.767,30930.286,29969.480,29025.018,28095.663,27180.254,26277.700,25386.969,24507.084,23637.119,22776.190,21923.461,21078.131,20239.444,19406.678,18579.152,17756.220,16937.276,16121.751,15309.114,14498.874,13690.579,12883.817,12078.216,11273.446,10469.215,9665.275,8861.416,8057.467,7253.297,6448.808,5643.941,4838.664,4032.979,3226.911,2420.506,1613.832,806.967,0.000
0.000,6.898,13.792,20.674,27.538,34.377,41.183,47.951,54.674,61.345,67.957,74.505,80.981,87.380,93.695,99.920,106.049,112.076,117.995,123.800,129.487,135.050,140.482,145.780,150.939,155.952,160.815,165.525,170.075,174.463,178.684,182.733,186.608,190.304,193.818,197.147,200.286,203.233,205.986,208.540,210.894,213.044,214.989,216.725,218.251,219.563,220.661,221.541,222.202,222.641,222.857,222.847,222.610,222.143,221.445,220.513,219.344,217.938,216.290,214.399,212.262,209.876,207.239,204.346,201.195,197.783,194.104,190.157,185.936,181.438,176.658,171.592,166.236,160.586,154.638,148.389,141.835,134.976,127.810,120.337,112.559,104.482,96.110,87.453,78.525,69.339,59.918,50.283,40.463,30.488,20.394,10.218,0.000,559.385,1118.328,1676.402,2233.205,2788.376,3341.606,3892.653,4441.358,4987.658,5531.601,6073.363,6613.262,7151.776,7689.559,8227.454,8766.517,9308.025,9853.495,10404.696,10963.662,11532.699,12114.388,12711.586,13327.413,13965.233,14628.616,15321.286,16047.038,16809.624,17612.599,18459.100,19351.558,20291.303,21278.031,22309.076,23378.407,24475.216,25581.917,26671.283,27702.446,28615.656,29326.469,29722.079,29665.808,29016.849,27657.395,25482.032,22383.382,18258.399,13051.757,6848.884,0.000,1080.407,2160.336,3239.329,4316.979,5392.948,6466.985,7538.937,8608.750,9676.478,10742.272,11806.382,12869.148,13930.994,14992.420,16053.999,17116.366,18180.219,19246.313,20315.461,21388.530,22466.442,23550.182,24640.793,25739.389,26847.161,27965.385,29095.438,30238.812,31397.139,32572.216,33766.045,34980.874,36219.267,37484.178,38779.068,40108.055,41476.118,42889.393,44355.589,45884.588,47489.310,49186.941,51000.519,52960.371,55102.901,57457.843,60000.000,60000.000,60000.000,60000.000,60000.000,60000.000,60000.000,57578.960,55342.707,53316.752,51472.430,49774.355,48193.008,46705.977,45296.575,43952.289,42663.584,41423.053,40224.827,39064.170,37937.184,36840.610,35771.677,34727.992,33707.459,32708.219,31728.602,30767.092,29822.298,28892.937,27977.810,27075.798,26185.842,25306.944,24438.157,23578.577,22727.344,21883.641,21046.685,20215.732,19390.075,18569.042,17751.999,16938.346,16127.523,15319.008,14512.318,13707.010,12902.682,12098.975,11295.571,10492.195,9688.618,8884.650,8080.144,7274.997,6469.143,5662.554,4855.237,4047.230,3238.603,2429.447,1619.874,810.013,0.000
0.000,6.654,13.304,19.942,26.564,33.161,39.728,46.259,52.746,59.185,65.568,71.889,78.143,84.324,90.425,96.440,102.365,108.193,113.918,119.536,125.041,130.428,135.692,140.829,145.832,150.698,155.423,160.001,164.428,168.701,172.816,176.768,180.554,184.171,187.615,190.883,193.972,196.878,199.599,202.133,204.476,206.626,208.580,210.337,211.893,213.247,214.396,215.338,216.072,216.595,216.904,216.999,216.876,216.534,215.970,215.182,214.168,212.924,211.449,209.739,207.792,205.604,203.171,200.490,197.557,194.368,190.918,187.203,183.218,178.956,174.414,169.585,164.464,159.045,153.323,147.292,140.949,134.288,127.308,120.005,112.380,104.436,96.176,87.610,78.747,69.604,60.200,50.559,40.712,30.693,20.540,10.294,0.000,526.608,1052.902,1578.583,2103.379,2627.059,3149.446,3670.436,4190.008,4708.241,5225.333,5741.617,6257.575,6773.859,7291.311,7810.980,8334.144,8862.330,9397.334,9941.241,10496.446,11065.673,11651.986,12258.808,12889.920,13549.465,14241.929,14972.120,15745.107,16566.149,17440.571,18373.596,19370.105,20434.303,21569.258,22776.257,24053.880,25396.651,26792.971,28221.858,29647.708,31012.018,32221.375,33134.038,33557.077,33282.965,32177.301,30121.740,26959.551,22479.684,16461.179,8831.874,0.000,1085.219,2169.792,3253.105,4334.602,5413.820,6490.400,7564.104,8634.816,9702.539,10767.397,11829.620,12889.536,13947.562,15004.197,16060.010,17115.635,18171.762,19229.137,20288.559,21350.875,22416.985,23487.843,24564.458,25647.904,26739.321,27839.933,28951.057,30074.117,31210.670,32362.432,33531.311,34719.462,35929.340,37163.789,38426.158,39720.455,41051.577,42425.635,43850.448,45336.303,46897.197,48552.920,50332.737,52281.962,54472.807,57014.167,60000.000,60000.000,60000.000,60000.000,60000.000,60000.000,60000.000,57137.164,54712.096,52633.542,50795.069,49126.025,47582.089,46134.673,44764.487,43457.938,42205.074,40998.374,39831.988,38701.259,37602.396,36532.252,35488.166,34467.850,33469.307,32490.769,31530.647,30587.501,29660.007,28746.944,27847.169,26959.609,26083.251,25217.134,24360.343,23512.004,22671.284,21837.383,21009.539,20187.023,19369.139,18555.228,17744.663,16936.853,16131.246,15327.326,14524.619,13722.688,12921.143,12119.635,11317.859,10515.558,9712.518,8908.573,8103.603,7297.531,6490.325,5681.992,4872.580,4062.170,3250.877,2438.842,1626.229,813.217,0.000
0.000,6.420,12.835,19.241,25.630,31.996,38.334,44.637,50.899,57.115,63.278,69.383,75.425,81.396,87.292,93.107,98.836,104.474,110.014,115.453,120.784,126.004,131.107,136.089,140.945,145.671,150.263,154.717,159.027,163.192,167.206,171.066,174.769,178.312,181.691,184.903,187.945,190.815,193.509,196.025,198.361,200.513,202.480,204.260,205.850,207.247,208.450,209.457,210.265,210.873,211.278,211.478,211.472,211.256,210.828,210.186,209.327,208.248,206.947,205.420,203.663,201.674,199.448,196.981,194.269,191.305,188.086,184.606,180.858,176.836,172.534,167.945,163.061,157.876,152.382,146.572,140.439,133.976,127.179,120.043,112.566,104.746,96.588,88.096,79.280,70.155,60.740,51.061,41.149,31.042,20.783,10.419,0.000,494.144,988.089,1481.650,1974.670,2467.034,2958.685,3449.638,3939.995,4429.964,4919.875,5410.198,5901.562,6394.775,6890.847,7391.011,7896.750,8409.817,8932.269,9466.487,10015.209,10581.560,11169.077,11781.740,12423.995,13100.776,13817.517,14580.157,15395.122,16269.293,17209.940,18224.609,19320.963,20506.545,21788.443,23172.814,24664.206,26264.538,27971.458,29775.469,31654.512,33563.333,35412.975,37035.620,38145.498,38380.634,37647.105,35868.076,32853.399,28239.607,21481.400,12017.435,0.000,1090.691,2180.538,3268.734,4354.554,5437.388,6516.762,7592.345,8663.959,9731.567,10795.269,11855.283,12911.938,13965.656,15016.938,16066.360,17114.557,18162.218,19210.082,20258.934,21309.602,22362.961,23419.931,24481.481,25548.634,26622.475,27704.162,28794.931,29896.120,31009.182,32135.715,33277.492,34436.503,35615.017,36815.652,38041.484,39296.189,40584.252,41911.267,43284.397,44713.104,46210.366,47794.902,49495.632,51361.999,53492.241,56126.039,60000.000,60000.000,60000.000,60000.000,60000.000,60000.000,60000.000,56257.657,53735.059,51710.364,49948.411,48352.741,46874.824,45486.327,44168.967,42910.120,41700.635,40533.626,39403.748,38306.749,37239.166,36198.121,35181.177,34186.235,33211.458,32255.213,31316.032,30392.574,29483.608,28587.987,27704.637,26832.542,25970.743,25118.319,24274.396,23438.130,22608.716,21785.377,20967.368,20153.977,19344.521,18538.350,17734.845,16933.423,16133.538,15334.679,14536.378,13738.207,12939.782,12140.765,11340.864,10539.837,9737.488,8933.675,8128.302,7321.324,6512.743,5702.606,4891.002,4078.060,3263.946,2448.854,1633.004,816.635,0.000
0.000,6.196,12.387,18.569,24.735,30.880,36.998,43.083,49.130,55.132,61.085,66.983,72.820,78.591,84.291,89.915,95.457,100.912,106.275,111.542,116.708,121.768,126.718,131.553,136.269,140.861,145.327,149.662,153.862,157.923,161.843,165.616,169.242,172.715,176.033,179.194,182.194,185.031,187.702,190.204,192.536,194.694,196.677,198.482,200.108,201.551,202.810,203.884,204.769,205.464,205.966,206.274,206.385,206.296,206.006,205.511,204.809,203.897,202.772,201.429,199.866,198.078,196.062,193.811,191.321,188.587,185.601,182.359,178.853,175.075,171.018,166.673,162.031,157.084,151.822,146.236,140.316,134.054,127.442,120.471,113.137,105.437,97.370,88.939,80.152,71.021,61.566,51.813,41.795,31.554,21.138,10.600,0.000,461.880,923.661,1385.259,1846.617,2307.723,2768.623,3229.435,3690.370,4151.746,4614.006,5077.739,5543.700,6012.832,6486.290,6965.468,7452.026,7947.921,8455.438,8977.228,9516.344,10076.281,10661.022,11275.080,11923.544,12612.127,13347.207,14135.868,14985.930,15905.963,16905.287,17993.936,19182.593,20482.473,21905.156,23462.350,25165.592,27025.837,29052.855,31254.049,33631.536,36173.828,38831.573,41449.969,43608.662,44446.968,44162.407,42850.062,40346.363,36143.944,29207.381,17756.465,0.000,1097.026,2192.963,3286.778,4377.542,5464.479,6546.984,7624.636,8697.198,9764.602,10826.936,11884.424,12937.406,13986.319,15031.682,16074.085,17114.172,18152.634,19190.207,20227.664,21265.816,22305.508,23347.625,24393.088,25442.866,26497.977,27559.499,28628.578,29706.441,30794.415,31893.945,33006.624,34134.227,35278.753,36442.494,37628.107,38838.729,40078.132,41350.932,42662.912,44021.479,45436.381,46920.798,48492.985,50178.240,52008.176,53997.776,55990.232,56770.779,57094.325,57190.024,57112.040,56811.350,56068.920,54158.480,52260.222,50524.569,48935.615,47461.865,46078.320,44767.040,43515.144,42313.165,41153.959,40031.995,38942.889,37883.093,36849.677,35840.177,34852.481,33884.757,32935.383,32002.906,31086.007,30183.475,29294.185,28417.082,27551.171,26695.505,25849.179,25011.326,24181.108,23357.720,22540.383,21728.345,20920.880,20117.291,19316.907,18519.085,17723.216,16928.721,16135.057,15341.720,14548.243,13754.204,12959.227,12162.981,11365.185,10565.613,9764.087,8960.487,8154.744,7346.845,6536.828,5724.781,4910.841,4095.189,3278.044,2459.660,1640.320,820.327,0.000
0.000,5.980,11.957,17.925,23.878,29.810,35.718,41.594,47.434,53.232,58.984,64.683,70.325,75.904,81.417,86.857,92.220,97.501,102.695,107.798,112.806,117.713,122.516,127.211,131.793,136.259,140.605,144.828,148.922,152.886,156.716,160.408,163.961,167.369,170.632,173.745,176.707,179.515,182.166,184.658,186.988,189.155,191.157,192.991,194.654,196.146,197.464,198.606,199.569,200.353,200.955,201.372,201.602,201.643,201.492,201.146,200.604,199.860,198.913,197.757,196.390,194.806,193.002,190.971,188.707,186.206,183.459,180.459,177.200,173.671,169.864,165.769,161.376,156.673,151.649,146.293,140.593,134.536,128.112,121.309,114.119,106.535,98.553,90.172,81.396,72.236,62.711,52.847,42.678,32.251,21.620,10.847,0.000,429.715,859.417,1289.107,1718.817,2148.619,2578.647,3009.109,3440.305,3872.644,4306.664,4743.053,5182.668,5626.563,6076.013,6532.545,6997.966,7474.402,7964.334,8470.644,8996.657,9546.199,10123.651,10734.014,11382.975,12076.981,12823.316,13630.180,14506.767,15463.343,16511.309,17663.255,18932.999,20335.599,21887.357,23605.839,25509.974,27620.364,29960.074,32556.337,35443.757,38668.871,42289.520,46324.022,50392.213,51636.169,51705.494,51023.401,49538.047,46782.426,41447.713,29801.044,0.000,1104.465,2207.540,3307.910,4404.408,5496.062,6582.130,7662.101,8735.687,9802.809,10863.561,11918.191,12967.069,14010.666,15049.532,16084.278,17115.567,18144.101,19170.616,20195.874,21220.669,22245.815,23272.157,24300.569,25331.955,26367.261,27407.475,28453.635,29506.847,30568.285,31639.219,32721.025,33815.214,34923.461,36047.644,37189.896,38352.660,39538.777,40751.575,41994.987,43273.659,44593.011,45959.045,47377.376,48849.891,50364.526,51866.720,53192.427,53998.609,54416.546,54553.778,54446.839,54064.501,53305.927,52047.219,50622.897,49192.213,47807.771,46480.958,45209.741,43988.574,42811.622,41673.667,40570.283,39497.759,38452.985,37433.331,36436.555,35460.715,34504.111,33565.232,32642.718,31735.333,30841.932,29961.453,29092.895,28235.307,27387.782,26549.448,25719.464,24897.014,24081.307,23271.572,22467.060,21667.043,20870.816,20077.693,19287.015,18498.147,17710.483,16923.450,16136.504,15349.143,14560.902,13771.363,12980.152,12186.945,11391.471,10593.517,9792.923,8989.590,8183.478,7374.606,6563.050,5748.944,4932.474,4113.877,3293.432,2471.460,1648.310,824.359,0.000
0.000,5.774,11.545,17.307,23.056,28.785,34.491,40.167,45.809,51.412,56.970,62.479,67.934,73.331,78.663,83.928,89.119,94.234,99.266,104.213,109.069,113.830,118.494,123.055,127.510,131.856,136.088,140.203,144.198,148.070,151.816,155.431,158.915,162.264,165.474,168.545,171.472,174.254,176.889,179.374,181.707,183.885,185.908,187.773,189.477,191.019,192.398,193.610,194.655,195.529,196.231,196.759,197.111,197.283,197.274,197.080,196.698,196.126,195.358,194.393,193.224,191.848,190.259,188.451,186.419,184.155,181.651,178.900,175.894,172.621,169.072,165.234,161.098,156.648,151.871,146.754,141.281,135.438,129.209,122.581,115.539,108.071,100.171,91.831,83.052,73.843,64.217,54.202,43.834,33.163,22.250,11.169,0.000,397.563,795.184,1192.937,1590.924,1989.289,2388.238,2788.050,3189.097,3591.861,3996.954,4405.139,4817.355,5234.738,5658.655,6090.732,6532.891,6987.387,7456.854,7944.356,8453.441,8988.206,9553.369,10154.350,10797.360,11489.506,12238.896,13054.768,13947.617,14929.334,16013.350,17214.777,18550.550,20039.566,21702.833,23563.676,25648.102,27985.571,30610.741,33567.468,36918.285,40768.377,45333.614,51164.386,60000.000,60000.000,60000.000,60000.000,60000.000,60000.000,60000.000,60000.000,0.000,1113.310,2224.850,3332.955,4436.166,5533.293,6623.445,7706.030,8780.734,9847.486,10906.419,11957.829,13002.142,14039.882,15071.644,16098.079,17119.876,18137.754,19152.451,20164.725,21175.349,22185.110,23194.809,24205.266,25217.320,26231.834,27249.699,28271.841,29299.222,30332.858,31373.817,32423.237,33482.334,34552.420,35634.913,36731.353,37843.415,38972.912,40121.769,41291.958,42485.310,43703.100,44945.124,46207.705,47479.532,48733.417,49912.239,50914.230,51614.760,52019.547,52161.783,52057.120,51693.977,51043.172,50101.694,48992.070,47813.766,46622.466,45444.637,44291.308,43166.107,42069.325,40999.836,39955.996,38936.033,37938.227,36960.969,36002.782,35062.311,34138.315,33229.645,32335.236,31454.087,30585.252,29727.830,28880.955,28043.790,27215.524,26395.364,25582.536,24776.279,23975.849,23180.511,22389.548,21602.256,20817.944,20035.941,19255.597,18476.281,17697.390,16918.350,16138.617,15357.686,14575.092,13790.415,13003.281,12213.372,11420.425,10624.235,9824.660,9021.621,8215.108,7405.172,6591.930,5775.564,4956.315,4134.478,3310.400,2484.473,1657.124,828.808,0.000
0.000,5.577,11.150,16.716,22.269,27.803,33.315,38.800,44.252,49.667,55.041,60.368,65.644,70.865,76.026,81.122,86.150,91.105,95.982,100.779,105.491,110.114,114.643,119.077,123.411,127.642,131.766,135.780,139.681,143.466,147.131,150.675,154.095,157.388,160.551,163.582,166.478,169.238,171.860,174.341,176.678,178.871,180.918,182.816,184.563,186.158,187.600,188.885,190.012,190.979,191.784,192.425,192.900,193.206,193.339,193.299,193.081,192.681,192.097,191.324,190.358,189.192,187.823,186.243,184.447,182.426,180.172,177.677,174.930,171.921,168.638,165.069,161.198,157.012,152.495,147.628,142.395,136.778,130.756,124.311,117.425,110.080,102.262,93.960,85.168,75.889,66.134,55.927,45.306,34.324,23.054,11.580,0.000,365.352,730.819,1096.533,1462.652,1829.376,2196.967,2565.757,2936.173,3308.750,3684.152,4063.196,4446.874,4836.379,5233.137,5638.839,6055.480,6485.401,6931.340,7396.486,7884.546,8399.816,8947.270,9532.656,10162.611,10844.786,11587.994,12402.380,13299.599,14293.027,15397.981,16631.953,18014.859,19569.282,21320.733,23297.931,25533.187,28063.078,30929.850,34184.511,37893.537,42152.738,47112.174,52999.907,60000.000,60000.000,60000.000,60000.000,60000.000,60000.000,60000.000,60000.000,0.000,1123.944,2245.624,3362.934,4474.060,5577.561,6672.400,7757.924,8833.826,9900.085,10956.911,12004.685,13043.919,14075.213,15099.229,16116.671,17128.265,18134.752,19136.881,20135.404,21131.076,22124.652,23116.893,24108.559,25100.421,26093.254,27087.848,28085.006,29085.546,30090.308,31100.154,32115.969,33138.664,34169.168,35208.425,36257.374,37316.919,38387.863,39470.804,40565.931,41672.681,42789.108,43910.789,45028.925,46127.243,47177.490,48134.699,48937.599,49526.757,49885.203,50016.790,49925.990,49611.231,49071.219,48324.452,47430.077,46448.483,45423.872,44384.013,43344.954,42315.443,41299.966,40300.601,39318.083,38352.413,37403.192,36469.817,35551.580,34647.728,33757.491,32880.103,32014.803,31160.841,30317.477,29483.979,28659.625,27843.696,27035.481,26234.268,25439.354,24650.035,23865.611,23085.387,22308.674,21534.788,20763.058,19992.821,19223.433,18454.266,17684.714,16914.200,16142.177,15368.132,14591.595,13812.141,13029.394,12243.036,11452.806,10658.510,9860.019,9057.275,8250.294,7439.163,6624.042,5805.162,4982.822,4157.384,3329.268,2498.944,1666.926,833.755,0.000
0.000,5.388,10.772,16.149,21.514,26.862,32.189,37.490,42.760,47.996,53.192,58.344,63.450,68.502,73.498,78.434,83.305,88.107,92.837,97.491,102.064,106.554,110.957,115.269,119.488,123.609,127.631,131.548,135.360,139.063,142.653,146.130,149.490,152.730,155.850,158.845,161.714,164.456,167.067,169.546,171.892,174.102,176.175,178.109,179.901,181.551,183.058,184.417,185.629,186.691,187.601,188.357,188.956,189.397,189.676,189.792,189.739,189.516,189.118,188.541,187.780,186.829,185.684,184.338,182.782,181.011,179.014,176.782,174.304,171.568,168.562,165.271,161.680,157.771,153.526,148.926,143.949,138.572,132.773,126.528,119.811,112.600,104.873,96.611,87.800,78.436,68.523,58.083,47.150,35.785,24.067,12.099,0.000,333.025,666.209,999.725,1333.774,1668.597,2004.495,2341.838,2681.088,3022.813,3367.708,3716.620,4070.566,4430.768,4798.675,5176.007,5564.789,5967.398,6386.619,6825.703,7288.440,7779.241,8303.238,8866.395,9475.643,10139.032,10865.916,11667.158,12555.371,13545.194,14653.593,15900.197,17307.650,18901.970,20712.887,22774.129,25123.638,27803.702,30861.072,34347.188,38318.616,42836.865,47962.437,53723.070,60000.000,60000.000,60000.000,60000.000,60000.000,60000.000,60000.000,60000.000,0.000,1136.859,2270.798,3399.139,4519.630,5630.555,6730.742,7819.524,8896.654,9962.223,11016.568,12060.204,13093.766,14117.960,15133.537,16141.266,17141.922,18136.276,19125.090,20109.112,21089.081,22065.720,23039.743,24011.854,24982.748,25953.115,26923.637,27894.992,28867.851,29842.879,30820.726,31802.026,32787.385,33777.361,34772.440,35772.994,36779.213,37791.005,38807.832,39828.457,40850.544,41870.025,42880.155,43870.112,44823.166,45714.739,46511.599,47174.838,47669.591,47977.846,48094.310,48018.952,47753.879,47306.168,46694.977,45955.472,45126.400,44240.718,43322.796,42389.270,41450.972,40514.736,39584.769,38663.584,37752.611,36852.589,35963.812,35086.285,34219.825,33364.123,32518.782,31683.345,30857.313,30040.153,29231.305,28430.190,27636.211,26848.755,26067.195,25290.896,24519.211,23751.486,22987.062,22225.276,21465.466,20706.972,19949.141,19191.329,18432.907,17673.266,16911.818,16148.006,15381.309,14611.244,13837.377,13059.326,12276.766,11489.438,10697.151,9899.789,9097.313,8289.764,7477.264,6660.019,5838.311,5012.504,4183.032,3350.393,2515.148,1677.900,839.295,0.000
0.000,5.206,10.409,15.606,20.790,25.959,31.109,36.233,41.330,46.393,51.420,56.406,61.346,66.238,71.076,75.858,80.579,85.236,89.824,94.341,98.783,103.146,107.427,111.624,115.732,119.750,123.673,127.500,131.227,134.852,138.372,141.786,145.090,148.282,151.361,154.324,157.169,159.895,162.499,164.980,167.336,169.566,171.667,173.639,175.479,177.186,178.759,180.195,181.493,182.651,183.668,184.541,185.267,185.845,186.272,186.545,186.661,186.617,186.408,186.030,185.478,184.747,183.831,182.723,181.416,179.900,178.168,176.208,174.009,171.557,168.840,165.841,162.543,158.927,154.972,150.656,145.954,140.839,135.284,129.259,122.733,115.674,108.053,99.840,91.013,81.555,71.462,60.746,49.441,37.607,25.336,12.751,0.000,300.539,601.266,902.384,1204.121,1506.745,1810.578,2116.013,2423.528,2733.705,3047.249,3365.009,3688.004,4017.450,4354.788,4701.725,5060.270,5432.784,5822.036,6231.268,6664.270,7125.471,7620.047,8154.044,8734.533,9369.785,10069.481,10844.965,11709.535,12678.786,13771.001,15007.591,16413.573,18018.062,19854.716,21962.061,24383.534,27167.022,30363.548,34024.553,38196.874,42913.669,48177.640,53929.937,60000.000,60000.000,60000.000,60000.000,60000.000,60000.000,60000.000,60000.000,0.000,1152.710,2301.601,3443.233,4574.819,5694.350,6800.565,7892.860,8971.140,10035.689,11087.048,12125.922,13153.113,14169.465,15175.840,16173.088,17162.043,18143.509,19118.265,20087.055,21050.601,22009.593,22964.699,23916.562,24865.803,25813.023,26758.798,27703.681,28648.197,29592.838,30538.052,31484.232,32431.696,33380.657,34331.185,35283.149,36236.131,37189.303,38141.250,39089.707,40031.190,40960.469,41869.863,42748.367,43580.730,44346.854,45022.272,45580.709,45999.069,46262.429,46363.802,46301.782,46079.324,45704.763,45193.992,44570.621,43861.123,43090.010,42277.399,41438.588,40584.678,39723.485,38860.413,37999.138,37142.132,36291.023,35446.844,34610.218,33781.467,32960.699,32147.866,31342.796,30545.230,29754.834,28971.218,28193.941,27422.524,26656.452,25895.182,25138.143,24384.743,23634.373,22886.406,22140.206,21395.126,20650.517,19905.728,19160.115,18413.041,17663.888,16912.054,16156.968,15398.090,14634.922,13867.015,13093.971,12315.458,11531.210,10741.038,9944.832,9142.569,8334.316,7520.230,6700.562,5875.652,5045.930,4211.909,3374.177,2533.388,1690.254,845.530,0.000
0.000,5.032,10.062,15.084,20.097,25.094,30.073,35.029,39.958,44.857,49.721,54.547,59.330,64.068,68.755,73.390,77.967,82.484,86.937,91.323,95.639,99.881,104.047,108.133,112.137,116.055,119.886,123.626,127.273,130.825,134.278,137.632,140.885,144.032,147.074,150.008,152.833,155.546,158.146,160.631,163.000,165.251,167.383,169.395,171.284,173.050,174.691,176.206,177.592,178.848,179.973,180.964,181.820,182.537,183.114,183.548,183.835,183.972,183.956,183.781,183.442,182.935,182.253,181.390,180.337,179.085,177.625,175.947,174.037,171.882,169.467,166.774,163.786,160.482,156.837,152.827,148.423,143.596,138.312,132.535,126.227,119.348,111.857,103.714,94.883,85.333,75.044,64.016,52.273,39.876,26.926,13.571,0.000,267.864,535.933,804.425,1073.582,1343.683,1615.060,1888.108,2163.307,2441.231,2722.573,3008.163,3298.992,3596.240,3901.304,4215.836,4541.782,4881.432,5237.474,5613.064,6011.901,6438.327,6897.434,7395.201,7938.661,8536.092,9197.257,9933.685,10759.018,11689.415,12744.035,13945.592,15320.990,16901.988,18725.854,20835.865,23281.414,26117.304,29401.546,33190.601,37530.659,42443.297,47904.517,53819.037,60000.000,60000.000,60000.000,60000.000,60000.000,60000.000,60000.000,60000.000,0.000,1172.398,2339.694,3497.414,4642.119,5771.523,6884.385,7980.297,9059.453,10122.451,11170.128,12203.449,13223.431,14231.091,15227.419,16213.363,17189.817,18157.625,19117.580,20070.427,21016.863,21957.546,22893.096,23824.093,24751.085,25674.583,26595.059,27512.946,28428.629,29342.436,30254.625,31165.368,32074.721,32982.595,33888.701,34792.492,35693.062,36589.028,37478.355,38358.125,39224.231,40070.982,40890.642,41672.942,42404.705,43069.843,43650.094,44126.823,44483.713,44709.163,44796.856,44745.222,44557.050,44239.754,43805.798,43272.097,42657.669,41981.021,41258.429,40503.242,39725.911,38934.370,38134.521,37330.695,36526.038,35722.811,34922.618,34126.575,33335.429,32549.651,31769.497,30995.059,30226.294,29463.057,28705.113,27952.154,27203.814,26459.670,25719.256,24982.067,24247.561,23515.168,22784.293,22054.318,21324.613,20594.532,19863.424,19130.638,18395.527,17657.453,16915.797,16169.966,15419.396,14663.566,13902.002,13134.290,12360.077,11579.087,10791.126,9996.087,9193.959,8384.832,7568.897,6746.451,5917.896,5083.733,4244.561,3401.065,2554.008,1704.220,852.579,0.000
0.000,4.865,9.728,14.585,19.432,24.265,29.080,33.875,38.644,43.384,48.092,52.765,57.397,61.987,66.530,71.023,75.463,79.846,84.170,88.431,92.627,96.754,100.809,104.790,108.693,112.518,116.260,119.918,123.490,126.972,130.363,133.661,136.865,139.972,142.980,145.888,148.694,151.397,153.995,156.487,158.871,161.146,163.311,165.364,167.305,169.132,170.843,172.437,173.913,175.269,176.504,177.616,178.602,179.461,180.190,180.786,181.247,181.569,181.748,181.779,181.659,181.381,180.939,180.326,179.534,178.554,177.377,175.990,174.380,172.535,170.436,168.068,165.408,162.435,159.123,155.445,151.368,146.859,141.878,136.384,130.332,123.670,116.346,108.308,99.500,89.873,79.386,68.017,55.774,42.706,28.925,14.607,0.000,234.984,470.178,705.802,942.099,1179.346,1417.869,1658.054,1900.360,2145.339,2393.649,2646.078,2903.562,3167.215,3438.353,3718.533,4009.591,4313.687,4633.364,4971.611,5331.945,5718.503,6136.160,6590.666,7088.818,7638.667,8249.769,8933.501,9703.438,10575.822,11570.130,12709.754,14022.808,15543.047,17310.848,19374.131,21788.952,24619.236,27934.730,31805.648,36291.865,41424.343,47178.094,53441.695,60000.000,60000.000,60000.000,60000.000,60000.000,60000.000,60000.000,60000.000,0.000,1197.208,2387.395,3564.650,4724.773,5865.305,6985.233,8084.576,9164.024,10224.642,11267.681,12294.442,13306.207,14304.192,15289.536,16263.285,17226.402,18179.767,19124.185,20060.393,20989.068,21910.828,22826.243,23735.832,24640.067,25539.372,26434.121,27324.630,28211.152,29093.867,29972.861,30848.108,31719.442,32586.515,33448.749,34305.268,35154.808,35995.599,36825.222,37640.411,38436.825,39208.781,39948.973,40648.242,41295.492,41877.904,42381.620,42792.958,43099.979,43293.839,43369.422,43325.388,43164.096,42891.605,42517.554,42054.516,41516.656,40918.206,40272.293,39590.287,38881.611,38153.827,37412.877,36663.361,35908.797,35151.855,34394.539,33638.336,32884.330,32133.288,31385.728,30641.964,29902.151,29166.308,28434.343,27706.072,26981.228,26259.478,25540.426,24823.625,24108.580,23394.756,22681.584,21968.464,21254.772,20539.864,19823.083,19103.765,18381.244,17654.860,16923.969,16187.945,15446.195,14698.166,13943.353,13181.310,12411.663,11634.115,10848.460,10054.586,9252.492,8442.285,7624.191,6798.554,5965.837,5126.622,4281.599,3431.563,2577.396,1720.060,860.574,0.000
0.000,4.705,9.408,14.105,18.794,23.469,28.128,32.767,37.383,41.972,46.530,51.056,55.544,59.992,64.396,68.754,73.063,77.318,81.518,85.660,89.740,93.756,97.706,101.586,105.395,109.130,112.789,116.369,119.868,123.285,126.617,129.863,133.022,136.090,139.068,141.953,144.743,147.439,150.037,152.538,154.939,157.240,159.440,161.537,163.530,165.419,167.202,168.877,170.444,171.902,173.249,174.482,175.601,176.603,177.486,178.247,178.884,179.394,179.772,180.014,180.115,180.071,179.875,179.519,178.996,178.296,177.410,176.326,175.030,173.507,171.742,169.714,167.403,164.785,161.832,158.514,154.796,150.640,146.002,140.835,135.084,128.689,121.584,113.700,104.962,95.295,84.629,72.909,60.111,46.260,31.465,15.936,0.000,201.896,403.994,606.506,809.665,1013.733,1219.018,1425.878,1634.741,1846.115,2060.607,2278.937,2501.964,2730.703,2966.359,3210.353,3464.362,3730.362,4010.684,4308.073,4625.764,4967.580,5338.036,5742.484,6187.279,6679.988,7229.653,7847.112,8545.410,9340.306,10250.909,11300.485,12517.442,13936.545,15600.360,17560.860,19881.027,22635.958,25912.491,29805.396,34406.808,39784.117,45941.820,52769.649,60000.000,60000.000,60000.000,60000.000,60000.000,60000.000,60000.000,60000.000,0.000,1229.058,2448.060,3649.064,4827.073,5979.760,7106.742,8208.841,9287.522,10344.524,11381.631,12400.561,13402.898,14390.082,15363.400,16324.001,17272.908,18211.031,19139.180,20058.080,20968.378,21870.652,22765.418,23653.130,24534.188,25408.931,26277.638,27140.517,27997.703,28849.240,29695.065,30534.984,31368.645,32195.495,33014.733,33825.243,34625.518,35413.556,36186.737,36941.683,37674.087,38378.551,39048.431,39675.764,40251.318,40764.861,41205.720,41563.609,41829.602,41996.991,42061.807,42023.016,41882.551,41645.229,41318.516,40911.985,40436.468,39903.096,39322.497,38704.259,38056.681,37386.719,36700.078,36001.359,35294.226,34581.570,33865.647,33148.205,32430.576,31713.758,30998.478,30285.239,29574.359,28866.002,28160.203,27456.885,26755.872,26056.909,25359.665,24663.743,23968.690,23274.002,22579.129,21883.482,21186.442,20487.358,19785.562,19080.370,18371.091,17657.036,16937.524,16211.892,15479.507,14739.773,13992.144,13236.137,12471.340,11697.430,10914.177,10121.461,9319.279,8507.755,7687.144,6857.838,6020.367,5175.394,4323.714,3466.239,2603.987,1738.069,869.664,0.000
0.000,4.552,9.101,13.646,18.181,22.706,27.214,31.705,36.173,40.617,45.032,49.416,53.766,58.078,62.350,66.579,70.761,74.894,78.975,83.003,86.972,90.883,94.732,98.517,102.234,105.884,109.463,112.969,116.400,119.755,123.032,126.229,129.346,132.379,135.329,138.193,140.970,143.660,146.261,148.773,151.193,153.522,155.758,157.900,159.948,161.900,163.756,165.514,167.174,168.734,170.194,171.550,172.804,173.951,174.990,175.918,176.734,177.434,178.014,178.470,178.799,178.993,179.047,178.955,178.709,178.298,177.713,176.943,175.973,174.789,173.373,171.706,169.766,167.527,164.960,162.034,158.711,154.949,150.701,145.911,140.519,134.453,127.635,119.977,111.381,101.740,90.947,78.897,65.512,50.769,34.744,17.675,0.000,168.605,337.396,506.564,676.321,846.905,1018.591,1191.700,1366.611,1543.775,1723.726,1907.101,2094.653,2287.276,2486.028,2692.158,2907.141,3132.716,3370.938,3624.231,3895.460,4188.016,4505.921,4853.957,5237.826,5664.354,6141.741,6679.884,7290.786,7989.081,8792.717,9723.836,10809.928,12085.332,13593.186,15387.923,17538.337,20131.078,23273.881,27096.637,31745.855,37363.496,44035.421,51695.082,60000.000,60000.000,60000.000,60000.000,60000.000,60000.000,60000.000,60000.000,0.000,1270.983,2526.755,3756.517,4954.751,6119.990,7253.216,8356.614,9432.802,10484.410,11513.881,12523.402,13514.883,14489.984,15450.136,16396.575,17330.369,18252.445,19163.608,20064.559,20955.907,21838.185,22711.849,23577.292,24434.837,25284.743,26127.199,26962.318,27790.125,28610.549,29423.399,30228.345,31024.886,31812.315,32589.670,33355.679,34108.690,34846.591,35566.710,36265.717,36939.509,37583.120,38190.651,38755.280,39269.366,39724.713,40113.001,40426.366,40658.040,40802.930,40858.012,40822.539,40698.086,40488.473,40199.528,39838.680,39414.380,38935.465,38410.597,37847.838,37254.406,36636.567,35999.640,35348.060,34685.474,34014.851,33338.581,32658.571,31976.323,31293.006,30609.507,29926.475,29244.365,28563.462,27883.907,27205.714,26528.789,25852.943,25177.900,24503.309,23828.749,23153.742,22477.751,21800.195,21120.448,20437.852,19751.718,19061.335,18365.981,17664.927,16957.448,16242.834,15520.398,14789.495,14049.524,13299.952,12540.320,11770.264,10989.522,10197.954,9395.550,8582.439,7758.907,6925.390,6082.486,5230.950,4371.685,3505.738,2634.279,1758.587,880.021,0.000
0.000,4.404,8.807,13.204,17.594,21.973,26.337,30.685,35.012,39.316,43.594,47.843,52.060,56.242,60.386,64.491,68.552,72.568,76.536,80.453,84.318,88.128,91.880,95.573,99.204,102.773,106.275,109.711,113.078,116.375,119.599,122.751,125.828,128.829,131.753,134.599,137.365,140.052,142.658,145.181,147.623,149.981,152.254,154.443,156.546,158.563,160.493,162.336,164.089,165.754,167.327,168.809,170.197,171.491,172.687,173.785,174.783,175.675,176.461,177.135,177.694,178.132,178.443,178.621,178.658,178.545,178.272,177.827,177.197,176.366,175.318,174.031,172.485,170.652,168.503,166.003,163.115,159.792,155.984,151.631,146.664,141.005,134.559,127.222,118.869,109.361,98.539,86.236,72.286,56.569,39.073,20.020,0.000,135.130,270.419,406.032,542.151,678.976,816.742,955.720,1096.229,1238.647,1383.423,1531.087,1682.271,1837.721,1998.320,2165.111,2339.327,2522.424,2716.122,2922.454,3143.829,3383.104,3643.676,3929.596,4245.715,4597.861,4993.074,5439.898,5948.768,6532.516,7207.042,7992.215,8913.103,10001.667,11299.130,12859.309,14753.322,17076.137,19955.316,23561.417,28116.479,33888.591,41141.287,49975.259,60000.000,60000.000,60000.000,60000.000,60000.000,60000.000,60000.000,60000.000,0.000,1328.139,2631.495,3895.545,5115.483,6292.305,7429.600,8531.691,9602.766,10646.545,11666.206,12664.414,13643.390,14604.984,15550.742,16481.957,17399.721,18304.952,19198.434,20080.830,20952.704,21814.532,22666.710,23509.561,24343.339,25168.223,25984.320,26791.654,27590.157,28379.660,29159.867,29930.341,30690.471,31439.440,32176.184,32899.343,33607.205,34297.638,34968.026,35615.193,36235.339,36823.993,37375.999,37885.562,38346.376,38751.846,39095.428,39371.036,39573.488,39698.904,39745.003,39711.273,39599.018,39411.287,39152.687,38829.077,38447.160,38014.049,37536.854,37022.362,36476.815,35905.788,35314.146,34706.062,34085.061,33454.084,32815.564,32171.486,31523.457,30872.757,30220.387,29567.112,28913.489,28259.900,27606.572,26953.598,26300.950,25648.494,24996.002,24343.158,23689.569,23034.773,22378.243,21719.396,21057.598,20392.171,19722.401,19047.545,18366.837,17679.500,16984.756,16281.835,15569.988,14848.503,14116.714,13374.023,12619.912,11853.959,11075.859,10285.437,9482.664,8667.674,7840.768,7002.430,6153.327,5294.308,4426.401,3550.797,2668.840,1781.998,891.839,0.000
0.000,4.263,8.524,12.781,17.030,21.269,25.495,29.706,33.897,38.067,42.213,46.332,50.422,54.479,58.501,62.487,66.432,70.336,74.195,78.007,81.771,85.484,89.144,92.750,96.298,99.789,103.219,106.588,109.894,113.135,116.310,119.419,122.459,125.430,128.331,131.161,133.919,136.604,139.216,141.754,144.217,146.606,148.918,151.155,153.314,155.397,157.403,159.330,161.178,162.948,164.636,166.243,167.768,169.210,170.566,171.836,173.016,174.104,175.098,175.993,176.786,177.473,178.046,178.501,178.830,179.023,179.071,178.963,178.686,178.224,177.561,176.677,175.548,174.148,172.448,170.412,168.000,165.166,161.856,158.006,153.542,148.377,142.408,135.511,127.540,118.319,107.634,95.237,80.842,64.156,44.964,23.335,0.000,101.496,203.118,304.996,407.273,510.107,613.682,718.209,823.938,931.162,1040.230,1151.554,1265.624,1383.017,1504.419,1630.639,1762.633,1901.532,2048.671,2205.635,2374.299,2556.895,2756.081,2975.036,3217.576,3488.303,3792.797,4137.866,4531.872,4985.174,5510.720,6124.880,6848.603,7709.104,8742.357,9996.861,11539.506,13464.833,15909.830,19077.236,23270.054,28933.103,36665.878,47064.668,60000.000,60000.000,60000.000,60000.000,60000.000,60000.000,60000.000,60000.000,0.000,1410.099,2775.575,4078.735,5319.390,6504.221,7641.272,8737.878,9800.131,10832.916,11840.110,12824.792,13789.421,14735.973,15666.051,16580.961,17481.778,18369.390,19244.533,20107.818,20959.747,21800.733,22631.106,23451.118,24260.952,25060.712,25850.428,26630.047,27399.421,28158.298,28906.303,29642.916,30367.452,31079.027,31776.521,32458.543,33123.384,33768.967,34392.799,34991.926,35562.897,36101.750,36604.024,37064.828,37478.962,37841.102,38146.064,38389.098,38566.208,38674.432,38712.062,38678.776,38575.672,38405.220,38171.113,37878.041,37531.401,37136.986,36700.683,36228.223,35724.992,35195.914,34645.390,34077.282,33494.926,32901.170,32298.416,31688.669,31073.580,30454.498,29832.497,29208.420,28582.903,27956.401,27329.209,26701.480,26073.241,25444.403,24814.774,24184.066,23551.908,22917.846,22281.355,21641.846,20998.668,20351.119,19698.451,19039.878,18374.584,17701.736,17020.487,16329.998,15629.445,14918.032,14195.015,13459.713,12711.531,11949.975,11174.680,10385.420,9582.136,8764.948,7934.174,7090.335,6234.170,5366.629,4488.872,3602.258,2708.320,1808.746,905.343,0.000
0.000,4.127,8.252,12.374,16.488,20.594,24.687,28.765,32.826,36.868,40.887,44.882,48.849,52.786,56.691,60.562,64.397,68.192,71.947,75.659,79.326,82.947,86.518,90.040,93.509,96.926,100.287,103.592,106.839,110.028,113.157,116.225,119.231,122.175,125.054,127.870,130.621,133.306,135.926,138.479,140.966,143.386,145.739,148.024,150.242,152.391,154.472,156.485,158.429,160.303,162.107,163.842,165.504,167.095,168.612,170.054,171.419,172.705,173.910,175.030,176.062,177.000,177.842,178.579,179.206,179.714,180.094,180.334,180.423,180.346,180.087,179.624,178.937,177.999,176.780,175.246,173.356,171.063,168.311,165.035,161.158,156.589,151.216,144.905,137.489,128.762,118.463,106.254,91.701,74.258,53.298,28.359,0.000,67.737,135.560,203.561,271.837,340.498,409.670,479.497,550.151,621.833,694.781,769.276,845.652,924.305,1005.701,1090.394,1179.035,1272.398,1371.397,1477.115,1590.838,1714.096,1848.718,1996.892,2161.250,2344.978,2551.946,2786.897,3055.681,3365.586,3725.786,4147.982,4647.323,5243.790,5964.332,6846.273,7943.007,9333.859,11141.934,13567.645,16953.398,21907.890,29524.455,41617.534,60000.000,60000.000,60000.000,60000.000,60000.000,60000.000,60000.000,60000.000,0.000,1536.707,2982.008,4324.479,5579.187,6763.991,7893.476,8978.518,10027.074,11044.995,12036.653,13005.361,13953.676,14883.592,15796.689,16694.225,17577.216,18446.480,19302.681,20146.356,20977.934,21797.755,22606.073,23403.071,24188.858,24963.468,25726.861,26478.915,27219.415,27948.044,28664.366,29367.807,30057.636,30732.935,31392.571,32035.168,32659.065,33262.290,33842.520,34397.058,34922.818,35416.327,35873.761,36291.009,36663.784,36987.780,37258.871,37473.330,37628.061,37720.803,37750.290,37716.349,37619.932,37463.070,37248.769,36980.841,36663.690,36302.090,35900.954,35465.142,34999.307,34507.783,33994.521,33463.056,32916.502,32357.568,31788.579,31211.510,30628.020,30039.480,29447.008,28851.494,28253.629,27653.918,27052.708,26450.198,25846.455,25241.424,24634.942,24026.741,23416.461,22803.653,22187.788,21568.261,20944.400,20315.470,19680.683,19039.201,18390.150,17732.625,17065.705,16388.464,15699.986,14999.382,14285.806,13558.479,12816.706,12059.905,11287.626,10499.577,9695.649,8875.935,8040.756,7190.667,6326.476,5449.239,4560.263,3661.088,2753.469,1839.343,920.792,0.000
0.000,3.996,7.991,11.982,15.968,19.944,23.909,27.861,31.797,35.715,39.613,43.488,47.337,51.160,54.952,58.713,62.441,66.133,69.788,73.403,76.977,80.509,83.996,87.437,90.831,94.177,97.472,100.716,103.908,107.047,110.132,113.162,116.136,119.054,121.914,124.717,127.463,130.150,132.779,135.349,137.860,140.312,142.706,145.041,147.316,149.532,151.690,153.789,155.828,157.809,159.730,161.591,163.392,165.132,166.811,168.427,169.978,171.464,172.882,174.229,175.502,176.698,177.812,178.838,179.770,180.600,181.321,181.921,182.390,182.713,182.873,182.854,182.633,182.184,181.480,180.486,179.162,177.462,175.331,172.704,169.505,165.639,160.995,155.431,148.775,140.803,131.221,119.631,105.466,87.889,65.618,36.805,0.000,33.890,67.825,101.851,136.017,170.379,205.002,239.959,275.337,311.239,347.784,385.116,423.404,462.849,503.687,546.199,590.716,637.630,687.404,740.590,797.841,859.935,927.804,1002.563,1085.556,1178.412,1283.113,1402.095,1538.370,1695.703,1878.857,2093.939,2348.916,2654.403,3024.907,3480.893,4052.391,4785.663,5756.403,7098.013,9068.003,12220.603,17906.518,29881.013,60000.000,60000.000,60000.000,60000.000,60000.000,60000.000,60000.000,60000.000,0.000,1754.745,3291.312,4658.040,5908.957,7079.158,8190.212,9255.746,10284.761,11283.460,12256.275,13206.464,14136.476,15048.187,15943.050,16822.208,17686.560,18536.818,19373.547,20197.188,21008.084,21806.487,22592.575,23366.455,24128.163,24877.668,25614.864,26339.570,27051.517,27750.337,28435.551,29106.555,29762.596,30402.752,31025.910,31630.739,32215.668,32778.858,33318.184,33831.219,34315.238,34767.231,35183.936,35561.914,35897.636,36187.617,36428.564,36617.545,36752.160,36830.688,36852.206,36816.664,36724.903,36578.629,36380.327,36133.140,35840.711,35507.015,35136.190,34732.379,34299.609,33841.693,33362.161,32864.229,32350.772,31824.337,31287.140,30741.096,30187.832,29628.719,29064.886,28497.249,27926.527,27353.262,26777.833,26200.473,25621.278,25040.217,24457.146,23871.810,23283.853,22692.824,22098.183,21499.305,20895.490,20285.963,19669.886,19046.363,18414.449,17773.161,17121.486,16458.400,15782.879,15093.918,14390.554,13671.884,12937.094,12185.486,11416.503,10629.762,9825.082,9002.513,8162.359,7305.201,6431.912,5543.661,4641.911,3728.410,2805.159,1874.385,938.490,0.000
0.000,3.870,7.740,11.606,15.467,19.319,23.162,26.992,30.808,34.607,38.388,42.147,45.884,49.595,53.280,56.935,60.560,64.153,67.712,71.234,74.720,78.166,81.572,84.936,88.258,91.535,94.768,97.954,101.093,104.184,107.227,110.221,113.165,116.059,118.902,121.694,124.435,127.125,129.764,132.352,134.888,137.374,139.809,142.193,144.526,146.810,149.045,151.230,153.365,155.452,157.489,159.478,161.418,163.308,165.149,166.940,168.679,170.366,171.999,173.575,175.093,176.549,177.939,179.258,180.502,181.663,182.733,183.704,184.563,185.300,185.899,186.342,186.610,186.678,186.520,186.104,185.390,184.336,182.889,180.987,178.555,175.503,171.724,167.080,161.405,154.477,146.010,135.601,122.659,106.225,84.489,53.245,0.000,0.000,0.000,0.000,0.000,0.000,0.000,0.000,0.000,0.000,0.000,0.000,0.000,0.000,0.000,0.000,0.000,0.000,0.000,0.000,0.000,0.000,0.000,0.000,0.000,0.000,0.000,0.000,0.000,0.000,0.000,0.000,0.000,0.000,0.000,0.000,0.000,0.000,0.000,0.000,0.000,0.000,0.000,0.000,0.000,0.000,0.000,0.000,0.000,0.000,0.000,0.000,0.000,2190.988,3770.500,5107.472,6319.511,7453.554,8532.563,9569.598,10572.877,11547.932,12498.656,13427.885,14337.729,15229.787,16105.285,16965.171,17810.178,18640.874,19457.695,20260.968,21050.931,21827.745,22591.502,23342.231,24079.898,24804.405,25515.591,26213.222,26896.985,27566.476,28221.193,28860.515,29483.690,30089.817,30677.827,31246.464,31794.265,32319.546,32820.393,33294.653,33739.944,34153.678,34533.097,34875.333,35177.491,35436.749,35650.484,35816.391,35932.612,35997.849,36011.452,35973.469,35884.664,35746.495,35561.052,35330.966,35059.287,34749.364,34404.708,34028.875,33625.363,33197.525,32748.514,32281.238,31798.340,31302.186,30794.872,30278.224,29753.821,29223.005,28686.897,28146.416,27602.296,27055.097,26505.216,25952.909,25398.289,24841.342,24281.933,23719.814,23154.627,22585.913,22013.114,21435.582,20852.579,20263.286,19666.808,19062.182,18448.383,17824.334,17188.921,16541.005,15879.435,15203.072,14510.810,13801.601,13074.482,12328.611,11563.296,10778.032,9972.540,9146.797,8301.075,7435.965,6552.396,5651.654,4735.372,3805.526,2864.405,1914.568,958.790,0.000
0.000,3.750,7.498,11.244,14.985,18.718,22.443,26.156,29.857,33.541,37.209,40.858,44.485,48.091,51.671,55.225,58.752,62.248,65.714,69.148,72.547,75.912,79.240,82.531,85.783,88.995,92.167,95.298,98.386,101.432,104.435,107.395,110.310,113.182,116.009,118.791,121.529,124.223,126.873,129.479,132.041,134.560,137.036,139.470,141.863,144.214,146.525,148.796,151.027,153.220,155.374,157.490,159.568,161.609,163.612,165.578,167.506,169.395,171.244,173.052,174.816,176.535,178.205,179.823,181.383,182.880,184.308,185.658,186.921,188.084,189.136,190.061,190.839,191.450,191.869,192.066,192.005,191.648,190.944,189.838,188.261,186.131,183.349,179.793,175.312,169.717,162.761,154.122,143.361,129.874,112.876,91.690,68.074,60.052,57.609,57.553,58.730,60.665,63.137,66.038,69.311,72.926,76.869,81.138,85.733,90.664,95.940,101.576,107.587,113.994,120.815,128.074,135.796,144.009,152.742,162.027,171.901,182.400,193.569,205.452,218.102,231.576,245.937,261.257,277.618,295.113,313.850,333.956,355.582,378.905,404.146,431.574,461.529,494.447,530.898,571.649,617.759,670.749,732.891,807.774,901.455,1025.090,1201.558,1484.227,2016.315,3238.746,4492.279,5681.900,6808.137,7883.072,8916.984,9917.311,10889.336,11836.861,12762.669,13668.836,14556.920,15428.107,16283.300,17123.188,17948.290,18758.996,19555.587,20338.259,21107.135,21862.274,22603.677,23331.294,24045.019,24744.696,25430.110,26100.982,26756.967,27397.637,28022.478,28630.871,29222.084,29795.254,30349.376,30883.283,31395.640,31884.930,32349.451,32787.317,33196.471,33574.707,33919.707,34229.098,34500.511,34731.675,34920.503,35065.193,35164.320,35216.922,35222.563,35181.376,35094.071,34961.920,34786.711,34570.676,34316.405,34026.745,33704.706,33353.357,32975.751,32574.843,32153.447,31714.189,31259.484,30791.521,30312.261,29823.434,29326.552,28822.911,28313.609,27799.553,27281.475,26759.939,26235.354,25707.983,25177.949,24645.248,24109.747,23571.198,23029.236,22483.389,21933.078,21377.623,20816.245,20248.075,19672.153,19087.441,18492.823,17887.120,17269.102,16637.494,15991.005,15328.336,14648.215,13949.418,13230.803,12491.350,11730.195,10946.677,10140.381,9311.183,8459.291,7585.283,6690.140,5775.257,4842.454,3893.964,2932.400,1960.710,982.108,0.000
0.000,3.633,7.266,10.895,14.521,18.140,21.751,25.352,28.940,32.515,36.074,39.616,43.139,46.642,50.122,53.579,57.010,60.415,63.791,67.139,70.456,73.742,76.995,80.215,83.400,86.550,89.664,92.741,95.782,98.784,101.749,104.676,107.564,110.415,113.227,116.000,118.736,121.434,124.096,126.720,129.308,131.861,134.379,136.863,139.314,141.732,144.119,146.476,148.803,151.100,153.371,155.613,157.830,160.020,162.186,164.327,166.443,168.535,170.601,172.641,174.653,176.637,178.591,180.510,182.391,184.231,186.023,187.760,189.435,191.038,192.558,193.980,195.289,196.466,197.489,198.332,198.963,199.349,199.444,199.200,198.558,197.446,195.780,193.460,190.363,186.342,181.220,174.786,166.804,157.051,145.464,132.572,120.563,114.530,112.834,113.878,116.708,120.795,125.848,131.708,138.283,145.526,153.417,161.951,171.136,180.986,191.524,202.780,214.784,227.575,241.195,255.688,271.106,287.501,304.935,323.471,343.179,364.136,386.427,410.143,435.386,462.269,490.920,521.478,554.107,588.989,626.337,666.400,709.471,755.900,806.112,860.629,920.104,985.370,1057.506,1137.947,1228.649,1332.356,1453.055,1596.763,1772.973,1997.363,2296.935,2719.062,3342.321,4255.449,5278.026,6319.783,7348.146,8353.702,9335.093,10293.439,11230.416,12147.634,13046.464,13928.015,14793.163,15642.584,16476.792,17296.168,18100.983,18891.423,19667.595,20429.551,21177.287,21910.754,22629.859,23334.472,24024.419,24699.485,25359.407,26003.873,26632.509,27244.877,27840.461,28418.661,28978.777,29520.000,30041.399,30541.915,31020.347,31475.349,31905.430,32308.961,32684.185,33029.241,33342.201,33621.111,33864.055,34069.212,34234.939,34359.838,34442.834,34483.237,34480.787,34435.688,34348.614,34220.698,34053.493,33848.922,33609.211,33336.811,33034.320,32704.410,32349.753,31972.967,31576.562,31162.909,30734.209,30292.479,29839.544,29377.030,28906.370,28428.809,27945.404,27457.042,26964.441,26468.159,25968.605,25466.043,24960.601,24452.272,23940.926,23426.306,22908.038,22385.632,21858.483,21325.876,20786.989,20240.893,19686.561,19122.869,18548.603,17962.471,17363.109,16749.096,16118.973,15471.263,14804.496,14117.241,13408.142,12675.958,11919.614,11138.245,10331.258,9498.383,8639.729,7755.834,6847.705,5916.849,4965.282,3995.521,3010.554,2013.782,1008.941,0.000
0.000,3.521,7.041,10.560,14.074,17.583,21.084,24.576,28.057,31.525,34.980,38.419,41.842,45.246,48.629,51.992,55.332,58.648,61.939,65.204,68.442,71.651,74.832,77.983,81.104,84.194,87.252,90.278,93.272,96.233,99.161,102.057,104.920,107.750,110.548,113.313,116.048,118.751,121.424,124.067,126.681,129.268,131.827,134.361,136.869,139.354,141.817,144.258,146.679,149.081,151.466,153.835,156.189,158.529,160.856,163.171,165.476,167.769,170.052,172.325,174.587,176.838,179.076,181.299,183.505,185.691,187.853,189.985,192.080,194.132,196.131,198.066,199.923,201.686,203.338,204.855,206.213,207.381,208.324,209.000,209.361,209.349,208.899,207.934,206.365,204.094,201.013,197.019,192.036,186.077,179.370,172.583,167.084,164.682,165.325,168.425,173.435,179.965,187.761,196.667,206.591,217.485,229.328,242.120,255.877,270.624,286.397,303.239,321.200,340.335,360.707,382.385,405.443,429.963,456.032,483.748,513.215,544.546,577.867,613.313,651.037,691.205,734.002,779.639,828.351,880.408,936.119,995.847,1060.013,1129.123,1203.784,1284.738,1372.903,1469.437,1575.824,1694.001,1826.550,1976.991,2150.230,2353.274,2596.334,2894.482,3269.787,3752.803,4378.506,5162.757,6044.659,6971.137,7911.046,8848.592,9776.352,10691.050,11591.379,12476.929,13347.678,14203.747,15045.290,15872.439,16685.289,17483.888,18268.241,19038.310,19794.021,20535.269,21261.920,21973.812,22670.757,23352.544,24018.933,24669.654,25304.403,25922.837,26524.567,27109.150,27676.084,28224.793,28754.623,29264.830,29754.571,30222.897,30668.751,31090.957,31488.232,31859.186,32202.340,32516.147,32799.019,33049.371,33265.665,33446.462,33590.484,33696.670,33764.230,33792.695,33781.952,33732.269,33644.297,33519.063,33357.941,33162.613,32935.015,32677.277,32391.667,32080.523,31746.203,31391.028,31017.247,30627.000,30222.290,29804.971,29376.734,28939.101,28493.423,28040.880,27582.489,27119.102,26651.416,26179.979,25705.190,25227.308,24746.459,24262.633,23775.692,23285.372,22791.285,22292.919,21789.642,21280.701,20765.225,20242.225,19710.598,19169.131,18616.505,18051.298,17472.003,16877.035,16264.747,15633.455,14981.464,14307.097,13608.742,12884.894,12134.211,11355.573,10548.153,9711.480,8845.516,7950.713,7028.082,6079.224,5106.361,4112.329,3100.546,2074.944,1039.878,0.000
0.000,3.413,6.826,10.236,13.643,17.045,20.440,23.828,27.205,30.571,33.925,37.265,40.590,43.899,47.189,50.461,53.713,56.943,60.151,63.337,66.498,69.635,72.746,75.831,78.889,81.921,84.925,87.902,90.851,93.772,96.665,99.530,102.369,105.180,107.964,110.723,113.456,116.164,118.848,121.510,124.150,126.770,129.370,131.952,134.518,137.069,139.605,142.130,144.645,147.150,149.649,152.143,154.632,157.120,159.607,162.096,164.587,167.082,169.581,172.086,174.598,177.115,179.639,182.168,184.701,187.236,189.772,192.303,194.826,197.335,199.823,202.282,204.701,207.068,209.368,211.585,213.698,215.682,217.512,219.155,220.573,221.726,222.566,223.042,223.099,222.682,221.745,220.264,218.264,215.869,213.372,211.319,210.520,211.800,215.369,221.071,228.651,237.877,248.572,260.616,273.939,288.502,304.297,321.332,339.636,359.245,380.210,402.588,426.448,451.865,478.922,507.709,538.327,570.883,605.493,642.284,681.396,722.976,767.191,814.218,864.255,917.521,974.258,1034.736,1099.263,1168.185,1241.900,1320.868,1405.627,1496.812,1595.181,1701.653,1817.351,1943.671,2082.372,2235.705,2406.584,2598.852,2817.627,3069.798,3364.641,3714.481,4134.972,4643.903,5256.197,5972.478,6766.787,7609.141,8476.400,9353.370,10230.780,11103.148,11967.247,12821.161,13663.716,14494.159,15311.970,16116.761,16908.211,17686.037,18449.970,19199.749,19935.111,20655.793,21361.526,22052.034,22727.038,23386.244,24029.349,24656.033,25265.956,25858.751,26434.021,26991.328,27530.188,28050.064,28550.355,29030.391,29489.424,29926.623,30341.074,30731.771,31097.630,31437.489,31750.124,32034.269,32288.641,32511.974,32703.056,32860.774,32984.156,33072.419,33125.014,33141.655,33122.355,33067.437,32977.543,32853.620,32696.903,32508.884,32291.269,32045.930,31774.864,31480.133,31163.828,30828.020,30474.726,30105.880,29723.308,29328.711,28923.653,28509.550,28087.671,27659.133,27224.900,26785.791,26342.474,25895.479,25445.192,24991.866,24535.615,24076.425,23614.151,23148.516,22679.116,22205.417,21726.759,21242.349,20751.266,20252.458,19744.743,19226.815,18697.237,18154.457,17596.807,17022.520,16429.742,15816.554,15181.002,14521.126,13835.010,13120.829,12376.915,11601.827,10794.431,9953.989,9080.246,8173.516,7234.766,6265.673,5268.667,4246.934,3204.387,2145.588,1075.634,0.000
0.000,3.309,6.617,9.923,13.227,16.526,19.819,23.106,26.383,29.651,32.907,36.152,39.383,42.599,45.800,48.984,52.150,55.297,58.426,61.534,64.621,67.687,70.731,73.752,76.750,79.726,82.678,85.607,88.512,91.394,94.253,97.090,99.904,102.697,105.468,108.219,110.951,113.665,116.361,119.041,121.707,124.359,126.999,129.629,132.250,134.865,137.475,140.082,142.688,145.295,147.906,150.522,153.146,155.779,158.425,161.085,163.761,166.456,169.170,171.907,174.666,177.450,180.259,183.094,185.955,188.841,191.752,194.687,197.641,200.613,203.598,206.589,209.581,212.565,215.530,218.464,221.353,224.181,226.928,229.572,232.088,234.450,236.631,238.602,240.336,241.818,243.046,244.049,244.908,245.782,246.949,248.816,251.892,256.643,263.290,271.850,282.234,294.330,308.042,323.298,340.055,358.298,378.034,399.287,422.098,446.520,472.617,500.466,530.150,561.766,595.417,631.215,669.284,709.759,752.782,798.512,847.119,898.786,953.715,1012.125,1074.259,1140.381,1210.786,1285.802,1365.797,1451.186,1542.445,1640.117,1744.834,1857.336,1978.498,2109.364,2251.199,2405.548,2574.318,2759.889,2965.261,3194.238,3451.664,3743.687,4077.993,4463.874,4911.765,5431.698,6029.963,6704.240,7440.951,8222.326,9032.139,9857.811,10690.366,11523.635,12353.430,13176.890,13992.013,14797.355,15591.833,16374.592,17144.935,17902.263,18646.045,19375.802,20091.085,20791.475,21476.570,22145.983,22799.341,23436.275,24056.421,24659.414,25244.881,25812.440,26361.690,26892.207,27403.536,27895.182,28366.608,28817.224,29246.381,29653.372,30037.424,30397.701,30733.308,31043.297,31326.680,31582.448,31809.588,32007.116,32174.103,32309.714,32413.240,32484.135,32522.049,32526.857,32498.678,32437.888,32345.124,32221.279,32067.479,31885.066,31675.561,31440.630,31182.045,30901.640,30601.281,30282.823,29948.084,29598.816,29236.682,28863.245,28479.947,28088.108,27688.912,27283.412,26872.521,26457.017,26037.540,25614.598,25188.561,24759.670,24328.030,23893.620,23456.283,23015.732,22571.547,22123.174,21669.921,21210.958,20745.312,20271.870,19789.370,19296.405,18791.423,18272.727,17738.481,17186.719,16615.360,16022.223,15405.058,14761.581,14089.517,13386.660,12650.945,11880.527,11073.884,10229.917,9348.067,8428.433,7471.873,6480.103,5455.754,4402.396,3324.511,2227.406,1117.075,0.000
0.000,3.208,6.415,9.622,12.825,16.025,19.220,22.408,25.589,28.761,31.924,35.076,38.216,41.343,44.457,47.556,50.639,53.707,56.758,59.791,62.807,65.804,68.782,71.742,74.682,77.603,80.504,83.386,86.249,89.094,91.920,94.728,97.519,100.293,103.052,105.796,108.527,111.245,113.953,116.651,119.341,122.024,124.703,127.379,130.055,132.733,135.414,138.101,140.796,143.503,146.223,148.960,151.716,154.493,157.295,160.124,162.983,165.875,168.802,171.767,174.773,177.822,180.915,184.054,187.243,190.480,193.768,197.106,200.495,203.932,207.418,210.948,214.520,218.129,221.769,225.434,229.115,232.803,236.487,240.154,243.794,247.392,250.940,254.428,257.856,261.236,264.599,268.004,271.558,275.425,279.843,285.122,291.606,299.605,309.315,320.817,334.116,349.182,365.982,384.489,404.696,426.613,450.265,475.695,502.960,532.130,563.285,596.519,631.934,669.645,709.776,752.462,797.850,846.099,897.380,951.879,1009.796,1071.348,1136.773,1206.327,1280.291,1358.976,1442.722,1531.907,1626.955,1728.339,1836.598,1952.344,2076.281,2209.226,2352.135,2506.133,2672.564,2853.035,3049.493,3264.306,3500.368,3761.213,4051.147,4375.336,4739.821,5151.309,5616.574,6141.225,6727.786,7373.646,8070.534,8807.165,9572.118,10355.481,11149.354,11947.720,12746.084,13541.097,14330.239,15111.574,15883.576,16645.012,17394.853,18132.219,18856.339,19566.526,20262.158,20942.662,21607.511,22256.210,22888.296,23503.327,24100.885,24680.561,25241.960,25784.687,26308.347,26812.533,27296.827,27760.786,28203.939,28625.784,29025.777,29403.335,29757.827,30088.581,30394.886,30675.995,30931.139,31159.543,31360.439,31533.091,31676.821,31791.036,31875.253,31929.130,31952.493,31945.350,31907.917,31840.620,31744.099,31619.205,31466.983,31288.657,31085.599,30859.307,30611.368,30343.428,30057.160,29754.237,29436.302,29104.947,28761.693,28407.972,28045.118,27674.355,27296.791,26913.414,26525.086,26132.545,25736.402,25337.138,24935.109,24530.543,24123.536,23714.056,23301.940,22886.889,22468.470,22046.108,21619.084,21186.532,20747.434,20300.611,19844.724,19378.270,18899.572,18406.787,17897.902,17370.739,16822.968,16252.122,15655.620,15030.805,14374.987,13685.510,12959.826,12195.593,11390.788,10543.842,9653.778,8720.366,7744.271,6727.181,5671.907,4582.429,3463.885,2322.470,1165.267,0.000
0.000,3.110,6.221,9.330,12.437,15.541,18.640,21.734,24.821,27.901,30.973,34.035,37.087,40.128,43.158,46.174,49.178,52.168,55.144,58.104,61.051,63.981,66.896,69.795,72.679,75.546,78.398,81.235,84.057,86.864,89.658,92.438,95.206,97.963,100.709,103.446,106.175,108.898,111.616,114.330,117.043,119.757,122.474,125.195,127.923,130.661,133.411,136.176,138.959,141.763,144.591,147.445,150.329,153.247,156.202,159.197,162.235,165.322,168.458,171.649,174.899,178.209,181.583,185.026,188.539,192.126,195.789,199.531,203.353,207.257,211.244,215.315,219.470,223.709,228.030,232.432,236.913,241.470,246.101,250.804,255.577,260.421,265.341,270.346,275.455,280.701,286.135,291.836,297.918,304.538,311.899,320.242,329.823,340.873,353.564,368.003,384.245,402.315,422.227,443.995,467.643,493.205,520.732,550.282,581.932,615.768,651.889,690.404,731.436,775.118,821.594,871.022,923.570,979.423,1038.776,1101.844,1168.855,1240.057,1315.720,1396.136,1481.623,1572.530,1669.239,1772.172,1881.799,1998.642,2123.289,2256.405,2398.746,2551.181,2714.712,2890.503,3079.920,3284.569,3506.351,3747.516,4010.732,4299.146,4616.422,4966.741,5354.699,5785.026,6262.063,6788.912,7366.386,7992.107,8660.465,9363.780,10093.792,10842.753,11603.971,12371.935,13142.223,13911.320,14676.425,15435.283,16186.053,16927.201,17657.426,18375.607,19080.758,19772.006,20448.563,21109.717,21754.820,22383.274,22994.532,23588.087,24163.467,24720.230,25257.958,25776.254,26274.731,26753.011,27210.715,27647.459,28062.848,28456.468,28827.885,29176.640,29502.247,29804.194,30081.944,30334.944,30562.629,30764.438,30939.826,31088.283,31209.353,31302.655,31367.907,31404.946,31413.747,31394.443,31347.332,31272.888,31171.761,31044.774,30892.910,30717.298,30519.194,30299.955,30061.018,29803.870,29530.024,29240.993,28938.272,28623.311,28297.503,27962.165,27618.530,27267.736,26910.817,26548.699,26182.197,25812.007,25438.711,25062.769,24684.519,24304.176,23921.830,23537.442,23150.840,22761.720,22369.635,21973.997,21574.063,21168.937,20757.555,20338.684,19910.910,19472.631,19022.054,18557.185,18075.828,17575.585,17053.862,16507.877,15934.686,15331.211,14694.287,14020.727,13307.405,12551.366,11749.960,10900.999,10002.938,9055.073,8057.743,7012.510,5922.316,4791.572,3626.161,2433.339,1221.529,0.000
0.000,3.016,6.032,9.047,12.061,15.072,18.078,21.081,24.078,27.068,30.051,33.027,35.994,38.951,41.899,44.836,47.762,50.677,53.579,56.470,59.348,62.214,65.067,67.908,70.736,73.551,76.355,79.148,81.929,84.700,87.462,90.215,92.960,95.699,98.432,101.161,103.888,106.614,109.341,112.072,114.807,117.549,120.301,123.065,125.844,128.641,131.458,134.298,137.165,140.063,142.994,145.963,148.972,152.027,155.131,158.288,161.503,164.779,168.121,171.534,175.023,178.591,182.243,185.984,189.819,193.752,197.786,201.928,206.182,210.550,215.037,219.648,224.386,229.254,234.256,239.396,244.677,250.105,255.684,261.421,267.326,273.410,279.690,286.192,292.948,300.006,307.431,315.313,323.765,332.934,342.995,354.146,366.591,380.518,396.083,413.404,432.564,453.623,476.632,501.637,528.690,557.850,589.189,622.786,658.734,697.137,738.113,781.789,828.304,877.813,930.478,986.478,1046.004,1109.264,1176.477,1247.884,1323.741,1404.325,1489.936,1580.896,1677.558,1780.305,1889.556,2005.769,2129.453,2261.168,2401.540,2551.271,2711.150,2882.074,3065.062,3261.283,3472.083,3699.012,3943.866,4208.718,4495.947,4808.266,5148.706,5520.566,5927.268,6372.100,6857.808,7386.052,7956.820,8568.020,9215.534,9893.800,10596.625,11317.886,12051.966,12793.957,13539.692,14285.680,15029.010,15767.242,16498.319,17220.486,17932.225,18632.212,19319.277,19992.376,20650.577,21293.037,21918.994,22527.757,23118.701,23691.256,24244.905,24779.175,25293.636,25787.891,26261.569,26714.324,27145.827,27555.756,27943.795,28309.628,28652.932,28973.374,29270.611,29544.288,29794.040,30019.497,30220.286,30396.048,30546.441,30671.162,30769.954,30842.627,30889.080,30909.305,30903.416,30871.653,30814.391,30732.153,30625.601,30495.540,30342.906,30168.755,29974.248,29760.629,29529.207,29281.339,29018.401,28741.772,28452.814,28152.856,27843.176,27524.989,27199.436,26867.576,26530.374,26188.701,25843.325,25494.905,25143.994,24791.032,24436.344,24080.133,23722.483,23363.352,23002.567,22639.817,22274.652,21906.473,21534.522,21157.877,20775.440,20385.927,19987.858,19579.542,19159.072,18724.306,18272.867,17802.130,17309.225,16791.037,16244.225,15665.245,15050.392,14395.863,13697.847,12952.643,12156.812,11307.368,10402.002,9439.336,8419.194,7342.865,6213.331,5035.425,3815.875,2563.214,1287.518,0.000
0.000,2.925,5.850,8.774,11.696,14.617,17.534,20.448,23.357,26.260,29.158,32.050,34.934,37.810,40.679,43.538,46.389,49.230,52.062,54.884,57.696,60.499,63.292,66.075,68.849,71.614,74.370,77.119,79.861,82.596,85.326,88.051,90.773,93.494,96.214,98.935,101.658,104.387,107.123,109.867,112.622,115.392,118.177,120.982,123.809,126.661,129.542,132.455,135.403,138.391,141.423,144.502,147.633,150.820,154.069,157.383,160.769,164.231,167.773,171.403,175.126,178.946,182.871,186.905,191.056,195.329,199.731,204.268,208.947,213.774,218.757,223.902,229.218,234.710,240.388,246.261,252.338,258.629,265.149,271.910,278.933,286.238,293.854,301.815,310.169,318.973,328.301,338.245,348.920,360.461,373.024,386.779,401.897,418.545,436.867,456.985,479.001,503.000,529.058,557.248,587.646,620.335,655.405,692.955,733.097,775.952,821.655,870.351,922.199,977.369,1036.045,1098.426,1164.725,1235.170,1310.006,1389.496,1473.923,1563.590,1658.824,1759.979,1867.434,1981.604,2102.937,2231.925,2369.104,2515.067,2670.464,2836.021,3012.545,3200.938,3402.217,3617.525,3848.156,4095.574,4361.432,4647.591,4956.125,5289.319,5649.630,6039.612,6461.774,6918.368,7411.094,7940.750,8506.907,9107.712,9739.950,10399.365,11081.137,11780.319,12492.175,13212.369,13937.050,14662.849,15386.847,16106.518,16819.665,17524.374,18218.959,18901.929,19571.954,20227.847,20868.541,21493.073,22100.580,22690.284,23261.488,23813.565,24345.960,24858.175,25349.771,25820.356,26269.586,26697.151,27102.777,27486.210,27847.221,28185.593,28501.118,28793.593,29062.818,29308.593,29530.721,29729.007,29903.265,30053.322,30179.029,30280.270,30356.974,30409.127,30436.785,30440.089,30419.272,30374.673,30306.744,30216.048,30103.269,29969.199,29814.742,29640.894,29448.740,29239.430,29014.173,28774.209,28520.800,28255.210,27978.689,27692.456,27397.689,27095.512,26786.984,26473.090,26154.736,25832.739,25507.825,25180.621,24851.654,24521.346,24190.010,23857.845,23524.931,23191.227,22856.563,22520.630,22182.980,21843.010,21499.958,21152.886,20800.671,20441.991,20075.309,19698.858,19310.625,18908.333,18489.427,18051.059,17590.075,17103.017,16586.119,16035.328,15446.337,14814.640,14135.621,13404.680,12617.400,11769.771,10858.466,9881.164,8836.910,7726.490,6552.771,5320.961,4038.732,2716.142,1365.334,0.000
0.000,2.836,5.672,8.508,11.343,14.176,17.006,19.834,22.657,25.477,28.292,31.101,33.905,36.703,39.494,42.278,45.055,47.825,50.587,53.343,56.090,58.831,61.565,64.292,67.013,69.728,72.438,75.143,77.846,80.545,83.244,85.941,88.640,91.342,94.048,96.759,99.479,102.209,104.951,107.708,110.482,113.276,116.093,118.936,121.808,124.713,127.654,130.636,133.662,136.736,139.864,143.049,146.296,149.612,153.000,156.467,160.018,163.659,167.397,171.238,175.188,179.255,183.445,187.766,192.225,196.832,201.593,206.518,211.615,216.893,222.363,228.035,233.918,240.026,246.371,252.965,259.825,266.967,274.410,282.177,290.293,298.790,307.704,317.080,326.972,337.447,348.583,360.475,373.236,386.992,401.886,418.070,435.698,454.919,475.874,498.689,523.476,550.338,579.371,610.670,644.332,680.458,719.159,760.551,804.765,851.939,902.223,955.782,1012.791,1073.439,1137.929,1206.479,1279.322,1356.708,1438.903,1526.195,1618.889,1717.313,1821.819,1932.787,2050.623,2175.766,2308.694,2449.920,2600.006,2759.564,2929.264,3109.842,3302.108,3506.957,3725.383,3958.487,4207.489,4473.745,4758.749,5064.141,5391.699,5743.315,6120.947,6526.544,6961.918,7428.580,7927.529,8459.033,9022.437,9616.070,10237.290,10882.685,11548.354,12230.201,12924.175,13626.433,14333.432,15041.968,15749.169,16452.479,17149.621,17838.563,18517.492,19184.778,19838.960,20478.721,21102.872,21710.348,22300.189,22871.537,23423.629,23955.792,24467.434,24958.038,25427.163,25874.430,26299.524,26702.180,27082.182,27439.355,27773.559,28084.681,28372.632,28637.344,28878.759,29096.833,29291.534,29462.839,29610.739,29735.243,29836.382,29914.218,29968.850,30000.427,30009.154,29995.303,29959.221,29901.341,29822.179,29722.347,29602.547,29463.569,29306.291,29131.665,28940.713,28734.509,28514.173,28280.854,28035.713,27779.914,27514.609,27240.923,26959.946,26672.719,26380.230,26083.398,25783.072,25480.024,25174.943,24868.425,24560.979,24253.010,23944.825,23636.621,23328.481,23020.371,22712.129,22403.458,22093.919,21782.919,21469.696,21153.314,20832.636,20506.318,20172.783,19830.202,19476.475,19109.205,18725.672,18322.814,17897.203,17445.030,16962.089,16443.785,15885.152,15280.893,14625.462,13913.188,13138.456,12295.959,11381.026,10390.029,9320.867,8173.479,6950.354,5656.958,4301.978,2897.305,1457.682,0.000
0.000,2.750,5.500,8.250,11.000,13.747,16.493,19.237,21.978,24.716,27.450,30.179,32.905,35.626,38.341,41.052,43.758,46.458,49.153,51.842,54.527,57.207,59.883,62.555,65.224,67.889,70.553,73.216,75.879,78.543,81.210,83.880,86.555,89.237,91.928,94.629,97.344,100.073,102.820,105.588,108.378,111.194,114.040,116.918,119.832,122.787,125.785,128.831,131.931,135.087,138.306,141.592,144.951,148.389,151.911,155.524,159.235,163.049,166.975,171.019,175.189,179.494,183.942,188.541,193.301,198.232,203.344,208.646,214.151,219.870,225.816,232.001,238.441,245.151,252.147,259.447,267.072,275.043,283.387,292.131,301.310,310.960,321.127,331.861,343.225,355.289,368.137,381.865,396.583,412.411,429.484,447.942,467.927,489.583,513.045,538.442,565.897,595.525,627.438,661.749,698.572,738.027,780.241,825.348,873.494,924.835,979.538,1037.784,1099.765,1165.688,1235.775,1310.261,1389.399,1473.460,1562.730,1657.518,1758.151,1864.981,1978.382,2098.756,2226.534,2362.177,2506.183,2659.088,2821.470,2993.956,3177.224,3372.013,3579.127,3799.443,4033.918,4283.597,4549.618,4833.218,5135.731,5458.583,5803.276,6171.357,6564.367,6983.771,7430.851,7906.584,8411.494,8945.505,9507.835,10096.941,10710.563,11345.842,11999.512,12668.082,13348.024,14035.893,14728.423,15422.572,16115.542,16804.775,17487.947,18162.945,18827.850,19480.923,20120.585,20745.404,21354.088,21945.471,22518.508,23072.268,23605.931,24118.776,24610.183,25079.625,25526.660,25950.931,26352.157,26730.123,27084.682,27415.738,27723.249,28007.213,28267.666,28504.673,28718.325,28908.735,29076.034,29220.369,29341.906,29440.828,29517.340,29571.672,29604.088,29614.886,29604.411,29573.060,29521.285,29449.604,29358.603,29248.934,29121.323,28976.563,28815.512,28639.090,28448.264,28244.048,28027.488,27799.651,27561.615,27314.457,27059.242,26797.014,26528.785,26255.523,25978.150,25697.529,25414.459,25129.672,24843.822,24557.484,24271.147,23985.210,23699.976,23415.645,23132.311,22849.952,22568.424,22287.450,22006.611,21725.333,21442.874,21158.309,20870.508,20578.121,20279.553,19972.936,19656.106,19326.566,18981.459,18617.532,18231.096,17818.001,17373.603,16892.745,16369.754,15798.468,15172.285,14484.283,13727.397,12894.692,11979.744,10977.146,9883.124,8696.266,7418.261,6054.580,4614.946,3113.436,1568.092,0.000
0.000,2.666,5.333,7.999,10.665,13.330,15.994,18.657,21.317,23.975,26.630,29.282,31.931,34.577,37.220,39.858,42.493,45.126,47.754,50.380,53.003,55.623,58.242,60.860,63.477,66.094,68.712,71.332,73.956,76.584,79.218,81.860,84.511,87.173,89.847,92.537,95.245,97.972,100.723,103.498,106.302,109.138,112.009,114.920,117.873,120.873,123.924,127.031,130.199,133.432,136.738,140.119,143.584,147.138,150.788,154.541,158.403,162.384,166.489,170.729,175.111,179.645,184.341,189.209,194.259,199.503,204.953,210.622,216.522,222.668,229.076,235.760,242.740,250.034,257.662,265.646,274.013,282.787,292.002,301.690,311.892,322.650,334.016,346.047,358.809,372.379,386.842,402.295,418.846,436.613,455.724,476.311,498.512,522.464,548.303,576.161,606.167,638.449,673.130,710.338,750.203,792.860,838.451,887.127,939.050,994.391,1053.334,1116.074,1182.821,1253.798,1329.245,1409.416,1494.580,1585.028,1681.066,1783.023,1891.246,2006.107,2128.002,2257.353,2394.611,2540.258,2694.809,2858.816,3032.869,3217.605,3413.704,3621.902,3842.990,4077.816,4327.298,4592.416,4874.222,5173.835,5492.433,5831.246,6191.530,6574.537,6981.465,7413.395,7871.210,8355.497,8866.445,9403.752,9966.555,10553.402,11162.286,11790.726,12435.889,13094.721,13764.079,14440.832,15121.942,15804.509,16485.809,17163.298,17834.619,18497.595,19150.225,19790.670,20417.248,21028.426,21622.813,22199.153,22756.322,23293.323,23809.278,24303.431,24775.137,25223.860,25649.169,26050.731,26428.305,26781.736,27110.947,27415.935,27696.758,27953.533,28186.424,28395.638,28581.418,28744.035,28883.786,29000.990,29095.984,29169.121,29220.778,29251.348,29261.248,29250.925,29220.855,29171.551,29103.569,29017.506,28914.012,28793.783,28657.570,28506.170,28340.431,28161.242,27969.533,27766.261,27552.410,27328.978,27096.969,26857.386,26611.220,26359.439,26102.987,25842.770,25579.649,25314.438,25047.893,24780.709,24513.514,24246.864,23981.236,23717.025,23454.537,23193.982,22935.472,22679.004,22424.462,22171.599,21920.028,21669.209,21418.435,21166.808,20913.228,20656.362,20394.620,20126.125,19848.677,19559.718,19256.284,18934.964,18591.846,18222.465,17821.756,17384.004,16902.812,16371.088,15781.065,15124.390,14392.274,13575.774,12666.210,11655.768,10538.292,9310.263,7971.893,6528.193,4989.819,3373.418,1701.257,0.000
0.000,2.585,5.170,7.755,10.340,12.924,15.508,18.091,20.673,23.253,25.831,28.407,30.982,33.555,36.125,38.694,41.261,43.826,46.390,48.952,51.514,54.076,56.639,59.202,61.768,64.337,66.910,69.487,72.071,74.664,77.265,79.878,82.503,85.143,87.801,90.478,93.177,95.900,98.651,101.433,104.248,107.100,109.994,112.933,115.921,118.962,122.062,125.225,128.457,131.763,135.148,138.620,142.184,145.848,149.618,153.503,157.510,161.647,165.924,170.349,174.934,179.688,184.621,189.745,195.074,200.619,206.394,212.414,218.695,225.252,232.104,239.270,246.770,254.626,262.863,271.506,280.585,290.132,300.182,310.774,321.953,333.767,346.274,359.534,373.619,388.607,404.587,421.656,439.922,459.500,480.514,503.092,527.370,553.483,581.566,611.756,644.188,678.997,716.319,756.294,799.065,844.781,893.599,945.684,1001.212,1060.370,1123.356,1190.381,1261.671,1337.465,1418.018,1503.602,1594.505,1691.033,1793.513,1902.290,2017.732,2140.230,2270.197,2408.076,2554.335,2709.472,2874.017,3048.535,3233.626,3429.930,3638.129,3858.948,4093.160,4341.584,4605.091,4884.600,5181.075,5495.523,5828.982,6182.502,6557.129,6953.867,7373.635,7817.213,8285.180,8777.834,9295.128,9836.600,10401.331,10987.932,11594.566,12219.006,12858.720,13510.964,14172.874,14841.557,15514.149,16187.868,16860.048,17528.155,18189.808,18842.772,19484.969,20114.473,20729.506,21328.440,21909.791,22472.219,23014.524,23535.645,24034.657,24510.766,24963.311,25391.752,25795.672,26174.770,26528.851,26857.827,27161.700,27440.563,27694.587,27924.010,28129.136,28310.319,28467.958,28602.488,28714.378,28804.116,28872.212,28919.194,28945.604,28951.995,28938.938,28907.019,28856.843,28789.035,28704.246,28603.156,28486.472,28354.937,28209.324,28050.440,27879.123,27696.242,27502.690,27299.380,27087.241,26867.210,26640.228,26407.231,26169.141,25926.866,25681.285,25433.248,25183.566,24933.007,24682.291,24432.081,24182.984,23935.542,23690.225,23447.431,23207.474,22970.583,22736.892,22506.430,22279.116,22054.745,21832.977,21613.321,21395.119,21177.527,20959.494,20739.731,20516.685,20288.503,20052.990,19807.565,19549.208,19274.399,18979.052,18658.443,18307.128,17918.871,17486.560,17002.151,16456.635,15840.063,15141.650,14350.023,13453.648,12441.507,11304.083,10034.662,8630.903,7096.519,5442.746,3689.178,1863.522,0.000
0.000,2.505,5.011,7.516,10.022,12.528,15.034,17.540,20.044,22.548,25.052,27.554,30.055,32.556,35.056,37.556,40.056,42.555,45.055,47.556,50.058,52.562,55.068,57.579,60.094,62.615,65.141,67.676,70.221,72.776,75.344,77.927,80.526,83.144,85.782,88.445,91.133,93.850,96.599,99.384,102.207,105.073,107.986,110.949,113.968,117.047,120.190,123.405,126.695,130.067,133.527,137.082,140.738,144.504,148.388,152.396,156.538,160.824,165.262,169.864,174.640,179.601,184.760,190.129,195.722,201.553,207.639,213.995,220.638,227.588,234.865,242.490,250.487,258.881,267.699,276.971,286.730,297.013,307.857,319.308,331.414,344.229,357.812,372.230,387.557,403.875,421.274,439.851,459.715,480.979,503.766,528.202,554.421,582.557,612.748,645.134,679.855,717.055,756.879,799.478,845.005,893.624,945.503,1000.821,1059.769,1122.546,1189.364,1260.450,1336.043,1416.399,1501.788,1592.498,1688.833,1791.117,1899.693,2014.924,2137.196,2266.916,2404.516,2550.455,2705.217,2869.315,3043.291,3227.721,3423.212,3630.405,3849.979,4082.649,4329.166,4590.321,4866.937,5159.874,5470.014,5798.264,6145.532,6512.719,6900.688,7310.241,7742.071,8196.725,8674.546,9175.622,9699.728,10246.288,10814.341,11402.538,12009.153,12632.132,13269.148,13917.669,14575.034,15238.517,15905.379,16572.922,17238.518,17899.635,18553.857,19198.894,19832.591,20452.937,21058.059,21646.238,22215.898,22765.618,23294.126,23800.298,24283.164,24741.899,25175.825,25584.406,25967.244,26324.074,26654.758,26959.278,27237.726,27490.298,27717.284,27919.059,28096.068,28248.824,28377.889,28483.870,28567.409,28629.173,28669.850,28690.138,28690.747,28672.393,28635.795,28581.678,28510.771,28423.810,28321.539,28204.714,28074.102,27930.488,27774.669,27607.463,27429.704,27242.239,27045.932,26841.655,26630.291,26412.721,26189.831,25962.495,25731.578,25497.926,25262.367,25025.699,24788.686,24552.059,24316.504,24082.661,23851.119,23622.410,23397.006,23175.310,22957.654,22744.289,22535.383,22331.004,22131.118,21935.575,21744.095,21556.252,21371.461,21188.951,21007.746,20826.632,20644.129,20458.446,20267.441,20068.563,19858.794,19634.573,19391.713,19125.307,18829.617,18497.956,18122.559,17694.464,17203.395,16637.698,15984.352,15229.123,14356.942,13352.609,12201.942,10893.457,9420.587,7784.273,5995.495,4077.041,2063.660,0.000
0.000,2.427,4.855,7.283,9.712,12.141,14.571,17.001,19.430,21.860,24.290,26.719,29.149,31.580,34.011,36.443,38.877,41.311,43.748,46.187,48.630,51.077,53.529,55.986,58.451,60.923,63.404,65.896,68.400,70.918,73.452,76.004,78.575,81.169,83.786,86.432,89.107,91.816,94.561,97.346,100.174,103.050,105.978,108.962,112.007,115.118,118.301,121.560,124.903,128.335,131.863,135.494,139.236,143.096,147.084,151.207,155.476,159.899,164.489,169.256,174.211,179.367,184.738,190.337,196.180,202.282,208.660,215.334,222.321,229.643,237.322,245.383,253.850,262.753,272.122,281.989,292.392,303.369,314.964,327.225,340.203,353.957,368.549,384.051,400.538,418.094,436.812,456.790,478.136,500.965,525.396,551.557,579.581,609.603,641.762,676.202,713.070,752.515,794.691,839.758,887.880,939.232,993.993,1052.357,1114.523,1180.706,1251.131,1326.037,1405.680,1490.328,1580.267,1675.798,1777.243,1884.941,1999.250,2120.551,2249.245,2385.756,2530.533,2684.048,2846.802,3019.319,3202.154,3395.890,3601.139,3818.546,4048.782,4292.552,4550.588,4823.650,5112.520,5418.001,5740.906,6082.049,6442.231,6822.222,7222.738,7644.413,8087.764,8553.154,9040.747,9550.471,10081.971,10634.584,11207.316,11798.836,12407.492,13031.343,13668.196,14315.663,14971.216,15632.239,16296.078,16960.079,17621.628,18278.176,18927.262,19566.532,20193.750,20806.811,21403.751,21982.753,22542.152,23080.442,23596.278,24088.479,24556.027,24998.071,25413.919,25803.042,26165.067,26499.773,26807.083,27087.057,27339.887,27565.882,27765.461,27939.143,28087.530,28211.298,28311.185,28387.978,28442.503,28475.610,28488.169,28481.056,28455.153,28411.335,28350.474,28273.432,28181.062,28074.205,27953.699,27820.372,27675.051,27518.559,27351.721,27175.362,26990.311,26797.401,26597.466,26391.343,26179.870,25963.881,25744.206,25521.666,25297.073,25071.220,24844.884,24618.817,24393.745,24170.361,23949.326,23731.259,23516.737,23306.289,23100.389,22899.457,22703.845,22513.838,22329.642,22151.376,21979.065,21812.625,21651.851,21496.404,21345.787,21199.329,21056.158,20915.169,20774.990,20633.942,20489.986,20340.667,20183.038,20013.583,19828.109,19621.636,19388.248,19120.935,18811.408,18449.893,18024.915,17523.103,16929.047,16225.275,15392.478,14410.125,13257.688,11916.695,10373.762,8624.526,6677.947,4559.845,2314.083,0.000
0.000,2.351,4.703,7.056,9.409,11.763,14.118,16.473,18.830,21.186,23.544,25.903,28.262,30.624,32.988,35.353,37.721,40.092,42.466,44.845,47.229,49.619,52.016,54.420,56.834,59.258,61.693,64.141,66.605,69.085,71.583,74.103,76.645,79.212,81.808,84.434,87.095,89.792,92.530,95.312,98.142,101.024,103.963,106.964,110.030,113.169,116.385,119.684,123.073,126.558,130.147,133.847,137.666,141.612,145.695,149.924,154.308,158.860,163.589,168.508,173.630,178.968,184.536,190.350,196.426,202.781,209.434,216.404,223.714,231.385,239.442,247.911,256.821,266.202,276.087,286.513,297.519,309.147,321.443,334.461,348.253,362.881,378.413,394.920,412.481,431.184,451.120,472.392,495.105,519.376,545.325,573.079,602.770,634.538,668.522,704.871,743.735,785.270,829.639,877.008,927.553,981.456,1038.909,1100.116,1165.288,1234.651,1308.443,1386.918,1470.341,1558.996,1653.182,1753.216,1859.432,1972.184,2091.848,2218.818,2353.512,2496.367,2647.849,2808.443,2978.663,3159.047,3350.158,3552.589,3766.956,3993.904,4234.101,4488.241,4757.038,5041.226,5341.551,5658.766,5993.624,6346.862,6719.190,7111.272,7523.704,7956.988,8411.502,8887.465,9384.908,9903.637,10443.199,11002.865,11581.609,12178.109,12790.756,13417.674,14056.757,14705.703,15362.066,16023.291,16686.763,17349.842,18009.899,18664.344,19310.656,19946.400,20569.248,21176.995,21767.575,22339.069,22889.717,23417.927,23922.279,24401.530,24854.619,25280.665,25678.970,26049.013,26390.452,26703.115,26986.992,27242.235,27469.140,27668.143,27839.803,27984.792,28103.882,28197.928,28267.854,28314.639,28339.300,28342.885,28326.450,28291.060,28237.769,28167.620,28081.637,27980.820,27866.144,27738.558,27598.989,27448.338,27287.485,27117.293,26938.610,26752.270,26559.097,26359.908,26155.510,25946.705,25734.288,25519.049,25301.768,25083.215,24864.151,24645.321,24427.454,24211.262,23997.434,23786.634,23579.497,23376.627,23178.595,22985.928,22799.113,22618.587,22444.733,22277.873,22118.264,21966.083,21821.425,21684.286,21554.555,21431.992,21316.215,21206.676,21102.636,21003.135,20906.954,20812.572,20718.115,20621.290,20519.312,20408.804,20285.691,20145.056,19980.970,19786.286,19552.395,19268.922,18923.395,18500.872,17983.567,17350.551,16577.658,15637.802,14502.056,13141.929,11533.286,9662.158,7531.946,5170.325,2632.833,0.000
0.000,2.277,4.554,6.833,9.112,11.393,13.674,15.957,18.241,20.526,22.813,25.102,27.393,29.686,31.983,34.283,36.586,38.894,41.207,43.526,45.851,48.185,50.526,52.878,55.241,57.616,60.005,62.409,64.831,67.272,69.734,72.220,74.731,77.271,79.842,82.447,85.090,87.773,90.500,93.276,96.104,98.989,101.934,104.946,108.030,111.191,114.434,117.767,121.196,124.727,128.370,132.130,136.018,140.041,144.210,148.534,153.024,157.691,162.548,167.606,172.881,178.385,184.136,190.148,196.439,203.028,209.935,217.181,224.790,232.784,241.192,250.041,259.361,269.186,279.552,290.496,302.061,314.293,327.240,340.957,355.501,370.937,387.334,404.767,423.316,443.071,464.126,486.582,510.548,536.140,563.478,592.691,623.913,657.283,692.945,731.050,771.755,815.219,861.613,911.110,963.894,1020.157,1080.100,1143.936,1211.889,1284.195,1361.103,1442.879,1529.801,1622.164,1720.281,1824.482,1935.116,2052.551,2177.175,2309.399,2449.653,2598.391,2756.090,2923.252,3100.402,3288.089,3486.888,3697.398,3920.241,4156.063,4405.529,4669.325,4948.153,5242.723,5553.751,5881.952,6228.027,6592.652,6976.465,7380.046,7803.896,8248.415,8713.873,9200.384,9707.877,10236.065,10784.424,11352.171,11938.255,12541.350,13159.866,13791.965,14435.582,15088.462,15748.192,16412.240,17077.990,17742.781,18403.940,19058.811,19704.789,20339.339,20960.027,21564.533,22150.676,22716.427,23259.923,23779.478,24273.592,24740.961,25180.475,25591.227,25972.513,26323.824,26644.853,26935.483,27195.784,27426.002,27626.552,27798.006,27941.077,28056.607,28145.549,28208.953,28247.942,28263.702,28257.458,28230.464,28183.977,28119.255,28037.537,27940.036,27827.933,27702.367,27564.439,27415.202,27255.669,27086.814,26909.568,26724.831,26533.470,26336.327,26134.218,25927.942,25718.279,25505.997,25291.850,25076.581,24860.922,24645.597,24431.315,24218.777,24008.668,23801.662,23598.412,23399.557,23205.713,23017.470,22835.395,22660.022,22491.851,22331.345,22178.922,22034.951,21899.744,21773.550,21656.544,21548.816,21450.360,21361.058,21280.663,21208.775,21144.821,21088.020,21037.350,20991.501,20948.827,20907.276,20864.313,20816.821,20760.978,20692.100,20604.452,20491.001,20343.107,20150.139,19898.999,19573.539,19153.902,18615.800,17929.886,17061.442,15970.872,14615.733,12955.340,10958.910,8617.379,5956.689,3046.928,0.000
0.000,2.204,4.409,6.614,8.821,11.029,13.239,15.450,17.663,19.878,22.095,24.315,26.539,28.765,30.996,33.230,35.470,37.716,39.968,42.227,44.494,46.771,49.058,51.357,53.669,55.994,58.336,60.695,63.075,65.475,67.900,70.350,72.829,75.339,77.883,80.465,83.087,85.753,88.467,91.233,94.055,96.938,99.886,102.905,106.000,109.177,112.442,115.802,119.264,122.834,126.522,130.335,134.282,138.373,142.617,147.026,151.609,156.380,161.351,166.536,171.948,177.604,183.519,189.711,196.199,203.002,210.141,217.640,225.522,233.813,242.543,251.740,261.438,271.671,282.477,293.897,305.976,318.761,332.304,346.661,361.894,378.067,395.254,413.530,432.979,453.690,475.761,499.293,524.396,551.186,579.786,610.324,642.936,677.763,714.953,754.660,797.042,842.268,890.510,941.952,996.784,1055.205,1117.426,1183.669,1254.166,1329.166,1408.926,1493.724,1583.850,1679.609,1781.329,1889.350,2004.034,2125.763,2254.939,2391.985,2537.347,2691.491,2854.909,3028.115,3211.646,3406.065,3611.954,3829.922,4060.597,4304.628,4562.680,4835.435,5123.583,5427.820,5748.841,6087.328,6443.946,6819.325,7214.046,7628.627,8063.498,8518.984,8995.276,9492.411,10010.243,10548.419,11106.361,11683.247,12277.999,12889.283,13515.513,14154.860,14805.272,15464.504,16130.139,16799.630,17470.325,18139.507,18804.427,19462.337,20110.518,20746.316,21367.166,21970.618,22554.359,23116.235,23654.269,24166.673,24651.861,25108.459,25535.311,25931.481,26296.257,26629.149,26929.889,27198.422,27434.902,27639.685,27813.313,27956.509,28070.153,28155.273,28213.023,28244.661,28251.532,28235.045,28196.649,28137.817,28060.025,27964.735,27853.379,27727.350,27587.987,27436.577,27274.342,27102.443,26921.978,26733.987,26539.452,26339.303,26134.426,25925.662,25713.820,25499.677,25283.983,25067.470,24850.850,24634.818,24420.061,24207.251,23997.052,23790.119,23587.096,23388.618,23195.309,23007.782,22826.636,22652.452,22485.797,22327.214,22177.223,22036.316,21904.952,21783.553,21672.497,21572.110,21482.659,21404.343,21337.275,21281.476,21236.855,21203.187,21180.092,21167.008,21163.150,21167.474,21178.626,21194.876,21214.039,21233.377,21249.476,21258.083,21253.899,21230.309,21179.035,21089.663,20949.043,20740.497,20442.803,20028.954,19464.727,18707.283,17704.318,16394.844,14713.473,12600.796,10021.996,6992.139,3598.194,0.000
0.000,2.132,4.265,6.400,8.535,10.672,12.811,14.952,17.095,19.241,21.390,23.542,25.698,27.859,30.024,32.194,34.371,36.555,38.746,40.946,43.155,45.376,47.608,49.853,52.113,54.389,56.683,58.997,61.332,63.691,66.076,68.490,70.935,73.413,75.928,78.484,81.082,83.728,86.425,89.178,91.989,94.866,97.811,100.832,103.933,107.120,110.401,113.781,117.269,120.871,124.595,128.452,132.450,136.598,140.907,145.389,150.054,154.916,159.988,165.283,170.818,176.608,182.671,189.024,195.688,202.683,210.031,217.757,225.886,234.446,243.467,252.979,263.019,273.621,284.827,296.678,309.222,322.507,336.589,351.526,367.380,384.219,402.117,421.153,441.411,462.983,485.966,510.464,536.587,564.453,594.184,625.912,659.773,695.911,734.474,775.621,819.515,866.327,916.237,969.434,1026.113,1086.482,1150.760,1219.176,1291.972,1369.405,1451.744,1539.273,1632.296,1731.129,1836.107,1947.587,2065.941,2191.564,2324.870,2466.295,2616.297,2775.359,2943.982,3122.695,3312.048,3512.615,3724.989,3949.787,4187.648,4439.223,4705.183,4986.207,5282.982,5596.195,5926.526,6274.640,6641.173,7026.726,7431.842,7856.994,8302.566,8768.829,9255.924,9763.832,10292.358,10841.105,11409.457,11996.561,12601.320,13222.387,13858.163,14506.812,15166.272,15834.274,16508.370,17185.959,17864.320,18540.648,19212.084,19875.752,20528.797,21168.414,21791.882,22396.596,22980.094,23540.078,24074.442,24581.285,25058.926,25505.915,25921.043,26303.347,26652.108,26966.856,27247.365,27493.650,27705.960,27884.767,28030.756,28144.815,28228.009,28281.570,28306.871,28305.404,28278.752,28228.570,28156.551,28064.410,27953.854,27826.566,27684.183,27528.286,27360.383,27181.907,26994.207,26798.549,26596.116,26388.008,26175.254,25958.811,25739.574,25518.384,25296.033,25073.272,24850.820,24629.364,24409.573,24192.095,23977.565,23766.607,23559.836,23357.862,23161.288,22970.714,22786.732,22609.933,22440.901,22280.209,22128.428,21986.112,21853.806,21732.034,21621.304,21522.096,21434.860,21360.009,21297.912,21248.885,21213.180,21190.971,21182.342,21187.268,21205.591,21236.998,21280.988,21336.834,21403.536,21479.763,21563.780,21653.356,21745.643,21837.024,21922.907,21997.452,22053.198,22080.562,22067.135,21996.713,21847.961,21592.577,21192.865,20598.715,19744.335,18545.903,16902.953,14708.838,11877.692,8391.691,4353.713,0.000
0.000,2.062,4.124,6.189,8.254,10.321,12.390,14.462,16.536,18.614,20.695,22.781,24.871,26.965,29.066,31.172,33.287,35.409,37.540,39.681,41.832,43.996,46.173,48.365,50.573,52.798,55.043,57.310,59.601,61.917,64.261,66.636,69.044,71.488,73.972,76.498,79.071,81.693,84.369,87.104,89.902,92.767,95.706,98.722,101.824,105.016,108.305,111.698,115.204,118.829,122.583,126.474,130.512,134.707,139.070,143.613,148.347,153.287,158.445,163.836,169.477,175.384,181.575,188.070,194.888,202.052,209.585,217.513,225.861,234.660,243.939,253.732,264.075,275.007,286.568,298.804,311.762,325.494,340.056,355.508,371.915,389.346,407.876,427.586,448.562,470.897,494.688,520.040,547.066,575.883,606.616,639.397,674.363,711.660,751.441,793.864,839.098,887.318,938.708,993.461,1051.781,1113.881,1179.986,1250.333,1325.173,1404.769,1489.401,1579.362,1674.964,1776.534,1884.420,1998.985,2120.616,2249.719,2386.719,2532.065,2686.229,2849.704,3023.008,3206.680,3401.283,3607.403,3825.647,4056.642,4301.035,4559.488,4832.677,5121.286,5426.003,5747.513,6086.493,6443.597,6819.451,7214.636,7629.676,8065.019,8521.023,8997.928,9495.845,10014.726,10554.347,11114.286,11693.902,12292.327,12908.445,13540.894,14188.058,14848.078,15518.858,16198.084,16883.244,17571.656,18260.496,18946.832,19627.662,20299.952,20960.670,21606.830,22235.526,22843.971,23429.526,23989.731,24522.332,25025.298,25496.845,25935.438,26339.813,26708.973,27042.193,27339.027,27599.295,27823.088,28010.758,28162.907,28280.376,28364.233,28415.750,28436.383,28427.748,28391.593,28329.770,28244.200,28136.849,28009.694,27864.695,27703.773,27528.786,27341.514,27143.640,26936.752,26722.324,26501.727,26276.224,26046.975,25815.046,25581.415,25346.980,25112.573,24878.962,24646.867,24416.966,24189.902,23966.292,23746.732,23531.805,23322.083,23118.131,22920.512,22729.788,22546.521,22371.276,22204.621,22047.123,21899.354,21761.887,21635.293,21520.142,21416.997,21326.417,21248.945,21185.112,21135.423,21100.360,21080.367,21075.844,21087.136,21114.519,21158.188,21218.236,21294.629,21387.189,21495.549,21619.124,21757.056,21908.150,22070.801,22242.885,22421.625,22603.408,22783.537,22955.880,23112.380,23242.337,23331.366,23359.849,23300.615,23115.519,22750.445,22128.462,21141.529,19643.637,17453.942,14388.264,10343.231,5424.970,0.000
0.000,1.992,3.986,5.981,7.977,9.975,11.976,13.979,15.986,17.996,20.011,22.030,24.054,26.083,28.120,30.164,32.216,34.276,36.347,38.429,40.522,42.629,44.751,46.888,49.043,51.218,53.414,55.633,57.877,60.148,62.450,64.784,67.154,69.562,72.011,74.505,77.048,79.643,82.295,85.008,87.788,90.637,93.563,96.571,99.666,102.856,106.147,109.547,113.062,116.703,120.476,124.392,128.461,132.692,137.097,141.689,146.479,151.482,156.711,162.183,167.912,173.918,180.219,186.834,193.785,201.094,208.787,216.888,225.426,234.431,243.936,253.973,264.582,275.801,287.673,300.244,313.564,327.686,342.668,358.570,375.459,393.406,412.488,432.786,454.387,477.385,501.879,527.975,555.785,585.428,617.031,650.726,686.652,724.956,765.793,809.326,855.724,905.167,957.844,1013.952,1073.698,1137.304,1204.999,1277.028,1353.647,1435.129,1521.760,1613.842,1711.696,1815.659,1926.086,2043.354,2167.857,2300.013,2440.260,2589.058,2746.890,2914.264,3091.708,3279.777,3479.047,3690.115,3913.602,4150.149,4400.414,4665.072,4944.808,5240.315,5552.291,5881.426,6228.401,6593.873,6978.468,7382.764,7807.281,8252.463,8718.658,9206.100,9714.890,10244.972,10796.114,11367.886,11959.642,12570.505,13199.350,13844.800,14505.216,15178.706,15863.125,16556.091,17255.003,17957.066,18659.319,19358.670,20051.937,20735.882,21407.264,22062.877,22699.595,23314.413,23904.489,24467.174,25000.045,25500.928,25967.915,26399.385,26794.007,27150.749,27468.883,27747.983,27987.924,28188.878,28351.310,28475.962,28563.849,28616.237,28634.623,28620.715,28576.400,28503.710,28404.795,28281.876,28137.219,27973.092,27791.733,27595.322,27385.955,27165.624,26936.199,26699.422,26456.900,26210.103,25960.371,25708.917,25456.837,25205.120,24954.659,24706.265,24460.676,24218.571,23980.578,23747.289,23519.263,23297.040,23081.144,22872.092,22670.395,22476.569,22291.131,22114.607,21947.530,21790.446,21643.910,21508.490,21384.763,21273.318,21174.755,21089.678,21018.698,20962.430,20921.487,20896.477,20887.999,20896.634,20922.943,20967.453,21030.649,21112.964,21214.760,21336.316,21477.801,21639.255,21820.554,22021.376,22241.147,22478.989,22733.639,23003.340,23285.712,23577.547,23874.537,24170.862,24458.579,24726.671,24959.546,25134.601,25218.223,25159.152,24877.594,24248.159,23076.163,21075.056,17878.211,13168.010,7002.941,0.000
0.000,1.924,3.849,5.776,7.704,9.634,11.567,13.503,15.442,17.386,19.334,21.287,23.247,25.212,27.185,29.166,31.156,33.155,35.166,37.188,39.224,41.273,43.339,45.422,47.524,49.646,51.791,53.961,56.157,58.383,60.640,62.932,65.260,67.629,70.042,72.501,75.011,77.575,80.199,82.886,85.642,88.471,91.379,94.372,97.456,100.637,103.923,107.321,110.839,114.485,118.269,122.200,126.288,130.545,134.981,139.608,144.441,149.492,154.778,160.312,166.114,172.199,178.589,185.303,192.363,199.793,207.618,215.865,224.563,233.743,243.437,253.682,264.515,275.978,288.114,300.971,314.599,329.054,344.393,360.679,377.979,396.366,415.917,436.715,458.847,482.409,507.499,534.225,562.701,593.045,625.384,659.852,696.591,735.748,777.479,821.951,869.334,919.813,973.579,1030.832,1091.787,1156.667,1225.709,1299.162,1377.291,1460.372,1548.699,1642.584,1742.353,1848.353,1960.947,2080.522,2207.482,2342.255,2485.288,2637.056,2798.051,2968.795,3149.829,3341.720,3545.058,3760.455,3988.547,4229.990,4485.455,4755.632,5041.223,5342.935,5661.480,5997.563,6351.877,6725.095,7117.853,7530.743,7964.299,8418.974,8895.128,9393.010,9912.731,10454.250,11017.345,11601.600,12206.378,12830.807,13473.761,14133.851,14809.418,15498.527,16198.970,16908.281,17623.745,18342.424,19061.186,19776.742,20485.683,21184.532,21869.789,22537.985,23185.731,23809.771,24407.020,24974.613,25509.934,26010.642,26474.699,26900.380,27286.284,27631.342,27934.819,28196.314,28415.759,28593.416,28729.869,28826.016,28883.058,28902.481,28886.034,28835.702,28753.675,28642.307,28504.079,28341.552,28157.324,27953.988,27734.091,27500.098,27254.363,26999.105,26736.389,26468.120,26196.033,25921.700,25646.528,25371.775,25098.556,24827.861,24560.565,24297.448,24039.203,23786.459,23539.785,23299.711,23066.731,22841.320,22623.939,22415.043,22215.088,22024.535,21843.857,21673.539,21514.084,21366.014,21229.871,21106.218,20995.640,20898.745,20816.160,20748.536,20696.540,20660.859,20642.194,20641.259,20658.778,20695.478,20752.086,20829.322,20927.894,21048.485,21191.747,21358.287,21548.652,21763.316,22002.657,22266.932,22556.251,22870.542,23209.502,23572.540,23958.699,24366.541,24793.987,25238.072,25694.557,26157.295,26617.154,27060.102,27463.693,27790.406,27974.657,27897.395,27337.831,25891.935,22881.533,17447.667,9418.785,0.000
0.000,1.857,3.714,5.573,7.434,9.297,11.163,13.032,14.905,16.783,18.666,20.554,22.448,24.350,26.259,28.178,30.106,32.044,33.995,35.957,37.934,39.926,41.936,43.963,46.011,48.080,50.173,52.293,54.440,56.617,58.828,61.075,63.360,65.687,68.060,70.481,72.955,75.485,78.077,80.734,83.461,86.265,89.150,92.122,95.187,98.353,101.626,105.015,108.527,112.171,115.956,119.892,123.989,128.259,132.713,137.364,142.225,147.310,152.635,158.216,164.071,170.217,176.675,183.465,190.611,198.136,206.067,214.431,223.256,232.577,242.425,252.838,263.855,275.518,287.870,300.962,314.844,329.571,345.204,361.806,379.445,398.194,418.131,439.340,461.909,485.934,511.514,538.758,567.778,598.696,631.638,666.739,704.141,743.994,786.455,831.692,879.879,931.202,985.854,1044.041,1105.980,1171.899,1242.038,1316.653,1396.013,1480.400,1570.115,1665.474,1766.814,1874.486,1988.864,2110.341,2239.332,2376.273,2521.623,2675.865,2839.507,3013.079,3197.137,3392.261,3599.056,3818.150,4050.193,4295.858,4555.837,4830.835,5121.574,5428.783,5753.192,6095.532,6456.517,6836.844,7237.176,7658.132,8100.273,8564.083,9049.953,9558.165,10088.863,10642.041,11217.512,11814.889,12433.565,13072.687,13731.143,14407.539,15100.195,15807.132,16526.073,17254.446,17989.404,18727.835,19466.401,20201.572,20929.671,21646.926,22349.531,23033.703,23695.741,24332.088,24939.382,25514.504,26054.616,26557.195,27020.050,27441.346,27819.606,28153.719,28442.944,28686.906,28885.599,29039.377,29148.956,29215.401,29240.116,29224.829,29171.566,29082.626,28960.535,28808.013,28627.914,28423.182,28196.794,27951.706,27690.809,27416.884,27132.564,26840.315,26542.407,26240.911,25937.692,25634.416,25332.549,25033.382,24738.038,24447.490,24162.582,23884.047,23612.521,23348.567,23092.685,22845.329,22606.922,22377.862,22158.541,21949.345,21750.669,21562.917,21386.511,21221.896,21069.540,20929.941,20803.625,20691.152,20593.114,20510.136,20442.878,20392.034,20358.332,20342.532,20345.428,20367.841,20410.626,20474.658,20560.839,20670.090,20803.347,20961.557,21145.672,21356.641,21595.408,21862.898,22160.014,22487.624,22846.558,23237.592,23661.445,24118.770,24610.145,25136.064,25696.923,26292.997,26924.387,27590.896,28291.763,29025.037,29786.112,30564.180,31333.285,32028.971,32485.864,32273.342,30308.331,24322.349,13224.535,0.000
0.000,1.790,3.580,5.372,7.166,8.963,10.763,12.566,14.374,16.186,18.004,19.827,21.658,23.496,25.342,27.198,29.064,30.941,32.831,34.734,36.652,38.587,40.539,42.510,44.502,46.518,48.558,50.625,52.721,54.849,57.011,59.211,61.451,63.734,66.063,68.443,70.877,73.370,75.925,78.547,81.242,84.014,86.870,89.815,92.856,96.000,99.254,102.626,106.123,109.756,113.532,117.463,121.558,125.829,130.289,134.949,139.824,144.927,150.276,155.886,161.775,167.961,174.466,181.311,188.517,196.112,204.120,212.570,221.492,230.919,240.885,251.427,262.585,274.402,286.923,300.197,314.276,329.217,345.080,361.929,379.833,398.866,419.106,440.637,463.547,487.933,513.896,541.543,570.988,602.352,635.762,671.353,709.269,749.660,792.685,838.512,887.319,939.290,994.624,1053.529,1116.224,1182.940,1253.923,1329.432,1409.738,1495.132,1585.918,1682.419,1784.976,1893.949,2009.718,2132.684,2263.269,2401.920,2549.104,2705.316,2871.074,3046.920,3233.423,3431.177,3640.803,3862.943,4098.268,4347.467,4611.252,4890.353,5185.513,5497.488,5827.037,6174.918,6541.882,6928.657,7335.947,7764.411,8214.654,8687.209,9182.519,9700.916,10242.604,10807.630,11395.865,12006.977,12640.405,13295.339,13970.691,14665.079,15376.806,16103.852,16843.863,17594.155,18351.719,19113.245,19875.150,20633.617,21384.647,22124.120,22847.861,23551.712,24231.603,24883.624,25504.086,26089.578,26637.011,27143.652,27607.148,28025.539,28397.268,28721.182,28996.533,29222.974,29400.562,29529.751,29611.395,29646.736,29637.400,29585.380,29493.010,29362.935,29198.067,29001.537,28776.628,28526.719,28255.215,27965.489,27660.814,27344.323,27018.959,26687.449,26352.280,26015.695,25679.684,25345.995,25016.148,24691.447,24373.003,24061.760,23758.510,23463.920,23178.553,22902.890,22637.345,22382.287,22138.051,21904.953,21683.303,21473.415,21275.612,21090.237,20917.658,20758.275,20612.520,20480.862,20363.813,20261.926,20175.800,20106.076,20053.448,20018.654,20002.482,20005.767,20029.395,20074.301,20141.468,20231.927,20346.755,20487.080,20654.070,20848.942,21072.952,21327.403,21613.638,21933.045,22287.060,22677.171,23104.934,23571.984,24080.070,24631.097,25227.186,25870.776,26564.764,27312.720,28119.200,28990.232,29934.049,30962.245,32091.605,33346.973,34765.380,36399.378,38303.340,40407.255,41756.113,36308.867,19157.008,0.000
0.000,1.723,3.448,5.173,6.902,8.633,10.367,12.105,13.847,15.594,17.347,19.107,20.873,22.648,24.432,26.225,28.029,29.845,31.674,33.517,35.376,37.252,39.146,41.060,42.996,44.956,46.942,48.956,50.999,53.076,55.188,57.338,59.529,61.765,64.049,66.384,68.775,71.225,73.740,76.323,78.980,81.716,84.538,87.450,90.460,93.575,96.801,100.148,103.622,107.234,110.992,114.907,118.989,123.249,127.702,132.358,137.231,142.338,147.694,153.314,159.219,165.425,171.955,178.830,186.074,193.711,201.768,210.274,219.260,228.758,238.804,249.435,260.691,272.616,285.256,298.659,312.880,327.974,344.003,361.030,379.125,398.362,418.820,440.583,463.740,488.387,514.625,542.560,572.309,603.991,637.733,673.673,711.952,752.722,796.143,842.383,891.621,944.045,999.854,1059.257,1122.476,1189.746,1261.314,1337.443,1418.409,1504.504,1596.040,1693.342,1796.757,1906.652,2023.411,2147.443,2279.179,2419.071,2567.598,2725.263,2892.594,3070.147,3258.502,3458.269,3670.082,3894.602,4132.518,4384.541,4651.406,4933.866,5232.696,5548.679,5882.611,6235.288,6607.499,7000.024,7413.613,7848.983,8306.799,8787.660,9292.078,9820.462,10373.093,10950.100,11551.435,12176.844,12825.840,13497.675,14191.310,14905.387,15638.211,16387.724,17151.495,17926.714,18710.199,19498.408,20287.471,21073.236,21851.322,22617.192,23366.232,24093.835,24795.494,25466.881,26103.925,26702.880,27260.370,27773.431,28239.530,28656.578,29022.934,29337.402,29599.228,29808.095,29964.127,30067.879,30120.347,30122.963,30077.588,29986.503,29852.383,29678.265,29467.496,29223.676,28950.581,28652.091,28332.106,27994.467,27642.888,27280.890,26911.757,26538.500,26163.834,25790.170,25419.619,25054.003,24694.871,24343.524,24001.043,23668.313,23346.054,23034.847,22735.160,22447.372,22171.798,21908.702,21658.321,21420.876,21196.585,20985.679,20788.404,20605.038,20435.888,20281.303,20141.676,20017.447,19909.110,19817.209,19742.347,19685.184,19646.444,19626.909,19627.426,19648.907,19692.330,19758.742,19849.256,19965.057,20107.404,20277.626,20477.129,20707.398,20969.997,21266.580,21598.888,21968.771,22378.188,22829.239,23324.186,23865.496,24455.905,25098.502,25796.859,26555.215,27378.756,28274.026,29249.562,30316.874,31492.037,32798.363,34271.152,35966.781,37981.926,40499.854,43920.885,49296.240,60000.000,60000.000,27094.629,0.000
0.000,1.658,3.316,4.977,6.640,8.305,9.974,11.647,13.324,15.007,16.695,18.391,20.094,21.806,23.526,25.257,26.999,28.754,30.522,32.304,34.103,35.920,37.756,39.612,41.491,43.395,45.324,47.283,49.273,51.296,53.355,55.453,57.594,59.780,62.014,64.302,66.645,69.050,71.519,74.059,76.673,79.368,82.149,85.022,87.995,91.073,94.265,97.578,101.021,104.602,108.332,112.220,116.277,120.515,124.947,129.585,134.443,139.537,144.882,150.496,156.396,162.603,169.136,176.017,183.272,190.924,199.002,207.533,216.549,226.084,236.172,246.851,258.162,270.149,282.857,296.337,310.642,325.829,341.957,359.093,377.306,396.668,417.260,439.166,462.474,487.279,513.684,541.795,571.726,603.597,637.537,673.681,712.172,753.161,796.809,843.285,892.767,945.445,1001.518,1061.198,1124.707,1192.283,1264.176,1340.648,1421.981,1508.469,1600.427,1698.185,1802.094,1912.524,2029.867,2154.537,2286.969,2427.627,2576.994,2735.584,2903.936,3082.614,3272.215,3473.360,3686.700,3912.915,4152.712,4406.826,4676.017,4961.067,5262.781,5581.982,5919.502,6276.185,6652.870,7050.393,7469.569,7911.182,8375.975,8864.630,9377.751,9915.843,10479.291,11068.331,11683.022,12323.218,12988.534,13678.313,14391.590,15127.057,15883.038,16657.451,17447.794,18251.129,19064.079,19882.843,20703.222,21520.670,22330.352,23127.237,23906.184,24662.052,25389.810,26084.637,26742.015,27357.811,27928.328,28450.344,28921.139,29338.489,29700.671,30006.451,30255.071,30446.247,30580.168,30657.492,30679.358,30647.389,30563.699,30430.877,30251.975,30030.468,29770.203,29475.318,29150.162,28799.196,28426.890,28037.629,27635.624,27224.839,26808.930,26391.213,25974.639,25561.788,25154.880,24755.788,24366.072,23987.002,23619.599,23264.663,22922.816,22594.524,22280.138,21979.915,21694.045,21422.677,21165.930,20923.917,20696.755,20484.582,20287.561,20105.893,19939.821,19789.641,19655.700,19538.408,19438.233,19355.713,19291.452,19246.127,19220.488,19215.362,19231.654,19270.348,19332.517,19419.314,19531.985,19671.868,19840.397,20039.106,20269.632,20533.727,20833.259,21170.222,21546.753,21965.141,22427.857,22937.579,23497.234,24110.062,24779.697,25510.286,26306.662,27174.590,28121.130,29155.172,30288.245,31535.753,32918.940,34468.088,36227.920,38267.123,40695.731,43697.257,47584.126,52856.826,60000.000,60000.000,29221.508,0.000
0.000,1.592,3.186,4.781,6.379,7.980,9.584,11.192,12.805,14.423,16.048,17.680,19.319,20.967,22.625,24.294,25.974,27.666,29.373,31.095,32.834,34.590,36.367,38.164,39.985,41.830,43.703,45.605,47.538,49.506,51.510,53.555,55.642,57.775,59.957,62.193,64.486,66.840,69.261,71.752,74.318,76.966,79.701,82.529,85.458,88.492,91.641,94.913,98.315,101.857,105.548,109.399,113.420,117.623,122.022,126.628,131.455,136.520,141.838,147.426,153.303,159.488,166.001,172.867,180.107,187.747,195.816,204.341,213.355,222.889,232.981,243.668,254.990,266.992,279.719,293.222,307.554,322.772,338.935,356.111,374.366,393.775,414.417,436.375,459.738,484.602,511.066,539.238,569.230,601.164,635.166,671.371,709.923,750.971,794.677,841.209,890.747,943.479,999.605,1059.338,1122.903,1190.535,1262.487,1339.024,1420.429,1506.998,1599.047,1696.911,1800.944,1911.519,2029.033,2153.903,2286.573,2427.510,2577.207,2736.185,2904.991,3084.203,3274.428,3476.301,3690.490,3917.694,4158.640,4414.086,4684.821,4971.658,5275.438,5597.023,5937.292,6297.141,6677.470,7079.178,7503.156,7950.273,8421.364,8917.211,9438.532,9985.952,10559.983,11160.997,11789.193,12444.564,13126.861,13835.552,14569.780,15328.320,16109.540,16911.359,17731.217,18566.046,19412.267,20265.787,21122.034,21975.998,22822.316,23655.358,24469.355,25258.525,26017.206,26739.992,27421.844,28058.181,28644.947,29178.646,29656.361,30075.740,30434.988,30732.839,30968.540,31141.843,31252.997,31302.757,31292.400,31223.740,31099.146,30921.538,30694.382,30421.647,30107.748,29757.452,29375.779,28967.868,28538.860,28093.770,27637.380,27174.151,26708.154,26243.030,25781.970,25327.716,24882.576,24448.453,24026.883,23619.072,23225.946,22848.188,22486.284,22140.559,21811.217,21498.368,21202.058,20922.296,20659.070,20412.371,20182.203,19968.599,19771.630,19591.415,19428.127,19282.001,19153.337,19042.508,18949.958,18876.211,18821.873,18787.632,18774.266,18782.641,18813.717,18868.553,18948.306,19054.240,19187.727,19350.253,19543.426,19768.977,20028.772,20324.820,20659.282,21034.485,21452.940,21917.359,22430.690,22996.146,23617.264,24297.969,25042.675,25856.415,26745.037,27715.469,28776.110,29937.389,31212.584,32619.035,34179.959,35927.195,37905.373,40178.109,42836.657,46009.346,49861.554,54546.942,60000.000,60000.000,29791.404,0.000
0.000,1.528,3.057,4.588,6.121,7.657,9.197,10.740,12.289,13.843,15.404,16.972,18.548,20.133,21.728,23.334,24.951,26.582,28.227,29.888,31.565,33.261,34.977,36.714,38.476,40.262,42.076,43.919,45.795,47.705,49.653,51.640,53.671,55.749,57.876,60.057,62.295,64.595,66.962,69.400,71.914,74.510,77.192,79.969,82.846,85.830,88.929,92.150,95.503,98.996,102.639,106.441,110.415,114.571,118.923,123.482,128.264,133.284,138.558,144.102,149.936,156.078,162.550,169.374,176.574,184.176,192.206,200.694,209.671,219.170,229.227,239.881,251.170,263.140,275.837,289.309,303.611,318.799,334.933,352.077,370.302,389.679,410.286,432.208,455.532,480.352,506.769,534.888,564.822,596.690,630.619,666.743,705.204,746.152,789.746,836.156,885.560,938.146,994.115,1053.678,1117.059,1184.498,1256.244,1332.565,1413.743,1500.077,1591.885,1689.502,1793.285,1903.610,2020.876,2145.507,2277.947,2418.672,2568.179,2726.997,2895.683,3074.823,3265.035,3466.971,3681.314,3908.779,4150.116,4406.110,4677.575,4965.361,5270.346,5593.436,5935.563,6297.680,6680.753,7085.759,7513.673,7965.462,8442.068,8944.394,9473.291,10029.529,10613.775,11226.567,11868.277,12539.076,13238.889,13967.351,14723.757,15507.005,16315.548,17147.338,17999.779,18869.688,19753.272,20646.126,21543.250,22439.102,23327.684,24202.658,25057.492,25885.625,26680.640,27436.429,28147.338,28808.275,29414.788,29963.093,30450.081,30873.291,31230.872,31521.549,31744.586,31899.769,31987.403,32008.326,31963.934,31856.221,31687.803,31461.950,31182.573,30854.200,30481.900,30071.181,29627.850,29157.858,28667.135,28161.437,27646.206,27126.464,26606.741,26091.021,25582.736,25084.772,24599.500,24128.814,23674.183,23236.709,22817.178,22416.112,22033.826,21670.468,21326.060,21000.539,20693.781,20405.636,20135.943,19884.553,19651.345,19436.238,19239.202,19060.266,18899.526,18757.152,18633.393,18528.579,18443.128,18377.548,18332.440,18308.505,18306.541,18327.453,18372.253,18442.068,18538.139,18661.834,18814.646,18998.205,19214.284,19464.807,19751.857,20077.691,20444.751,20855.679,21313.337,21820.836,22381.558,22999.207,23677.855,24422.019,25236.754,26127.792,27101.723,28166.253,29330.558,30605.787,32005.757,33547.925,35254.736,37155.427,39288.321,41703.328,44463.475,47641.941,51305.818,55469.393,60000.000,60000.000,29944.107,0.000
0.000,1.463,2.928,4.395,5.864,7.335,8.811,10.290,11.775,13.266,14.763,16.267,17.780,19.302,20.834,22.376,23.931,25.499,27.082,28.681,30.297,31.931,33.585,35.262,36.962,38.688,40.442,42.226,44.041,45.892,47.780,49.709,51.681,53.700,55.768,57.891,60.071,62.313,64.622,67.002,69.458,71.996,74.621,77.339,80.159,83.085,86.125,89.289,92.583,96.018,99.602,103.346,107.260,111.357,115.648,120.147,124.869,129.827,135.039,140.521,146.292,152.371,158.779,165.538,172.672,180.207,188.169,196.589,205.496,214.924,224.909,235.488,246.701,258.592,271.208,284.597,298.812,313.909,329.948,346.994,365.113,384.380,404.870,426.667,449.857,474.535,500.798,528.751,558.507,590.184,623.905,659.806,698.025,738.714,782.028,828.138,877.218,929.459,985.058,1044.227,1107.189,1174.181,1245.456,1321.278,1401.932,1487.715,1578.946,1675.961,1779.118,1888.794,2005.392,2129.335,2261.075,2401.088,2549.879,2707.982,2875.961,3054.411,3243.963,3445.280,3659.061,3886.039,4126.986,4382.712,4654.062,4941.919,5247.204,5570.870,5913.905,6277.323,6662.167,7069.496,7500.383,7955.903,8437.122,8945.082,9480.787,10045.176,10639.102,11263.303,11918.360,12604.663,13322.359,14071.302,14850.988,15660.495,16498.413,17362.772,18250.981,19159.764,20085.122,21022.313,21965.858,22909.598,23846.786,24770.226,25672.460,26545.978,27383.437,28177.887,28922.946,29612.940,30242.986,30809.011,31307.737,31736.629,32093.824,32378.065,32588.655,32725.416,32788.697,32779.389,32698.975,32549.591,32334.087,32056.078,31719.957,31330.879,30894.675,30417.728,29906.793,29368.793,28810.604,28238.857,27659.763,27078.986,26501.551,25931.806,25373.413,24829.373,24302.076,23793.357,23304.568,22836.647,22390.187,21965.503,21562.689,21181.674,20822.267,20484.195,20167.143,19870.774,19594.762,19338.803,19102.636,18886.057,18688.923,18511.168,18352.805,18213.934,18094.747,17995.529,17916.667,17858.650,17822.072,17807.639,17816.170,17848.604,17906.000,17989.547,18100.568,18240.524,18411.027,18613.842,18850.900,19124.305,19436.349,19789.523,20186.532,20630.316,21124.065,21671.251,22275.658,22941.421,23673.077,24475.634,25354.660,26316.399,27367.926,28517.369,29774.184,31149.539,32656.817,34312.250,36135.702,38151.514,40389.208,42883.450,45672.010,48789.150,52250.398,56024.818,60000.000,60000.000,29985.023,0.000
0.000,1.399,2.800,4.203,5.607,7.015,8.426,9.842,11.263,12.690,14.124,15.565,17.014,18.472,19.941,21.421,22.912,24.418,25.938,27.473,29.027,30.599,32.192,33.806,35.444,37.108,38.800,40.522,42.276,44.065,45.892,47.759,49.669,51.626,53.633,55.694,57.812,59.992,62.239,64.556,66.949,69.424,71.985,74.640,77.394,80.255,83.230,86.327,89.554,92.921,96.436,100.110,103.953,107.978,112.197,116.622,121.267,126.148,131.281,136.683,142.371,148.366,154.687,161.357,168.400,175.841,183.707,192.027,200.831,210.152,220.026,230.489,241.583,253.350,265.835,279.087,293.159,308.106,323.986,340.864,358.806,377.884,398.175,419.759,442.723,467.158,493.162,520.839,550.299,581.658,615.040,650.576,688.405,728.676,771.544,817.175,865.745,917.441,972.460,1031.011,1093.316,1159.613,1230.149,1305.192,1385.021,1469.936,1560.254,1656.310,1758.463,1867.091,1982.595,2105.403,2235.966,2374.764,2522.306,2679.130,2845.807,3022.940,3211.170,3411.170,3623.655,3849.376,4089.126,4343.739,4614.092,4901.103,5205.736,5528.993,5871.920,6235.601,6621.157,7029.739,7462.526,7920.713,8405.504,8918.098,9459.672,10031.361,10634.235,11269.263,11937.280,12638.942,13374.672,14144.600,14948.492,15785.672,16654.935,17554.459,18481.712,19433.372,20405.251,21392.257,22388.386,23386.765,24379.755,25359.124,26316.273,27242.517,28129.377,28968.871,29753.757,30477.696,31135.348,31722.373,32235.377,32671.818,33029.883,33308.393,33506.713,33624.710,33662.749,33621.729,33503.160,33309.259,33043.059,32708.502,32310.488,31854.875,31348.389,30798.462,30213.003,29600.120,28967.838,28323.834,27675.219,27028.382,26388.892,25761.462,25149.960,24557.458,23986.302,23438.201,22914.318,22415.358,21941.657,21493.260,21069.991,20671.512,20297.377,19947.074,19620.061,19315.799,19033.770,18773.502,18534.583,18316.671,18119.506,17942.918,17786.831,17651.271,17536.367,17442.358,17369.595,17318.543,17289.787,17284.035,17302.122,17345.013,17413.813,17509.767,17634.270,17788.875,17975.299,18195.435,18451.362,18745.354,19079.896,19457.699,19881.715,20355.156,20881.517,21464.603,22108.554,22817.886,23597.535,24452.914,25389.981,26415.334,27536.327,28761.218,30099.365,31561.458,33159.803,34908.630,36824.372,38925.778,41233.595,43769.297,46551.995,49592.274,52881.820,56379.483,60000.000,60000.000,29995.987,0.000
0.000,1.336,2.673,4.011,5.352,6.696,8.044,9.396,10.753,12.116,13.486,14.864,16.249,17.644,19.049,20.465,21.894,23.336,24.792,26.265,27.755,29.264,30.793,32.345,33.920,35.521,37.149,38.807,40.498,42.223,43.986,45.789,47.635,49.527,51.470,53.465,55.518,57.632,59.811,62.061,64.386,66.792,69.284,71.869,74.551,77.340,80.242,83.264,86.416,89.705,93.141,96.735,100.496,104.437,108.569,112.905,117.460,122.248,127.285,132.588,138.174,144.063,150.276,156.834,163.760,171.080,178.820,187.009,195.677,204.856,214.581,224.890,235.821,247.417,259.722,272.786,286.659,301.395,317.054,333.696,351.390,370.203,390.213,411.498,434.143,458.239,483.881,511.171,540.218,571.136,604.046,639.079,676.371,716.067,758.322,803.300,851.173,902.127,956.356,1014.068,1075.482,1140.832,1210.366,1284.347,1363.055,1446.785,1535.854,1630.596,1731.366,1838.544,1952.529,2073.749,2202.657,2339.733,2485.488,2640.463,2805.236,2980.415,3166.647,3364.619,3575.057,3798.729,4036.449,4289.075,4557.513,4842.719,5145.696,5467.501,5809.238,6172.064,6557.181,6965.840,7399.332,7858.984,8346.152,8862.204,9408.514,9986.438,10597.291,11242.313,11922.637,12639.237,13392.873,14184.023,15012.800,15878.858,16781.292,17718.514,18688.138,19686.863,20710.357,21753.187,22808.776,23869.433,24926.461,25970.359,26991.113,27978.562,28922.806,29814.593,30645.644,31408.872,32098.473,32709.894,33239.725,33685.526,34045.646,34319.061,34505.248,34604.119,34616.020,34541.783,34382.844,34141.396,33820.562,33424.557,32958.798,32429.927,31845.729,31214.919,30546.830,29851.043,29136.994,28413.623,27689.102,26970.639,26264.384,25575.404,24907.724,24264.415,23647.694,23059.051,22499.369,21969.035,21468.050,20996.118,20552.733,20137.238,19748.888,19386.895,19050.464,18738.823,18451.250,18187.087,17945.756,17726.771,17529.745,17354.398,17200.561,17068.180,16957.320,16868.168,16801.035,16756.361,16734.718,16736.810,16763.483,16815.727,16894.681,17001.643,17138.073,17305.604,17506.053,17741.429,18013.945,18326.034,18680.359,19079.834,19527.639,20027.238,20582.404,21197.241,21876.214,22624.174,23446.398,24348.632,25337.136,26418.744,27600.936,28891.913,30300.694,31837.210,33512.384,35338.167,37327.443,39493.687,41850.142,44408.186,47174.430,50146.154,53305.137,56611.300,60000.000,60000.000,29998.925,0.000
0.000,1.272,2.545,3.820,5.098,6.378,7.662,8.951,10.244,11.544,12.850,14.163,15.485,16.816,18.158,19.510,20.875,22.253,23.646,25.055,26.481,27.926,29.391,30.877,32.388,33.924,35.487,37.081,38.706,40.366,42.063,43.799,45.578,47.403,49.277,51.203,53.187,55.230,57.339,59.517,61.769,64.101,66.517,69.025,71.631,74.340,77.161,80.101,83.167,86.370,89.718,93.220,96.887,100.732,104.765,108.999,113.449,118.128,123.052,128.238,133.703,139.466,145.548,151.970,158.755,165.927,173.513,181.540,190.039,199.041,208.581,218.694,229.420,240.800,252.879,265.702,279.321,293.789,309.164,325.505,342.878,361.352,381.001,401.902,424.138,447.799,472.977,499.772,528.291,558.646,590.956,625.348,661.957,700.925,742.404,786.555,833.548,883.565,936.797,993.449,1053.739,1117.895,1186.164,1258.805,1336.094,1418.325,1505.811,1598.883,1697.895,1803.221,1915.262,2034.443,2161.215,2296.058,2439.485,2592.038,2754.297,2926.875,3110.426,3305.645,3513.268,3734.081,3968.913,4218.647,4484.216,4766.613,5066.881,5386.130,5725.523,6086.291,6469.722,6877.169,7310.041,7769.806,8257.980,8776.120,9325.813,9908.660,10526.251,11180.138,11871.796,12602.576,13373.644,14185.905,15039.913,15935.760,16872.952,17850.259,18865.562,19915.682,20996.229,22101.460,23224.202,24355.836,25486.407,26604.851,27699.371,28757.931,29768.813,30721.172,31605.478,32413.804,33139.905,33779.136,34328.236,34785.052,35148.255,35417.100,35591.243,35670.648,35655.580,35546.693,35345.195,35053.079,34673.401,34210.536,33670.390,33060.481,32389.859,31668.833,30908.540,30120.417,29315.660,28504.756,27697.123,26900.889,26122.804,25368.249,24641.326,23944.992,23281.218,22651.155,22055.288,21493.581,20965.607,20470.652,20007.806,19576.040,19174.265,18801.377,18456.298,18138.004,17845.545,17578.064,17334.807,17115.135,16918.528,16744.590,16593.056,16463.788,16356.783,16272.175,16210.232,16171.364,16156.124,16165.212,16199.479,16259.933,16347.743,16464.248,16610.968,16789.607,17002.068,17250.466,17537.136,17864.652,18235.843,18653.806,19121.929,19643.908,20223.769,20865.891,21575.026,22356.329,23215.378,24158.201,25191.301,26321.681,27556.862,28904.898,30374.377,31974.385,33714.432,35604.278,37653.605,39871.436,42265.147,44838.912,47591.412,50512.794,53581.286,56760.583,60000.000,60000.000,29999.712,0.000
0.000,1.209,2.418,3.630,4.844,6.061,7.281,8.506,9.736,10.971,12.214,13.464,14.722,15.989,17.266,18.555,19.856,21.169,22.498,23.842,25.203,26.582,27.982,29.404,30.848,32.318,33.815,35.342,36.900,38.492,40.120,41.787,43.496,45.251,47.054,48.908,50.818,52.788,54.821,56.922,59.097,61.349,63.685,66.111,68.632,71.255,73.987,76.836,79.810,82.917,86.166,89.566,93.129,96.865,100.787,104.905,109.235,113.789,118.584,123.635,128.960,134.578,140.507,146.770,153.389,160.387,167.790,175.626,183.924,192.715,202.033,211.913,222.392,233.512,245.315,257.848,271.160,285.302,300.332,316.307,333.291,351.352,370.562,390.995,412.734,435.865,460.479,486.674,514.553,544.225,575.808,609.425,645.208,683.297,723.839,766.992,812.924,861.812,913.844,969.221,1028.155,1090.874,1157.618,1228.642,1304.220,1384.640,1470.211,1561.261,1658.138,1761.216,1870.888,1987.578,2111.734,2243.836,2384.391,2533.945,2693.076,2862.401,3042.577,3234.306,3438.334,3655.456,3886.520,4132.428,4394.141,4672.682,4969.138,5284.665,5620.488,5977.909,6358.305,6763.130,7193.919,7652.282,8139.906,8658.549,9210.027,9796.208,10418.987,11080.265,11781.909,12525.705,13313.301,14146.121,15025.270,15951.404,16924.585,17944.101,19008.259,20114.170,21257.512,22432.322,23630.836,24843.407,26058.585,27263.373,28443.699,29585.086,30673.456,31695.917,32641.410,33501.078,34268.328,34938.634,35509.159,35978.319,36345.354,36609.975,36772.113,36831.787,36789.101,36644.360,36398.310,36052.478,35609.581,35073.954,34451.905,33751.912,32984.561,32162.185,31298.255,30406.601,29500.656,28592.804,27693.931,26813.179,25957.886,25133.658,24344.536,23593.209,22881.235,22209.267,21577.251,20984.603,20430.355,19913.286,19432.010,18985.065,18570.968,18188.265,17835.564,17511.566,17215.078,16945.031,16700.488,16480.648,16284.855,16112.594,15963.497,15837.344,15734.062,15653.725,15596.560,15562.943,15553.405,15568.636,15609.488,15676.978,15772.300,15896.829,16052.130,16239.970,16462.327,16721.405,17019.651,17359.764,17744.718,18177.777,18662.518,19202.845,19803.018,20467.664,21201.804,22010.868,22900.708,23877.610,24948.298,26119.920,27400.030,28796.534,30317.615,31971.599,33766.751,35710.971,37811.322,40073.355,42500.139,45090.939,47839.539,50732.345,53746.643,56849.749,60000.000,60000.000,29999.923,0.000
0.000,1.145,2.292,3.440,4.590,5.743,6.900,8.062,9.228,10.400,11.578,12.764,13.958,15.161,16.374,17.598,18.834,20.083,21.346,22.625,23.920,25.234,26.568,27.922,29.300,30.702,32.132,33.589,35.078,36.600,38.158,39.753,41.390,43.072,44.800,46.579,48.412,50.304,52.258,54.278,56.370,58.538,60.788,63.125,65.555,68.085,70.722,73.472,76.345,79.347,82.488,85.776,89.224,92.840,96.637,100.627,104.822,109.237,113.885,118.785,123.952,129.403,135.159,141.241,147.669,154.467,161.660,169.276,177.342,185.888,194.948,204.556,214.748,225.565,237.047,249.240,262.192,275.953,290.578,306.123,322.651,340.228,358.921,378.807,399.963,422.472,446.425,471.916,499.045,527.918,558.650,591.361,626.179,663.239,702.687,744.676,789.369,836.939,887.571,941.459,998.813,1059.854,1124.817,1193.954,1267.531,1345.833,1429.162,1517.840,1612.213,1712.646,1819.529,1933.280,2054.343,2183.192,2320.335,2466.311,2621.698,2787.113,2963.215,3150.709,3350.346,3562.931,3789.326,4030.449,4287.285,4560.885,4852.374,5162.953,5493.908,5846.607,6222.513,6623.185,7050.280,7505.556,7990.876,8508.205,9059.603,9647.224,10273.295,10940.098,11649.941,12405.110,13207.811,14060.089,14963.722,15920.082,16929.968,17993.384,19109.292,20275.315,21487.417,22739.576,24023.506,25328.465,26641.251,27946.458,29227.065,30465.363,31644.113,32747.737,33763.275,34680.880,35493.810,36198.028,36791.564,37273.830,37644.988,37905.458,38055.574,38095.418,38024.811,37843.472,37551.346,37149.082,36638.636,36023.942,35311.517,34510.858,33634.444,32697.256,31715.857,30707.245,29687.729,28672.047,27672.796,26700.192,25762.086,24864.146,24010.141,23202.263,22441.439,21727.623,21060.045,20437.421,19858.126,19320.327,18822.087,18361.446,17936.482,17545.354,17186.333,16857.823,16558.376,16286.701,16041.671,15822.321,15627.854,15457.635,15311.197,15188.231,15088.594,15012.303,14959.537,14930.638,14926.111,14946.631,14993.046,15066.378,15167.835,15298.819,15460.932,15655.990,15886.034,16153.346,16460.462,16810.194,17205.642,17650.218,18147.666,18702.080,19317.931,20000.076,20753.786,21584.752,22499.090,23503.345,24604.465,25809.772,27126.896,28563.680,30128.031,31827.718,33670.072,35661.594,37807.411,40110.571,42571.156,45185.197,47943.486,50830.424,53823.203,56891.772,60000.000,60000.000,29999.979,0.000
0.000,1.082,2.165,3.250,4.337,5.427,6.520,7.617,8.720,9.828,10.943,12.064,13.194,14.332,15.481,16.640,17.811,18.994,20.192,21.404,22.634,23.881,25.147,26.433,27.743,29.076,30.436,31.824,33.241,34.691,36.176,37.698,39.260,40.865,42.516,44.216,45.969,47.780,49.650,51.585,53.589,55.668,57.826,60.069,62.402,64.833,67.366,70.011,72.773,75.662,78.685,81.853,85.174,88.659,92.319,96.167,100.214,104.474,108.962,113.692,118.682,123.949,129.511,135.389,141.603,148.176,155.133,162.499,170.302,178.572,187.340,196.638,206.504,216.975,228.091,239.897,252.438,265.763,279.925,294.980,310.987,328.008,346.112,365.371,385.859,407.659,430.856,455.542,481.814,509.775,539.536,571.212,604.929,640.818,679.018,719.680,762.961,809.030,858.065,910.257,965.809,1024.937,1087.869,1154.852,1226.144,1302.025,1382.790,1468.755,1560.256,1657.654,1761.332,1871.700,1989.196,2114.288,2247.478,2389.300,2540.328,2701.175,2872.500,3055.006,3249.449,3456.638,3677.445,3912.801,4163.708,4431.244,4716.566,5020.916,5345.632,5692.148,6062.009,6456.872,6878.516,7328.844,7809.898,8323.852,8873.020,9459.854,10086.934,10756.959,11472.717,12237.054,13052.817,13922.776,14849.521,15835.314,16881.900,17990.257,19160.294,20390.468,21677.349,23015.146,24395.237,25805.789,27231.588,28654.234,30052.837,31405.286,32689.993,33887.743,34983.176,35965.459,36828.110,37568.211,38185.349,38680.560,39055.425,39311.410,39449.426,39469.621,39371.374,39153.496,38814.650,38354.000,37772.076,37071.798,36259.504,35345.703,34345.250,33276.688,32160.827,31018.949,29871.132,28735.024,27625.180,26552.878,25526.294,24550.874,23629.798,22764.444,21954.818,21199.926,20498.070,19847.100,19244.593,18688.002,18174.756,17702.342,17268.354,16870.532,16506.786,16175.212,15874.096,15601.923,15357.369,15139.307,14946.799,14779.092,14635.616,14515.981,14419.971,14347.546,14298.836,14274.145,14273.953,14298.915,14349.867,14427.830,14534.019,14669.853,14836.959,15037.190,15272.636,15545.640,15858.815,16215.060,16617.586,17069.931,17575.986,18140.015,18766.678,19461.050,20228.634,21075.378,22007.667,23032.319,24156.545,25387.901,26734.192,28203.341,29803.190,31541.239,33424.289,35457.980,37646.206,39990.408,42488.753,45135.237,47918.811,50822.678,53823.983,56894.140,60000.000,60000.000,29999.995,0.000
0.000,1.019,2.038,3.060,4.083,5.110,6.139,7.173,8.212,9.256,10.307,11.364,12.429,13.503,14.586,15.680,16.785,17.903,19.034,20.180,21.342,22.521,23.719,24.937,26.176,27.439,28.728,30.043,31.388,32.764,34.174,35.620,37.105,38.631,40.202,41.820,43.490,45.215,46.997,48.843,50.756,52.740,54.801,56.944,59.174,61.498,63.923,66.453,69.098,71.865,74.762,77.798,80.983,84.325,87.838,91.530,95.416,99.507,103.818,108.363,113.159,118.222,123.570,129.223,135.200,141.525,148.219,155.308,162.819,170.780,179.222,188.176,197.677,207.762,218.469,229.841,241.922,254.759,268.403,282.907,298.328,314.728,332.171,350.726,370.466,391.470,413.819,437.604,462.915,489.854,518.527,549.046,581.529,616.106,652.911,692.087,733.788,778.176,825.425,875.719,929.254,986.238,1046.896,1111.464,1180.195,1253.359,1331.245,1414.159,1502.431,1596.411,1696.474,1803.022,1916.484,2037.319,2166.020,2303.116,2449.171,2604.795,2770.638,2947.403,3135.842,3336.768,3551.054,3779.642,4023.546,4283.863,4561.774,4858.560,5175.602,5514.394,5876.554,6263.831,6678.119,7121.464,7596.076,8104.342,8648.831,9232.298,9857.694,10528.151,11246.981,12017.641,12843.695,13728.748,14676.346,15689.828,16772.134,17925.528,19151.237,20448.992,21816.446,23248.505,24736.591,26267.949,27825.164,29386.142,30924.849,32413.041,33822.919,35130.159,36316.321,37369.766,38285.055,39061.453,39701.163,40207.736,40584.846,40835.436,40961.207,40962.377,40837.682,40584.603,40199.877,39680.313,39023.992,38231.799,37309.128,36267.334,35124.301,33903.560,32631.960,31336.742,30042.975,28771.892,27540.180,26360.007,25239.501,24183.425,23193.901,22271.067,21413.639,20619.367,19885.388,19208.493,18585.324,18012.512,17486.777,17004.996,16564.244,16161.818,15795.254,15462.328,15161.062,14889.710,14646.761,14430.925,14241.127,14076.501,13936.379,13820.288,13727.946,13659.253,13614.293,13593.332,13596.818,13625.383,13679.847,13761.223,13870.726,14009.777,14180.020,14383.332,14621.835,14897.916,15214.244,15573.790,15979.852,16436.071,16946.465,17515.444,18147.841,18848.929,19624.437,20480.568,21423.988,22461.817,23601.589,24851.183,26218.715,27712.379,29340.219,31109.825,33027.927,35099.886,37329.073,39716.145,42258.248,44948.217,47773.864,50717.510,53755.921,56860.810,60000.000,60000.000,29999.999,0.000
0.000,0.955,1.912,2.870,3.830,4.793,5.759,6.729,7.704,8.684,9.670,10.663,11.663,12.672,13.690,14.718,15.757,16.808,17.872,18.950,20.044,21.155,22.283,23.431,24.600,25.791,27.007,28.249,29.520,30.820,32.153,33.520,34.925,36.370,37.858,39.391,40.974,42.610,44.301,46.053,47.869,49.755,51.713,53.751,55.873,58.085,60.393,62.803,65.322,67.959,70.722,73.617,76.655,79.845,83.197,86.723,90.434,94.342,98.461,102.806,107.391,112.232,117.347,122.754,128.473,134.525,140.931,147.717,154.908,162.530,170.613,179.188,188.288,197.947,208.203,219.097,230.670,242.968,256.040,269.936,284.712,300.425,317.138,334.917,353.831,373.955,395.369,418.158,442.410,468.221,495.693,524.934,556.058,589.188,624.453,661.991,701.949,744.484,789.763,837.962,889.271,943.891,1002.036,1063.937,1129.837,1199.998,1274.697,1354.233,1438.925,1529.112,1625.159,1727.459,1836.427,1952.513,2076.200,2208.003,2348.480,2498.228,2657.890,2828.160,3009.786,3203.575,3410.401,3631.206,3867.012,4118.927,4388.152,4675.993,4983.867,5313.319,5666.030,6043.830,6448.716,6882.867,7348.655,7848.666,8385.719,8962.874,9583.450,10251.033,10969.477,11742.896,12575.639,13472.244,14437.354,15475.588,16591.352,17788.554,19070.209,20437.891,21891.015,23425.914,25034.750,26704.330,28415.056,30140.399,31847.457,33499.193,35058.566,36493.734,37782.270,38912.314,39880.979,40691.473,41350.202,41864.469,42240.881,42484.377,42597.686,42581.100,42432.475,42147.463,41720.048,41143.495,40411.894,39522.394,38477.995,37290.327,35981.188,34581.422,33126.845,31653.221,30192.276,28769.534,27403.789,26107.621,24888.430,23749.580,22691.474,21712.445,20809.466,19978.680,19215.788,18516.330,17875.868,17290.115,16755.016,16266.796,15821.982,15417.417,15050.257,14717.962,14418.288,14149.271,13909.216,13696.680,13510.459,13349.580,13213.283,13101.020,13012.442,12947.396,12905.919,12888.238,12894.768,12926.114,12983.076,13066.650,13178.039,13318.663,13490.166,13694.432,13933.601,14210.087,14526.593,14886.141,15292.091,15748.166,16258.483,16827.577,17460.430,18162.498,18939.726,19798.572,20745.998,21789.467,22936.902,24196.611,25577.185,27087.314,28735.551,30529.978,32477.764,34584.615,36854.101,39286.890,41879.911,44625.546,47510.940,50517.594,53621.389,56793.180,60000.000,60000.000,30000.000,0.000
0.000,0.892,1.785,2.680,3.576,4.476,5.378,6.285,7.195,8.111,9.033,9.961,10.896,11.839,12.791,13.753,14.725,15.709,16.706,17.716,18.741,19.782,20.840,21.917,23.014,24.133,25.275,26.442,27.636,28.858,30.112,31.399,32.722,34.083,35.485,36.930,38.423,39.966,41.563,43.217,44.933,46.714,48.567,50.494,52.501,54.595,56.780,59.062,61.450,63.949,66.567,69.313,72.195,75.222,78.403,81.751,85.275,88.987,92.900,97.029,101.386,105.989,110.852,115.993,121.433,127.190,133.285,139.742,146.585,153.839,161.533,169.696,178.358,187.555,197.320,207.692,218.713,230.424,242.872,256.106,270.178,285.142,301.059,317.991,336.004,355.170,375.565,397.268,420.365,444.947,471.111,498.959,528.602,560.154,593.742,629.495,667.554,708.070,751.201,797.117,845.999,898.039,953.444,1012.434,1075.242,1142.120,1213.336,1289.176,1369.947,1455.978,1547.621,1645.253,1749.280,1860.137,1978.292,2104.248,2238.549,2381.778,2534.566,2697.594,2871.601,3057.382,3255.804,3467.806,3694.408,3936.721,4195.956,4473.434,4770.598,5089.031,5430.461,5796.789,6190.099,6612.682,7067.059,7556.002,8082.559,8650.084,9262.256,9923.111,10637.057,11408.887,12243.784,13147.298,14125.301,15183.883,16329.198,17567.196,18903.220,20341.417,21883.877,23529.457,25272.237,27099.636,28990.403,30913.016,32825.460,34677.780,36418.491,38004.018,39406.787,40616.319,41635.152,42473.336,43143.785,43659.137,44029.917,44263.591,44364.148,44331.951,44163.744,43852.822,43389.455,42761.823,41957.799,40967.993,39790.238,38434.903,36928.819,35314.213,33640.899,31957.148,30303.503,28710.314,27197.956,25778.400,24457.161,23235.138,22110.118,21077.925,20133.254,19270.252,18482.913,17765.330,17111.863,16517.226,15976.539,15485.352,15039.635,14635.777,14270.560,13941.140,13645.021,13380.036,13144.318,12936.284,12754.615,12598.239,12466.316,12358.229,12273.568,12212.131,12173.909,12159.091,12168.058,12201.385,12259.844,12344.410,12456.266,12596.815,12767.690,12970.769,13208.189,13482.371,13796.032,14152.219,14554.329,15006.140,15511.840,16076.063,16703.915,17401.011,18173.501,19028.091,19972.058,21013.241,22160.021,23421.255,24806.173,26324.209,27984.758,29796.831,31768.590,33906.755,36215.870,38697.439,41348.992,44163.141,47126.775,50220.550,53418.872,56690.523,60000.000,60000.000,30000.000,0.000
0.000,0.829,1.659,2.490,3.323,4.159,4.997,5.839,6.686,7.537,8.395,9.257,10.127,11.005,11.891,12.786,13.691,14.607,15.536,16.477,17.433,18.403,19.390,20.395,21.419,22.463,23.530,24.620,25.736,26.879,28.052,29.257,30.495,31.770,33.083,34.438,35.838,37.285,38.784,40.336,41.948,43.622,45.362,47.174,49.061,51.030,53.087,55.236,57.483,59.837,62.304,64.892,67.608,70.462,73.463,76.621,79.946,83.449,87.143,91.041,95.156,99.503,104.097,108.955,114.095,119.535,125.296,131.400,137.869,144.728,152.003,159.722,167.914,176.612,185.848,195.659,206.084,217.162,228.938,241.457,254.769,268.926,283.983,300.001,317.043,335.175,354.470,375.002,396.853,420.109,444.862,471.209,499.253,529.105,560.883,594.711,630.723,669.060,709.874,753.326,799.588,848.844,901.289,957.133,1016.600,1079.928,1147.374,1219.211,1295.734,1377.257,1464.117,1556.678,1655.329,1760.489,1872.609,1992.177,2119.718,2255.798,2401.032,2556.083,2721.672,2898.582,3087.663,3289.841,3506.129,3737.631,3985.555,4251.227,4536.104,4841.786,5170.039,5522.810,5902.253,6310.751,6750.947,7225.772,7738.483,8292.697,8892.433,9542.154,10246.807,11011.867,11843.368,12747.924,13732.727,14805.506,15974.423,17247.872,18634.123,20140.745,21773.684,23535.866,25425.171,27431.638,29533.971,31695.868,33863.652,35968.043,37933.667,39697.128,41224.607,42511.091,43570.044,44423.002,45092.536,45598.451,45956.130,46175.995,46263.441,46218.890,46037.811,45710.707,45223.211,44556.632,43689.577,42601.633,41280.159,39730.330,37985.075,36105.822,34165.502,32231.086,30354.395,28570.385,26899.450,25350.991,23926.809,22623.828,21436.073,20356.023,19375.515,18486.307,17680.426,16950.363,16289.177,15690.535,15148.716,14658.589,14215.583,13815.649,13455.220,13131.170,12840.777,12581.688,12351.890,12149.677,11973.632,11822.598,11695.668,11592.162,11511.622,11453.798,11418.642,11406.305,11417.132,11451.666,11510.647,11595.019,11705.938,11844.777,12013.145,12212.894,12446.145,12715.299,13023.068,13372.493,13766.983,14210.337,14706.786,15261.026,15878.258,16564.230,17325.270,18168.326,19100.987,20131.501,21268.765,22522.289,23902.111,25418.655,27082.501,28904.052,30893.059,33057.992,35405.223,37938.038,40655.505,43551.276,46612.489,49818.974,53143.033,56550.042,60000.000,60000.000,29999.999,0.000
0.000,0.765,1.532,2.299,3.069,3.841,4.616,5.394,6.176,6.963,7.755,8.553,9.357,10.169,10.988,11.816,12.654,13.502,14.362,15.234,16.118,17.018,17.933,18.864,19.814,20.783,21.773,22.785,23.822,24.884,25.974,27.094,28.246,29.432,30.654,31.916,33.220,34.569,35.965,37.413,38.916,40.478,42.102,43.794,45.557,47.396,49.318,51.326,53.428,55.630,57.938,60.359,62.902,65.574,68.384,71.342,74.456,77.739,81.201,84.855,88.712,92.787,97.096,101.652,106.473,111.577,116.982,122.710,128.780,135.218,142.046,149.292,156.982,165.147,173.818,183.030,192.817,203.219,214.276,226.031,238.531,251.825,265.964,281.006,297.008,314.035,332.153,351.434,371.953,393.792,417.037,441.778,468.114,496.149,525.992,557.762,591.584,627.592,665.928,706.744,750.203,796.479,845.755,898.230,954.116,1013.639,1077.041,1144.583,1216.543,1293.221,1374.937,1462.037,1554.893,1653.905,1759.506,1872.161,1992.375,2120.694,2257.710,2404.064,2560.454,2727.642,2906.455,3097.801,3302.671,3522.152,3757.441,4009.854,4280.841,4572.010,4885.138,5222.201,5585.394,5977.166,6400.249,6857.702,7352.950,7889.836,8472.674,9106.313,9796.202,10548.460,11369.952,12268.358,13252.234,14331.048,15515.174,16815.802,18244.713,19813.816,21534.305,23415.210,25461.001,27667.834,30018.034,32472.890,34965.295,37397.131,39651.065,41626.276,43283.479,44633.452,45710.988,46556.153,47204.964,47686.061,48020.221,48220.883,48294.798,48242.425,48057.971,47729.054,47236.123,46551.990,45642.323,44468.882,42998.522,41221.269,39175.422,36958.596,34684.300,32447.404,30312.715,28317.493,26478.586,24799.423,23275.377,21897.420,20654.449,19534.708,18526.607,17619.169,16802.256,16066.655,15404.085,14807.162,14269.341,13784.846,13348.601,12956.160,12603.645,12287.687,12005.371,11754.193,11532.019,11337.047,11167.780,11022.997,10901.736,10803.271,10727.101,10672.937,10640.696,10630.492,10642.636,10677.634,10736.191,10819.213,10927.817,11063.337,11227.341,11421.641,11648.316,11909.731,12208.560,12547.815,12930.881,13361.545,13844.042,14383.094,14983.957,15652.472,16395.112,17219.039,18132.143,19143.086,20261.322,21497.093,22861.392,24365.858,26022.595,27843.867,29841.650,32026.972,34409.028,36994.019,39783.741,42773.991,45952.948,49299.835,52784.253,56366.615,60000.000,60000.000,29999.996,0.000
0.000,0.702,1.405,2.109,2.815,3.523,4.234,4.948,5.666,6.388,7.114,7.847,8.585,9.330,10.083,10.844,11.614,12.393,13.183,13.985,14.799,15.626,16.468,17.325,18.200,19.092,20.004,20.938,21.893,22.873,23.878,24.912,25.975,27.070,28.199,29.365,30.571,31.817,33.109,34.449,35.840,37.286,38.790,40.357,41.990,43.695,45.477,47.339,49.289,51.332,53.474,55.721,58.082,60.563,63.173,65.921,68.815,71.866,75.083,78.480,82.066,85.856,89.863,94.101,98.585,103.334,108.363,113.692,119.342,125.333,131.688,138.432,145.591,153.192,161.264,169.840,178.952,188.637,198.931,209.877,221.515,233.893,247.059,261.065,275.965,291.820,308.690,326.644,345.750,366.086,387.731,410.770,435.293,461.400,489.192,518.778,550.277,583.813,619.519,657.537,698.021,741.130,787.040,835.935,888.014,943.490,1002.590,1065.557,1132.656,1204.168,1280.394,1361.663,1448.324,1540.757,1639.372,1744.610,1856.953,1976.920,2105.076,2242.035,2388.468,2545.105,2712.746,2892.267,3084.632,3290.900,3512.238,3749.939,4005.433,4280.311,4576.341,4895.500,5239.996,5612.309,6015.223,6451.880,6925.824,7441.067,8002.160,8614.270,9283.274,10015.866,10819.670,11703.372,12676.853,13751.328,14939.473,16255.502,17715.165,19335.553,21134.564,23129.720,25335.842,27760.713,30397.493,33212.414,36127.557,39004.170,41647.234,43873.478,45649.630,47028.299,48084.352,48885.707,49485.157,49920.659,50217.860,50392.573,50452.496,50398.096,50222.650,49911.473,49440.299,48772.946,47858.909,46633.120,45023.849,42980.878,40536.827,37868.927,35165.787,32561.610,30131.664,27908.388,25898.082,24092.847,22477.970,21036.139,19749.712,18601.875,17577.158,16661.629,15842.900,15110.043,14453.474,13864.817,13336.770,12862.984,12437.946,12056.876,11715.647,11410.694,11138.960,10897.828,10685.079,10498.845,10337.575,10200.006,10085.139,9992.215,9920.702,9870.282,9840.840,9832.457,9845.410,9880.167,9937.392,10017.946,10122.898,10253.530,10411.354,10598.125,10815.858,11066.857,11353.730,11679.429,12047.279,12461.017,12924.838,13443.443,14022.093,14666.671,15383.749,16180.652,17065.535,18047.450,19136.409,20343.432,21680.564,23160.847,24798.203,26607.219,28602.743,30799.257,33209.932,35845.297,38711.476,41808.020,45125.491,48643.177,52327.534,56132.167,60000.000,60000.000,29999.985,0.000
0.000,0.639,1.278,1.918,2.561,3.205,3.851,4.501,5.154,5.811,6.473,7.139,7.812,8.490,9.176,9.869,10.570,11.280,12.001,12.731,13.474,14.228,14.996,15.779,16.577,17.392,18.225,19.078,19.951,20.846,21.766,22.711,23.684,24.686,25.720,26.788,27.892,29.034,30.219,31.447,32.722,34.049,35.429,36.867,38.367,39.933,41.569,43.280,45.072,46.950,48.918,50.985,53.156,55.439,57.840,60.368,63.032,65.840,68.802,71.929,75.232,78.722,82.413,86.317,90.449,94.824,99.458,104.370,109.576,115.098,120.956,127.173,133.772,140.779,148.222,156.128,164.530,173.459,182.951,193.043,203.775,215.188,227.328,240.243,253.983,268.602,284.159,300.714,318.333,337.085,357.045,378.290,400.906,424.981,450.611,477.897,506.948,537.879,570.813,605.883,643.228,682.999,725.357,770.474,818.534,869.735,924.288,982.420,1044.377,1110.419,1180.831,1255.916,1336.004,1421.449,1512.635,1609.979,1713.931,1824.981,1943.664,2070.559,2206.303,2351.591,2507.184,2673.920,2852.721,3044.607,3250.704,3472.263,3710.675,3967.492,4244.450,4543.496,4866.818,5216.886,5596.494,6008.809,6457.438,6946.490,7480.671,8065.374,8706.803,9412.105,10189.537,11048.653,12000.523,13057.986,14235.935,15551.617,17024.939,18678.716,20538.724,22633.314,24991.980,27641.731,30598.855,33851.759,37328.393,40844.798,44060.262,46570.812,48413.303,49745.798,50712.454,51417.203,51929.338,52293.596,52538.029,52679.092,52724.560,52674.855,52523.106,52253.935,51840.700,51240.636,50387.299,49180.895,47482.933,45141.632,42122.151,38814.569,35548.390,32501.669,29744.032,27286.406,25112.602,23196.011,21507.619,20019.557,18706.494,17546.029,16518.631,15607.403,14797.785,14077.258,13435.068,12861.978,12350.058,11892.495,11483.441,11117.875,10791.491,10500.605,10242.068,10013.203,9811.746,9635.800,9483.790,9354.435,9246.719,9159.867,9093.330,9046.768,9020.040,9013.202,9026.494,9060.346,9115.375,9192.392,9292.407,9416.638,9566.526,9743.748,9950.237,10188.205,10460.170,10768.986,11117.880,11510.495,11950.937,12443.829,12994.380,13608.449,14292.635,15054.357,15901.963,16844.834,17893.493,19059.719,20356.642,21798.811,23402.198,25184.104,27162.885,29357.417,31786.178,34465.788,37408.869,40621.140,44097.836,47819.857,51750.548,55834.519,60000.000,60000.000,29999.943,0.000
0.000,0.575,1.151,1.727,2.306,2.886,3.468,4.053,4.642,5.234,5.830,6.431,7.037,7.648,8.266,8.891,9.523,10.164,10.814,11.473,12.143,12.824,13.518,14.225,14.946,15.682,16.435,17.206,17.996,18.806,19.638,20.493,21.374,22.281,23.218,24.185,25.186,26.221,27.295,28.409,29.566,30.770,32.023,33.328,34.690,36.112,37.598,39.153,40.782,42.488,44.279,46.158,48.132,50.208,52.393,54.693,57.118,59.673,62.370,65.217,68.224,71.402,74.763,78.319,82.083,86.068,90.290,94.765,99.509,104.541,109.879,115.545,121.559,127.945,134.728,141.935,149.593,157.732,166.384,175.584,185.366,195.770,206.836,218.609,231.134,244.461,258.643,273.734,289.796,306.891,325.086,344.455,365.073,387.021,410.388,435.266,461.753,489.956,519.987,551.967,586.024,622.297,660.931,702.086,745.930,792.644,842.423,895.476,952.028,1012.319,1076.612,1145.186,1218.346,1296.419,1379.762,1468.760,1563.831,1665.433,1774.061,1890.258,2014.619,2147.796,2290.504,2443.532,2607.752,2784.130,2973.735,3177.762,3397.541,3634.564,3890.504,4167.248,4466.927,4791.959,5145.091,5529.462,5948.663,6406.822,6908.697,7459.792,8066.497,8736.253,9477.760,10301.220,11218.641,12244.202,13394.707,14690.133,16154.302,17815.689,19708.347,21872.871,24357.075,27215.414,30504.475,34267.410,38489.492,42986.400,47178.233,49936.232,51686.999,52829.162,53602.492,54141.339,54521.425,54786.386,54961.596,55061.238,55091.827,55053.689,54941.016,54740.495,54427.966,53961.635,53268.793,52220.269,50585.399,47980.616,43995.631,39718.871,35711.600,32152.715,29056.468,26380.682,24069.992,22071.065,20337.030,18828.069,17510.774,16357.215,15344.036,14451.669,13663.683,12966.242,12347.667,11798.077,11309.095,10873.605,10485.557,10139.800,9831.950,9558.277,9315.614,9101.280,8913.014,8748.929,8607.459,8487.335,8387.544,8307.314,8246.091,8203.525,8179.459,8173.922,8187.123,8219.450,8271.472,8343.941,8437.798,8554.187,8694.460,8860.198,9053.228,9275.647,9529.847,9818.550,10144.844,10512.227,10924.662,11386.633,11903.220,12480.182,13124.050,13842.241,14643.189,15536.488,16533.065,17645.361,18887.522,20275.601,21827.718,23564.155,25507.310,27681.378,30111.603,32822.833,35837.090,39169.851,42824.870,46787.876,51020.288,55455.363,60000.000,60000.000,29999.786,0.000
0.000,0.511,1.024,1.537,2.051,2.567,3.085,3.605,4.128,4.655,5.186,5.720,6.260,6.804,7.354,7.910,8.474,9.044,9.623,10.211,10.808,11.415,12.033,12.663,13.307,13.964,14.636,15.324,16.029,16.752,17.495,18.259,19.046,19.857,20.695,21.560,22.454,23.381,24.342,25.339,26.375,27.452,28.574,29.744,30.964,32.238,33.571,34.965,36.425,37.956,39.561,41.247,43.019,44.882,46.842,48.907,51.083,53.378,55.800,58.356,61.057,63.912,66.931,70.125,73.507,77.088,80.882,84.903,89.167,93.689,98.487,103.579,108.985,114.726,120.824,127.302,134.186,141.503,149.282,157.552,166.347,175.701,185.650,196.235,207.495,219.477,232.228,245.796,260.237,275.608,291.968,309.382,327.921,347.656,368.667,391.037,414.856,440.218,467.226,495.987,526.619,559.245,593.999,631.023,670.469,712.503,757.300,805.049,855.955,910.235,968.128,1029.888,1095.792,1166.138,1241.253,1321.486,1407.221,1498.877,1596.908,1701.814,1814.142,1934.491,2063.526,2201.976,2350.651,2510.449,2682.372,2867.535,3067.191,3282.745,3515.781,3768.093,4041.714,4338.960,4662.482,5015.316,5400.964,5823.472,6287.537,6798.635,7363.174,7988.687,8684.067,9459.865,10328.656,11305.512,12408.595,13659.943,15086.486,16721.430,18606.139,20792.785,23348.071,26358.408,29936.252,34223.943,39375.793,45433.097,51730.056,54308.900,55569.317,56281.376,56727.029,57024.254,57228.655,57368.946,57460.748,57512.454,57527.838,57507.078,57446.793,57339.083,57169.052,56909.168,56505.992,55846.015,54657.809,52199.834,46160.928,40353.734,35426.482,31341.186,27948.509,25109.932,22715.696,20681.306,18941.447,17444.998,16151.403,15028.109,14048.716,13191.646,12439.129,11776.454,11191.377,10673.665,10214.737,9807.372,9445.480,9123.916,8838.329,8585.038,8360.931,8163.386,7990.202,7839.539,7709.883,7599.999,7508.905,7435.851,7380.291,7341.877,7320.444,7315.998,7328.718,7358.952,7407.213,7474.190,7560.748,7667.938,7797.013,7949.438,8126.912,8331.387,8565.100,8830.600,9130.793,9468.981,9848.921,10274.888,10751.752,11285.072,11881.203,12547.428,13292.118,14124.917,15056.970,16101.183,17272.528,18588.395,20068.954,21737.522,23620.852,25749.213,28156.050,30876.871,33946.828,37396.319,41243.931,45486.495,50087.372,54966.646,60000.000,60000.000,29999.203,0.000
0.000,0.448,0.896,1.345,1.795,2.247,2.700,3.156,3.615,4.076,4.540,5.009,5.481,5.958,6.440,6.928,7.421,7.922,8.429,8.944,9.468,10.001,10.543,11.096,11.660,12.237,12.827,13.431,14.050,14.686,15.339,16.011,16.703,17.416,18.152,18.913,19.700,20.516,21.361,22.239,23.151,24.100,25.088,26.119,27.194,28.317,29.491,30.720,32.008,33.358,34.774,36.261,37.824,39.468,41.198,43.020,44.941,46.966,49.105,51.362,53.747,56.268,58.934,61.755,64.742,67.906,71.257,74.810,78.577,82.572,86.812,91.311,96.088,101.160,106.549,112.274,118.358,124.824,131.698,139.007,146.780,155.046,163.839,173.194,183.146,193.736,205.005,216.997,229.760,243.345,257.805,273.197,289.582,307.026,325.598,345.372,366.426,388.847,412.722,438.149,465.231,494.079,524.809,557.549,592.435,629.613,669.239,711.480,756.520,804.553,855.791,910.461,968.810,1031.107,1097.640,1168.726,1244.709,1325.963,1412.900,1505.968,1605.661,1712.522,1827.153,1950.215,2082.447,2224.667,2377.790,2542.840,2720.967,2913.468,3121.809,3347.655,3592.901,3859.715,4150.586,4468.385,4816.433,5198.594,5619.375,6084.068,6598.909,7171.284,7809.988,8525.548,9330.640,10240.625,11274.253,12454.590,13810.302,15377.436,17202.028,19344.088,21884.047,24933.922,28658.206,33316.341,39356.656,47640.154,60000.000,60000.000,60000.000,60000.000,60000.000,60000.000,60000.000,60000.000,60000.000,60000.000,60000.000,60000.000,60000.000,60000.000,60000.000,60000.000,60000.000,60000.000,60000.000,60000.000,48094.544,40108.695,34299.452,29837.093,26286.507,23394.902,21001.621,18997.083,17302.527,15859.145,14621.808,13555.176,12631.155,11827.149,11124.815,10509.150,9967.803,9490.554,9068.901,8695.751,8365.162,8072.143,7812.501,7582.702,7379.774,7201.222,7044.954,6909.232,6792.622,6693.958,6612.315,6546.978,6497.431,6463.336,6444.524,6440.990,6452.883,6480.507,6524.320,6584.938,6663.141,6759.881,6876.292,7013.705,7173.667,7357.961,7568.633,7808.026,8078.812,8384.046,8727.214,9112.305,9543.887,10027.208,10568.314,11174.200,11852.985,12614.139,13468.759,14429.913,15513.052,16736.533,18122.213,19696.159,21489.393,23538.595,25886.533,28581.792,31677.048,35224.679,39268.048,43826.809,48876.062,54323.852,60000.000,60000.000,29997.025,0.000
0.000,0.384,0.768,1.153,1.539,1.927,2.316,2.707,3.100,3.496,3.894,4.296,4.701,5.111,5.524,5.943,6.367,6.796,7.232,7.674,8.124,8.581,9.047,9.523,10.008,10.504,11.011,11.530,12.063,12.609,13.171,13.749,14.344,14.959,15.592,16.248,16.925,17.628,18.356,19.113,19.899,20.717,21.569,22.458,23.385,24.353,25.366,26.426,27.537,28.702,29.924,31.208,32.557,33.976,35.470,37.044,38.703,40.453,42.299,44.249,46.309,48.487,50.791,53.229,55.810,58.544,61.441,64.511,67.767,71.221,74.885,78.774,82.903,87.289,91.947,96.896,102.155,107.745,113.688,120.007,126.727,133.874,141.477,149.564,158.169,167.324,177.068,187.436,198.471,210.217,222.719,236.027,250.195,265.278,281.337,298.435,316.642,336.030,356.677,378.667,402.089,427.039,453.621,481.942,512.122,544.286,578.572,615.126,654.105,695.680,740.035,787.368,837.896,891.852,949.489,1011.085,1076.940,1147.383,1222.776,1303.512,1390.028,1482.802,1582.365,1689.305,1804.274,1928.000,2061.300,2205.086,2360.390,2528.372,2710.355,2907.839,3122.542,3356.435,3611.788,3891.229,4197.817,4535.119,4907.326,5319.379,5777.137,6287.581,6859.081,7501.727,8227.758,9052.126,9993.228,11073.891,12322.725,13776.011,15480.474,17497.518,19910.131,22835.051,26446.330,31026.576,37094.348,45770.867,60000.000,60000.000,60000.000,60000.000,60000.000,60000.000,60000.000,60000.000,60000.000,60000.000,60000.000,60000.000,60000.000,60000.000,60000.000,60000.000,60000.000,60000.000,60000.000,60000.000,46108.574,37687.082,31825.577,27421.269,23965.571,21181.603,18898.856,17002.937,15412.492,14067.311,12921.573,11939.700,11093.646,10361.048,9723.903,9167.599,8680.207,8251.919,7874.637,7541.645,7247.347,6987.070,6756.905,6553.570,6374.318,6216.848,6079.236,5959.888,5857.490,5770.975,5699.493,5642.392,5599.193,5569.584,5553.401,5550.629,5561.390,5585.944,5624.691,5678.170,5747.067,5832.221,5934.634,6055.487,6196.153,6358.218,6543.507,6754.116,6992.441,7261.232,7563.640,7903.283,8284.332,8711.605,9190.693,9728.118,10331.526,11009.934,11774.054,12636.691,13613.270,14722.502,15987.236,17435.534,19101.989,21029.263,23269.715,25886.733,28954.908,32557.312,36776.783,41676.638,47266.218,53452.700,60000.000,60000.000,29988.897,0.000
0.000,0.320,0.640,0.961,1.283,1.606,1.931,2.257,2.585,2.915,3.247,3.582,3.920,4.261,4.606,4.956,5.309,5.668,6.031,6.401,6.776,7.158,7.547,7.944,8.349,8.763,9.187,9.621,10.067,10.523,10.993,11.476,11.974,12.487,13.018,13.566,14.133,14.721,15.330,15.964,16.622,17.307,18.020,18.764,19.541,20.353,21.201,22.089,23.020,23.996,25.021,26.097,27.228,28.418,29.671,30.990,32.382,33.849,35.398,37.034,38.762,40.589,42.522,44.568,46.734,49.028,51.458,54.035,56.767,59.665,62.741,66.005,69.471,73.152,77.061,81.215,85.630,90.322,95.311,100.615,106.256,112.255,118.636,125.425,132.648,140.334,148.513,157.216,166.480,176.340,186.835,198.007,209.901,222.563,236.044,250.399,265.684,281.962,299.297,317.761,337.428,358.379,380.701,404.485,429.832,456.848,485.648,516.355,549.104,584.037,621.310,661.092,703.565,748.927,797.393,849.197,904.596,963.868,1027.321,1095.292,1168.151,1246.307,1330.216,1420.379,1517.358,1621.777,1734.340,1855.834,1987.150,2129.296,2283.417,2450.824,2633.014,2831.715,3048.921,3286.950,3548.506,3836.762,4155.454,4509.008,4902.700,5342.845,5837.053,6394.544,7026.564,7746.918,8572.665,9525.046,10630.718,11923.432,13446.363,15255.400,17423.929,20049.840,23265.504,27249.295,32223.304,38348.967,45068.802,47641.262,48770.755,49323.117,49614.105,49774.659,49865.369,49916.603,49944.239,49956.449,49956.754,49945.238,49918.575,49868.874,49780.722,49624.593,49341.524,48804.037,47704.582,45199.485,38652.686,32705.508,27894.534,24056.873,20972.943,18467.125,16409.312,14703.366,13277.243,12076.086,11057.529,10188.459,9442.740,8799.556,8242.207,7757.200,7333.567,6962.339,6636.148,6348.907,6095.574,5871.951,5674.541,5500.420,5347.146,5212.680,5095.320,4993.659,4906.540,4833.021,4772.355,4723.966,4687.430,4662.467,4648.930,4646.796,4656.163,4677.248,4710.388,4756.042,4814.792,4887.356,4974.592,5077.511,5197.293,5335.302,5493.114,5672.538,5875.653,6104.849,6362.874,6652.900,6978.596,7344.227,7754.775,8216.092,8735.101,9320.053,9980.863,10729.559,11580.864,12552.996,13668.719,14956.774,16453.786,18206.772,20276.348,22740.530,25698.550,29272.888,33605.143,38836.748,45059.477,52220.732,60000.000,60000.000,29958.563,0.000
0.000,0.256,0.512,0.769,1.027,1.286,1.545,1.806,2.069,2.333,2.599,2.867,3.138,3.411,3.687,3.967,4.250,4.537,4.828,5.124,5.425,5.731,6.043,6.361,6.686,7.018,7.358,7.706,8.063,8.429,8.805,9.193,9.592,10.004,10.430,10.870,11.326,11.797,12.287,12.795,13.324,13.874,14.447,15.045,15.669,16.321,17.002,17.716,18.464,19.249,20.072,20.937,21.847,22.804,23.811,24.872,25.991,27.171,28.416,29.732,31.122,32.592,34.147,35.792,37.535,39.380,41.336,43.409,45.608,47.940,50.414,53.041,55.830,58.792,61.938,65.281,68.833,72.609,76.623,80.892,85.432,90.259,95.395,100.859,106.671,112.857,119.439,126.444,133.899,141.834,150.280,159.272,168.844,179.035,189.885,201.438,213.741,226.843,240.797,255.659,271.491,288.356,306.326,325.474,345.881,367.634,390.825,415.553,441.927,470.063,500.087,532.135,566.355,602.908,641.968,683.725,728.387,776.183,827.360,882.194,940.987,1004.074,1071.825,1144.652,1223.014,1307.425,1398.462,1496.774,1603.095,1718.257,1843.211,1979.040,2126.992,2288.505,2465.247,2659.159,2872.515,3107.987,3368.736,3658.519,3981.830,4344.067,4751.760,5212.850,5737.056,6336.335,7025.487,7822.930,8751.688,9840.656,11126.162,12653.807,14480.361,16674.890,19316.563,22481.806,26200.612,30332.901,34284.980,36725.492,38118.643,38907.609,39358.646,39619.160,39770.214,39856.806,39903.905,39924.804,39925.329,39905.623,39860.189,39776.198,39629.422,39376.125,38937.467,38170.045,36814.809,34440.682,30597.193,26587.749,22990.202,19938.773,17402.237,15304.676,13567.937,12124.012,10917.071,9902.305,9044.040,8313.915,7689.345,7152.276,6688.217,6285.476,5934.571,5627.775,5358.759,5122.315,4914.141,4730.672,4568.940,4426.476,4301.220,4191.456,4095.758,4012.942,3942.041,3882.267,3832.993,3793.737,3764.144,3743.977,3733.108,3731.512,3739.267,3756.546,3783.621,3820.864,3868.751,3927.867,3998.913,4082.718,4180.248,4292.627,4421.150,4567.309,4732.824,4919.674,5130.145,5366.882,5632.960,5931.967,6268.120,6646.404,7072.762,7554.339,8099.814,8719.840,9427.655,10239.919,11177.888,12269.077,13549.626,15067.706,16888.387,19100.499,21825.886,25230.555,29534.159,35005.736,41914.212,50370.750,60000.000,60000.000,29845.357,0.000
0.000,0.192,0.384,0.577,0.771,0.965,1.159,1.355,1.552,1.750,1.950,2.151,2.355,2.559,2.767,2.977,3.190,3.405,3.623,3.845,4.071,4.301,4.535,4.774,5.018,5.267,5.523,5.784,6.052,6.328,6.610,6.902,7.202,7.512,7.832,8.163,8.505,8.860,9.229,9.611,10.008,10.422,10.853,11.303,11.772,12.263,12.776,13.313,13.876,14.467,15.087,15.738,16.423,17.143,17.902,18.701,19.543,20.432,21.370,22.361,23.408,24.515,25.686,26.926,28.238,29.628,31.102,32.663,34.319,36.076,37.941,39.920,42.021,44.252,46.622,49.141,51.817,54.662,57.687,60.904,64.324,67.962,71.831,75.947,80.327,84.988,89.947,95.225,100.842,106.821,113.186,119.961,127.173,134.853,143.028,151.734,161.005,170.878,181.394,192.594,204.525,217.235,230.779,245.210,260.592,276.989,294.470,313.111,332.994,354.208,376.846,401.013,426.821,454.390,483.854,515.356,549.055,585.123,623.751,665.146,709.539,757.185,808.367,863.399,922.631,986.458,1055.320,1129.716,1210.209,1297.440,1392.140,1495.145,1607.421,1730.080,1864.416,2011.939,2174.421,2353.948,2552.997,2774.518,3022.047,3299.846,3613.083,3968.057,4372.490,4835.894,5370.034,5989.513,6712.462,7561.357,8563.836,9753.317,11168.832,12852.805,14844.061,17160.764,19764.443,22497.047,25012.726,26857.085,28070.716,28830.029,29293.711,29573.122,29739.522,29836.500,29889.770,29913.532,29914.134,29891.738,29840.361,29746.308,29584.643,29313.020,28862.176,28123.871,26943.930,25151.249,22707.668,20058.106,17539.774,15305.803,13392.578,11781.434,10433.778,9307.703,8364.755,7572.057,6902.446,6333.853,5848.484,5432.024,5072.948,4761.954,4491.506,4255.470,4048.837,3867.492,3708.046,3567.695,3444.113,3335.365,3239.844,3156.210,3083.353,3020.353,2966.456,2921.053,2883.655,2853.887,2831.473,2816.228,2808.050,2806.918,2812.887,2826.086,2846.724,2875.080,2911.518,2956.483,3010.511,3074.233,3148.390,3233.842,3331.582,3442.757,3568.690,3710.908,3871.179,4051.552,4254.421,4482.587,4739.359,5028.667,5355.227,5724.751,6144.234,6622.352,7170.016,7801.155,8533.855,9392.033,10407.947,11626.052,13109.007,14947.203,17273.947,20289.292,24295.208,29737.828,37220.888,47348.058,60000.000,60000.000,29422.863,0.000
0.000,0.128,0.256,0.385,0.514,0.643,0.773,0.904,1.035,1.167,1.300,1.435,1.570,1.707,1.845,1.986,2.127,2.271,2.417,2.565,2.716,2.869,3.025,3.184,3.347,3.514,3.684,3.859,4.038,4.221,4.410,4.605,4.805,5.012,5.226,5.447,5.676,5.913,6.159,6.414,6.680,6.956,7.244,7.545,7.859,8.186,8.529,8.888,9.265,9.660,10.074,10.509,10.967,11.449,11.955,12.489,13.053,13.647,14.274,14.937,15.637,16.377,17.161,17.990,18.867,19.797,20.782,21.827,22.934,24.109,25.356,26.679,28.085,29.577,31.162,32.847,34.637,36.540,38.563,40.715,43.002,45.435,48.023,50.777,53.706,56.823,60.141,63.671,67.428,71.427,75.685,80.216,85.041,90.177,95.646,101.470,107.671,114.275,121.309,128.802,136.783,145.286,154.346,164.002,174.292,185.263,196.959,209.432,222.737,236.932,252.082,268.256,285.529,303.983,323.706,344.796,367.359,391.511,417.380,445.106,474.845,506.768,541.066,577.952,617.662,660.463,706.652,756.569,810.594,869.162,932.772,1001.990,1077.475,1159.986,1250.407,1349.771,1459.290,1580.398,1714.797,1864.520,2032.005,2220.199,2432.680,2673.816,2948.964,3264.726,3629.255,4052.634,4547.302,5128.484,5814.517,6626.802,7588.855,8723.444,10046.118,11552.750,13199.353,14878.121,16411.796,17619.407,18477.107,19048.083,19413.045,19640.096,19778.251,19859.903,19905.144,19925.420,19925.938,19906.834,19863.209,19784.031,19649.824,19429.134,19074.350,18519.335,17685.797,16512.719,15024.131,13397.245,11804.997,10352.100,9080.858,7994.723,7078.058,6308.290,5662.212,5118.745,4659.858,4270.593,3938.741,3654.414,3409.624,3197.915,3014.055,2853.792,2713.656,2590.800,2482.886,2387.979,2304.479,2231.057,2166.609,2110.217,2061.120,2018.689,1982.409,1951.862,1926.715,1906.712,1891.663,1881.441,1875.975,1875.250,1879.302,1888.217,1902.134,1921.242,1945.785,1976.063,2012.438,2055.338,2105.262,2162.792,2228.602,2303.469,2388.293,2484.112,2592.130,2713.748,2850.604,3004.621,3178.078,3373.694,3594.745,3845.219,4130.033,4455.333,4828.914,5260.841,5764.355,6357.262,7064.087,7919.555,8974.391,10305.367,12033.411,14357.463,17619.554,22429.484,29883.455,41800.594,60000.000,60000.000,27846.097,0.000
0.000,0.064,0.128,0.192,0.257,0.322,0.387,0.452,0.517,0.584,0.650,0.717,0.785,0.853,0.923,0.993,1.064,1.136,1.209,1.283,1.358,1.435,1.513,1.593,1.674,1.758,1.843,1.930,2.020,2.112,2.206,2.304,2.404,2.508,2.615,2.725,2.840,2.958,3.082,3.209,3.342,3.481,3.625,3.775,3.933,4.097,4.268,4.448,4.637,4.834,5.042,5.260,5.489,5.730,5.984,6.252,6.534,6.832,7.146,7.478,7.828,8.199,8.591,9.006,9.446,9.912,10.406,10.929,11.484,12.072,12.697,13.360,14.064,14.812,15.606,16.450,17.346,18.300,19.313,20.391,21.537,22.756,24.053,25.432,26.900,28.462,30.123,31.892,33.774,35.778,37.911,40.181,42.598,45.172,47.911,50.829,53.936,57.245,60.769,64.523,68.522,72.782,77.322,82.160,87.316,92.813,98.674,104.924,111.591,118.705,126.297,134.403,143.060,152.309,162.195,172.767,184.078,196.186,209.155,223.058,237.970,253.980,271.183,289.685,309.607,331.083,354.263,379.317,406.440,435.850,467.798,502.574,540.509,581.989,627.462,677.452,732.576,793.563,861.281,936.764,1021.259,1116.271,1223.629,1345.569,1484.832,1644.797,1829.631,2044.475,2295.635,2590.767,2938.952,3350.524,3836.345,4406.002,5064.222,5804.768,6602.102,7404.289,8136.931,8731.641,9170.224,9472.149,9670.290,9795.968,9873.484,9919.717,9945.482,9957.066,9957.364,9946.452,9921.611,9876.782,9801.487,9679.344,9486.754,9193.324,8767.206,8189.705,7478.897,6701.754,5930.875,5216.753,4584.040,4038.553,3575.452,3185.202,2857.069,2580.868,2347.664,2149.935,1981.489,1837.284,1713.236,1606.043,1513.024,1432.005,1361.210,1299.185,1244.734,1196.873,1154.785,1117.793,1085.335,1056.946,1032.238,1010.892,992.646,977.288,964.649,954.599,947.043,941.914,939.176,938.823,940.870,945.363,952.369,961.984,974.331,989.562,1007.857,1029.433,1054.542,1083.477,1116.578,1154.239,1196.914,1245.129,1299.493,1360.718,1429.636,1507.226,1594.649,1693.297,1804.848,1931.355,2075.356,2240.040,2429.474,2648.946,2905.470,3208.580,3571.590,4013.696,4563.638,5266.468,6196.869,7487.599,9396.063,12477.100,18082.854,29970.862,60000.000,60000.000,21961.524,0.000
0.000,0.000,0.000,0.000,0.000,0.000,0.000,0.000,0.000,0.000,0.000,0.000,0.000,0.000,0.000,0.000,0.000,0.000,0.000,0.000,0.000,0.000,0.000,0.000,0.000,0.000,0.000,0.000,0.000,0.000,0.000,0.000,0.000,0.000,0.000,0.000,0.000,0.000,0.000,0.000,0.000,0.000,0.000,0.000,0.000,0.000,0.000,0.000,0.000,0.000,0.000,0.000,0.000,0.000,0.000,0.000,0.000,0.000,0.000,0.000,0.000,0.000,0.000,0.000,0.000,0.000,0.000,0.000,0.000,0.000,0.000,0.000,0.000,0.000,0.000,0.000,0.000,0.000,0.000,0.000,0.000,0.000,0.000,0.000,0.000,0.000,0.000,0.000,0.000,0.000,0.000,0.000,0.000,0.000,0.000,0.000,0.000,0.000,0.000,0.000,0.000,0.000,0.000,0.000,0.000,0.000,0.000,0.000,0.000,0.000,0.000,0.000,0.000,0.000,0.000,0.000,0.000,0.000,0.000,0.000,0.000,0.000,0.000,0.000,0.000,0.000,0.000,0.000,0.000,0.000,0.000,0.000,0.000,0.000,0.000,0.000,0.000,0.000,0.000,0.000,0.000,0.000,0.000,0.000,0.000,0.000,0.000,0.000,0.000,0.000,0.000,0.000,0.000,0.000,0.000,0.000,0.000,0.000,0.000,0.000,0.000,0.000,0.000,0.000,0.000,0.000,0.000,0.000,0.000,0.000,0.000,0.000,0.000,0.000,0.000,0.000,0.000,0.000,0.000,0.000,0.000,0.000,0.000,0.000,0.000,0.000,0.000,0.000,0.000,0.000,0.000,0.000,0.000,0.000,0.000,0.000,0.000,0.000,0.000,0.000,0.000,0.000,0.000,0.000,0.000,0.000,0.000,0.000,0.000,0.000,0.000,0.000,0.000,0.000,0.000,0.000,0.000,0.000,0.000,0.000,0.000,0.000,0.000,0.000,0.000,0.000,0.000,0.000,0.000,0.000,0.000,0.000,0.000,0.000,0.000,0.000,0.000,0.000,0.000,0.000,0.000,0.000,0.000,0.000,0.000,0.000,0.000,0.000,0.000,0.000,0.000,0.000,0.000,0.000,0.000,0.000
