0.000,0.000,0.000,0.000,0.000,0.000,0.000,0.000,0.000,0.000,0.000,0.000,0.000,0.000,0.000,0.000,0.000,0.000,0.000,0.000,0.000,0.000,0.000,0.000,0.000,0.000,0.000,0.000,0.000,0.000,0.000,0.000,0.000,0.000,0.000,0.000,0.000,0.000,0.000,0.000,0.000,0.000,0.000,0.000,0.000,0.000,0.000,0.000,0.000,0.000,0.000,0.000,0.000,0.000,0.000,0.000,0.000,0.000,0.000,0.000,0.000,0.000,0.000,0.000,0.000,0.000,0.000,0.000,0.000,0.000,0.000,0.000,0.000,0.000,0.000,0.000,0.000,0.000,0.000,0.000,0.000,0.000,0.000,0.000,0.000,0.000,0.000,0.000,0.000,0.000,0.000,0.000,0.000,0.000,0.000,0.000,0.000,0.000,0.000,0.000,0.000,0.000,0.000,0.000,0.000,0.000,0.000,0.000,0.000,0.000,0.000,0.000,0.000,0.000,0.000,0.000,0.000,0.000,0.000,0.000,0.000,0.000,0.000,0.000,0.000,0.000,0.000,0.000,0.000,0.000,0.000,0.000,0.000,0.000,0.000,0.000,0.000,0.000,0.000,0.000,0.000,0.000,0.000,0.000,0.000,0.000,0.000,0.000,0.000,0.000,0.000,0.000,0.000,0.000,0.000,0.000,0.000,0.000,0.000,0.000,0.000,0.000,0.000,0.000,0.000,0.000,0.000,0.000,0.000,0.000,0.000,0.000,0.000,0.000,0.000,0.000,0.000,0.000,0.000,0.000,0.000,0.000,0.000,0.000,0.000,0.000,0.000,0.000,0.000,0.000,0.000,0.000,0.000,0.000,0.000,0.000,0.000,0.000,0.000,0.000,0.000,0.000,0.000,0.000,0.000,0.000,0.000,0.000,0.000,0.000,0.000,0.000,0.000,0.000,0.000,0.000,0.000,0.000,0.000,0.000,0.000,0.000,0.000,0.000,0.000,0.000,0.000,0.000,0.000,0.000,0.000,0.000,0.000,0.000,0.000,0.000,0.000,0.000,0.000,0.000,0.000,0.000,0.000,0.000,0.000,0.000,0.000,0.000,0.000,0.000,0.000,0.000,0.000,0.000,0.000,0.000
0.000,60000.000,60000.000,60000.000,60000.000,60000.000,60000.000,60000.000,60000.000,30104.617,18353.973,12893.103,9969.038,8235.332,7144.657,6450.023,6033.814,5844.489,5874.361,6159.047,6799.219,8026.952,10394.287,15348.996,27164.392,60000.000,60000.000,60000.000,60000.000,60000.000,60000.000,60000.000,60000.000,60000.000,60000.000,60000.000,60000.000,60000.000,60000.000,60000.000,60000.000,60000.000,60000.000,60000.000,60000.000,60000.000,60000.000,60000.000,60000.000,60000.000,26246.084,13985.121,8719.801,6071.977,4553.642,3590.756,2932.716,2457.283,2098.985,1819.963,1596.937,1414.847,1263.550,1135.969,1027.027,932.988,851.047,779.055,715.342,658.590,607.746,561.959,520.534,482.901,448.584,417.186,388.373,361.862,337.413,314.819,293.903,274.512,256.516,239.800,224.264,209.821,196.396,183.922,172.340,161.601,151.657,142.471,134.007,126.234,119.126,112.658,106.811,101.567,96.910,92.830,89.315,86.359,83.958,82.109,80.814,80.075,79.900,80.298,81.283,82.872,85.086,87.949,91.491,95.748,100.760,106.571,113.235,120.811,129.366,138.976,149.724,161.708,175.032,189.818,206.200,224.328,244.371,266.522,290.994,318.031,347.910,380.944,417.492,457.967,502.844,552.674,608.095,669.859,738.850,816.112,902.895,1000.693,1111.313,1236.945,1380.271,1544.581,1733.944,1953.405,2209.244,2509.274,2863.185,3282.857,3782.525,4378.450,5087.437,5922.875,6886.213,7951.587,9045.047,10035.119,10782.509,11280.641,11587.824,11768.363,11871.332,11928.927,11960.657,11977.791,11986.587,11990.308,11990.348,11986.722,11978.074,11961.194,11929.917,11873.138,11771.625,11593.652,11290.870,10799.979,10063.732,9089.112,8014.204,6968.874,6025.777,5209.943,4519.461,3940.728,3456.879,3051.670,2710.925,2422.833,2177.778,1968.013,1787.318,1630.696,1494.125,1374.348,1268.721,1175.078,1091.640,1016.935,949.738,889.024,833.932,783.730,737.798,695.605,656.696,620.675,587.200,555.974,526.734,499.250,473.318,448.755,425.399,403.103,381.735,361.174,341.308,322.036,303.264,284.905,266.876,249.103,231.514,214.046,196.638,179.239,161.802,144.289,126.671,108.927,91.048,73.035,54.899,36.661,18.349,0.000,0.000,0.000,0.000,0.000,0.000,0.000,0.000,0.000,0.000,0.000,0.000,0.000,0.000,0.000,0.000,0.000
0.000,60000.000,60000.000,60000.000,60000.000,60000.000,60000.000,60000.000,60000.000,42064.495,30418.173,23249.401,18747.721,15827.635,13893.278,12621.622,11840.747,11469.784,11493.912,11962.612,13010.881,14914.307,18201.206,23837.311,33308.573,47099.373,52379.200,54757.988,55991.147,56701.343,57140.096,57422.088,57605.248,57721.235,57788.298,57817.189,57814.074,57781.999,57721.578,57631.188,57506.723,57340.851,57121.464,56828.643,56428.510,55859.925,55002.989,53596.441,50996.171,45390.779,30999.221,20974.607,14822.118,11014.474,8551.845,6876.678,5682.833,4797.443,4118.702,3583.943,3152.946,2798.913,2503.392,2253.308,2039.159,1853.889,1692.154,1549.840,1423.732,1311.280,1210.442,1119.562,1037.285,962.493,894.256,831.795,774.451,721.670,672.977,627.965,586.285,547.637,511.759,478.425,447.440,418.630,391.845,366.955,343.843,322.409,302.562,284.224,267.326,251.807,237.614,224.699,213.022,202.548,193.248,185.096,178.073,172.167,167.366,163.667,161.072,159.588,159.228,160.011,161.964,165.121,169.523,175.219,182.270,190.744,200.721,212.291,225.560,240.645,257.680,276.814,298.216,322.076,348.606,378.043,410.656,446.742,486.639,530.724,579.425,633.224,692.666,758.375,831.060,911.536,1000.740,1099.758,1209.851,1332.496,1469.430,1622.709,1794.778,1988.570,2207.616,2456.203,2739.562,3064.115,3437.793,3870.437,4374.300,4964.674,5660.614,6485.724,7468.796,8643.843,10048.426,11717.853,13670.395,15875.088,18193.482,20312.922,21814.276,22752.231,23302.293,23614.295,23788.040,23883.719,23935.911,23963.921,23978.247,23984.297,23984.362,23978.468,23964.381,23936.785,23885.337,23791.008,23619.711,23312.113,22769.851,21845.317,20365.839,18278.520,15998.839,13835.525,11924.303,10294.549,8927.188,7786.590,6835.139,6038.899,5369.219,4802.652,4320.291,3906.982,3550.587,3241.369,2971.481,2734.576,2525.485,2339.978,2174.575,2026.390,1893.021,1772.457,1663.001,1563.218,1471.886,1387.957,1310.531,1238.831,1172.180,1109.989,1051.740,996.976,945.292,896.329,849.763,805.304,762.687,721.674,682.044,643.594,606.137,569.499,533.517,498.039,462.926,428.047,393.284,358.530,323.692,288.694,253.476,217.997,182.237,146.198,109.903,73.397,36.738,0.000,0.000,0.000,0.000,0.000,0.000,0.000,0.000,0.000,0.000,0.000,0.000,0.000,0.000,0.000,0.000,0.000
0.000,60000.000,60000.000,60000.000,60000.000,60000.000,60000.000,60000.000,60000.000,47735.194,38004.823,30938.610,25944.813,22434.212,19979.203,18302.444,17237.775,16699.994,16668.898,17186.616,18367.394,20418.197,23658.926,28490.476,35133.226,42709.725,47659.449,50661.611,52505.265,53674.139,54436.960,54943.017,55277.677,55491.405,55614.778,55666.395,55657.118,55592.352,55473.138,55296.462,55054.865,54735.228,54316.374,53764.609,53025.483,52008.212,50555.604,48386.616,44997.477,39567.739,31385.430,24091.986,18579.605,14611.972,11762.604,9681.293,8124.514,6930.969,5994.454,5244.177,4632.007,4124.482,3697.815,3334.729,3022.429,2751.269,2513.854,2304.435,2118.479,1952.371,1803.195,1668.577,1546.565,1435.544,1334.165,1241.296,1155.979,1077.402,1004.871,937.789,875.647,818.000,764.466,714.712,668.448,625.421,585.409,548.218,513.677,481.636,451.964,424.544,399.272,376.061,354.829,335.507,318.035,302.361,288.440,276.236,265.721,256.872,249.675,244.125,240.224,237.981,237.416,238.557,241.445,246.128,252.668,261.139,271.628,284.240,299.090,316.316,336.072,358.532,383.896,412.386,444.253,479.777,519.274,563.096,611.640,665.349,724.720,790.315,862.762,942.775,1031.161,1128.835,1236.843,1356.382,1488.828,1635.772,1799.060,1980.850,2183.673,2410.521,2664.946,2951.198,3274.386,3640.696,4057.665,4534.531,5082.686,5716.258,6452.855,7314.514,8328.882,9530.638,10963.100,12679.708,14744.577,17229.720,20202.428,23684.893,27540.873,31208.814,33409.440,34611.715,35254.823,35598.484,35782.814,35881.999,35935.346,35963.735,35978.185,35984.271,35984.336,35978.406,35964.198,35936.227,35883.639,35785.848,35604.099,35265.240,34631.107,33445.601,31275.793,27660.299,23867.119,20450.102,17541.384,15116.785,13108.183,11443.338,10058.220,8899.604,7924.439,7098.305,6393.794,5789.078,5266.725,4812.755,4415.902,4067.035,3758.710,3484.823,3240.338,3021.076,2823.548,2644.829,2482.446,2334.305,2198.617,2073.851,1958.688,1851.984,1752.747,1660.108,1573.305,1491.664,1414.590,1341.548,1272.062,1205.701,1142.076,1080.830,1021.637,964.195,908.226,853.469,799.683,746.641,694.131,641.958,589.944,537.926,485.764,433.338,380.558,327.361,273.716,219.625,165.127,110.289,55.208,0.000,0.000,0.000,0.000,0.000,0.000,0.000,0.000,0.000,0.000,0.000,0.000,0.000,0.000,0.000,0.000,0.000
0.000,60000.000,60000.000,60000.000,60000.000,60000.000,60000.000,60000.000,60000.000,50871.458,42927.317,36555.406,31658.712,27985.204,25286.882,23371.185,22107.921,21423.530,21295.079,21747.571,22853.893,24732.172,27525.839,31332.453,36024.142,40946.867,44887.273,47723.756,49694.177,51053.001,51990.604,52635.360,53071.053,53351.944,53513.032,53576.509,53555.671,53457.171,53282.175,53026.676,52681.063,52228.842,51644.215,50887.953,49900.622,48591.855,46824.617,44396.962,41039.404,36497.290,30882.797,25428.323,20792.368,17091.227,14205.331,11961.400,10202.984,8807.491,7683.992,6766.327,6006.445,5369.219,4828.679,4365.385,3964.582,3614.925,3307.581,3035.588,2793.399,2576.550,2381.409,2205.003,2044.873,1898.970,1765.583,1643.262,1530.784,1427.104,1331.329,1242.690,1160.526,1084.264,1013.407,947.522,886.232,829.209,776.163,726.840,681.020,638.505,599.123,562.722,529.168,498.343,470.141,444.473,421.258,400.427,381.922,365.695,351.707,339.929,330.343,322.940,317.721,314.699,313.901,315.362,319.134,325.281,333.885,345.043,358.869,375.499,395.088,417.815,443.882,473.520,506.991,544.586,586.636,633.509,685.620,743.432,807.464,878.298,956.585,1043.057,1138.539,1243.961,1360.372,1488.967,1631.102,1788.328,1962.426,2155.450,2369.777,2608.179,2873.901,3170.765,3503.299,3876.900,4298.044,4774.541,5315.884,5933.671,6642.175,7459.065,8406.360,9511.659,10809.772,12344.858,14173.266,16367.322,19020.462,22254.030,26224.711,31121.184,37076.308,43572.019,46002.957,47030.367,47506.798,47742.004,47862.734,47926.118,47959.738,47977.490,47986.485,47990.265,47990.306,47986.622,47977.777,47960.287,47927.143,47864.647,47745.597,47513.643,47043.735,46030.193,43631.439,37219.776,31359.257,26556.406,22674.375,19523.062,16945.459,14820.402,13054.846,11576.909,10330.680,9272.389,8367.560,7588.872,6914.540,6327.086,5812.400,5359.016,4957.563,4600.332,4280.945,3994.093,3735.335,3500.930,3287.717,3093.004,2914.493,2750.210,2598.451,2457.736,2326.780,2204.455,2089.770,1981.849,1879.915,1783.270,1691.294,1603.421,1519.141,1437.987,1359.530,1283.374,1209.150,1136.516,1065.150,994.751,925.038,855.748,786.641,717.498,648.126,578.363,508.081,437.193,365.656,293.473,220.698,147.430,73.808,0.000,0.000,0.000,0.000,0.000,0.000,0.000,0.000,0.000,0.000,0.000,0.000,0.000,0.000,0.000,0.000,0.000
0.000,60000.000,60000.000,60000.000,60000.000,60000.000,60000.000,60000.000,60000.000,52823.324,46277.586,40696.989,36149.432,32561.016,29811.944,27787.503,26399.205,25591.138,25340.330,25654.710,26568.449,28130.777,30379.820,33289.374,36684.037,40166.345,43219.038,45651.983,47494.705,48853.104,49837.115,50536.786,51019.254,51332.309,51508.918,51570.962,51531.908,51398.511,51171.741,50847.029,50413.894,49854.886,49143.717,48242.393,47097.225,45633.996,43754.076,41337.237,38265.917,34499.248,30220.177,25946.170,22070.346,18755.269,16006.122,13756.023,11918.562,10412.048,9167.728,8130.722,7258.258,6517.296,5882.328,5333.579,4855.616,4436.296,4065.983,3736.963,3443.007,3179.045,2940.915,2725.179,2528.975,2349.907,2185.954,2035.408,1896.812,1768.922,1650.670,1541.136,1439.522,1345.141,1257.392,1175.752,1099.766,1029.035,963.206,901.975,845.070,792.253,743.313,698.066,656.346,618.011,582.931,550.994,522.104,496.174,473.133,452.921,435.490,420.802,408.835,399.576,393.026,389.201,388.131,389.861,394.452,401.983,412.554,426.283,443.312,463.805,487.953,515.977,548.125,584.681,625.964,672.336,724.200,782.009,846.271,917.554,996.493,1083.799,1180.269,1286.796,1404.384,1534.163,1677.409,1835.567,2010.277,2203.411,2417.108,2653.833,2916.429,3208.199,3532.998,3895.350,4300.595,4755.074,5266.361,5843.557,6497.672,7242.109,8093.291,9071.485,10201.875,11516.004,13053.702,14865.773,17017.797,19595.865,22715.932,26541.236,31321.210,37498.830,46071.157,60000.000,60000.000,60000.000,60000.000,60000.000,60000.000,60000.000,60000.000,60000.000,60000.000,60000.000,60000.000,60000.000,60000.000,60000.000,60000.000,60000.000,60000.000,60000.000,60000.000,60000.000,60000.000,46228.124,37793.752,31741.923,27076.687,23355.676,20330.242,17838.025,15763.914,14022.571,12549.053,11293.084,10215.260,9284.385,8475.555,7768.730,7147.676,6599.149,6112.278,5678.082,5289.101,4939.104,4622.853,4335.926,4074.572,3835.587,3616.228,3414.131,3227.252,3053.814,2892.264,2741.244,2599.552,2466.128,2340.026,2220.402,2106.496,1997.621,1893.151,1792.516,1695.190,1600.684,1508.547,1418.354,1329.706,1242.230,1155.572,1069.403,983.419,897.339,810.916,723.938,636.238,547.699,458.261,367.929,276.775,184.933,92.597,0.000,0.000,0.000,0.000,0.000,0.000,0.000,0.000,0.000,0.000,0.000,0.000,0.000,0.000,0.000,0.000,0.000
0.000,60000.000,60000.000,60000.000,60000.000,60000.000,60000.000,60000.000,60000.000,54144.255,48662.716,43805.538,39681.020,36297.490,33612.385,31567.690,30110.269,29201.501,28820.411,28962.505,29634.434,30842.684,32573.308,34761.207,37256.311,39815.460,42170.575,44170.458,45779.583,47027.621,47967.994,48655.443,49136.894,49449.150,49619.398,49666.544,49602.518,49433.256,49159.279,48775.836,48272.631,47633.126,46833.407,45840.712,44611.921,43092.863,41220.488,38932.029,36187.814,33013.644,29552.527,26065.873,22787.615,19853.418,17307.903,15138.044,13303.233,11754.447,10444.186,9330.612,8378.606,7559.416,6849.793,6231.022,5688.042,5208.694,4783.126,4403.307,4062.654,3755.738,3478.056,3225.852,2995.971,2785.754,2592.947,2415.630,2252.160,2101.128,1961.319,1831.683,1711.309,1599.407,1495.288,1398.349,1308.065,1223.974,1145.671,1072.800,1005.048,942.138,883.825,829.894,780.154,734.435,692.588,654.481,619.999,589.043,561.526,537.376,516.537,498.963,484.626,473.509,465.614,460.956,459.569,461.505,466.835,475.652,488.070,504.230,524.295,548.460,576.949,610.020,647.965,691.119,739.856,794.600,855.824,924.062,999.908,1084.027,1177.162,1280.145,1393.905,1519.482,1658.045,1810.907,1979.544,2165.624,2371.040,2597.939,2848.775,3126.357,3433.920,3775.203,4154.556,4577.057,5048.674,5576.458,6168.785,6835.670,7589.156,8443.819,9417.415,10531.726,11813.673,13296.796,15023.280,17046.751,19436.301,22282.424,25706.178,29873.787,35020.073,41481.773,49709.493,60000.000,60000.000,60000.000,60000.000,60000.000,60000.000,60000.000,60000.000,60000.000,60000.000,60000.000,60000.000,60000.000,60000.000,60000.000,60000.000,60000.000,60000.000,60000.000,60000.000,60000.000,60000.000,49898.985,41845.737,35540.887,30534.825,26492.770,23181.875,20437.611,18140.290,16200.490,14549.961,13135.723,11916.101,10857.949,9934.660,9124.702,8410.526,7777.729,7214.420,6710.720,6258.379,5850.472,5481.151,5145.457,4839.162,4558.649,4300.804,4062.938,3842.716,3638.104,3447.321,3268.803,3101.165,2943.180,2793.756,2651.910,2516.759,2387.503,2263.414,2143.821,2028.109,1915.706,1806.076,1698.718,1593.160,1488.954,1385.678,1282.933,1180.345,1077.572,974.305,870.276,765.270,659.134,551.785,443.228,333.553,222.939,111.648,0.000,0.000,0.000,0.000,0.000,0.000,0.000,0.000,0.000,0.000,0.000,0.000,0.000,0.000,0.000,0.000,0.000
0.000,60000.000,60000.000,60000.000,60000.000,60000.000,60000.000,60000.000,60000.000,55090.981,50423.489,46181.433,42471.627,39335.550,36772.428,34760.618,33272.695,32284.203,31777.325,31740.485,32164.120,33032.241,34309.547,35925.860,37764.565,39668.636,41477.373,43079.720,44425.577,45509.833,46351.829,46980.132,47423.764,47708.032,47853.017,47873.336,47778.399,47572.755,47256.324,46824.443,46267.709,45571.621,44716.112,43675.167,42416.926,40905.089,39103.026,36982.619,34539.710,31815.030,28910.457,25977.226,23160.866,20562.930,18234.071,16185.063,14401.923,12858.364,11524.002,10368.979,9366.179,8492.011,7726.447,7052.717,6456.875,5927.353,5454.560,5030.524,4648.600,4303.234,3989.758,3704.236,3443.337,3204.226,2984.483,2782.035,2595.100,2422.139,2261.822,2112.994,1974.650,1845.916,1726.027,1614.315,1510.193,1413.147,1322.724,1238.526,1160.203,1087.443,1019.973,957.548,899.955,847.001,798.518,754.355,714.382,678.484,646.561,618.532,594.328,573.898,557.205,544.230,534.972,529.447,527.691,529.762,535.739,545.726,559.852,578.276,601.185,628.797,661.370,699.194,742.605,791.980,847.748,910.389,980.443,1058.515,1145.279,1241.490,1347.991,1465.722,1595.731,1739.192,1897.419,2071.886,2264.244,2476.358,2710.331,2968.545,3253.710,3568.915,3917.704,4304.155,4732.982,5209.665,5740.604,6333.316,6996.671,7741.203,8579.485,9526.617,10600.845,11824.354,13224.315,14834.253,16695.892,18861.675,21398.253,24391.372,27952.589,32227.674,37403.534,43698.706,51285.045,60000.000,60000.000,60000.000,60000.000,60000.000,60000.000,60000.000,60000.000,60000.000,60000.000,60000.000,60000.000,60000.000,60000.000,60000.000,60000.000,60000.000,60000.000,60000.000,60000.000,60000.000,60000.000,51522.104,44149.363,38041.116,33029.017,28898.777,25466.955,22590.342,20159.236,18089.237,16314.679,14783.852,13455.582,12296.761,11280.547,10385.010,9592.116,8886.943,8257.073,7692.120,7183.348,6723.379,6305.947,5925.711,5578.096,5259.167,4965.525,4694.222,4442.691,4208.685,3990.234,3785.599,3593.240,3411.788,3240.019,3076.832,2921.234,2772.325,2629.281,2491.344,2357.817,2228.046,2101.422,1977.370,1855.344,1734.827,1615.327,1496.372,1377.521,1258.359,1138.509,1017.639,895.475,771.816,646.549,519.668,391.285,261.634,131.061,0.000,0.000,0.000,0.000,0.000,0.000,0.000,0.000,0.000,0.000,0.000,0.000,0.000,0.000,0.000,0.000,0.000
0.000,60000.000,60000.000,60000.000,60000.000,60000.000,60000.000,60000.000,60000.000,55796.183,51758.834,48025.084,44688.515,41800.667,39381.174,37429.673,35935.707,34885.311,34264.223,34058.013,34249.345,34812.637,35706.808,36868.150,38207.485,39617.177,40990.596,42245.506,43333.207,44234.345,44949.394,45489.533,45870.039,46106.240,46211.345,46195.425,46065.032,45823.087,45468.862,44997.950,44402.188,43669.582,42784.301,41726.968,40475.576,39007.589,37303.959,35355.763,33173.427,30796.358,28297.099,25771.759,23315.745,21003.417,18880.440,16966.265,15261.083,13753.135,12424.527,11255.174,10225.172,9316.051,8511.316,7796.572,7159.433,6589.330,6077.282,5615.671,5198.033,4818.882,4473.545,4158.039,3868.954,3603.366,3358.760,3132.964,2924.101,2730.541,2550.869,2383.852,2228.412,2083.609,1948.618,1822.717,1705.270,1595.720,1493.574,1398.400,1309.815,1227.479,1151.093,1080.390,1015.134,955.113,900.143,850.055,804.704,763.962,727.716,695.874,668.357,645.105,626.076,611.244,600.607,594.178,591.995,594.121,600.640,611.667,627.345,647.846,673.377,704.183,740.545,782.790,831.286,886.456,948.773,1018.772,1097.052,1184.282,1281.211,1388.674,1507.601,1639.029,1784.114,1944.146,2120.566,2314.984,2529.203,2765.247,3025.395,3312.215,3628.618,3977.905,4363.845,4790.748,5263.571,5788.036,6370.784,7019.552,7743.403,8553.009,9460.987,10482.346,11635.019,12940.558,14425.008,16120.034,18064.387,20305.829,22903.690,25932.248,29485.151,33680.808,38667.699,44624.482,51731.986,60000.000,60000.000,60000.000,60000.000,60000.000,60000.000,60000.000,60000.000,60000.000,60000.000,60000.000,60000.000,60000.000,60000.000,60000.000,60000.000,60000.000,60000.000,60000.000,60000.000,60000.000,60000.000,52040.100,45188.542,39445.258,34641.425,30606.450,27196.921,24297.666,21817.182,19682.654,17835.783,16229.547,14825.738,13593.097,12505.890,11542.810,10686.122,9920.991,9234.951,8617.479,8059.657,7553.890,7093.690,6673.488,6288.487,5934.541,5608.050,5305.877,5025.280,4763.851,4519.468,4290.255,4074.543,3870.846,3677.829,3494.291,3319.146,3151.404,2990.158,2834.574,2683.878,2537.347,2394.299,2254.093,2116.113,1979.775,1844.513,1709.787,1575.080,1439.901,1303.795,1166.352,1027.225,886.147,742.960,597.637,450.306,301.263,150.965,0.000,0.000,0.000,0.000,0.000,0.000,0.000,0.000,0.000,0.000,0.000,0.000,0.000,0.000,0.000,0.000,0.000
0.000,60000.000,60000.000,60000.000,60000.000,60000.000,60000.000,60000.000,60000.000,56334.923,52790.583,49471.565,46456.692,43797.442,41521.944,39641.212,38155.170,37057.132,36336.269,35978.024,35962.639,36262.187,36836.927,37632.483,38580.084,39602.027,40622.367,41578.542,42427.443,43144.989,43721.913,44158.611,44460.664,44635.594,44690.746,44632.038,44463.267,44185.750,43798.142,43296.358,42673.566,41920.273,41024.598,39972.883,38750.878,37345.791,35749.515,33963.102,32001.935,29899.935,27709.879,25497.024,23326.996,21254.611,19318.065,17538.533,15923.067,14468.625,13165.854,12002.073,10963.339,10035.761,9206.249,8462.875,7795.008,7193.304,6649.618,6156.893,5709.030,5300.763,4927.549,4585.466,4271.118,3981.569,3714.269,3467.001,3237.837,3025.093,2827.299,2643.167,2471.571,2311.522,2162.151,2022.694,1892.480,1770.916,1657.480,1551.711,1453.200,1361.587,1276.551,1197.805,1125.095,1058.195,996.902,941.034,890.433,844.957,804.483,768.904,738.133,712.102,690.760,674.076,662.042,654.671,652.001,654.094,661.043,672.968,690.022,712.392,740.304,774.020,813.848,860.141,913.303,973.792,1042.126,1118.884,1204.720,1300.360,1406.620,1524.403,1654.719,1798.689,1957.561,2132.724,2325.727,2538.293,2772.349,3030.047,3313.801,3626.320,3970.658,4350.262,4769.041,5231.442,5742.538,6308.148,6934.966,7630.727,8404.409,9266.468,10229.138,11306.789,12516.356,13877.881,15415.157,17156.521,19135.824,21393.597,23978.458,26948.809,30374.988,34342.732,38961.991,44399.554,51018.423,60000.000,60000.000,60000.000,60000.000,60000.000,60000.000,60000.000,60000.000,60000.000,60000.000,60000.000,60000.000,60000.000,60000.000,60000.000,60000.000,60000.000,60000.000,60000.000,60000.000,60000.000,60000.000,51449.794,45119.510,39910.027,35485.063,31688.777,28416.721,25586.336,23129.297,20988.544,19116.388,17472.954,16024.869,14744.146,13607.257,12594.371,11688.726,10876.105,10144.419,9483.351,8884.071,8338.997,7841.597,7386.225,6967.986,6582.622,6226.417,5896.116,5588.860,5302.127,5033.689,4781.563,4543.985,4319.373,4106.306,3903.502,3709.795,3524.123,3345.507,3173.047,3005.902,2843.285,2684.453,2528.700,2375.349,2223.746,2073.260,1923.274,1773.195,1622.448,1470.488,1316.813,1160.980,1002.635,841.547,677.646,511.062,342.161,171.540,0.000,0.000,0.000,0.000,0.000,0.000,0.000,0.000,0.000,0.000,0.000,0.000,0.000,0.000,0.000,0.000,0.000
0.000,60000.000,60000.000,60000.000,60000.000,60000.000,60000.000,60000.000,60000.000,56752.927,53597.019,50613.911,47869.258,45410.483,43267.964,41458.080,39986.652,38851.804,38045.725,37555.207,37361.031,37436.578,37746.268,38244.809,38878.379,39588.523,40318.347,41018.898,41653.081,42196.301,42634.710,42962.385,43178.466,43284.778,43284.061,43178.769,42970.307,42658.562,42241.655,41715.835,41075.507,40313.407,39420.996,38389.153,37209.326,35875.244,34385.273,32745.262,30971.340,29091.634,27145.524,25179.528,23240.669,21370.033,19598.742,17946.799,16424.093,15032.506,13768.256,12623.988,11590.411,10657.468,9815.103,9053.730,8364.480,7739.317,7171.051,6653.311,6180.484,5747.643,5350.476,4985.206,4648.534,4337.572,4049.792,3782.980,3535.197,3304.737,3090.105,2889.986,2703.221,2528.793,2365.804,2213.463,2071.071,1938.014,1813.748,1697.790,1589.715,1489.145,1395.742,1309.206,1229.269,1155.690,1088.253,1026.766,971.055,920.968,876.368,837.139,803.184,774.423,750.798,732.270,718.826,710.475,707.252,709.223,716.479,729.149,747.392,771.408,801.434,837.753,880.693,930.632,988.002,1053.294,1127.061,1209.928,1302.591,1405.830,1520.515,1647.611,1788.194,1943.458,2114.728,2303.477,2511.338,2740.128,2991.868,3268.807,3573.458,3908.624,4277.450,4683.463,5130.638,5623.462,6167.016,6767.077,7430.231,8164.011,8977.065,9879.345,10882.341,11999.346,13245.769,14639.488,16201.251,17955.104,19928.828,22154.312,24667.772,27509.576,30723.292,34353.173,38438.006,42993.342,47942.164,52779.103,54802.457,55816.145,56403.790,56781.390,57040.533,57225.096,57358.251,57453.079,57517.183,57554.843,57568.046,57556.912,57519.716,57452.494,57348.079,57194.053,56968.352,56629.150,56089.110,55142.276,53232.256,48639.626,43929.757,39590.371,35700.127,32246.993,29194.973,26501.794,24125.265,22025.985,20168.422,18521.170,17056.802,15751.526,14584.789,13538.865,12598.479,11750.461,10983.446,10287.613,9654.459,9076.611,8547.657,8062.010,7614.791,7201.725,6819.060,6463.489,6132.093,5822.287,5531.771,5258.496,5000.628,4756.520,4524.685,4303.777,4092.569,3889.938,3694.851,3506.349,3323.537,3145.574,2971.660,2801.033,2632.957,2466.717,2301.612,2136.957,1972.072,1806.294,1638.975,1469.502,1297.309,1121.921,942.993,760.371,574.162,384.793,193.041,0.000,0.000,0.000,0.000,0.000,0.000,0.000,0.000,0.000,0.000,0.000,0.000,0.000,0.000,0.000,0.000,0.000
0.000,60000.000,60000.000,60000.000,60000.000,60000.000,60000.000,60000.000,60000.000,57079.771,54230.662,51517.813,48995.959,46707.283,44681.369,42936.514,41481.581,40317.733,39439.651,38836.079,38489.737,38376.865,38466.799,38722.149,39100.144,39555.386,40043.649,40525.673,40969.733,41352.479,41658.297,41877.808,42006.097,42041.052,41982.011,41828.735,41580.693,41236.601,40794.147,40249.887,39599.286,38836.923,37956.894,36953.478,35822.099,34560.656,33171.144,31661.405,30046.600,28349.810,26601.126,24834.970,23086.191,21386.183,19760.145,18225.899,16794.071,15469.121,14250.747,13135.282,12116.919,11188.665,10343.034,9572.527,8869.932,8228.497,7642.020,7104.876,6612.011,6158.910,5741.561,5356.405,5000.294,4670.444,4364.397,4079.981,3815.280,3568.600,3338.444,3123.492,2922.576,2734.665,2558.847,2394.317,2240.363,2096.356,1961.738,1836.017,1718.755,1609.562,1508.092,1414.033,1327.107,1247.064,1173.676,1106.741,1046.073,991.508,942.899,900.118,863.055,831.623,805.751,785.394,770.529,761.162,757.323,759.075,766.513,779.765,799.000,824.422,856.282,894.876,940.549,993.701,1054.788,1124.329,1202.908,1291.186,1389.897,1499.866,1622.009,1757.343,1907.001,2072.234,2254.432,2455.131,2676.035,2919.029,3186.204,3479.875,3802.617,4157.289,4547.074,4975.525,5446.610,5964.775,6535.013,7162.941,7854.898,8618.052,9460.526,10391.540,11421.569,12562.523,13827.923,15233.090,16795.295,18533.859,20470.111,22627.092,25028.785,27698.472,30655.472,33908.700,37443.554,41193.677,44977.816,48371.814,50614.607,52058.358,53017.649,53681.262,54155.671,54501.627,54754.856,54936.910,55060.838,55134.173,55160.458,55139.920,55069.491,54942.215,54745.806,54459.818,54050.246,53459.179,52585.061,51247.793,49147.188,45946.782,42369.619,38821.682,35478.207,32404.227,29614.528,27100.754,24844.143,22821.874,21010.314,19386.679,17929.821,16620.552,15441.694,14378.011,13416.058,12544.010,11751.489,11029.393,10369.742,9765.531,9210.610,8699.569,8227.643,7790.628,7384.806,7006.883,6653.933,6323.349,6012.804,5720.212,5443.700,5181.579,4932.319,4694.529,4466.939,4248.380,4037.776,3834.123,3636.481,3443.963,3255.725,3070.954,2888.862,2708.677,2529.636,2350.980,2171.948,1991.777,1809.707,1624.988,1436.904,1244.808,1048.182,846.723,640.450,429.824,215.838,0.000,0.000,0.000,0.000,0.000,0.000,0.000,0.000,0.000,0.000,0.000,0.000,0.000,0.000,0.000,0.000,0.000
0.000,60000.000,60000.000,60000.000,60000.000,60000.000,60000.000,60000.000,60000.000,57335.500,54728.052,52230.731,49889.496,47741.340,45813.737,44125.051,42685.452,41497.926,40559.103,39859.756,39385.011,39114.389,39021.957,39076.890,39244.712,39489.279,39775.245,40070.467,40347.756,40585.644,40768.253,40884.518,40927.125,40891.389,40774.266,40573.535,40287.201,39913.074,39448.519,38890.355,38234.903,37478.178,36616.258,35645.841,34565.014,33374.216,32077.321,30682.692,29203.924,27659.961,26074.280,24473.113,22883.021,21328.443,19829.833,18402.660,17057.248,15799.240,14630.405,13549.550,12553.395,11637.312,10795.913,10023.485,9314.294,8662.788,8063.724,7512.230,7003.839,6534.490,6100.516,5698.621,5325.851,4979.571,4657.426,4357.322,4077.395,3815.988,3571.629,3343.010,3128.972,2928.487,2740.644,2564.635,2399.746,2245.343,2100.866,1965.818,1839.756,1722.286,1613.058,1511.753,1418.089,1331.806,1252.670,1180.469,1115.007,1056.111,1003.619,957.394,917.314,883.277,855.204,833.038,816.749,806.333,801.815,803.255,810.743,824.412,844.429,871.008,904.405,944.928,992.936,1048.845,1113.131,1186.335,1269.068,1362.019,1465.957,1581.739,1710.322,1852.765,2010.244,2184.059,2375.647,2586.596,2818.658,3073.767,3354.059,3661.891,3999.866,4370.860,4778.056,5224.976,5715.526,6254.043,6845.347,7494.805,8208.399,8992.806,9855.483,10804.755,11849.912,13001.293,14270.353,15669.695,17213.023,18914.971,20790.713,22855.209,25121.850,27600.102,30291.472,33182.645,36233.877,39360.037,42403.651,45115.769,47225.836,48785.070,49927.226,50770.379,51399.304,51870.929,52222.680,52478.911,52655.135,52760.600,52799.746,52772.871,52676.167,52501.125,52233.172,51849.231,51313.702,50572.328,49544.239,48116.731,46162.018,43630.802,40780.376,37848.664,34986.932,32277.332,29758.321,27442.718,25328.856,23407.236,21664.471,20085.603,18655.451,17359.367,16183.631,15115.638,14143.942,13258.244,12449.321,11708.947,11029.803,10405.381,9829.902,9298.231,8805.802,8348.555,7922.871,7525.522,7153.622,6804.586,6476.093,6166.055,5872.586,5593.979,5328.681,5075.277,4832.467,4599.054,4373.931,4156.061,3944.471,3738.239,3536.483,3338.349,3143.007,2949.633,2757.408,2565.504,2373.078,2179.267,1983.185,1783.928,1580.588,1372.291,1158.261,937.934,711.122,478.235,240.493,0.000,0.000,0.000,0.000,0.000,0.000,0.000,0.000,0.000,0.000,0.000,0.000,0.000,0.000,0.000,0.000,0.000
0.000,60000.000,60000.000,60000.000,60000.000,60000.000,60000.000,60000.000,60000.000,57534.184,55115.325,52787.577,50589.971,48554.864,46707.211,45064.528,43637.280,42429.452,41439.114,40658.872,40076.206,39673.769,39429.798,39318.792,39312.590,39381.830,39497.642,39633.256,39765.243,39874.155,39944.618,39964.956,39926.566,39823.188,39650.201,39404.013,39081.579,38680.053,38196.578,37628.193,36971.875,36224.712,35384.202,34448.699,33417.986,32293.957,31081.317,29788.203,28426.531,27011.915,25563.005,24100.270,22644.423,21214.820,19828.171,18497.746,17233.106,16040.271,14922.165,13879.200,12909.880,12011.356,11179.902,10411.284,9701.046,9044.714,8437.932,7876.553,7356.696,6874.764,6427.460,6011.776,5624.985,5264.623,4928.474,4614.544,4321.046,4046.383,3789.124,3547.996,3321.863,3109.714,2910.650,2723.876,2548.682,2384.443,2230.603,2086.667,1952.198,1826.802,1710.129,1601.862,1501.715,1409.425,1324.754,1247.480,1177.400,1114.328,1058.093,1008.543,965.545,928.983,898.764,874.821,857.110,845.618,840.363,841.396,848.806,862.721,883.310,910.786,945.414,987.507,1037.434,1095.623,1162.566,1238.822,1325.022,1421.878,1530.183,1650.824,1784.787,1933.165,2097.165,2278.125,2477.517,2696.962,2938.249,3203.340,3494.394,3813.785,4164.117,4548.253,4969.337,5430.822,5936.503,6490.553,7097.559,7762.565,8491.121,9289.327,10163.881,11122.124,12172.072,13322.426,14582.546,15962.361,17472.179,19122.339,20922.612,22881.233,25003.358,27288.668,29727.724,32296.587,34949.326,37608.997,40161.034,42461.829,44387.952,45928.915,47135.859,48073.783,48800.295,49360.166,49786.085,50100.983,50320.258,50453.416,50505.125,50475.724,50361.258,50153.025,49836.608,49390.317,48783.093,47972.287,46902.941,45512.983,43753.471,41634.165,39272.558,36805.819,34343.688,31960.019,29698.885,27583.128,25621.520,23813.945,22154.939,20636.024,19247.231,17978.054,16818.052,15757.194,14786.061,13895.937,13078.838,12327.508,11635.378,10996.526,10405.625,9857.888,9349.018,8875.157,8432.838,8018.946,7630.679,7265.509,6921.155,6595.554,6286.832,5993.288,5713.365,5445.641,5188.804,4941.642,4703.030,4471.911,4247.289,4028.219,3813.790,3603.120,3395.342,3189.592,2985.002,2780.684,2575.718,2369.144,2159.946,1947.047,1729.315,1505.581,1274.700,1035.678,787.906,531.525,267.904,0.000,0.000,0.000,0.000,0.000,0.000,0.000,0.000,0.000,0.000,0.000,0.000,0.000,0.000,0.000,0.000,0.000
0.000,60000.000,60000.000,60000.000,60000.000,60000.000,60000.000,60000.000,60000.000,57685.918,55411.496,53214.294,51127.967,49180.955,47395.740,45788.600,44369.721,43143.524,42109.068,41260.454,40587.218,40074.733,39704.725,39455.946,39305.084,39227.872,39200.298,39199.741,39205.872,39201.187,39171.181,39104.197,38991.072,38824.675,38599.418,38310.819,37955.131,37529.068,37029.634,36454.049,35799.781,35064.683,34247.230,33346.856,32364.366,31302.400,30165.882,28962.365,27702.176,26398.258,25065.650,23720.633,22379.673,21058.336,19770.379,18527.139,17337.250,16206.663,15138.875,14135.295,13195.655,12318.418,11501.140,10740.788,10033.977,9377.171,8766.814,8199.433,7671.703,7180.486,6722.857,6296.108,5897.756,5525.531,5177.368,4851.396,4545.925,4259.431,3990.546,3738.042,3500.822,3277.904,3068.416,2871.580,2686.708,2513.187,2350.475,2198.089,2055.601,1922.628,1798.826,1683.882,1577.512,1479.454,1389.466,1307.320,1232.807,1165.728,1105.901,1053.161,1007.358,968.362,936.066,910.386,891.266,878.680,872.635,873.173,880.377,894.368,915.313,943.425,978.968,1022.261,1073.680,1133.658,1202.700,1281.376,1370.333,1470.298,1582.084,1706.600,1844.851,1997.954,2167.142,2353.775,2559.348,2785.505,3034.053,3306.967,3606.413,3934.757,4294.586,4688.722,5120.241,5592.498,6109.140,6674.138,7291.802,7966.810,8704.230,9509.537,10388.630,11347.831,12393.871,13533.841,14775.093,16125.075,17591.049,19179.650,20896.220,22743.812,24721.741,26823.549,29034.232,31326.715,33657.908,35965.655,38169.726,40182.627,41935.297,43406.846,44613.585,45588.671,46367.999,46983.433,47460.589,47818.761,48071.581,48227.769,48291.703,48263.736,48140.213,47913.212,47570.022,47092.447,46456.183,45630.907,44582.382,43278.924,41704.863,39879.980,37870.038,35758.537,33622.164,31520.363,29494.271,27569.597,25760.365,24072.306,22505.540,21056.555,19719.629,18487.808,17353.571,16309.271,15347.420,14460.855,13642.842,12887.124,12187.930,11539.976,10938.440,10378.936,9857.483,9370.471,8914.631,8486.999,8084.890,7705.865,7347.712,7008.417,6686.143,6379.211,6086.084,5805.345,5535.688,5275.900,5024.849,4781.470,4544.758,4313.752,4087.527,3865.180,3645.821,3428.556,3212.481,2996.658,2780.106,2561.774,2340.524,2115.107,1884.140,1646.100,1399.347,1142.228,873.338,592.078,299.608,0.000,0.000,0.000,0.000,0.000,0.000,0.000,0.000,0.000,0.000,0.000,0.000,0.000,0.000,0.000,0.000,0.000
0.000,60000.000,60000.000,60000.000,60000.000,60000.000,60000.000,60000.000,60000.000,57797.996,55630.458,53530.153,51526.666,49645.271,47906.223,46324.443,44909.515,43665.894,42593.222,41686.708,40937.528,40333.275,39858.480,39495.243,39223.991,39024.343,38876.005,38759.610,38657.390,38553.616,38434.799,38289.658,38108.934,37885.105,37612.064,37284.803,36899.147,36451.546,35938.934,35358.682,34708.611,33987.104,33193.277,32327.227,31390.320,30385.496,29317.547,28193.299,27021.651,25813.392,24580.803,23337.041,22095.402,20868.572,19667.969,18503.279,17382.191,16310.352,15291.473,14327.545,13419.124,12565.612,11765.546,11016.838,10316.992,9663.266,9052.806,8482.747,7950.279,7452.701,6987.449,6552.120,6144.475,5762.448,5404.140,5067.814,4751.890,4454.932,4175.646,3912.862,3665.533,3432.718,3213.580,3007.371,2813.429,2631.166,2460.061,2299.651,2149.527,2009.320,1878.697,1757.359,1645.026,1541.441,1446.361,1359.554,1280.802,1209.897,1146.644,1090.862,1042.382,1001.060,966.768,939.406,918.902,905.215,898.337,898.300,905.173,919.074,940.160,968.643,1004.785,1048.903,1101.375,1162.642,1233.211,1313.660,1404.647,1506.908,1621.270,1748.652,1890.077,2046.673,2219.689,2410.499,2620.610,2851.676,3105.509,3384.082,3689.553,4024.267,4390.772,4791.831,5230.436,5709.816,6233.453,6805.088,7428.734,8108.679,8849.489,9656.002,10533.314,11486.745,12521.790,13644.024,14858.964,16171.854,17587.348,19109.051,20738.870,22476.118,24316.312,26249.624,28259.013,30318.203,32390.011,34426.065,36369.663,38163.735,39763.841,41149.672,42323.047,43299.402,44099.690,44745.071,45254.174,45641.991,45919.640,46094.480,46170.294,46147.419,46022.765,45789.710,45437.950,44953.397,44318.424,43512.918,42516.907,41315.625,39907.246,38311.029,36569.260,34736.321,32866.272,31005.206,29188.458,27440.849,25778.269,24209.614,22738.603,21365.276,20087.177,18900.236,17799.414,16779.167,15833.760,14957.491,14144.825,13390.489,12689.519,12037.285,11429.500,10862.208,10331.781,9834.889,9368.490,8929.802,8516.284,8125.616,7755.675,7404.519,7070.367,6751.583,6446.662,6154.213,5872.944,5601.656,5339.223,5084.584,4836.736,4594.714,4357.588,4124.448,3894.391,3666.509,3439.875,3213.522,2986.422,2757.460,2525.397,2288.832,2046.140,1795.422,1534.437,1260.610,971.186,663.869,338.460,0.000,0.000,0.000,0.000,0.000,0.000,0.000,0.000,0.000,0.000,0.000,0.000,0.000,0.000,0.000,0.000,0.000
0.000,60000.000,60000.000,60000.000,60000.000,60000.000,60000.000,60000.000,60000.000,57875.616,55782.198,53749.209,51803.294,49967.266,48259.468,46693.467,45278.041,44017.357,42911.266,41955.677,41142.964,40462.416,39900.738,39442.619,39071.362,38769.573,38519.842,38305.380,38110.539,37921.171,37724.827,37510.789,37269.990,36994.840,36679.022,36317.276,35905.207,35439.131,34915.976,34333.234,33688.980,32981.948,32211.652,31378.561,30484.297,29531.823,28525.615,27471.741,26377.842,25252.964,24107.236,22951.431,21796.429,20652.686,19529.754,18435.921,17377.988,16361.187,15389.221,14464.392,13587.782,12759.459,11978.689,11244.124,10553.982,9906.187,9298.489,8728.558,8194.052,7692.673,7222.202,6780.527,6365.655,5975.723,5609.003,5263.902,4938.956,4632.829,4344.307,4072.290,3815.788,3573.912,3345.867,3130.945,2928.519,2738.033,2558.995,2390.971,2233.576,2086.463,1949.321,1821.863,1703.825,1594.954,1495.009,1403.758,1320.974,1246.438,1179.940,1121.279,1070.269,1026.745,990.557,961.585,939.738,924.955,917.213,916.527,922.957,936.605,957.624,986.215,1022.636,1067.202,1120.289,1182.336,1253.852,1335.420,1427.698,1531.431,1647.448,1776.676,1920.143,2078.986,2254.458,2447.937,2660.933,2895.100,3152.241,3434.321,3743.473,4082.009,4452.428,4857.422,5299.882,5782.907,6309.797,6884.060,7509.403,8189.722,8929.087,9731.712,10601.923,11544.093,12562.570,13661.554,14844.941,16116.089,17477.501,18930.402,20474.159,22105.550,23817.838,25599.699,27434.072,29297.155,31157.950,32979.018,34719.214,36338.900,37806.756,39105.047,40229.628,41186.305,41986.392,42643.098,43169.158,43575.505,43870.630,44060.343,44147.702,44133.016,44013.854,43785.058,43438.819,42964.921,42351.357,41585.602,40656.877,39559.605,38297.655,36887.826,35359.860,33751.427,32101.621,30445.961,28813.745,27227.318,25702.497,24249.537,22874.246,21579.039,20363.841,19226.821,18164.964,17174.505,16251.251,15390.813,14588.770,13840.781,13142.665,12490.440,11880.359,11308.912,10772.836,10269.107,9794.928,9347.723,8925.117,8524.925,8145.136,7783.896,7439.497,7110.364,6795.036,6492.160,6200.476,5918.807,5646.046,5381.147,5123.118,4871.004,4623.880,4380.840,4140.984,3903.405,3667.170,3431.305,3194.763,2956.397,2714.913,2468.808,2216.281,1955.107,1682.456,1394.656,1086.976,753.784,390.374,0.000,0.000,0.000,0.000,0.000,0.000,0.000,0.000,0.000,0.000,0.000,0.000,0.000,0.000,0.000,0.000,0.000
0.000,60000.000,60000.000,60000.000,60000.000,60000.000,60000.000,60000.000,60000.000,57922.276,55873.520,53881.210,51970.057,50161.060,48470.946,46911.951,45491.867,44214.271,43078.857,42081.823,41216.292,40472.747,39839.503,39303.200,38849.338,38462.820,38128.488,37831.612,37558.300,37295.791,37032.637,36758.774,36465.490,36145.339,35792.007,35400.173,34965.376,34483.900,33952.709,33369.404,32732.238,32040.166,31292.931,30491.181,29636.594,28731.999,27781.463,26790.322,25765.128,24713.497,23643.862,22565.132,21486.311,20416.101,19362.552,18332.776,17332.764,16367.296,15439.941,14553.128,13708.259,12905.861,12145.729,11427.089,10748.725,10109.109,9506.502,8939.038,8404.790,7901.826,7428.248,6982.216,6561.976,6165.865,5792.326,5439.910,5107.275,4793.191,4496.529,4216.267,3951.479,3701.334,3465.087,3242.078,3031.721,2833.500,2646.961,2471.707,2307.383,2153.674,2010.295,1876.983,1753.488,1639.570,1534.993,1439.523,1352.924,1274.966,1205.420,1144.065,1090.692,1045.111,1007.147,976.657,953.525,937.669,929.046,927.654,933.536,946.780,967.526,995.969,1032.355,1076.993,1130.254,1192.572,1264.455,1346.481,1439.309,1543.681,1660.427,1790.474,1934.848,2094.686,2271.236,2465.874,2680.104,2915.567,3174.054,3457.507,3768.030,4107.891,4479.533,4885.571,5328.794,5812.163,6338.802,6911.988,7535.133,8211.759,8945.465,9739.883,10598.620,11525.186,12522.896,13594.740,14743.219,15970.121,17276.233,18660.966,20121.889,21654.161,23249.871,24897.346,26580.508,28278.483,29965.711,31612.939,33189.373,34665.997,36019.342,37234.243,38304.227,39229.916,40016.596,40671.895,41203.985,41620.373,41927.172,42128.704,42227.303,42223.243,42114.736,41898.012,41567.515,41116.286,40536.664,39821.442,38965.589,37968.467,36836.154,35582.980,34231.152,32808.141,31343.066,29863.521,28393.501,26952.447,25555.135,24212.067,22930.087,21713.081,20562.619,19478.540,18459.416,17502.943,16606.234,15766.050,14978.970,14241.513,13550.230,12901.766,12292.897,11720.558,11181.858,10674.084,10194.703,9741.353,9311.841,8904.135,8516.346,8146.727,7793.655,7455.626,7131.240,6819.193,6518.266,6227.316,5945.266,5671.096,5403.833,5142.542,4886.318,4634.271,4385.515,4139.161,3894.291,3649.948,3405.100,3158.614,2909.200,2655.344,2395.193,2126.380,1845.716,1548.658,1228.338,873.955,469.265,0.000,0.000,0.000,0.000,0.000,0.000,0.000,0.000,0.000,0.000,0.000,0.000,0.000,0.000,0.000,0.000,0.000
0.000,60000.000,60000.000,60000.000,60000.000,60000.000,60000.000,60000.000,60000.000,57939.978,55908.410,53932.073,52034.687,50235.999,48551.340,46991.563,45563.249,44269.052,43108.120,42076.524,41167.695,40372.844,39681.395,39081.414,38560.048,38103.962,37699.760,37334.368,36995.347,36671.146,36351.253,36026.277,35687.959,35329.121,34943.599,34526.142,34072.331,33578.497,33041.668,32459.548,31830.517,31153.663,30428.843,29656.756,28839.019,27978.235,27078.036,26143.077,25178.971,24192.157,23189.703,22179.045,21167.701,20162.977,19171.697,18199.986,17253.114,16335.408,15450.235,14600.031,13786.380,13010.105,12271.389,11569.884,10904.825,10275.126,9679.474,9116.400,8584.340,8081.689,7606.838,7158.204,6734.254,6333.519,5954.608,5596.215,5257.122,4936.202,4632.422,4344.838,4072.593,3814.919,3571.129,3340.614,3122.839,2917.334,2723.692,2541.557,2370.617,2210.595,2061.241,1922.321,1793.608,1674.877,1565.901,1466.442,1376.259,1295.106,1222.731,1158.890,1103.346,1055.877,1016.282,984.388,960.051,943.165,933.663,931.522,936.765,949.465,969.747,997.790,1033.833,1078.174,1131.172,1193.256,1264.925,1346.752,1439.388,1543.569,1660.120,1789.959,1934.105,2093.686,2269.943,2464.236,2678.057,2913.030,3170.921,3453.645,3763.269,4102.016,4472.268,4876.563,5317.589,5798.180,6321.293,6889.992,7507.420,8176.757,8901.176,9683.780,10527.538,11435.189,12409.144,13451.351,14563.138,15745.013,16996.416,18315.415,19698.350,21139.416,22630.227,24159.395,25712.228,27270.656,28813.574,30317.760,31759.454,33116.487,34370.489,35508.477,36523.249,37412.666,38178.316,38824.042,39354.660,39774.980,40089.135,40300.157,40409.730,40418.089,40324.011,40124.923,39817.134,39396.240,38857.772,38198.125,37415.787,36512.741,35495.747,34377.024,33173.876,31907.173,30599.243,29271.828,27944.567,26634.115,25353.821,24113.803,22921.257,21780.882,20695.327,19665.619,18691.537,17771.938,16905.015,16088.510,15319.874,14596.400,13915.309,13273.829,12669.236,12098.896,11560.284,11050.999,10568.773,10111.469,9677.085,9263.746,8869.704,8493.323,8133.079,7787.550,7455.405,7135.400,6826.367,6527.207,6236.881,5954.405,5678.836,5409.269,5144.826,4884.645,4627.873,4373.649,4121.095,3869.292,3617.262,3363.932,3108.090,2848.322,2582.902,2309.623,2025.475,1726.007,1403.830,1044.478,612.749,0.000,0.000,0.000,0.000,0.000,0.000,0.000,0.000,0.000,0.000,0.000,0.000,0.000,0.000,0.000,0.000,0.000
0.000,60000.000,60000.000,60000.000,60000.000,60000.000,60000.000,60000.000,60000.000,57929.233,55888.083,53904.003,52000.644,50196.942,48506.888,46939.754,45500.558,44190.619,43008.102,41948.520,41005.184,40169.608,39431.892,38781.090,38205.558,37693.303,37232.313,36810.842,36417.670,36042.291,35675.051,35307.228,34931.053,34539.698,34127.236,33688.579,33219.425,32716.203,32176.038,31596.726,30976.740,30315.248,29612.147,28868.107,28084.616,27264.013,26409.497,25525.106,24615.648,23686.586,22743.876,21793.772,20842.599,19896.534,18961.398,18042.482,17144.421,16271.110,15425.680,14610.504,13827.242,13076.907,12359.952,11676.347,11025.674,10407.205,9819.976,9262.852,8734.583,8233.852,7759.308,7309.603,6883.408,6479.437,6096.457,5733.302,5388.873,5062.151,4752.194,4458.139,4179.203,3914.685,3663.957,3426.470,3201.742,2989.359,2788.966,2600.259,2422.976,2256.890,2101.793,1957.488,1823.780,1700.463,1587.320,1484.114,1390.593,1306.490,1231.531,1165.439,1107.943,1058.787,1017.734,984.578,959.143,941.293,930.934,928.020,932.551,944.581,964.218,991.626,1027.028,1070.708,1123.016,1184.368,1255.250,1336.226,1427.935,1531.101,1646.537,1775.148,1917.941,2076.026,2250.627,2443.088,2654.877,2887.593,3142.975,3422.905,3729.408,4064.661,4430.987,4830.850,5266.851,5741.706,6258.230,6819.304,7427.838,8086.716,8798.745,9566.574,10392.615,11278.945,12227.199,13238.445,14313.037,15450.449,16649.077,17906.008,19216.764,20575.016,21972.318,23397.878,24838.454,26278.445,27700.282,29085.188,30414.316,31670.132,32837.781,33906.064,34867.764,35719.328,36460.111,37091.453,37615.793,38035.918,38354.405,38573.236,38693.556,38715.561,38638.491,38460.737,38180.066,37793.985,37300.281,36697.726,35986.928,35171.209,34257.321,33255.755,32180.420,31047.709,29875.188,28680.270,27479.119,26285.927,25112.540,23968.382,22860.577,21794.190,20772.519,19797.404,18869.512,17988.597,17153.723,16363.445,15615.966,14909.251,14241.128,13609.353,13011.672,12445.855,11909.731,11401.204,10918.266,10459.008,10021.622,9604.400,9205.734,8824.112,8458.115,8106.410,7767.747,7440.946,7124.900,6818.561,6520.939,6231.091,5948.113,5671.140,5399.330,5131.862,4867.923,4606.699,4347.367,4089.074,3830.923,3571.947,3311.081,3047.112,2778.618,2503.866,2220.669,1926.164,1616.574,1287.434,937.283,591.574,437.310,352.053,296.078,254.594,221.255,192.965,168.031,145.444,124.555,104.923,86.231,68.241,50.766,33.653,16.770,0.000
0.000,60000.000,60000.000,60000.000,60000.000,60000.000,60000.000,60000.000,60000.000,57888.881,55810.701,53795.236,51866.970,50044.267,48339.555,46760.051,45308.661,43984.819,42785.209,41704.335,40734.981,39868.583,39095.555,38405.578,37787.875,37231.471,36725.438,36259.115,35822.300,35405.399,34999.540,34596.640,34189.439,33771.498,33337.184,32881.631,32400.708,31890.978,31349.679,30774.704,30164.598,29518.573,28836.520,28119.041,27367.458,26583.836,25770.966,24932.336,24072.063,23194.795,22305.578,21409.701,20512.522,19619.295,18735.010,17864.255,17011.106,16179.060,15371.000,14589.189,13835.300,13110.454,12415.285,11749.997,11114.437,10508.159,9930.484,9380.558,8857.396,8359.931,7887.043,7437.590,7010.434,6604.456,6218.572,5851.748,5503.001,5171.416,4856.140,4556.393,4271.467,4000.726,3743.609,3499.626,3268.358,3049.449,2842.605,2647.584,2464.185,2292.239,2131.592,1982.097,1843.595,1715.909,1598.832,1492.130,1395.535,1308.757,1231.488,1163.414,1104.222,1053.613,1011.309,977.064,950.665,931.944,920.775,917.085,920.851,932.103,950.931,977.479,1011.955,1054.627,1105.828,1165.960,1235.495,1314.979,1405.037,1506.376,1619.792,1746.171,1886.498,2041.864,2213.468,2402.629,2610.786,2839.509,3090.503,3365.611,3666.820,3996.257,4356.193,4749.028,5177.288,5643.596,6150.653,6701.195,7297.950,7943.569,8640.562,9391.206,10197.455,11060.833,11982.325,12962.259,14000.186,15094.743,16243.513,17442.862,18687.771,19971.661,21286.251,22621.450,23965.375,25304.502,26624.039,27908.521,29142.621,30312.081,31404.581,32410.381,33322.569,34136.929,34851.510,35466.039,35981.318,36398.675,36719.519,36945.021,37075.898,37112.315,37053.869,36899.690,36648.635,36299.587,35851.882,35305.821,34663.248,33928.108,33106.845,32208.534,31244.628,30228.347,29173.832,28095.252,27006.029,25918.257,24842.358,23786.941,22758.818,21763.124,20803.504,19882.319,19000.866,18159.576,17358.195,16595.946,15871.658,15183.879,14530.966,13911.153,13322.611,12763.490,12231.948,11726.183,11244.442,10785.038,10346.355,9926.853,9525.071,9139.624,8769.202,8412.569,8068.557,7736.064,7414.045,7101.514,6797.531,6501.204,6211.678,5928.131,5649.767,5375.815,5105.512,4838.104,4572.835,4308.937,4045.619,3782.052,3517.361,3250.601,2980.749,2706.699,2427.300,2141.517,1848.965,1551.476,1257.431,991.749,805.648,674.855,577.693,501.064,437.484,382.591,333.731,289.202,247.865,208.916,171.768,135.972,101.174,67.078,33.430,0.000
0.000,60000.000,60000.000,60000.000,60000.000,60000.000,60000.000,60000.000,60000.000,57815.601,55670.619,53599.292,51627.763,49773.638,48047.053,46452.282,44989.266,43654.844,42443.642,41348.698,40361.894,39474.266,38676.249,37957.879,37308.984,36719.362,36178.951,35677.983,35207.121,34757.574,34321.182,33890.469,33458.681,33019.792,32568.494,32100.180,31610.923,31097.451,30557.128,29987.945,29388.510,28758.059,28096.459,27404.215,26682.479,25933.047,25158.336,24361.350,23545.615,22715.094,21874.081,21027.073,20178.631,19333.252,18495.232,17668.559,16856.825,16063.160,15290.203,14540.085,13814.443,13114.453,12440.862,11794.042,11174.040,10580.629,10013.361,9471.612,8954.624,8461.541,7991.446,7543.383,7116.382,6709.476,6321.722,5952.205,5600.056,5264.454,4944.637,4639.904,4349.618,4073.213,3810.193,3560.131,3322.673,3097.529,2884.475,2683.337,2493.989,2316.331,2150.281,1995.751,1852.630,1720.777,1600.002,1490.066,1390.686,1301.539,1222.274,1152.528,1091.938,1040.152,996.844,961.720,934.527,915.057,903.152,898.709,901.677,912.064,929.935,955.418,988.699,1030.028,1079.720,1138.160,1205.801,1283.169,1370.870,1469.588,1580.097,1703.258,1840.031,1991.478,2158.768,2343.189,2546.146,2769.172,3013.935,3282.238,3576.025,3897.380,4248.525,4631.811,5049.705,5504.769,5999.624,6536.913,7119.238,7749.093,8428.774,9160.285,9945.222,10784.667,11679.071,12628.149,13630.777,14684.904,15787.455,16934.246,18119.889,19337.708,20579.678,21836.408,23097.211,24350.274,25582.981,26782.369,27935.707,29031.134,30058.234,31008.468,31875.367,32654.482,33343.138,33940.059,34444.957,34858.141,35180.180,35411.640,35552.920,35604.155,35565.210,35435.760,35215.442,34904.101,34502.101,34010.694,33432.412,32771.413,32033.708,31227.207,30361.517,29447.533,28496.859,27521.206,26531.823,25539.054,24552.039,23578.558,22624.986,21696.348,20796.419,19927.873,19092.432,18291.021,17523.915,16790.867,16091.224,15424.027,14788.090,14182.068,13604.517,13053.929,12528.774,12027.521,11548.662,11090.724,10652.281,10231.959,9828.442,9440.475,9066.860,8706.461,8358.199,8021.049,7694.040,7376.246,7066.790,6764.832,6469.570,6180.235,5896.083,5616.397,5340.474,5067.628,4797.180,4528.457,4260.787,3993.494,3725.909,3457.368,3187.251,2915.039,2640.455,2363.766,2086.401,1812.168,1549.294,1312.408,1118.734,964.074,838.819,734.522,645.057,566.214,495.123,429.793,368.805,311.123,255.965,202.717,150.887,100.059,49.874,0.000
0.000,60000.000,60000.000,60000.000,60000.000,60000.000,60000.000,60000.000,60000.000,57702.914,55456.899,53303.573,51271.184,49375.505,47622.781,46012.805,44541.334,43201.710,41985.883,40884.993,39889.707,38990.420,38177.381,37440.794,36770.914,36158.142,35593.125,35066.851,34570.737,34096.710,33637.260,33185.492,32735.150,32280.622,31816.948,31339.803,30845.488,30330.911,29793.576,29231.575,28643.579,28028.839,27387.184,26719.024,26025.342,25307.682,24568.128,23809.260,23034.098,22246.032,21448.727,20646.023,19841.825,19039.996,18244.251,17458.069,16684.616,15926.694,15186.706,14466.640,13768.072,13092.187,12439.801,11811.400,11207.178,10627.081,10070.842,9538.025,9028.061,8540.277,8073.928,7628.221,7202.336,6795.446,6406.730,6035.389,5680.653,5341.795,5018.134,4709.046,4413.963,4132.387,3863.885,3608.097,3364.734,3133.579,2914.481,2707.352,2512.148,2328.861,2157.492,1998.032,1850.435,1714.601,1590.362,1477.476,1375.632,1284.463,1203.564,1132.509,1070.870,1018.232,974.212,938.462,910.681,890.619,878.083,872.934,875.097,884.551,901.341,925.571,957.406,997.076,1044.877,1101.172,1166.391,1241.039,1325.697,1421.023,1527.761,1646.746,1778.903,1925.262,2086.955,2265.229,2461.453,2677.117,2913.847,3173.401,3457.684,3768.736,4108.742,4480.013,4884.984,5326.182,5806.197,6327.631,6893.038,7504.834,8165.207,8875.989,9638.537,10453.602,11321.210,12240.558,13209.947,14226.721,15287.244,16386.871,17519.930,18679.709,19858.455,21047.412,22236.909,23416.533,24575.380,25702.409,26786.857,27818.672,28788.917,29690.060,30516.125,31262.680,31926.693,32506.299,33000.515,33408.967,33731.638,33968.667,34120.222,34186.416,34167.307,34062.952,33873.536,33599.546,33242.005,32802.729,32284.589,31691.724,31029.677,30305.384,29527.027,28703.739,27845.206,26961.237,26061.355,25154.455,24248.553,23350.637,22466.599,21601.242,20758.336,19940.711,19150.360,18388.558,17655.976,16952.784,16278.748,15633.318,15015.701,14424.918,13859.863,13319.340,12802.099,12306.865,11832.359,11377.312,10940.479,10520.649,10116.650,9727.353,9351.678,8988.587,8637.093,8296.254,7965.171,7642.988,7328.888,7022.093,6721.857,6427.467,6138.238,5853.508,5572.643,5295.026,5020.062,4747.175,4475.814,4205.456,3935.623,3665.910,3396.033,3125.920,2855.872,2586.832,2320.831,2061.615,1815.263,1589.941,1392.880,1223.955,1079.044,953.202,842.052,742.127,650.793,566.070,486.465,410.830,338.269,268.059,199.607,132.406,66.007,0.000
0.000,60000.000,60000.000,60000.000,60000.000,60000.000,60000.000,60000.000,60000.000,57539.166,55150.511,52886.942,50777.928,48834.457,47055.805,45434.878,43961.610,42624.844,41413.258,40315.758,39321.601,38420.411,37602.151,36857.098,36175.835,35549.270,34968.664,34425.670,33912.384,33421.386,32945.778,32479.218,32015.932,31550.730,31079.007,30596.734,30100.454,29587.269,29054.834,28501.346,27925.540,27326.681,26704.565,26059.507,25392.334,24704.365,23997.388,23273.616,22535.640,21786.363,21028.925,20266.619,19502.802,18740.807,17983.858,17234.998,16497.024,15772.441,15063.433,14371.839,13699.160,13046.561,12414.891,11804.712,11216.325,10649.804,10105.026,9581.710,9079.439,8597.696,8135.883,7693.348,7269.404,6863.346,6474.465,6102.063,5745.465,5404.027,5077.145,4764.262,4464.880,4178.561,3904.935,3643.705,3394.651,3157.629,2932.575,2719.492,2518.439,2329.517,2152.836,1988.488,1836.512,1696.864,1569.401,1453.872,1349.928,1257.142,1175.033,1103.095,1040.818,987.714,943.328,907.251,879.130,858.670,845.638,839.862,841.236,849.716,865.320,888.129,918.288,956.005,1001.552,1055.269,1117.563,1188.912,1269.866,1361.056,1463.193,1577.074,1703.589,1843.724,1998.573,2169.337,2357.335,2564.015,2790.951,3039.858,3312.594,3611.164,3937.717,4294.544,4684.065,5108.811,5571.385,6074.416,6620.487,7212.045,7851.278,8539.979,9279.392,10070.057,10911.673,11803.001,12741.808,13724.873,14748.019,15806.160,16893.355,18002.853,19127.139,20257.998,21386.613,22503.705,23599.740,24665.183,25690.797,26667.947,27588.876,28446.913,29236.583,29953.615,30594.860,31158.140,31642.057,32045.802,32368.970,32611.412,32773.135,32854.239,32854.913,32775.480,32616.486,32378.832,32063.940,31673.933,31211.801,30681.540,30088.219,29437.960,28737.812,27995.541,27219.345,26417.545,25598.277,24769.234,23937.464,23109.226,22289.924,21484.083,20695.377,19926.682,19180.149,18457.290,17759.064,17085.961,16438.084,15815.218,15216.899,14642.462,14091.098,13561.887,13053.836,12565.900,12097.014,11646.098,11212.084,10793.913,10390.556,10001.009,9624.302,9259.503,8905.714,8562.077,8227.770,7902.006,7584.034,7273.139,6968.635,6669.866,6376.208,6087.063,5801.860,5520.057,5241.141,4964.631,4690.089,4417.130,4145.443,3874.827,3605.248,3336.922,3070.451,2807.015,2548.616,2298.323,2060.315,1839.313,1638.981,1459.901,1300.273,1157.254,1027.881,909.500,799.894,697.270,600.189,507.493,418.243,331.661,247.089,163.956,81.751,0.000
0.000,60000.000,60000.000,60000.000,60000.000,60000.000,60000.000,60000.000,60000.000,57303.250,54719.056,52315.784,50119.162,48128.632,46331.152,44709.346,43245.446,41922.866,40726.622,39643.257,38660.611,37767.563,36953.810,36209.709,35526.161,34894.549,34306.702,33754.898,33231.864,32730.796,32245.379,31769.800,31298.764,30827.498,30351.757,29867.816,29372.469,28863.025,28337.294,27793.587,27230.705,26647.936,26045.044,25422.263,24780.279,24120.216,23443.601,22752.335,22048.642,21335.014,20614.151,19888.886,19162.116,18436.728,17715.532,17001.196,16296.194,15602.767,14922.894,14258.273,13610.315,12980.149,12368.633,11776.373,11203.744,10650.916,10117.881,9604.476,9110.415,8635.306,8178.678,7740.000,7318.698,6914.176,6525.823,6153.034,5795.214,5451.796,5122.243,4806.063,4502.815,4212.118,3933.660,3667.204,3412.597,3169.773,2938.755,2719.653,2512.649,2317.978,2135.890,1966.612,1810.297,1666.976,1536.537,1418.711,1313.093,1219.168,1136.354,1064.040,1001.614,948.496,904.150,868.100,839.934,819.308,805.949,799.653,800.283,807.769,822.104,843.348,871.623,907.113,950.068,1000.801,1059.692,1127.188,1203.810,1290.154,1386.891,1494.779,1614.665,1747.488,1894.290,2056.223,2234.554,2430.672,2646.101,2882.504,3141.693,3425.631,3736.442,4076.405,4447.951,4853.642,5296.149,5778.196,6302.491,6871.624,7487.928,8153.309,8869.052,9635.622,10452.494,11318.036,12229.490,13183.032,14173.893,15196.495,16244.585,17311.322,18389.370,19470.958,20547.976,21612.080,22654.845,23667.947,24643.369,25573.618,26451.912,27272.326,28029.879,28720.545,29341.208,29889.567,30364.005,30763.456,31087.276,31335.134,31506.932,31602.764,31622.908,31567.860,31438.393,31235.660,30961.305,30617.583,30207.471,29734.753,29204.047,28620.778,27991.080,27321.636,26619.466,25891.702,25145.361,24387.138,23623.243,22859.287,22100.199,21350.205,20612.828,19890.915,19186.691,18501.819,17837.461,17194.349,16572.846,15973.011,15394.652,14837.372,14300.619,13783.714,13285.892,12806.322,12344.128,11898.414,11468.270,11052.788,10651.070,10262.237,9885.428,9519.811,9164.581,8818.962,8482.208,8153.606,7832.473,7518.154,7210.027,6907.496,6609.998,6316.997,6027.989,5742.502,5460.101,5180.395,4903.046,4627.783,4354.430,4082.934,3813.422,3546.266,3282.179,3022.329,2768.449,2522.889,2288.489,2068.133,1863.937,1676.490,1504.977,1347.737,1202.786,1068.157,942.068,822.974,709.566,600.743,495.577,393.273,293.147,194.589,97.046,0.000
0.000,60000.000,60000.000,60000.000,60000.000,60000.000,60000.000,60000.000,60000.000,56954.790,54106.703,51538.003,49254.343,47229.801,45430.876,43825.966,42388.026,41094.624,39927.182,38870.120,37910.113,37035.512,36235.917,35501.872,34824.662,34196.174,33608.817,33055.479,32529.503,32024.686,31535.274,31055.975,30581.965,30108.885,29632.852,29150.451,28658.735,28155.221,27637.887,27105.161,26555.919,25989.474,25405.574,24804.383,24186.468,23552.781,22904.631,22243.647,21571.744,20891.067,20203.944,19512.822,18820.212,18128.623,17440.510,16758.220,16083.948,15419.697,14767.261,14128.199,13503.831,12895.238,12303.268,11728.548,11171.504,10632.376,10111.241,9608.033,9122.569,8654.562,8203.646,7769.393,7351.329,6948.947,6561.726,6189.138,5830.662,5485.794,5154.059,4835.018,4528.280,4233.514,3950.457,3678.924,3418.826,3170.170,2933.076,2707.769,2494.576,2293.900,2106.175,1931.813,1771.121,1624.239,1491.089,1371.371,1264.589,1170.105,1087.198,1015.115,953.121,900.523,856.693,821.080,793.210,772.692,759.211,752.530,752.486,758.982,771.990,791.548,817.753,850.768,890.816,938.185,993.224,1056.349,1128.045,1208.869,1299.450,1400.500,1512.815,1637.284,1774.891,1926.728,2094.000,2278.035,2480.295,2702.385,2946.061,3213.248,3506.039,3826.711,4177.718,4561.689,4981.406,5439.763,5939.697,6484.077,7075.549,7716.328,8407.940,9150.949,9944.712,10787.234,11675.166,12603.960,13568.118,14561.447,15577.276,16608.601,17648.186,18688.624,19722.396,20741.946,21739.774,22708.558,23641.292,24531.431,25373.022,26160.804,26890.273,27557.697,28160.090,28695.153,29161.185,29556.995,29881.808,30135.186,30316.974,30427.265,30466.395,30434.963,30333.880,30164.434,29928.369,29627.961,29266.097,28846.310,28372.800,27850.395,27284.475,26680.843,26045.573,25384.838,24704.734,24011.124,23309.504,22604.902,21901.810,21204.146,20515.251,19837.899,19174.328,18526.283,17895.064,17281.579,16686.394,16109.785,15551.781,15012.213,14490.745,13986.913,13500.151,13029.817,12575.213,12135.606,11710.236,11298.336,10899.135,10511.869,10135.787,9770.151,9414.249,9067.385,8728.893,8398.130,8074.479,7757.352,7446.186,7140.449,6839.636,6543.273,6250.921,5962.174,5676.669,5394.093,5114.194,4836.792,4561.810,4289.295,4019.464,3752.751,3489.867,3231.857,2980.133,2736.450,2502.762,2280.923,2072.262,1877.252,1695.506,1526.019,1367.447,1218.346,1077.310,943.046,814.405,690.377,570.079,452.734,337.655,224.217,111.846,0.000
0.000,60000.000,60000.000,60000.000,60000.000,60000.000,60000.000,60000.000,60000.000,56409.222,53214.987,50475.214,48130.445,46105.400,44336.642,42775.676,41386.137,40140.496,39017.443,38000.014,37074.300,36228.553,35452.576,34737.309,34074.554,33456.785,32877.035,32328.824,31806.117,31303.305,30815.193,30337.006,29864.381,29393.375,28920.468,28442.555,27956.954,27461.398,26954.034,26433.415,25898.498,25348.636,24783.565,24203.396,23608.599,22999.982,22378.665,21746.052,21103.791,20453.738,19797.906,19138.418,18477.456,17817.210,17159.834,16507.396,15861.844,15224.977,14598.417,13983.592,13381.731,12793.859,12220.803,11663.197,11121.495,10595.986,10086.813,9593.985,9117.399,8656.856,8212.077,7782.721,7368.394,6968.673,6583.106,6211.236,5852.602,5506.757,5173.274,4851.758,4541.859,4243.282,3955.803,3679.282,3413.678,3159.069,2915.667,2683.824,2464.036,2256.914,2063.141,1883.382,1718.171,1567.801,1432.238,1311.121,1203.812,1109.489,1027.236,956.121,895.248,843.796,801.035,766.330,739.148,719.049,705.683,698.783,698.158,703.693,715.338,733.108,757.082,787.397,824.253,867.907,918.678,976.949,1043.163,1117.835,1201.549,1294.966,1398.824,1513.953,1641.274,1781.810,1936.696,2107.189,2294.677,2500.695,2726.939,2975.279,3247.778,3546.704,3874.546,4234.018,4628.055,5059.790,5532.495,6049.478,6613.910,7228.566,7895.488,8615.583,9388.240,10211.098,11080.061,11989.614,12933.270,13904.005,14894.584,15897.742,16906.281,17913.095,18911.187,19893.693,20853.915,21785.395,22681.995,23537.987,24348.144,25107.807,25812.933,26460.110,27046.543,27570.018,28028.846,28421.800,28748.050,29007.114,29198.808,29323.232,29380.755,29372.037,29298.059,29160.166,28960.121,28700.154,28383.008,28011.962,27590.827,27123.917,26615.977,26072.090,25497.555,24897.759,24278.036,23643.551,22999.183,22349.450,21698.437,21049.769,20406.588,19771.562,19146.902,18534.386,17935.402,17350.979,16781.838,16228.424,15690.948,15169.425,14663.708,14173.513,13698.452,13238.049,12791.767,12359.022,11939.192,11531.640,11135.716,10750.765,10376.138,10011.193,9655.304,9307.858,8968.263,8635.947,8310.360,7990.977,7677.297,7368.848,7065.183,6765.889,6470.585,6178.929,5890.623,5605.419,5323.133,5043.660,4766.987,4493.223,4222.626,3955.632,3692.893,3435.294,3183.957,2940.184,2705.344,2480.677,2267.067,2064.868,1873.887,1693.483,1522.728,1360.551,1205.849,1057.557,914.684,776.325,641.663,509.959,380.540,252.790,126.127,0.000
0.000,60000.000,60000.000,60000.000,60000.000,60000.000,60000.000,60000.000,60000.000,55467.128,51868.833,49017.456,46686.866,44724.762,43034.675,41554.022,40240.422,39063.860,38002.162,37038.283,36158.617,35351.926,34608.631,33920.348,33279.578,32679.499,32113.841,31576.796,31062.972,30567.362,30085.333,29612.622,29145.328,28679.923,28213.245,27742.507,27265.291,26779.549,26283.602,25776.136,25256.196,24723.179,24176.827,23617.213,23044.728,22460.060,21864.173,21258.280,20643.809,20022.366,19395.702,18765.665,18134.160,17503.104,16874.393,16249.856,15631.227,15020.121,14418.003,13826.184,13245.802,12677.825,12123.047,11582.097,11055.444,10543.410,10046.185,9563.836,9096.324,8643.521,8205.217,7781.144,7370.978,6974.361,6590.905,6220.207,5861.859,5515.458,5180.616,4856.971,4544.200,4242.034,3950.270,3668.793,3397.601,3136.823,2886.755,2647.879,2420.877,2206.625,2006.134,1820.438,1650.415,1496.585,1358.970,1237.088,1130.072,1036.824,956.157,886.901,827.971,778.396,737.334,704.071,678.016,658.686,645.701,638.769,637.682,642.304,652.569,668.474,690.078,717.495,750.900,790.520,836.643,889.612,949.832,1017.769,1093.957,1178.998,1273.573,1378.441,1494.453,1622.554,1763.800,1919.361,2090.542,2278.796,2485.737,2713.171,2963.110,3237.805,3539.770,3871.809,4237.036,4638.878,5081.051,5567.471,6102.090,6688.587,7329.918,8027.714,8781.636,9588.929,10444.449,11341.255,12271.439,13226.828,14199.428,15181.629,16166.235,17146.431,18115.721,19067.886,19996.970,20897.295,21763.498,22590.581,23373.973,24109.571,24793.776,25423.509,25996.206,26509.792,26962.652,27353.587,27681.770,27946.709,28148.223,28286.416,28361.682,28374.708,28326.499,28218.405,28052.157,27829.896,27554.199,27228.090,26855.027,26438.874,25983.839,25494.404,24975.227,24431.039,23866.542,23286.305,22694.681,22095.734,21493.183,20890.371,20290.241,19695.336,19107.809,18529.440,17961.660,17405.585,16862.044,16331.613,15814.650,15311.322,14821.637,14345.468,13882.579,13432.644,12995.268,12569.998,12156.345,11753.788,11361.788,10979.797,10607.261,10243.629,9888.359,9540.917,9200.783,8867.455,8540.449,8219.301,7903.571,7592.845,7286.733,6984.877,6686.954,6392.676,6101.802,5814.141,5529.565,5248.017,4969.533,4694.250,4422.434,4154.494,3890.999,3632.680,3380.412,3135.168,2897.921,2669.531,2450.604,2241.400,2041.811,1851.408,1669.529,1495.367,1328.056,1166.718,1010.508,858.626,710.330,564.928,421.781,280.287,139.877,0.000
0.000,60000.000,60000.000,60000.000,60000.000,60000.000,60000.000,60000.000,60000.000,53590.474,49775.791,47038.947,44874.847,43072.160,41523.334,40165.386,38957.743,37872.440,36889.153,35992.433,35170.060,34412.009,33709.786,33055.992,32444.031,31867.920,31322.166,30801.685,30301.753,29817.982,29346.306,28882.972,28424.544,27967.901,27510.247,27049.104,26582.322,26108.075,25624.863,25131.507,24627.147,24111.236,23583.531,23044.083,22493.221,21931.539,21359.872,20779.271,20190.980,19596.400,18997.056,18394.564,17790.595,17186.835,16584.957,15986.585,15393.266,14806.449,14227.465,13657.510,13097.638,12548.757,12011.626,11486.859,10974.929,10476.180,9990.831,9518.996,9060.684,8615.823,8184.262,7765.789,7360.140,6967.009,6586.062,6216.940,5859.276,5512.703,5176.858,4851.402,4536.025,4230.466,3934.525,3648.094,3371.176,3103.931,2846.711,2600.112,2365.018,2142.619,1934.372,1741.857,1566.498,1409.185,1269.994,1148.212,1042.586,951.597,873.683,807.373,751.354,704.496,665.846,634.617,610.169,591.989,579.675,572.921,571.504,575.280,584.167,598.150,617.267,641.614,671.338,706.639,747.769,795.034,848.792,909.461,977.519,1053.507,1138.038,1231.796,1335.552,1450.166,1576.599,1715.926,1869.351,2038.223,2224.060,2428.575,2653.706,2901.658,3174.943,3476.438,3809.428,4177.667,4585.392,5037.305,5538.433,6093.820,6707.938,7383.779,8121.726,8918.608,9767.631,10659.610,11584.504,12532.546,13494.792,14463.239,15430.739,16390.823,17337.538,18265.329,19168.965,20043.509,20884.320,21687.078,22447.817,23162.958,23829.331,24444.197,25005.241,25510.564,25958.667,26348.419,26679.033,26950.043,27161.279,27312.860,27405.191,27438.966,27415.184,27335.168,27200.584,27013.460,26776.198,26491.575,26162.730,25793.131,25386.528,24946.896,24478.353,23985.081,23471.244,22940.909,22397.971,21846.096,21288.672,20728.776,20169.156,19612.224,19060.055,18514.402,17976.716,17448.160,16929.642,16421.839,15925.221,15440.080,14966.553,14504.646,14054.254,13615.182,13187.158,12769.853,12362.892,11965.864,11578.334,11199.849,10829.949,10468.168,10114.043,9767.116,9426.939,9093.075,8765.104,8442.623,8125.250,7812.625,7504.413,7200.310,6900.041,6603.372,6310.109,6020.108,5733.283,5449.616,5169.166,4892.086,4618.628,4349.160,4084.164,3824.235,3570.053,3322.347,3081.823,2849.090,2624.572,2408.458,2200.678,2000.928,1808.718,1623.431,1444.374,1270.826,1102.067,937.397,776.146,617.679,461.393,306.716,153.097,0.000
0.000,29848.139,41546.521,46943.200,49779.252,51377.498,52232.537,52459.220,51801.309,49119.001,46604.944,44487.736,42701.465,41165.754,39821.181,38626.515,37552.804,36579.091,35689.668,34872.334,34117.284,33416.373,32762.629,32149.925,31572.761,31026.117,30505.356,30006.165,29524.518,29056.659,28599.091,28148.575,27702.134,27257.058,26810.905,26361.511,25906.991,25445.743,24976.447,24498.062,24009.832,23511.272,23002.165,22482.553,21952.723,21413.192,20864.692,20308.143,19744.631,19175.386,18601.745,18025.129,17447.007,16868.871,16292.201,15718.444,15148.984,14585.125,14028.075,13478.927,12938.656,12408.110,11888.010,11378.948,10881.395,10395.704,9922.119,9460.781,9011.740,8574.967,8150.356,7737.744,7336.912,6947.599,6569.511,6202.328,5845.714,5499.323,5162.812,4835.849,4518.123,4209.362,3909.351,3617.953,3335.148,3061.076,2796.102,2540.892,2296.512,2064.504,1846.915,1646.155,1464.565,1303.692,1163.633,1043.204,940.482,853.313,779.622,717.569,665.591,622.400,586.948,558.392,536.064,519.436,508.098,501.742,500.143,503.151,510.679,522.698,539.234,560.363,586.206,616.936,652.768,693.968,740.848,793.772,853.158,919.482,993.282,1075.162,1165.803,1265.969,1376.515,1498.405,1632.724,1780.698,1943.719,2123.377,2321.498,2540.195,2781.929,3049.592,3346.598,3676.997,4045.578,4457.958,4920.558,5440.368,6024.284,6677.793,7402.948,8196.215,9047.939,9945.139,10874.520,11824.173,12784.073,13745.928,14702.802,15648.736,16578.442,17487.102,18370.239,19223.653,20043.403,20825.813,21567.490,22265.352,22916.647,23518.970,24070.268,24568.840,25013.326,25402.692,25736.217,26013.475,26234.324,26398.899,26507.610,26561.144,26560.477,26506.882,26401.943,26247.563,26045.968,25799.703,25511.616,25184.826,24822.692,24428.752,24006.666,23560.152,23092.917,22608.595,22110.684,21602.498,21087.127,20567.404,20045.889,19524.857,19006.295,18491.914,17983.157,17481.214,16987.046,16501.401,16024.837,15557.746,15100.371,14652.828,14215.128,13787.185,13368.840,12959.873,12560.011,12168.943,11786.329,11411.808,11045.004,10685.530,10333.001,9987.031,9647.238,9313.250,8984.709,8661.268,8342.601,8028.401,7718.385,7412.296,7109.907,6811.029,6515.508,6223.240,5934.173,5648.312,5365.733,5086.588,4811.108,4539.615,4272.511,4010.275,3753.438,3502.548,3258.127,3020.610,2790.302,2567.335,2351.656,2143.036,1941.102,1745.367,1555.275,1370.227,1189.608,1012.807,839.225,668.284,499.424,332.104,165.801,0.000
0.000,17846.039,29394.749,36447.030,40796.316,43498.210,45093.443,45803.050,45627.036,44479.305,43037.288,41605.631,40277.579,39068.270,37969.190,36966.765,36047.950,35201.543,34418.189,33690.054,33010.479,32373.686,31774.552,31208.443,30671.103,30158.567,29667.117,29193.247,28733.647,28285.201,27844.983,27410.266,26978.528,26547.460,26114.977,25679.220,25238.569,24791.643,24337.302,23874.650,23403.035,22922.044,22431.495,21931.433,21422.118,20904.010,20377.757,19844.171,19304.211,18758.962,18209.605,17657.392,17103.627,16549.632,15996.724,15446.194,14899.287,14357.179,13820.965,13291.648,12770.127,12257.192,11753.526,11259.696,10776.164,10303.286,9841.317,9390.422,8950.680,8522.093,8104.594,7698.055,7302.296,6917.091,6542.179,6177.266,5822.040,5476.171,5139.320,4811.154,4491.346,4179.595,3875.643,3579.294,3290.455,3009.187,2735.786,2470.897,2215.679,1972.011,1742.668,1531.316,1341.944,1177.409,1037.665,920.506,822.844,741.567,673.938,617.701,571.053,532.576,501.162,475.950,456.268,441.599,431.547,425.813,424.183,426.509,432.705,442.735,456.615,474.401,496.195,522.136,552.406,587.228,626.865,671.626,721.866,777.989,840.453,909.775,986.538,1071.399,1165.096,1268.465,1382.452,1508.137,1646.754,1799.731,1968.730,2155.710,2363.004,2593.422,2850.399,3138.168,3461.993,3828.421,4245.508,4722.851,5271.083,5900.214,6616.117,7415.435,8282.850,9198.577,10144.365,11105.664,12071.521,13033.731,13985.951,14923.033,15840.561,16734.579,17601.426,18437.663,19240.041,20005.506,20731.216,21414.562,22053.195,22645.038,23188.305,23681.497,24123.410,24513.123,24849.994,25133.653,25363.991,25541.161,25665.573,25737.902,25759.086,25730.338,25653.151,25529.297,25360.834,25150.088,24899.644,24612.318,24291.122,23939.220,23559.881,23156.424,22732.166,22290.364,21834.171,21366.591,20890.444,20408.341,19922.660,19435.542,18948.881,18464.332,17983.315,17507.029,17036.463,16572.417,16115.517,15666.231,15224.890,14791.703,14366.775,13950.119,13541.673,13141.311,12748.855,12364.083,11986.743,11616.556,11253.225,10896.441,10545.888,10201.247,9862.202,9528.442,9199.666,8875.584,8555.920,8240.419,7928.843,7620.983,7316.654,7015.705,6718.021,6423.527,6132.196,5844.054,5559.182,5277.723,4999.889,4725.952,4456.249,4191.162,3931.106,3676.499,3427.727,3185.111,2948.867,2719.086,2495.722,2278.594,2067.408,1861.773,1661.232,1465.285,1273.406,1085.061,899.717,716.849,535.942,356.493,178.008,0.000
0.000,12141.271,21739.410,28653.862,33460.783,36725.598,38839.990,40032.522,40424.508,40133.933,39459.312,38619.973,37735.009,36860.620,36020.618,35223.484,34470.774,33761.036,33091.590,32459.320,31861.005,31293.459,30753.573,30238.324,29744.775,29270.072,28811.444,28366.209,27931.778,27505.674,27085.539,26669.147,26254.423,25839.454,25422.501,25002.006,24576.608,24145.145,23706.657,23260.393,22805.810,22342.570,21870.535,21389.766,20900.505,20403.174,19898.355,19386.772,18869.282,18346.848,17820.518,17291.409,16760.677,16229.502,15699.063,15170.517,14644.983,14123.528,13607.147,13096.759,12593.193,12097.187,11609.382,11130.321,10660.450,10200.123,9749.603,9309.068,8878.619,8458.281,8048.017,7647.727,7257.261,6876.421,6504.970,6142.638,5789.124,5444.108,5107.249,4778.198,4456.603,4142.117,3834.412,3533.199,3238.259,2949.495,2667.015,2391.280,2123.344,1865.232,1620.465,1394.524,1194.514,1026.357,889.131,778.331,688.835,616.185,556.875,508.255,468.353,435.697,409.185,387.984,371.467,359.153,350.683,345.787,344.271,346.003,350.900,358.929,370.094,384.439,402.041,423.012,447.497,475.677,507.763,544.008,584.697,630.161,680.772,736.954,799.183,867.999,944.012,1027.914,1120.493,1222.653,1335.439,1460.073,1597.994,1750.927,1920.968,2110.712,2323.426,2563.306,2835.830,3148.253,3510.233,3934.480,4437.025,5035.913,5745.929,6566.622,7469.526,8422.041,9398.798,10382.706,11362.741,12331.658,13284.387,14217.043,15126.364,16009.411,16863.422,17685.742,18473.813,19225.189,19937.550,20608.744,21236.801,21819.965,22356.708,22845.737,23286.008,23676.721,24017.322,24307.500,24547.186,24736.549,24876.001,24966.194,25008.027,25002.644,24951.444,24856.073,24718.422,24540.619,24325.013,24074.146,23790.730,23477.606,23137.702,22773.995,22389.461,21987.033,21569.560,21139.771,20700.245,20253.385,19801.404,19346.308,18889.897,18433.762,17979.290,17527.671,17079.910,16636.839,16199.134,15767.322,15341.805,14922.869,14510.698,14105.389,13706.964,13315.382,12930.548,12552.322,12180.529,11814.968,11455.414,11101.628,10753.361,10410.358,10072.365,9739.126,9410.396,9085.937,8765.524,8448.946,8136.013,7826.554,7520.424,7217.508,6917.721,6621.016,6327.385,6036.865,5749.541,5465.548,5185.070,4908.342,4635.640,4367.273,4103.566,3844.840,3591.386,3343.438,3101.154,2864.592,2633.709,2408.356,2188.294,1973.202,1762.700,1556.367,1353.749,1154.381,957.787,763.495,571.033,379.936,189.744,0.000
0.000,8979.639,16767.766,22968.235,27667.372,31103.425,33508.418,35062.570,35904.573,36172.646,36046.103,35679.994,35181.924,34618.653,34029.253,33435.864,32850.718,32280.334,31727.921,31194.741,30680.879,30185.696,29708.086,29246.639,28799.742,28365.648,27942.530,27528.520,27121.743,26720.345,26322.519,25926.532,25530.741,25133.614,24733.749,24329.882,23920.903,23505.863,23083.982,22654.653,22217.441,21772.090,21318.513,20856.792,20387.168,19910.033,19425.920,18935.488,18439.504,17938.834,17434.417,16927.251,16418.373,15908.840,15399.710,14892.026,14386.799,13884.997,13387.529,12895.237,12408.887,11929.165,11456.675,10991.931,10535.365,10087.323,9648.069,9217.791,8796.603,8384.549,7981.613,7587.718,7202.737,6826.495,6458.772,6099.314,5747.829,5403.998,5067.474,4737.886,4414.844,4097.944,3786.769,3480.905,3179.957,2883.581,2591.555,2303.914,2021.227,1745.148,1479.469,1231.830,1015.253,844.392,714.187,614.864,537.992,477.476,429.131,390.102,358.416,332.682,311.901,295.343,282.467,272.869,266.250,262.386,261.117,262.334,265.969,271.990,280.398,291.223,304.521,320.377,338.899,360.222,384.509,411.948,442.758,477.189,515.525,558.089,605.246,657.409,715.046,778.693,848.959,926.550,1012.287,1107.137,1212.256,1329.045,1459.243,1605.045,1769.304,1955.816,2169.786,2418.552,2712.715,3067.843,3506.658,4060.527,4765.116,5635.659,6606.666,7621.346,8646.179,9663.734,10665.201,11645.910,12603.047,13534.551,14438.615,15313.470,16157.310,16968.283,17744.511,18484.124,19185.306,19846.326,20465.577,21041.604,21573.125,22059.050,22498.490,22890.769,23235.421,23532.200,23781.074,23982.231,24136.080,24243.251,24304.596,24321.193,24294.343,24225.570,24116.613,23969.416,23786.112,23569.003,23320.536,23043.266,22739.830,22412.903,22065.168,21699.270,21317.794,20923.224,20517.919,20104.097,19683.810,19258.942,18831.194,18402.089,17972.973,17545.018,17119.230,16696.462,16277.422,15862.684,15452.705,15047.833,14648.319,14254.333,13865.968,13483.258,13106.181,12734.671,12368.623,12007.905,11652.361,11301.816,10956.083,10614.967,10278.269,9945.790,9617.335,9292.715,8971.752,8654.279,8340.146,8029.222,7721.396,7416.585,7114.731,6815.808,6519.827,6226.832,5936.908,5650.180,5366.810,5087.000,4810.976,4538.989,4271.297,4008.147,3749.760,3496.311,3247.912,3004.600,2766.331,2532.980,2304.347,2080.164,1860.112,1643.830,1430.928,1220.997,1013.615,808.356,604.792,402.494,201.039,0.000
0.000,7009.522,13383.792,18783.951,23137.062,26512.333,29027.715,30804.798,31958.606,32606.019,32872.514,32872.034,32694.107,32402.888,32041.959,31640.087,31215.993,30781.762,30345.128,29910.956,29482.195,29060.487,28646.570,28240.544,27842.049,27450.396,27064.663,26683.760,26306.495,25931.613,25557.836,25183.899,24808.575,24430.699,24049.188,23663.063,23271.454,22873.621,22468.957,22056.996,21637.417,21210.043,20774.844,20331.930,19881.551,19424.081,18960.017,18489.965,18014.624,17534.778,17051.276,16565.016,16076.934,15587.982,15099.117,14611.281,14125.393,13642.333,13162.933,12687.967,12218.143,11754.102,11296.406,10845.547,10401.935,9965.909,9537.730,9117.590,8705.613,8301.856,7906.319,7518.942,7139.617,6768.184,6404.440,6048.140,5698.999,5356.694,5020.869,4691.128,4367.040,4048.133,3733.897,3423.772,3117.151,2813.378,2511.765,2211.643,1912.544,1614.699,1320.462,1038.096,790.294,621.788,508.373,428.958,370.803,326.602,292.077,264.612,242.532,224.718,210.399,199.023,190.192,183.611,179.064,176.392,175.481,176.251,178.654,182.667,188.288,195.535,204.447,215.078,227.501,241.808,258.105,276.520,297.200,320.314,346.053,374.635,406.307,441.348,480.076,522.856,570.105,622.306,680.027,743.939,814.854,893.764,981.920,1080.932,1192.938,1320.880,1468.962,1643.469,1854.252,2117.541,2461.267,2934.454,3618.392,4604.288,5700.202,6810.582,7900.934,8960.961,9988.542,10983.874,11947.493,12879.666,13780.255,14648.736,15484.272,16285.790,17052.054,17781.738,18473.483,19125.950,19737.864,20308.047,20835.449,21319.169,21758.469,22152.790,22501.753,22805.174,23063.060,23275.614,23443.243,23566.549,23646.339,23683.624,23679.611,23635.708,23553.511,23434.795,23281.500,23095.713,22879.645,22635.603,22365.965,22073.145,21759.566,21427.625,21079.667,20717.960,20344.667,19961.832,19571.363,19175.022,18774.417,18371.001,17966.072,17560.775,17156.111,16752.938,16351.986,15953.867,15559.076,15168.015,14780.989,14398.227,14019.888,13646.068,13276.810,12912.113,12551.939,12196.216,11844.850,11497.726,11154.714,10815.675,10480.464,10148.931,9820.930,9496.319,9174.962,8856.733,8541.522,8229.230,7919.781,7613.119,7309.210,7008.049,6709.658,6414.089,6121.428,5831.787,5545.313,5262.175,4982.566,4706.688,4434.747,4166.937,3903.428,3644.350,3389.785,3139.752,2894.209,2653.046,2416.094,2183.126,1953.870,1728.017,1505.226,1285.139,1067.381,851.569,637.316,424.232,211.923,0.000
0.000,5674.665,10973.940,15646.733,19584.611,22781.154,25285.343,27170.335,28519.078,29420.359,29965.954,30241.583,30319.652,30256.911,30095.691,29866.624,29591.504,29285.699,28959.985,28621.881,28276.582,27927.617,27577.301,27227.061,26877.663,26529.381,26182.124,25835.527,25489.034,25141.948,24793.491,24442.837,24089.148,23731.608,23369.438,23001.923,22628.429,22248.413,21861.435,21467.167,21065.397,20656.033,20239.102,19814.750,19383.239,18944.938,18500.319,18049.947,17594.467,17134.596,16671.107,16204.819,15736.578,15267.251,14797.705,14328.797,13861.365,13396.214,12934.106,12475.754,12021.815,11572.884,11129.492,10692.100,10261.102,9836.825,9419.526,9009.397,8606.567,8211.103,7823.018,7442.264,7068.748,6702.323,6342.797,5989.934,5643.452,5303.027,4968.289,4638.820,4314.148,3993.743,3676.996,3363.211,3051.566,2741.079,2430.537,2118.398,1802.648,1480.674,1149.609,809.817,486.052,344.101,268.567,221.797,189.664,166.058,147.969,133.741,122.384,113.264,105.956,100.162,95.669,92.321,90.006,88.641,88.164,88.537,89.732,91.738,94.553,98.186,102.655,107.989,114.223,121.403,129.584,138.828,149.211,160.816,173.741,188.094,204.000,221.601,241.058,262.553,286.301,312.546,341.579,373.744,409.460,449.242,493.748,543.830,600.644,665.811,741.723,832.121,943.296,1086.816,1286.433,1597.655,2169.744,3462.949,4779.336,6019.926,7186.108,8290.744,9344.258,10353.691,11323.540,12256.534,13154.184,14017.144,14845.465,15638.776,16396.418,17117.544,17801.204,18446.407,19052.174,19617.576,20141.775,20624.039,21063.773,21460.523,21813.997,22124.064,22390.769,22614.329,22795.143,22933.788,23031.027,23087.800,23105.229,23084.610,23027.407,22935.240,22809.877,22653.210,22467.241,22254.059,22015.812,21754.685,21472.870,21172.546,20855.847,20524.844,20181.524,19827.774,19465.366,19095.948,18721.036,18342.014,17960.128,17576.492,17192.091,16807.784,16424.313,16042.312,15662.312,15284.751,14909.982,14538.286,14169.873,13804.895,13443.453,13085.605,12731.368,12380.729,12033.650,11690.069,11349.911,11013.088,10679.502,10349.054,10021.641,9697.164,9375.527,9056.644,8740.439,8426.846,8115.818,7807.325,7501.355,7197.920,6897.053,6598.813,6303.284,6010.573,5720.808,5434.138,5150.725,4870.736,4594.337,4321.683,4052.906,3788.104,3527.335,3270.611,3017.887,2769.068,2524.008,2282.513,2044.349,1809.247,1576.913,1347.030,1119.264,893.274,668.709,445.214,222.431,0.000
0.000,4715.206,9190.580,13244.446,16773.516,19742.359,22162.201,24072.163,25527.057,26590.440,27329.420,27808.758,28086.080,28209.495,28217.357,28139.308,27997.803,27809.652,27587.347,27340.122,27074.765,26796.233,26508.098,26212.883,25912.313,25607.500,25299.087,24987.361,24672.338,24353.835,24031.527,23704.996,23373.767,23037.342,22695.230,22346.965,21992.132,21630.375,21261.414,20885.053,20501.187,20109.806,19710.998,19304.949,18891.937,18472.335,18046.597,17615.258,17178.922,16738.252,16293.959,15846.792,15397.528,14946.957,14495.869,14045.051,13595.269,13147.261,12701.729,12259.332,11820.679,11386.326,10956.770,10532.448,10113.735,9700.945,9294.328,8894.077,8500.321,8113.137,7732.542,7358.503,6990.935,6629.703,6274.627,5925.475,5581.972,5243.789,4910.550,4581.817,4257.089,3935.782,3617.218,3300.584,2984.891,2668.896,2350.961,2028.810,1699.014,1355.770,987.504,565.524,0.000,0.000,0.000,0.000,0.000,0.000,0.000,0.000,0.000,0.000,0.000,0.000,0.000,0.000,0.000,0.000,0.000,0.000,0.000,0.000,0.000,0.000,0.000,0.000,0.000,0.000,0.000,0.000,0.000,0.000,0.000,0.000,0.000,0.000,0.000,0.000,0.000,0.000,0.000,0.000,0.000,0.000,0.000,0.000,0.000,0.000,0.000,0.000,0.000,0.000,0.000,0.000,0.000,2298.470,3934.324,5303.756,6532.921,7671.759,8744.179,9763.233,10736.596,11668.918,12562.990,13420.391,14241.882,15027.662,15777.541,16491.074,17167.655,17806.588,18407.147,18968.623,19490.360,19971.781,20412.412,20811.900,21170.024,21486.708,21762.025,21996.205,22189.637,22342.873,22456.628,22531.780,22569.365,22570.576,22536.755,22469.383,22370.066,22240.526,22082.578,21898.114,21689.082,21457.461,21205.243,20934.407,20646.901,20344.621,20029.394,19702.961,19366.970,19022.961,18672.363,18316.490,17956.536,17593.579,17228.582,16862.400,16495.777,16129.364,15763.714,15399.297,15036.506,14675.660,14317.017,13960.777,13607.092,13256.068,12907.776,12562.255,12219.516,11879.549,11542.326,11207.806,10875.938,10546.667,10219.932,9895.673,9573.834,9254.363,8937.216,8622.359,8309.771,7999.445,7691.390,7385.633,7082.218,6781.210,6482.692,6186.766,5893.549,5603.171,5315.770,5031.489,4750.463,4472.817,4198.656,3928.057,3661.062,3397.672,3137.847,2881.504,2628.514,2378.711,2131.891,1887.823,1646.247,1406.884,1169.439,933.606,699.069,465.506,232.592,0.000
0.000,3995.585,7828.743,11366.974,14522.675,17252.593,19548.976,21429.103,22926.594,24084.980,24952.593,25578.018,26006.493,26277.717,26425.028,26475.545,26450.852,26367.874,26239.751,26076.620,25886.256,25674.591,25446.119,25204.212,24951.364,24689.382,24419.533,24142.666,23859.300,23569.709,23273.975,22972.046,22663.776,22348.964,22027.377,21698.784,21362.970,21019.755,20669.009,20310.662,19944.711,19571.228,19190.361,18802.334,18407.452,18006.092,17598.702,17185.794,16767.939,16345.757,15919.909,15491.089,15060.010,14627.399,14193.985,13760.489,13327.615,12896.045,12466.427,12039.373,11615.449,11195.173,10779.013,10367.382,9960.636,9559.077,9162.947,8772.436,8387.677,8008.746,7635.670,7268.425,6906.934,6551.073,6200.669,5855.500,5515.295,5179.727,4848.416,4520.915,4196.704,3875.172,3555.593,3237.092,2918.589,2598.712,2275.652,1946.913,1608.864,1255.917,879.130,464.780,0.000,183.103,366.148,549.050,731.666,913.767,1095.010,1274.912,1452.826,1627.927,1799.200,1965.452,2125.330,2277.364,2420.026,2551.803,2671.269,2777.160,2868.423,2944.245,3004.059,3047.525,3074.503,3085.025,3079.275,3057.583,3020.429,2968.465,2902.525,2823.642,2733.036,2632.088,2522.291,2405.188,2282.304,2155.085,2024.850,1892.752,1759.764,1626.676,1494.098,1362.480,1232.125,1103.216,975.833,849.968,725.550,602.452,480.507,359.518,239.263,119.506,0.000,1796.640,3355.790,4727.928,5970.154,7119.300,8197.591,9218.607,10190.851,11119.725,12008.656,12859.753,13674.232,14452.681,15195.258,15901.821,16572.033,17205.434,17801.509,18359.731,18879.597,19360.660,19802.556,20205.014,20567.880,20891.119,21174.831,21419.253,21624.763,21791.887,21921.292,22013.796,22070.355,22092.066,22080.158,22035.981,21961.000,21856.780,21724.970,21567.286,21385.495,21181.397,20956.802,20713.514,20453.312,20177.935,19889.062,19588.304,19277.194,18957.169,18629.577,18295.660,17956.562,17613.322,17266.879,16918.074,16567.652,16216.270,15864.500,15512.835,15161.697,14811.442,14462.365,14114.709,13768.668,13424.394,13082.005,12741.583,12403.188,12066.854,11732.599,11400.425,11070.324,10742.281,10416.274,10092.281,9770.280,9450.253,9132.187,8816.075,8501.922,8189.742,7879.562,7571.424,7265.384,6961.510,6659.888,6360.615,6063.800,5769.560,5478.016,5189.290,4903.497,4620.739,4341.103,4064.649,3791.408,3521.378,3254.522,2990.765,2729.997,2472.072,2216.815,1964.022,1713.468,1464.905,1218.073,972.696,728.493,485.172,242.441,0.000
0.000,3438.402,6761.845,9872.054,12697.643,15196.397,17352.045,19168.724,20665.291,21870.351,22818.019,23544.304,24084.237,24469.940,24729.586,24887.096,24962.298,24971.356,24927.286,24840.481,24719.184,24569.899,24397.725,24206.638,23999.711,23779.297,23547.171,23304.646,23052.673,22791.914,22522.810,22245.633,21960.531,21667.564,21366.740,21058.036,20741.423,20416.883,20084.425,19744.097,19395.993,19040.261,18677.110,18306.805,17929.675,17546.111,17156.556,16761.508,16361.514,15957.159,15549.064,15137.874,14724.253,14308.873,13892.408,13475.526,13058.878,12643.095,12228.779,11816.497,11406.779,11000.110,10596.929,10197.627,9802.543,9411.966,9026.132,8645.225,8269.377,7898.669,7533.133,7172.751,6817.455,6467.131,6121.616,5780.695,5444.106,5111.528,4782.584,4456.830,4133.740,3812.700,3492.974,3173.678,2853.729,2531.773,2206.075,1874.371,1533.647,1179.928,808.338,414.471,0.000,366.262,732.439,1098.386,1463.847,1828.392,2191.361,2551.811,2908.466,3259.681,3603.422,3937.278,4258.503,4564.099,4850.938,5115.916,5356.114,5568.949,5752.286,5904.498,6024.466,6111.538,6165.462,6186.322,6174.494,6130.627,6055.670,5950.904,5817.993,5659.006,5476.414,5273.025,5051.889,4816.157,4568.942,4313.188,4051.563,3786.393,3519.630,3252.842,2987.237,2723.695,2462.804,2204.908,1950.146,1698.489,1449.779,1203.751,960.060,718.302,478.028,238.760,0.000,1532.335,2964.322,4282.084,5500.556,6637.806,7708.404,8722.897,9688.634,10610.652,11492.346,12335.942,13142.833,13913.812,14649.244,15349.190,16013.504,16641.905,17234.039,17789.522,18307.976,18789.063,19232.505,19638.104,20005.757,20335.466,20627.349,20881.646,21098.723,21279.075,21423.328,21532.238,21606.685,21647.679,21656.340,21633.905,21581.706,21501.166,21393.785,21261.122,21104.784,20926.405,20727.637,20510.124,20275.494,20025.343,19761.219,19484.612,19196.946,18899.565,18593.736,18280.637,17961.357,17636.897,17308.168,16975.995,16641.117,16304.195,15965.810,15626.474,15286.632,14946.670,14606.914,14267.642,13929.088,13591.444,13254.866,12919.481,12585.387,12252.663,11921.366,11591.538,11263.211,10936.406,10611.141,10287.425,9965.270,9644.690,9325.698,9008.316,8692.570,8378.495,8066.137,7755.550,7446.799,7139.962,6835.123,6532.380,6231.835,5933.596,5637.772,5344.471,5053.791,4765.822,4480.633,4198.276,3918.775,3642.127,3368.298,3097.222,2828.804,2562.917,2299.410,2038.104,1778.801,1521.284,1265.322,1010.669,757.073,504.274,252.006,0.000
0.000,2996.188,5908.196,8661.775,11199.475,13483.340,15494.124,17228.506,18695.551,19913.175,20904.899,21697.016,22316.296,22788.310,23136.381,23381.059,23540.000,23628.085,23657.683,23638.967,23580.243,23488.243,23368.397,23225.062,23061.711,22881.096,22685.383,22476.257,22255.018,22022.656,21779.915,21527.346,21265.354,20994.232,20714.197,20425.414,20128.023,19822.151,19507.937,19185.536,18855.132,18516.947,18171.245,17818.334,17458.570,17092.356,16720.138,16342.406,15959.686,15572.538,15181.548,14787.324,14390.486,13991.662,13591.478,13190.556,12789.502,12388.901,11989.315,11591.274,11195.273,10801.767,10411.171,10023.855,9640.141,9260.306,8884.578,8513.137,8146.114,7783.592,7425.608,7072.150,6723.159,6378.530,6038.109,5701.695,5369.033,5039.817,4713.679,4390.186,4068.828,3749.006,3430.009,3110.994,2790.946,2468.634,2142.558,1810.892,1471.458,1121.837,759.836,384.771,0.000,549.508,1098.959,1648.210,2196.945,2744.592,3290.231,3832.505,4369.547,4898.909,5417.529,5921.736,6407.306,6869.590,7303.711,7704.809,8068.322,8390.235,8667.274,8896.995,9077.769,9208.698,9289.485,9320.309,9301.750,9234.763,9120.720,8961.490,8759.536,8517.977,8240.588,7931.711,7596.083,7238.609,6864.121,6477.161,6081.820,5681.629,5279.519,4877.824,4478.315,4082.259,3690.489,3303.466,2921.353,2544.065,2171.327,1802.713,1437.680,1075.601,715.788,357.508,0.000,1368.411,2687.129,3935.601,5112.271,6223.072,7275.450,8276.085,9230.296,10142.082,11014.328,11849.046,12647.572,13410.733,14138.975,14832.465,15491.176,16114.948,16703.540,17256.675,17774.071,18255.474,18700.675,19109.532,19481.982,19818.055,20117.883,20381.702,20609.862,20802.830,20961.187,21085.631,21176.973,21236.135,21264.144,21262.126,21231.295,21172.947,21088.444,20979.204,20846.690,20692.390,20517.808,20324.449,20113.804,19887.337,19646.477,19392.603,19127.038,18851.040,18565.799,18272.430,17971.971,17665.381,17353.544,17037.264,16717.271,16394.224,16068.712,15741.258,15412.327,15082.325,14751.609,14420.486,14089.223,13758.045,13427.148,13096.693,12766.818,12437.638,12109.247,11781.727,11455.143,11129.553,10805.006,10481.546,10159.215,9838.055,9518.106,9199.413,8882.027,8566.001,8251.395,7938.279,7626.729,7316.826,7008.660,6702.329,6397.931,6095.569,5795.343,5497.350,5201.680,4908.411,4617.604,4329.303,4043.530,3760.281,3479.527,3201.212,2925.253,2651.541,2379.944,2110.307,1842.456,1576.200,1311.335,1047.643,784.900,522.871,261.318,0.000
0.000,2638.161,5212.995,7667.398,9955.172,12043.400,13912.651,15555.676,16975.290,18181.966,19191.458,20022.646,20695.708,21230.719,21646.669,21960.869,22188.676,22343.426,22436.523,22477.601,22474.721,22434.582,22362.716,22263.665,22141.143,21998.170,21837.189,21660.167,21468.677,21263.973,21047.049,20818.690,20579.518,20330.027,20070.618,19801.622,19523.326,19235.990,18939.867,18635.209,18322.286,18001.386,17672.826,17336.954,16994.155,16644.845,16289.476,15928.532,15562.527,15191.999,14817.507,14439.627,14058.943,13676.045,13291.521,12905.951,12519.901,12133.919,11748.530,11364.232,10981.488,10600.728,10222.344,9846.685,9474.061,9104.735,8738.929,8376.817,8018.530,7664.153,7313.727,6967.245,6624.658,6285.871,5950.741,5619.079,5290.646,4965.150,4642.244,4321.515,4002.481,3684.579,3367.149,3049.421,2730.495,2409.320,2084.684,1755.223,1419.490,1076.151,724.413,364.782,0.000,732.812,1465.680,2198.548,2931.131,3662.802,4392.465,5118.433,5838.307,6548.878,7246.051,7924.832,8579.395,9203.246,9789.506,10331.288,10822.129,11256.395,11629.582,11938.438,12180.917,12356.002,12463.470,12503.679,12477.434,12385.955,12230.956,12014.800,11740.684,11412.778,11036.251,10617.148,10162.124,9678.076,9171.771,8649.517,8116.927,7578.783,7038.995,6500.621,5965.939,5436.539,4913.425,4397.116,3887.734,3385.091,2888.752,2398.093,1912.345,1430.636,952.016,475.482,0.000,1254.211,2480.235,3660.991,4789.944,5866.869,6894.366,7875.840,8814.547,9713.230,10574.036,11398.556,12187.907,12942.820,13663.719,14350.798,15004.084,15623.482,16208.824,16759.906,17276.515,17758.457,18205.573,18617.763,18994.995,19337.316,19644.863,19917.866,20156.658,20361.673,20533.448,20672.626,20779.951,20856.265,20902.508,20919.702,20908.955,20871.444,20808.410,20721.141,20610.969,20479.251,20327.360,20156.671,19968.551,19764.347,19545.377,19312.917,19068.199,18812.400,18546.636,18271.962,17989.365,17699.765,17404.015,17102.898,16797.133,16487.372,16174.206,15858.170,15539.739,15219.341,14897.353,14574.109,14249.904,13924.996,13599.610,13273.942,12948.164,12622.425,12296.855,11971.566,11646.660,11322.225,10998.343,10675.087,10352.528,10030.734,9709.772,9389.708,9070.614,8752.562,8435.628,8119.894,7805.445,7492.372,7180.770,6870.736,6562.368,6255.765,5951.024,5648.235,5347.481,5048.833,4752.348,4458.065,4166.006,3876.169,3588.530,3303.041,3019.633,2738.211,2458.662,2180.851,1904.625,1629.819,1356.251,1083.729,812.053,541.016,270.403,0.000
0.000,2343.473,4638.241,6839.673,8910.449,10822.476,12557.448,14106.309,15468.028,16648.007,17656.398,18506.484,19213.262,19792.288,20258.810,20627.185,20910.527,21120.546,21267.518,21360.332,21406.606,21412.804,21384.380,21325.906,21241.200,21133.431,21005.222,20858.735,20695.746,20517.711,20325.822,20121.056,19904.214,19675.959,19436.848,19187.355,18927.897,18658.849,18380.564,18093.386,17797.656,17493.725,17181.960,16862.747,16536.495,16203.638,15864.635,15519.966,15170.136,14815.668,14457.098,14094.976,13729.856,13362.296,12992.849,12622.061,12250.464,11878.574,11506.883,11135.859,10765.940,10397.531,10031.004,9666.690,9304.886,8945.844,8589.779,8236.861,7887.220,7540.942,7198.072,6858.611,6522.517,6189.707,5860.050,5533.373,5209.453,4888.020,4568.749,4251.259,3935.105,3619.773,3304.672,2989.124,2672.362,2353.528,2031.687,1705.869,1375.162,1038.889,696.898,349.947,0.000,916.061,1832.402,2749.170,3666.230,4583.021,5498.395,6410.453,7316.372,8212.246,9092.964,9952.146,10782.196,11574.493,12319.780,13008.709,13632.511,14183.636,14656.222,15046.258,15351.460,15570.924,15704.714,15753.504,15718.353,15600.668,15402.348,15126.069,14775.624,14356.201,13874.489,13338.507,12757.187,12139.799,11495.371,10832.210,10157.588,9477.583,8797.057,8119.727,7448.282,6784.533,6129.558,5483.837,4847.377,4219.814,3600.498,2988.561,2382.972,1782.582,1186.157,592.406,0.000,1168.230,2318.657,3438.257,4519.735,5560.203,6559.432,7518.508,8438.987,9322.437,10170.228,10983.452,11762.916,12509.170,13222.549,13903.209,14551.178,15166.385,15748.698,16297.956,16813.988,17296.639,17745.788,18161.359,18543.338,18891.785,19206.832,19488.702,19737.704,19954.239,20138.802,20291.982,20414.459,20507.000,20570.460,20605.772,20613.941,20596.038,20553.190,20486.572,20397.393,20286.893,20156.323,20006.944,19840.009,19656.757,19458.404,19246.133,19021.091,18784.375,18537.038,18280.073,18014.421,17740.962,17460.516,17173.846,16881.654,16584.587,16283.235,15978.136,15669.778,15358.602,15045.005,14729.342,14411.934,14093.064,13772.987,13451.929,13130.093,12807.658,12484.785,12161.620,11838.293,11514.924,11191.622,10868.489,10545.624,10223.118,9901.062,9579.546,9258.659,8938.490,8619.133,8300.681,7983.230,7666.879,7351.727,7037.875,6725.423,6414.469,6105.105,5797.421,5491.495,5187.395,4885.175,4584.873,4286.512,3990.093,3695.599,3402.991,3112.209,2823.175,2535.791,2249.939,1965.489,1682.295,1400.199,1119.030,838.613,558.762,279.288,0.000
0.000,2097.499,4156.842,6142.629,8024.505,9778.649,11388.404,12844.140,14142.567,15285.707,16279.720,17133.714,17858.661,18466.461,18969.208,19378.649,19705.823,19960.845,20152.805,20289.750,20378.717,20425.805,20436.257,20414.552,20364.498,20289.316,20191.722,20073.999,19938.060,19785.508,19617.684,19435.713,19240.541,19032.970,18813.686,18583.284,18342.290,18091.180,17830.395,17560.356,17281.470,16994.144,16698.789,16395.826,16085.689,15768.828,15445.708,15116.811,14782.634,14443.687,14100.490,13753.569,13403.455,13050.677,12695.760,12339.219,11981.559,11623.264,11264.800,10906.610,10549.106,10192.674,9837.665,9484.398,9133.155,8784.179,8437.678,8093.820,7752.732,7414.503,7079.182,6746.777,6417.255,6090.544,5766.528,5445.049,5125.907,4808.853,4493.592,4179.778,3867.011,3554.833,3242.728,2930.118,2616.370,2300.803,1982.719,1661.447,1336.433,1007.367,674.359,338.112,0.000,1099.028,2198.699,3299.501,4401.598,5504.655,6607.642,7708.614,8804.482,9890.771,10961.412,12008.594,13022.748,13992.752,14906.412,15751.258,16515.569,17189.417,17765.410,18238.913,18607.741,18871.518,19030.959,19087.271,19041.806,18896.016,18651.700,18311.506,17879.540,17361.914,16766.997,16105.205,15388.319,14628.563,13837.703,13026.365,12203.633,11376.903,10551.924,9732.946,8922.928,8123.754,7336.436,6561.297,5798.123,5046.291,4304.866,3572.681,2848.400,2130.563,1417.626,707.985,0.000,1100.082,2187.958,3253.713,4290.627,5294.885,6264.779,7199.921,8100.620,8967.488,9801.190,10602.327,11371.370,12108.651,12814.367,13488.600,14131.337,14742.500,15321.964,15869.583,16385.208,16868.707,17319.976,17738.956,18125.641,18480.091,18802.433,19092.873,19351.696,19579.269,19776.045,19942.559,20079.430,20187.356,20267.112,20319.546,20345.570,20346.158,20322.332,20275.160,20205.746,20115.218,20004.719,19875.403,19728.420,19564.910,19385.996,19192.775,18986.312,18767.635,18537.731,18297.540,18047.955,17789.816,17523.914,17250.988,16971.725,16686.760,16396.683,16102.033,15803.304,15500.951,15195.384,14886.980,14576.078,14262.987,13947.987,13631.332,13313.250,12993.951,12673.624,12352.443,12030.566,11708.143,11385.309,11062.192,10738.916,10415.597,10092.347,9769.275,9446.492,9124.102,8802.214,8480.933,8160.367,7840.623,7521.806,7204.021,6887.372,6571.955,6257.867,5945.192,5634.010,5324.386,5016.375,4710.016,4405.333,4102.334,3801.006,3501.319,3203.226,2906.659,2611.537,2317.760,2025.215,1733.774,1443.299,1153.643,864.650,576.157,287.997,0.000
0.000,1889.693,3749.017,5549.523,7266.326,8879.252,10373.429,11739.338,12972.457,14072.607,15043.139,15890.081,16621.304,17245.790,17773.021,18212.498,18573.398,18864.340,19093.249,19267.292,19392.862,19475.603,19520.459,19531.722,19513.104,19467.800,19398.545,19307.677,19197.190,19068.784,18923.905,18763.788,18589.490,18401.922,18201.873,17990.038,17767.036,17533.426,17289.724,17036.418,16773.971,16502.841,16223.477,15936.331,15641.860,15340.529,15032.811,14719.189,14400.156,14076.210,13747.858,13415.607,13079.968,12741.446,12400.540,12057.742,11713.528,11368.361,11022.680,10676.905,10331.428,9986.617,9642.806,9300.298,8959.366,8620.245,8283.136,7948.203,7615.574,7285.339,6957.553,6632.229,6309.346,5988.843,5670.618,5354.533,5040.408,4728.021,4417.108,4107.362,3798.430,3489.916,3181.376,2872.330,2562.267,2250.658,1936.990,1620.811,1301.790,979.812,655.071,328.146,0.000,1281.351,2563.866,3848.537,5136.006,6426.361,7718.904,9011.880,10302.169,11584.943,12853.321,14098.069,15307.452,16467.356,17561.859,18574.341,19489.092,20293.054,20977.089,21536.244,21969.073,22276.449,22460.332,22522.814,22465.586,22289.889,21996.931,21588.716,21069.117,20444.916,19726.381,18926.997,18062.321,17148.431,16200.514,15231.914,14253.675,13274.473,12300.789,11337.206,10386.732,9451.119,8531.135,7626.791,6737.528,5862.362,4999.993,4148.897,3307.383,2473.646,1645.800,821.908,0.000,1044.170,2079.432,3098.081,4094.268,5064.039,6005.010,6915.924,7796.253,8645.888,9464.922,10253.516,11011.825,11739.953,12437.943,13105.776,13743.380,14350.639,14927.416,15473.560,15988.928,16473.392,16926.856,17349.264,17740.612,18100.950,18430.396,18729.134,18997.424,19235.597,19444.062,19623.304,19773.882,19896.428,19991.645,20060.298,20103.216,20121.279,20115.417,20086.600,20035.830,19964.137,19872.565,19762.168,19634.003,19489.118,19328.552,19153.319,18964.413,18762.793,18549.385,18325.079,18090.721,17847.114,17595.019,17335.150,17068.179,16794.730,16515.385,16230.686,15941.133,15647.187,15349.273,15047.782,14743.074,14435.477,14125.296,13812.806,13498.264,13181.903,12863.940,12544.575,12223.994,11902.369,11579.864,11256.632,10932.817,10608.560,10283.993,9959.247,9634.446,9309.716,8985.176,8660.946,8337.144,8013.885,7691.282,7369.447,7048.485,6728.497,6409.580,6091.821,5775.298,5460.079,5146.220,4833.763,4522.735,4213.149,3904.998,3598.264,3292.907,2988.873,2686.095,2384.488,2083.954,1784.386,1485.664,1187.658,890.234,593.247,296.553,0.000
0.000,1712.267,3400.029,5040.149,6612.060,8098.649,9486.771,10767.384,11935.384,12989.198,13930.233,14762.257,15490.780,16122.481,16664.702,17125.046,17511.059,17830.004,18088.703,18293.457,18449.992,18563.454,18638.424,18678.949,18688.582,18670.424,18627.175,18561.175,18474.448,18368.746,18245.583,18106.267,17951.936,17783.583,17602.080,17408.199,17202.632,16986.008,16758.906,16521.868,16275.409,16020.025,15756.201,15484.417,15205.149,14918.875,14626.077,14327.238,14022.848,13713.398,13399.381,13081.290,12759.618,12434.849,12107.463,11777.927,11446.698,11114.213,10780.892,10447.136,10113.318,9779.787,9446.864,9114.842,8783.980,8454.507,8126.619,7800.478,7476.212,7153.913,6833.639,6515.414,6199.224,5885.021,5572.720,5262.202,4953.307,4645.844,4339.579,4034.246,3729.539,3425.119,3120.618,2815.640,2509.779,2202.632,1893.826,1583.058,1270.137,955.045,637.983,319.407,0.000,1462.512,2926.877,4394.776,5867.529,7345.880,8829.733,10317.833,11807.372,13293.513,14768.859,16222.911,17641.634,19007.362,20299.327,21495.156,22573.403,23516.619,24313.648,24959.901,25455.858,25804.872,26011.108,26078.068,26007.836,25801.022,25457.419,24977.309,24363.296,23622.254,22766.614,21814.080,20785.538,19702.327,18584.007,17447.101,16304.680,15166.525,14039.555,12928.355,11835.674,10762.857,9710.195,8677.205,7662.837,6665.634,5683.849,4715.531,3758.590,2810.836,1870.019,933.846,0.000,997.196,1987.570,2964.982,3924.415,4862.105,5775.426,6662.660,7522.750,8355.078,9159.299,9935.216,10682.702,11401.652,12091.954,12753.478,13386.077,13989.589,14563.844,15108.675,15623.928,16109.470,16565.200,16991.057,17387.028,17753.154,18089.532,18396.325,18673.762,18922.139,19141.821,19333.244,19496.909,19633.386,19743.307,19827.364,19886.303,19920.923,19932.064,19920.607,19887.463,19833.567,19759.874,19667.348,19556.958,19429.669,19286.439,19128.209,18955.902,18770.416,18572.621,18363.355,18143.422,17913.590,17674.588,17427.108,17171.802,16909.285,16640.132,16364.883,16084.041,15798.074,15507.418,15212.478,14913.629,14611.220,14305.573,13996.988,13685.743,13372.097,13056.290,12738.547,12419.078,12098.081,11775.742,11452.237,11127.734,10802.394,10476.369,10149.808,9822.855,9495.648,9168.324,8841.013,8513.844,8186.943,7860.429,7534.421,7209.029,6884.358,6560.508,6237.568,5915.620,5594.733,5274.967,4956.366,4638.964,4322.777,4007.808,3694.044,3381.459,3070.009,2759.640,2450.281,2141.850,1834.256,1527.395,1221.158,915.425,610.074,304.975,0.000
0.000,1559.360,3098.703,4599.011,6043.150,7416.559,8707.673,9908.103,11012.566,12018.645,12926.421,13738.025,14457.181,15088.760,15638.377,16112.050,16515.922,16856.050,17138.250,17367.996,17550.356,17689.963,17791.008,17857.250,17892.036,17898.333,17878.756,17835.604,17770.893,17686.387,17583.633,17463.985,17328.634,17178.630,17014.903,16838.287,16649.530,16449.316,16238.275,16016.993,15786.027,15545.907,15297.146,15040.248,14775.705,14504.008,14225.645,13941.101,13650.862,13355.413,13055.237,12750.815,12442.621,12131.126,11816.788,11500.058,11181.370,10861.145,10539.784,10217.667,9895.154,9572.579,9250.249,8928.446,8607.420,8287.395,7968.562,7651.080,7335.077,7020.649,6707.859,6396.738,6087.283,5779.457,5473.194,5168.391,4864.915,4562.598,4261.242,3960.617,3660.465,3360.502,3060.424,2759.913,2458.648,2156.326,1852.678,1547.502,1240.690,932.270,622.424,311.503,0.000,1641.819,3286.354,4936.161,6593.455,8259.896,9936.314,11622.348,13315.972,15012.877,16705.693,18383.081,20028.812,21621.130,23132.932,24533.552,25792.747,26886.369,27800.985,28533.853,29089.587,29476.074,29701.158,29770.516,29686.667,29448.945,29054.414,28499.805,27784.505,26914.191,25903.741,24777.170,23563.426,22291.331,20986.088,19667.803,18351.421,17047.390,15762.550,14500.986,13264.754,12054.439,10869.583,9708.997,8570.981,7453.488,6354.237,5270.790,4200.609,3141.091,2089.595,1043.457,0.000,957.074,1908.724,2849.932,3776.395,4684.652,5572.061,6436.692,7277.177,8092.563,8882.187,9645.573,10382.361,11092.263,11775.022,12430.402,13058.178,13658.128,14230.045,14773.734,15289.021,15775.757,16233.829,16663.164,17063.735,17435.562,17778.725,18093.358,18379.660,18637.888,18868.366,19071.479,19247.674,19397.462,19521.406,19620.130,19694.305,19744.650,19771.924,19776.924,19760.477,19723.434,19666.663,19591.047,19497.473,19386.829,19259.999,19117.854,18961.253,18791.036,18608.018,18412.992,18206.720,17989.933,17763.334,17527.590,17283.336,17031.174,16771.673,16505.370,16232.768,15954.342,15670.536,15381.767,15088.425,14790.874,14489.457,14184.492,13876.280,13565.100,13251.216,12934.876,12616.313,12295.748,11973.388,11649.432,11324.070,10997.480,10669.837,10341.307,10012.048,9682.217,9351.961,9021.426,8690.751,8360.071,8029.515,7699.206,7369.262,7039.794,6710.903,6382.686,6055.224,5728.594,5402.857,5078.063,4754.250,4431.441,4109.648,3788.864,3469.074,3150.246,2832.336,2515.287,2199.034,1883.497,1568.590,1254.219,940.283,626.675,313.285,0.000
0.000,1426.481,2836.434,4214.071,5545.010,6816.807,8019.314,9144.850,10188.200,11146.476,12018.869,12806.336,13511.261,14137.111,14688.114,15168.980,15584.663,15940.166,16240.401,16490.078,16693.638,16855.206,16978.574,17067.191,17124.172,17152.314,17154.116,17131.802,17087.345,17022.496,16938.801,16837.636,16720.220,16587.637,16440.859,16280.761,16108.134,15923.704,15728.138,15522.061,15306.058,15080.690,14846.492,14603.987,14353.680,14096.074,13831.660,13560.925,13284.352,13002.420,12715.605,12424.373,12129.188,11830.504,11528.764,11224.401,10917.833,10609.462,10299.675,9988.837,9677.291,9365.358,9053.337,8741.496,8430.080,8119.306,7809.362,7500.405,7192.564,6885.938,6580.595,6276.573,5973.881,5672.495,5372.363,5073.402,4775.503,4478.523,4182.296,3886.630,3591.309,3296.100,3000.754,2705.019,2408.646,2111.408,1813.112,1513.623,1212.886,910.944,607.955,304.187,0.000,1818.410,3640.560,5470.060,7310.235,9163.936,11033.279,12919.272,14821.291,16736.330,18657.954,20574.907,22469.405,24315.414,26077.719,27713.375,29177.665,30435.125,31470.069,32284.939,32892.562,33308.680,33546.933,33616.170,33519.370,33253.676,32811.488,32182.993,31360.729,30346.262,29156.990,27827.433,26399.665,24913.482,23401.212,21886.603,20385.811,18909.065,17462.268,16048.286,14667.916,13320.561,12004.702,10718.218,9458.601,8223.100,7008.821,5812.784,4631.965,3463.324,2303.813,1150.386,0.000,922.407,1840.369,2749.699,3646.675,4528.159,5391.607,6235.022,7056.875,7856.003,8631.523,9382.754,10109.155,10810.281,11485.752,12135.233,12758.420,13355.037,13924.828,14467.565,14983.048,15471.109,15931.613,16364.470,16769.631,17147.099,17496.924,17819.215,18114.135,18381.906,18622.806,18837.174,19025.405,19187.948,19325.307,19438.036,19526.738,19592.058,19634.678,19655.319,19654.727,19633.675,19592.953,19533.366,19455.727,19360.851,19249.552,19122.639,18980.910,18825.149,18656.122,18474.576,18281.233,18076.794,17861.930,17637.288,17403.484,17161.109,16910.723,16652.858,16388.020,16116.688,15839.312,15556.320,15268.115,14975.076,14677.563,14375.914,14070.446,13761.462,13449.246,13134.067,12816.181,12495.828,12173.239,11848.633,11522.219,11194.197,10864.757,10534.083,10202.352,9869.733,9536.388,9202.475,8868.145,8533.541,8198.803,7864.060,7529.438,7195.052,6861.011,6527.413,6194.347,5861.893,5530.117,5199.074,4868.808,4539.350,4210.717,3882.913,3555.930,3229.748,2904.334,2579.645,2255.626,1932.214,1609.336,1286.914,964.861,643.088,321.500,0.000
0.000,1310.142,2606.504,3875.859,5106.048,6286.391,7407.982,8463.847,9448.981,10360.270,11196.329,11957.285,12644.522,13260.421,13808.109,14291.224,14713.720,15079.696,15393.261,15658.436,15879.077,16058.824,16201.072,16308.955,16385.340,16432.835,16453.799,16450.355,16424.409,16377.671,16311.669,16227.772,16127.209,16011.080,15880.381,15736.012,15578.795,15409.483,15228.773,15037.314,14835.719,14624.567,14404.414,14175.793,13939.226,13695.218,13444.265,13186.856,12923.470,12654.581,12380.655,12102.152,11819.520,11533.201,11243.624,10951.206,10656.352,10359.449,10060.868,9760.959,9460.055,9158.464,8856.475,8554.348,8252.320,7950.605,7649.385,7348.818,7049.035,6750.135,6452.194,6155.258,5859.344,5564.443,5270.517,4977.503,4685.312,4393.828,4102.915,3812.415,3522.151,3231.932,2941.563,2650.843,2359.582,2067.611,1774.791,1481.036,1186.319,890.691,594.280,297.294,0.000,1991.260,3987.417,5993.284,8013.488,10052.335,12113.594,14200.170,16313.590,18453.198,20614.888,22789.189,24958.486,27093.403,29149.156,31064.564,32769.414,34206.396,35359.229,36243.271,36887.043,37319.152,37561.725,37627.861,37520.968,37234.903,36754.869,36059.951,35129.156,33953.138,32550.525,30975.906,29294.321,27561.720,25818.676,24091.584,22396.154,20740.793,19129.170,17561.974,16038.063,14555.187,13110.447,11700.573,10322.104,8971.492,7645.164,6339.559,5051.145,3776.428,2511.948,1254.275,0.000,892.215,1780.700,2661.890,3532.541,4389.816,5231.317,6055.067,6859.469,7643.242,8405.360,9144.996,9861.472,10554.221,11222.758,11866.661,12485.556,13079.109,13647.019,14189.023,14704.889,15194.422,15657.467,16093.909,16503.675,16886.744,17243.139,17572.939,17876.271,18153.317,18404.316,18629.558,18829.385,19004.191,19154.421,19280.566,19383.161,19462.781,19520.039,19555.581,19570.082,19564.238,19538.769,19494.406,19431.892,19351.975,19255.406,19142.933,19015.297,18873.229,18717.450,18548.662,18367.554,18174.791,17971.019,17756.861,17532.919,17299.769,17057.963,16808.030,16550.476,16285.782,16014.406,15736.785,15453.332,15164.442,14870.490,14571.830,14268.799,13961.719,13650.893,13336.612,13019.150,12698.771,12375.724,12050.248,11722.572,11392.913,11061.481,10728.475,10394.088,10058.504,9721.900,9384.444,9046.298,8707.618,8368.550,8029.233,7689.800,7350.372,7011.064,6671.979,6333.213,5994.850,5656.961,5319.608,4982.841,4646.697,4311.200,3976.365,3642.191,3308.668,2975.775,2643.480,2311.740,1980.504,1649.715,1319.307,989.210,659.346,329.636,0.000
0.000,1207.596,2403.601,3576.843,4716.971,5814.776,6862.432,7853.640,8783.681,9649.375,10448.984,11182.053,11849.228,12452.059,12992.800,13474.219,13899.438,14271.783,14594.666,14871.491,15105.580,15300.118,15458.119,15582.407,15675.595,15740.091,15778.099,15791.624,15782.487,15752.337,15702.663,15634.812,15550.003,15449.339,15333.822,15204.365,15061.807,14906.920,14740.417,14562.969,14375.203,14177.715,13971.072,13755.819,13532.484,13301.579,13063.600,12819.036,12568.363,12312.051,12050.556,11784.328,11513.807,11239.421,10961.587,10680.710,10397.180,10111.370,9823.639,9534.325,9243.749,8952.210,8659.985,8367.329,8074.474,7781.627,7488.969,7196.657,6904.821,6613.569,6322.978,6033.102,5743.969,5455.582,5167.918,4880.933,4594.556,4308.698,4023.249,3738.081,3453.054,3168.017,2882.813,2597.290,2311.302,2024.724,1737.460,1449.455,1160.700,871.244,581.195,290.713,0.000,2159.215,4324.565,6502.169,8698.098,10918.323,13168.593,15454.223,17779.703,20147.984,22559.211,25008.476,27481.947,29950.555,32360.938,34626.312,36629.032,38261.815,39517.180,40441.872,41093.187,41519.161,41752.952,41812.582,41701.738,41410.097,40913.134,40172.786,39142.805,37786.610,36116.067,34231.346,32239.994,30220.401,28220.189,26264.904,24366.430,22528.784,20751.644,19032.377,17367.175,15751.679,14181.325,12651.523,11157.752,9695.600,8260.784,6849.142,5456.628,4079.296,2713.277,1354.767,0.000,865.785,1728.376,2584.693,3431.876,4267.361,5088.911,5894.614,6682.866,7452.329,8201.892,8930.630,9637.767,10322.642,10984.686,11623.404,12238.359,12829.164,13395.477,13936.995,14453.455,14944.634,15410.350,15850.462,16264.874,16653.534,17016.438,17353.630,17665.205,17951.305,18212.126,18447.910,18658.952,18845.590,19008.211,19147.247,19263.169,19356.488,19427.748,19477.527,19506.430,19515.086,19504.144,19474.269,19426.139,19360.438,19277.857,19179.087,19064.816,18935.727,18792.495,18635.784,18466.244,18284.513,18091.210,17886.939,17672.281,17447.802,17214.047,16971.541,16720.787,16462.270,16196.455,15923.785,15644.686,15359.565,15068.813,14772.798,14471.877,14166.388,13856.656,13542.988,13225.680,12905.014,12581.260,12254.676,11925.507,11593.991,11260.354,10924.811,10587.571,10248.832,9908.785,9567.609,9225.479,8882.560,8539.007,8194.969,7850.584,7505.983,7161.286,6816.604,6472.036,6127.672,5783.591,5439.861,5096.536,4753.662,4411.271,4069.383,3728.009,3387.148,3046.788,2706.909,2367.478,2028.458,1689.804,1351.462,1013.374,675.479,337.710,0.000
0.000,1116.656,2223.482,3310.972,4370.257,5393.358,6373.386,7304.668,8182.802,9004.650,9768.270,10472.813,11118.387,11705.906,12236.937,12713.548,13138.171,13513.481,13842.287,14127.448,14371.805,14578.127,14749.069,14887.151,14994.742,15074.042,15127.094,15155.773,15161.802,15146.755,15112.068,15059.050,14988.897,14902.700,14801.454,14686.076,14557.409,14416.233,14263.274,14099.210,13924.680,13740.289,13546.612,13344.202,13133.590,12915.289,12689.798,12457.602,12219.175,11974.978,11725.463,11471.071,11212.230,10949.358,10682.862,10413.133,10140.548,9865.471,9588.247,9309.204,9028.653,8746.883,8464.163,8180.743,7896.848,7612.681,7328.422,7044.227,6760.229,6476.537,6193.236,5910.385,5628.023,5346.164,5064.802,4783.905,4503.425,4223.295,3943.428,3663.726,3384.078,3104.368,2824.476,2544.283,2263.684,1982.586,1700.926,1418.667,1135.815,852.416,568.557,284.367,0.000,2321.035,4649.460,6992.728,9358.414,11754.266,14188.231,16668.427,19203.014,21799.824,24465.496,27203.558,30010.272,32865.933,35717.730,38450.713,40858.586,42694.652,44005.805,44913.851,45524.672,45911.354,46118.342,46167.778,46063.306,45790.614,45314.785,44575.254,43482.668,41934.431,39895.787,37593.416,35213.907,32859.701,30576.774,28381.413,26275.877,24256.268,22316.245,20448.716,18646.580,16903.029,15211.651,13566.443,11961.779,10392.373,8853.229,7339.597,5846.931,4370.850,2907.098,1451.514,0.000,842.580,1682.381,2516.702,3343.001,4158.956,4962.486,5751.769,6525.227,7281.510,8019.462,8738.099,9436.577,10114.165,10770.230,11404.218,12015.638,12604.057,13169.092,13710.403,14227.697,14720.721,15189.265,15633.161,16052.284,16446.554,16815.937,17160.444,17480.132,17775.106,18045.518,18291.565,18513.492,18711.588,18886.182,19037.649,19166.399,19272.881,19357.575,19420.995,19463.681,19486.196,19489.123,19473.067,19438.642,19386.473,19317.195,19231.445,19129.861,19013.080,18881.735,18736.451,18577.847,18406.530,18223.096,18028.126,17822.189,17605.837,17379.608,17144.021,16899.581,16646.774,16386.071,16117.923,15842.767,15561.022,15273.091,14979.362,14680.204,14375.976,14067.019,13753.661,13436.215,13114.984,12790.255,12462.304,12131.396,11797.785,11461.713,11123.414,10783.109,10441.012,10097.325,9752.241,9405.947,9058.616,8710.415,8361.500,8012.018,7662.106,7311.893,6961.494,6611.017,6260.556,5910.198,5560.015,5210.069,4860.414,4511.087,4162.118,3813.526,3465.318,3117.493,2770.039,2422.937,2076.159,1729.672,1383.433,1037.397,691.516,345.735,0.000
0.000,1035.559,2062.721,3073.340,4059.768,5015.062,5933.145,6808.910,7638.287,8418.238,9146.727,9822.646,10445.712,11016.361,11535.621,12005.000,12426.362,12801.835,13133.711,13424.377,13676.243,13891.697,14073.066,14222.586,14342.380,14434.453,14500.677,14542.795,14562.421,14561.046,14540.041,14500.667,14444.084,14371.359,14283.474,14181.336,14065.783,13937.597,13797.505,13646.189,13484.292,13312.424,13131.164,12941.066,12742.664,12536.469,12322.980,12102.679,11876.034,11643.502,11405.526,11162.538,10914.958,10663.194,10407.640,10148.678,9886.674,9621.980,9354.931,9085.846,8815.025,8542.750,8269.283,7994.867,7719.723,7444.050,7168.028,6891.812,6615.537,6339.314,6063.234,5787.364,5511.751,5236.421,4961.380,4686.614,4412.091,4137.764,3863.570,3589.435,3315.276,3041.005,2766.530,2491.767,2216.637,1941.077,1665.043,1388.518,1111.513,834.071,556.267,278.203,0.000,2475.465,4959.512,7460.868,9988.563,12552.098,15161.638,17828.241,20564.103,23382.801,26299.392,29329.989,32489.648,35785.176,39193.334,42600.226,45659.948,47652.401,48897.537,49683.056,50180.297,50483.242,50641.284,50676.881,50593.095,50374.269,49980.139,49330.777,48278.182,46572.659,43939.235,41032.624,38162.517,35427.724,32845.794,30408.098,28099.397,25904.165,23808.352,21799.663,19867.400,18002.205,16195.808,14440.818,12730.549,11058.884,9420.162,7809.086,6220.650,4650.074,3092.750,1544.193,0.000,822.184,1641.918,2456.805,3264.567,4063.089,4850.443,5624.902,6384.940,7129.217,7856.564,8565.964,9256.529,9927.483,10578.144,11207.910,11816.247,12402.681,12966.793,13508.210,14026.608,14521.704,14993.260,15441.080,15865.010,16264.942,16640.807,16992.585,17320.295,17624.005,17903.823,18159.903,18392.440,18601.673,18787.880,18951.377,19092.517,19211.691,19309.318,19385.849,19441.762,19477.559,19493.763,19490.917,19469.577,19430.314,19373.708,19300.345,19210.816,19105.714,18985.633,18851.163,18702.889,18541.393,18367.245,18181.011,17983.241,17774.479,17555.253,17326.081,17087.466,16839.898,16583.850,16319.785,16048.147,15769.370,15483.868,15192.045,14894.288,14590.972,14282.455,13969.083,13651.190,13329.095,13003.103,12673.510,12340.598,12004.638,11665.888,11324.596,10981.000,10635.327,10287.793,9938.603,9587.953,9236.029,8883.007,8529.051,8174.318,7818.952,7463.088,7106.849,6750.348,6393.687,6036.958,5680.242,5323.606,4967.109,4610.798,4254.711,3898.872,3543.300,3188.000,2832.972,2478.206,2123.684,1769.382,1415.272,1061.318,707.483,353.724,0.000
0.000,962.874,1918.525,2859.928,3780.454,4674.030,5535.279,6359.611,7143.274,7883.373,8577.851,9225.435,9825.568,10378.325,10884.319,11344.605,11760.589,12133.939,12466.510,12760.275,13017.268,13239.538,13429.106,13587.943,13717.947,13820.924,13898.584,13952.532,13984.273,13995.203,13986.624,13959.738,13915.664,13855.434,13780.007,13690.272,13587.057,13471.136,13343.231,13204.023,13054.153,12894.230,12724.834,12546.517,12359.811,12165.227,11963.259,11754.383,11539.065,11317.752,11090.882,10858.877,10622.148,10381.094,10136.099,9887.535,9635.757,9381.107,9123.912,8864.479,8603.103,8340.056,8075.595,7809.957,7543.358,7275.996,7008.049,6739.671,6471.000,6202.149,5933.215,5664.272,5395.375,5126.561,4857.848,4589.235,4320.709,4052.238,3783.782,3515.289,3246.698,2977.946,2708.967,2439.702,2170.095,1900.105,1629.706,1358.893,1087.682,816.114,544.253,272.182,0.000,2621.313,5252.254,7902.670,10582.874,13303.924,16077.983,18918.795,21842.357,24867.886,28019.282,31327.359,34833.156,38591.788,42670.205,47096.907,51528.580,53357.467,54248.886,54740.540,55030.217,55200.033,55286.671,55305.369,55257.923,55133.229,54900.725,54489.532,53726.625,52138.788,48255.869,44435.328,40975.814,37842.883,34970.581,32305.787,29809.448,27452.645,25213.335,23074.183,21021.153,19042.584,17128.559,15270.472,13460.716,11692.453,9959.449,8255.936,6576.510,4916.047,3269.634,1632.507,0.000,804.269,1606.354,2404.106,3195.469,3978.506,4751.431,5512.614,6260.590,6994.049,7711.829,8412.899,9096.348,9761.370,10407.248,11033.343,11639.089,12223.977,12787.555,13329.421,13849.221,14346.644,14821.425,15273.338,15702.202,16107.876,16490.262,16849.303,17184.985,17497.334,17786.419,18052.348,18295.271,18515.376,18712.889,18888.073,19041.228,19172.682,19282.801,19371.974,19440.622,19489.186,19518.133,19527.947,19519.130,19492.199,19447.683,19386.121,19308.058,19214.047,19104.644,18980.404,18841.883,18689.637,18524.215,18346.163,18156.020,17954.318,17741.578,17518.316,17285.035,17042.226,16790.370,16529.937,16261.382,15985.150,15701.670,15411.360,15114.623,14811.851,14503.420,14189.695,13871.025,13547.749,13220.191,12888.663,12553.465,12214.883,11873.194,11528.660,11181.534,10832.055,10480.453,10126.945,9771.739,9415.031,9057.006,8697.839,8337.693,7976.721,7615.064,7252.853,6890.208,6527.238,6164.041,5800.702,5437.298,5073.893,4710.542,4347.290,3984.169,3621.204,3258.412,2895.799,2533.365,2171.101,1808.995,1447.027,1085.172,723.403,361.690,0.000
0.000,897.426,1788.600,2667.428,3528.131,4365.376,5174.392,5951.049,6691.902,7394.219,8055.966,8675.780,9252.913,9787.175,10278.856,10728.654,11137.598,11506.979,11838.279,12133.117,12393.199,12620.266,12816.070,12982.336,13120.748,13232.927,13320.422,13384.706,13427.167,13449.109,13451.756,13436.248,13403.653,13354.964,13291.109,13212.953,13121.308,13016.931,12900.536,12772.796,12634.347,12485.792,12327.708,12160.642,11985.122,11801.655,11610.730,11412.818,11208.375,10997.845,10781.655,10560.221,10333.945,10103.214,9868.405,9629.878,9387.982,9143.047,8895.392,8645.316,8393.105,8139.026,7883.330,7626.247,7367.990,7108.757,6848.721,6588.039,6326.850,6065.270,5803.401,5541.322,5279.098,5016.773,4754.378,4491.926,4229.417,3966.837,3704.163,3441.361,3178.393,2915.216,2651.785,2388.062,2124.010,1859.607,1594.839,1329.711,1064.243,798.475,532.463,266.277,0.000,2757.534,5525.520,8314.685,11136.340,14002.742,16927.573,19926.599,23018.643,26227.105,29582.491,33127.008,36923.829,41078.617,45798.792,51588.616,60000.000,60000.000,60000.000,60000.000,60000.000,60000.000,60000.000,60000.000,60000.000,60000.000,60000.000,60000.000,60000.000,60000.000,52510.126,47477.005,43462.529,39997.413,36887.860,34035.020,31379.965,28883.633,26518.161,24262.580,22100.446,20018.420,18005.373,16051.796,14149.388,12290.764,10469.246,8678.699,6913.406,5167.970,3437.232,1716.202,0.000,788.571,1575.175,2357.872,3134.790,3904.151,4664.296,5413.690,6150.934,6874.759,7584.020,8277.691,8954.851,9614.677,10256.427,10879.440,11483.120,12066.932,12630.396,13173.084,13694.613,14194.647,14672.893,15129.098,15563.052,15974.582,16363.561,16729.895,17073.536,17394.470,17692.726,17968.369,18221.501,18452.263,18660.832,18847.418,19012.264,19155.648,19277.876,19379.283,19460.231,19521.106,19562.318,19584.298,19587.494,19572.372,19539.414,19489.111,19421.968,19338.497,19239.218,19124.655,18995.336,18851.792,18694.552,18524.144,18341.096,18145.930,17939.162,17721.305,17492.862,17254.330,17006.195,16748.933,16483.013,16208.891,15927.010,15637.802,15341.689,15039.076,14730.360,14415.921,14096.128,13771.337,13441.890,13108.117,12770.334,12428.845,12083.940,11735.899,11384.988,11031.460,10675.558,10317.511,9957.538,9595.845,9232.627,8868.067,8502.339,8135.601,7768.003,7399.684,7030.768,6661.372,6291.600,5921.545,5551.288,5180.902,4810.447,4439.975,4069.526,3699.134,3328.821,2958.603,2588.488,2218.477,1848.565,1478.741,1108.993,739.301,369.644,0.000
0.000,838.244,1671.046,2493.088,3299.307,4085.002,4845.927,5578.361,6279.148,6945.723,7576.113,8168.911,8723.246,9238.730,9715.409,10153.697,10554.321,10918.256,11246.675,11540.892,11802.324,12032.448,12232.768,12404.788,12549.993,12669.830,12765.697,12838.932,12890.815,12922.552,12935.288,12930.097,12907.992,12869.921,12816.776,12749.394,12668.562,12575.019,12469.464,12352.559,12224.929,12087.170,11939.848,11783.508,11618.669,11445.831,11265.477,11078.071,10884.062,10683.885,10477.960,10266.693,10050.478,9829.694,9604.706,9375.868,9143.517,8907.978,8669.557,8428.550,8185.232,7939.867,7692.697,7443.950,7193.837,6942.550,6690.263,6437.134,6183.301,5928.885,5673.992,5418.707,5163.101,4907.230,4651.131,4394.832,4138.345,3881.671,3624.803,3367.723,3110.412,2852.843,2594.991,2336.834,2078.353,1819.538,1560.387,1300.913,1041.140,781.106,520.863,260.471,0.000,2883.303,5777.606,8694.211,11645.059,14643.132,17702.969,20841.384,24078.512,27439.400,30956.570,34674.354,38656.536,43000.057,47857.730,53458.764,60000.000,60000.000,60000.000,60000.000,60000.000,60000.000,60000.000,60000.000,60000.000,60000.000,60000.000,60000.000,60000.000,60000.000,54307.629,49500.039,45399.884,41796.381,38548.427,35566.469,32791.760,30183.762,27713.095,25357.532,23099.632,20925.276,18822.717,16781.952,14794.275,12851.969,10948.073,9076.209,7230.446,5405.195,3595.121,1795.069,0.000,774.871,1547.957,2317.492,3081.762,3839.129,4588.047,5327.074,6054.876,6770.229,7472.020,8159.232,8830.947,9486.334,10124.640,10745.185,11347.352,11930.586,12494.383,13038.291,13561.904,14064.860,14546.840,15007.564,15446.793,15864.327,16260.003,16633.696,16985.322,17314.829,17622.204,17907.469,18170.684,18411.940,18631.365,18829.119,19005.393,19160.410,19294.422,19407.710,19500.580,19573.365,19626.420,19660.124,19674.874,19671.088,19649.199,19609.658,19552.927,19479.481,19389.805,19284.395,19163.750,19028.380,18878.794,18715.506,18539.031,18349.883,18148.575,17935.618,17711.516,17476.770,17231.874,16977.314,16713.569,16441.107,16160.386,15871.855,15575.950,15273.096,14963.704,14648.174,14326.893,14000.235,13668.560,13332.214,12991.531,12646.831,12298.421,11946.594,11591.630,11233.798,10873.351,10510.532,10145.569,9778.681,9410.070,9039.930,8668.441,8295.772,7922.078,7547.504,7172.185,6796.240,6419.782,6042.908,5665.708,5288.260,4910.630,4532.876,4155.048,3777.183,3399.314,3021.463,2643.645,2265.869,1888.140,1510.456,1132.810,755.194,377.595,0.000
0.000,784.519,1564.275,2334.604,3091.050,3829.450,4546.017,5237.391,5900.685,6533.504,7133.951,7700.615,8232.546,8729.217,9190.487,9616.549,10007.885,10365.211,10689.439,10981.628,11242.943,11474.627,11677.965,11854.261,12004.819,12130.923,12233.827,12314.746,12374.845,12415.241,12436.995,12441.115,12428.555,12400.215,12356.948,12299.557,12228.800,12145.396,12050.025,11943.331,11825.927,11698.396,11561.297,11415.163,11260.505,11097.816,10927.568,10750.218,10566.208,10375.964,10179.896,9978.402,9771.867,9560.660,9345.140,9125.649,8902.518,8676.060,8446.578,8214.357,7979.668,7742.766,7503.891,7263.265,7021.097,6777.575,6532.874,6287.151,6040.547,5793.185,5545.173,5296.604,5047.555,4798.088,4548.253,4298.086,4047.610,3796.842,3545.786,3294.441,3042.801,2790.857,2538.598,2286.016,2033.106,1779.870,1526.315,1272.461,1018.334,763.973,509.426,254.748,0.000,2998.073,6007.389,9039.493,12106.555,15221.759,18399.785,21657.456,25014.622,28495.413,32130.035,35957.302,40027.904,44407.347,49173.308,54388.711,60000.000,60000.000,60000.000,60000.000,60000.000,60000.000,60000.000,60000.000,60000.000,60000.000,60000.000,60000.000,60000.000,60000.000,55220.353,50815.636,46840.588,43239.798,39942.998,36890.670,34036.845,31346.561,28792.926,26354.820,24015.275,21760.334,19578.269,17459.019,15393.791,13374.764,11394.869,9447.619,7526.975,5627.244,3742.988,1868.953,0.000,762.987,1524.344,2282.451,3035.733,3782.672,4521.827,5251.840,5971.443,6679.463,7374.815,8056.507,8723.629,9375.350,10010.912,10629.622,11230.853,11814.029,12378.630,12924.182,13450.258,13956.473,14442.481,14907.980,15352.701,15776.415,16178.928,16560.084,16919.758,17257.865,17574.349,17869.193,18142.409,18394.045,18624.178,18832.919,19020.409,19186.818,19332.344,19457.215,19561.684,19646.031,19710.560,19755.597,19781.491,19788.613,19777.351,19748.114,19701.324,19637.421,19556.859,19460.102,19347.628,19219.923,19077.478,18920.796,18750.379,18566.737,18370.379,18161.813,17941.550,17710.094,17467.949,17215.608,16953.565,16682.300,16402.286,16113.989,15817.861,15514.345,15203.870,14886.855,14563.704,14234.809,13900.548,13561.286,13217.371,12869.142,12516.920,12161.013,11801.717,11439.311,11074.064,10706.228,10336.044,9963.739,9589.527,9213.610,8836.176,8457.400,8077.447,7696.469,7314.605,6931.982,6548.719,6164.920,5780.679,5396.080,5011.198,4626.095,4240.827,3855.439,3469.970,3084.448,2698.897,2313.333,1927.768,1542.206,1156.652,771.102,385.553,0.000
0.000,735.573,1466.955,2190.038,2900.881,3595.787,4271.363,4924.574,5552.778,6153.747,6725.673,7267.163,7777.224,8255.233,8700.910,9114.274,9495.610,9845.427,10164.415,10453.415,10713.380,10945.345,11150.404,11329.681,11484.314,11615.437,11724.172,11811.612,11878.820,11926.818,11956.588,11969.070,11965.158,11945.704,11911.514,11863.358,11801.963,11728.022,11642.191,11545.098,11437.339,11319.482,11192.073,11055.635,10910.667,10757.653,10597.055,10429.321,10254.884,10074.159,9887.549,9695.442,9498.214,9296.227,9089.828,8879.352,8665.121,8447.441,8226.607,8002.897,7776.577,7547.895,7317.086,7084.369,6849.949,6614.013,6376.735,6138.272,5898.765,5658.341,5417.111,5175.173,4932.610,4689.492,4445.875,4201.806,3957.320,3712.442,3467.191,3221.578,2975.610,2729.291,2482.623,2235.612,1988.262,1740.586,1492.600,1244.326,995.798,747.052,498.135,249.099,0.000,3101.599,6214.386,9349.818,12519.910,15737.563,19016.957,22374.034,25827.108,29397.596,33110.856,36996.915,41090.432,45428.120,50039.445,54922.773,60000.000,60000.000,60000.000,60000.000,60000.000,60000.000,60000.000,60000.000,60000.000,60000.000,60000.000,60000.000,60000.000,60000.000,55758.147,51701.565,47907.034,44379.225,41093.097,38016.367,35118.388,32372.712,29757.226,27253.549,24846.313,22522.517,20271.006,18082.064,15947.106,13858.428,11809.021,9792.421,7802.590,5833.817,3880.636,1937.756,0.000,752.766,1504.033,2252.311,2996.141,3734.116,4464.886,5187.172,5899.773,6601.561,7291.491,7968.592,8631.971,9280.804,9914.331,10531.856,11132.742,11716.400,12282.296,12829.938,13358.879,13868.713,14359.073,14829.630,15280.089,15710.192,16119.716,16508.469,16876.295,17223.068,17548.696,17853.117,18136.301,18398.250,18638.993,18858.593,19057.139,19234.750,19391.574,19527.784,19643.582,19739.196,19814.878,19870.907,19907.582,19925.229,19924.193,19904.840,19867.557,19812.749,19740.838,19652.263,19547.476,19426.944,19291.143,19140.562,18975.697,18797.051,18605.131,18400.448,18183.516,17954.846,17714.950,17464.337,17203.508,16932.961,16653.186,16364.663,16067.863,15763.247,15451.264,15132.350,14806.928,14475.409,14138.188,13795.648,13448.155,13096.062,12739.707,12379.413,12015.490,11648.230,11277.914,10904.806,10529.158,10151.208,9771.177,9389.277,9005.704,8620.641,8234.260,7846.719,7458.164,7068.729,6678.536,6287.697,5896.312,5504.470,5112.250,4719.723,4326.949,3933.979,3540.858,3147.623,2754.301,2360.917,1967.487,1574.026,1180.542,787.041,393.527,0.000
0.000,690.831,1377.959,2057.746,2726.695,3381.506,4019.137,4636.837,5232.190,5803.126,6347.932,6865.251,7354.073,7813.712,8243.783,8644.174,9015.012,9356.634,9669.550,9954.417,10212.003,10443.167,10648.829,10829.956,10987.535,11122.565,11236.043,11328.949,11402.247,11456.870,11493.724,11513.678,11517.569,11506.195,11480.320,11440.674,11387.953,11322.819,11245.907,11157.821,11059.138,10950.412,10832.173,10704.931,10569.173,10425.370,10273.975,10115.425,9950.143,9778.534,9600.992,9417.896,9229.613,9036.493,8838.878,8637.093,8431.451,8222.253,8009.784,7794.317,7576.111,7355.409,7132.441,6907.424,6680.558,6452.030,6222.011,5990.659,5758.116,5524.511,5289.959,5054.561,4818.407,4581.571,4344.119,4106.105,3867.573,3628.559,3389.092,3149.195,2908.885,2668.178,2427.089,2185.632,1943.822,1701.679,1459.227,1216.494,973.514,730.328,486.980,243.519,0.000,3193.937,6398.737,9625.483,12885.705,16191.627,19556.444,22994.617,26522.181,30157.006,33918.877,37829.070,41908.790,46175.254,50633.579,55262.937,60000.000,60000.000,60000.000,60000.000,60000.000,60000.000,60000.000,60000.000,60000.000,60000.000,60000.000,60000.000,60000.000,60000.000,56110.671,52325.444,48706.758,45276.971,42033.798,38963.312,36047.630,33268.674,30609.716,28055.837,25593.913,23212.416,20901.172,18651.127,16454.142,14302.821,12190.365,10110.454,8057.148,6024.798,4007.982,2001.436,0.000,744.075,1486.765,2226.692,2962.501,3692.880,4416.565,5132.350,5839.093,6535.717,7221.212,7894.638,8555.119,9201.840,9834.048,10451.047,11052.192,11636.888,12204.587,12754.783,13287.013,13800.851,14295.909,14771.833,15228.304,15665.037,16081.776,16478.300,16854.416,17209.963,17544.809,17858.850,18152.015,18424.257,18675.562,18905.941,19115.435,19304.113,19472.069,19619.426,19746.334,19852.971,19939.538,20006.264,20053.404,20081.237,20090.065,20080.216,20052.040,20005.909,19942.215,19861.372,19763.809,19649.974,19520.331,19375.357,19215.541,19041.382,18853.388,18652.074,18437.958,18211.561,17973.405,17724.011,17463.895,17193.573,16913.549,16624.323,16326.385,16020.214,15706.278,15385.033,15056.921,14722.372,14381.800,14035.603,13684.167,13327.861,12967.038,12602.036,12233.178,11860.771,11485.106,11106.461,10725.097,10341.261,9955.185,9567.089,9177.176,8785.639,8392.653,7998.385,7602.986,7206.597,6809.345,6411.346,6012.707,5613.522,5213.875,4813.843,4413.490,4012.874,3612.045,3211.045,2809.908,2408.663,2007.336,1605.944,1204.504,803.026,401.523,0.000
0.000,649.807,1296.328,1936.328,2566.690,3184.462,3786.904,4371.523,4936.104,5478.728,5997.779,6491.949,6960.227,7401.889,7816.476,8203.774,8563.787,8896.712,9202.910,9482.881,9737.239,9966.686,10171.996,10353.990,10513.524,10651.472,10768.716,10866.133,10944.593,11004.943,11048.015,11074.612,11085.510,11081.457,11063.172,11031.345,10986.637,10929.682,10861.086,10781.431,10691.274,10591.151,10481.575,10363.040,10236.021,10100.977,9958.348,9808.561,9652.026,9489.140,9320.286,9145.834,8966.139,8781.546,8592.385,8398.975,8201.620,8000.614,7796.234,7588.746,7378.405,7165.448,6950.102,6732.577,6513.074,6291.775,6068.851,5844.460,5618.746,5391.838,5163.855,4934.902,4705.072,4474.446,4243.096,4011.083,3778.461,3545.274,3311.559,3077.350,2842.673,2607.556,2372.020,2136.091,1899.792,1663.149,1426.192,1188.954,951.474,713.791,475.952,238.005,0.000,3275.412,6561.144,9867.673,13205.798,16586.796,20022.576,23525.809,27109.992,30789.372,34578.577,38491.698,42540.403,46730.527,51056.680,55495.395,60000.000,60000.000,60000.000,60000.000,60000.000,60000.000,60000.000,60000.000,60000.000,60000.000,60000.000,60000.000,60000.000,60000.000,56359.093,52782.782,49317.582,45988.105,42801.813,39755.454,36840.147,34044.639,31357.127,28766.170,26261.086,23832.063,21470.140,19167.129,16915.513,14708.348,12539.164,10401.884,8290.748,6200.246,4125.059,2060.007,0.000,736.800,1472.316,2205.264,2934.387,3658.454,4376.281,5086.728,5788.710,6481.199,7163.223,7833.869,8492.283,9137.667,9769.273,10386.408,10988.426,11574.727,12144.752,12697.984,13233.946,13752.193,14252.318,14733.945,15196.731,15640.362,16064.556,16469.057,16853.639,17218.106,17562.285,17886.034,18189.235,18471.800,18733.666,18974.796,19195.181,19394.839,19573.814,19732.179,19870.030,19987.495,20084.726,20161.904,20219.235,20256.956,20275.328,20274.639,20255.203,20217.360,20161.475,20087.935,19997.150,19889.553,19765.592,19625.736,19470.470,19300.291,19115.710,18917.244,18705.421,18480.772,18243.832,17995.136,17735.218,17464.607,17183.831,16893.406,16593.844,16285.642,15969.290,15645.263,15314.025,14976.022,14631.688,14281.440,13925.681,13564.797,13199.155,12829.109,12454.997,12077.136,11695.832,11311.372,10924.029,10534.060,10141.705,9747.191,9350.731,8952.523,8552.751,8151.585,7749.184,7345.693,6941.245,6535.962,6129.955,5723.322,5316.154,4908.529,4500.520,4092.188,3683.587,3274.765,2865.762,2456.613,2047.346,1637.986,1228.555,819.071,409.548,0.000
0.000,612.086,1221.242,1824.584,2419.322,3002.804,3572.559,4126.320,4662.059,5177.996,5672.612,6144.652,6593.121,7017.273,7416.599,7790.809,8139.810,8463.685,8762.673,9037.143,9287.576,9514.542,9718.684,9900.699,10061.320,10201.312,10321.450,10422.518,10505.293,10570.548,10619.040,10651.507,10668.669,10671.223,10659.843,10635.177,10597.853,10548.473,10487.615,10415.836,10333.672,10241.640,10140.234,10029.933,9911.197,9784.471,9650.183,9508.746,9360.562,9206.015,9045.477,8879.310,8707.859,8531.459,8350.433,8165.089,7975.726,7782.627,7586.066,7386.302,7183.582,6978.139,6770.196,6559.961,6347.629,6133.383,5917.391,5699.812,5480.788,5260.453,5038.926,4816.316,4592.720,4368.224,4142.907,3916.835,3690.069,3462.661,3234.656,3006.098,2777.020,2547.458,2317.443,2087.008,1856.182,1624.999,1393.495,1161.705,929.672,697.437,465.048,232.552,0.000,3346.568,6702.752,10078.268,13483.020,16927.184,20421.256,23976.052,27602.607,31311.913,35114.360,39018.741,43030.599,47149.770,51367.220,55661.964,60000.000,60000.000,60000.000,60000.000,60000.000,60000.000,60000.000,60000.000,60000.000,60000.000,60000.000,60000.000,60000.000,60000.000,56542.918,53129.009,49792.683,46556.053,43429.896,40416.544,37512.866,34712.609,32007.981,29390.630,26852.198,24384.609,21980.197,19631.736,17332.435,15075.894,12856.059,10667.170,8503.715,6360.379,4232.000,2113.532,0.000,730.840,1460.485,2187.738,2911.422,3630.386,4343.513,5049.728,5748.000,6437.344,7116.829,7785.571,8442.738,9087.548,9719.266,10337.202,10940.712,11529.193,12102.079,12658.845,13198.999,13722.081,14227.665,14715.355,15184.784,15635.613,16067.530,16480.249,16873.511,17247.081,17600.752,17934.337,18247.678,18540.640,18813.114,19065.015,19296.284,19506.889,19696.823,19866.105,20014.782,20142.930,20250.653,20338.082,20405.378,20452.732,20480.365,20488.526,20477.496,20447.581,20399.120,20332.477,20248.043,20146.233,20027.488,19892.268,19741.055,19574.347,19392.657,19196.513,18986.450,18763.012,18526.750,18278.214,18017.958,17746.530,17464.478,17172.339,16870.646,16559.918,16240.666,15913.388,15578.564,15236.665,14888.142,14533.432,14172.953,13807.109,13436.284,13060.845,12681.144,12297.513,11910.267,11519.706,11126.113,10729.752,10330.875,9929.715,9526.493,9121.412,8714.664,8306.425,7896.857,7486.113,7074.329,6661.632,6248.136,5833.946,5419.155,5003.848,4588.098,4171.974,3755.534,3338.829,2921.905,2504.799,2087.547,1670.177,1252.716,835.186,417.608,0.000
0.000,577.308,1151.997,1721.480,2283.254,2834.930,3374.272,3899.217,4407.903,4898.680,5370.125,5821.040,6250.454,6657.615,7041.981,7403.205,7741.118,8055.714,8347.130,8615.627,8861.573,9085.424,9287.710,9469.015,9629.970,9771.235,9893.493,9997.436,10083.764,10153.172,10206.349,10243.973,10266.707,10275.199,10270.077,10251.952,10221.413,10179.031,10125.356,10060.921,9986.237,9901.801,9808.089,9705.562,9594.666,9475.829,9349.468,9215.983,9075.762,8929.180,8776.599,8618.368,8454.825,8286.294,8113.089,7935.511,7753.851,7568.385,7379.379,7187.086,6991.748,6793.595,6592.842,6389.695,6184.346,5976.976,5767.754,5556.834,5344.363,5130.473,4915.286,4698.913,4481.456,4263.006,4043.644,3823.444,3602.473,3380.789,3158.446,2935.491,2711.968,2487.920,2263.385,2038.401,1813.007,1587.239,1361.139,1134.747,908.107,681.264,454.266,227.161,0.000,3408.107,6825.029,10259.626,13720.831,17217.665,20759.213,24354.534,28012.472,31741.312,35548.210,39438.308,43413.482,47470.734,51600.467,55785.240,60000.000,60000.000,60000.000,60000.000,60000.000,60000.000,60000.000,60000.000,60000.000,60000.000,60000.000,60000.000,60000.000,60000.000,56683.572,53397.652,50168.089,47013.527,43945.174,40967.959,38082.165,35284.950,32571.559,29936.171,27372.467,24873.980,22434.301,20047.185,17706.598,15406.735,13142.007,10907.023,8696.564,6505.554,4329.031,2162.120,0.000,726.108,1451.099,2173.855,2893.273,3608.270,4317.795,5020.830,5716.394,6403.548,7081.397,7749.086,8405.808,9050.799,9683.336,10302.738,10908.362,11499.606,12075.899,12636.707,13181.528,13709.888,14221.344,14715.481,15191.909,15650.263,16090.204,16511.415,16913.605,17296.503,17659.861,18003.455,18327.082,18630.564,18913.742,19176.484,19418.682,19640.251,19841.132,20021.294,20180.731,20319.468,20437.558,20535.084,20612.160,20668.934,20705.584,20722.322,20719.393,20697.075,20655.677,20595.544,20517.046,20420.588,20306.598,20175.534,20027.876,19864.125,19684.801,19490.439,19281.590,19058.813,18822.673,18573.743,18312.595,18039.799,17755.926,17461.537,17157.185,16843.415,16520.760,16189.737,15850.853,15504.596,15151.438,14791.834,14426.223,14055.022,13678.634,13297.440,12911.804,12522.072,12128.572,11731.613,11331.487,10928.470,10522.820,10114.778,9704.571,9292.411,8878.492,8462.998,8046.095,7627.940,7208.674,6788.429,6367.321,5945.459,5522.942,5099.855,4676.279,4252.284,3827.931,3403.277,2978.370,2553.253,2127.963,1702.536,1277.000,851.382,425.708,0.000
0.000,545.167,1087.982,1626.121,2157.328,2679.447,3190.448,3688.449,4171.740,4638.793,5088.274,5519.044,5930.165,6320.887,6690.649,7039.063,7365.903,7671.092,7954.683,8216.848,8457.859,8678.075,8877.925,9057.900,9218.534,9360.397,9484.087,9590.215,9679.405,9752.282,9809.472,9851.595,9879.260,9893.065,9893.597,9881.425,9857.104,9821.173,9774.153,9716.551,9648.855,9571.539,9485.061,9389.865,9286.379,9175.018,9056.182,8930.261,8797.629,8658.649,8513.673,8363.040,8207.076,8046.098,7880.411,7710.307,7536.069,7357.966,7176.258,6991.191,6803.002,6611.914,6418.141,6221.884,6023.332,5822.665,5620.048,5415.637,5209.577,5002.003,4793.037,4582.794,4371.377,4158.881,3945.393,3730.990,3515.746,3299.723,3082.983,2865.578,2647.561,2428.978,2209.874,1990.295,1770.282,1549.880,1329.133,1108.085,886.782,665.273,443.606,221.831,0.000,3460.830,6929.633,10414.377,13923.012,17463.432,21043.397,24670.400,28351.434,32092.654,35898.859,39772.798,43714.288,47719.218,51778.675,55878.530,60000.000,60000.000,60000.000,60000.000,60000.000,60000.000,60000.000,60000.000,60000.000,60000.000,60000.000,60000.000,60000.000,60000.000,56793.717,53609.939,50468.493,47384.794,44369.314,41427.955,38562.883,35773.469,33057.135,30410.028,27827.518,25304.543,22835.844,20416.103,18040.037,15702.442,13398.212,11122.352,8869.965,6636.242,4416.451,2205.916,0.000,722.524,1444.002,2163.386,2879.638,3591.742,4298.704,4999.559,5693.376,6379.257,7056.341,7723.805,8380.867,9026.781,9660.838,10282.365,10890.727,11485.320,12065.572,12630.944,13180.921,13715.020,14232.781,14733.770,15217.577,15683.811,16132.107,16562.118,16973.520,17366.006,17739.290,18093.109,18427.215,18741.384,19035.411,19309.115,19562.335,19794.937,20006.808,20197.863,20368.046,20517.327,20645.708,20753.224,20839.941,20905.962,20951.423,20976.498,20981.398,20966.370,20931.698,20877.704,20804.744,20713.208,20603.520,20476.133,20331.529,20170.215,19992.719,19799.591,19591.395,19368.709,19132.119,18882.218,18619.602,18344.867,18058.606,17761.406,17453.845,17136.494,16809.907,16474.629,16131.186,15780.090,15421.832,15056.888,14685.713,14308.744,13926.398,13539.071,13147.142,12750.969,12350.890,11947.226,11540.278,11130.330,10717.649,10302.482,9885.063,9465.609,9044.321,8621.385,8196.973,7771.246,7344.350,6916.416,6487.569,6057.919,5627.566,5196.601,4765.107,4333.156,3900.815,3468.141,3035.187,2601.998,2168.617,1735.080,1301.420,867.668,433.852,0.000
0.000,515.394,1028.669,1537.729,2040.538,2535.140,3019.690,3492.468,3951.902,4396.575,4825.239,5236.815,5630.399,6005.254,6360.809,6696.649,7012.504,7308.239,7583.843,7839.411,8075.137,8291.294,8488.228,8666.344,8826.094,8967.967,9092.482,9200.178,9291.610,9367.338,9427.928,9473.944,9505.945,9524.484,9530.102,9523.333,9504.695,9474.697,9433.829,9382.573,9321.393,9250.742,9171.057,9082.764,8986.275,8881.988,8770.290,8651.556,8526.150,8394.421,8256.709,8113.344,7964.642,7810.911,7652.445,7489.531,7322.440,7151.438,6976.775,6798.694,6617.424,6433.185,6246.185,6056.623,5864.684,5670.545,5474.371,5276.318,5076.529,4875.139,4672.273,4468.047,4262.567,4055.931,3848.229,3639.544,3429.952,3219.523,3008.322,2796.408,2583.837,2370.664,2156.938,1942.710,1728.026,1512.935,1297.485,1081.724,865.701,649.466,433.069,216.564,0.000,3505.581,7018.295,10545.236,14093.408,17669.653,21280.545,24932.233,28630.212,32379.011,36181.773,40039.739,43951.652,47913.177,51916.484,55950.205,60000.000,60000.000,60000.000,60000.000,60000.000,60000.000,60000.000,60000.000,60000.000,60000.000,60000.000,60000.000,60000.000,60000.000,56881.357,53779.894,50711.150,47687.842,44719.334,41811.664,38967.944,36188.909,33473.485,30819.289,28223.033,25680.831,23188.427,20741.346,18335.006,15964.782,13626.049,11314.209,9024.700,6752.998,4494.615,2245.095,0.000,720.017,1439.052,2156.121,2870.247,3580.471,4285.855,4985.484,5678.471,6363.958,7041.120,7709.164,8367.331,9014.895,9651.162,10275.471,10887.192,11485.725,12070.495,12640.959,13196.596,13736.909,14261.426,14769.695,15261.283,15735.781,16192.793,16631.944,17052.877,17455.250,17838.740,18203.041,18547.863,18872.936,19178.006,19462.843,19727.233,19970.988,20193.944,20395.960,20576.924,20736.755,20875.402,20992.848,21089.112,21164.248,21218.353,21251.560,21264.046,21256.027,21227.764,21179.557,21111.746,21024.712,20918.874,20794.684,20652.629,20493.222,20317.006,20124.546,19916.425,19693.241,19455.604,19204.134,18939.451,18662.178,18372.937,18072.341,17760.997,17439.501,17108.434,16768.365,16419.844,16063.406,15699.564,15328.813,14951.628,14568.463,14179.750,13785.901,13387.307,12984.340,12577.348,12166.662,11752.594,11335.434,10915.456,10492.915,10068.050,9641.084,9212.221,8781.653,8349.555,7916.092,7481.410,7045.648,6608.930,6171.370,5733.070,5294.125,4854.619,4414.626,3974.216,3533.449,3092.380,2651.058,2209.526,1767.824,1325.988,884.051,442.046,0.000
0.000,487.755,973.596,1455.626,1932.000,2400.942,2860.770,3309.910,3746.912,4170.465,4579.399,4972.696,5349.488,5709.057,6050.830,6374.373,6679.386,6965.690,7233.219,7482.007,7712.180,7923.941,8117.563,8293.376,8451.759,8593.130,8717.937,8826.654,8919.772,8997.792,9061.223,9110.578,9146.369,9169.102,9179.280,9177.398,9163.941,9139.384,9104.192,9058.819,9003.706,8939.283,8865.968,8784.167,8694.276,8596.677,8491.743,8379.834,8261.300,8136.481,8005.704,7869.288,7727.540,7580.756,7429.225,7273.223,7113.014,6948.856,6780.994,6609.664,6435.089,6257.484,6077.055,5893.994,5708.486,5520.705,5330.813,5138.965,4945.305,4749.967,4553.078,4354.755,4155.105,3954.231,3752.224,3549.171,3345.153,3140.243,2934.511,2728.022,2520.836,2313.012,2104.604,1895.668,1686.255,1476.418,1266.206,1055.673,844.869,633.847,422.659,211.359,0.000,3543.198,7092.730,10654.864,14235.731,17841.227,21476.898,25147.775,28858.170,32611.404,36409.485,40252.734,44139.404,48065.355,52023.878,56005.808,60000.000,60000.000,60000.000,60000.000,60000.000,60000.000,60000.000,60000.000,60000.000,60000.000,60000.000,60000.000,60000.000,60000.000,56951.819,53917.131,50908.370,47936.091,45008.515,42131.424,39308.320,36540.738,33828.608,31170.611,28564.493,26007.322,23495.687,21025.850,18593.860,16195.630,13826.993,11483.736,9161.629,6856.434,4563.917,2279.847,0.000,718.522,1436.122,2151.871,2864.851,3574.156,4278.897,4978.207,5671.242,6357.181,7035.234,7704.636,8364.654,9014.580,9653.738,10281.478,10897.177,11500.239,12090.091,12666.185,13227.994,13775.012,14306.753,14822.748,15322.548,15805.716,16271.834,16720.498,17151.317,17563.915,17957.931,18333.016,18688.837,19025.078,19341.435,19637.626,19913.386,20168.470,20402.659,20615.756,20807.594,20978.034,21126.972,21254.337,21360.097,21444.262,21506.881,21548.050,21567.909,21566.646,21544.494,21501.735,21438.697,21355.750,21253.310,21131.833,20991.811,20833.771,20658.271,20465.894,20257.246,20032.953,19793.649,19539.984,19272.607,18992.173,18699.332,18394.729,18079.000,17752.770,17416.648,17071.229,16717.089,16354.786,15984.856,15607.814,15224.154,14834.347,14438.844,14038.069,13632.428,13222.302,12808.053,12390.021,11968.525,11543.864,11116.318,10686.148,10253.599,9818.896,9382.251,8943.856,8503.892,8062.523,7619.901,7176.166,6731.444,6285.850,5839.490,5392.460,4944.844,4496.721,4048.160,3599.224,3149.969,2700.447,2250.703,1800.778,1350.711,900.537,450.290,0.000
0.000,462.047,922.359,1379.216,1830.941,2275.917,2712.606,3139.566,3555.460,3959.070,4349.304,4725.200,5085.929,5430.793,5759.225,6070.783,6365.142,6642.090,6901.517,7143.409,7367.833,7574.933,7764.920,7938.059,8094.665,8235.091,8359.725,8468.979,8563.286,8643.094,8708.861,8761.049,8800.126,8826.556,8840.804,8843.327,8834.579,8815.003,8785.037,8745.108,8695.633,8637.022,8569.672,8493.970,8410.295,8319.012,8220.481,8115.046,8003.046,7884.807,7760.645,7630.869,7495.775,7355.651,7210.775,7061.415,6907.829,6750.266,6588.965,6424.156,6256.056,6084.878,5910.819,5734.071,5554.814,5373.219,5189.449,5003.655,4815.982,4626.564,4435.527,4242.989,4049.062,3853.846,3657.439,3459.930,3261.403,3061.934,2861.597,2660.462,2458.593,2256.052,2052.900,1849.193,1644.989,1440.342,1235.308,1029.939,824.292,618.419,412.377,206.219,0.000,3574.481,7154.562,10745.761,14353.425,17982.627,21638.043,25323.800,29043.289,32798.951,36592.028,40422.307,44287.877,48184.960,52107.866,56049.150,60000.000,60000.000,60000.000,60000.000,60000.000,60000.000,60000.000,60000.000,60000.000,60000.000,60000.000,60000.000,60000.000,60000.000,57008.789,54028.441,51069.107,48139.637,45247.212,42397.196,39593.175,36837.116,34129.598,31470.054,28857.008,26288.278,23761.148,21272.506,18818.954,16396.887,14002.556,11632.114,9281.645,6947.193,4624.771,2310.378,0.000,717.981,1435.094,2150.464,2863.225,3572.518,4277.505,4977.361,5671.282,6358.486,7038.212,7709.728,8372.321,9025.307,9668.024,10299.836,10920.128,11528.309,12123.809,12706.077,13274.582,13828.807,14368.257,14892.446,15400.906,15893.179,16368.823,16827.403,17268.498,17691.697,18096.599,18482.814,18849.965,19197.686,19525.626,19833.447,20120.830,20387.475,20633.103,20857.459,21060.316,21241.478,21400.784,21538.107,21653.363,21746.511,21817.555,21866.550,21893.601,21898.863,21882.546,21844.912,21786.276,21707.004,21607.509,21488.253,21349.738,21192.508,21017.139,20824.239,20614.440,20388.397,20146.779,19890.263,19619.537,19335.286,19038.196,18728.945,18408.201,18076.620,17734.841,17383.489,17023.164,16654.450,16277.906,15894.070,15503.453,15106.546,14703.813,14295.696,13882.612,13464.954,13043.095,12617.382,12188.144,11755.686,11320.295,10882.237,10441.760,9999.094,9554.453,9108.035,8660.019,8210.575,7759.855,7308.000,6855.139,6401.387,5946.851,5491.628,5035.805,4579.460,4122.664,3665.481,3207.969,2750.180,2292.159,1833.952,1375.596,917.130,458.587,0.000
0.000,438.090,874.603,1307.975,1736.678,2159.236,2574.240,2980.366,3376.379,3761.149,4133.655,4492.989,4838.362,5169.099,5484.643,5784.548,6068.474,6336.184,6587.534,6822.469,7041.009,7243.248,7429.341,7599.499,7753.980,7893.082,8017.136,8126.501,8221.556,8302.701,8370.345,8424.906,8466.807,8496.477,8514.339,8520.820,8516.338,8501.310,8476.145,8441.244,8397.003,8343.808,8282.036,8212.057,8134.231,8048.909,7956.433,7857.136,7751.341,7639.364,7521.510,7398.074,7269.344,7135.599,6997.107,6854.128,6706.913,6555.702,6400.729,6242.217,6080.379,5915.420,5747.537,5576.914,5403.731,5228.156,5050.348,4870.458,4688.629,4504.996,4319.686,4132.816,3944.499,3754.839,3563.934,3371.876,3178.751,2984.641,2789.621,2593.765,2397.141,2199.814,2001.849,1803.305,1604.245,1404.724,1204.801,1004.533,803.977,603.189,402.226,201.144,0.000,3600.165,7205.277,10820.193,14449.581,18097.813,21768.849,25466.093,29192.235,32949.082,36737.370,40556.589,44404.838,48278.741,52173.476,56082.926,60000.000,60000.000,60000.000,60000.000,60000.000,60000.000,60000.000,60000.000,60000.000,60000.000,60000.000,60000.000,60000.000,60000.000,57054.894,54118.738,51199.980,48306.138,45443.500,42616.975,39830.068,37084.954,34382.613,31722.999,29105.208,26527.634,23988.121,21484.073,19012.563,16570.407,14154.231,11760.517,9385.646,7025.922,4677.598,2336.892,0.000,718.340,1435.862,2151.740,2865.157,3575.302,4281.379,4982.605,5678.215,6367.461,7049.617,7723.974,8389.848,9046.574,9693.506,10330.021,10955.516,11569.405,12171.121,12760.113,13335.844,13897.792,14445.449,14978.317,15495.909,15997.748,16483.364,16952.297,17404.094,17838.307,18254.497,18652.233,19031.091,19390.657,19730.526,20050.308,20349.626,20628.119,20885.449,21121.299,21335.381,21527.436,21697.242,21844.616,21969.415,22071.547,22150.969,22207.692,22241.782,22253.364,22242.623,22209.803,22155.208,22079.198,21982.189,21864.652,21727.104,21570.106,21394.261,21200.204,20988.601,20760.138,20515.522,20255.468,19980.701,19691.945,19389.924,19075.351,18748.930,18411.352,18063.288,17705.391,17338.291,16962.598,16578.896,16187.741,15789.668,15385.184,14974.770,14558.881,14137.946,13712.373,13282.540,12848.806,12411.505,11970.949,11527.430,11081.219,10632.567,10181.708,9728.858,9274.215,8817.963,8360.271,7901.294,7441.171,6980.033,6517.997,6055.168,5591.646,5127.515,4662.857,4197.741,3732.232,3266.389,2800.263,2333.902,1867.351,1400.648,933.832,466.938,0.000
0.000,415.726,830.015,1241.441,1648.608,2050.165,2444.822,2831.357,3208.631,3575.593,3931.287,4274.860,4605.559,4922.737,5225.848,5514.448,5788.188,6046.813,6290.151,6518.115,6730.686,6927.915,7109.913,7276.840,7428.906,7566.359,7689.481,7798.582,7893.995,7976.073,8045.180,8101.695,8146.001,8178.487,8199.545,8209.567,8208.941,8198.054,8177.290,8147.026,8107.634,8059.479,8002.918,7938.302,7865.975,7786.272,7699.519,7606.035,7506.131,7400.110,7288.264,7170.881,7048.235,6920.598,6788.227,6651.375,6510.285,6365.191,6216.318,6063.885,5908.098,5749.159,5587.258,5422.579,5255.295,5085.572,4913.568,4739.432,4563.306,4385.325,4205.614,4024.292,3841.473,3657.261,3471.758,3285.056,3097.244,2908.406,2718.621,2527.966,2336.511,2144.325,1951.475,1758.026,1564.039,1369.576,1174.698,979.463,783.931,588.160,392.210,196.137,0.000,3620.901,7246.189,10880.154,14526.892,18190.197,21873.448,25579.486,29310.476,33067.772,36851.781,40661.842,44496.143,48351.692,52224.370,56109.080,60000.000,60000.000,60000.000,60000.000,60000.000,60000.000,60000.000,60000.000,60000.000,60000.000,60000.000,60000.000,60000.000,60000.000,57092.048,54191.637,51305.939,48441.435,45603.675,42797.137,40025.169,37290.017,34592.901,31934.123,29313.189,26728.931,24179.628,21663.103,19176.818,16717.949,14283.443,11870.079,9474.499,7093.251,4722.807,2359.592,0.000,719.548,1438.324,2155.550,2870.453,3582.266,4290.235,4993.617,5691.683,6383.720,7069.031,7746.937,8416.775,9077.902,9729.691,10371.534,11002.835,11623.017,12231.518,12827.785,13411.281,13981.478,14537.856,15079.905,15607.123,16119.010,16615.075,17094.828,17557.786,18003.465,18431.388,18841.081,19232.072,19603.898,19956.099,20288.230,20599.852,20890.543,21159.901,21407.543,21633.116,21836.295,22016.793,22174.363,22308.806,22419.972,22507.767,22572.155,22613.164,22630.887,22625.482,22597.177,22546.264,22473.102,22378.113,22261.778,22124.634,21967.268,21790.311,21594.433,21380.336,21148.747,20900.414,20636.096,20356.560,20062.573,19754.901,19434.297,19101.505,18757.251,18402.242,18037.162,17662.672,17279.408,16887.978,16488.964,16082.917,15670.364,15251.801,14827.698,14398.497,13964.613,13526.437,13084.333,12638.641,12189.681,11737.748,11283.115,10826.038,10366.753,9905.476,9442.408,8977.734,8511.621,8044.225,7575.686,7106.135,6635.687,6164.450,5692.519,5219.982,4746.917,4273.396,3799.481,3325.232,2850.701,2375.935,1900.977,1425.869,950.646,475.345,0.000
0.000,394.815,788.317,1179.203,1566.194,1948.054,2323.594,2691.689,3051.285,3401.403,3741.150,4069.723,4386.407,4690.580,4981.713,5259.365,5523.185,5772.903,6008.328,6229.346,6435.906,6628.025,6805.771,6969.267,7118.678,7254.207,7376.094,7484.604,7580.029,7662.679,7732.879,7790.968,7837.295,7872.212,7896.078,7909.254,7912.100,7904.976,7888.239,7862.243,7827.336,7783.865,7732.166,7672.572,7605.410,7530.998,7449.649,7361.668,7267.352,7166.991,7060.868,6949.257,6832.426,6710.632,6584.129,6453.158,6317.955,6178.748,6035.754,5889.187,5739.247,5586.131,5430.025,5271.108,5109.550,4945.516,4779.160,4610.630,4440.066,4267.601,4093.363,3917.469,3740.033,3561.163,3380.957,3199.514,3016.922,2833.268,2648.633,2463.097,2276.731,2089.610,1901.802,1713.373,1524.389,1334.914,1145.010,954.739,764.162,573.339,382.331,191.198,0.000,3637.252,7278.425,10927.343,14587.636,18262.633,21955.261,25667.927,29402.411,33159.750,36940.140,40742.856,44566.202,48407.515,52263.232,56129.023,60000.000,60000.000,60000.000,60000.000,60000.000,60000.000,60000.000,60000.000,60000.000,60000.000,60000.000,60000.000,60000.000,60000.000,57121.662,54249.824,51390.704,48549.987,45732.630,42942.728,40183.453,37457.044,34764.852,32107.404,29484.493,26895.274,24338.356,21811.892,19313.659,16841.126,14391.515,11961.855,9549.022,7149.775,4760.787,2378.671,0.000,721.557,1442.388,2161.756,2878.930,3593.187,4303.811,5010.098,5711.353,6406.896,7096.061,7778.195,8452.661,9118.836,9776.111,10423.891,11061.594,11688.651,12304.503,12908.602,13500.408,14079.387,14645.013,15196.763,15734.118,16256.562,16763.578,17254.650,17729.264,18186.902,18627.045,19049.177,19452.777,19837.331,20202.325,20547.250,20871.608,21174.911,21456.687,21716.485,21953.880,22168.478,22359.922,22527.897,22672.140,22792.440,22888.648,22960.680,23008.520,23032.229,23031.938,23007.857,22960.271,22889.538,22796.089,22680.422,22543.098,22384.732,22205.993,22007.591,21790.271,21554.808,21301.996,21032.645,20747.569,20447.584,20133.501,19806.120,19466.225,19114.583,18751.937,18379.006,17996.483,17605.031,17205.285,16797.847,16383.292,15962.162,15534.971,15102.200,14664.303,14221.706,13774.807,13323.978,12869.564,12411.889,11951.251,11487.927,11022.174,10554.228,10084.307,9612.612,9139.327,8664.620,8188.645,7711.543,7233.441,6754.456,6274.692,5794.246,5313.203,4831.640,4349.628,3867.229,3384.500,2901.495,2418.257,1934.832,1451.258,967.571,483.807,0.000
0.000,375.232,749.262,1120.896,1488.961,1852.320,2209.880,2560.601,2903.505,3237.683,3562.299,3876.595,4179.894,4471.603,4751.207,5018.274,5272.451,5513.461,5741.099,5955.227,6155.771,6342.716,6516.099,6676.005,6822.563,6955.938,7076.329,7183.965,7279.098,7361.999,7432.960,7492.281,7540.279,7577.273,7603.591,7619.565,7625.527,7621.812,7608.751,7586.676,7555.914,7516.789,7469.621,7414.724,7352.408,7282.976,7206.727,7123.950,7034.931,6939.947,6839.271,6733.164,6621.885,6505.683,6384.800,6259.472,6129.926,5996.382,5859.052,5718.143,5573.850,5426.365,5275.869,5122.537,4966.538,4808.030,4647.167,4484.095,4318.953,4151.872,3982.979,3812.391,3640.224,3466.584,3291.573,3115.288,2937.821,2759.260,2579.688,2399.185,2217.829,2035.693,1852.849,1669.365,1485.310,1300.750,1115.748,930.369,744.675,558.730,372.594,186.331,0.000,3649.681,7302.915,10963.158,14633.675,18317.440,22017.035,25734.551,29471.490,33228.676,37006.175,40803.240,44618.292,48448.933,52292.019,56143.781,60000.000,60000.000,60000.000,60000.000,60000.000,60000.000,60000.000,60000.000,60000.000,60000.000,60000.000,60000.000,60000.000,60000.000,57144.777,54295.293,51457.066,48635.180,45834.129,43057.693,40308.870,37589.856,34902.060,32246.148,29622.106,27029.315,24466.630,21932.452,19424.800,16941.380,14479.636,12036.805,9609.959,7196.040,4791.896,2394.304,0.000,724.325,1447.965,2170.225,2890.416,3607.852,4321.857,5031.761,5736.905,6436.641,7130.331,7817.350,8497.085,9168.935,9832.308,10486.625,11131.318,11765.825,12389.595,13002.083,13602.747,14191.052,14766.463,15328.448,15876.473,16410.003,16928.500,17431.422,17918.222,18388.348,18841.243,19276.343,19693.081,20090.888,20469.192,20827.423,21165.014,21481.410,21776.064,22048.451,22298.071,22524.453,22727.163,22905.816,23060.075,23189.664,23294.375,23374.070,23428.689,23458.254,23462.872,23442.734,23398.118,23329.387,23236.983,23121.425,22983.304,22823.273,22642.042,22440.370,22219.052,21978.918,21720.819,21445.616,21154.182,20847.385,20526.088,20191.139,19843.369,19483.590,19112.582,18731.101,18339.874,17939.592,17530.916,17114.473,16690.856,16260.627,15824.313,15382.409,14935.379,14483.659,14027.653,13567.738,13104.265,12637.561,12167.925,11695.637,11220.955,10744.113,10265.331,9784.807,9302.725,8819.251,8334.539,7848.726,7361.938,6874.290,6385.886,5896.817,5407.169,4917.017,4426.430,3935.468,3444.188,2952.639,2460.867,1968.912,1476.814,984.606,492.324,0.000
0.000,356.867,712.631,1066.195,1416.482,1762.445,2103.075,2437.410,2764.542,3083.625,3393.877,3694.583,3985.104,4264.870,4533.386,4790.231,5035.053,5267.569,5487.565,5694.886,5889.439,6071.181,6240.123,6396.318,6539.864,6670.892,6789.568,6896.084,6990.658,7073.528,7144.951,7205.197,7254.548,7293.296,7321.740,7340.182,7348.931,7348.295,7338.583,7320.103,7293.163,7258.068,7215.117,7164.609,7106.837,7042.088,6970.647,6892.790,6808.789,6718.911,6623.415,6522.554,6416.575,6305.719,6190.220,6070.303,5946.190,5818.093,5686.218,5550.765,5411.924,5269.882,5124.816,4976.896,4826.288,4673.148,4517.625,4359.866,4200.005,4038.175,3874.500,3709.098,3542.083,3373.563,3203.641,3032.413,2859.974,2686.412,2511.813,2336.259,2159.828,1982.595,1804.636,1626.020,1446.818,1267.096,1086.922,906.362,725.478,544.337,363.002,181.535,0.000,3658.557,7320.395,10988.699,14666.468,18356.418,22060.889,25781.752,29520.324,33277.290,37052.642,40845.638,44654.793,48477.906,52312.130,56154.083,60000.000,60000.000,60000.000,60000.000,60000.000,60000.000,60000.000,60000.000,60000.000,60000.000,60000.000,60000.000,60000.000,60000.000,57162.151,54329.507,51507.085,48699.538,45911.014,43145.045,40404.479,37691.451,35007.385,32353.022,29728.467,27133.252,24566.398,22026.484,19511.711,17019.958,14548.844,12095.771,9657.969,7232.531,4816.452,2406.651,0.000,727.809,1454.972,2180.835,2904.746,3626.058,4344.132,5058.332,5768.033,6472.618,7171.479,7864.015,8549.640,9227.772,9897.841,10559.283,11211.543,11854.070,12486.320,13107.753,13717.828,14316.008,14901.753,15474.521,16033.766,16578.935,17109.468,17624.800,18124.351,18607.536,19073.756,19522.404,19952.862,20364.505,20756.700,21128.811,21480.204,21810.244,22118.312,22403.798,22666.122,22904.727,23119.100,23308.771,23473.328,23612.422,23725.779,23813.202,23874.582,23909.903,23919.241,23902.772,23860.768,23793.598,23701.721,23585.684,23446.114,23283.708,23099.228,22893.488,22667.345,22421.690,22157.435,21875.509,21576.845,21262.370,20933.005,20589.654,20233.196,19864.490,19484.359,19093.597,18692.965,18283.184,17864.944,17438.892,17005.645,16565.778,16119.835,15668.322,15211.713,14750.451,14284.947,13815.582,13342.711,12866.661,12387.735,11906.211,11422.346,10936.374,10448.514,9958.960,9467.896,8975.485,8481.878,7987.209,7491.601,6995.168,6498.009,6000.214,5501.865,5003.035,4503.790,4004.189,3504.286,3004.127,2503.756,2003.213,1502.533,1001.749,500.895,0.000
0.000,339.620,678.227,1014.809,1348.377,1677.962,2002.634,2321.500,2633.719,2938.500,3235.110,3522.879,3801.199,4069.528,4327.388,4574.370,4810.127,5034.376,5246.892,5447.510,5636.119,5812.658,5977.111,6129.508,6269.917,6398.441,6515.214,6620.399,6714.182,6796.771,6868.392,6929.285,6979.703,7019.912,7050.181,7070.789,7082.020,7084.157,7077.487,7062.299,7038.880,7007.514,6968.485,6922.074,6868.557,6808.209,6741.299,6668.089,6588.840,6503.806,6413.236,6317.372,6216.451,6110.706,6000.360,5885.632,5766.735,5643.875,5517.251,5387.057,5253.479,5116.696,4976.883,4834.206,4688.826,4540.896,4390.564,4237.972,4083.255,3926.543,3767.959,3607.621,3445.643,3282.132,3117.191,2950.919,2783.409,2614.752,2445.035,2274.340,2102.748,1930.336,1757.180,1583.352,1408.924,1233.964,1058.542,882.725,706.577,530.166,353.557,176.813,0.000,3664.154,7331.409,11004.775,14687.080,18380.876,22088.352,25811.245,29550.764,33307.519,37081.466,40871.877,44677.335,48495.768,52324.512,56160.420,60000.000,60000.000,60000.000,60000.000,60000.000,60000.000,60000.000,60000.000,60000.000,60000.000,60000.000,60000.000,60000.000,60000.000,57174.321,54353.500,51542.229,48744.874,45965.344,43206.993,40472.550,37764.085,35083.008,32430.087,29805.488,27208.827,24639.226,22095.377,19575.600,17077.898,14600.012,12139.467,9693.613,7259.665,4834.731,2415.847,0.000,731.968,1463.329,2193.465,2921.763,3647.613,4370.409,5089.551,5804.446,6514.507,7219.154,7917.817,8609.929,9294.934,9972.279,10641.419,11301.812,11952.920,12594.209,13225.142,13845.183,14453.793,15050.429,15634.542,16205.572,16762.953,17306.105,17834.436,18347.339,18844.193,19324.359,19787.183,20231.998,20658.119,21064.851,21451.489,21817.323,22161.641,22483.736,22782.915,23058.503,23309.855,23536.365,23737.474,23912.683,24061.565,24183.768,24279.034,24347.197,24388.199,24402.086,24389.017,24349.261,24283.195,24191.301,24074.161,23932.445,23766.905,23578.361,23367.697,23135.837,22883.745,22612.408,22322.824,22015.997,21692.922,21354.583,21001.943,20635.938,20257.473,19867.420,19466.612,19055.843,18635.870,18207.406,17771.124,17327.658,16877.602,16421.511,15959.904,15493.263,15022.035,14546.638,14067.457,13584.846,13099.134,12610.622,12119.590,11626.290,11130.957,10633.803,10135.023,9634.794,9133.278,8630.621,8126.953,7622.396,7117.057,6611.032,6104.409,5597.266,5089.672,4581.690,4073.375,3564.779,3055.946,2546.916,2037.725,1528.408,1018.996,509.517,0.000
0.000,323.403,645.873,966.477,1284.301,1598.452,1908.067,2212.319,2510.425,2801.646,3085.297,3360.745,3627.417,3884.794,4132.419,4369.894,4596.880,4813.092,5018.303,5212.339,5395.074,5566.431,5726.375,5874.914,6012.090,6137.982,6252.698,6356.371,6449.162,6531.250,6602.833,6664.125,6715.353,6756.754,6788.576,6811.072,6824.502,6829.128,6825.217,6813.036,6792.853,6764.935,6729.549,6686.959,6637.426,6581.210,6518.565,6449.744,6374.992,6294.553,6208.664,6117.558,6021.462,5920.599,5815.184,5705.430,5591.539,5473.713,5352.143,5227.017,5098.516,4966.815,4832.083,4694.482,4554.169,4411.295,4266.006,4118.439,3968.729,3817.003,3663.385,3507.990,3350.932,3192.318,3032.252,2870.831,2708.152,2544.303,2379.375,2213.449,2046.609,1878.933,1710.497,1541.375,1371.641,1201.365,1030.617,859.465,687.978,516.222,344.262,172.167,0.000,3666.648,7336.311,11011.914,14696.202,18391.655,22100.396,25824.111,29563.968,33320.556,37093.826,40883.068,44686.903,48503.319,52329.731,56163.086,60000.000,60000.000,60000.000,60000.000,60000.000,60000.000,60000.000,60000.000,60000.000,60000.000,60000.000,60000.000,60000.000,60000.000,57181.632,54367.944,51563.458,48772.384,45998.495,43245.034,40514.643,37809.332,35130.476,32478.831,29854.572,27257.341,24686.302,22140.199,19617.415,17116.023,14633.840,12168.472,9717.353,7277.783,4846.959,2422.006,0.000,736.765,1472.959,2208.003,2941.318,3672.330,4400.467,5125.163,5845.857,6561.993,7273.018,7978.389,8677.565,9370.011,10055.196,10732.592,11401.674,12061.917,12712.795,13353.780,13984.342,14603.941,15212.033,15808.062,16391.461,16961.647,17518.023,18059.973,18586.862,19098.034,19592.811,20070.493,20530.358,20971.664,21393.648,21795.533,22176.529,22535.839,22872.665,23186.218,23475.724,23740.437,23979.649,24192.701,24378.998,24538.021,24669.338,24772.614,24847.626,24894.266,24912.548,24902.614,24864.730,24799.288,24706.800,24587.887,24443.275,24273.780,24080.294,23863.778,23625.239,23365.723,23086.302,22788.056,22472.067,22139.407,21791.129,21428.260,21051.797,20662.698,20261.882,19850.226,19428.561,18997.673,18558.304,18111.150,17656.863,17196.052,16729.285,16257.090,15779.955,15298.335,14812.648,14323.280,13830.587,13334.897,12836.508,12335.697,11832.714,11327.789,10821.131,10312.929,9803.358,9292.573,8780.714,8267.910,7754.276,7239.914,6724.918,6209.368,5693.340,5176.899,4660.103,4143.004,3625.650,3108.080,2590.332,2072.440,1554.434,1036.341,518.188,0.000
0.000,308.136,615.411,920.963,1223.947,1523.537,1818.932,2109.365,2394.105,2672.463,2943.797,3207.510,3463.059,3709.952,3947.750,4176.068,4394.574,4602.987,4801.078,4988.664,5165.612,5331.829,5487.265,5631.909,5765.783,5888.943,6001.472,6103.482,6195.107,6276.501,6347.839,6409.308,6461.112,6503.465,6536.589,6560.718,6576.087,6582.940,6581.523,6572.084,6554.873,6530.139,6498.133,6459.103,6413.296,6360.956,6302.327,6237.645,6167.147,6091.064,6009.622,5923.045,5831.550,5735.350,5634.654,5529.664,5420.577,5307.588,5190.880,5070.637,4947.033,4820.239,4690.419,4557.732,4422.329,4284.360,4143.967,4001.285,3856.446,3709.577,3560.798,3410.226,3257.972,3104.144,2948.844,2792.172,2634.222,2475.086,2314.852,2153.605,1991.428,1828.401,1664.600,1500.102,1334.980,1169.307,1003.154,836.590,669.685,502.506,335.121,167.596,0.000,3666.129,7335.274,11010.367,14694.160,18389.146,22097.468,25820.834,29560.443,33316.910,37090.215,40879.665,44683.892,48500.875,52328.007,56162.194,60000.000,60000.000,60000.000,60000.000,60000.000,60000.000,60000.000,60000.000,60000.000,60000.000,60000.000,60000.000,60000.000,60000.000,57184.262,54373.188,51571.276,48782.708,46011.220,43260.005,40531.655,37828.124,35150.733,32500.190,29876.629,27279.664,24708.442,22161.703,19637.837,17134.938,14650.854,12183.229,9729.544,7287.155,4853.317,2425.219,0.000,742.162,1483.789,2224.337,2963.263,3700.027,4434.091,5164.923,5891.991,6614.770,7332.736,8045.374,8752.166,9452.603,10146.173,10832.369,11510.681,12180.599,12841.611,13493.197,14134.831,14765.980,15386.098,15994.626,16590.988,17174.591,17744.820,18301.037,18842.581,19368.761,19878.860,20372.132,20847.801,21305.063,21743.088,22161.019,22557.983,22933.091,23285.446,23614.154,23918.332,24197.121,24449.699,24675.296,24873.207,25042.810,25183.578,25295.095,25377.068,25429.335,25451.875,25444.812,25408.412,25343.088,25249.384,25127.976,24979.655,24805.312,24605.926,24382.549,24136.284,23868.276,23579.688,23271.697,22945.473,22602.171,22242.922,21868.826,21480.942,21080.285,20667.826,20244.483,19811.128,19368.577,18917.599,18458.912,17993.186,17521.044,17043.063,16559.780,16071.687,15579.243,15082.867,14582.944,14079.829,13573.846,13065.291,12554.434,12041.523,11526.781,11010.411,10492.599,9973.511,9453.297,8932.092,8410.018,7887.185,7363.689,6839.618,6315.049,5790.050,5264.682,4739.000,4213.049,3686.874,3160.510,2633.990,2107.344,1580.599,1053.779,526.905,0.000
0.000,293.747,586.698,878.056,1167.037,1452.876,1734.829,2012.184,2284.258,2550.407,2810.028,3062.561,3307.489,3544.347,3772.712,3992.215,4202.531,4403.384,4594.543,4775.824,4947.084,5108.220,5259.169,5399.902,5530.426,5650.776,5761.015,5861.234,5951.544,6032.078,6102.986,6164.436,6216.607,6259.692,6293.892,6319.419,6336.489,6345.327,6346.158,6339.214,6324.726,6302.929,6274.055,6238.340,6196.015,6147.311,6092.457,6031.681,5965.205,5893.249,5816.031,5733.762,5646.652,5554.905,5458.721,5358.295,5253.817,5145.472,5033.442,4917.901,4799.020,4676.964,4551.891,4423.958,4293.313,4160.100,4024.459,3886.523,3746.422,3604.280,3460.217,3314.348,3166.783,3017.629,2866.988,2714.960,2561.639,2407.117,2251.483,2094.823,1937.219,1778.752,1619.501,1459.542,1298.951,1137.800,976.161,814.106,651.703,489.023,326.134,163.103,0.000,3662.592,7328.291,11000.119,14680.925,18373.302,22079.495,25801.316,29540.060,33296.427,37070.458,40861.486,44668.125,48488.283,52319.226,56157.683,60000.000,60000.000,60000.000,60000.000,60000.000,60000.000,60000.000,60000.000,60000.000,60000.000,60000.000,60000.000,60000.000,60000.000,57182.229,54369.270,51565.751,48775.953,46003.670,43252.113,40523.849,37820.777,35144.143,32494.566,29872.091,27276.244,24706.099,22160.333,19637.292,17135.040,14651.409,12184.044,9730.440,7287.975,4853.937,2425.551,0.000,748.123,1495.747,2242.360,2987.456,3730.529,4471.073,5208.588,5942.575,6672.537,7397.982,8118.418,8833.357,9542.311,10244.793,10940.313,11628.383,12308.507,12980.185,13642.912,14296.169,14939.428,15572.146,16193.762,16803.696,17401.342,17986.075,18557.234,19114.133,19656.051,20182.230,20691.878,21184.166,21658.225,22113.154,22548.016,22961.846,23353.656,23722.443,24067.196,24386.912,24680.606,24947.328,25186.180,25396.333,25577.048,25727.689,25847.745,25936.844,25994.764,26021.444,26016.987,25981.665,25915.913,25820.322,25695.631,25542.710,25362.541,25156.207,24924.865,24669.733,24392.064,24093.134,23774.226,23436.609,23081.532,22710.212,22323.825,21923.500,21510.312,21085.284,20649.381,20203.510,19748.521,19285.209,18814.311,18336.514,17852.453,17362.713,16867.836,16368.320,15864.620,15357.156,14846.312,14332.437,13815.851,13296.844,12775.681,12252.601,11727.823,11201.542,10673.935,10145.162,9615.366,9084.675,8553.204,8021.055,7488.319,6955.077,6421.399,5887.349,5352.981,4818.343,4283.479,3748.425,3213.212,2677.870,2142.423,1606.893,1071.301,535.664,0.000
0.000,280.171,559.605,837.563,1113.318,1386.159,1655.397,1920.364,2180.427,2434.981,2683.460,2925.336,3160.123,3387.374,3606.688,3817.709,4020.120,4213.652,4398.075,4573.202,4738.884,4895.011,5041.508,5178.334,5305.479,5422.962,5530.829,5629.151,5718.020,5797.548,5867.867,5929.122,5981.473,6025.092,6060.162,6086.874,6105.427,6116.024,6118.877,6114.197,6102.201,6083.108,6057.135,6024.503,5985.429,5940.132,5888.829,5831.733,5769.058,5701.012,5627.803,5549.632,5466.701,5379.204,5287.334,5191.278,5091.219,4987.336,4879.803,4768.790,4654.462,4536.977,4416.493,4293.158,4167.120,4038.517,3907.487,3774.162,3638.667,3501.126,3361.655,3220.370,3077.379,2932.788,2786.699,2639.210,2490.417,2340.411,2189.282,2037.115,1883.993,1729.999,1575.211,1419.707,1263.561,1106.850,949.644,792.017,634.037,475.776,317.304,158.689,0.000,3655.949,7315.180,10980.893,14656.120,18343.642,22045.893,25764.874,29502.053,33258.281,37033.703,40827.697,44638.839,48464.906,52302.930,56149.314,60000.000,60000.000,60000.000,60000.000,60000.000,60000.000,60000.000,60000.000,60000.000,60000.000,60000.000,60000.000,60000.000,60000.000,57175.385,54355.911,51546.505,48751.682,45975.395,43220.929,40490.849,37786.993,35110.496,32461.841,29840.923,27247.123,24679.376,22136.240,19615.959,17116.520,14635.697,12171.099,9720.198,7280.369,4848.905,2423.047,0.000,754.613,1508.761,2261.968,3013.759,3763.662,4511.207,5255.922,5997.342,6734.999,7468.431,8197.173,8920.763,9638.739,10350.637,11055.989,11754.326,12445.171,13128.040,13802.440,14467.864,15123.791,15769.683,16404.982,17029.103,17641.436,18241.341,18828.143,19401.130,19959.553,20502.616,21029.481,21539.264,22031.033,22503.811,22956.577,23388.270,23797.795,24184.031,24545.841,24882.087,25191.642,25473.412,25726.354,25949.495,26141.961,26302.991,26431.964,26528.416,26592.055,26622.774,26620.656,26585.980,26519.211,26420.999,26292.158,26133.654,25946.580,25732.140,25491.619,25226.363,24937.758,24627.207,24296.109,23945.849,23577.779,23193.209,22793.400,22379.552,21952.807,21514.241,21064.864,20605.622,20137.396,19661.003,19177.201,18686.690,18190.113,17688.065,17181.087,16669.678,16154.292,15635.346,15113.217,14588.250,14060.756,13531.019,12999.295,12465.815,11930.788,11394.401,10856.824,10318.206,9778.682,9238.372,8697.384,8155.810,7613.734,7071.230,6528.361,5985.184,5441.748,4898.093,4354.257,3810.270,3266.160,2721.950,2177.659,1633.304,1088.900,544.461,0.000
0.000,267.349,534.014,799.310,1062.562,1323.107,1580.303,1833.531,2082.195,2325.731,2563.606,2795.324,3020.423,3238.479,3449.110,3651.972,3846.760,4033.208,4211.092,4380.221,4540.445,4691.645,4833.740,4966.675,5090.429,5205.006,5310.437,5406.777,5494.099,5572.498,5642.086,5702.991,5755.355,5799.331,5835.084,5862.786,5882.619,5894.771,5899.434,5896.806,5887.087,5870.480,5847.190,5817.423,5781.384,5739.278,5691.310,5637.683,5578.598,5514.255,5444.849,5370.576,5291.625,5208.185,5120.438,5028.566,4932.744,4833.143,4729.934,4623.279,4513.338,4400.266,4284.213,4165.326,4043.746,3919.612,3793.055,3664.206,3533.188,3400.121,3265.121,3128.301,2989.770,2849.631,2707.987,2564.934,2420.567,2274.980,2128.259,1980.492,1831.762,1682.151,1531.738,1380.602,1228.819,1076.463,923.608,770.326,616.690,462.769,308.634,154.354,0.000,3646.023,7295.586,10952.152,14619.022,18299.252,21995.563,25710.233,29444.999,33200.941,36978.375,40776.759,44594.629,48429.572,52278.276,56136.644,60000.000,60000.000,60000.000,60000.000,60000.000,60000.000,60000.000,60000.000,60000.000,60000.000,60000.000,60000.000,60000.000,60000.000,57163.398,54332.484,51512.676,48708.877,45925.300,43165.359,40431.627,37725.851,35049.007,32401.378,29782.638,27191.950,24628.042,22089.291,19573.785,17079.383,14603.762,12144.455,9698.886,7264.397,4838.267,2417.731,0.000,761.598,1522.763,2283.055,3042.033,3799.258,4554.290,5306.692,6056.028,6801.863,7543.761,8281.289,9014.011,9741.489,10463.286,11178.957,11888.053,12590.119,13284.687,13971.281,14649.407,15318.555,15978.196,16627.773,17266.704,17894.377,18510.141,19113.309,19703.148,20278.880,20839.676,21384.654,21912.873,22423.338,22914.996,23386.735,23837.394,24265.762,24670.591,25050.604,25404.512,25731.029,26028.898,26296.906,26533.918,26738.900,26910.945,27049.304,27153.405,27222.874,27257.551,27257.499,27223.005,27154.576,27052.929,26918.976,26753.796,26558.617,26334.787,26083.740,25806.978,25506.036,25182.460,24837.789,24473.532,24091.156,23692.076,23277.639,22849.125,22407.743,21954.623,21490.822,21017.323,20535.035,20044.797,19547.384,19043.505,18533.813,18018.902,17499.316,16975.549,16448.051,15917.232,15383.463,14847.078,14308.380,13767.642,13225.111,12681.007,12135.528,11588.852,11041.137,10492.522,9943.133,9393.081,8842.461,8291.361,7739.853,7188.004,6635.869,6083.497,5530.930,4978.201,4425.342,3872.376,3319.325,2766.205,2213.032,1659.815,1106.566,553.292,0.000
0.000,255.228,509.820,763.140,1014.559,1263.462,1509.249,1751.341,1989.182,2222.242,2450.022,2672.052,2887.896,3097.152,3299.453,3494.470,3681.908,3861.509,4033.049,4196.342,4351.232,4497.599,4635.350,4764.425,4884.791,4996.440,5099.389,5193.676,5279.362,5356.526,5425.262,5485.681,5537.910,5582.083,5618.349,5646.865,5667.794,5681.310,5687.590,5686.815,5679.172,5664.849,5644.039,5616.932,5583.722,5544.603,5499.767,5449.406,5393.712,5332.873,5267.077,5196.509,5121.349,5041.778,4957.972,4870.104,4778.342,4682.853,4583.799,4481.338,4375.625,4266.808,4155.035,4040.448,3923.184,3803.378,3681.159,3556.654,3429.985,3301.268,3170.620,3038.149,2903.964,2768.168,2630.861,2492.140,2352.100,2210.831,2068.424,1924.963,1780.533,1635.215,1489.090,1342.236,1194.729,1046.645,898.058,749.040,599.664,450.002,300.123,150.099,0.000,3632.557,7268.991,10913.107,14568.562,18238.783,21926.872,25635.497,29366.770,33122.110,36902.097,40706.337,44533.344,48380.477,52243.957,56118.986,60000.000,60000.000,60000.000,60000.000,60000.000,60000.000,60000.000,60000.000,60000.000,60000.000,60000.000,60000.000,60000.000,60000.000,57145.722,54297.953,51462.839,48645.850,45851.570,43083.580,40344.448,37635.776,34958.305,32312.025,29696.303,27109.996,24551.552,22019.097,19510.507,17023.466,14555.512,12104.073,9666.495,7240.067,4822.034,2409.612,0.000,769.042,1537.685,2305.522,3072.144,3837.146,4600.121,5360.664,6118.370,6872.834,7623.651,8370.417,9112.723,9850.161,10582.316,11308.770,12029.099,12742.866,13449.627,14148.922,14840.274,15523.188,16197.144,16861.596,17515.965,18159.638,18791.962,19412.238,20019.719,20613.601,21193.023,21757.061,22304.722,22834.946,23346.602,23838.486,24309.328,24757.796,25182.501,25582.013,25954.874,26299.620,26614.803,26899.020,27150.942,27369.350,27553.167,27701.488,27813.615,27889.078,27927.656,27929.385,27894.569,27823.766,27717.778,27577.633,27404.553,27199.925,26965.269,26702.199,26412.396,26097.569,25759.432,25399.677,25019.955,24621.861,24206.917,23776.570,23332.181,22875.026,22406.292,21927.080,21438.409,20941.212,20436.349,19924.607,19406.703,18883.292,18354.966,17822.266,17285.680,16745.651,16202.578,15656.820,15108.701,14558.513,14006.515,13452.942,12898.001,12341.879,11784.739,11226.729,10667.976,10108.595,9548.684,8988.331,8427.611,7866.588,7305.318,6743.850,6182.222,5620.468,5058.616,4496.689,3934.702,3372.672,2810.609,2248.520,1686.412,1124.287,562.150,0.000
0.000,243.759,486.926,728.909,969.123,1206.993,1441.960,1673.483,1901.040,2124.136,2342.300,2555.089,2762.089,2962.920,3157.232,3344.708,3525.063,3698.048,3863.442,4021.061,4170.749,4312.379,4445.857,4571.114,4688.106,4796.817,4897.250,4989.433,5073.411,5149.249,5217.028,5276.843,5328.803,5373.031,5409.658,5438.825,5460.684,5475.390,5483.107,5484.002,5478.248,5466.021,5447.498,5422.859,5392.287,5355.962,5314.066,5266.781,5214.287,5156.765,5094.392,5027.343,4955.793,4879.913,4799.872,4715.835,4627.965,4536.421,4441.360,4342.934,4241.292,4136.580,4028.940,3918.508,3805.420,3689.805,3571.792,3451.502,3329.056,3204.568,3078.152,2949.916,2819.965,2688.403,2555.327,2420.835,2285.020,2147.973,2009.782,1870.534,1730.312,1589.198,1447.272,1304.612,1161.296,1017.400,872.996,728.160,582.963,437.478,291.775,145.925,0.000,3615.215,7234.715,10862.723,14503.336,18160.446,21837.645,25538.113,29264.475,33018.631,36801.566,40613.147,44451.933,48315.037,52198.088,56095.345,60000.000,60000.000,60000.000,60000.000,60000.000,60000.000,60000.000,60000.000,60000.000,60000.000,60000.000,60000.000,60000.000,60000.000,57121.537,54250.768,51394.876,48560.115,45751.548,42972.944,40226.808,37514.502,34836.411,32192.114,29580.554,27000.180,24449.074,21925.039,19425.681,16948.463,14490.748,12049.829,9622.955,7207.343,4800.191,2398.683,0.000,776.912,1553.459,2329.265,3103.957,3877.161,4648.502,5417.608,6184.105,6947.621,7707.780,8464.207,9216.524,9964.350,10707.298,11444.978,12176.988,12902.918,13622.345,14334.832,15039.920,15737.133,16425.965,17105.882,17776.314,18436.653,19086.247,19724.391,20350.326,20963.229,21562.212,22146.311,22714.485,23265.609,23798.472,24311.779,24804.146,25274.108,25720.127,26140.602,26533.888,26898.315,27232.221,27533.979,27802.036,28034.953,28231.449,28390.436,28511.064,28592.747,28635.190,28638.404,28602.711,28528.733,28417.381,28269.825,28087.459,27871.865,27624.770,27348.000,27043.447,26713.023,26358.632,25982.142,25585.361,25170.023,24737.769,24290.149,23828.607,23354.488,22869.035,22373.391,21868.605,21355.635,20835.356,20308.561,19775.970,19238.236,18695.947,18149.636,17599.780,17046.809,16491.110,15933.028,15372.873,14810.921,14247.416,13682.578,13116.600,12549.654,11981.889,11413.439,10844.418,10274.928,9705.055,9134.876,8564.452,7993.840,7423.084,6852.223,6281.286,5710.300,5139.282,4568.248,3997.207,3426.167,2855.131,2284.101,1713.076,1142.053,571.029,0.000
0.000,232.897,465.243,696.486,926.079,1153.486,1378.186,1599.670,1817.452,2031.064,2240.064,2444.034,2642.584,2835.349,3021.998,3202.226,3375.759,3542.355,3701.799,3853.908,3998.526,4135.526,4264.807,4386.295,4499.939,4605.713,4703.612,4793.651,4875.863,4950.301,5017.031,5076.137,5127.714,5171.868,5208.718,5238.392,5261.026,5276.763,5285.751,5288.147,5284.109,5273.800,5257.387,5235.037,5206.920,5173.208,5134.071,5089.680,5040.207,4985.822,4926.694,4862.991,4794.876,4722.516,4646.071,4565.699,4481.558,4393.799,4302.574,4208.030,4110.310,4009.555,3905.902,3799.486,3690.437,3578.881,3464.943,3348.742,3230.395,3110.017,2987.716,2863.601,2737.773,2610.336,2481.387,2351.022,2219.332,2086.408,1952.339,1817.209,1681.104,1544.103,1406.287,1267.735,1128.524,988.730,848.427,707.689,566.589,425.198,283.589,141.833,0.000,3593.588,7191.930,10799.735,14421.614,18062.019,21725.149,25414.837,29134.387,32886.374,36672.390,40492.752,44346.204,48229.650,52138.013,56064.306,60000.000,60000.000,60000.000,60000.000,60000.000,60000.000,60000.000,60000.000,60000.000,60000.000,60000.000,60000.000,60000.000,60000.000,57089.657,54188.705,51305.782,48448.187,45621.565,42829.840,40075.337,37359.014,34680.724,32039.467,29433.617,26861.098,24319.524,21806.304,19318.715,16853.957,14409.187,11981.541,9568.154,7166.160,4772.702,2384.930,0.000,785.175,1570.017,2354.186,3137.339,3919.135,4699.233,5477.293,6252.972,7025.931,7795.823,8562.306,9325.032,10083.648,10837.797,11587.117,12331.234,13069.764,13802.311,14528.460,15247.778,15959.806,16664.061,17360.024,18047.140,18724.810,19392.389,20049.171,20694.392,21327.216,21946.732,22551.944,23141.762,23715.004,24270.381,24806.501,25321.864,25814.866,26283.805,26726.895,27142.279,27528.058,27882.320,28203.176,28488.811,28737.525,28947.790,29118.300,29248.018,29336.219,29382.521,29386.903,29349.711,29271.653,29153.770,28997.410,28804.181,28575.897,28314.537,28022.180,27700.964,27353.040,26980.529,26585.496,26169.924,25735.697,25284.585,24818.243,24338.202,23845.874,23342.554,22829.425,22307.562,21777.941,21241.445,20698.870,20150.933,19598.280,19041.488,18481.078,17917.511,17351.203,16782.521,16211.795,15639.315,15065.340,14490.097,13913.787,13336.587,12758.651,12180.113,11601.092,11021.686,10441.983,9862.056,9281.968,8701.770,8121.504,7541.206,6960.902,6380.613,5800.354,5220.137,4639.966,4059.844,3479.770,2899.741,2319.750,1739.790,1159.852,579.925,0.000
0.000,222.602,444.691,665.749,885.268,1102.747,1317.696,1529.641,1738.124,1942.706,2142.970,2338.523,2528.993,2714.036,2893.335,3066.598,3233.562,3393.992,3547.679,3694.441,3834.126,3966.603,4091.770,4209.547,4319.878,4422.728,4518.084,4605.950,4686.351,4759.326,4824.933,4883.240,4934.330,4978.297,5015.248,5045.297,5068.566,5085.186,5095.295,5099.034,5096.551,5087.997,5073.526,5053.296,5027.466,4996.195,4959.645,4917.978,4871.354,4819.937,4763.885,4703.358,4638.515,4569.510,4496.499,4419.634,4339.064,4254.936,4167.395,4076.583,3982.639,3885.699,3785.896,3683.359,3578.215,3470.588,3360.598,3248.362,3133.994,3017.607,2899.307,2779.199,2657.387,2533.968,2409.042,2282.700,2155.036,2026.139,1896.096,1764.992,1632.910,1499.933,1366.139,1231.608,1096.416,960.639,824.352,687.628,550.541,413.163,275.566,137.821,0.000,3567.208,7139.683,10722.671,14321.367,17940.867,21586.097,25261.699,28971.863,32720.089,36508.866,40339.267,44210.481,48119.347,52060.009,56023.867,60000.000,60000.000,60000.000,60000.000,60000.000,60000.000,60000.000,60000.000,60000.000,60000.000,60000.000,60000.000,60000.000,60000.000,57048.385,54108.614,51191.359,48305.286,45456.686,42649.513,39885.686,37165.494,34488.002,31851.413,29253.350,26691.071,24161.621,21661.938,19188.919,16739.464,14310.501,11898.996,9501.959,7116.441,4739.528,2368.336,0.000,793.797,1587.294,2380.183,3172.155,3962.902,4752.116,5539.487,6324.708,7107.468,7887.456,8664.359,9437.860,10207.639,10973.368,11734.716,12491.338,13242.881,13988.974,14729.234,15463.251,16190.594,16910.801,17623.378,18327.787,19023.448,19709.724,20385.921,21051.273,21704.940,22345.995,22973.414,23586.071,24182.726,24762.017,25322.456,25862.426,26380.175,26873.829,27341.394,27780.783,28189.830,28566.339,28908.117,29213.033,29479.075,29704.420,29887.493,30027.031,30122.138,30172.323,30177.529,30138.137,30054.958,29929.202,29762.435,29556.527,29313.582,29035.877,28725.797,28385.773,28018.227,27625.531,27209.973,26773.728,26318.840,25847.216,25360.619,24860.664,24348.830,23826.459,23294.765,22754.845,22207.685,21654.170,21095.091,20531.156,19962.997,19391.177,18816.195,18238.495,17658.469,17076.467,16492.793,15907.719,15321.481,14734.285,14146.314,13557.723,12968.648,12379.206,11789.496,11199.604,10609.598,10019.538,9429.472,8839.439,8249.467,7659.580,7069.794,6480.118,5890.559,5301.116,4711.787,4122.564,3533.440,2944.403,2355.438,1766.533,1177.669,588.831,0.000
0.000,212.837,425.195,636.590,846.547,1054.597,1260.281,1463.154,1662.787,1858.766,2050.700,2238.215,2420.960,2598.609,2770.858,2937.429,3098.069,3252.550,3400.669,3542.249,3677.136,3805.203,3926.342,4040.472,4147.531,4247.478,4340.292,4425.970,4504.525,4575.989,4640.407,4697.837,4748.351,4792.031,4828.972,4859.276,4883.054,4900.425,4911.514,4916.452,4915.375,4908.423,4895.740,4877.471,4853.767,4824.777,4790.652,4751.546,4707.611,4658.999,4605.862,4548.353,4486.621,4420.816,4351.084,4277.572,4200.422,4119.777,4035.774,3948.552,3858.243,3764.980,3668.890,3570.099,3468.731,3364.905,3258.739,3150.347,3039.840,2927.328,2812.915,2696.706,2578.800,2459.295,2338.288,2215.870,2092.133,1967.165,1841.053,1713.882,1585.734,1456.690,1326.830,1196.231,1064.972,933.127,800.771,667.979,534.822,401.375,267.707,133.892,0.000,3535.560,7076.922,10629.900,14200.316,17793.986,21416.674,25074.000,28771.278,32513.254,36303.719,40144.970,44037.107,47977.248,51958.808,55971.152,60000.000,60000.000,60000.000,60000.000,60000.000,60000.000,60000.000,60000.000,60000.000,60000.000,60000.000,60000.000,60000.000,60000.000,56995.270,54006.006,51045.754,48124.914,45250.379,42425.840,39652.402,36929.273,34254.378,31624.834,29037.300,26488.215,23973.952,21490.909,19035.559,16604.480,14194.357,11801.983,9424.246,7058.117,4700.634,2348.887,0.000,802.745,1605.222,2407.157,3208.274,4008.298,4806.951,5603.961,6399.049,7191.939,7982.351,8770.006,9554.619,10335.902,11113.560,11887.293,12656.790,13421.727,14181.768,14936.557,15685.718,16428.850,17165.518,17895.256,18617.552,19331.848,20037.529,20733.914,21420.248,22095.694,22759.319,23410.082,24046.825,24668.261,25272.961,25859.346,26425.677,26970.056,27490.421,27984.558,28450.118,28884.639,29285.591,29650.425,29976.636,30261.837,30503.841,30700.743,30851.001,30953.507,31007.638,31013.290,30970.892,30881.385,30746.191,30567.154,30346.464,30086.583,29790.154,29459.924,29098.669,28709.131,28293.966,27855.710,27396.745,26919.291,26425.393,25916.921,25395.575,24862.890,24320.250,23768.893,23209.927,22644.338,22073.006,21496.709,20916.139,20331.905,19744.548,19154.542,18562.306,17968.207,17372.566,16775.665,16177.748,15579.027,14979.686,14379.882,13779.751,13179.407,12578.946,11978.449,11377.982,10777.598,10177.341,9577.242,8977.326,8377.608,7778.099,7178.802,6579.716,5980.836,5382.151,4783.650,4185.317,3587.134,2989.082,2391.139,1793.283,1195.491,597.738,0.000
0.000,203.568,406.688,608.908,809.783,1008.872,1205.746,1399.988,1591.193,1778.974,1962.959,2142.797,2318.155,2488.722,2654.210,2814.352,2968.904,3117.648,3260.385,3396.944,3527.171,3650.941,3768.144,3878.696,3982.531,4079.604,4169.885,4253.367,4330.053,4399.966,4463.141,4519.628,4569.487,4612.792,4649.624,4680.076,4704.248,4722.247,4734.188,4740.192,4740.383,4734.892,4723.851,4707.396,4685.668,4658.807,4626.956,4590.258,4548.857,4502.897,4452.524,4397.880,4339.109,4276.353,4209.752,4139.445,4065.571,3988.265,3907.660,3823.888,3737.079,3647.357,3554.849,3459.677,3361.958,3261.810,3159.347,3054.680,2947.918,2839.167,2728.531,2616.111,2502.005,2386.311,2269.121,2150.527,2030.619,1909.485,1787.210,1663.879,1539.573,1414.372,1288.357,1161.605,1034.192,906.194,777.686,648.741,519.432,389.832,260.012,130.044,0.000,3498.109,7002.547,10519.692,14056.011,17618.086,21212.612,24846.350,28525.995,32257.928,36047.787,39899.786,43815.728,47793.729,51826.824,55901.934,60000.000,60000.000,60000.000,60000.000,60000.000,60000.000,60000.000,60000.000,60000.000,60000.000,60000.000,60000.000,60000.000,60000.000,56926.690,53874.386,50860.739,47898.235,44994.077,42151.066,39368.807,36644.820,33975.404,31356.245,28782.800,26250.538,23755.064,21292.185,18857.928,16448.539,14060.465,11690.334,9334.926,6991.148,4656.005,2326.579,0.000,811.985,1623.736,2435.009,3245.563,4055.154,4863.541,5670.480,6475.729,7279.043,8080.177,8878.883,9674.911,10468.007,11257.911,12044.355,12827.062,13605.744,14380.100,15149.810,15914.530,16673.894,17427.503,18174.924,18915.677,19649.234,20375.009,21092.346,21800.511,22498.678,23185.920,23861.192,24523.316,25170.969,25802.664,26416.738,27011.338,27584.413,28133.708,28656.772,29150.966,29613.495,30041.445,30431.845,30781.742,31088.292,31348.863,31561.139,31723.231,31833.763,31891.946,31897.622,31851.278,31754.026,31607.556,31414.059,31176.132,30896.674,30578.776,30225.623,29840.399,29426.214,28986.049,28522.711,28038.810,27536.745,27018.702,26486.656,25942.381,25387.462,24823.311,24251.180,23672.176,23087.278,22497.345,21903.135,21305.311,20704.456,20101.079,19495.623,18888.475,18279.971,17670.402,17060.018,16449.034,15837.635,15225.979,14614.195,14002.396,13390.672,12779.097,12167.731,11556.621,10945.801,10335.297,9725.125,9115.292,8505.801,7896.648,7287.823,6679.314,6071.103,5463.170,4855.494,4248.048,3640.806,3033.741,2426.822,1820.020,1213.304,606.641,0.000
0.000,194.764,389.108,582.610,774.851,965.420,1153.913,1339.938,1523.115,1703.078,1879.477,2051.980,2220.271,2384.055,2543.057,2697.022,2845.717,2988.929,3126.468,3258.164,3383.869,3503.455,3616.816,3723.863,3824.528,3918.760,4006.527,4087.812,4162.614,4230.946,4292.835,4348.323,4397.461,4440.311,4476.947,4507.451,4531.912,4550.429,4563.105,4570.052,4571.384,4567.221,4557.687,4542.909,4523.017,4498.143,4468.421,4433.986,4394.975,4351.522,4303.766,4251.843,4195.888,4136.037,4072.425,4005.184,3934.447,3860.342,3782.999,3702.544,3619.101,3532.793,3443.740,3352.059,3257.867,3161.277,3062.398,2961.341,2858.210,2753.110,2646.141,2537.404,2426.994,2315.006,2201.533,2086.664,1970.489,1853.094,1734.563,1614.979,1494.425,1372.979,1250.721,1127.728,1004.077,879.841,755.096,629.915,504.370,378.535,252.480,126.278,0.000,3454.328,6915.464,10390.310,13885.950,17409.734,20969.340,24572.794,28228.424,31944.677,35729.716,39590.659,43532.291,47555.118,51652.825,55809.760,60000.000,60000.000,60000.000,60000.000,60000.000,60000.000,60000.000,60000.000,60000.000,60000.000,60000.000,60000.000,60000.000,60000.000,56837.102,53704.110,50624.580,47613.211,44676.628,41815.541,39026.942,36305.795,33646.174,31041.940,28487.117,25976.072,23503.581,21064.840,18655.430,16271.283,13908.631,11563.963,9233.977,6915.542,4605.659,2301.425,0.000,821.484,1642.767,2463.638,3283.888,4103.307,4921.685,5738.814,6554.482,7368.481,8180.599,8990.622,9798.335,10603.519,11405.949,12205.394,13001.614,13794.358,14583.363,15368.346,16149.004,16925.011,17696.008,18461.599,19221.348,19974.764,20721.299,21460.331,22191.159,22912.983,23624.896,24325.861,25014.698,25690.061,26350.420,26994.041,27618.965,28222.994,28803.678,29358.310,29883.940,30377.394,30835.316,31254.238,31630.670,31961.206,32242.660,32472.205,32647.510,32766.860,32829.257,32834.473,32783.075,32676.393,32516.461,32305.910,32047.851,31745.728,31403.183,31023.925,30611.624,30169.816,29701.845,29210.817,28699.582,28170.722,27626.560,27069.166,26500.375,25921.810,25334.895,24740.879,24140.858,23535.784,22926.489,22313.696,21698.032,21080.041,20460.192,19838.892,19216.489,18593.280,17969.521,17345.428,16721.183,16096.939,15472.822,14848.936,14225.363,13602.171,12979.408,12357.113,11735.309,11114.013,10493.230,9872.959,9253.191,8633.913,8015.107,7396.750,6778.816,6161.276,5544.099,4927.253,4310.702,3694.411,3078.342,2462.458,1846.721,1231.091,615.531,0.000
0.000,186.395,372.397,557.610,741.641,924.103,1104.618,1282.816,1458.341,1630.846,1800.003,1965.495,2127.024,2284.311,2437.091,2585.122,2728.180,2866.061,2998.578,3125.569,3246.887,3362.406,3472.019,3575.638,3673.190,3764.623,3849.898,3928.994,4001.904,4068.633,4129.203,4183.644,4232.002,4274.330,4310.693,4341.161,4365.818,4384.751,4398.055,4405.832,4408.187,4405.230,4397.078,4383.847,4365.660,4342.640,4314.912,4282.605,4245.845,4204.762,4159.485,4110.144,4056.869,3999.787,3939.027,3874.717,3806.982,3735.946,3661.734,3584.467,3504.264,3421.243,3335.521,3247.212,3156.427,3063.277,2967.868,2870.306,2770.696,2669.137,2565.730,2460.570,2353.753,2245.371,2135.516,2024.275,1911.737,1797.986,1683.106,1567.180,1450.288,1332.508,1213.920,1094.600,974.624,854.066,733.000,611.499,489.637,367.484,245.113,122.595,0.000,3403.740,6814.673,10240.134,13687.745,17165.562,20682.220,24247.063,27870.230,31562.640,35335.742,39200.844,43167.659,47241.626,51419.597,55684.281,60000.000,60000.000,60000.000,60000.000,60000.000,60000.000,60000.000,60000.000,60000.000,60000.000,60000.000,60000.000,60000.000,60000.000,56717.608,53480.372,50320.262,47253.402,44283.683,41407.529,38617.623,35905.244,33261.557,30678.225,28147.657,25663.051,23218.350,20808.163,18427.670,16072.532,13738.814,11422.910,9121.477,6831.385,4549.664,2273.462,0.000,831.210,1662.251,2492.945,3323.117,4152.588,4981.184,5808.727,6635.041,7459.952,8283.282,9104.852,9924.484,10741.994,11557.196,12369.895,13179.891,13986.975,14790.922,15591.493,16388.430,17181.449,17970.238,18754.450,19533.693,20307.527,21075.450,21836.889,22591.187,23337.586,24075.212,24803.058,25519.959,26224.567,26915.331,27590.462,28247.915,28885.353,29500.133,30089.290,30649.534,31177.269,31668.635,32119.576,32525.949,32883.659,33188.827,33437.977,33628.211,33757.383,33824.224,33828.420,33770.639,33652.499,33476.475,33245.768,32964.136,32635.709,32264.810,31855.785,31412.874,30940.103,30441.221,29919.657,29378.506,28820.533,28248.182,27663.604,27068.677,26465.038,25854.107,25237.113,24615.117,23989.033,23359.649,22727.641,22093.588,21457.984,20821.253,20183.753,19545.786,18907.610,18269.436,17631.442,16993.772,16356.544,15719.852,15083.767,14448.343,13813.619,13179.618,12546.352,11913.826,11282.031,10650.955,10020.576,9390.871,8761.808,8133.354,7505.472,6878.124,6251.268,5624.862,4998.861,4373.222,3747.899,3122.845,2498.015,1873.362,1248.840,624.401,0.000
0.000,178.436,356.503,533.830,710.047,884.792,1057.707,1228.448,1396.675,1562.064,1724.302,1883.092,2038.151,2189.211,2336.023,2478.354,2615.988,2748.730,2876.401,2998.840,3115.906,3227.473,3333.436,3433.704,3528.205,3616.883,3699.695,3776.616,3847.632,3912.745,3971.968,4025.325,4072.854,4114.600,4150.620,4180.977,4205.744,4225.002,4238.836,4247.338,4250.607,4248.744,4241.856,4230.053,4213.448,4192.156,4166.296,4135.987,4101.349,4062.505,4019.577,3972.687,3921.959,3867.516,3809.479,3747.970,3683.109,3615.016,3543.809,3469.604,3392.519,3312.664,3230.154,3145.098,3057.604,2967.779,2875.728,2781.552,2685.354,2587.230,2487.279,2385.594,2282.268,2177.393,2071.058,1963.349,1854.354,1744.154,1632.835,1520.475,1407.156,1292.955,1177.950,1062.217,945.831,828.866,711.396,593.493,475.230,356.678,237.908,118.992,0.000,3345.960,6699.355,10067.809,13459.335,16882.550,20346.915,23863.006,27442.795,31099.912,34849.769,38709.314,42695.877,46824.131,51099.655,55507.769,60000.000,60000.000,60000.000,60000.000,60000.000,60000.000,60000.000,60000.000,60000.000,60000.000,60000.000,60000.000,60000.000,60000.000,56552.958,53179.510,49922.694,46796.452,43797.172,40913.270,38130.777,35436.003,32816.584,30261.747,27762.236,25310.125,22898.606,20521.793,18174.553,15852.361,13551.184,11267.384,8997.635,6738.856,4488.152,2242.759,0.000,841.129,1682.121,2522.831,3363.117,4202.833,5041.836,5879.985,6717.137,7553.151,8387.886,9221.198,10052.946,10882.983,11711.162,12537.330,13361.327,14182.985,15002.125,15818.556,16632.065,17442.420,18249.360,19052.592,19851.781,20646.543,21436.437,22220.949,22999.480,23771.333,24535.689,25291.588,26037.905,26773.317,27496.277,28204.971,28897.291,29570.785,30222.632,30849.605,31448.062,32013.943,32542.809,33029.915,33470.327,33859.091,34191.456,34463.107,34670.421,34810.689,34882.290,34884.801,34819.027,34686.957,34491.645,34237.027,33927.696,33568.651,33165.055,32722.028,32244.483,31737.005,31203.786,30648.594,30074.767,29485.237,28882.549,28268.909,27646.210,27016.077,26379.901,25738.865,25093.977,24446.093,23795.941,23144.134,22491.191,21837.548,21183.568,20529.557,19875.766,19222.399,18569.625,17917.575,17266.353,16616.038,15966.687,15318.337,14671.011,14024.716,13379.450,12735.199,12091.941,11449.647,10808.281,10167.805,9528.175,8889.343,8251.261,7613.877,6977.138,6340.990,5705.380,5070.252,4435.552,3801.223,3167.212,2533.463,1899.922,1266.534,633.245,0.000
0.000,170.861,341.377,511.196,679.974,847.367,1013.042,1176.671,1337.937,1496.532,1652.161,1804.541,1953.405,2098.499,2239.585,2376.439,2508.856,2636.647,2759.640,2877.678,2990.623,3098.354,3200.763,3297.762,3389.276,3475.246,3555.629,3630.393,3699.522,3763.011,3820.867,3873.109,3919.767,3960.880,3996.497,4026.674,4051.475,4070.975,4085.249,4094.382,4098.465,4097.591,4091.859,4081.371,4066.233,4046.553,4022.440,3994.008,3961.369,3924.641,3883.937,3839.374,3791.069,3739.139,3683.701,3624.869,3562.759,3497.486,3429.163,3357.902,3283.814,3207.009,3127.594,3045.677,2961.362,2874.752,2785.949,2695.052,2602.159,2507.367,2410.769,2312.458,2212.525,2111.059,2008.148,1903.877,1798.330,1691.591,1583.740,1474.859,1365.024,1254.315,1142.807,1030.576,917.695,804.240,690.283,575.895,461.149,346.116,230.867,115.471,0.000,3280.745,6568.977,9872.413,13199.237,16558.387,19959.884,23415.251,26938.033,30544.443,34254.108,38090.767,42082.402,46259.366,50647.124,55247.139,60000.000,60000.000,60000.000,60000.000,60000.000,60000.000,60000.000,60000.000,60000.000,60000.000,60000.000,60000.000,60000.000,60000.000,56314.713,52762.016,49394.551,46212.541,43195.282,40317.603,37556.213,34891.407,32307.030,29789.943,27329.415,24916.606,22544.155,20205.851,17896.389,15611.175,13346.177,11097.807,8862.823,6638.254,4421.328,2209.421,0.000,851.208,1702.311,2553.198,3403.756,4253.874,5103.444,5952.356,6800.501,7647.775,8494.070,9339.281,10183.303,11026.030,11867.353,12707.161,13545.338,14381.762,15216.302,16048.813,16879.139,17707.101,18532.496,19355.092,20174.619,20990.761,21803.147,22611.337,23414.809,24212.941,25004.991,25790.076,26567.135,27334.905,28091.876,28836.249,29565.888,30278.265,30970.406,31638.842,32279.572,32888.041,33459.157,33987.363,34466.766,34891.342,35255.219,35552.998,35780.104,35933.090,36009.878,36009.904,35934.152,35785.103,35566.570,35283.456,34941.433,34546.609,34105.202,33623.268,33106.507,32560.134,31988.816,31396.660,30787.232,30163.598,29528.373,28883.776,28231.681,27573.667,26911.060,26244.972,25576.334,24905.923,24234.384,23562.257,22889.983,22217.930,21546.393,20875.614,20205.783,19537.052,18869.535,18203.316,17538.454,16874.984,16212.924,15552.276,14893.027,14235.154,13578.623,12923.394,12269.418,11616.645,10965.015,10314.469,9664.945,9016.377,8368.701,7721.849,7075.756,6430.354,5785.576,5141.357,4497.631,3854.334,3211.401,2568.770,1926.376,1284.157,642.053,0.000
0.000,163.649,326.972,489.642,651.332,811.720,970.492,1127.338,1281.959,1434.065,1583.376,1729.626,1872.559,2011.935,2147.525,2279.118,2406.517,2529.539,2648.017,2761.802,2870.757,2974.763,3073.717,3167.527,3256.121,3339.435,3417.425,3490.057,3557.308,3619.171,3675.647,3726.750,3772.503,3812.940,3848.100,3878.036,3902.804,3922.469,3937.102,3946.780,3951.584,3951.603,3946.926,3937.649,3923.870,3905.690,3883.213,3856.543,3825.789,3791.058,3752.460,3710.106,3664.106,3614.571,3561.611,3505.338,3445.862,3383.291,3317.736,3249.303,3178.099,3104.229,3027.799,2948.910,2867.665,2784.162,2698.500,2610.776,2521.086,2429.523,2336.178,2241.142,2144.505,2046.352,1946.770,1845.844,1743.655,1640.285,1535.814,1430.322,1323.885,1216.581,1108.484,999.670,890.212,780.184,669.656,558.702,447.392,335.797,223.986,112.030,0.000,3208.042,6423.397,9653.627,12906.813,16191.876,19518.983,22900.082,26349.644,29885.719,33531.452,37317.246,41283.598,45483.806,49982.338,54833.663,60000.000,60000.000,60000.000,60000.000,60000.000,60000.000,60000.000,60000.000,60000.000,60000.000,60000.000,60000.000,60000.000,60000.000,55943.877,52159.292,48680.953,45463.878,42453.812,39605.647,36885.066,34266.380,31730.188,29261.581,26848.874,24482.731,22155.558,19861.068,17593.977,15349.773,13124.543,10914.844,8717.598,6530.008,4349.487,2173.597,0.000,861.414,1722.756,2583.945,3444.902,4305.548,5165.807,6025.604,6884.864,7743.517,8601.492,9458.722,10315.139,11170.676,12025.267,12878.843,13731.336,14582.669,15432.761,16281.524,17128.854,17974.635,18818.727,19660.966,20501.156,21339.058,22174.384,23006.781,23835.821,24660.980,25481.617,26296.950,27106.021,27907.662,28700.447,29482.639,30252.129,31006.363,31742.269,32456.174,33143.734,33799.881,34418.806,34994.007,35518.425,35984.689,36385.475,36713.962,36964.309,37132.094,37214.640,37211.197,37122.992,36953.155,36706.507,36389.227,36008.411,35571.598,35086.327,34559.793,33998.608,33408.677,32795.157,32162.475,31514.384,30854.035,30184.057,29506.631,28823.563,28136.342,27446.193,26754.122,26060.956,25367.367,24673.903,23981.007,23289.035,22598.268,21908.928,21221.182,20535.156,19850.938,19168.586,18488.131,17809.582,17132.930,16458.150,15785.203,15114.043,14444.611,13776.843,13110.669,12446.016,11782.805,11120.956,10460.388,9801.018,9142.764,8485.544,7829.275,7173.876,6519.267,5865.370,5212.108,4559.404,3907.184,3255.375,2603.904,1952.701,1301.695,650.818,0.000
0.000,156.777,313.249,469.105,624.039,777.748,929.935,1080.308,1228.585,1374.492,1517.763,1658.146,1795.400,1929.293,2059.611,2186.149,2308.719,2427.147,2541.271,2650.945,2756.039,2856.434,2952.028,3042.733,3128.473,3209.186,3284.824,3355.350,3420.739,3480.979,3536.068,3586.013,3630.833,3670.555,3705.215,3734.855,3759.528,3779.292,3794.209,3804.351,3809.793,3810.614,3806.899,3798.736,3786.216,3769.434,3748.486,3723.472,3694.492,3661.649,3625.046,3584.787,3540.978,3493.724,3443.131,3389.303,3332.347,3272.367,3209.467,3143.750,3075.320,3004.277,2930.722,2854.755,2776.472,2695.971,2613.348,2528.696,2442.107,2353.674,2263.484,2171.627,2078.189,1983.256,1886.911,1789.237,1690.315,1590.225,1489.046,1386.856,1283.731,1179.746,1074.977,969.497,863.378,756.693,649.514,541.912,433.956,325.718,217.266,108.670,0.000,3128.027,6262.943,9411.886,12582.511,15783.321,19024.090,22316.449,25674.743,29117.338,32668.736,36363.166,40250.940,44409.922,48964.758,54105.177,60000.000,60000.000,60000.000,60000.000,60000.000,60000.000,60000.000,60000.000,60000.000,60000.000,60000.000,60000.000,60000.000,60000.000,55301.502,51250.323,47706.091,44508.208,41550.441,38766.108,36112.025,33558.860,31085.762,28677.320,26321.769,24009.887,21734.276,19488.885,17268.679,15069.397,12887.378,10719.428,8562.718,6414.694,4273.013,2135.481,0.000,871.717,1743.392,2614.977,3486.425,4357.691,5228.728,6099.497,6969.958,7840.074,8709.812,9579.140,10448.031,11316.458,12184.397,13051.825,13918.719,14785.053,15650.800,16515.926,17380.389,18244.136,19107.098,19969.187,20830.286,21690.244,22548.869,23405.909,24261.048,25113.880,25963.892,26810.434,27652.690,28489.632,29319.971,30142.094,30953.990,31753.157,32536.501,33300.218,34039.678,34749.313,35422.549,36051.806,36628.612,37143.886,37588.407,37953.442,38231.453,38416.719,38505.776,38497.640,38393.859,38198.417,37917.481,37558.945,37131.805,36645.469,36109.148,35531.406,34919.898,34281.260,33621.117,32944.162,32254.261,31554.572,30847.662,30135.605,29420.077,28702.424,27983.726,27264.849,26546.479,25829.163,25113.329,24399.306,23687.349,22977.644,22270.326,21565.482,20863.166,20163.396,19466.170,18771.461,18079.225,17389.406,16701.932,16016.725,15333.699,14652.760,13973.813,13296.756,12621.487,11947.905,11275.903,10605.379,9936.231,9268.358,8601.659,7936.036,7271.395,6607.642,5944.685,5282.438,4620.812,3959.724,3299.092,2638.835,1978.875,1319.133,659.533,0.000
0.000,150.227,300.167,449.527,598.019,745.356,891.260,1035.453,1177.670,1317.652,1455.146,1589.915,1721.727,1850.365,1975.622,2097.304,2215.230,2329.232,2439.156,2544.860,2646.217,2743.112,2835.444,2923.125,3006.080,3084.248,3157.576,3226.027,3289.573,3348.199,3401.897,3450.672,3494.537,3533.513,3567.631,3596.930,3621.454,3641.254,3656.389,3666.922,3672.923,3674.465,3671.625,3664.485,3653.131,3637.650,3618.133,3594.673,3567.364,3536.304,3501.589,3463.320,3421.595,3376.514,3328.178,3276.688,3222.143,3164.645,3104.293,3041.186,2975.422,2907.100,2836.317,2763.166,2687.744,2610.144,2530.459,2448.778,2365.194,2279.792,2192.662,2103.889,2013.558,1921.751,1828.552,1734.041,1638.297,1541.399,1443.425,1344.451,1244.553,1143.803,1042.278,940.048,837.187,733.765,629.853,525.521,420.840,315.879,210.705,105.390,0.000,3041.122,6088.463,9148.463,12228.025,15334.808,18477.607,21666.883,24915.542,28240.152,31662.988,35215.744,38947.072,42940.185,47361.595,52622.285,60000.000,60000.000,60000.000,60000.000,60000.000,60000.000,60000.000,60000.000,60000.000,60000.000,60000.000,60000.000,60000.000,60000.000,54011.809,49834.407,46384.881,43312.420,40473.636,37796.318,35238.065,32771.274,30376.681,28040.167,25750.996,23500.772,21282.774,19091.519,16922.458,14771.757,12636.143,10512.774,8399.152,6293.037,4192.391,2095.314,0.000,882.082,1764.153,2646.197,3528.197,4410.139,5292.012,6173.806,7055.518,7937.144,8818.688,9700.156,10581.559,11462.913,12344.236,13225.550,14106.882,14988.257,15869.701,16751.242,17632.900,18514.693,19396.624,20278.686,21160.852,22043.068,22925.247,23807.255,24688.904,25569.928,26449.968,27328.542,28205.014,29078.548,29948.055,30812.123,31668.927,32516.124,33350.710,34168.871,34965.797,35735.494,36470.623,37162.405,37800.679,38374.185,38871.172,39280.298,39591.696,39797.908,39894.463,39880.092,39756.755,39529.548,39206.436,38797.657,38314.791,37769.729,37173.800,36537.205,35868.744,35175.778,34464.328,33739.240,33004.375,32262.785,31516.871,30768.513,30019.180,29270.016,28521.907,27775.534,27031.416,26289.945,25551.405,24816.001,24083.868,23355.088,22629.698,21907.700,21189.065,20473.742,19761.659,19052.731,18346.858,17643.931,16943.832,16246.441,15551.630,14859.270,14169.230,13481.378,12795.585,12111.720,11429.655,10749.264,10070.423,9393.014,8716.917,8042.021,7368.214,6695.390,6023.446,5352.281,4681.800,4011.909,3342.516,2673.534,2004.875,1336.455,668.191,0.000
0.000,143.981,287.691,430.854,573.200,714.457,854.361,992.653,1129.080,1263.396,1395.364,1524.758,1651.357,1774.955,1895.354,2012.370,2125.828,2235.569,2341.443,2443.312,2541.055,2634.558,2723.723,2808.463,2888.704,2964.382,3035.446,3101.856,3163.582,3220.604,3272.914,3320.510,3363.402,3401.608,3435.151,3464.066,3488.392,3508.174,3523.466,3534.324,3540.813,3542.999,3540.954,3534.754,3524.478,3510.207,3492.028,3470.026,3444.292,3414.916,3381.990,3345.608,3305.864,3262.853,3216.671,3167.415,3115.178,3060.059,3002.151,2941.551,2878.352,2812.649,2744.534,2674.101,2601.440,2526.642,2449.796,2370.992,2290.315,2207.851,2123.687,2037.906,1950.589,1861.819,1771.676,1680.239,1587.586,1493.794,1398.939,1303.097,1206.340,1108.744,1010.379,911.319,811.633,711.393,610.667,509.527,408.041,306.276,204.303,102.188,0.000,2947.998,5901.325,8865.479,11846.319,14850.279,17884.647,20957.935,24080.390,27264.742,30527.320,33889.749,37381.421,41042.152,44919.153,49022.370,53039.213,54734.252,55586.223,56074.072,56374.724,56562.066,56669.445,56711.115,56689.530,56596.123,56406.124,56061.684,55421.771,54101.911,50911.326,47690.615,44686.607,41882.956,39235.365,36707.464,34272.644,31911.490,29609.522,27355.671,25141.277,22959.432,20804.530,18671.960,16557.875,14459.032,12372.662,10296.374,8228.077,6165.912,4108.199,2053.385,0.000,892.479,1784.978,2677.510,3570.090,4462.734,5355.464,6248.303,7141.279,8034.427,8927.783,9821.392,10715.306,11609.579,12504.275,13399.463,14295.216,15191.615,16088.742,16986.686,17885.533,18785.373,19686.289,20588.360,21491.654,22396.223,23302.095,24209.268,25117.696,26027.276,26937.829,27849.075,28760.601,29671.819,30581.909,31489.747,32393.806,33292.032,34181.677,35059.093,35919.475,36756.572,37562.370,38326.841,39037.839,39681.328,40242.123,40705.208,41057.449,41289.083,41394.407,41371.847,41223.862,40956.933,40581.415,40110.819,39560.344,38945.235,38279.508,37575.267,36842.501,36089.195,35321.597,34544.522,33761.647,32975.761,32188.966,31402.841,30618.564,29837.006,29058.805,28284.418,27514.163,26748.248,25986.799,25229.875,24477.482,23729.586,22986.118,22246.987,21512.081,20781.268,20054.409,19331.353,18611.943,17896.015,17183.405,16473.944,15767.467,15063.804,14362.790,13664.263,12968.062,12274.029,11582.012,10891.861,10203.434,9516.589,8831.194,8147.117,7464.234,6782.426,6101.576,5421.575,4742.315,4063.694,3385.611,2707.972,2030.682,1353.650,676.785,0.000
0.000,138.021,275.786,413.037,549.515,684.967,819.142,951.795,1082.687,1211.585,1338.265,1462.511,1584.114,1702.878,1818.614,1931.147,2040.308,2145.945,2247.913,2346.081,2440.328,2530.547,2616.639,2698.521,2776.117,2849.364,2918.211,2982.616,3042.546,3097.981,3148.906,3195.320,3237.227,3274.641,3307.581,3336.076,3360.161,3379.877,3395.270,3406.393,3413.304,3416.064,3414.740,3409.402,3400.122,3386.978,3370.049,3349.416,3325.164,3297.379,3266.146,3231.555,3193.695,3152.657,3108.531,3061.408,3011.381,2958.541,2902.978,2844.785,2784.052,2720.870,2655.327,2587.513,2517.517,2445.425,2371.325,2295.301,2217.439,2137.822,2056.532,1973.652,1889.261,1803.439,1716.264,1627.815,1538.167,1447.395,1355.575,1262.781,1169.084,1074.557,979.273,883.300,786.710,689.571,591.954,493.925,395.554,296.909,198.056,99.064,0.000,2849.546,5703.358,8565.810,11441.493,14335.341,17252.767,20199.820,23183.342,26211.107,29291.801,32434.511,35646.712,38927.850,42250.493,45508.828,48400.232,50311.570,51536.567,52335.340,52862.758,53204.094,53404.601,53485.485,53450.883,53288.838,52966.688,52418.843,51523.490,50074.547,47840.969,45330.122,42787.977,40297.431,37877.406,35525.528,33233.558,30992.519,28794.247,26631.719,24499.010,22391.147,20303.955,18233.916,16178.052,14133.834,12099.098,10071.983,8050.870,6034.336,4021.109,2010.027,0.000,902.878,1805.804,2708.823,3611.979,4515.319,5418.896,6322.764,7226.985,8131.627,9036.764,9942.477,10848.856,11755.998,12664.009,13573.006,14483.113,15394.462,16307.195,17221.462,18137.420,19055.232,19975.062,20897.082,21821.460,22748.358,23677.932,24610.320,25545.634,26483.954,27425.304,28369.638,29316.809,30266.532,31218.331,32171.465,33124.834,34076.837,35025.187,35966.659,36896.751,37809.256,38695.750,39545.052,40342.807,41071.466,41711.080,42241.259,42644.108,42906.865,43022.537,42989.333,42810.228,42493.227,42051.800,41504.196,40870.881,40171.715,39424.096,38642.231,37837.183,37017.298,36188.744,35356.013,34522.348,33690.069,32860.820,32035.754,31215.664,30401.077,29592.330,28789.613,27993.011,27202.528,26418.111,25639.658,24867.036,24100.087,23338.631,22582.477,21831.421,21085.254,20343.762,19606.728,18873.935,18145.163,17420.198,16698.827,15980.838,15266.027,14554.191,13845.136,13138.670,12434.610,11732.775,11032.996,10335.105,9638.946,8944.365,8251.217,7559.363,6868.669,6179.008,5490.259,4802.306,4115.036,3428.343,2742.123,2056.275,1370.702,685.309,0.000
0.000,132.332,264.423,396.028,526.904,656.811,785.512,912.776,1038.375,1162.090,1283.708,1403.023,1519.838,1633.964,1745.224,1853.447,1958.475,2060.160,2158.363,2252.957,2343.826,2430.864,2513.977,2593.081,2668.103,2738.979,2805.656,2868.094,2926.256,2980.121,3029.672,3074.904,3115.817,3152.422,3184.735,3212.779,3236.586,3256.191,3271.636,3282.969,3290.242,3293.512,3292.840,3288.290,3279.932,3267.835,3252.075,3232.727,3209.871,3183.588,3153.959,3121.067,3084.999,3045.840,3003.675,2958.593,2910.679,2860.023,2806.710,2750.829,2692.467,2631.710,2568.645,2503.357,2435.932,2366.454,2295.007,2221.673,2146.535,2069.674,1991.169,1911.102,1829.549,1746.588,1662.296,1576.749,1490.022,1402.187,1313.319,1223.490,1132.772,1041.235,948.949,855.985,762.410,668.295,573.706,478.711,383.378,287.774,191.965,96.018,0.000,2746.828,5496.753,8252.910,11018.502,13796.825,16591.262,19405.235,22242.052,25104.544,27994.265,30909.784,33843.066,36772.042,39646.143,42362.216,44741.318,46575.231,47913.134,48867.965,49536.873,49986.953,50259.380,50375.341,50339.679,50141.657,49752.949,49123.510,48178.799,46831.819,45047.882,43000.925,40837.749,38641.386,36451.299,34283.686,32143.539,30030.783,27943.229,25877.948,23831.896,21802.193,19786.228,17781.695,15786.583,13799.153,11817.915,9841.590,7869.084,5899.454,3931.875,1965.615,0.000,913.247,1826.572,2740.046,3653.743,4567.741,5482.121,6396.970,7312.382,8228.457,9145.305,10063.044,10981.802,11901.717,12822.940,13745.633,14669.969,15596.137,16524.336,17454.779,18387.693,19323.317,20261.901,21203.709,22149.012,23098.092,24051.235,25008.728,25970.857,26937.893,27910.090,28887.661,29870.764,30859.470,31853.717,32853.249,33857.528,34865.592,35875.872,36885.899,37891.904,38888.238,39866.605,40815.090,41717.147,42550.919,43289.741,43904.907,44371.126,44672.001,44799.816,44752.997,44534.772,44154.238,43628.661,42983.596,42247.590,41446.981,40603.274,39732.733,38847.067,37954.446,37060.451,36168.830,35282.062,34401.752,33528.903,32664.109,31807.681,30959.736,30120.253,29289.123,28466.170,27651.175,26843.887,26044.039,25251.346,24465.519,23686.263,22913.283,22146.283,21384.970,20629.055,19878.254,19132.286,18390.878,17653.763,16920.680,16191.377,15465.607,14743.134,14023.729,13307.171,12593.247,11881.753,11172.496,10465.287,9759.950,9056.314,8354.219,7653.510,6954.041,6255.674,5558.278,4861.726,4165.898,3470.680,2775.962,2081.637,1387.602,693.756,0.000
0.000,126.899,253.571,379.784,505.309,629.918,753.387,875.497,996.034,1114.788,1231.559,1346.150,1458.374,1568.051,1675.013,1779.095,1880.147,1978.026,2072.600,2163.744,2251.348,2335.309,2415.534,2491.941,2564.457,2633.021,2697.580,2758.089,2814.514,2866.829,2915.018,2959.070,2998.985,3034.769,3066.435,3094.002,3117.497,3136.953,3152.405,3163.898,3171.478,3175.199,3175.115,3171.288,3163.779,3152.656,3137.988,3119.846,3098.305,3073.440,3045.329,3014.052,2979.687,2942.318,2902.025,2858.892,2813.001,2764.437,2713.283,2659.623,2603.540,2545.117,2484.438,2421.586,2356.641,2289.687,2220.803,2150.071,2077.569,2003.376,1927.570,1850.229,1771.429,1691.245,1609.752,1527.024,1443.134,1358.155,1272.157,1185.213,1097.393,1008.765,919.400,829.365,738.728,647.557,555.920,463.881,371.509,278.869,186.027,93.049,0.000,2641.012,5283.915,7930.574,10582.782,13242.195,15910.221,18587.807,21275.088,23970.751,26670.933,29367.292,32043.728,34671.109,37199.821,39552.576,41627.591,43334.901,44672.773,45686.513,46429.815,46947.465,47270.625,47416.819,47390.834,47185.164,46779.939,46143.451,45236.375,44026.049,42517.816,40787.948,38920.706,36979.067,35002.719,33014.379,31026.128,29043.844,27069.939,25104.948,23148.434,21199.499,19257.070,17320.055,15387.431,13458.281,11531.817,9607.378,7684.423,5762.519,3841.323,1920.559,0.000,923.559,1847.223,2771.091,3695.266,4619.852,5544.961,6470.710,7397.224,8324.636,9253.088,10182.736,11113.745,12046.294,12980.577,13916.801,14855.191,15795.986,16739.447,17685.849,18635.488,19588.681,20545.762,21507.091,22473.046,23444.027,24420.456,25402.775,26391.448,27386.953,28389.783,29400.436,30419.403,31447.153,32484.103,33530.573,34586.718,35652.414,36727.087,37809.436,38896.996,39985.453,41067.600,42131.811,43160.018,44125.567,44992.296,45717.737,46263.724,46610.431,46751.968,46688.309,46421.877,45960.552,45325.283,44554.218,43689.200,42765.652,41809.608,40838.694,39864.251,38893.325,37930.148,36977.168,36035.702,35106.363,34189.328,33284.502,32391.626,31510.342,30640.239,29780.874,28931.791,28092.533,27262.645,26441.681,25629.206,24824.793,24028.030,23238.515,22455.858,21679.684,20909.625,20145.329,19386.453,18632.668,17883.653,17139.102,16398.719,15662.218,14929.325,14199.779,13473.328,12749.731,12028.761,11310.198,10593.835,9879.475,9166.931,8456.026,7746.592,7038.472,6331.515,5625.580,4920.532,4216.245,3512.595,2809.469,2106.752,1404.339,702.122,0.000
0.000,121.709,243.204,364.265,484.675,604.220,722.687,839.868,955.561,1069.567,1181.695,1291.759,1399.581,1504.990,1607.823,1707.926,1805.153,1899.368,1990.442,2078.258,2162.707,2243.690,2321.116,2394.906,2464.987,2531.299,2593.787,2652.409,2707.128,2757.917,2804.757,2847.637,2886.552,2921.506,2952.509,2979.577,3002.732,3022.003,3037.423,3049.030,3056.868,3060.984,3061.431,3058.263,3051.538,3041.320,3027.672,3010.662,2990.359,2966.834,2940.161,2910.415,2877.671,2842.007,2803.500,2762.230,2718.275,2671.716,2622.633,2571.105,2517.213,2461.037,2402.657,2342.151,2279.600,2215.082,2148.676,2080.458,2010.506,1938.897,1865.705,1791.007,1714.875,1637.385,1558.609,1478.618,1397.485,1315.280,1232.074,1147.935,1062.933,977.137,890.614,803.431,715.655,627.352,538.589,449.431,359.944,270.192,180.241,90.155,0.000,2533.304,5067.323,7602.690,10139.855,12678.954,15219.619,17760.685,20299.741,22832.440,25351.425,27844.724,30293.446,32668.843,34929.455,37020.677,38881.571,40464.008,41756.546,42775.500,43548.408,44102.469,44458.836,44630.476,44621.676,44428.226,44038.194,43433.981,42597.200,41518.187,40209.383,38712.345,37078.061,35351.458,33566.132,31744.984,29902.749,28048.526,26187.736,24323.472,22457.393,20590.300,18722.497,16854.025,14984.804,13114.724,11243.696,9371.682,7498.711,5624.878,3750.339,1875.299,0.000,933.786,1867.702,2801.875,3736.433,4671.510,5607.243,6543.779,7481.273,8419.889,9359.804,10301.206,11244.299,12189.299,13136.444,14085.985,15038.196,15993.371,16951.824,17913.897,18879.953,19850.385,20825.615,21806.092,22792.304,23784.768,24784.045,25790.732,26805.473,27828.957,28861.925,29905.168,30959.531,32025.909,33105.240,34198.492,35306.624,36430.521,37570.886,38728.018,39901.441,41089.220,42286.767,43484.766,44665.770,45799.249,46836.346,47710.223,48355.801,48754.232,48909.520,48826.604,48504.090,47941.038,47157.941,46219.048,45189.609,44117.103,43031.110,41948.494,40878.245,39824.789,38789.998,37774.351,36777.581,35799.047,34837.926,33893.332,32964.370,32050.167,31149.889,30262.747,29387.994,28524.928,27672.886,26831.244,25999.410,25176.822,24362.950,23557.285,22759.345,21968.669,21184.813,20407.357,19635.897,18870.045,18109.430,17353.699,16602.510,15855.540,15112.479,14373.032,13636.916,12903.864,12173.621,11445.947,10720.612,9997.402,9276.111,8556.550,7838.534,7121.896,6406.475,5692.120,4978.688,4266.045,3554.064,2842.623,2131.607,1420.903,710.403,0.000
0.000,116.749,233.296,349.432,464.953,579.655,693.337,805.803,916.860,1026.319,1134.000,1239.724,1343.324,1444.636,1543.505,1639.782,1733.330,1824.016,1911.718,1996.323,2077.725,2155.827,2230.543,2301.793,2369.508,2433.626,2494.095,2550.871,2603.917,2653.205,2698.713,2740.429,2778.346,2812.465,2842.793,2869.342,2892.133,2911.188,2926.540,2938.220,2946.270,2950.733,2951.655,2949.088,2943.087,2933.709,2921.014,2905.066,2885.929,2863.670,2838.359,2810.066,2778.863,2744.824,2708.022,2668.532,2626.431,2581.793,2534.696,2485.216,2433.431,2379.416,2323.250,2265.006,2204.764,2142.599,2078.585,2012.799,1945.314,1876.204,1805.544,1733.406,1659.863,1584.986,1508.845,1431.512,1353.056,1273.547,1193.053,1111.642,1029.382,946.339,862.581,778.174,693.182,607.672,521.708,435.355,348.677,261.739,174.604,87.336,0.000,2424.881,4849.384,7273.008,9694.993,12114.147,14528.617,16935.572,19330.752,21707.842,24057.604,26366.734,28616.490,30781.363,32828.480,34719.106,36414.007,37883.016,39113.901,40110.534,40885.849,41455.168,41831.775,42024.574,42037.166,41867.870,41510.631,40957.079,40200.259,39240.114,38089.184,36773.990,35327.736,33782.570,32165.368,30496.677,28791.357,27059.776,25309.007,23543.810,21767.367,19981.811,18188.594,16388.744,14583.038,12772.115,10956.559,9136.943,7313.862,5487.944,3659.856,1830.299,0.000,943.900,1887.956,2832.317,3777.138,4722.578,5668.801,6615.982,7564.302,8513.959,9465.158,10418.122,11373.089,12330.316,13290.079,14252.675,15218.423,16187.669,17160.784,18138.170,19120.259,20107.517,21100.448,22099.595,23105.548,24118.943,25140.472,26170.887,27211.009,28261.736,29324.051,30399.040,31487.903,32591.968,33712.715,34851.788,36011.014,37192.409,38398.159,39630.546,40891.759,42183.441,43505.696,44854.918,46219.238,47569.497,48843.790,49931.175,50695.186,51141.339,51305.440,51204.665,50827.020,50141.760,49146.601,47974.649,46733.327,45482.301,44249.511,43046.218,41875.749,40737.905,39631.034,38552.995,37501.576,36474.676,35470.365,34486.906,33522.736,32576.452,31646.794,30732.623,29832.905,28946.695,28073.126,27211.396,26360.762,25520.531,24690.053,23868.719,23055.953,22251.210,21453.975,20663.758,19880.093,19102.537,18330.669,17564.086,16802.408,16045.269,15292.325,14543.246,13797.721,13055.455,12316.169,11579.598,10845.494,10113.623,9383.764,8655.711,7929.270,7204.259,6480.509,5757.859,5036.161,4315.275,3595.067,2875.412,2156.191,1437.289,718.595,0.000
0.000,112.007,223.823,335.251,446.096,556.165,665.270,773.223,879.840,984.945,1088.363,1189.928,1289.478,1386.857,1481.918,1574.518,1664.526,1751.815,1836.267,1917.773,1996.232,2071.548,2143.639,2212.427,2277.844,2339.829,2398.329,2453.301,2504.708,2552.521,2596.716,2637.279,2674.202,2707.483,2737.126,2763.142,2785.546,2804.361,2819.611,2831.329,2839.549,2844.312,2845.660,2843.642,2838.307,2829.709,2817.905,2802.952,2784.913,2763.850,2739.829,2712.916,2683.179,2650.688,2615.512,2577.725,2537.396,2494.600,2449.408,2401.895,2352.135,2300.200,2246.165,2190.103,2132.088,2072.193,2010.491,1947.054,1881.956,1815.266,1747.058,1677.401,1606.365,1534.022,1460.439,1385.685,1309.829,1232.938,1155.079,1076.319,996.724,916.360,835.292,753.584,671.302,588.509,505.270,421.647,337.705,253.507,169.114,84.591,0.000,2316.838,4632.325,6944.966,9252.963,11554.024,13845.131,16122.234,18379.853,20610.573,22804.416,24948.116,27024.416,29011.640,30883.995,32613.261,34172.336,35540.147,36705.509,37666.886,38429.287,39000.579,39388.521,39598.880,39634.543,39495.459,39179.381,38683.446,38006.641,37152.828,36133.250,34966.694,33676.322,32285.720,30816.092,29285.000,27706.227,26090.213,24444.707,22775.395,21086.455,19380.983,17661.324,15929.320,14186.487,12434.139,10673.482,8905.671,7131.851,5353.181,3570.842,1786.039,0.000,953.878,1907.934,2862.341,3817.278,4772.927,5729.478,6687.132,7646.096,8606.595,9568.867,10533.165,11499.762,12468.949,13441.043,14416.382,15395.330,16378.284,17365.668,18357.942,19355.604,20359.191,21369.285,22386.520,23411.581,24445.219,25488.253,26541.579,27606.186,28683.171,29773.750,30879.287,32001.319,33141.592,34302.106,35485.169,36693.472,37930.174,39199.021,40504.467,41851.816,43247.291,44697.848,46210.150,47786.933,49415.863,51038.278,52475.630,53352.553,53810.616,53966.357,53859.725,53457.701,52652.532,51312.228,49799.813,48286.965,46829.497,45438.669,44111.386,42840.915,41620.346,40443.552,39305.344,38201.388,37128.058,36082.307,35061.552,34063.581,33086.483,32128.588,31188.428,30264.692,29356.207,28461.912,27580.838,26712.097,25854.870,25008.396,24171.965,23344.913,22526.616,21716.485,20913.965,20118.532,19329.686,18546.958,17769.898,16998.084,16231.112,15468.602,14710.193,13955.543,13204.331,12456.252,11711.021,10968.368,10228.043,9489.808,8753.444,8018.743,7285.514,6553.579,5822.769,5092.930,4363.916,3635.590,2907.825,2180.498,1453.492,726.696,0.000
0.000,107.472,214.763,321.687,428.059,533.697,638.420,742.052,844.419,945.351,1044.685,1142.260,1237.923,1331.527,1422.930,1511.996,1598.598,1682.616,1763.936,1842.453,1918.068,1990.692,2060.242,2126.644,2189.829,2249.739,2306.322,2359.533,2409.336,2455.700,2498.603,2538.026,2573.962,2606.405,2635.357,2660.827,2682.827,2701.377,2716.498,2728.219,2736.572,2741.593,2743.322,2741.803,2737.081,2729.207,2718.234,2704.216,2687.211,2667.278,2644.479,2618.875,2590.533,2559.517,2525.895,2489.733,2451.102,2410.070,2366.707,2321.083,2273.269,2223.336,2171.354,2117.394,2061.527,2003.823,1944.354,1883.188,1820.397,1756.049,1690.214,1622.960,1554.355,1484.468,1413.366,1341.115,1267.782,1193.433,1118.135,1041.951,964.946,887.186,808.733,729.652,650.006,569.857,489.269,408.304,327.025,245.493,163.770,81.918,0.000,2210.145,4418.112,6621.569,8817.868,11003.855,13175.650,15328.379,17455.852,19550.183,21601.372,23596.897,25521.418,27356.785,29082.601,30677.607,32121.929,33399.726,34501.104,35422.215,36163.834,36729.340,37122.849,37347.883,37406.666,37300.042,37027.988,36590.684,35990.032,35231.306,34324.295,33283.213,32125.140,30867.897,29528.279,28121.005,26658.336,25150.144,23604.211,22026.610,20422.076,18794.340,17146.398,15480.726,13799.451,12104.473,10397.559,8680.407,6954.691,5222.088,3484.291,1743.017,0.000,963.695,1927.589,2891.877,3856.758,4822.438,5789.129,6757.055,7726.451,8697.567,9670.668,10646.038,11623.980,12604.823,13588.918,14576.642,15568.406,16564.649,17565.850,18572.523,19585.226,20604.565,21631.196,22665.835,23709.261,24762.328,25825.970,26901.220,27989.222,29091.247,30208.727,31343.274,32496.728,33671.208,34869.178,36093.538,37347.751,38636.012,39963.491,41336.686,42763.940,44256.237,45828.424,47501.055,49302.616,51268.865,53417.927,55580.596,56428.854,56782.291,56889.720,56810.259,56491.618,55698.550,53650.100,51625.574,49785.411,48110.265,46564.514,45119.991,43756.447,42459.295,41217.778,40023.751,38870.892,37754.191,36669.592,35613.760,34583.907,33577.669,32593.014,31628.176,30681.600,29751.904,28837.852,27938.322,27052.294,26178.831,25317.067,24466.201,23625.484,22794.216,21971.740,21157.438,20350.727,19551.057,18757.907,17970.787,17189.230,16412.797,15641.072,14873.662,14110.198,13350.331,12593.734,11840.098,11089.137,10340.579,9594.176,8849.691,8106.908,7365.626,6625.657,5886.827,5148.977,4411.956,3675.626,2939.855,2204.522,1469.509,734.705,0.000
0.000,103.134,206.096,308.710,410.801,512.197,612.725,712.220,810.514,907.449,1002.866,1096.616,1188.550,1278.529,1366.416,1452.084,1535.410,1616.278,1694.580,1770.213,1843.084,1913.105,1980.197,2044.285,2105.305,2163.199,2217.914,2269.408,2317.643,2362.588,2404.219,2442.518,2477.474,2509.081,2537.339,2562.253,2583.834,2602.099,2617.066,2628.760,2637.212,2642.453,2644.520,2643.453,2639.296,2632.094,2621.898,2608.757,2592.725,2573.860,2552.217,2527.858,2500.842,2471.233,2439.092,2404.486,2367.479,2328.138,2286.529,2242.719,2196.777,2148.769,2098.764,2046.829,1993.034,1937.446,1880.133,1821.162,1760.602,1698.520,1634.981,1570.055,1503.805,1436.300,1367.603,1297.780,1226.897,1155.017,1082.204,1008.522,934.034,858.805,782.895,706.367,629.285,551.708,473.699,395.320,316.631,237.693,158.568,79.317,0.000,2105.630,4208.408,6305.330,8393.086,10467.878,12525.235,14559.781,16564.993,18532.934,20453.993,22316.683,24107.575,25811.481,27412.018,28892.637,30238.047,31435.726,32476.966,33357.034,34074.494,34630.098,35025.653,35263.137,35344.196,35270.056,35041.846,34661.269,34131.498,33458.068,32649.411,31716.725,30673.127,29532.449,28308.124,27012.406,25655.969,24247.815,22795.384,21304.757,19780.900,18227.905,16649.201,15047.735,13426.118,11786.744,10131.875,8463.708,6784.418,5096.187,3401.218,1701.739,0.000,973.331,1946.879,2920.859,3895.490,4870.999,5847.617,6825.592,7805.180,8786.657,9770.313,10756.460,11745.432,12737.588,13733.313,14733.024,15737.169,16746.233,17760.742,18781.261,19808.407,20842.847,21885.306,22936.574,23997.516,25069.077,26152.300,27248.333,28358.456,29484.096,30626.861,31788.577,32971.335,34177.556,35410.076,36672.266,37968.189,39302.831,40682.439,42115.031,43611.196,45185.454,46858.706,48663.161,50653.722,52939.142,55784.027,60000.000,60000.000,60000.000,60000.000,60000.000,60000.000,60000.000,55964.147,53267.109,51119.004,49261.828,47589.342,46047.847,44605.835,43242.874,41944.794,40701.280,39504.545,38348.536,37228.434,36140.323,35080.960,34047.620,33037.977,32050.020,31081.987,30132.322,29199.635,28282.671,27380.293,26491.457,25615.205,24750.649,23896.964,23053.378,22219.170,21393.663,20576.219,19766.237,18963.151,18166.427,17375.558,16590.070,15809.512,15033.462,14261.522,13493.317,12728.496,11966.732,11207.717,10451.166,9696.813,8944.412,8193.735,7444.572,6696.728,5950.024,5204.296,4459.393,3715.172,2971.504,2228.265,1485.342,742.622,0.000
0.000,98.982,197.800,296.290,394.283,491.617,588.129,683.660,778.053,871.156,962.818,1052.897,1141.252,1227.750,1312.260,1394.661,1474.834,1552.669,1628.062,1700.915,1771.136,1838.642,1903.354,1965.202,2024.122,2080.056,2132.956,2182.775,2229.478,2273.033,2313.415,2350.606,2384.593,2415.368,2442.930,2467.281,2488.431,2506.393,2521.183,2532.825,2541.344,2546.771,2549.137,2548.481,2544.843,2538.264,2528.792,2516.474,2501.360,2483.503,2462.957,2439.778,2414.025,2385.756,2355.030,2321.911,2286.459,2248.739,2208.813,2166.745,2122.602,2076.446,2028.345,1978.362,1926.565,1873.018,1817.787,1760.938,1702.535,1642.644,1581.329,1518.656,1454.689,1389.491,1323.126,1255.659,1187.152,1117.667,1047.268,976.016,903.974,831.203,757.765,683.720,609.129,534.053,458.553,382.688,306.519,230.106,153.508,76.787,0.000,2003.967,4004.559,5998.259,7981.266,9949.338,11897.631,13820.517,15711.406,17562.568,19364.983,21108.268,22780.719,24369.547,25861.354,27242.875,28501.897,29628.163,30614.000,31454.461,32147.010,32690.906,33086.529,33334.817,33436.924,33394.139,33208.071,32881.047,32416.623,31820.058,31098.556,30261.150,29318.194,28280.647,27159.362,25964.527,24705.318,23389.765,22024.754,20616.133,19168.861,17687.179,16174.767,14634.894,13070.542,11484.509,9879.489,8258.132,6623.086,4977.025,3322.655,1662.722,0.000,982.765,1965.763,2949.228,3933.396,4918.509,5904.820,6892.595,7882.112,8873.668,9867.578,10864.178,11863.829,12866.920,13873.869,14885.124,15901.174,16922.542,17949.798,18983.556,20024.483,21073.303,22130.803,23197.841,24275.357,25364.375,26466.030,27581.571,28712.387,29860.033,31026.259,32213.051,33422.689,34657.811,35921.510,37217.462,38550.101,39924.870,41348.584,42829.971,44380.516,46015.824,47757.914,49639.271,51710.059,54050.014,56779.059,60000.000,60000.000,60000.000,60000.000,60000.000,60000.000,60000.000,56939.459,54359.825,52161.811,50228.871,48483.373,46876.437,45376.404,43961.822,42617.509,41332.310,40097.763,38907.276,37755.598,36638.457,35552.319,34494.211,33461.596,32452.284,31464.355,30496.115,29546.049,28612.792,27695.105,26791.856,25902.002,25024.579,24158.693,23303.507,22458.241,21622.161,20794.578,19974.845,19162.350,18356.519,17556.806,16762.703,15973.726,15189.424,14409.370,13633.167,12860.440,12090.841,11324.047,10559.754,9797.685,9037.582,8279.207,7522.342,6766.788,6012.360,5258.892,4506.231,3754.236,3002.777,2251.733,1500.994,750.450,0.000
0.000,95.006,189.859,284.399,378.469,471.914,564.578,656.312,746.965,836.393,924.455,1011.011,1095.931,1179.085,1260.350,1339.609,1416.749,1491.664,1564.254,1634.424,1702.088,1767.163,1829.574,1889.252,1946.136,2000.169,2051.301,2099.489,2144.697,2186.892,2226.050,2262.150,2295.179,2325.128,2351.994,2375.778,2396.487,2414.131,2428.726,2440.291,2448.850,2454.429,2457.060,2456.775,2453.613,2447.613,2438.817,2427.271,2413.021,2396.117,2376.610,2354.553,2330.001,2303.009,2273.635,2241.937,2207.975,2171.807,2133.496,2093.102,2050.687,2006.315,1960.046,1911.945,1862.075,1810.498,1757.278,1702.477,1646.160,1588.388,1529.226,1468.734,1406.977,1344.015,1279.912,1214.729,1148.527,1081.367,1013.310,944.418,874.751,804.369,733.331,661.698,589.530,516.885,443.823,370.403,296.685,222.726,148.587,74.325,0.000,1905.680,3807.602,5701.881,7584.380,9450.578,11295.434,13113.250,14897.547,16640.947,18335.102,19970.686,21537.487,23024.633,24420.975,25715.613,26898.503,27961.031,28896.409,29699.802,30368.180,30899.987,31294.739,31552.679,31674.545,31661.505,31515.252,31238.225,30833.891,30306.984,29663.607,28911.126,28057.851,27112.583,26084.152,24981.020,23811.012,22581.172,21297.734,19966.159,18591.234,17177.183,15727.795,14246.533,12736.648,11201.262,9643.440,8066.244,6472.771,4866.171,3249.656,1626.495,0.000,991.980,1984.209,2976.933,3970.403,4964.878,5960.628,6957.934,7957.094,8958.424,9962.259,10968.960,11978.911,12992.528,14010.257,15032.580,16060.016,17093.127,18132.522,19178.857,20232.846,21295.265,22366.953,23448.828,24541.891,25647.239,26766.078,27899.737,29049.694,30217.596,31405.293,32614.883,33848.761,35109.687,36400.884,37726.158,39090.065,40498.140,41957.222,43475.908,45065.219,46739.540,48517.970,50426.048,52497.301,54771.844,57282.208,60000.000,60000.000,60000.000,60000.000,60000.000,60000.000,60000.000,57433.927,55071.018,52939.674,51008.626,49239.019,47598.322,46061.738,44610.735,43231.363,41912.954,40647.197,39427.498,38248.524,37105.898,35995.964,34915.630,33862.243,32833.499,31827.375,30842.077,29875.998,28927.688,27995.826,27079.206,26176.713,25287.317,24410.062,23544.055,22688.458,21842.489,21005.411,20176.531,19355.196,18540.792,17732.739,16930.494,16133.542,15341.403,14553.624,13769.785,12989.488,12212.368,11438.082,10666.315,9896.775,9129.194,8363.325,7598.945,6835.849,6073.850,5312.781,4552.487,3792.832,3033.687,2274.936,1516.472,758.192,0.000
0.000,91.200,182.255,273.012,363.325,453.043,542.021,630.115,717.184,803.089,887.695,970.872,1052.493,1132.436,1210.582,1286.819,1361.040,1433.144,1503.032,1570.617,1635.811,1698.538,1758.724,1816.302,1871.211,1923.398,1972.813,2019.413,2063.162,2104.028,2141.985,2177.014,2209.098,2238.229,2264.402,2287.615,2307.875,2325.189,2339.572,2351.039,2359.612,2365.315,2368.177,2368.228,2365.503,2360.039,2351.874,2341.052,2327.616,2311.614,2293.092,2272.100,2248.691,2222.918,2194.834,2164.495,2131.958,2097.279,2060.517,2021.730,1980.979,1938.321,1893.818,1847.530,1799.517,1749.841,1698.562,1645.742,1591.440,1535.719,1478.638,1420.259,1360.642,1299.848,1237.936,1174.967,1111.000,1046.096,980.313,913.712,846.350,778.287,709.582,640.293,570.478,500.195,429.503,358.460,287.124,215.552,143.802,71.932,0.000,1811.152,3618.288,5417.283,7203.797,8973.161,10720.275,12439.503,14124.586,15768.572,17363.793,18901.888,20373.910,21770.523,23082.300,24300.098,25415.471,26421.049,27310.804,28080.158,28725.922,29246.121,29639.762,29906.616,30047.073,30062.085,29953.206,29722.711,29373.733,28910.380,28337.761,27661.897,26889.500,26027.683,25083.644,24064.390,22976.537,21826.179,20618.850,19359.536,18052.732,16702.526,15312.695,13886.795,12428.256,10940.452,9426.765,7890.634,6335.582,4765.232,3183.303,1593.603,0.000,1000.962,2002.185,3003.927,4006.451,5010.029,6014.945,7021.495,8029.991,9040.768,10054.179,11070.603,12090.449,13114.153,14142.189,15175.066,16213.334,17257.587,18308.468,19366.673,20432.956,21508.136,22593.099,23688.813,24796.331,25916.805,27051.499,28201.802,29369.252,30555.558,31762.631,32992.622,34247.973,35531.477,36846.363,38196.399,39586.030,41020.565,42506.407,44051.366,45665.042,47359.265,49148.479,51049.732,53081.317,55257.892,57577.942,60000.000,60000.000,60000.000,60000.000,60000.000,60000.000,60000.000,57725.285,55550.732,53517.358,51627.079,49865.921,48216.277,46661.697,45188.239,43784.489,42441.195,41150.840,39907.269,38705.391,37540.942,36410.315,35310.416,34238.566,33192.419,32169.898,31169.153,30188.514,29226.472,28281.645,27352.765,26438.662,25538.250,24650.517,23774.520,22909.374,22054.248,21208.362,20370.982,19541.415,18719.010,17903.154,17093.270,16288.815,15489.281,14694.190,13903.098,13115.589,12331.277,11549.804,10770.841,9994.085,9219.259,8446.108,7674.403,6903.937,6134.521,5365.989,4598.188,3830.985,3064.255,2297.890,1531.788,765.854,0.000
0.000,87.555,174.971,262.106,348.817,434.965,520.410,605.016,688.647,771.172,852.464,932.397,1010.851,1087.708,1162.856,1236.188,1307.600,1376.996,1444.282,1509.372,1572.184,1632.642,1690.676,1746.221,1799.218,1849.613,1897.360,1942.414,1984.741,2024.309,2061.092,2095.068,2126.222,2154.544,2180.027,2202.669,2222.474,2239.448,2253.603,2264.953,2273.518,2279.319,2282.383,2282.736,2280.412,2275.444,2267.869,2257.727,2245.058,2229.907,2212.318,2192.339,2170.019,2145.407,2118.555,2089.516,2058.344,2025.093,1989.817,1952.574,1913.421,1872.414,1829.610,1785.069,1738.848,1691.006,1641.602,1590.694,1538.341,1484.602,1429.536,1373.201,1315.657,1256.961,1197.173,1136.351,1074.552,1011.836,948.259,883.880,818.757,752.946,686.505,619.492,551.963,483.976,415.587,346.853,277.832,208.579,139.152,69.607,0.000,1720.639,3437.114,5145.168,6840.364,8517.995,10173.003,11799.902,13392.720,14944.963,16449.611,17899.164,19285.742,20601.250,21837.605,22987.009,24042.235,24996.890,25845.601,26584.103,27209.229,27718.815,28111.572,28386.951,28545.047,28586.555,28512.778,28325.681,28027.951,27623.040,27115.161,26509.201,25810.571,25025.006,24158.349,23216.361,22204.566,21128.157,19991.952,18800.403,17557.631,16267.494,14933.663,13559.698,12149.130,10705.524,9232.534,7733.945,6213.693,4675.871,3124.722,1564.613,0.000,1009.699,2019.668,3030.173,4041.489,5053.898,6067.692,7083.181,8100.692,9120.569,10143.185,11168.934,12198.243,13231.571,14269.413,15312.301,16360.812,17415.570,18477.248,19546.575,20624.339,21711.395,22808.671,23917.174,25037.998,26172.337,27321.496,28486.907,29670.141,30872.940,32097.235,33345.184,34619.212,35922.063,37256.865,38627.209,40037.252,41491.834,42996.616,44558.237,46184.438,47884.104,49667.042,51543.158,53520.400,55600.496,57771.681,60000.000,60000.000,60000.000,60000.000,60000.000,60000.000,60000.000,57916.529,55889.344,53952.050,52116.539,50381.463,48739.339,47180.727,45696.245,44277.386,42916.738,41607.952,40345.614,39125.103,37942.452,36794.232,35677.456,34589.496,33528.026,32490.965,31476.443,30482.760,29508.368,28551.844,27611.876,26687.249,25776.829,24879.562,23994.457,23120.587,22257.081,21403.116,20557.921,19720.767,18890.968,18067.878,17250.889,16439.432,15632.970,14831.003,14033.063,13238.716,12447.558,11659.216,10873.349,10089.643,9307.811,8527.594,7748.759,6971.096,6194.419,5418.560,4643.374,3868.729,3094.511,2320.618,1546.957,773.444,0.000
0.000,84.061,167.992,251.655,334.916,417.642,499.701,580.961,661.295,740.579,818.690,895.509,970.920,1044.812,1117.079,1187.616,1256.325,1323.114,1387.892,1450.577,1511.090,1569.357,1625.311,1678.889,1730.033,1778.691,1824.817,1868.368,1909.310,1947.611,1983.244,2016.188,2046.427,2073.950,2098.748,2120.820,2140.166,2156.792,2170.707,2181.924,2190.460,2196.335,2199.572,2200.198,2198.241,2193.733,2186.708,2177.204,2165.258,2150.912,2134.208,2115.191,2093.907,2070.403,2044.729,2016.933,1987.068,1955.184,1921.336,1885.576,1847.959,1808.540,1767.374,1724.516,1680.023,1633.951,1586.356,1537.295,1486.826,1435.004,1381.886,1327.530,1271.993,1215.330,1157.600,1098.858,1039.161,978.566,917.130,854.907,791.956,728.331,664.089,599.285,533.977,468.219,402.067,335.577,268.804,201.804,134.633,67.347,0.000,1634.292,3264.361,4885.910,6494.495,8085.453,9653.840,11194.382,12701.430,14168.948,15590.523,16959.415,18268.645,19511.131,20679.862,21768.097,22769.570,23678.676,24490.606,25201.425,25808.075,26308.339,26700.761,26984.569,27159.609,27226.309,27185.671,27039.285,26789.348,26438.670,25990.643,25449.176,24818.577,24103.419,23308.386,22438.139,21497.210,20489.930,19420.399,18292.492,17109.895,15876.158,14594.765,13269.205,11903.043,10499.980,9063.903,7598.920,6109.373,4599.838,3075.102,1540.127,0.000,1018.181,2036.638,3055.644,4075.479,5096.432,6118.807,7142.919,8169.105,9197.722,10229.154,11263.810,12302.132,13344.597,14391.717,15444.047,16502.185,17566.781,18638.532,19718.196,20806.591,21904.602,23013.187,24133.386,25266.324,26413.225,27575.422,28754.365,29951.645,31169.004,32408.362,33671.842,34961.799,36280.865,37631.985,39018.477,40444.086,41913.043,43430.120,45000.650,46630.480,48325.770,50092.509,51935.523,53856.676,55852.042,57908.293,60000.000,60000.000,60000.000,60000.000,60000.000,60000.000,60000.000,58051.531,56138.135,54285.055,52505.684,50804.193,49179.053,47625.807,46138.825,44712.285,43340.648,42018.857,40742.386,39507.221,38309.806,37146.990,36015.969,34914.234,33839.527,32789.804,31763.207,30758.032,29772.714,28805.807,27855.968,26921.947,26002.576,25096.760,24203.473,23321.748,22450.678,21589.403,20737.115,19893.054,19056.500,18226.776,17403.246,16585.312,15772.414,14964.028,14159.666,13358.873,12561.231,11766.352,10973.882,10183.499,9394.908,8607.846,7822.077,7037.392,6253.604,5470.553,4688.096,3906.111,3124.493,2343.149,1561.999,780.972,0.000
0.000,80.714,161.303,241.639,321.594,401.039,479.850,557.902,635.074,711.248,786.305,860.134,932.623,1003.666,1073.162,1141.011,1207.119,1271.397,1333.759,1394.125,1452.419,1508.570,1562.514,1614.188,1663.537,1710.511,1755.064,1797.154,1836.748,1873.812,1908.322,1940.256,1969.596,1996.330,2020.451,2041.953,2060.838,2077.109,2090.774,2101.843,2110.333,2116.260,2119.646,2120.516,2118.894,2114.812,2108.301,2099.395,2088.131,2074.546,2058.682,2040.579,2020.282,1997.835,1973.285,1946.679,1918.065,1887.494,1855.015,1820.680,1784.541,1746.650,1707.060,1665.824,1622.997,1578.633,1532.785,1485.509,1436.859,1386.890,1335.658,1283.217,1229.622,1174.928,1119.191,1062.465,1004.806,946.268,886.906,826.776,765.932,704.428,642.320,579.662,516.509,452.915,388.935,324.623,260.035,195.224,130.244,65.152,0.000,1552.167,3100.128,4639.618,6166.254,7675.480,9162.524,10622.356,12049.670,13438.876,14784.118,16079.327,17318.291,18494.767,19602.616,20635.948,21589.273,22457.637,23236.724,23922.915,24513.309,25005.706,25398.565,25690.955,25882.511,25973.401,25964.312,25856.440,25651.488,25351.648,24959.566,24478.281,23911.143,23261.708,22533.636,21730.600,20856.206,19913.955,18907.222,17839.273,16713.299,15532.478,14300.034,13019.315,11693.858,10327.450,8924.179,7488.459,6025.042,4539.006,3035.720,1520.792,0.000,1026.402,2053.082,3080.317,4108.392,5137.598,6168.243,7200.651,8235.163,9272.146,10311.992,11355.121,12401.988,13453.083,14508.934,15570.113,16637.238,17710.977,18792.051,19881.238,20979.383,22087.394,23206.254,24337.025,25480.856,26638.989,27812.771,29003.660,30213.241,31443.239,32695.536,33972.186,35275.441,36607.770,37971.887,39370.776,40807.710,42286.264,43810.294,45383.877,47011.163,48696.075,50441.777,52249.809,54118.784,56042.730,58009.459,60000.000,60000.000,60000.000,60000.000,60000.000,60000.000,60000.000,58151.501,56326.676,54544.440,52817.060,51150.705,49547.026,48004.793,46521.152,45092.485,43714.931,42384.674,41098.098,39851.842,38642.825,37468.227,36325.480,35212.234,34126.339,33065.819,32028.852,31013.754,30018.960,29043.013,28084.554,27142.307,26215.077,25301.738,24401.232,23512.560,22634.778,21766.996,20908.374,20058.117,19215.478,18379.750,17550.268,16726.410,15907.591,15093.265,14282.924,13476.095,12672.344,11871.271,11072.511,10275.731,9480.633,8686.950,7894.444,7102.907,6312.159,5522.042,4732.423,3943.190,3154.249,2365.522,1576.941,788.451,0.000
0.000,77.505,154.892,232.038,308.822,385.121,460.818,535.793,609.931,683.119,755.245,826.202,895.884,964.190,1031.021,1096.285,1159.890,1221.749,1281.783,1339.913,1396.066,1450.175,1502.175,1552.008,1599.620,1644.961,1687.987,1728.658,1766.939,1802.799,1836.212,1867.156,1895.614,1921.572,1945.022,1965.959,1984.382,2000.293,2013.698,2024.608,2033.035,2038.995,2042.507,2043.594,2042.280,2038.592,2032.561,2024.216,2013.594,2000.730,1985.661,1968.428,1949.071,1927.632,1904.157,1878.688,1851.274,1821.961,1790.797,1757.831,1723.113,1686.692,1648.620,1608.948,1567.727,1525.010,1480.849,1435.296,1388.405,1340.228,1290.819,1240.230,1188.516,1135.729,1081.922,1027.150,971.465,914.921,857.572,799.471,740.670,681.225,621.187,560.611,499.550,438.057,376.185,313.989,251.521,188.834,125.983,63.020,0.000,1474.248,2944.367,4406.181,5855.422,7287.690,8698.418,10082.848,11436.019,12752.767,14027.748,15255.484,16430.424,17547.031,18599.887,19583.805,20493.937,21325.877,22075.738,22740.202,23316.540,23802.611,24196.838,24498.176,24706.079,24820.473,24841.736,24770.676,24608.517,24356.869,24017.691,23593.241,23086.006,22498.633,21833.852,21094.418,20283.060,19402.462,18455.262,17444.077,16371.552,15240.420,14053.579,12814.163,11525.622,10191.784,8816.905,7405.696,5963.331,4495.424,3007.980,1507.323,0.000,1034.358,2068.994,3104.185,4140.213,5177.375,6215.977,7256.345,8298.826,9343.791,10391.637,11442.794,12497.723,13556.926,14620.943,15690.360,16765.809,17847.975,18937.596,20035.471,21142.459,22259.491,23387.566,24527.765,25681.248,26849.269,28033.176,29234.425,30454.582,31695.338,32958.517,34246.085,35560.163,36903.036,38277.161,39685.167,41129.848,42614.133,44141.028,45713.506,47334.315,49005.671,50728.785,52503.205,54325.961,56190.659,58086.822,60000.000,60000.000,60000.000,60000.000,60000.000,60000.000,60000.000,58227.832,56472.688,54749.052,53067.517,51434.664,49853.700,48325.349,46848.684,45421.768,44042.125,42707.034,41413.722,40159.472,38941.679,37757.879,36605.762,35483.163,34388.061,33318.570,32272.923,31249.470,30246.659,29263.036,28297.231,27347.954,26413.989,25494.186,24587.457,23692.776,22809.170,21935.718,21071.549,20215.841,19367.816,18526.741,17691.924,16862.718,16038.515,15218.748,14402.890,13590.450,12780.980,11974.067,11169.336,10366.447,9565.098,8765.017,7965.970,7167.751,6370.184,5573.121,4776.440,3980.040,3183.842,2387.783,1591.814,795.897,0.000
0.000,74.429,148.745,222.833,296.575,369.858,442.566,514.589,585.816,656.138,725.450,793.648,860.633,926.308,990.578,1053.354,1114.548,1174.080,1231.870,1287.844,1341.932,1394.068,1444.190,1492.243,1538.173,1581.932,1623.478,1662.770,1699.775,1734.461,1766.803,1796.779,1824.372,1849.567,1872.356,1892.731,1910.692,1926.240,1939.379,1950.117,1958.467,1964.442,1968.060,1969.341,1968.307,1964.985,1959.400,1951.584,1941.567,1929.385,1915.071,1898.664,1880.203,1859.726,1837.277,1812.898,1786.633,1758.526,1728.624,1696.974,1663.622,1628.617,1592.006,1553.841,1514.170,1473.042,1430.509,1386.621,1341.429,1294.985,1247.339,1198.543,1148.648,1097.706,1045.770,992.890,939.118,884.507,829.108,772.974,716.156,658.706,600.677,542.121,483.090,423.635,363.810,303.666,243.256,182.632,121.847,60.952,0.000,1400.459,2796.912,4185.318,5561.564,6921.440,8260.610,9574.601,10858.792,12108.424,13318.624,14484.438,15600.889,16663.045,17666.097,18605.449,19476.794,20276.197,21000.150,21645.614,22210.037,22691.360,23088.001,23398.832,23623.155,23760.677,23811.482,23776.012,23655.036,23449.619,23161.089,22790.985,22341.008,21812.966,21208.722,20530.160,19779.154,18957.572,18067.286,17110.221,16088.411,15004.073,13859.698,12658.136,11402.684,10097.160,8745.959,7354.088,5927.162,4471.380,2993.454,1500.518,0.000,1042.050,2084.374,3127.244,4170.942,5215.758,6262.000,7309.991,8360.079,9412.635,10468.060,11526.788,12589.286,13656.063,14727.667,15804.695,16887.790,17977.650,19075.026,20180.730,21295.638,22420.693,23556.908,24705.372,25867.257,27043.817,28236.398,29446.439,30675.481,31925.171,33197.262,34493.623,35816.236,37167.193,38548.691,39963.015,41412.506,42899.508,44426.288,45994.903,47607.009,49263.584,50964.552,52708.315,54491.232,56307.147,58147.176,60000.000,60000.000,60000.000,60000.000,60000.000,60000.000,60000.000,58287.176,56587.247,54911.641,53269.392,51666.851,50107.895,48594.376,47126.636,45703.965,44324.966,42987.827,41690.511,40430.882,39206.786,38016.105,36856.789,35726.865,34624.451,33547.759,32495.090,31464.834,30455.464,29465.535,28493.675,27538.586,26599.035,25673.852,24761.927,23862.207,22973.693,22095.437,21226.541,20366.154,19513.470,18667.731,17828.220,16994.266,16165.238,15340.549,14519.652,13702.042,12887.255,12074.867,11264.493,10455.787,9648.444,8842.191,8036.795,7232.056,6427.806,5623.907,4820.250,4016.749,3213.343,2409.988,1606.655,803.329,0.000
0.000,71.478,142.850,214.004,284.829,355.218,425.060,494.250,562.682,630.252,696.862,762.411,826.804,889.949,951.756,1012.138,1071.014,1128.303,1183.931,1237.827,1289.922,1340.153,1388.462,1434.793,1479.095,1521.322,1561.431,1599.385,1635.148,1668.691,1699.990,1729.020,1755.765,1780.211,1802.347,1822.168,1839.668,1854.850,1867.717,1878.275,1886.535,1892.510,1896.214,1897.667,1896.889,1893.904,1888.737,1881.416,1871.971,1860.433,1846.837,1831.216,1813.607,1794.050,1772.582,1749.245,1724.081,1697.132,1668.442,1638.056,1606.018,1572.375,1537.173,1500.459,1462.281,1422.687,1381.726,1339.446,1295.897,1251.127,1205.186,1158.124,1109.990,1060.835,1010.709,959.662,907.744,855.006,801.498,747.270,692.374,636.860,580.779,524.182,467.120,409.643,351.802,293.650,235.237,176.614,117.833,58.944,0.000,1330.676,2657.505,3976.614,5284.076,6575.895,7847.983,9096.154,10316.123,11503.515,12653.886,13762.755,14825.650,15838.162,16796.009,17695.099,18531.594,19301.968,20003.052,20632.066,21186.634,21664.792,22064.974,22385.996,22627.034,22787.597,22867.505,22866.855,22785.994,22625.483,22386.061,22068.603,21674.076,21203.500,20657.911,20038.345,19345.826,18581.384,17746.089,16841.111,15867.797,14827.764,13723.005,12556.000,11329.819,10048.212,8715.685,7337.534,5919.850,4469.479,2993.939,1501.296,0.000,1049.481,2099.228,3149.506,4200.590,5252.763,6306.328,7361.604,8418.933,9478.687,10541.266,11607.104,12676.670,13750.477,14829.080,15913.080,17003.130,18099.935,19204.259,20316.922,21438.811,22570.877,23714.144,24869.708,26038.741,27222.496,28422.309,29639.602,30875.883,32132.749,33411.883,34715.054,36044.104,37400.943,38787.526,40205.821,41657.770,43145.215,44669.813,46232.901,47835.317,49477.175,51157.581,52874.320,54623.540,56399.539,58194.742,60000.000,60000.000,60000.000,60000.000,60000.000,60000.000,60000.000,58333.658,56677.537,55040.947,53431.651,51855.567,50316.784,48817.771,47359.683,45942.668,44566.140,43229.004,41929.831,40666.986,39438.715,38243.216,37078.680,35943.318,34835.388,33753.199,32695.122,31659.593,30645.113,29650.251,28673.638,27713.969,26770.001,25840.547,24924.477,24020.715,23128.238,22246.073,21373.295,20509.027,19652.438,18802.745,17959.205,17121.125,16287.852,15458.778,14633.339,13811.013,12991.324,12173.834,11358.152,10543.926,9730.846,8918.644,8107.088,7295.985,6485.176,5674.538,4863.976,4053.424,3242.840,2432.204,1621.510,810.770,0.000
0.000,68.648,137.195,205.534,273.562,341.173,408.265,474.735,540.484,605.413,669.427,732.431,794.333,855.046,914.483,972.563,1029.206,1084.336,1137.881,1189.772,1239.945,1288.338,1334.894,1379.561,1422.288,1463.031,1501.748,1538.402,1572.959,1605.391,1635.671,1663.778,1689.694,1713.405,1734.899,1754.170,1771.213,1786.028,1798.618,1808.988,1817.147,1823.106,1826.880,1828.485,1827.940,1825.268,1820.490,1813.635,1804.729,1793.801,1780.885,1766.012,1749.217,1730.537,1710.007,1687.669,1663.560,1637.721,1610.195,1581.023,1550.249,1517.917,1484.071,1448.757,1412.020,1373.906,1334.462,1293.735,1251.772,1208.621,1164.329,1118.944,1072.515,1025.090,976.717,927.445,877.322,826.398,774.722,722.343,669.310,615.673,561.480,506.783,451.630,396.071,340.156,283.935,227.459,170.777,113.940,56.997,0.000,1264.741,2525.819,3779.556,5022.233,6250.081,7459.272,8645.909,9806.032,10935.628,12030.650,13087.046,14100.793,15067.945,15984.679,16847.345,17652.516,18397.030,19078.025,19692.963,20239.642,20716.201,21121.108,21453.145,21711.387,21895.174,22004.087,22037.910,21996.602,21880.258,21689.070,21423.291,21083.194,20669.046,20181.078,19619.483,18984.421,18276.049,17494.575,16640.338,15713.903,14716.180,13648.559,12513.041,11312.378,10050.186,8731.036,7360.514,5945.225,4492.747,3011.528,1510.725,0.000,1056.658,2113.571,3170.992,4229.185,5288.422,6348.998,7411.222,8475.431,9541.991,10611.296,11683.779,12759.909,13840.197,14925.202,16015.528,17111.833,18214.827,19325.279,20444.019,21571.940,22709.999,23859.225,25020.716,26195.646,27385.261,28590.886,29813.922,31055.844,32318.201,33602.608,34910.740,36244.316,37605.079,38994.771,40415.092,41867.647,43353.873,44874.946,46431.657,48024.259,49652.283,51314.334,53007.886,54729.101,56472.746,58232.258,60000.000,60000.000,60000.000,60000.000,60000.000,60000.000,60000.000,58369.950,56748.345,55143.029,53560.788,52007.091,50486.026,49000.381,47551.814,46141.056,44768.105,43432.414,42133.034,40868.735,39638.103,38439.603,37271.642,36132.595,35020.845,33934.794,32872.878,31833.577,30815.423,29816.997,28836.937,27873.934,26926.734,25994.137,25074.996,24168.214,23272.744,22387.590,21511.803,20644.480,19784.766,18931.851,18084.972,17243.410,16406.492,15573.589,14744.120,13917.548,13093.380,12271.172,11450.522,10631.074,9812.517,8994.584,8177.049,7359.727,6542.473,5725.177,4907.764,4090.190,3272.436,2454.509,1636.432,818.246,0.000
0.000,65.933,131.769,197.408,262.751,327.697,392.148,456.008,519.181,581.574,643.094,703.651,763.160,821.534,878.693,934.557,989.051,1042.101,1093.639,1143.598,1191.916,1238.534,1283.398,1326.455,1367.659,1406.965,1444.332,1479.725,1513.111,1544.462,1573.750,1600.957,1626.061,1649.051,1669.914,1688.642,1705.232,1719.680,1731.990,1742.166,1750.214,1756.146,1759.973,1761.711,1761.379,1758.995,1754.582,1748.163,1739.765,1729.416,1717.146,1702.985,1686.966,1669.123,1649.491,1628.108,1605.010,1580.237,1553.828,1525.824,1496.266,1465.196,1432.657,1398.692,1363.344,1326.659,1288.679,1249.452,1209.023,1167.436,1124.739,1080.976,1036.196,990.445,943.769,896.215,847.832,798.666,748.765,698.177,646.949,595.130,542.769,489.913,436.611,382.911,328.863,274.515,219.917,165.117,110.165,55.109,0.000,1202.467,2401.476,3593.558,4775.217,5942.926,7093.116,8222.178,9326.468,10402.315,11446.041,12453.985,13422.531,14348.147,15227.417,16057.087,16834.096,17555.612,18219.056,18822.118,19362.771,19839.263,20250.113,20594.090,20870.194,21077.626,21215.758,21284.096,21282.247,21209.877,21066.671,20852.295,20566.364,20208.411,19777.873,19274.089,18696.326,18043.815,17315.826,16511.764,15631.296,14674.495,13642.008,12535.228,11356.468,10109.116,8797.758,7428.260,6007.789,4544.757,3048.701,1530.078,0.000,1063.594,2127.427,3191.736,4256.769,5322.788,6390.069,7458.913,8529.645,9602.621,10678.228,11756.893,12839.081,13925.300,15016.107,16112.108,17213.960,18322.379,19438.136,20562.064,21695.060,22838.087,23992.175,25158.424,26338.003,27532.155,28742.192,29969.494,31215.507,32481.738,33769.742,35081.114,36417.467,37780.408,39171.505,40592.241,42043.958,43527.782,45044.531,46594.604,48177.850,49793.425,51439.640,53113.830,54812.260,56530.106,58261.549,60000.000,60000.000,60000.000,60000.000,60000.000,60000.000,60000.000,58397.825,56802.914,55222.103,53661.465,52126.085,50619.966,49146.048,47706.288,46301.799,44932.989,43599.705,42301.358,41037.033,39805.580,38605.685,37435.928,36294.823,35180.858,34092.512,33028.281,31986.683,30966.274,29965.650,28983.453,28018.369,27069.139,26134.547,25213.429,24304.670,23407.201,22520.004,21642.105,20772.577,19910.542,19055.164,18205.657,17361.279,16521.336,15685.179,14852.209,14021.871,13193.663,12367.126,11541.853,10717.484,9893.707,9070.257,8246.916,7423.510,6599.907,5776.016,4951.785,4127.193,3302.251,2476.995,1651.484,825.790,0.000
0.000,63.327,126.562,189.610,252.376,314.763,376.681,438.034,498.733,558.689,617.813,676.020,733.227,789.353,844.320,898.052,950.476,1001.524,1051.127,1099.224,1145.753,1190.659,1233.887,1275.389,1315.119,1353.033,1389.094,1423.264,1455.513,1485.811,1514.135,1540.462,1564.775,1587.058,1607.301,1625.495,1641.634,1655.717,1667.745,1677.720,1685.650,1691.542,1695.410,1697.265,1697.125,1695.008,1690.935,1684.927,1677.009,1667.208,1655.551,1642.067,1626.788,1609.745,1590.972,1570.504,1548.376,1524.626,1499.291,1472.409,1444.021,1414.166,1382.885,1350.220,1316.213,1280.905,1244.340,1206.562,1167.613,1127.539,1086.383,1044.191,1001.006,956.875,911.842,865.952,819.253,771.790,723.608,674.755,625.277,575.221,524.633,473.562,422.054,370.156,317.917,265.385,212.607,159.631,106.505,53.279,0.000,1143.650,2284.060,3417.982,4542.153,5653.290,6748.088,7823.220,8875.347,9901.123,10897.215,11860.322,12787.201,13674.694,14519.756,15319.490,16071.170,16772.267,17420.467,18013.684,18550.061,19027.968,19445.991,19802.909,20097.674,20329.379,20497.222,20600.469,20638.414,20610.333,20515.441,20352.856,20121.557,19820.362,19447.912,19002.676,18482.980,17887.060,17213.149,16459.597,15625.023,14708.497,13709.750,12629.395,11469.151,10232.052,8922.619,7546.981,6112.914,4629.792,3108.441,1560.884,0.000,1070.304,2140.825,3211.783,4283.404,5355.932,6429.627,7504.772,8581.679,9660.690,10742.181,11826.568,12914.311,14005.911,15101.920,16202.942,17309.633,18422.708,19542.939,20671.162,21808.275,22955.242,24113.095,25282.932,26465.921,27663.299,28876.366,30106.487,31355.085,32623.632,33913.637,35226.633,36564.152,37927.698,39318.711,40738.515,42188.262,43668.859,45180.877,46724.455,48299.182,49903.985,51537.018,53195.572,54876.031,56573.885,58283.839,60000.000,60000.000,60000.000,60000.000,60000.000,60000.000,60000.000,58418.463,56843.428,55281.068,53736.966,52215.915,50721.823,49257.686,47825.636,46427.023,45062.520,43732.243,42435.854,41172.664,39941.716,38741.855,37571.794,36430.152,35315.496,34226.368,33161.306,32118.860,31097.604,30096.143,29113.120,28147.221,27197.172,26261.748,25339.768,24430.098,23531.648,22643.377,21764.288,20893.431,20029.902,19172.843,18321.443,17474.937,16632.609,15793.790,14957.862,14124.256,13292.454,12461.987,11632.441,10803.452,9974.708,9145.950,8316.965,7487.594,6657.721,5827.278,4996.235,4164.602,3332.423,2499.768,1666.735,833.437,0.000
0.000,60.826,121.565,182.125,242.417,302.349,361.832,420.779,479.103,536.717,593.539,649.487,704.482,758.446,811.303,862.984,913.416,962.534,1010.274,1056.574,1101.378,1144.630,1186.280,1226.279,1264.583,1301.151,1335.945,1368.930,1400.074,1429.351,1456.735,1482.206,1505.745,1527.338,1546.972,1564.639,1580.334,1594.054,1605.797,1615.568,1623.372,1629.216,1633.110,1635.067,1635.102,1633.232,1629.475,1623.854,1616.389,1607.107,1596.033,1583.195,1568.621,1552.342,1534.390,1514.799,1493.601,1470.833,1446.529,1420.727,1393.465,1364.780,1334.712,1303.300,1270.585,1236.607,1201.408,1165.029,1127.512,1088.900,1049.235,1008.560,966.919,924.355,880.912,836.634,791.566,745.751,699.235,652.062,604.279,555.931,507.062,457.720,407.949,357.798,307.312,256.538,205.524,154.315,102.960,51.506,0.000,1088.074,2173.133,3252.158,4322.124,5379.994,6422.725,7447.268,8450.576,9429.614,10381.373,11302.888,12191.258,13043.671,13857.424,14629.948,15358.827,16041.818,16676.862,17262.089,17795.821,18276.558,18702.973,19073.880,19388.214,19644.993,19843.282,19982.146,20060.608,20077.599,20031.906,19922.131,19746.647,19503.569,19190.738,18805.724,18345.859,17808.296,17190.113,16488.452,15700.701,14824.720,13859.101,12803.452,11658.690,10427.322,9113.687,7724.132,6267.093,4753.057,3194.388,1605.017,0.000,1076.807,2153.806,3231.192,4309.167,5387.951,6467.783,7548.926,8631.672,9716.346,10803.311,11892.970,12985.770,14082.204,15182.817,16288.208,17399.028,18515.991,19639.866,20771.488,21911.757,23061.635,24222.156,25394.415,26579.580,27778.881,28993.614,30225.132,31474.841,32744.191,34034.663,35347.747,36684.925,38047.635,39437.233,40854.947,42301.812,43778.603,45285.746,46823.230,48390.502,49986.371,51608.922,53255.448,54922.432,56605.581,58299.926,60000.000,60000.000,60000.000,60000.000,60000.000,60000.000,60000.000,58432.626,56871.312,55321.839,53789.493,52278.881,50793.833,49337.364,47911.689,46518.288,45157.991,43831.071,42537.343,41276.255,40046.972,38848.445,37679.467,36538.727,35424.846,34336.403,33271.965,32230.101,31209.395,30208.456,29225.925,28260.482,27310.842,26375.766,25454.057,24544.562,23646.170,22757.818,21878.486,21007.199,20143.030,19285.096,18432.560,17584.636,16740.583,15899.714,15061.390,14225.025,13390.086,12556.095,11722.630,10889.322,10055.862,9221.993,8387.516,7552.282,6716.198,5879.218,5041.342,4202.614,3363.113,2522.952,1682.270,841.229,0.000
0.000,58.425,116.767,174.940,232.856,290.430,347.577,404.212,460.253,515.618,570.228,624.004,676.872,728.756,779.585,829.290,877.804,925.064,971.008,1015.577,1058.716,1100.373,1140.498,1179.045,1215.971,1251.236,1284.802,1316.638,1346.711,1374.995,1401.465,1426.102,1448.886,1469.803,1488.841,1505.991,1521.247,1534.605,1546.065,1555.629,1563.300,1569.086,1572.995,1575.040,1575.233,1573.591,1570.131,1564.872,1557.836,1549.046,1538.526,1526.302,1512.402,1496.854,1479.689,1460.937,1440.632,1418.806,1395.493,1370.729,1344.550,1316.992,1288.093,1257.889,1226.421,1193.727,1159.846,1124.819,1088.685,1051.486,1013.263,974.056,933.909,892.862,850.958,808.240,764.750,720.532,675.629,630.084,583.942,537.247,490.044,442.376,394.290,345.829,297.041,247.971,198.664,149.167,99.527,49.789,0.000,1035.512,2068.239,3095.394,4114.189,5121.836,6115.550,7092.552,8050.076,8985.385,9895.775,10778.598,11631.273,12451.309,13236.322,13984.050,14692.372,15359.317,15983.074,16561.991,17094.574,17579.472,18015.463,18401.425,18736.309,19019.099,19248.766,19424.224,19544.274,19607.548,19612.453,19557.115,19439.331,19256.530,19005.747,18683.623,18286.434,17810.151,17250.556,16603.397,15864.609,15030.581,14098.482,13066.622,11934.836,10704.860,9380.676,7968.768,6478.270,4920.954,3311.037,1664.796,0.000,1083.129,2166.420,3250.037,4334.153,5418.962,6504.675,7591.529,8679.796,9769.778,10861.820,11956.309,13053.678,14154.407,15259.033,16368.143,17482.386,18602.467,19729.156,20863.283,22005.745,23157.507,24319.598,25493.116,26679.226,27879.157,29094.201,30325.708,31575.078,32843.751,34133.194,35444.883,36780.278,38140.789,39527.742,40942.324,42385.529,43858.079,45360.353,46892.287,48453.286,50042.129,51656.894,53294.900,54952.694,56626.095,58310.288,60000.000,60000.000,60000.000,60000.000,60000.000,60000.000,60000.000,58440.757,56887.396,55345.544,53820.361,52316.374,50837.373,49386.368,47965.601,46576.599,45220.246,43896.880,42606.374,41348.234,40121.677,38925.696,37759.122,36620.673,35508.990,34422.672,33360.294,32320.431,31301.668,30302.612,29321.898,28358.193,27410.203,26476.672,25556.387,24648.173,23750.901,22863.484,21984.879,21114.088,20250.156,19392.175,18539.286,17690.675,16845.581,16003.291,15163.149,14324.548,13486.942,12649.842,11812.814,10975.490,10137.558,9298.769,8458.934,7617.922,6775.660,5932.132,5087.369,4241.452,3394.505,2546.686,1698.184,849.213,0.000
0.000,56.120,112.161,168.041,223.676,278.985,333.887,388.301,442.150,495.354,547.837,599.526,650.348,700.231,749.108,796.913,843.580,889.050,933.263,976.163,1017.697,1057.814,1096.466,1133.610,1169.203,1203.207,1235.586,1266.308,1295.342,1322.662,1348.244,1372.068,1394.116,1414.373,1432.827,1449.469,1464.292,1477.292,1488.469,1497.822,1505.356,1511.076,1514.990,1517.110,1517.447,1516.016,1512.832,1507.915,1501.284,1492.960,1482.966,1471.328,1458.071,1443.222,1426.809,1408.863,1389.414,1368.493,1346.133,1322.368,1297.232,1270.759,1242.985,1213.947,1183.682,1152.227,1119.619,1085.897,1051.101,1015.268,978.438,940.652,901.950,862.371,821.957,780.748,738.787,696.115,652.773,608.805,564.253,519.159,473.568,427.522,381.066,334.243,287.099,239.678,192.025,144.184,96.203,48.126,0.000,985.736,1968.917,2946.989,3917.402,4877.613,5825.088,6757.312,7671.793,8566.074,9437.745,10284.455,11103.926,11893.971,12652.504,13377.559,14067.293,14720.004,15334.125,15908.228,16441.012,16931.294,17377.981,17780.048,18136.499,18446.326,18708.459,18921.711,19084.716,19195.867,19253.243,19254.544,19197.032,19077.472,18892.096,18636.589,18306.103,17895.320,17398.562,16809.972,16123.757,15334.513,14437.625,13429.719,12309.170,11076.607,9735.389,8291.995,6756.266,5141.453,3464.011,1743.130,0.000,1089.299,2178.725,3268.406,4358.480,5449.108,6540.469,7632.773,8726.261,9821.214,10917.953,12016.845,13118.305,14222.801,15330.854,16443.042,17560.005,18682.442,19811.115,20946.852,22090.548,23243.165,24405.730,25579.344,26765.169,27964.438,29178.445,30408.540,31656.129,32922.656,34209.593,35518.425,36850.621,38207.605,39590.719,41001.173,42439.986,43907.914,45405.374,46932.346,48488.284,50072.017,51681.668,53314.596,54967.374,56635.829,58315.138,60000.000,60000.000,60000.000,60000.000,60000.000,60000.000,60000.000,58443.029,56892.012,55352.636,53830.106,52328.970,50853.019,49405.250,47987.880,46602.403,45249.673,43929.995,42643.216,41388.820,40166.004,38973.746,37810.866,36676.072,35567.997,34485.231,33426.344,32389.901,31374.479,30378.674,29401.109,28440.439,27495.354,26564.582,25646.891,24741.088,23846.020,22960.579,22083.696,21214.349,20351.556,19494.385,18641.948,17793.408,16947.976,16104.917,15263.552,14423.255,13583.464,12743.674,11903.447,11062.406,10220.242,9376.712,8531.639,7684.910,6836.478,5986.356,5134.614,4281.374,3426.810,2571.132,1714.586,857.446,0.000
0.000,53.906,107.738,161.415,214.860,267.994,320.739,373.020,424.761,475.888,526.328,576.009,624.863,672.822,719.821,765.796,810.685,854.430,896.975,938.266,978.252,1016.883,1054.114,1089.902,1124.207,1156.991,1188.220,1217.862,1245.888,1272.272,1296.991,1320.025,1341.356,1360.969,1378.851,1394.994,1409.391,1422.038,1432.931,1442.073,1449.465,1455.112,1459.023,1461.206,1461.673,1460.436,1457.511,1452.915,1446.666,1438.785,1429.293,1418.213,1405.570,1391.389,1375.697,1358.523,1339.895,1319.844,1298.400,1275.596,1251.463,1226.036,1199.348,1171.434,1142.330,1112.070,1080.692,1048.232,1014.727,980.215,944.734,908.322,871.017,832.859,793.886,754.139,713.658,672.482,630.653,588.211,545.197,501.654,457.623,413.148,368.269,323.032,277.479,231.653,185.600,139.363,92.988,46.518,0.000,938.515,1874.704,2806.244,3730.818,4646.125,5549.877,6439.815,7313.709,8169.374,9004.677,9817.551,10606.007,11368.144,12102.166,12806.387,13479.239,14119.281,14725.195,15295.783,15829.954,16326.710,16785.119,17204.287,17583.313,17921.247,18217.033,18469.444,18677.014,18837.962,18950.106,19010.787,19016.781,18964.230,18848.578,18664.534,18406.070,18066.462,17638.401,17114.172,16485.933,15746.091,14887.784,13905.459,12795.518,11557.008,10192.278,8707.556,7113.347,5424.580,3660.423,1843.712,0.000,1095.355,2190.794,3286.404,4382.286,5478.558,6575.365,7672.881,8771.318,9870.927,10972.002,12074.886,13179.976,14287.721,15398.627,16513.260,17632.247,18756.279,19886.113,21022.570,22166.541,23318.984,24480.929,25653.473,26837.784,28035.098,29246.714,30473.994,31718.355,32981.261,34264.207,35568.710,36896.278,38248.390,39626.452,41031.753,42465.411,43928.296,45420.953,46943.504,48495.543,50076.034,51683.205,53314.473,54966.401,56634.723,58314.439,60000.000,60000.000,60000.000,60000.000,60000.000,60000.000,60000.000,58439.371,56885.026,55342.940,53818.528,52316.466,50840.584,49393.848,47978.393,46595.601,45246.201,43930.373,42647.849,41398.010,40179.965,38992.619,37834.733,36704.967,35601.916,34524.140,33470.182,32438.586,31427.911,30436.736,29463.666,28507.342,27566.435,26639.655,25725.750,24823.507,23931.751,23049.349,22175.209,21308.281,20447.558,19592.078,18740.927,17893.237,17048.196,16205.041,15363.069,14521.632,13680.149,12838.102,11995.041,11150.583,10304.421,9456.317,8606.107,7753.699,6899.072,6042.275,5183.419,4322.675,3460.269,2596.474,1731.601,865.989,0.000
0.000,51.780,103.489,155.051,206.391,257.436,308.109,358.340,408.056,457.186,505.661,553.412,600.374,646.482,691.672,735.885,779.063,821.147,862.085,901.824,940.316,977.514,1013.372,1047.851,1080.911,1112.515,1142.631,1171.227,1198.276,1223.752,1247.632,1269.897,1290.529,1309.513,1326.837,1342.492,1356.469,1368.766,1379.379,1388.308,1395.555,1401.124,1405.023,1407.258,1407.841,1406.785,1404.102,1399.808,1393.921,1386.459,1377.445,1366.897,1354.841,1341.299,1326.298,1309.864,1292.025,1272.809,1252.246,1230.366,1207.200,1182.781,1157.140,1130.310,1102.326,1073.221,1043.031,1011.789,979.533,946.299,912.121,877.037,841.085,804.302,766.725,728.393,689.344,649.617,609.251,568.287,526.763,484.721,442.201,399.244,355.893,312.189,268.175,223.893,179.388,134.701,89.878,44.963,0.000,893.621,1785.141,2672.463,3553.503,4426.191,5288.482,6138.362,6973.854,7793.035,8594.038,9375.066,10134.406,10870.434,11581.630,12266.583,12923.995,13552.686,14151.592,14719.755,15256.311,15760.472,16231.500,16668.667,17071.219,17438.318,17768.982,18062.018,18315.935,18528.859,18698.433,18821.716,18895.076,18914.090,18873.452,18766.900,18587.180,18326.059,17974.408,17522.383,16959.713,16276.134,15461.963,14508.814,13410.436,12163.628,10769.159,9232.604,7564.985,5783.098,3909.390,1971.296,0.000,1101.336,2202.708,3304.155,4405.730,5507.509,6609.593,7712.119,8815.259,9919.233,11024.306,12130.794,13239.070,14349.562,15462.759,16579.213,17699.537,18824.414,19954.588,21090.877,22234.166,23385.410,24545.637,25715.947,26897.509,28091.566,29299.430,30522.478,31762.147,33019.933,34297.371,35596.031,36917.492,38263.321,39635.035,41034.063,42461.689,43918.981,45406.707,46925.234,48474.406,50053.419,51660.686,53293.720,54949.055,56622.235,58307.901,60000.000,60000.000,60000.000,60000.000,60000.000,60000.000,60000.000,58429.454,56865.821,55315.622,53784.669,52277.865,50799.102,49351.277,47936.366,46555.543,45209.305,43897.605,42619.966,41375.585,40163.413,38982.228,37830.684,36707.357,35610.778,34539.451,33491.882,32466.580,31462.076,30476.926,29509.716,28559.065,27623.626,26702.090,25793.184,24895.673,24008.360,23130.087,22259.737,21396.231,20538.533,19685.655,18836.649,17990.620,17146.724,16304.170,15462.228,14620.226,13777.562,12933.699,12088.175,11240.601,10390.667,9538.143,8682.877,7824.801,6963.922,6100.327,5234.174,4365.688,3495.158,2622.924,1749.370,874.915,0.000
0.000,49.737,99.407,148.937,198.256,247.292,295.975,344.236,392.005,439.216,485.801,531.696,576.838,621.164,664.615,707.132,748.660,789.145,828.534,866.778,903.829,939.643,974.176,1007.390,1039.246,1069.710,1098.749,1126.332,1152.434,1177.028,1200.094,1221.611,1241.563,1259.933,1276.712,1291.888,1305.454,1317.406,1327.740,1336.456,1343.555,1349.042,1352.920,1355.199,1355.887,1354.996,1352.540,1348.530,1342.986,1335.924,1327.362,1317.323,1305.827,1292.897,1278.558,1262.834,1245.752,1227.340,1207.624,1186.634,1164.400,1140.951,1116.319,1090.536,1063.633,1035.644,1006.601,976.538,945.489,913.489,880.572,846.774,812.131,776.678,740.452,703.489,665.827,627.503,588.554,549.020,508.938,468.348,427.290,385.803,343.929,301.708,259.182,216.393,173.383,130.196,86.874,43.461,0.000,850.828,1699.775,2544.966,3384.540,4216.655,5039.499,5851.295,6650.312,7434.875,8203.373,8954.270,9686.116,10397.556,11087.338,11754.320,12397.471,13015.877,13608.732,14175.333,14715.062,15227.369,15711.741,16167.664,16594.579,16991.822,17358.561,17693.711,17995.850,18263.107,18493.052,18682.567,18827.716,18923.603,18964.241,18942.435,18849.692,18676.185,18410.790,18041.237,17554.401,16936.770,16175.121,15257.398,14173.783,12917.909,11488.127,9888.716,8130.892,6233.436,4222.742,2132.081,0.000,1107.292,2214.563,3321.799,4429.000,5536.189,6643.422,7750.788,8858.420,9966.500,11075.259,12184.984,13296.021,14408.776,15523.718,16641.382,17762.368,18887.344,20017.047,21152.285,22293.938,23442.958,24600.370,25767.274,26944.847,28134.337,29337.071,30554.446,31787.930,33039.055,34309.415,35600.651,36914.435,38252.458,39616.392,41007.859,42428.380,43879.305,45361.728,46876.378,48423.480,50002.595,51612.437,53250.696,54913.886,56597.273,58294.935,60000.000,60000.000,60000.000,60000.000,60000.000,60000.000,60000.000,58412.645,56833.220,55269.109,53726.731,52211.303,50726.776,49275.898,47860.374,46481.033,45138.016,43830.931,42558.991,41321.124,40116.058,38942.386,37798.615,36683.205,35594.596,34531.223,33491.534,32473.999,31477.114,30499.406,29539.438,28595.807,27667.147,26752.127,25849.454,24957.870,24076.156,23203.128,22337.641,21478.588,20624.904,19775.566,18929.596,18086.066,17244.098,16402.870,15561.620,14719.651,13876.332,13031.108,12183.501,11333.111,10479.627,9622.824,8762.563,7898.798,7031.570,6161.009,5287.322,4410.797,3531.791,2650.722,1768.057,884.305,0.000
0.000,47.775,95.486,143.063,190.439,237.546,284.316,330.683,376.581,421.946,466.714,510.824,554.214,596.826,638.603,679.488,719.428,758.370,796.267,833.069,868.730,903.209,936.463,968.455,999.148,1028.509,1056.505,1083.108,1108.292,1132.032,1154.307,1175.097,1194.386,1212.159,1228.405,1243.113,1256.276,1267.887,1277.945,1286.449,1293.398,1298.797,1302.650,1304.963,1305.746,1305.009,1302.763,1299.022,1293.802,1287.118,1278.990,1269.435,1258.475,1246.131,1232.426,1217.384,1201.030,1183.389,1164.489,1144.356,1123.019,1100.506,1076.848,1052.075,1026.216,999.303,971.369,942.445,912.564,881.758,850.061,817.508,784.131,749.966,715.047,679.410,643.090,606.124,568.547,530.396,491.710,452.525,412.882,372.817,332.371,291.584,250.496,209.149,167.585,125.845,83.973,42.010,0.000,809.917,1618.166,2423.087,3223.036,4016.391,4801.564,5577.007,6341.225,7092.781,7830.309,8552.524,9258.232,9946.336,10615.847,11265.887,11895.694,12504.619,13092.127,13657.782,14201.236,14722.202,15220.431,15695.670,16147.610,16575.832,16979.727,17358.417,17710.647,18034.667,18328.100,18587.786,18809.619,18988.364,19117.473,19188.906,19192.969,19118.199,18951.331,18677.375,18279.883,17741.424,17044.354,16171.874,15109.389,13846.098,12376.724,10703.242,8836.431,6797.014,4616.061,2334.288,0.000,1113.277,2226.470,3339.501,4452.309,5564.862,6677.157,7789.236,8901.185,10013.144,11125.307,12237.928,13351.325,14465.879,15582.037,16700.315,17821.297,18945.638,20074.065,21207.376,22346.444,23492.215,24645.712,25808.038,26980.371,28163.970,29360.176,30570.409,31796.172,33039.044,34300.684,35582.817,36887.234,38215.773,39570.300,40952.683,42364.743,43808.200,45284.586,46795.129,48340.593,49921.087,51535.807,53182.769,54858.540,56558.048,58274.571,60000.000,60000.000,60000.000,60000.000,60000.000,60000.000,60000.000,58387.928,56785.344,55200.915,53641.908,52113.923,50620.892,49165.273,47748.315,46370.329,45030.935,43729.262,42464.104,41234.034,40037.489,38872.829,37738.378,36632.453,35553.383,34499.521,33469.249,32460.988,31473.196,30504.371,29553.049,28617.806,27697.254,26790.044,25894.860,25010.423,24135.489,23268.848,22409.327,21555.789,20707.136,19862.312,19020.302,18180.142,17340.918,16501.771,15661.905,14820.589,13977.164,13131.050,12281.747,11428.846,10572.028,9711.072,8845.853,7976.349,7102.635,6224.885,5343.367,4458.435,3570.525,2680.142,1787.849,894.255,0.000
0.000,45.890,91.718,137.419,182.928,228.180,273.111,317.657,361.756,405.346,448.367,490.759,532.465,573.428,613.592,652.905,691.315,728.773,765.231,800.642,834.964,868.154,900.174,930.986,960.555,988.848,1015.836,1041.490,1065.785,1088.696,1110.203,1130.288,1148.933,1166.124,1181.849,1196.099,1208.865,1220.143,1229.929,1238.220,1245.019,1250.326,1254.147,1256.487,1257.355,1256.759,1254.711,1251.223,1246.310,1239.987,1232.270,1223.178,1212.731,1200.948,1187.852,1173.464,1157.809,1140.911,1122.796,1103.488,1083.015,1061.406,1038.687,1014.888,990.038,964.166,937.303,909.480,880.727,851.077,820.561,789.212,757.061,724.143,690.490,656.136,621.116,585.464,549.215,512.404,475.068,437.243,398.967,360.277,321.212,281.810,242.112,202.158,161.989,121.647,81.173,40.610,0.000,770.674,1539.885,2306.181,3068.125,3824.309,4573.358,5313.946,6044.800,6764.714,7472.558,8167.287,8847.952,9513.710,10163.827,10797.688,11414.797,12014.779,12597.375,13162.434,13709.896,14239.771,14752.113,15246.974,15724.361,16184.167,16626.099,17049.584,17453.654,17836.815,18196.894,18530.858,18834.610,19102.761,19328.382,19502.748,19615.078,19652.313,19598.958,19437.051,19146.331,18704.689,18088.996,17276.356,16245.801,14980.370,13469.430,11711.097,9714.575,7502.129,5110.201,2589.011,0.000,1119.355,2238.554,3357.446,4475.903,5593.824,6711.147,7827.858,8943.991,10059.639,11174.957,12290.163,13405.543,14521.452,15638.314,16756.625,17876.952,18999.937,20126.291,21256.805,22392.342,23533.843,24682.327,25838.895,27004.729,28181.098,29369.355,30570.944,31787.404,33020.365,34271.554,35542.793,36836.002,38153.186,39496.437,40867.907,42269.782,43704.235,45173.351,46679.012,48222.728,49805.395,51426.970,53086.062,54779.478,56501.822,58245.303,60000.000,60000.000,60000.000,60000.000,60000.000,60000.000,60000.000,58353.747,56719.350,55107.349,53526.131,51981.665,50477.686,49016.091,47597.400,46221.161,44886.271,43591.227,42334.287,41113.585,39927.209,38773.245,37649.804,36555.042,35487.165,34444.434,33425.163,32427.721,31450.528,30492.051,29550.802,28625.335,27714.243,26816.157,25929.740,25053.693,24186.746,23327.663,22475.242,21628.313,20785.744,19946.442,19109.352,18273.471,17437.842,16601.566,15763.807,14923.796,14080.839,13234.324,12383.729,11528.625,10668.686,9803.691,8933.528,8058.199,7177.814,6292.599,5402.884,4509.100,3611.770,2711.498,1808.957,904.871,0.000
0.000,44.077,88.096,131.994,175.708,219.177,262.340,305.136,347.506,389.389,430.729,471.469,511.554,550.929,589.541,627.341,664.278,700.304,735.375,769.446,802.475,834.423,865.251,894.923,923.406,950.668,976.680,1001.415,1024.848,1046.957,1067.719,1087.118,1105.136,1121.760,1136.979,1150.781,1163.160,1174.109,1183.625,1191.707,1198.353,1203.567,1207.350,1209.710,1210.654,1210.188,1208.326,1205.076,1200.454,1194.473,1187.150,1178.500,1168.543,1157.299,1144.786,1131.027,1116.044,1099.860,1082.500,1063.988,1044.349,1023.610,1001.798,978.940,955.064,930.198,904.371,877.613,849.952,821.420,792.047,761.863,730.899,699.188,666.761,633.650,599.888,565.509,530.545,495.031,459.002,422.492,385.539,348.177,310.447,272.383,234.027,195.417,156.594,117.600,78.474,39.260,0.000,732.893,1464.520,2193.626,2918.976,3639.361,4353.615,5060.618,5759.315,6448.718,7127.922,7796.113,8452.581,9096.725,9728.064,10346.241,10951.027,11542.324,12120.161,12684.683,13236.142,13774.875,14301.275,14815.753,15318.691,15810.376,16290.920,16760.167,17217.569,17662.045,18091.804,18504.143,18895.203,19259.687,19590.547,19878.626,20112.283,20277.017,20355.137,20325.540,20163.700,19842.006,19330.587,18598.751,17617.089,16360.151,14809.528,12957.140,10808.644,8386.725,5733.604,2911.556,0.000,1125.600,2250.959,3375.848,4500.058,5623.415,6745.789,7867.101,8987.330,10106.519,11224.778,12342.287,13459.301,14576.144,15693.219,16810.999,17930.035,19050.951,20174.448,21301.303,22432.371,23568.583,24710.956,25860.585,27018.653,28186.436,29365.299,30556.708,31762.233,32983.554,34222.467,35480.892,36760.880,38064.619,39394.437,40752.803,42142.315,43565.673,45025.632,46524.897,48065.962,49650.839,51280.651,52955.057,54671.510,56424.469,58204.824,60000.000,60000.000,60000.000,60000.000,60000.000,60000.000,60000.000,58307.731,56630.994,54983.050,53373.664,51808.999,50292.184,48824.107,47404.149,46030.766,44701.898,43415.235,42168.386,40958.973,39784.689,38643.316,37532.737,36450.938,35395.999,34366.089,33359.454,32374.416,31409.358,30462.719,29532.990,28618.706,27718.444,26830.816,25954.468,25088.078,24230.352,23380.028,22535.872,21696.681,20861.286,20028.552,19197.384,18366.731,17535.590,16703.017,15868.127,15030.106,14188.220,13341.820,12490.351,11633.364,10770.516,9901.585,9026.468,8145.190,7257.902,6364.881,5466.528,4563.358,3655.994,2745.151,1831.626,916.276,0.000
0.000,42.335,84.615,126.779,168.768,210.524,251.986,293.099,333.805,374.047,413.770,452.921,491.445,529.292,566.410,602.752,638.270,672.918,706.652,739.431,771.213,801.961,831.638,860.210,887.644,913.909,938.978,962.824,985.422,1006.752,1026.792,1045.524,1062.934,1079.007,1093.731,1107.096,1119.095,1129.722,1138.973,1146.846,1153.340,1158.457,1162.200,1164.573,1165.583,1165.239,1163.550,1160.525,1156.179,1150.524,1143.575,1135.349,1125.862,1115.132,1103.180,1090.025,1075.688,1060.192,1043.560,1025.814,1006.979,987.081,966.144,944.194,921.260,897.366,872.541,846.812,820.209,792.759,764.492,735.437,705.623,675.081,643.841,611.934,579.391,546.244,512.524,478.266,443.501,408.264,372.589,336.512,300.069,263.298,226.236,188.923,151.398,113.702,75.875,37.961,0.000,696.377,1391.676,2084.829,2774.791,3460.546,4141.121,4815.598,5483.124,6142.921,6794.298,7436.663,8069.534,8692.546,9305.463,9908.184,10500.746,11083.331,11656.262,12219.995,12775.115,13322.312,13862.358,14396.073,14924.276,15447.725,15967.038,16482.594,16994.412,17501.992,18004.135,18498.708,18982.370,19450.238,19895.494,20308.927,20678.410,20988.335,21219.035,21346.272,21340.923,21169.049,20792.595,20170.974,19263.652,18033.618,16451.392,14499.291,12176.137,9502.524,6525.935,3323.609,0.000,1132.092,2263.850,3394.949,4525.092,5654.022,6781.530,7907.470,9031.757,10154.381,11275.405,12394.970,13513.294,14630.676,15747.492,16864.195,17981.318,19099.469,20219.334,21341.679,22467.346,23597.258,24732.422,25873.929,27022.960,28180.790,29348.793,30528.451,31721.360,32929.243,34153.958,35397.516,36662.094,37950.056,39263.970,40606.630,41981.071,43390.578,44838.668,46329.037,47865.432,49451.388,51089.774,52782.033,54527.056,56319.731,58149.528,60000.000,60000.000,60000.000,60000.000,60000.000,60000.000,60000.000,58246.205,56513.882,54820.242,53176.539,51588.559,50058.035,48584.105,47164.434,45795.980,44475.453,43199.571,41965.199,40769.394,39609.427,38482.767,37387.073,36320.162,35279.998,34264.665,33272.352,32301.337,31349.976,30416.686,29499.943,28598.269,27710.224,26834.408,25969.450,25114.008,24266.764,23426.430,22591.739,21761.453,20934.362,20109.288,19285.087,18460.658,17634.947,16806.952,15975.738,15140.436,14300.263,13454.523,12602.624,11744.084,10878.543,10005.768,9125.664,8238.277,7343.798,6442.562,5535.045,4621.857,3703.731,2781.511,1856.136,928.612,0.000
0.000,40.661,81.268,121.765,162.096,202.203,242.032,281.526,320.631,359.294,397.462,435.083,472.105,508.481,544.161,579.099,613.250,646.569,679.015,710.548,741.128,770.719,799.285,826.794,853.214,878.516,902.672,925.657,947.448,968.022,987.362,1005.448,1022.266,1037.802,1052.044,1064.984,1076.612,1086.923,1095.913,1103.579,1109.920,1114.939,1118.636,1121.017,1122.088,1121.855,1120.328,1117.516,1113.432,1108.087,1101.496,1093.674,1084.637,1074.402,1062.988,1050.413,1036.698,1021.864,1005.932,988.926,970.866,951.779,931.688,910.617,888.592,865.638,841.782,817.051,791.470,765.068,737.873,709.911,681.211,651.802,621.712,590.971,559.609,527.656,495.142,462.098,428.556,394.550,360.111,325.275,290.077,254.552,218.739,182.674,146.399,109.953,73.376,36.711,0.000,660.939,1320.977,1979.224,2634.813,3286.909,3934.725,4577.530,5214.663,5845.544,6469.686,7086.708,7696.346,8298.462,8893.059,9480.285,10060.442,10633.993,11201.559,11763.922,12322.012,12876.900,13429.773,13981.906,14534.616,15089.211,15646.913,16208.761,16775.491,17347.376,17924.035,18504.184,19085.332,19663.401,20232.265,20783.177,21304.096,21778.879,22186.395,22499.590,22684.673,22700.672,22499.770,22028.898,21232.926,20059.278,18463.132,16412.496,13894.088,10921.299,7544.002,3856.945,0.000,1138.929,2277.414,3415.025,4551.365,5686.079,6818.877,7949.532,9077.894,10203.894,11327.547,12448.952,13568.295,14685.844,15801.950,16917.048,18031.651,19146.353,20261.826,21378.819,22498.164,23620.772,24747.638,25879.844,27018.562,28165.065,29320.726,30487.036,31665.607,32858.191,34066.697,35293.208,36540.009,37809.621,39104.833,40428.748,41784.832,43176.964,44609.483,46087.206,47615.388,49199.549,50845.059,52556.273,54334.969,56177.884,58073.563,60000.000,60000.000,60000.000,60000.000,60000.000,60000.000,60000.000,58163.228,56358.123,54607.548,52923.755,51310.737,49767.381,48289.942,46873.614,45513.389,44204.492,42942.540,41723.594,40544.136,39401.021,38291.427,37212.802,36162.824,35139.355,34140.415,33164.148,32208.806,31272.725,30354.313,29452.036,28564.408,27689.984,26827.351,25975.125,25131.945,24296.473,23467.390,22643.400,21823.226,21005.614,20189.337,19373.200,18556.045,17736.757,16914.273,16087.593,15255.789,14418.014,13573.521,12721.665,11861.926,10993.914,10117.382,9232.235,8338.540,7436.526,6526.589,5609.288,4685.338,3755.596,2821.054,1882.808,942.043,0.000
0.000,39.050,78.050,116.945,155.680,194.203,232.459,270.396,307.963,345.106,381.777,417.926,453.503,488.463,522.758,556.344,589.177,621.216,652.420,682.752,712.172,740.646,768.140,794.623,820.063,844.433,867.707,889.859,910.868,930.712,949.372,966.831,983.074,998.088,1011.862,1024.385,1035.651,1045.652,1054.385,1061.847,1068.036,1072.954,1076.604,1078.988,1080.112,1079.982,1078.607,1075.996,1072.160,1067.111,1060.861,1053.426,1044.820,1035.060,1024.162,1012.146,999.029,984.833,969.577,953.283,935.973,917.668,898.394,878.172,857.027,834.982,812.065,788.298,763.709,738.322,712.164,685.262,657.642,629.331,600.356,570.746,540.529,509.732,478.385,446.517,414.160,381.344,348.100,314.463,280.465,246.143,211.532,176.670,141.597,106.352,70.976,35.511,0.000,626.403,1252.070,1876.278,2498.327,3117.553,3733.340,4345.134,4952.454,5554.906,6152.195,6744.138,7330.679,7911.898,8488.026,9059.455,9626.746,10190.640,10752.061,11312.120,11872.111,12433.503,12997.929,13567.160,14143.070,14727.590,15322.642,15930.047,16551.415,17187.987,17840.446,18508.662,19191.372,19885.770,20586.986,21287.422,21975.916,22636.690,23248.076,23781.021,24197.507,24449.195,24476.914,24211.922,23579.878,22507.436,20929.360,18793.473,16066.422,12744.581,8871.830,4560.170,0.000,1146.218,2291.866,3436.393,4579.285,5720.084,6858.401,7993.926,9126.437,10255.804,11381.991,12505.057,13625.153,14742.520,15857.487,16970.469,18081.964,19192.547,20302.879,21413.693,22525.807,23640.117,24757.604,25879.336,27006.472,28140.272,29282.103,30433.451,31595.930,32771.307,33961.517,35168.692,36395.197,37643.667,38917.071,40218.771,41552.613,42923.027,44335.154,45794.971,47309.412,48886.404,50534.677,52263.058,54078.683,55983.284,57966.843,60000.000,60000.000,60000.000,60000.000,60000.000,60000.000,60000.000,58048.607,56147.868,54328.121,52600.259,50963.329,49410.896,47934.769,46526.798,45179.593,43886.714,42642.640,41442.650,40282.691,39159.258,38069.285,37010.061,35979.156,34974.370,33993.681,33035.214,32097.210,31178.005,30276.006,29389.683,28517.549,27658.158,26810.092,25971.956,25142.376,24319.991,23503.456,22691.440,21882.627,21075.716,20269.429,19462.509,18653.737,17841.929,17025.950,16204.728,15377.259,14542.627,13700.013,12848.715,11988.159,11117.914,10237.710,9347.446,8447.203,7537.250,6618.044,5690.235,4754.653,3812.298,2864.325,1912.016,956.756,0.000
0.000,37.502,74.955,112.309,149.510,186.508,223.253,259.692,295.778,331.460,366.690,401.422,435.608,469.204,502.165,534.448,566.012,596.818,626.825,655.998,684.299,711.696,738.156,763.647,788.141,811.611,834.032,855.378,875.629,894.765,912.766,929.617,945.302,959.809,973.126,985.244,996.155,1005.853,1014.334,1021.594,1027.633,1032.450,1036.048,1038.430,1039.601,1039.566,1038.334,1035.913,1032.314,1027.546,1021.623,1014.558,1006.365,997.060,986.660,975.180,962.640,949.058,934.454,918.847,902.260,884.712,866.227,846.826,826.532,805.368,783.359,760.527,736.897,712.495,687.343,661.469,634.895,607.649,579.756,551.243,522.135,492.459,462.243,431.516,400.305,368.640,336.552,304.072,271.233,238.069,204.616,170.911,136.992,102.900,68.676,34.361,0.000,592.603,1184.623,1775.492,2364.665,2951.635,3535.948,4117.212,4695.114,5269.432,5840.050,6406.971,6970.334,7530.425,8087.693,8642.762,9196.446,9749.759,10303.925,10860.387,11420.808,11987.073,12561.281,13145.735,13742.914,14355.439,14986.017,15637.371,16312.134,17012.711,17741.101,18498.647,19285.724,20101.321,20942.487,21803.610,22675.456,23543.890,24388.198,25178.910,25875.138,26421.689,26746.768,26761.999,26367.228,25461.228,23953.399,21765.613,18833.547,15118.773,10638.566,5511.905,0.000,1154.083,2307.453,3459.415,4609.324,5756.602,6900.752,8041.374,9178.168,10310.942,11439.610,12564.189,13684.801,14801.660,15915.078,17025.451,18133.261,19239.073,20343.529,21447.351,22551.338,23656.372,24763.413,25873.512,26987.807,28107.539,29234.055,30368.822,31513.444,32669.677,33839.458,35024.933,36228.499,37452.859,38701.088,39976.725,41283.889,42627.443,44013.193,45448.165,46940.934,48502.019,50144.222,51882.629,53733.443,55709.739,57810.531,60000.000,60000.000,60000.000,60000.000,60000.000,60000.000,60000.000,57883.352,55856.659,53956.861,52185.893,50531.499,48978.194,47511.539,46119.326,44791.588,43520.260,42298.794,41121.818,39984.873,38884.194,37816.562,36779.172,35769.549,34785.470,33824.911,32886.006,31967.010,31066.274,30182.223,29313.338,28458.147,27615.207,26783.102,25960.432,25145.809,24337.854,23535.196,22736.469,21940.314,21145.380,20350.330,19553.847,18754.635,17951.435,17143.030,16328.260,15506.037,14675.358,13835.321,12985.146,12124.194,11251.979,10368.196,9472.726,8565.658,7647.297,6718.165,5779.008,4830.783,3874.652,2911.955,1944.188,972.969,0.000
0.000,36.012,71.979,107.849,143.575,179.107,214.397,249.396,284.056,318.332,352.176,385.544,418.390,450.673,482.349,513.378,543.720,573.336,602.190,630.245,657.467,683.824,709.284,733.819,757.399,779.999,801.594,822.161,841.679,860.129,877.492,893.752,908.896,922.910,935.783,947.506,958.071,967.473,975.705,982.767,988.656,993.372,996.916,999.292,1000.504,1000.558,999.460,997.219,993.843,989.344,983.733,977.023,969.227,960.359,950.436,939.473,927.488,914.498,900.523,885.581,869.691,852.875,835.153,816.546,797.076,776.764,755.635,733.709,711.010,687.562,663.387,638.508,612.951,586.739,559.895,532.445,504.414,475.826,446.708,417.084,386.984,356.433,325.462,294.100,262.378,230.331,197.991,165.397,132.586,99.599,66.476,33.262,0.000,559.385,1118.328,1676.402,2233.205,2788.376,3341.606,3892.653,4441.358,4987.658,5531.601,6073.363,6613.262,7151.776,7689.559,8227.454,8766.517,9308.025,9853.495,10404.696,10963.662,11532.699,12114.388,12711.586,13327.413,13965.233,14628.616,15321.286,16047.038,16809.624,17612.599,18459.100,19351.558,20291.303,21278.031,22309.076,23378.407,24475.216,25581.917,26671.283,27702.446,28615.656,29326.469,29722.079,29665.808,29016.849,27657.395,25482.032,22383.382,18258.399,13051.757,6848.884,0.000,1162.672,2324.460,3484.508,4642.018,5796.275,6946.664,8092.687,9233.962,10370.234,11501.368,12627.346,13748.260,14864.307,15975.780,17083.065,18186.632,19287.031,20384.893,21480.924,22575.907,23670.703,24766.252,25863.577,26963.793,28068.110,29177.843,30294.428,31419.434,32554.586,33701.789,34863.163,36041.088,37238.260,38457.773,39703.222,40978.844,42289.725,43642.071,45043.616,46504.190,48036.559,49657.599,51389.821,53262.745,55311.710,57565.546,60000.000,60000.000,60000.000,60000.000,60000.000,60000.000,60000.000,57628.166,55438.594,53456.822,51655.018,49998.657,48458.929,47013.965,45647.487,44347.291,43104.072,41910.592,40761.101,39650.937,38576.242,37533.759,36520.687,35534.573,34573.229,33634.672,32717.077,31818.741,30938.051,30073.466,29223.496,28386.689,27561.618,26746.874,25941.055,25142.767,24350.613,23563.195,22779.113,21996.961,21215.338,20432.842,19648.084,18859.687,18066.305,17266.627,16459.394,15643.414,14817.581,13980.893,13132.476,12271.603,11397.719,10510.464,9609.690,8695.486,7768.184,6828.372,5876.899,4914.863,3943.605,2964.679,1979.827,990.937,0.000
0.000,34.580,69.115,103.560,137.866,171.987,205.878,239.490,272.779,305.701,338.211,370.265,401.822,432.840,463.279,493.099,522.263,550.733,578.474,605.452,631.633,656.987,681.483,705.093,727.791,749.550,770.347,790.160,808.968,826.753,843.498,859.186,873.803,887.338,899.779,911.118,921.346,930.457,938.448,945.314,951.054,955.668,959.157,961.523,962.771,962.906,961.934,959.863,956.701,952.458,947.146,940.775,933.359,924.912,915.448,904.983,893.533,881.115,867.746,853.445,838.230,822.121,805.137,787.299,768.627,749.141,728.865,707.817,686.021,663.498,640.271,616.360,591.790,566.581,540.757,514.340,487.354,459.822,431.768,403.216,374.191,344.720,314.829,284.546,253.902,222.929,191.660,160.131,128.381,96.449,64.379,32.214,0.000,526.608,1052.902,1578.583,2103.379,2627.059,3149.446,3670.436,4190.008,4708.241,5225.333,5741.617,6257.575,6773.859,7291.311,7810.980,8334.144,8862.330,9397.334,9941.241,10496.446,11065.673,11651.986,12258.808,12889.920,13549.465,14241.929,14972.120,15745.107,16566.149,17440.571,18373.596,19370.105,20434.303,21569.258,22776.257,24053.880,25396.651,26792.971,28221.858,29647.708,31012.018,32221.375,33134.038,33557.077,33282.965,32177.301,30121.740,26959.551,22479.684,16461.179,8831.874,0.000,1172.152,2343.220,3512.156,4677.987,5839.842,6996.977,8148.784,9294.801,10434.711,11568.333,12695.621,13816.645,14931.589,16040.737,17144.467,18243.241,19337.601,20428.164,21515.624,22600.745,23684.365,24767.398,25850.838,26935.765,28023.350,29114.865,30211.698,31315.364,32427.528,33550.033,34684.925,35834.509,37001.398,38188.598,39399.616,40638.609,41910.605,43221.811,44580.092,45995.702,47482.473,49059.833,50756.343,52616.030,54708.826,57139.949,60000.000,60000.000,60000.000,60000.000,60000.000,60000.000,60000.000,57190.743,54812.767,52776.869,50978.766,49349.261,47844.988,46438.004,45109.475,43846.135,42638.272,41478.536,40361.200,39281.683,38236.233,37221.706,36235.411,35274.998,34338.376,33423.650,32529.073,31653.011,30793.911,29950.285,29120.683,28303.687,27497.895,26701.911,25914.340,25133.781,24358.824,23588.045,22820.007,22053.261,21286.344,20517.789,19746.125,18969.887,18187.629,17397.931,16599.419,15790.782,14970.790,14138.320,13292.379,12432.132,11556.932,10666.343,9760.172,8838.489,7901.648,6950.300,5985.402,5008.208,4020.257,3023.352,2019.517,1010.957,0.000
0.000,33.201,66.360,99.433,132.373,165.137,197.680,229.959,261.928,293.546,324.772,355.562,385.877,415.677,444.924,473.580,501.608,528.973,555.641,581.580,606.757,631.143,654.708,677.426,699.270,720.216,740.242,759.326,777.448,794.590,810.735,825.868,839.975,853.045,865.066,876.030,885.929,894.757,902.509,909.183,914.776,919.288,922.720,925.074,926.353,926.564,925.710,923.799,920.841,916.843,911.816,905.771,898.721,890.678,881.656,871.670,860.736,848.868,836.085,822.403,807.841,792.416,776.146,759.053,741.154,722.469,703.019,682.824,661.905,640.281,617.973,595.003,571.392,547.158,522.325,496.913,470.943,444.437,417.417,389.905,361.924,333.498,304.652,275.412,245.808,215.868,185.627,155.118,124.381,93.456,62.387,31.219,0.000,494.144,988.089,1481.650,1974.670,2467.034,2958.685,3449.638,3939.995,4429.964,4919.875,5410.198,5901.562,6394.775,6890.847,7391.011,7896.750,8409.817,8932.269,9466.487,10015.209,10581.560,11169.077,11781.740,12423.995,13100.776,13817.517,14580.157,15395.122,16269.293,17209.940,18224.609,19320.963,20506.545,21788.443,23172.814,24664.206,26264.538,27971.458,29775.469,31654.512,33563.333,35412.975,37035.620,38145.498,38380.634,37647.105,35868.076,32853.399,28239.607,21481.400,12017.435,0.000,1182.723,2364.124,3542.928,4717.955,5888.159,7052.649,8210.708,9361.789,10505.520,11641.684,12770.212,13891.167,15004.727,16111.177,17210.893,18304.335,19392.039,20474.616,21552.741,22627.163,23698.694,24768.219,25836.697,26905.164,27974.745,29046.655,30122.219,31202.879,32290.215,33385.970,34492.077,35610.703,36744.301,37895.680,39068.106,40265.441,41492.340,42754.538,44059.297,45416.102,46837.844,48342.957,49959.723,51736.232,53767.633,56285.433,60000.000,60000.000,60000.000,60000.000,60000.000,60000.000,60000.000,56322.068,53844.905,51859.180,50133.983,48574.712,47133.849,45783.689,44506.384,43289.619,42124.470,41004.214,39923.620,38878.510,37865.456,36881.581,35924.417,34991.802,34081.802,33192.657,32322.736,31470.501,30634.485,29813.265,29005.452,28209.671,27424.553,26648.724,25880.800,25119.380,24363.041,23610.335,22859.790,22109.906,21359.162,20606.013,19848.903,19086.267,18316.545,17538.197,16749.713,15949.642,15136.607,14309.340,13466.701,12607.722,11731.632,10837.897,9926.249,8996.725,8049.685,7085.838,6106.252,5112.349,4105.897,3088.977,2063.946,1033.378,0.000
0.000,31.875,63.710,95.462,127.088,158.546,189.792,220.786,251.485,281.849,311.837,341.410,370.529,399.156,427.255,454.788,481.722,508.022,533.656,558.593,582.801,606.252,628.919,650.775,671.795,691.956,711.236,729.615,747.072,763.591,779.155,793.750,807.362,819.980,831.593,842.192,851.771,860.322,867.842,874.326,879.774,884.184,887.557,889.896,891.203,891.483,890.740,888.982,886.217,882.453,877.700,871.968,865.268,857.614,849.018,839.494,829.057,817.721,805.504,792.421,778.489,763.725,748.148,731.776,714.626,696.719,678.072,658.704,638.636,617.885,596.472,574.417,551.738,528.454,504.585,480.150,455.169,429.661,403.647,377.145,350.178,322.766,294.932,266.701,238.099,209.154,179.898,150.365,120.594,90.625,60.505,30.280,0.000,461.880,923.661,1385.259,1846.617,2307.723,2768.623,3229.435,3690.370,4151.746,4614.006,5077.739,5543.700,6012.832,6486.290,6965.468,7452.026,7947.921,8455.438,8977.228,9516.344,10076.281,10661.022,11275.080,11923.544,12612.127,13347.207,14135.868,14985.930,15905.963,16905.287,17993.936,19182.593,20482.473,21905.156,23462.350,25165.592,27025.837,29052.855,31254.049,33631.536,36173.828,38831.573,41449.969,43608.662,44446.968,44162.407,42850.062,40346.363,36143.944,29207.381,17756.465,0.000,1194.625,2387.638,3577.493,4762.768,5942.214,7114.784,8279.643,9436.169,10583.940,11722.719,12852.430,13973.139,15085.036,16188.415,17283.659,18371.235,19451.678,20525.591,21593.639,22656.549,23715.108,24770.168,25822.647,26873.533,27923.893,28974.876,30027.729,31083.801,32144.566,33211.636,34286.790,35372.006,36469.500,37581.788,38711.758,39862.778,41038.840,42244.766,43486.513,44771.620,46109.895,47514.470,49003.398,50601.572,52340.065,54234.159,56134.245,56873.406,57174.617,57256.959,57171.427,56868.946,56133.929,54252.661,52385.655,50681.025,49123.344,47681.839,46332.097,45056.621,43842.861,42681.606,41565.902,40490.360,39450.697,38443.428,37465.652,36514.903,35589.037,34686.157,33804.544,32942.616,32098.890,31271.953,30460.443,29663.023,28878.374,28105.177,27342.106,26587.816,25840.940,25100.081,24363.805,23630.644,22899.087,22167.586,21434.552,20698.364,19957.367,19209.887,18454.240,17688.742,16911.733,16121.597,15316.785,14495.850,13657.478,12800.529,11924.077,11027.452,10110.286,9172.550,8214.594,7237.173,6241.466,5229.080,4202.035,3162.736,2113.925,1058.613,0.000
0.000,30.598,61.159,91.640,122.001,152.201,182.200,211.957,241.433,270.589,299.387,327.787,355.754,383.251,410.243,436.695,462.574,487.847,512.484,536.453,559.727,582.276,604.076,625.099,645.324,664.726,683.285,700.981,717.796,733.711,748.713,762.786,775.918,788.097,799.313,809.558,818.824,827.105,834.397,840.696,846.000,850.309,853.623,855.944,857.275,857.618,856.980,855.367,852.787,849.246,844.754,839.322,832.960,825.680,817.494,808.415,798.458,787.636,775.966,763.461,750.140,736.017,721.111,705.438,689.015,671.861,653.993,635.430,616.189,596.288,575.746,554.580,532.809,510.450,487.520,464.039,440.021,415.486,390.451,364.934,338.952,312.525,285.673,258.418,230.782,202.794,174.482,145.881,117.027,87.963,58.736,29.397,0.000,429.715,859.417,1289.107,1718.817,2148.619,2578.647,3009.109,3440.305,3872.644,4306.664,4743.053,5182.668,5626.563,6076.013,6532.545,6997.966,7474.402,7964.334,8470.644,8996.657,9546.199,10123.651,10734.014,11382.975,12076.981,12823.316,13630.180,14506.767,15463.343,16511.309,17663.255,18932.999,20335.599,21887.357,23605.839,25509.974,27620.364,29960.074,32556.337,35443.757,38668.871,42289.520,46324.022,50392.213,51636.169,51705.494,51023.401,49538.047,46782.426,41447.713,29801.044,0.000,1208.145,2414.323,3616.654,4813.431,6003.173,7184.662,8356.948,9519.343,10671.396,11812.869,12943.700,14063.979,15173.922,16273.848,17364.160,18445.336,19517.917,20582.505,21639.751,22690.363,23735.101,24774.779,25810.271,26842.510,27872.499,28901.311,29930.101,30960.114,31992.693,33029.298,34071.522,35121.107,36179.981,37250.288,38334.433,39435.143,40555.542,41699.236,42870.429,44074.028,45315.695,46601.677,47937.872,49326.628,50756.926,52176.919,53429.434,54184.781,54568.120,54681.812,54559.824,54170.454,53414.144,52169.036,50764.084,49355.985,47996.605,46697.288,45456.175,44267.938,43126.945,42028.160,40967.299,39940.762,38945.520,37978.997,37038.972,36123.496,35230.834,34359.410,33507.769,32674.544,31858.428,31058.157,30272.489,29500.191,28740.025,27990.740,27251.059,26519.676,25795.245,25076.376,24361.632,23649.522,22938.500,22226.966,21513.264,20795.684,20072.471,19341.829,18601.932,17850.940,17087.018,16308.358,15513.209,14699.913,13866.941,13012.942,12136.789,11237.637,10314.971,9368.667,8399.031,7406.849,6393.408,5360.508,4310.456,3246.029,2170.419,1087.155,0.000
0.000,29.370,58.703,87.961,117.104,146.094,174.892,203.459,231.757,259.750,287.400,314.671,341.528,367.936,393.862,419.271,444.134,468.417,492.091,515.128,537.500,559.179,580.141,600.361,619.816,638.485,656.347,673.383,689.575,704.907,719.364,732.932,745.597,757.351,768.181,778.081,787.043,795.061,802.130,808.247,813.410,817.618,820.872,823.173,824.523,824.926,824.387,822.911,820.506,817.179,812.939,807.794,801.756,794.836,787.045,778.396,768.902,758.577,747.435,735.491,722.760,709.258,695.002,680.007,664.290,647.868,630.758,612.976,594.539,575.465,555.771,535.473,514.587,493.130,471.117,448.565,425.489,401.903,377.824,353.266,328.245,302.777,276.879,250.569,223.869,196.801,169.393,141.678,113.693,85.480,57.090,28.577,0.000,397.563,795.184,1192.937,1590.924,1989.289,2388.238,2788.050,3189.097,3591.861,3996.954,4405.139,4817.355,5234.738,5658.655,6090.732,6532.891,6987.387,7456.854,7944.356,8453.441,8988.206,9553.369,10154.350,10797.360,11489.506,12238.896,13054.768,13947.617,14929.334,16013.350,17214.777,18550.550,20039.566,21702.833,23563.676,25648.102,27985.571,30610.741,33567.468,36918.285,40768.377,45333.614,51164.386,60000.000,60000.000,60000.000,60000.000,60000.000,60000.000,60000.000,60000.000,0.000,1223.641,2444.866,3661.386,4871.149,6072.410,7263.772,8444.178,9612.896,10769.477,11913.707,13045.572,14165.210,15272.884,16368.955,17453.859,18528.097,19592.221,20646.830,21692.570,22730.127,23760.230,24783.655,25801.227,26813.819,27822.363,28827.850,29831.333,30833.941,31836.875,32841.424,33848.970,34860.998,35879.107,36905.024,37940.615,38987.892,40049.015,41126.271,42222.001,43338.424,44477.237,45638.720,46819.830,48010.184,49184.130,50287.190,51221.823,51868.192,52231.301,52342.376,52215.636,51838.940,51183.200,50245.308,49145.721,47982.297,46809.883,45654.621,44527.471,43432.114,42368.934,41336.911,40334.496,39360.000,38411.762,37488.214,36587.892,35709.430,34851.552,34013.044,33192.746,32389.532,31602.293,30829.932,30071.342,29325.404,28590.974,27866.876,27151.894,26444.762,25744.164,25048.723,24356.999,23667.483,22978.594,22288.680,21596.013,20898.795,20195.159,19483.174,18760.863,18026.207,17277.173,16511.734,15727.902,14923.767,14097.540,13247.609,12372.595,11471.420,10543.375,9588.185,8606.078,7597.839,6564.854,5509.127,4433.283,3340.525,2234.580,1119.590,0.000
0.000,28.187,56.339,84.420,112.391,140.215,167.855,195.276,222.440,249.313,275.858,302.041,327.829,353.188,378.086,402.491,426.372,449.701,472.448,494.585,516.086,536.925,557.079,576.522,595.235,613.195,630.383,646.781,662.371,677.137,691.066,704.143,716.357,727.697,738.153,747.718,756.383,764.144,770.995,776.934,781.958,786.067,789.259,791.538,792.905,793.363,792.917,791.571,789.334,786.211,782.212,777.344,771.618,765.044,757.634,749.399,740.353,730.507,719.876,708.475,696.316,683.416,669.790,655.454,640.422,624.711,608.337,591.315,573.663,555.395,536.527,517.075,497.053,476.477,455.360,433.717,411.561,388.904,365.760,342.140,318.059,293.526,268.557,243.166,217.371,191.189,164.648,137.775,110.608,83.192,55.577,27.825,0.000,365.352,730.819,1096.533,1462.652,1829.376,2196.967,2565.757,2936.173,3308.750,3684.152,4063.196,4446.874,4836.379,5233.137,5638.839,6055.480,6485.401,6931.340,7396.486,7884.546,8399.816,8947.270,9532.656,10162.611,10844.786,11587.994,12402.380,13299.599,14293.027,15397.981,16631.953,18014.859,19569.282,21320.733,23297.931,25533.187,28063.078,30929.850,34184.511,37893.537,42152.738,47112.174,52999.907,60000.000,60000.000,60000.000,60000.000,60000.000,60000.000,60000.000,60000.000,0.000,1241.559,2480.126,3712.893,4937.390,6151.574,7353.865,8543.129,9718.626,10879.949,12026.957,13159.719,14278.456,15383.505,16475.288,17554.288,18621.037,19676.105,20720.097,21753.645,22777.417,23792.112,24798.462,25797.239,26789.256,27775.366,28756.471,29733.523,30707.522,31679.522,32650.633,33622.016,34594.885,35570.501,36550.163,37535.184,38526.864,39526.425,40534.899,41552.943,42580.493,43616.165,44656.191,45692.594,46710.195,47682.264,48565.929,49302.515,49834.904,50146.557,50240.794,50121.447,49786.520,49234.462,48483.334,47591.265,46617.672,45606.094,44583.934,43567.074,42564.219,41579.877,40616.173,39673.900,38753.111,37853.454,36974.349,36115.098,35274.935,34453.055,33648.628,32860.803,32088.710,31331.452,30588.106,29857.716,29139.283,28431.766,27734.073,27045.052,26363.488,25688.099,25017.526,24350.329,23684.984,23019.879,22353.309,21683.474,21008.481,20326.344,19634.993,18932.279,18215.989,17483.864,16733.628,15963.017,15169.825,14351.949,13507.456,12634.653,11732.159,10799.000,9834.689,8839.317,7813.629,6759.086,5677.901,4573.050,3448.231,2307.797,1156.632,0.000
0.000,27.048,54.063,81.009,107.851,134.553,161.080,187.396,213.468,239.262,264.742,289.878,314.635,338.982,362.890,386.326,409.262,431.670,453.522,474.791,495.452,515.481,534.853,553.547,571.542,588.817,605.353,621.133,636.141,650.360,663.778,676.380,688.156,699.094,709.187,718.425,726.802,734.312,740.950,746.715,751.602,755.611,758.743,760.998,762.378,762.887,762.528,761.307,759.229,756.303,752.534,747.932,742.506,736.266,729.224,721.389,712.774,703.393,693.256,682.379,670.776,658.460,645.445,631.747,617.381,602.362,586.705,570.424,553.535,536.052,517.991,499.365,480.188,460.474,440.234,419.482,398.227,376.481,354.254,331.555,308.394,284.778,260.718,236.223,211.305,185.980,160.269,134.196,107.797,81.117,54.211,27.148,0.000,333.025,666.209,999.725,1333.774,1668.597,2004.495,2341.838,2681.088,3022.813,3367.708,3716.620,4070.566,4430.768,4798.675,5176.007,5564.789,5967.398,6386.619,6825.703,7288.440,7779.241,8303.238,8866.395,9475.643,10139.032,10865.916,11667.158,12555.371,13545.194,14653.593,15900.197,17307.650,18901.970,20712.887,22774.129,25123.638,27803.702,30861.072,34347.188,38318.616,42836.865,47962.437,53723.070,60000.000,60000.000,60000.000,60000.000,60000.000,60000.000,60000.000,60000.000,0.000,1262.476,2521.197,3772.686,5013.963,6242.654,7457.017,8655.881,9838.567,11004.775,12154.499,13287.940,14405.443,15507.449,16594.462,17667.029,18725.722,19771.134,20803.874,21824.568,22833.859,23832.413,24820.919,25800.092,26770.677,27733.452,28689.227,29638.845,30583.181,31523.139,32459.649,33393.654,34326.103,35257.928,36190.016,37123.168,38058.029,38994.990,39934.025,40874.444,41814.504,42750.800,43677.344,44584.217,45455.791,46268.853,46991.797,47587.451,48022.398,48279.276,48352.847,48242.892,47951.288,47484.854,46862.368,46118.407,45291.114,44412.973,43508.040,42592.772,41677.920,40770.297,39874.125,38991.946,38125.225,37274.729,36440.772,35623.364,34822.308,34037.260,33267.768,32513.292,31773.217,31046.865,30333.495,29632.301,28942.416,28262.908,27592.770,26930.924,26276.212,25627.389,24983.120,24341.972,23702.410,23062.792,22421.362,21776.248,21125.461,20466.892,19798.319,19117.410,18421.737,17708.794,16976.018,16220.830,15440.674,14633.076,13795.712,12926.490,12023.646,11085.852,10112.322,9102.933,8058.326,6980.003,5870.379,4732.813,3571.574,2391.757,1199.143,0.000
0.000,25.951,51.871,77.725,103.480,129.101,154.554,179.808,204.827,229.581,254.036,278.161,301.925,325.298,348.250,370.752,392.777,414.296,435.285,455.717,475.567,494.812,513.431,531.401,548.702,565.315,581.221,596.404,610.848,624.537,637.459,649.601,660.952,671.501,681.241,690.161,698.258,705.523,711.954,717.547,722.300,726.212,729.282,731.512,732.903,733.458,733.182,732.078,730.154,727.414,723.867,719.520,714.384,708.466,701.777,694.329,686.132,677.198,667.541,657.173,646.107,634.357,621.936,608.859,595.140,580.794,565.834,550.275,534.131,517.415,500.142,482.324,463.974,445.104,425.724,405.845,385.476,364.626,343.302,321.509,299.253,276.539,253.372,229.754,205.694,181.200,156.285,130.971,105.289,79.283,53.014,26.557,0.000,300.539,601.266,902.384,1204.121,1506.745,1810.578,2116.013,2423.528,2733.705,3047.249,3365.009,3688.004,4017.450,4354.788,4701.725,5060.270,5432.784,5822.036,6231.268,6664.270,7125.471,7620.047,8154.044,8734.533,9369.785,10069.481,10844.965,11709.535,12678.786,13771.001,15007.591,16413.573,18018.062,19854.716,21962.061,24383.534,27167.022,30363.548,34024.553,38196.874,42913.669,48177.640,53929.937,60000.000,60000.000,60000.000,60000.000,60000.000,60000.000,60000.000,60000.000,0.000,1287.154,2569.511,3842.708,5103.141,6348.089,7575.694,8784.846,9975.021,11146.126,12298.369,13432.148,14547.977,15646.438,16728.141,17793.704,18843.752,19878.901,20899.766,21906.963,22901.110,23882.837,24852.783,25811.607,26759.986,27698.617,28628.218,29549.528,30463.296,31370.284,32271.248,33166.928,34058.023,34945.168,35828.882,36709.517,37587.169,38461.554,39331.837,40196.373,41052.344,41895.251,42718.229,43511.197,44259.958,44945.616,45545.008,46033.149,46388.018,46595.358,46648.482,46546.047,46290.947,45891.368,45362.951,44728.958,44015.489,43246.736,42442.577,41618.160,40784.500,39949.382,39118.205,38294.661,37481.245,36679.603,35890.788,35115.424,34353.822,33606.064,32872.050,32151.538,31444.164,30749.462,30066.872,29395.744,28735.343,28084.846,27443.344,26809.832,26183.215,25562.293,24945.758,24332.193,23720.054,23107.675,22493.253,21874.847,21250.370,20617.588,19974.120,19317.440,18644.887,17953.680,17240.940,16503.724,15739.074,14944.071,14115.919,13252.035,12350.165,11408.512,10425.880,9401.824,8336.793,7232.263,6090.834,4916.276,3713.513,2488.526,1248.186,0.000
0.000,24.894,49.759,74.562,99.269,123.849,148.269,172.497,196.503,220.254,243.721,266.872,289.679,312.112,334.143,355.745,376.890,397.553,417.709,437.332,456.400,474.889,492.780,510.050,526.681,542.653,557.950,572.556,586.454,599.631,612.073,623.769,634.707,644.879,654.275,662.887,670.710,677.738,683.966,689.392,694.012,697.827,700.836,703.039,704.438,705.037,704.838,703.847,702.068,699.508,696.173,692.073,687.214,681.607,675.260,668.184,660.391,651.892,642.698,632.822,622.277,611.076,599.232,586.759,573.669,559.978,545.698,530.842,515.425,499.459,482.957,465.930,448.391,430.349,411.814,392.795,373.299,353.331,332.898,312.000,290.640,268.818,246.533,223.782,200.563,176.880,152.735,128.142,103.126,77.730,52.015,26.070,0.000,267.864,535.933,804.425,1073.582,1343.683,1615.060,1888.108,2163.307,2441.231,2722.573,3008.163,3298.992,3596.240,3901.304,4215.836,4541.782,4881.432,5237.474,5613.064,6011.901,6438.327,6897.434,7395.201,7938.661,8536.092,9197.257,9933.685,10759.018,11689.415,12744.035,13945.592,15320.990,16901.988,18725.854,20835.865,23281.414,26117.304,29401.546,33190.601,37530.659,42443.297,47904.517,53819.037,60000.000,60000.000,60000.000,60000.000,60000.000,60000.000,60000.000,60000.000,0.000,1316.638,2626.994,3925.511,5207.825,6470.889,7712.853,8932.820,10130.580,11306.380,12460.746,13594.350,14707.931,15802.240,16878.013,17935.956,18976.742,20001.015,21009.393,22002.476,22980.854,23945.113,24895.845,25833.645,26759.120,27672.889,28575.581,29467.830,30350.272,31223.532,32088.211,32944.863,33793.973,34635.915,35470.904,36298.925,37119.647,37932.293,38735.469,39526.937,40303.316,41059.697,41789.190,42482.447,43127.292,43708.707,44209.532,44612.180,44901.227,45065.719,45099.741,45001.932,44775.156,44426.793,43969.188,43419.069,42795.236,42115.998,41397.472,40652.894,39892.650,39124.644,38354.772,37587.377,36825.621,36071.787,35327.494,34593.865,33871.642,33161.276,32462.987,31776.803,31102.599,30440.109,29788.951,29148.626,28518.531,27897.957,27286.091,26682.012,26084.688,25492.971,24905.591,24321.146,23738.097,23154.757,22569.282,21979.667,21383.730,20779.112,20163.270,19533.475,18886.818,18220.221,17530.453,16814.165,16067.930,15288.314,14471.950,13615.652,12716.545,11772.223,10780.928,9741.746,8654.806,7521.464,6344.453,5127.972,3877.693,2600.661,1305.080,0.000
0.000,23.877,47.725,71.514,95.212,118.788,142.212,165.454,188.482,211.268,233.781,255.994,277.878,299.405,320.549,341.281,361.579,381.415,400.766,419.609,437.922,455.681,472.868,489.463,505.446,520.799,535.507,549.554,562.924,575.604,587.581,598.845,609.384,619.189,628.251,636.563,644.120,650.916,656.947,662.208,666.700,670.419,673.366,675.541,676.947,677.585,677.459,676.574,674.935,672.547,669.417,665.552,660.961,655.653,649.636,642.921,635.518,627.438,618.694,609.295,599.256,588.588,577.304,565.418,552.941,539.887,526.270,512.101,497.394,482.161,466.413,450.162,433.418,416.190,398.487,380.315,361.681,342.587,323.036,303.027,282.558,261.624,240.217,218.327,195.945,173.060,149.666,125.763,101.366,76.509,51.257,25.709,0.000,234.984,470.178,705.802,942.099,1179.346,1417.869,1658.054,1900.360,2145.339,2393.649,2646.078,2903.562,3167.215,3438.353,3718.533,4009.591,4313.687,4633.364,4971.611,5331.945,5718.503,6136.160,6590.666,7088.818,7638.667,8249.769,8933.501,9703.438,10575.822,11570.130,12709.754,14022.808,15543.047,17310.848,19374.131,21788.952,24619.236,27934.730,31805.648,36291.865,41424.343,47178.094,53441.695,60000.000,60000.000,60000.000,60000.000,60000.000,60000.000,60000.000,60000.000,0.000,1352.412,2696.327,4024.532,5331.778,6614.814,7872.038,9103.032,10308.134,11488.109,12643.928,13776.623,14887.207,15976.632,17045.772,18095.423,19126.308,20139.089,21134.381,22112.761,23074.784,24020.990,24951.911,25868.081,26770.035,27658.315,28533.463,29396.017,30246.508,31085.441,31913.278,32730.420,33537.170,34333.694,35119.968,35895.708,36660.279,37412.576,38150.880,38872.662,39574.357,40251.101,40896.456,41502.176,42058.121,42552.455,42972.296,43304.879,43539.058,43666.618,43682.899,43586.858,43381.028,43071.539,42668.021,42182.981,41630.480,41024.648,40378.519,39703.401,39008.675,38301.889,37588.986,36874.579,36162.209,35454.566,34753.677,34061.042,33377.751,32704.563,32041.971,31390.246,30749.476,30119.586,29500.357,28891.440,28292.361,27702.524,27121.215,26547.599,25980.716,25419.475,24862.648,24308.862,23756.586,23204.124,22649.602,22090.954,21525.913,20951.999,20366.506,19766.500,19148.815,18510.052,17846.602,17154.659,16430.272,15669.400,14868.004,14022.161,13128.217,12182.976,11183.925,10129.483,9019.271,7854.376,6637.574,5373.492,4068.648,2731.356,1371.477,0.000
0.000,22.896,45.765,68.577,91.302,113.912,136.376,158.665,180.752,202.607,224.202,245.510,266.504,287.157,307.444,327.339,346.818,365.856,384.432,402.522,420.105,437.159,453.667,469.608,484.964,499.720,513.858,527.364,540.223,552.422,563.949,574.793,584.945,594.394,603.132,611.154,618.452,625.022,630.859,635.960,640.324,643.949,646.834,648.981,650.391,651.065,651.008,650.224,648.718,646.495,643.561,639.923,635.590,630.571,624.872,618.505,611.480,603.807,595.497,586.561,577.013,566.862,556.123,544.807,532.926,520.494,507.523,494.025,480.012,465.496,450.488,434.998,419.035,402.609,385.725,368.391,350.610,332.383,313.710,294.587,275.009,254.964,234.439,213.416,191.873,169.789,147.140,123.907,100.088,75.700,50.803,25.512,0.000,201.896,403.994,606.506,809.665,1013.733,1219.018,1425.878,1634.741,1846.115,2060.607,2278.937,2501.964,2730.703,2966.359,3210.353,3464.362,3730.362,4010.684,4308.073,4625.764,4967.580,5338.036,5742.484,6187.279,6679.988,7229.653,7847.112,8545.410,9340.306,10250.909,11300.485,12517.442,13936.545,15600.360,17560.860,19881.027,22635.958,25912.491,29805.396,34406.808,39784.117,45941.820,52769.649,60000.000,60000.000,60000.000,60000.000,60000.000,60000.000,60000.000,60000.000,0.000,1396.688,2781.382,4144.529,5479.960,6784.572,8057.479,9299.168,10510.850,11694.033,12850.276,13981.052,15087.690,16171.359,17233.075,18273.713,19294.036,20294.715,21276.345,22239.471,23184.602,24112.221,25022.800,25916.805,26794.700,27656.949,28504.014,29336.346,30154.381,30958.522,31749.120,32526.448,33290.671,34041.801,34779.645,35503.738,36213.259,36906.929,37582.889,38238.547,38870.421,39473.967,40043.428,40571.750,41050.630,41470.767,41822.389,42096.053,42283.576,42378.871,42378.453,42281.650,42090.639,41810.396,41448.465,41014.444,40519.153,39973.692,39388.661,38773.626,38136.875,37485.368,36824.826,36159.872,35494.199,34830.728,34171.744,33519.019,32873.904,32237.403,31610.238,30992.888,30385.629,29788.558,29201.610,28624.577,28057.108,27498.722,26948.806,26406.614,25871.260,25341.722,24816.821,24295.220,23775.412,23255.701,22734.193,22208.777,21677.110,21136.599,20584.386,20017.333,19432.009,18824.689,18191.353,17527.703,16829.197,16091.105,15308.594,14476.852,13591.259,12647.608,11642.375,10573.044,9438.466,8239.233,6978.010,5659.801,4292.067,2884.651,1449.473,0.000
0.000,21.950,43.876,65.746,87.534,109.212,130.750,152.122,173.301,194.259,214.968,235.403,255.539,275.349,294.810,313.896,332.585,350.854,368.680,386.043,402.921,419.295,435.146,450.455,465.207,479.384,492.971,505.953,518.317,530.051,541.142,551.580,561.355,570.459,578.883,586.621,593.668,600.017,605.665,610.610,614.849,618.381,621.205,623.322,624.733,625.441,625.449,624.761,623.382,621.317,618.571,615.152,611.068,606.326,600.935,594.904,588.244,580.964,573.075,564.589,555.516,545.869,535.658,524.897,513.598,501.771,489.431,476.588,463.254,449.440,435.156,420.413,405.220,389.583,373.510,357.005,340.070,322.705,304.909,286.675,267.992,248.845,229.215,209.073,188.389,167.122,145.229,122.666,99.398,75.414,50.753,25.539,0.000,168.605,337.396,506.564,676.321,846.905,1018.591,1191.700,1366.611,1543.775,1723.726,1907.101,2094.653,2287.276,2486.028,2692.158,2907.141,3132.716,3370.938,3624.231,3895.460,4188.016,4505.921,4853.957,5237.826,5664.354,6141.741,6679.884,7290.786,7989.081,8792.717,9723.836,10809.928,12085.332,13593.186,15387.923,17538.337,20131.078,23273.881,27096.637,31745.855,37363.496,44035.421,51695.082,60000.000,60000.000,60000.000,60000.000,60000.000,60000.000,60000.000,60000.000,0.000,1452.963,2887.995,4292.255,5658.981,6986.059,8274.167,9525.343,10742.098,11926.936,13082.133,14209.664,15311.191,16388.093,17441.508,18472.374,19481.470,20469.450,21436.877,22384.244,23311.999,24220.562,25110.335,25981.713,26835.085,27670.843,28489.373,29291.048,30076.226,30845.225,31598.309,32335.659,33057.343,33763.272,34453.151,35126.416,35782.166,36419.070,37035.275,37628.292,38194.890,38730.993,39231.612,39690.841,40101.957,40457.667,40750.515,40973.441,41120.399,41186.914,41170.472,41070.729,40889.568,40631.027,40301.088,39907.274,39458.091,38962.411,38428.913,37865.679,37279.945,36678.002,36065.201,35446.012,34824.121,34202.537,33583.691,32969.529,32361.586,31761.055,31168.838,30585.590,30011.748,29447.561,28893.106,28348.305,27812.929,27286.609,26768.832,26258.945,25756.147,25259.485,24767.845,24279.938,23794.289,23309.221,22822.834,22332.990,21837.286,21333.034,20817.235,20286.559,19737.320,19165.456,18566.526,17935.706,17267.807,16557.322,15798.500,14985.473,14112.434,13173.889,12164.982,11081.903,9922.365,8686.119,7375.463,5995.659,4555.186,3065.718,1541.768,0.000
0.000,21.039,42.054,63.017,83.902,104.680,125.327,145.815,166.117,186.209,206.064,225.658,244.966,263.963,282.626,300.932,318.859,336.384,353.487,370.147,386.345,402.061,417.277,431.977,446.143,459.761,472.814,485.290,497.175,508.457,519.126,529.170,538.581,547.349,555.468,562.931,569.732,575.867,581.332,586.123,590.239,593.679,596.441,598.528,599.939,600.678,600.747,600.151,598.892,596.978,594.413,591.205,587.359,582.886,577.791,572.086,565.779,558.880,551.399,543.348,534.737,525.577,515.881,505.660,494.926,483.691,471.966,459.763,447.093,433.966,420.394,406.386,391.949,377.092,361.819,346.136,330.043,313.540,296.621,279.280,261.503,243.270,224.555,205.324,185.531,165.119,144.021,122.158,99.446,75.821,51.267,25.892,0.000,135.130,270.419,406.032,542.151,678.976,816.742,955.720,1096.229,1238.647,1383.423,1531.087,1682.271,1837.721,1998.320,2165.111,2339.327,2522.424,2716.122,2922.454,3143.829,3383.104,3643.676,3929.596,4245.715,4597.861,4993.074,5439.898,5948.768,6532.516,7207.042,7992.215,8913.103,10001.667,11299.130,12859.309,14753.322,17076.137,19955.316,23561.417,28116.479,33888.591,41141.287,49975.259,60000.000,60000.000,60000.000,60000.000,60000.000,60000.000,60000.000,60000.000,0.000,1527.177,3025.391,4477.531,5877.669,7226.539,8527.813,9785.970,11005.298,12189.516,13341.699,14464.325,15559.363,16628.363,17672.543,18692.862,19690.078,20664.801,21617.531,22548.692,23458.656,24347.762,25216.337,26064.697,26893.159,27702.041,28491.660,29262.325,30014.327,30747.920,31463.309,32160.615,32839.849,33500.872,34143.348,34766.689,35369.997,35951.989,36510.925,37044.532,37549.930,38023.579,38461.262,38858.120,39208.767,39507.505,39748.639,39926.876,40037.745,40077.995,40045.875,39941.313,39765.963,39523.147,39217.679,38855.568,38443.628,37989.051,37499.010,36980.343,36439.338,35881.616,35312.089,34734.980,34153.865,33571.741,32991.092,32413.959,31841.999,31276.538,30718.619,30169.035,29628.363,29096.984,28575.102,28062.761,27559.850,27066.106,26581.122,26104.340,25635.049,25172.379,24715.286,24262.546,23812.732,23364.202,22915.074,22463.200,22006.143,21541.144,21065.087,20574.471,20065.369,19533.400,18973.697,18380.889,17749.099,17071.964,16342.694,15554.183,14699.186,13770.597,12761.819,11667.272,10483.015,9207.454,7842.094,6392.211,4867.319,3281.275,1651.887,0.000
0.000,20.160,40.298,60.385,80.398,100.311,120.097,139.731,159.189,178.446,197.477,216.259,234.768,252.980,270.874,288.427,305.617,322.425,338.829,354.811,370.351,385.432,400.035,414.144,427.745,440.821,453.359,465.344,476.765,487.610,497.869,507.532,516.589,525.032,532.854,540.049,546.612,552.538,557.822,562.463,566.459,569.808,572.510,574.565,575.975,576.742,576.868,576.358,575.216,573.446,571.055,568.048,564.433,560.218,555.410,550.019,544.053,537.523,530.437,522.808,514.645,505.959,496.763,487.068,476.884,466.225,455.100,443.523,431.502,419.050,406.176,392.890,379.199,365.111,350.631,335.764,320.509,304.866,288.830,272.391,255.533,238.235,220.466,202.184,183.334,163.841,143.612,122.524,100.430,77.170,52.612,26.765,0.000,101.496,203.118,304.996,407.273,510.107,613.682,718.209,823.938,931.162,1040.230,1151.554,1265.624,1383.017,1504.419,1630.639,1762.633,1901.532,2048.671,2205.635,2374.299,2556.895,2756.081,2975.036,3217.576,3488.303,3792.797,4137.866,4531.872,4985.174,5510.720,6124.880,6848.603,7709.104,8742.357,9996.861,11539.506,13464.833,15909.830,19077.236,23270.054,28933.103,36665.878,47064.668,60000.000,60000.000,60000.000,60000.000,60000.000,60000.000,60000.000,60000.000,0.000,1630.358,3208.874,4714.823,6147.646,7514.637,8824.602,10085.458,11303.643,12484.168,13630.861,14746.618,15833.620,16893.503,17927.493,18936.507,19921.236,20882.204,21819.817,22734.402,23626.234,24495.563,25342.623,26167.650,26970.884,27752.576,28512.977,29252.342,29970.911,30668.898,31346.469,32003.721,32640.645,33257.099,33852.758,34427.075,34979.222,35508.041,36011.984,36489.061,36936.797,37352.209,37731.816,38071.688,38367.565,38615.026,38809.743,38947.758,39025.794,39041.528,38993.806,38882.773,38709.914,38478.012,38191.010,37853.790,37471.904,37051.261,36597.843,36117.459,35615.566,35097.153,34566.683,34028.082,33484.750,32939.604,32395.114,31853.356,31316.054,30784.624,30260.210,29743.717,29235.834,28737.058,28247.709,27767.942,27297.755,26836.996,26385.362,25942.395,25507.481,25079.843,24658.522,24242.371,23830.033,23419.922,23010.195,22598.727,22183.074,21760.437,21327.621,20880.986,20416.401,19929.188,19414.076,18865.152,18275.828,17638.828,16946.211,16189.453,15359.602,14447.556,13444.480,12342.404,11135.013,9818.626,8393.278,6863.794,5240.622,3540.185,1784.508,0.000
0.000,19.313,38.603,57.847,77.019,96.096,115.052,133.863,152.507,170.958,189.194,207.192,224.929,242.385,259.535,276.361,292.841,308.955,324.685,340.011,354.916,369.382,383.392,396.931,409.985,422.537,434.575,446.086,457.058,467.479,477.341,486.633,495.347,503.474,511.008,517.943,524.273,529.995,535.104,539.599,543.476,546.736,549.377,551.400,552.806,553.598,553.779,553.351,552.319,550.687,548.463,545.650,542.257,538.291,533.760,528.672,523.036,516.862,510.160,502.939,495.211,486.986,478.275,469.091,459.444,449.346,438.808,427.841,416.456,404.665,392.476,379.900,366.944,353.616,339.921,325.864,311.445,296.663,281.514,265.987,250.067,233.729,216.943,199.661,181.822,163.339,144.093,123.922,102.602,79.834,55.254,28.561,0.000,67.737,135.560,203.561,271.837,340.498,409.670,479.497,550.151,621.833,694.781,769.276,845.652,924.305,1005.701,1090.394,1179.035,1272.398,1371.397,1477.115,1590.838,1714.096,1848.718,1996.892,2161.250,2344.978,2551.946,2786.897,3055.681,3365.586,3725.786,4147.982,4647.323,5243.790,5964.332,6846.273,7943.007,9333.859,11141.934,13567.645,16953.398,21907.890,29524.455,41617.534,60000.000,60000.000,60000.000,60000.000,60000.000,60000.000,60000.000,60000.000,0.000,1785.388,3464.934,5025.256,6483.471,7859.787,9170.526,10427.648,11639.680,12812.689,13950.999,15057.710,16135.043,17184.585,18207.469,19204.492,20176.213,21123.022,22045.193,22942.927,23816.383,24665.698,25491.010,26292.465,27070.225,27824.472,28555.405,29263.229,29948.153,30610.367,31250.027,31867.231,32461.990,33034.198,33583.590,34109.708,34611.855,35089.050,35539.989,35963.010,36356.067,36716.725,37042.184,37329.334,37574.858,37775.375,37927.630,38028.702,38076.229,38068.605,38005.138,37886.148,37713.001,37488.074,37214.655,36896.781,36539.041,36146.353,35723.752,35276.198,34808.432,34324.867,33829.533,33326.040,32817.581,32306.943,31796.540,31288.434,30784.376,30285.835,29794.025,29309.935,28834.346,28367.854,27910.882,27463.689,27026.381,26598.911,26181.082,25772.543,25372.786,24981.134,24596.731,24218.524,23845.246,23475.393,23107.191,22738.569,22367.115,21990.033,21604.092,21205.567,20790.170,20352.980,19888.368,19389.911,18850.324,18261.393,17613.950,16897.889,16102.280,15215.607,14226.198,13122.898,11896.050,10538.794,9048.629,7429.089,5691.206,3854.346,1945.963,0.000
0.000,18.495,36.969,55.398,73.760,92.029,110.184,128.202,146.059,163.732,181.201,198.442,215.436,232.159,248.593,264.716,280.509,295.954,311.032,325.725,340.015,353.887,367.325,380.312,392.835,404.881,416.435,427.486,438.023,448.035,457.512,466.444,474.824,482.645,489.899,496.580,502.685,508.208,513.146,517.496,521.258,524.429,527.009,529.000,530.401,531.216,531.447,531.097,530.170,528.671,526.606,523.980,520.801,517.074,512.810,508.015,502.698,496.869,490.537,483.712,476.406,468.628,460.390,451.703,442.578,433.026,423.060,412.690,401.927,390.783,379.266,367.388,355.156,342.578,329.661,316.408,302.823,288.903,274.646,260.043,245.078,229.730,213.967,197.744,180.997,163.636,145.532,126.496,106.244,84.325,60.019,32.230,0.000,33.890,67.825,101.851,136.017,170.379,205.002,239.959,275.337,311.239,347.784,385.116,423.404,462.849,503.687,546.199,590.716,637.630,687.404,740.590,797.841,859.935,927.804,1002.563,1085.556,1178.412,1283.113,1402.095,1538.370,1695.703,1878.857,2093.939,2348.916,2654.403,3024.907,3480.893,4052.391,4785.663,5756.403,7098.013,9068.003,12220.603,17906.518,29881.013,60000.000,60000.000,60000.000,60000.000,60000.000,60000.000,60000.000,60000.000,0.000,2046.268,3840.229,5437.813,6901.217,8270.536,9570.096,10814.956,12014.776,13175.944,14302.777,15398.223,16464.300,17502.375,18513.358,19497.833,20456.157,21388.534,22295.066,23175.794,24030.736,24859.904,25663.322,26441.043,27193.149,27919.757,28621.013,29297.092,29948.180,30574.466,31176.117,31753.263,32305.965,32834.190,33337.775,33816.393,34269.519,34696.393,35095.992,35467.004,35807.817,36116.522,36390.942,36628.687,36827.240,36984.070,37096.784,37163.277,37181.902,37151.614,37072.083,36943.772,36767.962,36546.726,36282.855,35979.740,35641.231,35271.468,34874.725,34455.264,34017.212,33564.473,33100.666,32629.091,32152.717,31674.181,31195.802,30719.600,30247.321,29780.455,29320.263,28867.794,28423.905,27989.277,27564.422,27149.699,26745.316,26351.331,25967.657,25594.055,25230.129,24875.319,24528.884,24189.886,23857.172,23529.346,23204.739,22881.371,22556.908,22228.608,21893.265,21547.132,21185.839,20804.299,20396.603,19955.894,19474.251,18942.554,18350.383,17685.944,16936.087,16086.454,15121.859,14026.986,12787.538,11391.905,9833.383,8112.748,6240.783,4240.041,2144.999,0.000
0.000,17.706,35.392,53.035,70.614,88.105,105.487,122.737,139.835,156.758,173.486,189.997,206.271,222.289,238.029,253.474,268.605,283.403,297.850,311.930,325.627,338.925,351.807,364.261,376.272,387.827,398.913,409.519,419.634,429.248,438.351,446.935,454.992,462.514,469.496,475.931,481.815,487.144,491.915,496.125,499.772,502.856,505.376,507.333,508.728,509.563,509.841,509.564,508.737,507.365,505.453,503.007,500.033,496.538,492.530,488.018,483.009,477.513,471.540,465.100,458.202,450.858,443.078,434.874,426.257,417.238,407.830,398.042,387.887,377.376,366.519,355.326,343.807,331.970,319.821,307.368,294.612,281.555,268.194,254.525,240.533,226.202,211.504,196.398,180.828,164.713,147.935,130.315,111.574,91.222,68.279,40.342,0.000,0.000,0.000,0.000,0.000,0.000,0.000,0.000,0.000,0.000,0.000,0.000,0.000,0.000,0.000,0.000,0.000,0.000,0.000,0.000,0.000,0.000,0.000,0.000,0.000,0.000,0.000,0.000,0.000,0.000,0.000,0.000,0.000,0.000,0.000,0.000,0.000,0.000,0.000,0.000,0.000,0.000,0.000,0.000,0.000,0.000,0.000,0.000,0.000,0.000,0.000,0.000,0.000,2559.464,4411.912,5984.565,7413.067,8751.069,10024.391,11247.334,12428.557,13573.572,14685.981,15768.148,16821.604,17847.305,18845.804,19817.376,20762.105,21679.950,22570.801,23434.509,24270.927,25079.923,25861.399,26615.306,27341.642,28040.463,28711.872,29356.019,29973.086,30563.274,31126.789,31663.815,32174.496,32658.902,33117.006,33548.649,33953.514,34331.091,34680.663,35001.279,35291.756,35550.685,35776.458,35967.318,36121.428,36236.968,36312.244,36345.807,36336.579,36283.956,36187.899,36048.989,35868.446,35648.112,35390.398,35098.198,34774.780,34423.671,34048.530,33653.037,33240.798,32815.266,32379.688,31937.067,31490.145,31041.392,30593.019,30146.980,29704.990,29268.540,28838.917,28417.213,28004.346,27601.067,27207.974,26825.514,26453.996,26093.584,25744.303,25406.031,25078.498,24761.269,24453.737,24155.099,23864.343,23580.211,23301.176,23025.393,22750.657,22474.345,22193.343,21903.967,21601.859,21281.876,20937.945,20562.904,20148.317,19684.270,19159.158,18559.487,17869.733,17072.322,16147.849,15075.696,13835.248,12407.940,10780.278,8947.758,6919.153,4720.045,2393.996,0.000
0.000,16.944,33.869,50.754,67.576,84.316,100.951,117.462,133.827,150.025,166.037,181.843,197.423,212.758,227.829,242.618,257.108,271.280,285.118,298.607,311.730,324.471,336.817,348.755,360.269,371.349,381.982,392.156,401.863,411.091,419.832,428.078,435.820,443.053,449.769,455.965,461.635,466.775,471.382,475.454,478.989,481.987,484.447,486.370,487.757,488.610,488.931,488.723,487.992,486.740,484.975,482.700,479.923,476.652,472.892,468.652,463.941,458.768,453.141,447.072,440.570,433.647,426.312,418.577,410.454,401.954,393.088,383.869,374.308,364.417,354.205,343.686,332.868,321.760,310.372,298.709,286.778,274.582,262.120,249.392,236.388,223.097,209.498,195.563,181.247,166.492,151.211,135.285,118.538,100.726,81.544,60.865,40.333,32.406,29.080,27.772,27.530,27.952,28.854,30.139,31.759,33.691,35.924,38.460,41.305,44.473,47.981,51.849,56.102,60.769,65.883,71.477,77.592,84.272,91.564,99.521,108.203,117.672,128.001,139.265,151.551,164.956,179.583,195.551,212.991,232.052,252.903,275.734,300.768,328.263,358.526,391.923,428.903,470.029,516.019,567.818,626.714,694.528,773.958,869.232,987.465,1141.725,1358.790,1701.099,2336.170,3779.686,5263.405,6675.487,8015.436,9296.307,10529.091,11721.464,12878.578,14003.841,15099.465,16166.825,17206.708,18219.484,19205.228,20163.815,21094.989,21998.418,22873.735,23720.576,24538.604,25327.526,26087.113,26817.205,27517.720,28188.651,28830.065,29442.099,30024.943,30578.831,31104.024,31600.790,32069.378,32509.994,32922.776,33307.764,33664.875,33993.876,34294.369,34565.774,34807.326,35018.088,35196.972,35342.782,35454.272,35530.217,35569.504,35571.218,35534.740,35459.823,35346.662,35195.935,35008.818,34786.979,34532.530,34247.976,33936.128,33600.016,33242.797,32867.670,32477.793,32076.226,31665.876,31249.471,30829.528,30408.354,29988.034,29570.443,29157.252,28749.936,28349.789,27957.936,27575.339,27202.814,26841.032,26490.529,26151.710,25824.846,25510.078,25207.409,24916.700,24637.659,24369.828,24112.564,23865.019,23626.109,23394.485,23168.489,22946.103,22724.887,22501.907,22273.638,22035.857,21783.498,21510.490,21209.548,20871.928,20487.130,20042.564,19523.181,18911.099,18185.308,17321.571,16292.746,15069.858,13624.362,11932.058,9978.873,7768.043,5326.997,2710.943,0.000
0.000,16.208,32.399,48.550,64.643,80.657,96.572,112.368,128.024,143.522,158.843,173.967,188.876,203.552,217.976,232.132,246.001,259.569,272.818,285.734,298.301,310.505,322.333,333.770,344.804,355.423,365.616,375.373,384.683,393.537,401.927,409.844,417.281,424.232,430.691,436.653,442.114,447.069,451.516,455.453,458.879,461.792,464.192,466.080,467.457,468.325,468.686,468.544,467.903,466.767,465.142,463.032,460.445,457.387,453.865,449.888,445.464,440.602,435.311,429.602,423.483,416.967,410.064,402.784,395.140,387.145,378.808,370.143,361.162,351.875,342.296,332.436,322.306,311.916,301.277,290.397,279.284,267.943,256.380,244.596,232.589,220.354,207.880,195.153,182.148,168.834,155.168,141.103,126.591,111.621,96.322,81.251,68.069,60.215,56.148,54.484,54.397,55.429,57.325,59.945,63.209,67.081,71.547,76.611,82.289,88.608,95.601,103.313,111.791,121.094,131.285,142.434,154.620,167.931,182.462,198.320,215.618,234.487,255.065,277.508,301.987,328.689,357.826,389.630,424.362,462.317,503.825,549.266,599.076,653.761,713.918,780.262,853.663,935.196,1026.229,1128.540,1244.512,1377.443,1532.073,1715.509,1938.906,2220.646,2592.343,3109.440,3863.904,4959.715,6186.550,7438.558,8676.902,9889.656,11074.230,12230.882,13360.481,14463.786,15541.252,16593.021,17618.964,18618.741,19591.857,20537.718,21455.673,22345.052,23205.203,24035.517,24835.447,25604.527,26342.384,27048.748,27723.449,28366.424,28977.711,29557.441,30105.828,30623.156,31109.763,31566.020,31992.308,32388.998,32756.418,33094.835,33404.424,33685.250,33937.246,34160.203,34353.768,34517.451,34650.644,34752.652,34822.746,34860.212,34864.424,34834.912,34771.431,34674.028,34543.087,34379.366,34184.013,33958.554,33704.871,33425.154,33121.847,32797.577,32455.087,32097.167,31726.596,31346.086,30958.243,30565.535,30170.271,29774.588,29380.449,28989.639,28603.773,28224.297,27852.505,27489.538,27136.398,26793.954,26462.948,26143.999,25837.607,25544.151,25263.891,24996.962,24743.369,24502.973,24275.485,24060.440,23857.185,23664.844,23482.288,23308.094,23140.492,22977.305,22815.867,22652.927,22484.531,22305.865,22111.060,21892.958,21642.797,21349.832,21000.859,20579.639,20066.233,19436.293,18660.429,17703.903,16527.112,15087.623,13344.744,11267.652,8847.160,6108.968,3122.780,0.000
0.000,15.498,30.978,46.422,61.810,77.123,92.341,107.446,122.418,137.240,151.893,166.358,180.618,194.657,208.455,221.998,235.269,248.251,260.931,273.293,285.323,297.006,308.331,319.283,329.852,340.026,349.793,359.144,368.070,376.561,384.609,392.207,399.348,406.025,412.234,417.968,423.225,428.000,432.291,436.095,439.412,442.241,444.581,446.433,447.799,448.680,449.078,448.998,448.443,447.417,445.925,443.973,441.568,438.716,435.424,431.700,427.553,422.991,418.023,412.661,406.913,400.792,394.306,387.468,380.290,372.784,364.962,356.836,348.419,339.723,330.762,321.547,312.091,302.406,292.503,282.394,272.089,261.597,250.927,240.085,229.076,217.903,206.567,195.067,183.400,171.563,159.558,147.397,135.127,122.866,110.889,99.763,90.487,84.246,80.819,79.623,80.152,82.046,85.079,89.109,94.056,99.881,106.576,114.151,122.635,132.069,142.506,154.011,166.659,180.533,195.730,212.355,230.526,250.372,272.037,295.677,321.466,349.593,380.267,413.717,450.198,489.990,533.402,580.782,632.513,689.029,750.817,818.432,892.510,973.787,1063.125,1161.549,1270.291,1390.864,1525.162,1675.604,1845.353,2038.661,2261.387,2521.828,2832.009,3209.617,3680.502,4280.421,5050.302,6008.733,7084.538,8215.313,9363.981,10511.209,11647.317,12767.384,13868.713,14949.605,16008.774,17045.083,18057.429,19044.703,20005.790,20939.578,21844.983,22720.968,23566.566,24380.900,25163.199,25912.812,26629.214,27312.018,27960.970,28575.954,29156.983,29704.196,30217.843,30698.275,31145.926,31561.293,31944.915,32297.348,32619.142,32910.813,33172.818,33405.535,33609.242,33784.106,33930.176,34047.389,34135.584,34194.523,34223.934,34223.549,34193.158,34132.664,34042.137,33921.864,33772.385,33594.527,33389.411,33158.454,32903.347,32626.028,32328.637,32013.468,31682.917,31339.429,30985.453,30623.397,30255.595,29884.277,29511.555,29139.406,28769.663,28404.022,28044.033,27691.108,27346.528,27011.446,26686.895,26373.792,26072.943,25785.048,25510.702,25250.393,25004.506,24773.313,24556.970,24355.510,24168.824,23996.653,23838.562,23693.915,23561.847,23441.221,23330.580,23228.083,23131.432,23037.774,22943.575,22844.462,22735.016,22608.509,22456.548,22268.617,22031.470,21728.346,21337.958,20833.254,20179.997,19335.364,18247.102,16854.302,15091.668,12899.851,10243.993,7138.941,3671.214,0.000
0.000,14.811,29.606,44.365,59.072,73.707,88.252,102.689,117.001,131.168,145.175,159.003,172.637,186.058,199.252,212.202,224.893,237.310,249.438,261.264,272.773,283.953,294.790,305.274,315.391,325.133,334.487,343.446,351.998,360.137,367.854,375.142,381.995,388.405,394.369,399.882,404.940,409.539,413.677,417.351,420.562,423.307,425.587,427.403,428.756,429.647,430.080,430.057,429.583,428.662,427.297,425.496,423.265,420.610,417.539,414.058,410.178,405.905,401.250,396.223,390.834,385.093,379.012,372.602,365.876,358.844,351.522,343.919,336.052,327.931,319.571,310.986,302.189,293.194,284.014,274.663,265.153,255.498,245.710,235.801,225.783,215.667,205.466,195.192,184.863,174.499,164.136,153.831,143.679,133.850,124.625,116.441,109.882,105.475,103.268,103.048,104.546,107.533,111.841,117.360,124.027,131.816,140.728,150.786,162.034,174.530,188.347,203.570,220.301,238.651,258.748,280.732,304.757,330.996,359.638,390.889,424.977,462.154,502.693,546.897,595.101,647.670,705.014,767.584,835.881,910.470,991.983,1081.136,1178.746,1285.754,1403.250,1532.519,1675.090,1832.812,2007.957,2203.363,2422.640,2670.466,2952.991,3278.413,3657.692,4105.318,4639.636,5281.450,6048.161,6940.392,7927.572,8974.194,10052.521,11143.907,12236.474,13322.652,14397.414,15457.182,16499.194,17521.149,18521.007,19496.897,20447.067,21369.871,22263.766,23127.325,23959.248,24758.375,25523.697,26254.367,26949.706,27609.205,28232.527,28819.506,29370.141,29884.587,30363.145,30806.248,31214.446,31588.385,31928.784,32236.414,32512.066,32756.534,32970.578,33154.909,33310.162,33436.884,33535.523,33606.430,33649.863,33666.009,33655.006,33616.980,33552.083,33460.540,33342.682,33198.998,33030.159,32837.043,32620.750,32382.604,32124.139,31847.079,31553.312,31244.851,30923.795,30592.293,30252.506,29906.573,29556.581,29204.546,28852.392,28501.940,28154.904,27812.881,27477.357,27149.703,26831.183,26522.955,26226.076,25941.508,25670.117,25412.682,25169.891,24942.346,24730.558,24534.942,24355.818,24193.398,24047.775,23918.909,23806.613,23710.525,23630.080,23564.477,23512.631,23473.119,23444.107,23423.261,23407.628,23393.481,23376.119,23349.595,23306.346,23236.689,23128.126,22964.379,22724.054,22378.820,21890.987,21210.495,20271.663,18990.844,17267.799,14996.109,12090.032,8531.598,4423.136,0.000
0.000,14.147,28.279,42.377,56.425,70.405,84.299,98.091,111.762,125.297,138.679,151.892,164.919,177.744,190.353,202.729,214.859,226.728,238.323,249.629,260.634,271.325,281.691,291.720,301.401,310.723,319.677,328.254,336.445,344.242,351.636,358.623,365.195,371.346,377.073,382.369,387.233,391.660,395.648,399.195,402.300,404.962,407.183,408.961,410.300,411.199,411.663,411.694,411.296,410.474,409.231,407.575,405.510,403.044,400.184,396.938,393.313,389.320,384.966,380.262,375.218,369.846,364.155,358.159,351.869,345.298,338.459,331.366,324.031,316.469,308.695,300.723,292.568,284.246,275.772,267.162,258.431,249.597,240.676,231.685,222.643,213.569,204.486,195.420,186.401,177.473,168.692,160.140,151.936,144.254,137.339,131.514,127.140,124.517,123.743,124.764,127.460,131.706,137.399,144.470,152.884,162.634,173.738,186.236,200.189,215.674,232.783,251.626,272.327,295.027,319.883,347.069,376.778,409.221,444.631,483.264,525.403,571.353,621.455,676.080,735.638,800.580,871.403,948.659,1032.961,1124.990,1225.512,1335.386,1455.589,1587.235,1731.605,1890.190,2064.742,2257.342,2470.495,2707.255,2971.385,3267.576,3601.705,3981.147,4415.036,4914.334,5491.285,6157.595,6920.513,7777.118,8711.182,9701.390,10728.026,11775.446,12832.047,13889.368,14941.141,15982.548,17009.710,18019.350,19008.595,19974.855,20915.758,21829.121,22712.934,23565.370,24384.780,25169.710,25918.905,26631.315,27306.099,27942.630,28540.490,29099.468,29619.555,30100.934,30543.971,30949.197,31317.298,31649.091,31945.498,32207.531,32436.253,32632.756,32798.131,32933.441,33039.694,33117.826,33168.686,33193.028,33191.515,33164.729,33113.187,33037.369,32937.746,32814.819,32669.146,32501.383,32312.305,32102.832,31874.042,31627.175,31363.627,31084.942,30792.788,30488.936,30175.228,29853.555,29525.820,29193.923,28859.729,28525.053,28191.646,27861.182,27535.254,27215.367,26902.938,26599.293,26305.676,26023.245,25753.077,25496.175,25253.465,25025.800,24813.964,24618.672,24440.564,24280.206,24138.089,24014.613,23910.088,23824.716,23758.576,23711.607,23683.584,23674.085,23682.455,23707.758,23748.716,23803.631,23870.285,23945.802,24026.468,24107.486,24182.626,24243.735,24280.029,24277.047,24215.114,24067.035,23794.677,23344.004,22638.245,21569.641,19992.595,17726.770,14588.441,10474.290,5489.733,0.000
0.000,13.505,26.995,40.454,53.865,67.211,80.475,93.642,106.695,119.619,132.396,145.013,157.453,169.701,181.743,193.564,205.151,216.490,227.567,238.370,248.887,259.105,269.014,278.602,287.859,296.775,305.340,313.547,321.386,328.850,335.932,342.626,348.924,354.823,360.318,365.404,370.078,374.336,378.177,381.598,384.600,387.181,389.341,391.082,392.404,393.309,393.801,393.882,393.556,392.827,391.700,390.181,388.276,385.992,383.334,380.313,376.934,373.208,369.144,364.752,360.041,355.023,349.710,344.114,338.246,332.120,325.749,319.147,312.328,305.308,298.102,290.726,283.195,275.527,267.740,259.852,251.881,243.847,235.772,227.678,219.589,211.532,203.538,195.643,187.890,180.337,173.053,166.132,159.698,153.914,148.986,145.153,142.665,141.724,142.435,144.817,148.836,154.441,161.586,170.244,180.411,192.103,205.358,220.237,236.818,255.197,275.489,297.826,322.357,349.249,378.691,410.887,446.067,484.480,526.404,572.139,622.018,676.405,735.697,800.334,870.795,947.610,1031.361,1122.692,1222.315,1331.020,1449.690,1579.311,1720.993,1875.995,2045.749,2231.899,2436.349,2661.322,2909.432,3183.782,3488.077,3826.752,4205.115,4629.442,5106.982,5645.706,6253.586,6937.145,7699.192,8536.400,9438.667,10392.180,11382.769,12397.831,13426.929,14461.661,15495.265,16522.195,17537.783,18537.985,19519.210,20478.214,21412.036,22317.966,23193.531,24036.491,24844.846,25616.837,26350.955,27045.946,27700.806,28314.789,28887.399,29418.387,29907.743,30355.692,30762.675,31129.341,31456.531,31745.252,31996.662,32212.034,32392.733,32540.182,32655.827,32741.108,32797.427,32826.122,32828.448,32805.563,32758.524,32688.289,32595.730,32481.650,32346.804,32191.935,32017.794,31825.176,31614.940,31388.035,31145.509,30888.525,30618.354,30336.378,30044.069,29742.984,29434.738,29120.988,28803.411,28483.686,28163.475,27844.409,27528.076,27216.010,26909.686,26610.520,26319.857,26038.981,25769.108,25511.396,25266.940,25036.778,24821.893,24623.214,24441.621,24277.938,24132.942,24007.354,23901.838,23816.998,23753.368,23711.406,23691.481,23693.856,23718.673,23765.930,23835.449,23926.841,24039.464,24172.356,24324.169,24493.058,24676.545,24871.330,25073.007,25275.664,25471.269,25648.724,25792.372,25879.575,25876.725,25732.635,25367.703,24656.906,23406.190,21329.953,18062.684,13287.393,7061.508,0.000
0.000,12.884,25.754,38.594,51.388,64.120,76.775,89.338,101.792,114.124,126.316,138.355,150.227,161.916,173.410,184.694,195.754,206.579,217.155,227.471,237.515,247.274,256.740,265.900,274.745,283.267,291.455,299.302,306.799,313.941,320.718,327.126,333.160,338.813,344.081,348.961,353.449,357.543,361.239,364.538,367.437,369.936,372.037,373.738,375.043,375.952,376.468,376.595,376.336,375.696,374.679,373.291,371.538,369.426,366.963,364.157,361.015,357.546,353.760,349.667,345.277,340.601,335.651,330.439,324.978,319.281,313.362,307.235,300.916,294.420,287.763,280.963,274.036,267.003,259.882,252.694,245.459,238.203,230.948,223.723,216.556,209.482,202.537,195.766,189.222,182.969,177.085,171.668,166.839,162.745,159.559,157.469,156.662,157.294,159.471,163.246,168.637,175.645,184.269,194.520,206.421,220.015,235.361,252.542,271.653,292.813,316.156,341.837,370.029,400.928,434.747,471.726,512.125,556.234,604.367,656.873,714.129,776.552,844.598,918.765,999.601,1087.707,1183.742,1288.436,1402.589,1527.090,1662.921,1811.177,1973.082,2150.008,2343.500,2555.312,2787.440,3042.170,3322.134,3630.371,3970.393,4346.250,4762.568,5224.532,5737.753,6307.932,6940.221,7638.222,8402.724,9230.640,10114.924,11045.915,12013.063,13006.204,14016.202,15035.113,16056.094,17073.218,18081.279,19075.635,20052.086,21006.796,21936.249,22837.223,23706.780,24542.268,25341.326,26101.889,26822.189,27500.763,28136.448,28728.381,29275.991,29778.999,30237.405,30651.481,31021.762,31349.031,31634.301,31878.798,32083.934,32251.282,32382.538,32479.487,32543.964,32577.815,32582.862,32560.866,32513.501,32442.334,32348.812,32234.260,32099.883,31946.782,31775.974,31588.411,31385.010,31166.679,30934.340,30688.953,30431.533,30163.161,29884.990,29598.248,29304.231,29004.299,28699.859,28392.357,28083.261,27774.048,27466.191,27161.149,26860.356,26565.212,26277.083,25997.290,25727.112,25467.786,25220.504,24986.416,24766.633,24562.228,24374.239,24203.668,24051.488,23918.641,23806.035,23714.549,23645.031,23598.289,23575.096,23576.174,23602.196,23653.770,23731.429,23835.617,23966.669,24124.792,24310.034,24522.251,24761.063,25025.796,25315.404,25628.356,25962.479,26314.711,26680.717,27054.261,27426.126,27782.215,28100.051,28342.142,28443.055,28284.112,27645.325,26124.183,23044.956,17551.097,9468.909,0.000
0.000,12.282,24.551,36.792,48.989,61.128,73.194,85.171,97.046,108.803,120.429,131.909,143.231,154.379,165.341,176.103,186.654,196.981,207.072,216.915,226.499,235.814,244.849,253.595,262.041,270.179,278.001,285.498,292.664,299.491,305.972,312.103,317.877,323.291,328.338,333.017,337.324,341.256,344.811,347.988,350.786,353.205,355.244,356.906,358.191,359.101,359.639,359.809,359.613,359.055,358.142,356.879,355.270,353.324,351.047,348.446,345.530,342.308,338.789,334.983,330.901,326.553,321.953,317.111,312.042,306.758,301.274,295.605,289.767,283.775,277.649,271.404,265.061,258.640,252.161,245.648,239.125,232.617,226.153,219.764,213.484,207.351,201.408,195.706,190.304,185.269,180.685,176.648,173.273,170.695,169.059,168.522,169.238,171.337,174.924,180.074,186.835,195.244,205.337,217.154,230.747,246.181,263.539,282.922,304.446,328.250,354.489,383.341,415.001,449.689,487.649,529.147,574.478,623.966,677.963,736.859,801.076,871.081,947.380,1030.531,1121.140,1219.877,1327.470,1444.724,1572.521,1711.832,1863.730,2029.399,2210.155,2407.458,2622.937,2858.414,3115.933,3397.790,3706.570,4045.182,4416.882,4825.294,5274.383,5768.374,6311.576,6908.060,7561.159,8272.812,9042.858,9868.529,10744.493,11663.514,12617.386,13597.745,14596.590,15606.524,16620.812,17633.336,18638.516,19631.228,20606.741,21560.677,22488.986,23387.943,24254.145,25084.524,25876.354,26627.255,27335.204,27998.526,28615.901,29186.353,29709.246,30184.274,30611.458,30991.130,31323.929,31610.787,31852.912,32051.772,32209.066,32326.695,32406.724,32451.338,32462.801,32443.403,32395.418,32321.058,32222.437,32101.542,31960.214,31800.138,31622.843,31429.709,31221.987,31000.815,30767.248,30522.282,30266.882,30002.001,29728.607,29447.694,29160.296,28867.494,28570.413,28270.227,27968.150,27665.429,27363.337,27063.164,26766.205,26473.755,26187.101,25907.518,25636.260,25374.562,25123.635,24884.668,24658.825,24447.251,24251.069,24071.384,23909.286,23765.851,23642.144,23539.220,23458.124,23399.894,23365.562,23356.148,23372.663,23416.109,23487.468,23587.704,23717.759,23878.538,24070.916,24295.718,24553.719,24845.637,25172.119,25533.740,25930.993,26364.282,26833.908,27340.044,27882.686,28461.530,29075.704,29723.149,30399.161,31092.860,31778.292,32391.185,32766.833,32476.509,30441.870,24403.131,13263.034,0.000
0.000,11.700,23.387,35.047,46.666,58.230,69.724,81.135,92.448,103.649,114.726,125.665,136.453,147.076,157.523,167.781,177.837,187.681,197.300,206.685,215.824,224.707,233.325,241.668,249.726,257.492,264.958,272.115,278.958,285.479,291.673,297.533,303.055,308.234,313.066,317.548,321.677,325.451,328.867,331.925,334.622,336.961,338.940,340.561,341.824,342.733,343.290,343.498,343.360,342.881,342.066,340.920,339.449,337.660,335.560,333.155,330.456,327.470,324.206,320.676,316.889,312.857,308.591,304.105,299.411,294.525,289.459,284.230,278.854,273.348,267.730,262.020,256.237,250.404,244.543,238.679,232.837,227.048,221.341,215.751,210.316,205.078,200.085,195.390,191.056,187.156,183.771,180.996,178.942,177.727,177.484,178.347,180.448,183.909,188.832,195.305,203.397,213.172,224.692,238.023,253.240,270.431,289.701,311.167,334.967,361.259,390.218,422.041,456.949,495.184,537.016,582.739,632.679,687.191,746.665,811.526,882.241,959.319,1043.316,1134.840,1234.557,1343.192,1461.541,1590.473,1730.942,1883.992,2050.771,2232.540,2430.686,2646.737,2882.381,3139.481,3420.094,3726.493,4061.183,4426.910,4826.668,5263.672,5741.306,6263.016,6832.131,7451.585,8123.555,8849.027,9627.381,10456.144,11331.027,12246.284,13195.246,14170.827,15165.917,16173.610,17187.324,18200.831,19208.256,20204.056,21183.012,22140.224,23071.118,23971.460,24837.378,25665.377,26452.358,27195.626,27892.896,28542.290,29142.333,29691.943,30190.424,30637.456,31033.084,31377.714,31672.101,31917.340,32114.856,32266.381,32373.934,32439.780,32466.395,32456.414,32412.573,32337.654,32234.427,32105.590,31953.726,31781.263,31590.445,31383.319,31161.725,30927.310,30681.536,30425.702,30160.974,29888.412,29608.996,29323.656,29033.294,28738.809,28441.107,28141.118,27839.801,27538.149,27237.189,26937.978,26641.604,26349.175,26061.819,25780.675,25506.890,25241.612,24985.993,24741.179,24508.315,24288.542,24082.996,23892.812,23719.125,23563.070,23425.787,23308.424,23212.135,23138.087,23087.462,23061.457,23061.286,23088.185,23143.409,23228.236,23343.966,23491.924,23673.462,23889.960,24142.832,24433.534,24763.577,25134.543,25548.116,26006.127,26510.619,27063.939,27668.890,28328.932,29048.509,29833.519,30692.056,31635.557,32680.621,33851.876,35186.092,36735.523,38554.327,40573.161,41842.890,36356.529,19180.094,0.000
0.000,11.135,22.259,33.356,44.415,55.422,66.362,77.223,87.992,98.654,109.199,119.613,129.883,139.998,149.945,159.712,169.289,178.664,187.827,196.766,205.473,213.937,222.150,230.101,237.782,245.187,252.306,259.133,265.662,271.885,277.798,283.394,288.670,293.621,298.243,302.532,306.487,310.106,313.385,316.324,318.923,321.181,323.099,324.678,325.919,326.825,327.397,327.640,327.556,327.150,326.427,325.392,324.052,322.412,320.480,318.263,315.770,313.009,309.990,306.722,303.218,299.487,295.543,291.397,287.064,282.557,277.892,273.084,268.151,263.110,257.980,252.782,247.536,242.265,236.994,231.750,226.559,221.454,216.467,211.636,207.001,202.608,198.507,194.754,191.415,188.563,186.279,184.657,183.798,183.815,184.827,186.955,190.320,195.036,201.208,208.931,218.290,229.368,242.247,257.016,273.769,292.614,313.673,337.085,363.004,391.607,423.087,457.663,495.575,537.088,582.497,632.121,686.313,745.460,809.983,880.344,957.047,1040.641,1131.728,1230.962,1339.059,1456.799,1585.033,1724.690,1876.786,2042.429,2222.828,2419.309,2633.315,2866.429,3120.376,3397.040,3698.476,4026.913,4384.764,4774.617,5199.217,5661.428,6164.162,6710.265,7302.357,7942.607,8632.465,9372.373,10161.513,10997.658,11877.205,12795.371,13746.508,14724.426,15722.666,16734.704,17754.073,18774.441,19789.653,20793.763,21781.065,22746.130,23683.843,24589.446,25458.574,26287.294,27072.123,27810.045,28498.516,29135.459,29719.251,30248.716,30723.109,31142.099,31505.769,31814.603,32069.482,32271.680,32422.855,32525.031,32580.575,32592.164,32562.733,32495.420,32393.494,32260.288,32099.120,31913.224,31705.691,31479.417,31237.066,30981.048,30713.513,30436.356,30151.229,29859.568,29562.623,29261.485,28957.125,28650.424,28342.200,28033.236,27724.302,27416.169,27109.625,26805.481,26504.581,26207.795,25916.031,25630.221,25351.331,25080.347,24818.280,24566.159,24325.031,24095.959,23880.018,23678.302,23491.919,23321.991,23169.663,23036.098,22922.485,22830.036,22759.996,22713.644,22692.291,22697.294,22730.050,22792.006,22884.659,23009.564,23168.338,23362.663,23594.302,23865.100,24177.009,24532.099,24932.596,25380.922,25879.753,26432.109,27041.485,27712.034,28448.841,29258.343,30148.950,31132.030,32223.490,33446.440,34835.921,36447.960,38378.702,40810.506,44141.805,49418.924,60000.000,60000.000,27100.815,0.000
0.000,10.588,21.164,31.717,42.233,52.698,63.101,73.430,83.670,93.811,103.839,113.744,123.512,133.133,142.595,151.887,160.998,169.918,178.637,187.145,195.431,203.488,211.306,218.876,226.192,233.244,240.026,246.532,252.755,258.688,264.327,269.667,274.702,279.429,283.846,287.947,291.732,295.197,298.342,301.165,303.665,305.843,307.700,309.236,310.452,311.351,311.937,312.210,312.176,311.838,311.201,310.272,309.054,307.556,305.784,303.745,301.448,298.902,296.116,293.100,289.865,286.423,282.785,278.964,274.975,270.832,266.549,262.144,257.634,253.037,248.372,243.662,238.927,234.193,229.483,224.827,220.255,215.798,211.492,207.376,203.494,199.892,196.623,193.746,191.326,189.437,188.160,187.584,187.808,188.935,191.078,194.349,198.861,204.727,212.051,220.936,231.479,243.776,257.927,274.035,292.215,312.591,335.303,360.503,388.366,419.084,452.868,489.955,530.604,575.104,623.767,676.939,734.998,798.357,867.469,942.825,1024.965,1114.476,1211.997,1318.226,1433.923,1559.916,1697.105,1846.473,2009.088,2186.112,2378.810,2588.556,2816.844,3065.293,3335.658,3629.834,3949.862,4297.927,4676.352,5087.584,5534.163,6018.671,6543.658,7111.537,7724.437,8384.033,9091.338,9846.505,10648.656,11495.789,12384.782,13311.508,14271.014,15257.727,16265.644,17288.494,18319.853,19353.239,20382.186,21400.312,22401.392,23379.426,24328.718,25243.946,26120.223,26953.148,27738.841,28473.963,29155.715,29781.827,30350.548,30860.617,31311.250,31702.119,32033.349,32305.506,32519.605,32677.107,32779.917,32830.375,32831.237,32785.635,32697.022,32569.108,32405.768,32210.958,31988.615,31742.571,31476.475,31193.726,30897.431,30590.373,30275.005,29953.454,29627.540,29298.806,28968.550,28637.868,28307.686,27978.807,27651.938,27327.728,27006.791,26689.727,26377.145,26069.671,25767.958,25472.694,25184.605,24904.453,24633.041,24371.209,24119.832,23879.823,23652.125,23437.716,23237.608,23052.842,22884.496,22733.682,22601.549,22489.287,22398.127,22329.349,22284.281,22264.308,22270.873,22305.485,22369.720,22465.232,22593.758,22757.124,22957.255,23196.185,23476.075,23799.222,24168.091,24585.341,25053.870,25576.875,26157.938,26801.143,27511.247,28293.932,29156.159,30106.705,31156.970,32322.206,33623.474,35090.829,36768.698,38725.366,41070.274,43986.009,47783.472,52960.733,60000.000,60000.000,29223.166,0.000
0.000,10.056,20.103,30.126,40.114,50.056,59.938,69.749,79.477,89.110,98.638,108.047,117.328,126.470,135.461,144.292,152.951,161.429,169.717,177.804,185.683,193.343,200.778,207.978,214.937,221.647,228.101,234.294,240.218,245.869,251.241,256.329,261.130,265.640,269.854,273.771,277.388,280.703,283.716,286.423,288.826,290.925,292.719,294.211,295.401,296.292,296.886,297.187,297.198,296.923,296.367,295.536,294.435,293.071,291.450,289.581,287.470,285.128,282.564,279.787,276.809,273.641,270.296,266.785,263.124,259.326,255.408,251.386,247.279,243.104,238.882,234.635,230.385,226.159,221.981,217.882,213.892,210.045,206.379,202.933,199.753,196.887,194.390,192.320,190.744,189.735,189.373,189.744,190.942,193.067,196.225,200.523,206.071,212.978,221.352,231.300,242.928,256.344,271.660,288.995,308.477,330.244,354.452,381.269,410.882,443.501,479.353,518.690,561.791,608.961,660.533,716.875,778.387,845.507,918.713,998.527,1085.518,1180.305,1283.563,1396.027,1518.496,1651.841,1797.004,1955.014,2126.986,2314.127,2517.748,2739.267,2980.216,3242.247,3527.136,3836.784,4173.219,4538.587,4935.140,5365.214,5831.190,6335.445,6880.275,7467.798,8099.836,8777.764,9502.364,10273.667,11090.835,11952.077,12854.647,13794.887,14768.336,15769.846,16793.715,17833.802,18883.635,19936.507,20985.572,22023.942,23044.799,24041.500,25007.697,25937.438,26825.265,27666.275,28456.175,29191.298,29868.599,30485.637,31040.548,31532.007,31959.208,32321.835,32620.056,32854.524,33026.384,33137.286,33189.391,33185.379,33128.428,33022.181,32870.680,32678.289,32449.582,32189.230,31901.881,31592.043,31263.985,30921.658,30568.636,30208.086,29842.759,29474.995,29106.753,28739.648,28374.991,28013.836,27657.033,27305.268,26959.109,26619.040,26285.498,25958.899,25639.654,25328.196,25024.985,24730.519,24445.343,24170.047,23905.275,23651.719,23410.122,23181.280,22966.035,22765.281,22579.962,22411.070,22259.650,22126.800,22013.673,21921.481,21851.496,21805.058,21783.578,21788.540,21821.514,21884.155,21978.214,22105.545,22268.116,22468.015,22707.466,22988.841,23314.680,23687.709,24110.877,24587.385,25120.745,25714.846,26374.054,27103.344,27908.494,28796.349,29775.213,30855.403,32050.068,33376.393,34857.413,36524.738,38422.706,40614.558,43191.039,46279.798,50045.353,54640.538,60000.000,60000.000,29791.848,0.000
0.000,9.541,19.072,28.582,38.058,47.490,56.866,66.175,75.405,84.546,93.587,102.516,111.324,120.000,128.534,136.915,145.135,153.184,161.052,168.731,176.212,183.488,190.549,197.390,204.002,210.378,216.513,222.400,228.034,233.408,238.520,243.363,247.935,252.230,256.247,259.984,263.436,266.604,269.485,272.079,274.385,276.404,278.136,279.582,280.744,281.624,282.225,282.549,282.601,282.384,281.903,281.165,280.173,278.935,277.457,275.748,273.814,271.666,269.312,266.763,264.029,261.122,258.054,254.837,251.487,248.019,244.447,240.789,237.063,233.288,229.485,225.676,221.885,218.138,214.461,210.884,207.441,204.165,201.095,198.273,195.744,193.558,191.770,190.440,189.633,189.422,189.884,191.106,193.176,196.193,200.256,205.470,211.942,219.781,229.096,240.000,252.604,267.026,283.389,301.821,322.463,345.468,371.001,399.246,430.403,464.693,502.359,543.669,588.916,638.421,692.536,751.647,816.173,886.576,963.355,1047.058,1138.279,1237.667,1345.927,1463.827,1592.200,1731.950,1884.062,2049.600,2229.719,2425.667,2638.794,2870.554,3122.512,3396.350,3693.860,4016.954,4367.650,4748.070,5160.417,5606.951,6089.948,6611.655,7174.208,7779.558,8429.355,9124.837,9866.701,10654.983,11488.955,12367.056,13286.859,14245.079,15237.619,16259.631,17305.592,18369.390,19444.406,20523.612,21599.683,22665.119,23712.395,24734.114,25723.167,26672.885,27577.162,28430.554,29228.330,29966.499,30641.791,31251.622,31794.046,32267.706,32671.791,33006.008,33270.570,33466.206,33594.180,33656.318,33655.042,33593.382,33474.978,33304.043,33085.294,32823.852,32525.107,32194.569,31837.707,31459.806,31065.837,30660.358,30247.444,29830.655,29413.027,28997.092,28584.911,28178.125,27778.011,27385.537,27001.427,26626.211,26260.276,25903.914,25557.356,25220.807,24894.471,24578.570,24273.362,23979.152,23696.298,23425.217,23166.393,22920.370,22687.761,22469.242,22265.558,22077.516,21905.993,21751.931,21616.339,21500.300,21404.968,21331.572,21281.422,21255.914,21256.534,21284.863,21342.589,21431.506,21553.533,21710.716,21905.241,22139.448,22415.845,22737.123,23106.180,23526.143,24000.403,24532.656,25126.954,25787.782,26520.156,27329.753,28223.097,29207.815,30292.995,31489.676,32811.551,34275.930,35905.084,37728.038,39782.859,42119.145,44799.544,47896.805,51477.611,55556.070,60000.000,60000.000,29944.226,0.000
0.000,9.040,18.071,27.081,36.060,44.997,53.882,62.702,71.449,80.112,88.679,97.142,105.490,113.713,121.802,129.747,137.539,145.170,152.630,159.912,167.007,173.907,180.606,187.095,193.369,199.420,205.243,210.833,216.182,221.288,226.145,230.748,235.095,239.182,243.006,246.565,249.856,252.878,255.630,258.111,260.321,262.260,263.929,265.328,266.460,267.327,267.931,268.275,268.363,268.200,267.789,267.136,266.246,265.127,263.785,262.226,260.460,258.495,256.341,254.007,251.504,248.844,246.039,243.102,240.047,236.889,233.645,230.331,226.966,223.568,220.160,216.764,213.404,210.105,206.897,203.810,200.875,198.130,195.613,193.367,191.437,189.874,188.732,188.073,187.961,188.468,189.669,191.649,194.494,198.298,203.160,209.181,216.467,225.127,235.271,247.016,260.478,275.783,293.060,312.448,334.099,358.173,384.849,414.320,446.798,482.516,521.730,564.719,611.790,663.278,719.550,781.008,848.090,921.274,1001.079,1088.075,1182.878,1286.162,1398.657,1521.159,1654.529,1799.704,1957.698,2129.610,2316.628,2520.034,2741.212,2981.648,3242.938,3526.786,3835.009,4169.528,4532.366,4925.635,5351.516,5812.231,6310.008,6847.027,7425.357,8046.882,8713.203,9425.543,10184.635,10990.623,11842.963,12740.352,13680.674,14660.972,15677.452,16725.488,17799.658,18893.786,20001.014,21113.882,22224.458,23324.487,24405.581,25459.427,26478.009,27453.810,28379.985,29250.487,30060.133,30804.620,31480.489,32085.059,32616.355,33073.029,33454.292,33759.886,33990.063,34145.605,34227.865,34238.821,34181.133,34058.188,33874.120,33633.779,33342.663,33006.782,32632.492,32226.297,31794.639,31343.706,30879.271,30406.564,29930.199,29454.135,28981.678,28515.512,28057.752,27610.011,27173.471,26748.957,26337.011,25937.956,25551.957,25179.071,24819.293,24472.593,24138.943,23818.343,23510.835,23216.523,22935.574,22668.229,22414.806,22175.706,21951.407,21742.470,21549.537,21373.333,21214.664,21074.421,20953.577,20853.195,20774.427,20718.516,20686.806,20680.742,20701.879,20751.889,20832.568,20945.845,21093.792,21278.637,21502.774,21768.781,22079.429,22437.712,22846.857,23310.361,23832.016,24415.956,25066.705,25789.244,26589.103,27472.477,28446.384,29518.877,30699.327,31998.804,33430.574,35010.734,36758.990,38699.501,40861.576,43279.641,45991.205,49030.280,52412.224,56106.132,60000.000,60000.000,29985.055,0.000
0.000,8.553,17.097,25.622,34.118,42.574,50.980,59.326,67.603,75.800,83.907,91.916,99.816,107.598,115.254,122.775,130.151,137.375,144.438,151.333,158.051,164.586,170.931,177.078,183.022,188.757,194.276,199.574,204.647,209.490,214.098,218.467,222.594,226.476,230.110,233.494,236.627,239.505,242.130,244.499,246.613,248.472,250.077,251.428,252.529,253.379,253.984,254.344,254.465,254.349,254.003,253.430,252.636,251.628,250.412,248.996,247.388,245.596,243.630,241.499,239.215,236.788,234.232,231.559,228.782,225.918,222.983,219.993,216.967,213.924,210.887,207.877,204.919,202.040,199.268,196.635,194.172,191.917,189.908,188.189,186.806,185.808,185.252,185.197,185.707,186.852,188.708,191.355,194.879,199.371,204.928,211.649,219.639,229.007,239.865,252.330,266.526,282.581,300.633,320.827,343.322,368.288,395.912,426.396,459.963,496.853,537.333,581.694,630.253,683.356,741.385,804.752,873.911,949.354,1031.618,1121.289,1219.002,1325.450,1441.386,1567.627,1705.059,1854.643,2017.421,2194.519,2387.153,2596.635,2824.377,3071.894,3340.810,3632.855,3949.868,4293.789,4666.658,5070.596,5507.789,5980.460,6490.836,7041.098,7633.324,8269.421,8951.046,9679.509,10455.689,11279.927,12151.940,13070.733,14034.529,15040.705,16085.751,17165.234,18273.787,19405.109,20552.007,21706.472,22859.809,24002.821,25126.046,26220.038,27275.667,28284.396,29238.517,30131.313,30957.135,31711.401,32390.526,32991.813,33513.333,33953.806,34312.511,34589.231,34784.240,34898.336,34932.907,34890.021,34772.535,34584.175,34329.591,34014.352,33644.857,33228.180,32771.845,32283.552,31770.911,31241.176,30701.043,30156.498,29612.725,29074.082,28544.111,28025.600,27520.650,27030.773,26556.983,26099.889,25659.786,25236.729,24830.609,24441.205,24068.239,23711.416,23370.454,23045.111,22735.205,22440.623,22161.338,21897.410,21648.993,21416.337,21199.788,20999.790,20816.885,20651.712,20505.008,20377.609,20270.452,20184.575,20121.126,20081.358,20066.640,20078.465,20118.447,20188.341,20290.043,20425.605,20597.244,20807.355,21058.528,21353.557,21695.465,22087.520,22533.256,23036.504,23601.420,24232.521,24934.735,25713.451,26574.598,27524.728,28571.143,29722.035,30986.683,32375.686,33901.249,35577.480,37420.675,39449.431,41684.327,44146.661,46855.371,49820.901,53034.878,56456.238,60000.000,60000.000,29995.996,0.000
0.000,8.079,16.150,24.203,32.228,40.215,48.156,56.041,63.860,71.604,79.263,86.829,94.294,101.648,108.882,115.989,122.960,129.787,136.464,142.981,149.333,155.511,161.511,167.325,172.947,178.372,183.594,188.609,193.411,197.996,202.360,206.500,210.412,214.093,217.541,220.754,223.730,226.467,228.965,231.223,233.242,235.020,236.561,237.863,238.929,239.762,240.364,240.737,240.886,240.814,240.526,240.027,239.322,238.418,237.321,236.038,234.579,232.949,231.161,229.222,227.144,224.937,222.615,220.190,217.676,215.088,212.443,209.757,207.048,204.338,201.646,198.996,196.413,193.923,191.555,189.340,187.310,185.504,183.959,182.719,181.830,181.341,181.309,181.791,182.851,184.558,186.985,190.212,194.323,199.406,205.555,212.870,221.454,231.416,242.868,255.931,270.730,287.398,306.076,326.917,350.085,375.757,404.125,435.400,469.812,507.608,549.064,594.479,644.177,698.517,757.887,822.711,893.454,970.619,1054.757,1146.465,1246.396,1355.257,1473.816,1602.909,1743.442,1896.395,2062.830,2243.898,2440.837,2654.983,2887.773,3140.749,3415.560,3713.964,4037.824,4389.111,4769.890,5182.311,5628.593,6110.995,6631.789,7193.215,7797.430,8446.446,9142.061,9885.774,10678.699,11521.472,12414.153,13356.130,14346.022,15381.587,16459.632,17575.934,18725.170,19900.879,21095.457,22300.217,23505.514,24700.971,25875.772,27019.044,28120.258,29169.625,30158.409,31079.149,31925.731,32693.363,33378.440,33978.375,34491.399,34916.395,35252.759,35500.331,35659.377,35730.641,35715.453,35615.874,35434.864,35176.438,34845.773,34449.236,33994.290,33489.298,32943.214,32365.219,31764.340,31149.108,30527.295,29905.726,29290.190,28685.425,28095.157,27522.199,26968.549,26435.523,25923.874,25433.908,24965.592,24518.647,24092.625,23686.982,23301.125,22934.462,22586.432,22256.532,21944.337,21649.516,21371.835,21111.170,20867.510,20640.951,20431.710,20240.110,20066.595,19911.716,19776.140,19660.649,19566.139,19493.623,19444.237,19419.242,19420.027,19448.121,19505.195,19593.075,19713.748,19869.376,20062.310,20295.099,20570.508,20891.537,21261.436,21683.725,22162.220,22701.055,23304.710,23978.044,24726.329,25555.293,26471.169,27480.754,28591.479,29811.488,31149.730,32616.055,34221.295,35977.297,37896.832,39993.250,42279.665,44767.326,47462.731,50363.086,53450.156,56683.944,60000.000,60000.000,29998.927,0.000
0.000,7.618,15.227,22.820,30.387,37.919,45.407,52.841,60.214,67.517,74.740,81.876,88.915,95.851,102.675,109.378,115.954,122.395,128.694,134.844,140.838,146.669,152.332,157.820,163.128,168.250,173.183,177.919,182.457,186.790,190.916,194.831,198.531,202.015,205.281,208.325,211.146,213.744,216.117,218.265,220.188,221.886,223.361,224.613,225.644,226.456,227.051,227.434,227.606,227.573,227.339,226.908,226.285,225.478,224.492,223.335,222.014,220.538,218.916,217.157,215.272,213.273,211.170,208.978,206.710,204.381,202.007,199.605,197.193,194.792,192.422,190.106,187.869,185.738,183.740,181.908,180.274,178.874,177.749,176.940,176.493,176.457,176.887,177.841,179.381,181.574,184.493,188.214,192.820,198.398,205.040,212.843,221.912,232.352,244.279,257.812,273.080,290.217,309.370,330.693,354.355,380.539,409.441,441.278,476.283,514.713,556.845,602.987,653.468,708.654,768.940,834.758,906.580,984.918,1070.330,1163.426,1264.866,1375.369,1495.717,1626.757,1769.409,1924.668,2093.613,2277.411,2477.318,2694.691,2930.989,3187.775,3466.725,3769.622,4098.362,4454.949,4841.487,5260.174,5713.284,6203.146,6732.120,7302.554,7916.745,8576.885,9284.991,10042.839,10851.875,11713.124,12627.086,13593.628,14611.859,15680.007,16795.277,17953.720,19150.103,20377.803,21628.751,22893.448,24161.087,25419.803,26657.056,27860.136,29016.728,30115.466,31146.380,32101.176,32973.314,33757.914,34451.535,35051.885,35557.534,35967.656,36281.843,36500.002,36622.341,36649.445,36582.439,36423.206,36174.658,35840.990,35427.882,34942.581,34393.823,33791.563,33146.554,32469.830,31772.180,31063.683,30353.365,29648.985,28956.952,28282.335,27628.964,26999.558,26395.895,25818.969,25269.156,24746.352,24250.104,23779.716,23334.341,22913.052,22514.899,22138.957,21784.362,21450.330,21136.181,20841.352,20565.401,20308.015,20069.011,19848.339,19646.077,19462.437,19297.758,19152.506,19027.279,18922.799,18839.921,18779.630,18743.048,18731.435,18746.195,18788.886,18861.226,18965.103,19102.583,19275.928,19487.606,19740.304,20036.950,20380.727,20775.093,21223.799,21730.917,22300.856,22938.390,23648.682,24437.308,25310.283,26274.089,27335.696,28502.584,29782.757,31184.739,32717.549,34390.618,36213.618,38196.137,40347.098,42673.780,45180.265,47865.159,50718.567,53718.721,56829.384,60000.000,60000.000,29999.712,0.000
0.000,7.168,14.328,21.473,28.593,35.680,42.726,49.722,56.661,63.533,70.331,77.046,83.672,90.200,96.623,102.933,109.124,115.188,121.119,126.909,132.553,138.045,143.379,148.549,153.550,158.377,163.025,167.490,171.768,175.855,179.747,183.441,186.935,190.225,193.310,196.188,198.857,201.317,203.566,205.605,207.433,209.051,210.459,211.659,212.652,213.441,214.028,214.416,214.609,214.610,214.423,214.054,213.508,212.790,211.908,210.867,209.677,208.344,206.877,205.287,203.584,201.778,199.882,197.907,195.869,193.782,191.660,189.522,187.386,185.271,183.198,181.190,179.271,177.468,175.809,174.325,173.048,172.015,171.265,170.839,170.782,171.144,171.977,173.338,175.289,177.894,181.225,185.357,190.370,196.349,203.385,211.574,221.017,231.821,244.100,257.975,273.575,291.036,310.505,332.142,356.116,382.613,411.834,443.997,479.340,518.122,560.626,607.161,658.063,713.698,774.468,840.809,913.196,992.147,1078.226,1172.047,1274.278,1385.643,1506.932,1638.999,1782.773,1939.261,2109.550,2294.819,2496.339,2715.482,2953.722,3212.645,3493.948,3799.444,4131.060,4490.842,4880.943,5303.622,5761.231,6256.197,6791.000,7368.145,7990.124,8659.367,9378.191,10148.730,10972.853,11852.077,12787.456,13779.453,14827.799,15931.322,17087.767,18293.586,19543.739,20831.501,22148.318,23483.761,24825.609,26160.125,27472.541,28747.745,29971.081,31129.162,32210.500,33205.893,34108.466,34913.480,35617.936,36220.135,36719.234,37114.891,37406.994,37595.533,37680.581,37662.405,37541.695,37319.899,36999.619,36585.031,36082.232,35499.436,34846.911,34136.630,33381.663,32595.424,31790.925,30980.137,30173.556,29379.961,28606.359,27858.066,27138.869,26451.243,25796.571,25175.373,24587.499,24032.312,23508.828,23015.848,22552.048,22116.061,21706.537,21322.185,20961.807,20624.324,20308.787,20014.393,19740.485,19486.560,19252.265,19037.399,18841.909,18665.889,18509.578,18373.359,18257.755,18163.434,18091.203,18042.017,18016.977,18017.340,18044.517,18100.087,18185.805,18303.610,18455.636,18644.229,18871.960,19141.640,19456.339,19819.405,20234.482,20705.534,21236.862,21833.129,22499.378,23241.049,24063.997,24974.500,25979.263,27085.409,28300.454,29632.262,31088.964,32678.825,34410.046,36290.451,38327.029,40525.252,42888.114,45414.813,48099.085,50927.311,53876.784,56914.873,60000.000,60000.000,29999.923,0.000
0.000,6.729,13.451,20.158,26.843,33.496,40.111,46.679,53.194,59.646,66.029,72.334,78.556,84.686,90.718,96.644,102.458,108.154,113.725,119.164,124.467,129.627,134.640,139.498,144.199,148.737,153.107,157.306,161.330,165.175,168.837,172.315,175.605,178.705,181.613,184.327,186.846,189.169,191.296,193.225,194.958,196.495,197.836,198.983,199.937,200.701,201.276,201.666,201.875,201.906,201.762,201.449,200.973,200.338,199.551,198.619,197.550,196.350,195.030,193.597,192.063,190.438,188.734,186.962,185.138,183.275,181.388,179.495,177.613,175.762,173.962,172.236,170.607,169.102,167.749,166.578,165.621,164.915,164.496,164.406,164.690,165.394,166.572,168.278,170.572,173.518,177.185,181.646,186.978,193.267,200.599,209.070,218.779,229.832,242.342,256.430,272.223,289.860,309.487,331.265,355.366,381.974,411.294,443.545,478.966,517.817,560.384,606.976,657.930,713.614,774.432,840.819,913.253,992.254,1078.386,1172.265,1274.560,1385.999,1507.372,1639.539,1783.430,1940.057,2110.513,2295.982,2497.743,2717.179,2955.778,3215.141,3496.986,3803.151,4135.601,4496.423,4887.828,5312.149,5771.830,6269.419,6807.548,7388.914,8016.248,8692.280,9419.690,10201.048,11038.742,11934.890,12891.222,13908.945,14988.576,16129.735,17330.901,18589.138,19899.788,21256.163,22649.281,24067.692,25497.486,26922.570,28325.264,29687.245,30990.719,32219.626,33360.597,34403.457,35341.211,36169.634,36886.628,37491.516,37984.414,38365.714,38635.746,38794.595,38842.085,38777.937,38602.080,38315.120,37918.934,37417.327,36816.625,36126.067,35357.805,34526.435,33648.094,32739.332,31816.013,30892.442,29980.820,29091.001,28230.518,27404.761,26617.268,25870.036,25163.840,24498.518,23873.225,23286.636,22737.119,22222.870,21742.012,21292.681,20873.078,20481.514,20116.435,19776.449,19460.329,19167.026,18895.667,18645.555,18416.172,18207.165,18018.352,17849.713,17701.390,17573.679,17467.033,17382.060,17319.522,17280.339,17265.588,17276.512,17314.526,17381.222,17478.378,17607.974,17772.199,17973.469,18214.441,18498.032,18827.434,19206.143,19637.967,20127.060,20677.935,21295.486,21985.006,22752.199,23603.189,24544.513,25583.107,26726.271,27981.607,29356.918,30860.070,32498.779,34280.323,36211.143,38296.303,40538.791,42938.631,45491.805,48189.072,51014.816,53946.239,56953.325,60000.000,60000.000,29999.979,0.000
0.000,6.300,12.594,18.875,25.134,31.364,37.557,43.708,49.808,55.850,61.827,67.733,73.559,79.301,84.950,90.501,95.947,101.283,106.502,111.598,116.567,121.403,126.100,130.654,135.061,139.315,143.413,147.351,151.126,154.733,158.171,161.436,164.526,167.439,170.172,172.724,175.095,177.283,179.288,181.109,182.747,184.202,185.475,186.567,187.480,188.216,188.777,189.166,189.387,189.443,189.338,189.076,188.663,188.104,187.406,186.574,185.617,184.542,183.357,182.071,180.694,179.238,177.712,176.129,174.503,172.848,171.178,169.511,167.862,166.253,164.702,163.232,161.866,160.630,159.552,158.660,157.987,157.566,157.437,157.637,158.211,159.206,160.671,162.660,165.232,168.449,172.376,177.086,182.655,189.163,196.696,205.348,215.216,226.404,239.024,253.194,269.043,286.706,306.332,328.078,352.117,378.635,407.834,439.932,475.170,513.807,556.125,602.435,653.073,708.405,768.831,834.789,906.751,985.235,1070.804,1164.072,1265.704,1376.425,1497.025,1628.360,1771.358,1927.030,2096.467,2280.856,2481.479,2699.720,2937.077,3195.161,3475.708,3780.582,4111.777,4471.428,4861.806,5285.324,5744.531,6242.110,6780.868,7363.723,7993.685,8673.827,9407.252,10197.042,11046.193,11957.533,12933.610,13976.544,15087.842,16268.155,17516.981,18832.296,20210.129,21644.103,23124.973,24640.260,26174.097,27707.427,29218.724,30685.278,32084.950,33398.052,34608.833,35706.154,36683.315,37537.249,38267.454,38874.921,39361.222,39727.839,39975.718,40105.050,40115.263,40005.216,39773.606,39419.605,38943.712,38348.760,37640.919,36830.447,35931.853,34963.259,33944.997,32897.849,31841.404,30792.852,29766.333,28772.763,27820.007,26913.253,26055.465,25247.854,24490.295,23781.699,23120.311,22503.954,21930.210,21396.567,20900.520,20439.644,20011.653,19614.428,19246.044,18904.780,18589.128,18297.789,18029.675,17783.900,17559.778,17356.814,17174.698,17013.301,16872.667,16753.012,16654.717,16578.331,16524.567,16494.306,16488.600,16508.673,16555.932,16631.972,16738.588,16877.785,17051.793,17263.081,17514.377,17808.682,18149.294,18539.831,18984.250,19486.870,20052.395,20685.935,21393.019,22179.610,23052.101,24017.307,25082.431,26255.011,27542.828,28953.775,30495.657,32175.933,34001.359,35977.524,38108.275,40395.003,42835.832,45424.720,48150.595,50996.650,53940.035,56952.189,60000.000,60000.000,29999.995,0.000
0.000,5.882,11.757,17.620,23.463,29.279,35.061,40.803,46.498,52.139,57.720,63.234,68.674,74.035,79.311,84.495,89.581,94.564,99.439,104.200,108.841,113.359,117.748,122.004,126.122,130.098,133.929,137.612,141.142,144.516,147.733,150.789,153.681,156.409,158.970,161.363,163.587,165.641,167.525,169.238,170.780,172.153,173.357,174.394,175.264,175.970,176.514,176.899,177.128,177.205,177.133,176.917,176.562,176.073,175.456,174.717,173.864,172.903,171.844,170.694,169.464,168.163,166.803,165.395,163.952,162.488,161.018,159.557,158.123,156.733,155.409,154.170,153.040,152.045,151.209,150.563,150.137,149.965,150.083,150.529,151.346,152.578,154.276,156.489,159.275,162.694,166.810,171.692,177.414,184.053,191.695,200.429,210.350,221.560,234.170,248.295,264.061,281.603,301.067,322.610,346.401,372.626,401.483,433.190,467.984,506.121,547.883,593.575,643.528,698.108,757.707,822.759,893.732,971.136,1055.530,1147.519,1247.762,1356.979,1475.949,1605.521,1746.618,1900.241,2067.476,2249.503,2447.601,2663.152,2897.654,3152.725,3430.111,3731.696,4059.504,4415.712,4802.652,5222.818,5678.868,6173.630,6710.100,7291.436,7920.952,8602.102,9338.461,10133.685,10991.466,11915.453,12909.155,13975.794,15118.107,16338.080,17636.589,19012.951,20464.348,21985.166,23566.266,25194.300,26851.233,28514.339,30156.950,31750.214,33265.773,34678.825,35970.552,37129.039,38148.672,39028.619,39771.048,40379.519,40857.745,41208.734,41434.267,41534.656,41508.736,41354.093,41067.558,40646.019,40087.588,39393.121,38567.885,37622.990,36575.946,35449.795,34270.830,33065.710,31858.950,30671.279,29518.949,28413.764,27363.549,26372.832,25443.543,24575.678,23767.847,23017.732,22322.429,21678.720,21083.264,20532.734,20023.921,19553.789,19119.528,18718.569,18348.600,18007.570,17693.685,17405.400,17141.416,16900.665,16682.300,16485.688,16310.400,16156.200,16023.041,15911.059,15820.567,15752.053,15706.182,15683.794,15685.907,15713.722,15768.629,15852.219,15966.288,16112.856,16294.176,16512.756,16771.371,17073.091,17421.296,17819.704,18272.395,18783.835,19358.899,20002.896,20721.582,21521.175,22408.351,23390.232,24474.345,25668.556,26980.963,28419.735,29992.886,31707.972,33571.685,35589.348,37764.292,40097.135,42584.990,45220.664,47991.951,50881.162,53865.068,56915.397,60000.000,60000.000,29999.999,0.000
0.000,5.472,10.938,16.392,21.828,27.239,32.619,37.961,43.260,48.508,53.701,58.831,63.894,68.882,73.792,78.616,83.350,87.988,92.525,96.956,101.278,105.483,109.570,113.533,117.368,121.072,124.642,128.073,131.362,134.508,137.506,140.356,143.055,145.600,147.991,150.227,152.305,154.227,155.990,157.595,159.043,160.333,161.467,162.447,163.272,163.946,164.470,164.847,165.082,165.175,165.132,164.957,164.653,164.228,163.685,163.032,162.275,161.421,160.478,159.454,158.359,157.202,155.995,154.748,153.474,152.185,150.897,149.625,148.385,147.194,146.074,145.042,144.123,143.339,142.716,142.284,142.070,142.109,142.434,143.082,144.096,145.517,147.392,149.773,152.712,156.268,160.502,165.481,171.276,177.962,185.622,194.340,204.212,215.334,227.815,241.768,257.316,274.591,293.736,314.904,338.263,363.993,392.291,423.370,457.462,494.820,535.719,580.458,629.365,682.796,741.138,804.815,874.286,950.054,1032.666,1122.716,1220.854,1327.784,1444.276,1571.164,1709.357,1859.844,2023.698,2202.086,2396.274,2607.638,2837.667,3087.979,3360.323,3656.593,3978.839,4329.272,4710.280,5124.433,5574.500,6063.452,6594.475,7170.978,7796.593,8475.179,9210.815,10007.785,10870.544,11803.670,12811.776,13899.383,15070.727,16329.481,17678.361,19118.587,20649.163,22265.964,23960.643,25719.458,27522.217,29341.763,31144.542,32892.876,34549.125,36080.945,37465.534,38690.800,39753.739,40657.533,41408.624,42014.387,42481.532,42815.112,43017.989,43090.601,43030.961,42834.893,42496.549,42009.357,41367.535,40568.286,39614.547,38517.722,37299.185,35989.188,34622.859,33235.256,31857.453,30514.413,29224.470,27999.842,26847.646,25771.034,24770.252,23843.522,22987.741,22199.008,21473.010,20805.293,20191.450,19627.247,19108.701,18632.128,18194.166,17791.785,17422.284,17083.282,16772.707,16488.778,16229.993,15995.111,15783.137,15593.308,15425.083,15278.127,15152.309,15047.687,14964.508,14903.204,14864.386,14848.852,14857.582,14891.747,14952.714,15042.055,15161.558,15313.241,15499.367,15722.460,15985.326,16291.078,16643.155,17045.353,17501.850,18017.233,18596.528,19245.222,19969.291,20775.206,21669.944,22660.971,23756.205,24963.947,26292.772,27751.352,29348.215,31091.415,32988.091,35043.917,37262.433,39644.276,42186.348,44881.010,47715.392,50670.988,53723.681,56844.335,60000.000,60000.000,30000.000,0.000
0.000,5.070,10.136,15.189,20.227,25.241,30.226,35.177,40.087,44.951,49.763,54.518,59.210,63.833,68.384,72.856,77.244,81.543,85.750,89.858,93.865,97.765,101.555,105.230,108.788,112.224,115.536,118.720,121.773,124.693,127.477,130.124,132.631,134.997,137.220,139.299,141.234,143.023,144.667,146.165,147.517,148.725,149.788,150.709,151.488,152.127,152.629,152.997,153.232,153.338,153.319,153.180,152.923,152.555,152.080,151.505,150.836,150.080,149.244,148.336,147.366,146.342,145.275,144.176,143.056,141.928,140.807,139.705,138.641,137.630,136.690,135.843,135.108,134.509,134.072,133.821,133.787,134.000,134.493,135.303,136.468,138.029,140.032,142.524,145.557,149.187,153.471,158.475,164.267,170.917,178.507,187.117,196.838,207.766,220.003,233.661,248.858,265.722,284.392,305.018,327.763,352.802,380.326,410.545,443.682,479.984,519.720,563.181,610.685,662.579,719.241,781.081,848.549,922.134,1002.368,1089.832,1185.157,1289.033,1402.210,1525.506,1659.808,1806.085,1965.392,2138.873,2327.778,2533.463,2757.404,3001.205,3266.612,3555.521,3869.993,4212.265,4584.768,4990.143,5431.254,5911.210,6433.380,7001.417,7619.272,8291.215,9021.846,9816.105,10679.267,11616.919,12634.908,13739.248,14935.950,16230.769,17628.801,19133.888,20747.769,22468.899,24290.903,26200.688,28176.432,30185.972,32186.600,34127.641,35956.925,37630.314,39119.861,40414.909,41517.972,42439.171,43191.550,43787.899,44238.907,44552.217,44732.003,44778.824,44689.644,44457.996,44074.416,43527.355,42804.940,41897.972,40804.331,39534.199,38113.919,36584.953,34996.203,33395.043,31821.234,30304.494,28864.722,27513.536,26256.205,25093.456,24022.959,23040.468,22140.639,21317.603,20565.366,19878.048,19250.053,18676.160,18151.566,17671.914,17233.282,16832.182,16465.530,16130.630,15825.145,15547.076,15294.732,15066.714,14861.894,14679.391,14518.562,14378.984,14260.446,14162.937,14086.642,14031.934,13999.374,13989.713,14003.889,14043.036,14108.489,14201.793,14324.712,14479.248,14667.653,14892.451,15156.456,15462.798,15814.952,16216.762,16672.475,17186.774,17764.808,18412.225,19135.201,19940.461,20835.294,21827.546,22925.596,24138.296,25474.863,26944.720,28557.239,30321.411,32245.373,34335.820,36597.270,39031.205,41635.133,44401.648,47317.629,50363.724,53514.338,56738.261,60000.000,60000.000,30000.000,0.000
0.000,4.677,9.348,14.010,18.656,23.281,27.879,32.446,36.975,41.462,45.901,50.287,54.616,58.881,63.079,67.205,71.254,75.221,79.102,82.894,86.592,90.192,93.690,97.083,100.368,103.541,106.599,109.539,112.360,115.057,117.631,120.077,122.395,124.584,126.641,128.566,130.357,132.016,133.540,134.931,136.188,137.312,138.304,139.165,139.896,140.499,140.976,141.330,141.563,141.678,141.680,141.571,141.356,141.039,140.627,140.123,139.535,138.868,138.131,137.330,136.475,135.573,134.634,133.670,132.691,131.709,130.738,129.791,128.884,128.032,127.254,126.568,125.994,125.555,125.274,125.176,125.288,125.641,126.266,127.197,128.470,130.126,132.207,134.758,137.829,141.472,145.743,150.703,156.416,162.953,170.387,178.799,188.273,198.902,210.784,224.026,238.743,255.057,273.103,293.025,314.978,339.134,365.677,394.808,426.744,461.723,500.004,541.868,587.622,637.601,692.170,751.726,816.701,887.570,964.845,1049.090,1140.914,1240.986,1350.033,1468.846,1598.288,1739.303,1892.914,2060.242,2242.507,2441.037,2657.285,2892.832,3149.407,3428.894,3733.352,4065.032,4426.393,4820.124,5249.172,5716.761,6226.427,6782.047,7387.873,8048.572,8769.258,9555.532,10413.510,11349.841,12371.703,13486.761,14703.069,16028.859,17472.199,19040.409,20739.139,22570.974,24533.395,26615.975,28796.866,31039.109,33288.260,35474.179,37520.638,39363.544,40968.702,42331.022,43464.087,44389.650,45130.527,45706.770,46134.001,46422.869,46579.003,46603.071,46490.816,46233.058,45815.791,45220.733,44426.928,43414.359,42170.637,40700.856,39037.373,37240.536,35381.991,33527.518,31727.983,30017.647,28416.428,26933.418,25570.228,24323.670,23187.708,22154.802,21216.790,20365.452,19592.852,18891.531,18254.609,17675.827,17149.547,16670.734,16234.924,15838.187,15477.082,15148.621,14850.228,14579.707,14335.204,14115.182,13918.394,13743.861,13590.850,13458.863,13347.616,13257.037,13187.251,13138.577,13111.525,13106.797,13125.285,13168.081,13236.475,13331.975,13456.308,13611.444,13799.605,14023.293,14285.304,14588.763,14937.147,15334.320,15784.566,16292.631,16863.755,17503.717,18218.873,19016.189,19903.268,20888.364,21980.376,23188.812,24523.701,25995.455,27614.641,29391.644,31336.195,33456.743,35759.642,38248.159,40921.343,43772.835,46789.761,49951.946,53231.691,56594.374,60000.000,60000.000,29999.999,0.000
0.000,4.290,8.576,12.852,17.114,21.357,25.575,29.765,33.920,38.036,42.109,46.133,50.104,54.018,57.870,61.656,65.371,69.011,72.574,76.054,79.448,82.752,85.964,89.079,92.095,95.008,97.817,100.518,103.109,105.587,107.952,110.201,112.333,114.345,116.238,118.010,119.660,121.188,122.594,123.877,125.039,126.079,126.998,127.798,128.479,129.044,129.495,129.832,130.060,130.182,130.199,130.117,129.938,129.668,129.311,128.872,128.358,127.774,127.127,126.424,125.673,124.882,124.062,123.221,122.370,121.521,120.685,119.876,119.109,118.399,117.762,117.216,116.780,116.476,116.324,116.351,116.580,117.040,117.761,118.775,120.117,121.823,123.936,126.496,129.551,133.149,137.345,142.195,147.761,154.108,161.307,169.433,178.567,188.798,200.219,212.931,227.042,242.672,259.948,279.008,300.000,323.089,348.449,376.274,406.771,440.167,476.711,516.670,560.340,608.039,660.117,716.954,778.965,846.602,920.359,1000.772,1088.429,1183.970,1288.093,1401.560,1525.202,1659.927,1806.726,1966.680,2140.974,2330.899,2537.871,2763.437,3009.293,3277.299,3569.496,3888.124,4235.652,4614.796,5028.555,5480.242,5973.527,6512.477,7101.610,7745.950,8451.092,9223.265,10069.411,10997.243,12015.310,13133.038,14360.715,15709.409,17190.741,18816.423,20597.417,22542.476,24655.742,26932.966,29355.962,31885.353,34453.164,36960.194,39287.919,41334.536,43060.397,44476.406,45617.721,46524.831,47234.152,47774.673,48167.475,48426.274,48558.089,48563.660,48437.514,48167.649,47734.978,47112.882,46267.703,45161.925,43763.027,42061.242,40094.213,37957.859,35763.738,33605.090,31545.571,29621.719,27849.965,26233.520,24767.661,23443.330,22249.445,21174.285,20206.312,19334.610,18549.108,17840.663,17201.075,16623.042,16100.111,15626.602,15197.547,14808.614,14456.044,14136.597,13847.495,13586.376,13351.250,13140.471,12952.697,12786.865,12642.174,12518.058,12414.177,12330.402,12266.806,12223.655,12201.410,12200.722,12222.433,12267.583,12337.413,12433.379,12557.158,12710.669,12896.086,13115.864,13372.758,13669.855,14010.604,14398.853,14838.888,15335.475,15893.908,16520.059,17220.428,18002.194,18873.263,19842.302,20918.769,22112.908,23435.705,24898.789,26514.255,28294.353,30251.042,32395.337,34736.414,37280.462,40029.262,42978.598,46116.643,49422.614,52866.110,56407.545,60000.000,60000.000,29999.996,0.000
0.000,3.910,7.816,11.713,15.598,19.465,23.310,27.128,30.916,34.668,38.380,42.048,45.668,49.236,52.748,56.199,59.586,62.906,66.154,69.327,72.422,75.435,78.364,81.206,83.956,86.614,89.177,91.642,94.006,96.269,98.428,100.481,102.428,104.267,105.997,107.617,109.127,110.525,111.813,112.989,114.055,115.010,115.856,116.594,117.224,117.749,118.170,118.489,118.710,118.833,118.863,118.803,118.656,118.427,118.120,117.741,117.293,116.784,116.219,115.606,114.951,114.263,113.549,112.820,112.085,111.355,110.641,109.955,109.312,108.726,108.211,107.786,107.466,107.274,107.228,107.351,107.668,108.204,108.988,110.050,111.421,113.138,115.238,117.760,120.748,124.249,128.311,132.990,138.341,144.427,151.314,159.073,167.780,177.517,188.374,200.445,213.834,228.652,245.019,263.067,282.935,304.779,328.765,355.074,383.905,415.471,450.007,487.769,529.033,574.104,623.311,677.015,735.609,799.521,869.220,945.215,1028.065,1118.376,1216.814,1324.103,1441.037,1568.482,1707.385,1858.784,2023.814,2203.720,2399.867,2613.757,2847.036,3101.521,3379.213,3682.323,4013.301,4374.859,4770.015,5202.133,5674.969,6192.732,6760.147,7382.534,8065.900,8817.036,9643.635,10554.417,11559.268,12669.376,13897.355,15257.333,16764.943,18437.136,20291.642,22345.785,24614.143,27104.196,29808.675,32693.189,35678.863,38625.526,41336.319,43626.296,45461.957,46896.498,48005.573,48857.815,49506.592,49990.307,50334.966,50556.680,50663.433,50655.983,50527.949,50265.063,49843.609,49228.134,48369.095,47202.632,45658.329,43686.896,41320.401,38732.978,36110.042,33583.562,31227.522,29073.728,27128.228,25383.074,23823.600,22432.585,21192.496,20086.624,19099.606,18217.612,17428.349,16720.986,16086.031,15515.203,15001.298,14538.066,14120.097,13742.726,13401.933,13094.280,12816.831,12567.100,12343.003,12142.809,11965.108,11808.782,11672.974,11557.071,11460.686,11383.643,11325.967,11287.880,11269.792,11272.300,11296.194,11342.456,11412.268,11507.021,11628.327,11778.038,11958.258,12171.368,12420.057,12707.341,13036.607,13411.646,13836.701,14316.515,14856.384,15462.223,16140.625,16898.936,17745.322,18688.846,19739.524,20908.378,22207.448,23649.770,25249.260,27020.493,28978.305,31137.166,33510.235,36108.026,38936.655,41995.663,45275.606,48755.764,52402.593,56169.696,60000.000,60000.000,29999.985,0.000
0.000,3.536,7.068,10.593,14.106,17.603,21.080,24.534,27.959,31.352,34.710,38.027,41.302,44.529,47.705,50.827,53.891,56.894,59.832,62.703,65.503,68.230,70.880,73.451,75.941,78.347,80.667,82.898,85.039,87.088,89.043,90.904,92.668,94.335,95.904,97.373,98.742,100.012,101.181,102.251,103.221,104.091,104.863,105.538,106.115,106.599,106.988,107.287,107.496,107.618,107.657,107.615,107.496,107.304,107.042,106.716,106.330,105.889,105.400,104.867,104.300,103.704,103.089,102.460,101.830,101.207,100.601,100.025,99.491,99.012,98.603,98.278,98.055,97.952,97.988,98.183,98.561,99.145,99.961,101.037,102.403,104.092,106.137,108.578,111.452,114.803,118.679,123.127,128.202,133.960,140.463,147.777,155.974,165.129,175.326,186.653,199.207,213.092,228.419,245.312,263.903,284.334,306.763,331.360,358.309,387.811,420.085,455.370,493.926,536.037,582.013,632.190,686.938,746.657,811.788,882.808,960.242,1044.660,1136.687,1237.006,1346.365,1465.582,1595.553,1737.260,1891.782,2060.303,2244.128,2444.691,2663.578,2902.539,3163.516,3448.661,3760.374,4101.328,4474.520,4883.312,5331.492,5823.341,6363.717,6958.148,7612.947,8335.353,9133.684,10017.531,10997.978,12087.851,13302.005,14657.634,16174.573,17875.548,19786.239,21934.887,24350.862,27061.008,30081.364,33399.876,36943.582,40526.738,43805.546,46372.382,48264.647,49642.063,50650.271,51394.274,51944.106,52345.011,52625.412,52802.060,52882.991,52868.904,52753.248,52521.060,52146.275,51586.966,50777.929,49621.195,47980.778,45707.631,42767.541,39543.631,36359.916,33391.622,30707.256,28317.473,26206.177,24346.981,22711.116,21270.951,20001.366,18880.144,17887.915,17007.921,16225.731,15528.940,14906.902,14350.483,13851.856,13404.309,13002.096,12640.302,12314.730,12021.804,11758.494,11522.240,11310.900,11122.700,10956.194,10810.229,10683.918,10576.615,10487.902,10417.564,10365.590,10332.156,10317.624,10322.541,10347.636,10393.828,10462.230,10554.156,10671.140,10814.944,10987.582,11191.341,11428.804,11702.889,12016.878,12374.464,12779.797,13237.539,13752.931,14331.861,14980.949,15707.635,16520.278,17428.268,18442.134,19573.658,20835.967,22243.608,23812.547,25560.075,27504.539,29664.807,32059.346,34704.767,37613.682,40791.804,44234.361,47922.247,51818.807,55868.648,60000.000,60000.000,29999.943,0.000
0.000,3.167,6.331,9.489,12.635,15.768,18.883,21.976,25.044,28.084,31.092,34.064,36.998,39.888,42.734,45.531,48.276,50.967,53.600,56.173,58.682,61.125,63.501,65.805,68.037,70.194,72.273,74.274,76.194,78.032,79.786,81.455,83.038,84.535,85.943,87.262,88.493,89.634,90.686,91.649,92.522,93.307,94.004,94.615,95.139,95.578,95.935,96.210,96.405,96.524,96.569,96.542,96.446,96.286,96.065,95.786,95.455,95.077,94.656,94.199,93.711,93.200,92.672,92.136,91.599,91.071,90.563,90.083,89.643,89.257,88.936,88.696,88.551,88.517,88.613,88.858,89.271,89.876,90.695,91.755,93.082,94.707,96.661,98.978,101.695,104.851,108.488,112.652,117.392,122.761,128.813,135.611,143.220,151.710,161.158,171.644,183.258,196.096,210.262,225.868,243.036,261.899,282.602,305.300,330.166,357.383,387.156,419.704,455.268,494.111,536.517,582.799,633.299,688.387,748.471,813.993,885.438,963.338,1048.272,1140.873,1241.840,1351.932,1471.988,1602.925,1745.754,1901.587,2071.652,2257.306,2460.049,2681.547,2923.654,3188.437,3478.210,3795.566,4143.431,4525.109,4944.351,5405.431,5913.240,6473.399,7092.396,7777.751,8538.224,9384.054,10327.270,11382.052,12565.190,13896.634,15400.175,17104.251,19042.889,21256.670,23793.418,26707.621,30055.906,33881.377,38168.860,42732.306,46986.753,49793.044,51582.195,52756.845,53559.179,54124.912,54530.555,54820.226,55019.621,55143.163,55197.577,55183.403,55095.088,54919.663,54633.476,54195.536,53534.472,52523.456,50935.972,48395.326,44498.518,40314.110,36394.391,32915.779,29892.434,27282.758,25032.055,23087.585,21402.963,19938.768,18661.907,17544.707,16564.022,15700.464,14937.751,14262.179,13662.190,13128.012,12651.373,12225.258,11843.716,11501.698,11194.920,10919.756,10673.143,10452.507,10255.699,10080.941,9926.783,9792.066,9675.897,9577.616,9496.785,9433.167,9386.717,9357.574,9346.054,9352.648,9378.026,9423.035,9488.709,9576.277,9687.174,9823.059,9985.829,10177.648,10400.970,10658.572,10953.592,11289.573,11670.519,12100.949,12585.973,13131.376,13743.709,14430.407,15199.916,16061.841,17027.114,18108.177,19319.180,20676.170,22197.264,23902.739,25814.986,27958.191,30357.591,33038.026,36021.512,39323.517,42947.793,46880.062,51081.744,55486.090,60000.000,60000.000,29999.786,0.000
0.000,2.803,5.604,8.399,11.184,13.956,16.714,19.452,22.168,24.859,27.521,30.152,32.749,35.308,37.827,40.303,42.734,45.116,47.447,49.725,51.947,54.111,56.214,58.255,60.232,62.142,63.985,65.757,67.458,69.087,70.642,72.121,73.525,74.851,76.100,77.271,78.363,79.377,80.312,81.167,81.945,82.644,83.265,83.810,84.279,84.674,84.995,85.245,85.425,85.537,85.585,85.569,85.494,85.362,85.176,84.941,84.660,84.338,83.980,83.590,83.176,82.741,82.293,81.839,81.387,80.945,80.521,80.126,79.769,79.461,79.215,79.042,78.958,78.976,79.112,79.384,79.811,80.412,81.209,82.223,83.482,85.011,86.838,88.995,91.514,94.431,97.785,101.615,105.968,110.889,116.429,122.646,129.596,137.344,145.959,155.515,166.094,177.781,190.672,204.868,220.481,237.631,256.450,277.080,299.675,324.407,351.457,381.028,413.337,448.624,487.148,529.195,575.075,625.126,679.718,739.257,804.185,874.986,952.191,1036.380,1128.191,1228.323,1337.544,1456.701,1586.724,1728.643,1883.593,2052.835,2237.768,2439.950,2661.121,2903.229,3168.465,3459.301,3778.533,4129.347,4515.377,4940.797,5410.419,5929.819,6505.491,7145.039,7857.412,8653.200,9545.003,10547.906,11680.075,12963.546,14425.249,16098.402,18024.403,20255.496,22858.528,25920.159,29553.270,33900.873,39118.181,45246.879,51616.121,54230.853,55514.248,56243.946,56704.692,57015.646,57232.980,57385.723,57489.686,57553.401,57580.757,57572.050,57524.043,57429.035,57272.436,57027.236,56640.974,56002.191,54844.338,52439.192,46517.110,40819.915,35987.777,31984.689,28663.964,25889.093,23551.727,21568.365,19874.412,18419.279,17162.816,16072.783,15123.035,14292.194,13562.661,12919.869,12351.701,11848.037,11400.400,11001.669,10645.850,10327.891,10043.535,9789.194,9561.854,9358.987,9178.488,9018.621,8877.968,8755.396,8650.026,8561.207,8488.495,8431.641,8390.578,8365.409,8356.408,8364.012,8388.824,8431.616,8493.334,8575.107,8678.260,8804.325,8955.064,9132.490,9338.893,9576.872,9849.378,10159.753,10511.790,10909.796,11358.669,11863.989,12432.132,13070.396,13787.165,14592.092,15496.328,16512.780,17656.425,18944.649,20397.619,22038.650,23894.488,25995.396,28374.814,31068.243,34110.831,37532.967,41353.238,45568.469,50142.018,54993.968,60000.000,60000.000,29999.203,0.000
0.000,2.444,4.885,7.321,9.749,12.166,14.570,16.957,19.325,21.671,23.992,26.286,28.549,30.781,32.977,35.136,37.255,39.332,41.365,43.351,45.289,47.176,49.010,50.791,52.515,54.181,55.788,57.335,58.819,60.240,61.597,62.889,64.114,65.272,66.363,67.386,68.341,69.226,70.043,70.792,71.473,72.086,72.632,73.110,73.523,73.872,74.156,74.379,74.541,74.645,74.692,74.685,74.627,74.519,74.365,74.169,73.934,73.664,73.362,73.035,72.686,72.321,71.946,71.567,71.191,70.825,70.476,70.154,69.868,69.626,69.440,69.322,69.282,69.335,69.494,69.775,70.195,70.770,71.520,72.465,73.627,75.030,76.700,78.662,80.948,83.588,86.616,90.069,93.985,98.407,103.381,108.955,115.182,122.119,129.827,138.373,147.828,158.269,169.783,182.458,196.394,211.700,228.492,246.897,267.055,289.115,313.242,339.616,368.432,399.903,434.261,471.762,512.683,557.326,606.022,659.135,717.061,780.233,849.128,924.268,1006.224,1095.627,1193.170,1299.614,1415.804,1542.670,1681.245,1832.677,1998.243,2179.368,2377.654,2594.897,2833.127,3094.642,3382.059,3698.373,4047.018,4431.967,4857.825,5329.971,5854.715,6439.507,7093.192,7826.336,8651.644,9584.499,10643.666,11852.230,13238.882,14839.712,16700.832,18882.389,21465.045,24561.224,28336.148,33050.669,39156.117,47520.909,60000.000,60000.000,60000.000,60000.000,60000.000,60000.000,60000.000,60000.000,60000.000,60000.000,60000.000,60000.000,60000.000,60000.000,60000.000,60000.000,60000.000,60000.000,60000.000,60000.000,48310.823,40460.678,34752.127,30371.255,26889.658,24057.942,21717.417,19759.760,18107.066,16701.144,15497.320,14460.602,13563.169,12782.643,12100.860,11502.966,10976.737,10512.065,10100.553,9735.201,9410.155,9120.514,8862.166,8631.666,8426.124,8243.130,8080.680,7937.121,7811.107,7701.560,7607.640,7528.725,7464.382,7414.360,7378.578,7357.112,7350.192,7358.202,7381.676,7421.305,7477.937,7552.592,7646.466,7760.949,7897.645,8058.387,8245.270,8460.678,8707.325,8988.299,9307.121,9667.805,10074.944,10533.807,11050.458,11631.905,12286.279,13023.058,13853.346,14790.211,15849.111,17048.398,18409.930,19959.769,21728.935,23754.103,26078.035,28749.313,31820.607,35344.292,39363.726,43898.561,48923.893,54347.766,60000.000,60000.000,29997.025,0.000
0.000,2.088,4.174,6.255,8.330,10.395,12.448,14.488,16.511,18.515,20.499,22.458,24.393,26.299,28.176,30.021,31.832,33.607,35.344,37.041,38.698,40.310,41.878,43.400,44.873,46.298,47.672,48.994,50.263,51.479,52.639,53.744,54.792,55.783,56.717,57.592,58.410,59.168,59.868,60.510,61.094,61.621,62.090,62.501,62.857,63.158,63.405,63.599,63.741,63.834,63.879,63.878,63.833,63.747,63.622,63.461,63.267,63.044,62.795,62.524,62.236,61.934,61.625,61.314,61.006,60.708,60.426,60.168,59.941,59.755,59.618,59.540,59.532,59.606,59.772,60.045,60.438,60.968,61.651,62.503,63.545,64.797,66.281,68.020,70.039,72.367,75.033,78.068,81.506,85.384,89.741,94.620,100.067,106.131,112.865,120.328,128.581,137.693,147.737,158.791,170.944,184.288,198.925,214.967,232.535,251.759,272.784,295.766,320.875,348.297,378.236,410.913,446.571,485.475,527.913,574.203,624.692,679.760,739.824,805.341,876.814,954.796,1039.895,1132.785,1234.209,1344.991,1466.044,1598.388,1743.159,1901.630,2075.233,2265.582,2474.505,2704.083,2956.694,3235.069,3542.361,3882.230,4258.948,4677.529,5143.897,5665.089,6249.518,6907.313,7650.743,8494.786,9457.864,10562.834,11838.343,13320.736,15056.832,17108.189,19558.045,22523.546,26179.435,30809.542,36934.712,45680.641,60000.000,60000.000,60000.000,60000.000,60000.000,60000.000,60000.000,60000.000,60000.000,60000.000,60000.000,60000.000,60000.000,60000.000,60000.000,60000.000,60000.000,60000.000,60000.000,60000.000,46265.511,37959.856,32188.811,27858.560,24465.488,21735.620,19500.257,17646.210,16092.969,14780.933,13664.740,12709.159,11886.420,11174.374,10555.196,10014.421,9540.242,9122.961,8754.574,8428.453,8139.083,7881.871,7652.980,7449.207,7267.877,7106.760,6964.011,6838.107,6727.809,6632.125,6550.282,6481.700,6425.977,6382.871,6352.294,6334.298,6329.077,6336.958,6358.405,6394.020,6444.549,6510.887,6594.091,6695.391,6816.208,6958.172,7123.149,7313.271,7530.970,7779.025,8060.615,8379.382,8739.518,9145.859,9604.012,10120.509,10703.008,11360.534,12103.803,12945.626,13901.427,14989.918,16233.947,17661.575,19307.392,21214.056,23433.922,26030.374,29078.002,32659.872,36858.820,41738.159,47307.229,53473.204,60000.000,60000.000,29988.897,0.000
0.000,1.735,3.469,5.198,6.922,8.639,10.346,12.041,13.722,15.388,17.036,18.665,20.273,21.857,23.417,24.951,26.456,27.931,29.375,30.786,32.163,33.503,34.807,36.072,37.297,38.482,39.624,40.724,41.779,42.790,43.755,44.674,45.546,46.371,47.148,47.877,48.557,49.189,49.773,50.308,50.795,51.234,51.625,51.970,52.267,52.519,52.727,52.891,53.012,53.092,53.133,53.135,53.102,53.034,52.935,52.806,52.650,52.469,52.268,52.050,51.817,51.574,51.326,51.076,50.829,50.592,50.369,50.166,49.991,49.851,49.753,49.705,49.717,49.797,49.957,50.207,50.559,51.027,51.624,52.365,53.266,54.343,55.617,57.107,58.832,60.819,63.090,65.673,68.595,71.889,75.587,79.724,84.341,89.478,95.181,101.498,108.482,116.190,124.684,134.032,144.306,155.586,167.958,181.516,196.362,212.607,230.373,249.791,271.007,294.178,319.475,347.086,377.217,410.091,445.955,485.075,527.748,574.295,625.069,680.461,740.897,806.848,878.832,957.425,1043.260,1137.042,1239.556,1351.675,1474.378,1608.764,1756.069,1917.695,2095.232,2290.496,2505.569,2742.853,3005.131,3295.649,3618.211,3977.306,4378.259,4827.436,5332.483,5902.658,6549.234,7286.044,8130.175,9102.902,10230.926,11548.061,13097.575,14935.494,17135.405,19795.485,23048.508,27073.355,32092.552,38266.942,45033.441,47624.104,48761.729,49318.125,49611.264,49773.022,49864.434,49916.096,49944.016,49956.448,49956.973,49945.737,49919.494,49870.473,49783.470,49629.336,49349.849,48819.105,47733.305,45258.937,38791.372,32924.432,28184.711,24408.699,21378.128,18918.805,16901.797,15231.873,13837.683,12664.899,11671.567,10824.895,10098.996,9473.260,8931.148,8459.304,8046.872,7684.984,7366.354,7084.976,6835.877,6614.930,6418.701,6244.331,6089.439,5952.049,5830.521,5723.511,5629.922,5548.876,5479.689,5421.844,5374.980,5338.880,5313.453,5298.737,5294.886,5302.174,5320.991,5351.848,5395.376,5452.341,5523.645,5610.341,5713.647,5834.967,5975.908,6138.310,6324.282,6536.239,6776.952,7049.613,7357.908,7706.119,8099.238,8543.130,9044.726,9612.284,10255.724,10987.076,11821.067,12775.912,13874.378,15145.204,16625.011,18360.816,20413.230,22860.268,25801.159,29358.379,33673.525,38888.028,45093.661,52237.823,60000.000,60000.000,29958.563,0.000
0.000,1.385,2.769,4.150,5.526,6.896,8.258,9.611,10.954,12.283,13.599,14.899,16.182,17.448,18.693,19.917,21.118,22.296,23.449,24.576,25.675,26.746,27.786,28.796,29.775,30.721,31.633,32.511,33.354,34.161,34.932,35.666,36.363,37.022,37.643,38.226,38.770,39.275,39.742,40.170,40.560,40.911,41.225,41.501,41.740,41.943,42.110,42.243,42.342,42.407,42.442,42.447,42.422,42.371,42.294,42.194,42.073,41.933,41.776,41.606,41.425,41.236,41.043,40.849,40.659,40.476,40.305,40.151,40.021,39.918,39.850,39.823,39.844,39.922,40.063,40.278,40.576,40.968,41.463,42.076,42.818,43.703,44.747,45.965,47.374,48.993,50.843,52.944,55.320,57.996,60.998,64.356,68.100,72.265,76.887,82.005,87.662,93.905,100.783,108.350,116.666,125.796,135.808,146.780,158.792,171.937,186.311,202.022,219.188,237.934,258.402,280.742,305.121,331.721,360.740,392.397,426.931,464.603,505.700,550.539,599.467,652.868,711.164,774.823,844.364,920.364,1003.463,1094.380,1193.917,1302.979,1422.588,1553.900,1698.235,1857.101,2032.235,2225.644,2439.664,2677.026,2940.945,3235.225,3564.402,3933.915,4350.326,4821.605,5357.496,5969.983,6673.894,7487.678,8434.401,9543.012,10849.916,12400.813,14252.600,16474.484,19145.757,22342.823,26095.198,30261.137,34242.718,36701.247,38104.688,38899.505,39353.909,39616.390,39768.618,39855.936,39903.521,39924.801,39925.706,39906.483,39861.767,39778.929,39634.072,39384.026,38950.956,38193.269,36855.177,34511.076,30716.612,26761.797,23216.911,20213.405,17719.532,15659.687,13956.264,12541.816,11361.004,10369.429,9531.749,8819.872,8211.428,7688.537,7236.850,6844.791,6502.978,6203.766,5940.900,5709.239,5504.539,5323.292,5162.583,5019.996,4893.522,4781.494,4682.536,4595.515,4519.513,4453.791,4397.773,4351.026,4313.243,4284.235,4263.924,4252.331,4249.577,4255.882,4271.560,4297.023,4332.788,4379.477,4437.827,4508.700,4593.094,4692.160,4807.223,4939.798,5091.628,5264.714,5461.359,5684.225,5936.400,6221.485,6543.708,6908.062,7320.497,7788.165,8319.747,8925.899,9619.863,10418.297,11342.459,12419.860,13686.642,15190.973,16997.921,19196.314,21907.992,25298.963,29588.877,35046.769,41941.566,50384.426,60000.000,60000.000,29845.357,0.000
0.000,1.037,2.073,3.107,4.137,5.163,6.183,7.196,8.201,9.197,10.182,11.156,12.117,13.064,13.996,14.913,15.812,16.695,17.558,18.401,19.225,20.026,20.806,21.562,22.295,23.003,23.686,24.344,24.975,25.580,26.158,26.708,27.230,27.724,28.189,28.626,29.034,29.413,29.763,30.084,30.376,30.640,30.876,31.083,31.263,31.416,31.542,31.642,31.717,31.768,31.795,31.800,31.783,31.746,31.690,31.617,31.528,31.425,31.310,31.185,31.053,30.914,30.773,30.631,30.492,30.359,30.236,30.125,30.033,29.961,29.916,29.902,29.925,29.991,30.106,30.275,30.508,30.812,31.195,31.665,32.234,32.912,33.709,34.638,35.711,36.944,38.350,39.947,41.751,43.782,46.059,48.605,51.444,54.600,58.101,61.978,66.261,70.988,76.194,81.922,88.216,95.126,102.702,111.004,120.094,130.039,140.915,152.802,165.789,179.972,195.458,212.360,230.805,250.932,272.890,296.844,322.977,351.486,382.590,416.529,453.566,493.994,538.133,586.341,639.012,696.587,759.555,828.465,903.933,986.651,1077.404,1177.084,1286.708,1407.441,1540.628,1687.828,1850.858,2031.850,2233.318,2458.250,2710.213,2993.500,3313.302,3675.943,4089.165,4562.503,5107.744,5739.517,6475.989,7339.675,8358.266,9565.244,10999.700,12704.096,14717.216,17056.983,19684.282,22439.690,24975.048,26833.477,28056.273,28821.300,29288.476,29570.012,29737.712,29835.508,29889.331,29913.529,29914.567,29892.723,29842.162,29749.405,29589.861,29321.741,28876.680,28147.838,26983.059,25213.581,22802.206,20189.239,17707.735,15508.487,13626.915,12044.155,10721.768,9618.133,8695.099,7920.075,7266.140,6711.430,6238.317,5832.624,5482.937,5180.047,4916.496,4686.217,4484.257,4306.554,4149.765,4011.128,3888.359,3779.565,3683.174,3597.887,3522.628,3456.518,3398.839,3349.017,3306.604,3271.260,3242.746,3220.912,3205.692,3197.101,3195.227,3200.233,3212.358,3231.914,3259.293,3294.968,3339.502,3393.553,3457.883,3533.373,3621.039,3722.046,3837.733,3969.644,4119.559,4289.541,4481.993,4699.727,4946.058,5224.924,5541.047,5900.142,6309.207,6776.922,7314.197,7934.963,8657.306,9505.143,10510.730,11718.520,13191.173,15019.078,17335.538,20340.608,24336.253,29768.609,37241.406,47358.316,60000.000,60000.000,29422.863,0.000
0.000,0.691,1.380,2.069,2.755,3.438,4.117,4.792,5.461,6.124,6.780,7.428,8.068,8.699,9.320,9.930,10.529,11.117,11.692,12.253,12.801,13.335,13.855,14.358,14.846,15.318,15.773,16.211,16.632,17.034,17.420,17.786,18.134,18.463,18.773,19.064,19.336,19.588,19.822,20.036,20.231,20.407,20.564,20.703,20.823,20.925,21.009,21.076,21.127,21.161,21.180,21.184,21.173,21.149,21.113,21.065,21.007,20.939,20.864,20.782,20.695,20.604,20.511,20.418,20.328,20.241,20.161,20.090,20.030,19.985,19.958,19.952,19.971,20.018,20.098,20.216,20.375,20.583,20.843,21.162,21.547,22.005,22.544,23.170,23.894,24.725,25.671,26.746,27.959,29.324,30.855,32.565,34.472,36.591,38.943,41.545,44.421,47.593,51.087,54.931,59.154,63.790,68.873,74.442,80.541,87.212,94.508,102.482,111.195,120.709,131.097,142.436,154.810,168.312,183.043,199.115,216.648,235.777,256.647,279.421,304.277,331.409,361.036,393.397,428.759,467.418,509.706,555.994,606.698,662.288,723.296,790.327,864.073,945.328,1035.009,1134.183,1244.092,1366.198,1502.231,1654.245,1824.703,2016.570,2233.441,2479.701,2760.722,3083.119,3455.065,3886.660,4390.366,4981.434,5678.233,6502.197,7476.863,8624.987,9962.027,11483.613,13145.257,14838.293,16384.307,17601.341,18465.626,19040.947,19408.682,19637.470,19776.710,19859.054,19904.767,19925.418,19926.311,19907.681,19864.751,19786.668,19654.228,19436.396,19086.188,18538.344,17715.640,16557.986,15089.395,13485.221,11916.309,10485.896,9235.493,8168.255,7268.528,6513.854,5881.193,5349.639,4901.316,4521.400,4197.798,3920.713,3682.237,3475.975,3296.752,3140.360,3003.368,2882.967,2776.848,2683.108,2600.173,2526.741,2461.735,2404.261,2353.584,2309.100,2270.319,2236.847,2208.377,2184.677,2165.581,2150.986,2140.845,2135.166,2134.007,2137.478,2145.736,2158.994,2177.513,2201.613,2231.672,2268.137,2311.521,2362.422,2421.526,2489.624,2567.626,2656.580,2757.701,2872.398,3002.313,3149.380,3315.880,3504.538,3718.633,3962.156,4240.026,4558.391,4925.046,5350.058,5846.667,6432.679,7132.618,7981.209,9029.176,10353.290,12074.477,14391.678,17646.921,22450.007,29897.135,41807.433,60000.000,60000.000,27846.097,0.000
0.000,0.345,0.689,1.034,1.376,1.718,2.057,2.394,2.729,3.060,3.388,3.712,4.032,4.347,4.657,4.962,5.261,5.555,5.842,6.123,6.397,6.663,6.923,7.175,7.418,7.654,7.882,8.100,8.310,8.512,8.704,8.888,9.061,9.226,9.381,9.526,9.662,9.788,9.905,10.012,10.110,10.198,10.276,10.346,10.406,10.457,10.499,10.533,10.559,10.576,10.585,10.588,10.582,10.571,10.553,10.529,10.500,10.467,10.429,10.389,10.346,10.301,10.255,10.209,10.164,10.121,10.082,10.047,10.018,9.996,9.984,9.982,9.992,10.017,10.058,10.118,10.199,10.304,10.436,10.597,10.791,11.022,11.294,11.609,11.973,12.391,12.867,13.407,14.017,14.703,15.472,16.331,17.289,18.354,19.534,20.841,22.284,23.877,25.631,27.560,29.680,32.007,34.558,37.354,40.414,43.763,47.424,51.426,55.798,60.574,65.787,71.478,77.688,84.465,91.858,99.924,108.724,118.325,128.801,140.233,152.710,166.331,181.205,197.452,215.208,234.621,255.859,279.108,304.578,332.507,363.164,396.855,433.929,474.789,519.900,569.803,625.129,686.622,755.163,831.798,917.784,1014.637,1124.194,1248.699,1390.903,1554.190,1742.737,1961.694,2217.380,2517.463,2871.036,3288.451,3780.569,4356.963,5022.294,5770.187,6574.841,7383.920,8122.546,8721.957,9163.941,9468.181,9667.835,9794.478,9872.605,9919.231,9945.266,9957.066,9957.579,9946.938,9922.494,9878.287,9803.986,9683.428,9493.332,9203.711,8783.170,8213.331,7512.167,6745.944,5986.388,5283.298,4660.910,4124.850,3670.236,3287.568,2966.184,2695.978,2468.089,2275.063,2110.765,1970.201,1849.327,1744.870,1654.182,1575.109,1505.895,1445.105,1391.560,1344.289,1302.490,1265.499,1232.769,1203.845,1178.354,1155.987,1136.496,1119.682,1105.388,1093.496,1083.922,1076.612,1071.543,1068.718,1068.166,1069.941,1074.123,1080.818,1090.158,1102.303,1117.445,1135.807,1157.650,1183.274,1213.025,1247.305,1286.571,1331.356,1382.274,1440.040,1505.489,1579.605,1663.551,1758.721,1866.795,1989.826,2130.356,2291.572,2477.544,2693.557,2946.629,3246.291,3605.858,4044.525,4591.033,5290.432,6217.404,7504.707,9409.748,12487.362,18089.695,29974.282,60000.000,60000.000,21961.524,0.000
0.000,0.000,0.000,0.000,0.000,0.000,0.000,0.000,0.000,0.000,0.000,0.000,0.000,0.000,0.000,0.000,0.000,0.000,0.000,0.000,0.000,0.000,0.000,0.000,0.000,0.000,0.000,0.000,0.000,0.000,0.000,0.000,0.000,0.000,0.000,0.000,0.000,0.000,0.000,0.000,0.000,0.000,0.000,0.000,0.000,0.000,0.000,0.000,0.000,0.000,0.000,0.000,0.000,0.000,0.000,0.000,0.000,0.000,0.000,0.000,0.000,0.000,0.000,0.000,0.000,0.000,0.000,0.000,0.000,0.000,0.000,0.000,0.000,0.000,0.000,0.000,0.000,0.000,0.000,0.000,0.000,0.000,0.000,0.000,0.000,0.000,0.000,0.000,0.000,0.000,0.000,0.000,0.000,0.000,0.000,0.000,0.000,0.000,0.000,0.000,0.000,0.000,0.000,0.000,0.000,0.000,0.000,0.000,0.000,0.000,0.000,0.000,0.000,0.000,0.000,0.000,0.000,0.000,0.000,0.000,0.000,0.000,0.000,0.000,0.000,0.000,0.000,0.000,0.000,0.000,0.000,0.000,0.000,0.000,0.000,0.000,0.000,0.000,0.000,0.000,0.000,0.000,0.000,0.000,0.000,0.000,0.000,0.000,0.000,0.000,0.000,0.000,0.000,0.000,0.000,0.000,0.000,0.000,0.000,0.000,0.000,0.000,0.000,0.000,0.000,0.000,0.000,0.000,0.000,0.000,0.000,0.000,0.000,0.000,0.000,0.000,0.000,0.000,0.000,0.000,0.000,0.000,0.000,0.000,0.000,0.000,0.000,0.000,0.000,0.000,0.000,0.000,0.000,0.000,0.000,0.000,0.000,0.000,0.000,0.000,0.000,0.000,0.000,0.000,0.000,0.000,0.000,0.000,0.000,0.000,0.000,0.000,0.000,0.000,0.000,0.000,0.000,0.000,0.000,0.000,0.000,0.000,0.000,0.000,0.000,0.000,0.000,0.000,0.000,0.000,0.000,0.000,0.000,0.000,0.000,0.000,0.000,0.000,0.000,0.000,0.000,0.000,0.000,0.000,0.000,0.000,0.000,0.000,0.000,0.000,0.000,0.000,0.000,0.000,0.000,0.000
