0.000,0.000,0.000,0.000,0.000,0.000,0.000,0.000,0.000,0.000,0.000,0.000,0.000,0.000,0.000,0.000,0.000,0.000,0.000,0.000,0.000,0.000,0.000,0.000,0.000,0.000,0.000,0.000,0.000,0.000,0.000,0.000,0.000,0.000,0.000,0.000,0.000,0.000,0.000,0.000,0.000,0.000,0.000,0.000,0.000,0.000,0.000,0.000,0.000,0.000,0.000,0.000,0.000,0.000,0.000,0.000,0.000,0.000,0.000,0.000,0.000,0.000,0.000,0.000,0.000,0.000,0.000,0.000,0.000,0.000,0.000,0.000,0.000,0.000,0.000,0.000,0.000,0.000,0.000,0.000,0.000,0.000,0.000,0.000,0.000,0.000,0.000,0.000,0.000,0.000,0.000,0.000,0.000,0.000,0.000,0.000,0.000,0.000,0.000,0.000,0.000,0.000,0.000,0.000,0.000,0.000,0.000,0.000,0.000,0.000,0.000,0.000,0.000,0.000,0.000,0.000,0.000,0.000,0.000,0.000,0.000,0.000,0.000,0.000,0.000,0.000,0.000,0.000,0.000,0.000,0.000,0.000,0.000,0.000,0.000,0.000,0.000,0.000,0.000,0.000,0.000,0.000,0.000,0.000,0.000,0.000,0.000,0.000,0.000,0.000,0.000,0.000,0.000,0.000,0.000,0.000,0.000,0.000,0.000,0.000,0.000,0.000,0.000,0.000,0.000,0.000,0.000,0.000,0.000,0.000,0.000,0.000,0.000,0.000,0.000,0.000,0.000,0.000,0.000,0.000,0.000,0.000,0.000,0.000,0.000,0.000,0.000,0.000,0.000,0.000,0.000,0.000,0.000,0.000,0.000,0.000,0.000,0.000,0.000,0.000,0.000,0.000,0.000,0.000,0.000,0.000,0.000,0.000,0.000,0.000,0.000,0.000,0.000,0.000,0.000,0.000,0.000,0.000,0.000,0.000,0.000,0.000,0.000,0.000,0.000,0.000,0.000,0.000,0.000,0.000,0.000,0.000,0.000,0.000,0.000,0.000,0.000,0.000,0.000,0.000,0.000,0.000,0.000,0.000,0.000,0.000,0.000,0.000,0.000,0.000,0.000,0.000,0.000,0.000,0.000,0.000
0.000,0.000,0.000,0.000,0.000,0.000,0.000,0.000,0.000,0.000,0.000,0.000,0.000,0.000,0.000,0.000,0.000,0.000,0.000,0.000,0.000,0.000,0.000,0.000,0.000,0.000,0.000,0.000,0.000,0.000,0.000,0.000,0.000,0.000,0.000,0.000,0.000,0.000,0.000,0.000,0.000,0.000,0.000,0.000,0.000,0.000,0.000,0.000,0.000,0.000,0.000,0.000,0.000,0.000,0.000,0.000,0.000,0.000,0.000,0.000,0.000,0.000,0.000,0.000,0.000,0.000,0.000,0.000,0.000,0.000,0.000,0.000,0.000,0.000,0.000,0.000,0.000,0.000,0.000,0.000,0.000,0.000,0.000,0.000,0.000,0.000,0.000,0.000,0.000,0.000,0.000,0.000,0.000,0.000,0.000,0.000,0.000,0.000,0.000,0.000,0.000,0.000,0.000,0.000,0.000,0.000,0.000,0.000,0.000,0.000,0.000,0.000,0.000,0.000,0.000,0.000,0.000,0.000,0.000,0.000,0.000,0.000,0.000,0.000,0.000,0.000,0.000,0.000,0.000,0.000,0.000,0.000,0.000,0.000,0.000,0.000,0.000,0.000,0.000,0.000,0.000,0.000,0.000,0.000,0.000,0.000,0.000,0.000,0.000,0.000,0.000,0.000,0.000,0.000,0.000,0.000,0.000,0.000,0.000,0.000,0.000,0.000,0.000,0.000,0.000,0.000,0.000,0.000,0.000,0.000,0.000,0.000,0.000,0.000,0.000,0.000,0.000,0.000,0.000,0.000,0.000,0.000,0.000,0.000,0.000,0.000,0.000,0.000,0.000,0.000,0.000,0.000,0.000,0.000,0.000,0.000,0.000,0.000,0.000,0.000,0.000,0.000,0.000,0.000,0.000,0.000,0.000,0.000,0.000,0.000,0.000,0.000,0.000,0.000,0.000,0.000,0.000,0.000,0.000,0.000,0.000,0.000,0.000,0.000,0.000,0.000,0.000,0.000,0.000,0.000,0.000,0.000,0.000,0.000,0.000,0.000,0.000,0.000,0.000,0.000,0.000,0.000,0.000,0.000,0.000,0.000,0.000,0.000,0.000,0.000,0.000,0.000,0.000,0.000,0.000,0.000
0.000,0.000,0.000,0.000,0.000,0.000,0.000,0.000,0.000,0.000,0.000,0.000,0.000,0.000,0.000,0.000,0.000,0.000,0.000,0.000,0.000,0.000,0.000,0.000,0.000,0.000,0.000,0.000,0.000,0.000,0.000,0.000,0.000,0.000,0.000,0.000,0.000,0.000,0.000,0.000,0.000,0.000,0.000,0.000,0.000,0.000,0.000,0.000,0.000,0.000,0.000,0.000,0.000,0.000,0.000,0.000,0.000,0.000,0.000,0.000,0.000,0.000,0.000,0.000,0.000,0.000,0.000,0.000,0.000,0.000,0.000,0.000,0.000,0.000,0.000,0.000,0.000,0.000,0.000,0.000,0.000,0.000,0.000,0.000,0.000,0.000,0.000,0.000,0.000,0.000,0.000,0.000,0.000,0.000,0.000,0.000,0.000,0.000,0.000,0.000,0.000,24.581,42.166,50.552,50.447,43.555,31.710,16.648,0.000,0.000,0.000,0.000,0.000,0.000,0.000,0.000,0.000,0.000,0.000,0.000,0.000,0.000,0.000,0.000,0.000,0.000,0.000,0.000,0.000,0.000,0.000,0.000,0.000,0.000,0.000,0.000,0.000,0.000,0.000,0.000,0.000,0.000,0.000,0.000,0.000,0.000,0.000,0.000,0.000,0.000,0.000,0.000,0.000,0.000,0.000,0.000,0.000,0.000,0.000,0.000,0.000,0.000,0.000,0.000,0.000,0.000,0.000,0.000,0.000,0.000,0.000,0.000,0.000,0.000,0.000,0.000,0.000,0.000,0.000,0.000,0.000,0.000,0.000,0.000,0.000,0.000,0.000,0.000,0.000,0.000,0.000,0.000,0.000,0.000,0.000,0.000,0.000,0.000,0.000,0.000,0.000,0.000,0.000,0.000,0.000,0.000,0.000,0.000,0.000,0.000,0.000,0.000,0.000,0.000,0.000,0.000,0.000,0.000,0.000,0.000,0.000,0.000,0.000,0.000,0.000,0.000,0.000,0.000,0.000,0.000,0.000,0.000,0.000,0.000,0.000,0.000,0.000,0.000,0.000,0.000,0.000,0.000,0.000,0.000,0.000,0.000,0.000,0.000,0.000,0.000,0.000,0.000,0.000,0.000,0.000,0.000
0.000,0.000,0.000,0.000,0.000,0.000,0.000,0.000,0.000,0.000,0.000,0.000,0.000,0.000,0.000,0.000,0.000,0.000,0.000,0.000,0.000,0.000,0.000,0.000,0.000,0.000,0.000,0.000,0.000,0.000,0.000,0.000,0.000,0.000,0.000,0.000,0.000,0.000,0.000,0.000,0.000,0.000,0.000,0.000,0.000,0.000,0.000,0.000,0.000,0.000,0.000,0.000,0.000,0.000,0.000,0.000,0.000,0.000,0.000,0.000,0.000,0.000,0.000,0.000,0.000,0.000,0.000,0.000,0.000,0.000,0.000,0.000,0.000,0.000,0.000,0.000,0.000,0.000,0.000,0.000,0.000,0.000,0.000,0.000,0.000,0.000,0.000,0.000,0.000,0.000,0.000,0.000,0.000,0.000,0.000,0.000,0.000,0.000,0.000,0.000,0.000,56.161,93.537,109.605,107.690,92.066,66.642,34.883,0.000,0.000,0.000,0.000,0.000,0.000,0.000,0.000,0.000,0.000,0.000,0.000,0.000,0.000,0.000,0.000,0.000,0.000,0.000,0.000,0.000,0.000,0.000,0.000,0.000,0.000,0.000,0.000,0.000,0.000,0.000,0.000,0.000,0.000,0.000,0.000,0.000,0.000,0.000,0.000,0.000,0.000,0.000,0.000,0.000,0.000,0.000,0.000,0.000,0.000,0.000,0.000,0.000,0.000,0.000,0.000,0.000,0.000,0.000,0.000,0.000,0.000,0.000,0.000,0.000,0.000,0.000,0.000,0.000,0.000,0.000,0.000,0.000,0.000,0.000,0.000,0.000,0.000,0.000,0.000,0.000,0.000,0.000,0.000,0.000,0.000,0.000,0.000,0.000,0.000,0.000,0.000,0.000,0.000,0.000,0.000,0.000,0.000,0.000,0.000,0.000,0.000,0.000,0.000,0.000,0.000,0.000,0.000,0.000,0.000,0.000,0.000,0.000,0.000,0.000,0.000,0.000,0.000,0.000,0.000,0.000,0.000,0.000,0.000,0.000,0.000,0.000,0.000,0.000,0.000,0.000,0.000,0.000,0.000,0.000,0.000,0.000,0.000,0.000,0.000,0.000,0.000,0.000,0.000,0.000,0.000,0.000,0.000
0.000,0.000,0.000,0.000,0.000,0.000,0.000,0.000,0.000,0.000,0.000,0.000,0.000,0.000,0.000,0.000,0.000,0.000,0.000,0.000,0.000,0.000,0.000,0.000,0.000,0.000,0.000,0.000,0.000,0.000,0.000,0.000,0.000,0.000,0.000,0.000,0.000,0.000,0.000,0.000,0.000,0.000,0.000,0.000,0.000,0.000,0.000,0.000,0.000,0.000,0.000,0.000,0.000,0.000,0.000,0.000,0.000,0.000,0.000,0.000,0.000,0.000,0.000,0.000,0.000,0.000,0.000,0.000,0.000,0.000,0.000,0.000,0.000,0.000,0.000,0.000,0.000,0.000,0.000,0.000,0.000,0.000,0.000,0.000,0.000,0.000,0.000,0.000,0.000,0.000,0.000,0.000,0.000,0.000,0.000,0.000,0.000,0.000,0.000,0.000,0.000,106.538,166.231,186.654,178.656,150.389,107.918,56.245,0.000,0.000,0.000,0.000,0.000,0.000,0.000,0.000,0.000,0.000,0.000,0.000,0.000,0.000,0.000,0.000,0.000,0.000,0.000,0.000,0.000,0.000,0.000,0.000,0.000,0.000,0.000,0.000,0.000,0.000,0.000,0.000,0.000,0.000,0.000,0.000,0.000,0.000,0.000,0.000,0.000,0.000,0.000,0.000,0.000,0.000,0.000,0.000,0.000,0.000,0.000,0.000,0.000,0.000,0.000,0.000,0.000,0.000,0.000,0.000,0.000,0.000,0.000,0.000,0.000,0.000,0.000,0.000,0.000,0.000,0.000,0.000,0.000,0.000,0.000,0.000,0.000,0.000,0.000,0.000,0.000,0.000,0.000,0.000,0.000,0.000,0.000,0.000,0.000,0.000,0.000,0.000,0.000,0.000,0.000,0.000,0.000,0.000,0.000,0.000,0.000,0.000,0.000,0.000,0.000,0.000,0.000,0.000,0.000,0.000,0.000,0.000,0.000,0.000,0.000,0.000,0.000,0.000,0.000,0.000,0.000,0.000,0.000,0.000,0.000,0.000,0.000,0.000,0.000,0.000,0.000,0.000,0.000,0.000,0.000,0.000,0.000,0.000,0.000,0.000,0.000,0.000,0.000,0.000,0.000,0.000,0.000,0.000
0.000,0.000,0.000,0.000,0.000,0.000,0.000,0.000,0.000,0.000,0.000,0.000,0.000,0.000,0.000,0.000,0.000,0.000,0.000,0.000,0.000,0.000,0.000,0.000,0.000,0.000,0.000,0.000,0.000,0.000,0.000,0.000,0.000,0.000,0.000,0.000,0.000,0.000,0.000,0.000,0.000,0.000,0.000,0.000,0.000,0.000,0.000,0.000,0.000,0.000,0.000,0.000,0.000,0.000,0.000,0.000,0.000,0.000,0.000,0.000,0.000,0.000,0.000,0.000,0.000,0.000,0.000,0.000,0.000,0.000,0.000,0.000,0.000,0.000,0.000,0.000,0.000,0.000,0.000,0.000,0.000,0.000,0.000,0.000,0.000,0.000,0.000,0.000,0.000,0.000,0.000,0.000,0.000,0.000,0.000,0.000,0.000,0.000,0.000,0.000,0.000,203.779,278.219,292.151,269.910,222.935,158.406,82.183,0.000,0.000,0.000,0.000,0.000,0.000,0.000,0.000,0.000,0.000,0.000,0.000,0.000,0.000,0.000,0.000,0.000,0.000,0.000,0.000,0.000,0.000,0.000,0.000,0.000,0.000,0.000,0.000,0.000,0.000,0.000,0.000,0.000,0.000,0.000,0.000,0.000,0.000,0.000,0.000,0.000,0.000,0.000,0.000,0.000,0.000,0.000,0.000,0.000,0.000,0.000,0.000,0.000,0.000,0.000,0.000,0.000,0.000,0.000,0.000,0.000,0.000,0.000,0.000,0.000,0.000,0.000,0.000,0.000,0.000,0.000,0.000,0.000,0.000,0.000,0.000,0.000,0.000,0.000,0.000,0.000,0.000,0.000,0.000,0.000,0.000,0.000,0.000,0.000,0.000,0.000,0.000,0.000,0.000,0.000,0.000,0.000,0.000,0.000,0.000,0.000,0.000,0.000,0.000,0.000,0.000,0.000,0.000,0.000,0.000,0.000,0.000,0.000,0.000,0.000,0.000,0.000,0.000,0.000,0.000,0.000,0.000,0.000,0.000,0.000,0.000,0.000,0.000,0.000,0.000,0.000,0.000,0.000,0.000,0.000,0.000,0.000,0.000,0.000,0.000,0.000,0.000,0.000,0.000,0.000,0.000,0.000,0.000
0.000,0.000,0.000,0.000,0.000,0.000,0.000,0.000,0.000,0.000,0.000,0.000,0.000,0.000,0.000,0.000,0.000,0.000,0.000,0.000,0.000,304.695,472.901,590.673,684.607,764.557,834.978,898.245,955.775,1008.471,1056.924,1101.528,1142.543,1180.142,1214.435,1245.494,1273.365,1298.078,1319.659,1338.136,1353.542,1365.919,1375.324,1381.824,1385.505,1386.466,1384.819,1380.693,1374.225,1365.563,1354.864,1342.289,1328.003,1312.170,1294.954,1276.518,1257.015,1236.596,1215.402,1193.565,1171.210,1148.450,1125.388,1102.119,1078.726,1055.284,1031.857,1008.503,985.269,962.197,939.319,916.663,894.250,872.096,850.211,828.601,807.269,786.213,765.427,744.904,724.633,704.599,684.787,665.178,645.751,626.484,607.350,588.323,569.375,550.474,531.590,512.692,493.755,474.763,455.722,436.693,417.860,399.693,383.427,372.450,376.919,430.396,450.751,433.857,385.930,313.059,220.604,114.086,0.000,0.000,0.000,0.000,0.000,0.000,0.000,0.000,0.000,0.000,0.000,0.000,0.000,0.000,0.000,0.000,0.000,0.000,0.000,0.000,0.000,0.000,0.000,0.000,0.000,0.000,0.000,0.000,0.000,0.000,0.000,0.000,0.000,0.000,0.000,0.000,0.000,0.000,0.000,0.000,0.000,0.000,0.000,0.000,0.000,0.000,0.000,0.000,0.000,0.000,0.000,0.000,0.000,0.000,0.000,0.000,0.000,0.000,0.000,0.000,0.000,0.000,0.000,0.000,0.000,0.000,0.000,0.000,0.000,0.000,0.000,0.000,0.000,0.000,0.000,0.000,0.000,0.000,0.000,0.000,0.000,0.000,0.000,0.000,0.000,0.000,0.000,0.000,0.000,0.000,0.000,0.000,0.000,0.000,0.000,0.000,0.000,0.000,0.000,0.000,0.000,0.000,0.000,0.000,0.000,0.000,0.000,0.000,0.000,0.000,0.000,0.000,0.000,0.000,0.000,0.000,0.000,0.000,0.000,0.000,0.000,0.000,0.000,0.000,0.000,0.000,0.000,0.000,0.000,0.000,0.000,0.000,0.000,0.000,0.000,0.000,0.000,0.000,0.000,0.000,0.000,0.000,0.000,0.000,0.000,0.000,0.000,0.000
0.000,0.000,0.000,0.000,0.000,0.000,0.000,0.000,0.000,0.000,0.000,0.000,0.000,0.000,0.000,0.000,0.000,0.000,0.000,224.396,454.891,745.880,996.239,1205.186,1383.199,1538.648,1677.113,1802.229,1916.390,2021.190,2117.703,2206.649,2288.508,2363.595,2432.112,2494.186,2549.895,2599.296,2642.432,2679.354,2710.124,2734.824,2753.565,2766.482,2773.746,2775.555,2772.137,2763.746,2750.663,2733.185,2711.627,2686.314,2657.577,2625.749,2591.159,2554.132,2514.979,2474.001,2431.481,2387.686,2342.864,2297.241,2251.026,2204.405,2157.546,2110.597,2063.689,2016.934,1970.427,1924.250,1878.468,1833.137,1788.296,1743.978,1700.203,1656.983,1614.322,1572.215,1530.653,1489.619,1449.090,1409.040,1369.435,1330.238,1291.408,1252.897,1214.657,1176.633,1138.766,1100.995,1063.256,1025.487,987.627,949.633,911.490,873.251,835.108,797.543,761.620,729.505,704.888,690.192,660.587,606.649,526.937,422.799,296.889,153.563,0.000,0.000,0.000,0.000,0.000,0.000,0.000,0.000,0.000,0.000,0.000,0.000,0.000,0.000,0.000,0.000,0.000,0.000,0.000,0.000,0.000,0.000,0.000,0.000,0.000,0.000,0.000,0.000,0.000,0.000,0.000,0.000,0.000,0.000,0.000,0.000,0.000,0.000,0.000,0.000,0.000,0.000,0.000,0.000,0.000,0.000,0.000,0.000,0.000,0.000,0.000,0.000,0.000,0.000,0.000,0.000,0.000,0.000,0.000,0.000,0.000,0.000,0.000,0.000,0.000,0.000,0.000,0.000,0.000,0.000,0.000,0.000,0.000,0.000,0.000,0.000,0.000,0.000,0.000,0.000,0.000,0.000,0.000,0.000,0.000,0.000,0.000,0.000,0.000,0.000,0.000,0.000,0.000,0.000,0.000,0.000,0.000,0.000,0.000,0.000,0.000,0.000,0.000,0.000,0.000,0.000,0.000,0.000,0.000,0.000,0.000,0.000,0.000,0.000,0.000,0.000,0.000,0.000,0.000,0.000,0.000,0.000,0.000,0.000,0.000,0.000,0.000,0.000,0.000,0.000,0.000,0.000,0.000,0.000,0.000,0.000,0.000,0.000,0.000,0.000,0.000,0.000,0.000,0.000,0.000,0.000,0.000,0.000
0.000,0.000,0.000,0.000,0.000,0.000,0.000,0.000,0.000,0.000,0.000,0.000,0.000,0.000,0.000,0.000,0.000,0.000,0.000,442.694,849.290,1227.699,1560.992,1850.638,2104.358,2329.728,2532.603,2717.177,2886.371,3042.204,3186.056,3318.866,3441.255,3553.630,3656.244,3749.253,3832.749,3906.794,3971.438,4026.743,4072.794,4109.710,4137.650,4156.819,4167.468,4169.899,4164.456,4151.525,4131.530,4104.924,4072.184,4033.804,3990.286,3942.135,3889.850,3833.921,3774.821,3713.003,3648.894,3582.896,3515.381,3446.691,3377.137,3306.999,3236.528,3165.947,3095.447,3025.197,2955.338,2885.992,2817.256,2749.209,2681.913,2615.412,2549.737,2484.904,2420.918,2357.773,2295.452,2233.931,2173.174,2113.140,2053.780,1995.037,1936.850,1879.148,1821.855,1764.891,1708.167,1651.588,1595.058,1538.474,1481.737,1424.754,1367.454,1309.810,1251.874,1193.841,1136.096,1079.149,1023.022,964.978,894.834,805.283,692.427,554.358,390.618,203.289,0.000,0.000,0.000,0.000,0.000,0.000,0.000,0.000,0.000,0.000,0.000,0.000,0.000,0.000,0.000,0.000,0.000,0.000,0.000,0.000,0.000,0.000,0.000,0.000,0.000,0.000,0.000,0.000,0.000,0.000,0.000,0.000,0.000,0.000,0.000,0.000,0.000,0.000,0.000,0.000,0.000,0.000,0.000,0.000,0.000,0.000,0.000,0.000,0.000,0.000,0.000,0.000,0.000,0.000,0.000,0.000,0.000,0.000,0.000,0.000,0.000,0.000,0.000,0.000,0.000,0.000,0.000,0.000,0.000,0.000,0.000,0.000,0.000,0.000,0.000,0.000,0.000,0.000,0.000,0.000,0.000,0.000,0.000,0.000,0.000,0.000,0.000,0.000,0.000,0.000,0.000,0.000,0.000,0.000,0.000,0.000,0.000,0.000,0.000,0.000,0.000,0.000,0.000,0.000,0.000,0.000,0.000,0.000,0.000,0.000,0.000,0.000,0.000,0.000,0.000,0.000,0.000,0.000,0.000,0.000,0.000,0.000,0.000,0.000,0.000,0.000,0.000,0.000,0.000,0.000,0.000,0.000,0.000,0.000,0.000,0.000,0.000,0.000,0.000,0.000,0.000,0.000,0.000,0.000,0.000,0.000,0.000,0.000
0.000,0.000,0.000,0.000,0.000,0.000,0.000,0.000,0.000,0.000,0.000,0.000,0.000,0.000,0.000,0.000,0.000,0.000,0.000,697.090,1271.881,1754.636,2169.397,2532.020,2853.875,3143.311,3406.404,3647.512,3869.724,4075.209,4265.466,4441.516,4604.031,4753.440,4889.999,5013.852,5125.075,5223.713,5309.805,5383.411,5444.628,5493.602,5530.539,5555.708,5569.446,5572.156,5564.304,5546.412,5519.055,5482.847,5438.435,5386.489,5327.688,5262.718,5192.252,5116.953,5037.457,4954.373,4868.278,4779.709,4689.163,4597.097,4503.927,4410.026,4315.726,4221.321,4127.066,4033.181,3939.855,3847.244,3755.477,3664.657,3574.862,3486.151,3398.562,3312.114,3226.812,3142.647,3059.595,2977.622,2896.680,2816.713,2737.655,2659.431,2581.956,2505.138,2428.876,2353.060,2277.571,2202.282,2127.060,2051.761,1976.236,1900.334,1823.902,1746.794,1668.870,1589.981,1509.898,1428.092,1343.190,1251.970,1148.590,1027.312,883.205,711.645,507.972,268.991,0.000,0.000,0.000,0.000,0.000,0.000,0.000,0.000,0.000,0.000,0.000,0.000,0.000,0.000,0.000,0.000,0.000,0.000,0.000,0.000,0.000,0.000,0.000,0.000,0.000,0.000,0.000,0.000,0.000,0.000,0.000,0.000,0.000,0.000,0.000,0.000,0.000,0.000,0.000,0.000,0.000,0.000,0.000,0.000,0.000,0.000,0.000,0.000,0.000,0.000,0.000,0.000,0.000,0.000,0.000,0.000,0.000,0.000,0.000,0.000,0.000,0.000,0.000,0.000,0.000,0.000,0.000,0.000,0.000,0.000,0.000,0.000,0.000,0.000,0.000,0.000,0.000,0.000,0.000,0.000,0.000,0.000,0.000,0.000,0.000,0.000,0.000,0.000,0.000,0.000,0.000,0.000,0.000,0.000,0.000,0.000,0.000,0.000,0.000,0.000,0.000,0.000,0.000,0.000,0.000,0.000,0.000,0.000,0.000,0.000,0.000,0.000,0.000,0.000,0.000,0.000,0.000,0.000,0.000,0.000,0.000,0.000,0.000,0.000,0.000,0.000,0.000,0.000,0.000,0.000,0.000,0.000,0.000,0.000,0.000,0.000,0.000,0.000,0.000,0.000,0.000,0.000,0.000,0.000,0.000,0.000,0.000,0.000
0.000,0.000,0.000,0.000,0.000,0.000,0.000,0.000,0.000,0.000,0.000,0.000,0.000,0.000,0.000,0.000,0.000,0.000,0.000,1073.787,1786.511,2349.572,2829.945,3254.179,3635.818,3983.246,4302.200,4596.754,4869.817,5123.454,5359.099,5577.717,5779.933,5966.120,6136.481,6291.104,6430.012,6553.204,6660.686,6752.500,6828.738,6889.569,6935.235,6966.072,6982.499,6985.026,6974.245,6950.823,6915.492,6869.039,6812.290,6746.100,6671.339,6588.878,6499.575,6404.271,6303.775,6198.856,6090.241,5978.606,5864.578,5748.727,5631.573,5513.581,5395.163,5276.682,5158.455,5040.753,4923.806,4807.806,4692.910,4579.241,4466.894,4355.938,4246.417,4138.352,4031.748,3926.589,3822.844,3720.466,3619.398,3519.566,3420.887,3323.266,3226.598,3130.766,3035.643,2941.093,2846.966,2753.102,2659.328,2565.461,2471.298,2376.626,2281.206,2184.770,2087.001,1987.480,1885.583,1780.286,1669.820,1551.259,1420.368,1272.282,1101.532,901.119,660.684,364.721,0.000,93.310,132.943,138.773,127.276,107.182,82.752,56.085,28.284,0.000,0.000,0.000,0.000,0.000,0.000,0.000,0.000,0.000,0.000,0.000,0.000,0.000,0.000,0.000,0.000,0.000,0.000,0.000,0.000,0.000,0.000,0.000,0.000,0.000,0.000,0.000,0.000,0.000,0.000,0.000,0.000,0.000,0.000,0.000,0.000,0.000,0.000,0.000,0.000,0.000,0.000,0.000,0.000,0.000,0.000,0.000,0.000,0.000,0.000,0.000,0.000,0.000,0.000,0.000,0.000,0.000,0.000,0.000,0.000,0.000,0.000,0.000,0.000,0.000,0.000,0.000,0.000,0.000,0.000,0.000,0.000,0.000,0.000,0.000,0.000,0.000,0.000,0.000,0.000,0.000,0.000,0.000,0.000,0.000,0.000,0.000,0.000,0.000,0.000,0.000,0.000,0.000,0.000,0.000,0.000,0.000,0.000,0.000,0.000,0.000,0.000,0.000,0.000,0.000,0.000,0.000,0.000,0.000,0.000,0.000,0.000,0.000,0.000,0.000,0.000,0.000,0.000,0.000,0.000,0.000,0.000,0.000,0.000,0.000,0.000,0.000,0.000,0.000,0.000,0.000,0.000,0.000,0.000,0.000,0.000,0.000,0.000,0.000
0.000,0.000,0.000,0.000,0.000,0.000,0.000,0.000,0.000,0.000,0.000,0.000,0.000,0.000,182.606,369.092,568.842,806.526,1150.400,1811.552,2450.808,3027.202,3546.642,4018.941,4451.981,4851.667,5222.410,5567.499,5889.353,6189.710,6469.775,6730.341,6971.883,7194.650,7398.728,7584.100,7750.696,7898.439,8027.274,8137.201,8228.300,8300.743,8354.811,8390.896,8409.507,8411.264,8396.892,8367.211,8323.126,8265.605,8195.669,8114.372,8022.785,7921.977,7813.005,7696.894,7574.632,7447.158,7315.351,7180.032,7041.954,6901.806,6760.209,6617.717,6474.823,6331.957,6189.492,6047.748,5906.994,5767.454,5629.308,5492.700,5357.737,5224.496,5093.025,4963.345,4835.457,4709.338,4584.948,4462.229,4341.108,4221.497,4103.293,3986.383,3870.638,3755.920,3642.075,3528.938,3416.333,3304.064,3191.923,3079.684,2967.098,2853.888,2739.742,2624.295,2507.095,2387.556,2264.864,2137.835,2004.725,1863.044,1709.496,1540.055,1349.641,1130.711,868.992,529.239,0.000,240.319,299.715,294.900,263.170,218.717,167.753,113.315,57.053,0.000,0.000,0.000,0.000,0.000,0.000,0.000,0.000,0.000,0.000,0.000,0.000,0.000,0.000,0.000,0.000,0.000,0.000,0.000,0.000,0.000,0.000,0.000,0.000,0.000,0.000,0.000,0.000,0.000,0.000,0.000,0.000,0.000,0.000,0.000,0.000,0.000,0.000,0.000,0.000,0.000,0.000,0.000,0.000,0.000,0.000,0.000,0.000,0.000,0.000,0.000,0.000,0.000,0.000,0.000,0.000,0.000,0.000,0.000,0.000,0.000,0.000,0.000,0.000,0.000,0.000,0.000,0.000,0.000,0.000,0.000,0.000,0.000,0.000,0.000,0.000,0.000,0.000,0.000,0.000,0.000,0.000,0.000,0.000,0.000,0.000,0.000,0.000,0.000,0.000,0.000,0.000,0.000,0.000,0.000,0.000,0.000,0.000,0.000,0.000,0.000,0.000,0.000,0.000,0.000,0.000,0.000,0.000,0.000,0.000,0.000,0.000,0.000,0.000,0.000,0.000,0.000,0.000,0.000,0.000,0.000,0.000,0.000,0.000,0.000,0.000,0.000,0.000,0.000,0.000,0.000,0.000,0.000,0.000,0.000,0.000,0.000,0.000,0.000
0.000,0.000,0.000,0.000,0.000,0.000,0.000,0.000,0.000,0.000,0.000,0.000,0.000,0.000,361.333,724.920,1099.751,1506.863,1983.526,2571.218,3177.974,3761.794,4310.489,4822.971,5301.512,5749.045,6168.289,6561.496,6930.403,7276.278,7599.974,7902.010,8182.635,8441.898,8679.711,8895.903,9090.270,9262.620,9412.809,9540.776,9646.566,9730.346,9792.426,9833.257,9853.436,9853.701,9834.922,9798.086,9744.281,9674.679,9590.508,9493.040,9383.562,9263.360,9133.696,8995.798,8850.840,8699.935,8544.125,8384.373,8221.565,8056.506,7889.916,7722.441,7554.647,7387.029,7220.013,7053.964,6889.185,6725.929,6564.397,6404.748,6247.098,6091.529,5938.090,5786.800,5637.653,5490.619,5345.645,5202.662,5061.580,4922.293,4784.682,4648.611,4513.931,4380.479,4248.076,4116.533,3985.640,3855.174,3724.892,3594.527,3463.789,3332.351,3199.842,3065.826,2929.776,2791.028,2648.716,2501.688,2348.411,2186.897,2014.701,1828.969,1626.413,1403.213,1155.425,883.290,617.847,568.302,530.747,477.984,411.826,336.795,256.251,172.381,86.620,0.000,0.000,0.000,0.000,0.000,0.000,0.000,0.000,0.000,0.000,0.000,0.000,0.000,0.000,0.000,0.000,0.000,0.000,0.000,0.000,0.000,0.000,0.000,0.000,0.000,0.000,0.000,0.000,0.000,0.000,0.000,0.000,0.000,0.000,0.000,0.000,0.000,0.000,0.000,0.000,0.000,0.000,0.000,0.000,0.000,0.000,0.000,0.000,0.000,0.000,0.000,0.000,0.000,0.000,0.000,0.000,0.000,0.000,0.000,0.000,0.000,0.000,0.000,0.000,0.000,0.000,0.000,0.000,0.000,0.000,0.000,0.000,0.000,0.000,0.000,0.000,0.000,0.000,0.000,0.000,0.000,0.000,0.000,0.000,0.000,0.000,0.000,0.000,0.000,0.000,0.000,0.000,0.000,0.000,0.000,0.000,0.000,0.000,0.000,0.000,0.000,0.000,0.000,0.000,0.000,0.000,0.000,0.000,0.000,0.000,0.000,0.000,0.000,0.000,0.000,0.000,0.000,0.000,0.000,0.000,0.000,0.000,0.000,0.000,0.000,0.000,0.000,0.000,0.000,0.000,0.000,0.000,0.000,0.000,0.000,0.000,0.000,0.000,0.000
0.000,0.000,0.000,0.000,0.000,0.000,0.000,0.000,0.000,0.000,0.000,0.000,0.000,0.000,537.805,1069.508,1598.383,2137.655,2705.626,3311.825,3928.086,4531.521,5110.560,5660.955,6182.064,6674.726,7140.224,7579.810,7994.507,8385.046,8751.858,9095.117,9414.777,9710.627,9982.350,10229.569,10451.902,10649.005,10820.615,10966.581,11086.896,11181.711,11251.356,11296.340,11317.354,11315.264,11291.097,11246.022,11181.335,11098.426,10998.757,10883.838,10755.192,10614.338,10462.765,10301.912,10133.153,9957.784,9777.012,9591.951,9403.618,9212.932,9020.715,8827.697,8634.515,8441.725,8249.803,8059.151,7870.104,7682.937,7497.868,7315.066,7134.653,6956.714,6781.293,6608.405,6438.035,6270.141,6104.659,5941.504,5780.568,5621.730,5464.849,5309.768,5156.318,5004.310,4853.542,4703.798,4554.843,4406.421,4258.259,4110.059,3961.491,3812.193,3661.749,3509.686,3355.443,3198.342,3037.553,2872.051,2700.582,2521.665,2333.660,2134.906,1924.007,1700.460,1466.336,1230.754,1019.885,884.378,777.061,674.527,569.410,460.427,348.107,233.356,117.054,0.000,0.000,0.000,0.000,0.000,0.000,0.000,0.000,0.000,0.000,0.000,0.000,0.000,0.000,0.000,0.000,0.000,0.000,0.000,0.000,0.000,0.000,0.000,0.000,0.000,0.000,0.000,0.000,0.000,0.000,0.000,0.000,0.000,0.000,0.000,0.000,0.000,0.000,0.000,0.000,0.000,0.000,0.000,0.000,0.000,0.000,0.000,0.000,0.000,0.000,0.000,0.000,0.000,0.000,0.000,0.000,0.000,0.000,0.000,0.000,0.000,0.000,0.000,0.000,0.000,0.000,0.000,0.000,0.000,0.000,0.000,0.000,0.000,0.000,0.000,0.000,0.000,0.000,0.000,0.000,0.000,0.000,0.000,0.000,0.000,0.000,0.000,0.000,0.000,0.000,0.000,0.000,0.000,0.000,0.000,0.000,0.000,0.000,0.000,0.000,0.000,0.000,0.000,0.000,0.000,0.000,0.000,0.000,0.000,0.000,0.000,0.000,0.000,0.000,0.000,0.000,0.000,0.000,0.000,0.000,0.000,0.000,0.000,0.000,0.000,0.000,0.000,0.000,0.000,0.000,0.000,0.000,0.000,0.000,0.000,0.000,0.000,0.000,0.000
0.000,0.000,0.000,0.000,0.000,0.000,0.000,0.000,0.000,0.000,0.000,0.000,0.000,0.000,720.382,1416.925,2086.620,2739.753,3389.507,4042.379,4691.032,5325.654,5939.286,6528.241,7091.079,7627.588,8138.088,8623.033,9082.794,9517.564,9927.324,10311.854,10670.760,11003.520,11309.531,11588.162,11838.808,12060.932,12254.117,12418.096,12552.787,12658.313,12735.019,12783.471,12804.461,12798.996,12768.275,12713.676,12636.722,12539.051,12422.385,12288.496,12139.172,11976.187,11801.274,11616.101,11422.255,11221.223,11014.384,10803.006,10588.238,10371.112,10152.548,9933.356,9714.241,9495.813,9278.590,9063.007,8849.426,8638.137,8429.370,8223.299,8020.049,7819.698,7622.288,7427.823,7236.276,7047.594,6861.694,6678.476,6497.815,6319.568,6143.575,5969.659,5797.626,5627.266,5458.352,5290.643,5123.876,4957.771,4792.027,4626.316,4460.280,4293.527,4125.620,3956.064,3784.295,3609.663,3431.414,3248.678,3060.482,2865.792,2663.619,2453.221,2234.462,2008.477,1778.873,1553.651,1346.691,1172.377,1018.690,873.740,730.932,587.452,442.437,295.907,148.250,0.000,0.000,0.000,0.000,0.000,0.000,0.000,0.000,0.000,0.000,0.000,0.000,0.000,0.000,0.000,0.000,0.000,0.000,0.000,0.000,0.000,0.000,0.000,0.000,0.000,0.000,0.000,0.000,0.000,0.000,0.000,0.000,0.000,0.000,0.000,0.000,0.000,0.000,0.000,0.000,0.000,0.000,0.000,0.000,0.000,0.000,0.000,0.000,0.000,0.000,0.000,0.000,0.000,0.000,0.000,0.000,0.000,0.000,0.000,0.000,0.000,0.000,0.000,0.000,0.000,0.000,0.000,0.000,0.000,0.000,0.000,0.000,0.000,0.000,0.000,0.000,0.000,0.000,0.000,0.000,0.000,0.000,0.000,0.000,0.000,0.000,0.000,0.000,0.000,0.000,0.000,0.000,0.000,0.000,0.000,0.000,0.000,0.000,0.000,0.000,0.000,0.000,0.000,0.000,0.000,0.000,0.000,0.000,0.000,0.000,0.000,0.000,0.000,0.000,0.000,0.000,0.000,0.000,0.000,0.000,0.000,0.000,0.000,0.000,0.000,0.000,0.000,0.000,0.000,0.000,0.000,0.000,0.000,0.000,0.000,0.000,0.000,0.000,0.000
0.000,0.000,0.000,0.000,0.000,0.000,0.000,0.000,0.000,0.000,0.000,0.000,0.000,0.000,926.798,1791.194,2591.425,3345.236,4070.275,4777.161,5468.018,6140.791,6792.702,7421.657,8026.441,8606.477,9161.529,9691.462,10196.097,10675.119,11128.050,11554.246,11952.925,12323.200,12664.133,12974.787,13254.284,13501.853,13716.883,13898.962,14047.911,14163.811,14247.014,14298.149,14318.118,14308.081,14269.440,14203.801,14112.949,13998.803,13863.378,13708.741,13536.973,13350.133,13150.220,12939.152,12718.741,12490.676,12256.515,12017.681,11775.454,11530.980,11285.269,11039.206,10793.559,10548.983,10306.033,10065.169,9826.771,9591.139,9358.509,9129.053,8902.893,8680.099,8460.702,8244.693,8032.031,7822.645,7616.436,7413.284,7213.044,7015.553,6820.630,6628.075,6437.671,6249.186,6062.369,5876.954,5692.656,5509.169,5326.167,5143.299,4960.184,4776.410,4591.525,4405.032,4216.380,4024.962,3830.109,3631.101,3427.200,3217.709,3002.093,2780.166,2552.395,2320.338,2087.235,1858.470,1641.014,1439.894,1251.710,1070.917,893.215,716.081,538.333,359.616,180.049,0.000,0.000,0.000,0.000,0.000,0.000,0.000,0.000,0.000,0.000,0.000,0.000,0.000,0.000,0.000,0.000,0.000,0.000,0.000,0.000,0.000,0.000,0.000,0.000,0.000,0.000,0.000,0.000,0.000,0.000,0.000,0.000,0.000,0.000,0.000,0.000,0.000,0.000,0.000,0.000,0.000,0.000,0.000,0.000,0.000,0.000,0.000,0.000,0.000,0.000,0.000,0.000,0.000,0.000,0.000,0.000,0.000,0.000,0.000,0.000,0.000,0.000,0.000,0.000,0.000,0.000,0.000,0.000,0.000,0.000,0.000,0.000,0.000,0.000,0.000,0.000,0.000,0.000,0.000,0.000,0.000,0.000,0.000,0.000,0.000,0.000,0.000,0.000,0.000,0.000,0.000,0.000,0.000,0.000,0.000,0.000,0.000,0.000,0.000,0.000,0.000,0.000,0.000,0.000,0.000,0.000,0.000,0.000,0.000,0.000,0.000,0.000,0.000,0.000,0.000,0.000,0.000,0.000,0.000,0.000,0.000,0.000,0.000,0.000,0.000,0.000,0.000,0.000,0.000,0.000,0.000,0.000,0.000,0.000,0.000,0.000,0.000,0.000,0.000
0.000,0.000,0.000,0.000,0.000,0.000,0.000,0.000,0.000,0.000,0.000,0.000,0.000,0.000,1195.617,2229.634,3142.657,3979.496,4769.207,5527.982,6263.100,6976.803,7669.089,8339.261,8986.569,9610.372,10210.110,10785.216,11335.039,11858.794,12355.542,12824.193,13263.532,13672.263,14049.057,14392.619,14701.742,14975.371,15212.663,15413.025,15576.159,15702.087,15791.165,15844.088,15861.880,15845.882,15797.719,15719.265,15612.605,15479.979,15323.735,15146.279,14950.022,14737.336,14510.518,14271.754,14023.098,13766.453,13503.561,13236.000,12965.182,12692.358,12418.626,12144.938,11872.114,11600.847,11331.718,11065.206,10801.698,10541.499,10284.841,10031.890,9782.756,9537.498,9296.130,9058.626,8824.927,8594.942,8368.551,8145.614,7925.963,7709.415,7495.764,7284.788,7076.250,6869.890,6665.439,6462.604,6261.079,6060.535,5860.624,5660.974,5461.188,5260.838,5059.466,4856.579,4651.644,4444.098,4233.348,4018.794,3799.868,3576.097,3347.204,3113.265,2874.898,2633.511,2391.498,2152.198,1919.198,1694.647,1477.493,1265.133,1055.037,845.411,635.257,424.211,212.345,0.000,0.000,0.000,0.000,0.000,0.000,0.000,0.000,0.000,0.000,0.000,0.000,0.000,0.000,0.000,0.000,0.000,0.000,0.000,0.000,0.000,0.000,0.000,0.000,0.000,0.000,0.000,0.000,0.000,0.000,0.000,0.000,0.000,0.000,0.000,0.000,0.000,0.000,0.000,0.000,0.000,0.000,0.000,0.000,0.000,0.000,0.000,0.000,0.000,0.000,0.000,0.000,0.000,0.000,0.000,0.000,0.000,0.000,0.000,0.000,0.000,0.000,0.000,0.000,0.000,0.000,0.000,0.000,0.000,0.000,0.000,0.000,0.000,0.000,0.000,0.000,0.000,0.000,0.000,0.000,0.000,0.000,0.000,0.000,0.000,0.000,0.000,0.000,0.000,0.000,0.000,0.000,0.000,0.000,0.000,0.000,0.000,0.000,0.000,0.000,0.000,0.000,0.000,0.000,0.000,0.000,0.000,0.000,0.000,0.000,0.000,0.000,0.000,0.000,0.000,0.000,0.000,0.000,0.000,0.000,0.000,0.000,0.000,0.000,0.000,0.000,0.000,0.000,0.000,0.000,0.000,0.000,0.000,0.000,0.000,0.000,0.000,0.000,0.000
0.000,0.000,0.000,0.000,0.000,0.000,0.000,0.000,0.000,0.000,0.000,0.000,0.000,0.000,1626.040,2789.072,3770.078,4660.893,5499.087,6302.468,7079.612,7834.246,8567.606,9279.748,9970.222,10638.354,11283.348,11904.279,12500.077,13069.508,13611.165,14123.488,14604.788,15053.305,15467.263,15844.942,16184.748,16485.290,16745.439,16964.388,17141.692,17277.298,17371.564,17425.256,17439.542,17415.965,17356.414,17263.073,17138.373,16984.929,16805.473,16602.798,16379.688,16138.873,15882.975,15614.473,15335.682,15048.727,14755.539,14457.851,14157.202,13854.943,13552.249,13250.131,12949.448,12650.920,12355.145,12062.609,11773.698,11488.711,11207.868,10931.323,10659.167,10391.439,10128.133,9869.203,9614.566,9364.107,9117.685,8875.133,8636.263,8400.866,8168.714,7939.561,7713.145,7489.186,7267.391,7047.445,6829.019,6611.765,6395.315,6179.278,5963.242,5746.769,5529.398,5310.637,5089.976,4866.883,4640.823,4411.278,4177.784,3939.989,3697.730,3451.136,3200.745,2947.610,2693.327,2439.879,2189.160,1942.210,1698.658,1457.237,1216.516,975.368,733.146,489.669,245.136,0.000,0.000,0.000,0.000,0.000,0.000,0.000,0.000,0.000,0.000,0.000,0.000,0.000,0.000,0.000,0.000,0.000,0.000,0.000,0.000,0.000,0.000,0.000,0.000,0.000,0.000,0.000,0.000,0.000,0.000,0.000,0.000,0.000,0.000,0.000,0.000,0.000,0.000,0.000,0.000,0.000,0.000,0.000,0.000,0.000,0.000,0.000,0.000,0.000,0.000,0.000,0.000,0.000,0.000,0.000,0.000,0.000,0.000,0.000,0.000,0.000,0.000,0.000,0.000,0.000,0.000,0.000,0.000,0.000,0.000,0.000,0.000,0.000,0.000,0.000,0.000,0.000,0.000,0.000,0.000,0.000,0.000,0.000,0.000,0.000,0.000,0.000,0.000,0.000,0.000,0.000,0.000,0.000,0.000,0.000,0.000,0.000,0.000,0.000,0.000,0.000,0.000,0.000,0.000,0.000,0.000,0.000,0.000,0.000,0.000,0.000,0.000,0.000,0.000,0.000,0.000,0.000,0.000,0.000,0.000,0.000,0.000,0.000,0.000,0.000,0.000,0.000,0.000,0.000,0.000,0.000,0.000,0.000,0.000,0.000,0.000,0.000,0.000,0.000
0.000,0.000,0.000,0.000,0.000,0.000,0.000,0.000,0.000,220.451,449.575,704.544,1025.919,1521.418,2519.475,3530.543,4487.697,5394.921,6263.788,7103.205,7918.648,8712.979,9487.357,10241.923,10976.235,11689.500,12380.674,13048.502,13691.513,14308.028,14896.161,15453.844,15978.870,16468.954,16921.799,17335.191,17707.079,18035.666,18319.487,18557.473,18749.006,18893.942,18992.636,19045.939,19055.181,19022.148,18949.033,18838.385,18693.043,18516.056,18310.610,18079.941,17827.264,17555.710,17268.264,16967.726,16656.687,16337.505,16012.300,15682.961,15351.143,15018.288,14685.636,14354.241,14024.990,13698.617,13375.723,13056.789,12742.189,12432.205,12127.037,11826.815,11531.607,11241.427,10956.241,10675.976,10400.523,10129.740,9863.459,9601.490,9343.615,9089.602,8839.198,8592.134,8348.123,8106.864,7868.038,7631.311,7396.333,7162.736,6930.133,6698.117,6466.264,6234.126,6001.235,5767.107,5531.238,5293.122,5052.257,4808.169,4560.445,4308.771,4052.997,3793.189,3529.699,3263.196,2994.636,2725.120,2455.615,2186.606,1917.899,1648.818,1378.565,1106.512,832.372,556.236,278.545,0.000,0.000,0.000,0.000,0.000,0.000,0.000,0.000,0.000,0.000,0.000,0.000,0.000,0.000,0.000,0.000,0.000,0.000,0.000,0.000,0.000,0.000,0.000,0.000,0.000,0.000,0.000,0.000,0.000,0.000,0.000,0.000,0.000,0.000,0.000,0.000,0.000,0.000,0.000,0.000,0.000,0.000,0.000,0.000,0.000,0.000,0.000,0.000,0.000,0.000,0.000,0.000,0.000,0.000,0.000,0.000,0.000,0.000,0.000,0.000,0.000,0.000,0.000,0.000,0.000,0.000,0.000,0.000,0.000,0.000,0.000,0.000,0.000,0.000,0.000,0.000,0.000,0.000,0.000,0.000,0.000,0.000,0.000,0.000,0.000,0.000,0.000,0.000,0.000,0.000,0.000,0.000,0.000,0.000,0.000,0.000,0.000,0.000,0.000,0.000,0.000,0.000,0.000,0.000,0.000,0.000,0.000,0.000,0.000,0.000,0.000,0.000,0.000,0.000,0.000,0.000,0.000,0.000,0.000,0.000,0.000,0.000,0.000,0.000,0.000,0.000,0.000,0.000,0.000,0.000,0.000,0.000,0.000,0.000,0.000,0.000,0.000,0.000,0.000
0.000,0.000,0.000,0.000,0.000,0.000,0.000,0.000,0.000,432.229,873.306,1342.683,1877.717,2540.282,3399.903,4325.935,5255.255,6167.315,7057.951,7927.929,8778.811,9611.683,10426.939,11224.373,12003.320,12762.759,13501.374,14217.569,14909.478,15574.966,16211.643,16816.897,17387.941,17921.888,18415.842,18867.002,19272.773,19630.876,19939.442,20197.094,20403.003,20556.921,20659.202,20710.793,20713.219,20668.545,20579.328,20448.546,20279.522,20075.822,19841.160,19579.294,19293.937,18988.672,18666.889,18331.741,17986.109,17632.593,17273.502,16910.868,16546.456,16181.780,15818.130,15456.586,15098.046,14743.242,14392.763,14047.070,13706.511,13371.342,13041.732,12717.778,12399.516,12086.927,11779.945,11478.465,11182.345,10891.416,10605.478,10324.311,10047.673,9775.303,9506.922,9242.237,8980.936,8722.696,8467.176,8214.020,7962.857,7713.302,7464.949,7217.377,6970.149,6722.806,6474.876,6225.870,5975.293,5722.643,5467.433,5209.202,4947.541,4682.124,4412.745,4139.350,3862.070,3581.218,3297.251,3010.671,2721.868,2430.963,2137.744,1841.771,1542.579,1239.876,933.686,624.413,312.829,0.000,0.000,0.000,0.000,0.000,0.000,0.000,0.000,0.000,0.000,0.000,0.000,0.000,0.000,0.000,0.000,0.000,0.000,0.000,0.000,0.000,0.000,0.000,0.000,0.000,0.000,0.000,0.000,0.000,0.000,0.000,0.000,0.000,0.000,0.000,0.000,0.000,0.000,0.000,0.000,0.000,0.000,0.000,0.000,0.000,0.000,0.000,0.000,0.000,0.000,0.000,0.000,0.000,0.000,0.000,0.000,0.000,0.000,0.000,0.000,0.000,0.000,0.000,0.000,0.000,0.000,0.000,0.000,0.000,0.000,0.000,0.000,0.000,0.000,0.000,0.000,0.000,0.000,0.000,0.000,0.000,0.000,0.000,0.000,0.000,0.000,0.000,0.000,0.000,0.000,0.000,0.000,0.000,0.000,0.000,0.000,0.000,0.000,0.000,0.000,0.000,0.000,0.000,0.000,0.000,0.000,0.000,0.000,0.000,0.000,0.000,0.000,0.000,0.000,0.000,0.000,0.000,0.000,0.000,0.000,0.000,0.000,0.000,0.000,0.000,0.000,0.000,0.000,0.000,0.000,0.000,0.000,0.000,0.000,0.000,0.000,0.000,0.000,0.000
0.000,0.000,0.000,0.000,0.000,0.000,0.000,0.000,0.000,635.160,1268.740,1915.167,2601.987,3362.094,4213.929,5118.044,6040.083,6961.145,7872.782,8771.765,9656.999,10528.019,11384.362,12225.332,13049.934,13856.869,14644.521,15410.953,16153.896,16870.749,17558.588,18214.202,18834.154,19414.865,19952.733,20444.260,20886.199,21275.692,21610.387,21888.541,22109.080,22271.638,22376.566,22424.931,22418.484,22359.624,22251.336,22097.113,21900.853,21666.739,21399.116,21102.357,20780.750,20438.397,20079.142,19706.516,19323.711,18933.565,18538.573,18140.897,17742.389,17344.621,16948.906,16556.333,16167.787,15783.980,15405.469,15032.681,14665.925,14305.415,13951.278,13603.570,13262.286,12927.365,12598.704,12276.160,11959.556,11648.686,11343.320,11043.207,10748.073,10457.631,10171.574,9889.582,9611.321,9336.443,9064.585,8795.371,8528.412,8263.300,7999.616,7736.924,7474.772,7212.691,6950.201,6686.808,6422.009,6155.303,5886.195,5614.214,5338.924,5059.952,4776.999,4489.865,4198.456,3902.771,3602.869,3298.805,2990.552,2677.929,2360.603,2038.167,1710.290,1376.873,1038.190,694.965,348.382,0.000,0.000,0.000,0.000,0.000,0.000,0.000,0.000,0.000,0.000,0.000,0.000,0.000,0.000,0.000,0.000,0.000,0.000,0.000,0.000,0.000,0.000,0.000,0.000,0.000,0.000,0.000,0.000,0.000,0.000,0.000,0.000,0.000,0.000,0.000,0.000,0.000,0.000,0.000,0.000,0.000,0.000,0.000,0.000,0.000,0.000,0.000,0.000,0.000,0.000,0.000,0.000,0.000,0.000,0.000,0.000,0.000,0.000,0.000,0.000,0.000,0.000,0.000,0.000,0.000,0.000,0.000,0.000,0.000,0.000,0.000,0.000,0.000,0.000,0.000,0.000,0.000,0.000,0.000,0.000,0.000,0.000,0.000,0.000,0.000,0.000,0.000,0.000,0.000,0.000,0.000,0.000,0.000,0.000,0.000,0.000,0.000,0.000,0.000,0.000,0.000,0.000,0.000,0.000,0.000,0.000,0.000,0.000,0.000,0.000,0.000,0.000,0.000,0.000,0.000,0.000,0.000,0.000,0.000,0.000,0.000,0.000,0.000,0.000,0.000,0.000,0.000,0.000,0.000,0.000,0.000,0.000,0.000,0.000,0.000,0.000,0.000,0.000,0.000
0.000,0.000,0.000,0.000,0.000,0.000,0.000,0.000,0.000,839.674,1651.330,2447.263,3252.975,4092.183,4975.682,5892.240,6825.897,7764.412,8700.282,9629.366,10549.416,11459.052,12357.180,13242.678,14114.240,14970.288,15808.917,16627.857,17424.439,18195.583,18937.796,19647.212,20319.654,20950.737,21536.020,22071.166,22552.139,22975.377,23337.953,23637.690,23873.233,24044.085,24150.606,24194.003,24176.295,24100.274,23969.436,23787.886,23560.219,23291.363,22986.421,22650.496,22288.552,21905.285,21505.043,21091.766,20668.963,20239.712,19806.674,19372.120,18937.965,18505.806,18076.957,17652.483,17233.238,16819.886,16412.935,16012.756,15619.606,15233.641,14854.936,14483.495,14119.260,13762.125,13411.941,13068.521,12731.648,12401.079,12076.548,11757.768,11444.437,11136.234,10832.827,10533.869,10239.001,9947.850,9660.033,9375.154,9092.801,8812.553,8533.973,8256.608,7979.995,7703.652,7427.088,7149.798,6871.270,6590.989,6308.442,6023.127,5734.568,5442.316,5145.968,4845.168,4539.604,4228.998,3913.076,3591.527,3263.968,2929.925,2588.860,2240.254,1883.748,1519.301,1147.355,768.949,385.758,0.000,0.000,0.000,0.000,0.000,0.000,0.000,0.000,0.000,0.000,0.000,0.000,0.000,0.000,0.000,0.000,0.000,0.000,0.000,0.000,0.000,0.000,0.000,0.000,0.000,0.000,0.000,0.000,0.000,0.000,0.000,0.000,0.000,0.000,0.000,0.000,0.000,0.000,0.000,0.000,0.000,0.000,0.000,0.000,0.000,0.000,0.000,0.000,0.000,0.000,0.000,0.000,0.000,0.000,0.000,0.000,0.000,0.000,0.000,0.000,0.000,0.000,0.000,0.000,0.000,0.000,0.000,0.000,0.000,0.000,0.000,0.000,0.000,0.000,0.000,0.000,0.000,0.000,0.000,0.000,0.000,0.000,0.000,0.000,0.000,0.000,0.000,0.000,0.000,0.000,0.000,0.000,0.000,0.000,0.000,0.000,0.000,0.000,0.000,0.000,0.000,0.000,0.000,0.000,0.000,0.000,0.000,0.000,0.000,0.000,0.000,0.000,0.000,0.000,0.000,0.000,0.000,0.000,0.000,0.000,0.000,0.000,0.000,0.000,0.000,0.000,0.000,0.000,0.000,0.000,0.000,0.000,0.000,0.000,0.000,0.000,0.000,0.000,0.000
0.000,0.000,0.000,0.000,0.000,0.000,0.000,0.000,0.000,1072.206,2049.644,2969.585,3870.473,4777.987,5704.385,6649.348,7606.864,8570.337,9534.579,10496.018,11452.264,12401.612,13342.648,14273.984,15194.086,16101.152,16993.032,17867.150,18720.455,19549.383,20349.842,21117.241,21846.558,22532.463,23169.499,23752.307,24275.879,24735.796,25128.437,25451.119,25702.173,25880.966,25987.884,26024.302,25992.555,25895.891,25738.409,25524.952,25260.963,24952.281,24604.930,24224.894,23817.932,23389.422,22944.271,22486.851,22020.993,21549.995,21076.657,20603.328,20131.948,19664.104,19201.072,18743.866,18293.272,17849.885,17414.139,16986.332,16566.646,16155.169,15751.908,15356.804,14969.741,14590.555,14219.047,13854.981,13498.095,13148.104,12804.703,12467.570,12136.368,11810.746,11490.343,11174.784,10863.685,10556.650,10253.274,9953.139,9655.818,9360.870,9067.841,8776.267,8485.667,8195.548,7905.406,7614.723,7322.971,7029.614,6734.113,6435.929,6134.526,5829.379,5519.970,5205.789,4886.324,4561.044,4229.379,3890.694,3544.268,3189.306,2824.979,2450.519,2065.377,1669.411,1263.112,847.800,425.728,0.000,0.000,0.000,0.000,0.000,0.000,0.000,0.000,0.000,0.000,0.000,0.000,0.000,0.000,0.000,0.000,0.000,0.000,0.000,0.000,0.000,0.000,0.000,0.000,0.000,0.000,0.000,0.000,0.000,0.000,0.000,0.000,0.000,0.000,0.000,0.000,0.000,0.000,0.000,0.000,0.000,0.000,0.000,0.000,0.000,0.000,0.000,0.000,0.000,0.000,0.000,0.000,0.000,0.000,0.000,0.000,0.000,0.000,0.000,0.000,0.000,0.000,0.000,0.000,0.000,0.000,0.000,0.000,0.000,0.000,0.000,0.000,0.000,0.000,0.000,0.000,0.000,0.000,0.000,0.000,0.000,0.000,0.000,0.000,0.000,0.000,0.000,0.000,0.000,0.000,0.000,0.000,0.000,0.000,0.000,0.000,0.000,0.000,0.000,0.000,0.000,0.000,0.000,0.000,0.000,0.000,0.000,0.000,0.000,0.000,0.000,0.000,0.000,0.000,0.000,0.000,0.000,0.000,0.000,0.000,0.000,0.000,0.000,0.000,0.000,0.000,0.000,0.000,0.000,0.000,0.000,0.000,0.000,0.000,0.000,0.000,0.000,0.000,0.000
0.000,0.000,0.000,0.000,0.000,0.000,0.000,0.000,0.000,1399.510,2505.460,3510.966,4481.349,5444.915,6414.532,7393.911,8381.888,9375.507,10371.695,11367.879,12362.029,13352.505,14337.838,15316.548,16286.991,17247.232,18194.938,19127.288,20040.884,20931.689,21794.989,22625.397,23416.922,24163.108,24857.260,25492.746,26063.341,26563.564,26988.959,27336.262,27603.471,27789.829,27895.777,27922.894,27873.871,27752.479,27563.521,27312.733,27006.596,26652.082,26256.354,25826.468,25369.126,24890.489,24396.073,23890.701,23378.508,22862.982,22347.019,21832.993,21322.822,20818.034,20319.827,19829.121,19346.602,18872.766,18407.947,17952.346,17506.055,17069.075,16641.335,16222.700,15812.986,15411.966,15019.382,14634.945,14258.344,13889.248,13527.311,13172.172,12823.459,12480.790,12143.771,11812.002,11485.072,11162.564,10844.048,10529.090,10217.241,9908.045,9601.033,9295.724,8991.625,8688.231,8385.021,8081.463,7777.010,7471.105,7163.174,6852.638,6538.901,6221.356,5899.373,5572.298,5239.433,4900.020,4553.217,4198.078,3833.544,3458.451,3071.583,2671.775,2258.087,1830.058,1388.031,933.501,469.385,0.000,0.000,0.000,0.000,0.000,0.000,0.000,0.000,0.000,0.000,0.000,0.000,0.000,0.000,0.000,0.000,0.000,0.000,0.000,0.000,0.000,0.000,0.000,0.000,0.000,0.000,0.000,0.000,0.000,0.000,0.000,0.000,0.000,0.000,0.000,0.000,0.000,0.000,0.000,0.000,0.000,0.000,0.000,0.000,0.000,0.000,0.000,0.000,0.000,0.000,0.000,0.000,0.000,0.000,0.000,0.000,0.000,0.000,0.000,0.000,0.000,0.000,0.000,0.000,0.000,0.000,0.000,0.000,0.000,0.000,0.000,0.000,0.000,0.000,0.000,0.000,0.000,0.000,0.000,0.000,0.000,0.000,0.000,0.000,0.000,0.000,0.000,0.000,0.000,0.000,0.000,0.000,0.000,0.000,0.000,0.000,0.000,0.000,0.000,0.000,0.000,0.000,0.000,0.000,0.000,0.000,0.000,0.000,0.000,0.000,0.000,0.000,0.000,0.000,0.000,0.000,0.000,0.000,0.000,0.000,0.000,0.000,0.000,0.000,0.000,0.000,0.000,0.000,0.000,0.000,0.000,0.000,0.000,0.000,0.000,0.000,0.000,0.000,0.000
0.000,0.000,0.000,0.000,0.000,0.000,0.000,449.247,1021.453,2020.377,3061.724,4087.476,5099.048,6105.802,7114.926,8129.888,9151.281,10178.121,11208.834,12241.789,13275.488,14308.561,15339.673,16367.404,17390.124,18405.872,19412.230,20406.212,21384.138,22341.538,23273.067,24172.479,25032.673,25845.838,26603.744,27298.137,27921.240,28466.235,28927.653,29301.587,29585.714,29779.209,29882.615,29897.754,29827.698,29676.787,29450.635,29156.048,28800.808,28393.317,27942.174,27455.757,26941.892,26407.634,25859.151,25301.712,24739.718,24176.789,23615.849,23059.230,22508.761,21965.853,21431.572,20906.698,20391.782,19887.183,19393.108,18909.641,18436.761,17974.371,17522.303,17080.339,16648.215,16225.637,15812.281,15407.798,15011.826,14623.985,14243.884,13871.122,13505.292,13145.976,12792.751,12445.189,12102.854,11765.304,11432.090,11102.757,10776.839,10453.863,10133.347,9814.794,9497.699,9181.542,8865.790,8549.894,8233.289,7915.391,7595.599,7273.289,6947.807,6618.469,6284.545,5945.248,5599.714,5246.977,4885.947,4515.378,4133.859,3739.809,3331.519,2907.251,2465.424,2004.932,1525.617,1028.891,518.347,0.000,0.000,0.000,0.000,0.000,0.000,0.000,0.000,0.000,0.000,0.000,0.000,0.000,0.000,0.000,0.000,0.000,0.000,0.000,0.000,0.000,0.000,0.000,0.000,0.000,0.000,0.000,0.000,0.000,0.000,0.000,0.000,0.000,0.000,0.000,0.000,0.000,0.000,0.000,0.000,0.000,0.000,0.000,0.000,0.000,0.000,0.000,0.000,0.000,0.000,0.000,0.000,0.000,0.000,0.000,0.000,0.000,0.000,0.000,0.000,0.000,0.000,0.000,0.000,0.000,0.000,0.000,0.000,0.000,0.000,0.000,0.000,0.000,0.000,0.000,0.000,0.000,0.000,0.000,0.000,0.000,0.000,0.000,0.000,0.000,0.000,0.000,0.000,0.000,0.000,0.000,0.000,0.000,0.000,0.000,0.000,0.000,0.000,0.000,0.000,0.000,0.000,0.000,0.000,0.000,0.000,0.000,0.000,0.000,0.000,0.000,0.000,0.000,0.000,0.000,0.000,0.000,0.000,0.000,0.000,0.000,0.000,0.000,0.000,0.000,0.000,0.000,0.000,0.000,0.000,0.000,0.000,0.000,0.000,0.000,0.000,0.000,0.000,0.000
0.000,0.000,0.000,0.000,0.000,0.000,0.000,775.537,1616.189,2598.824,3633.590,4678.171,5721.574,6764.329,7809.492,8859.445,9915.241,10976.877,12043.746,13114.972,14189.592,15266.598,16344.911,17423.294,18500.257,19573.929,20641.931,21701.223,22747.953,23777.293,24783.301,25758.825,26695.497,27583.879,28413.793,29174.880,29857.313,30452.552,30953.910,31356.804,31658.685,31858.783,31957.837,31957.936,31862.519,31676.491,31406.355,31060.205,30647.477,30178.431,29663.515,29112.761,28535.341,27939.312,27331.519,26717.631,26102.243,25489.007,24880.782,24279.763,23687.608,23105.538,22534.424,21974.856,21427.203,20891.655,20368.264,19856.968,19357.621,18870.005,18393.847,17928.833,17474.616,17030.820,16597.053,16172.906,15757.956,15351.774,14953.923,14563.960,14181.439,13805.909,13436.917,13074.005,12716.713,12364.576,12017.124,11673.883,11334.371,10998.100,10664.572,10333.280,10003.704,9675.313,9347.560,9019.881,8691.695,8362.395,8031.352,7697.902,7361.342,7020.919,6675.818,6325.136,5967.868,5602.868,5228.820,4844.197,4447.231,4035.885,3607.863,3160.661,2691.743,2198.881,1680.801,1138.214,575.151,0.000,0.000,0.000,0.000,0.000,0.000,0.000,0.000,0.000,0.000,0.000,0.000,0.000,0.000,0.000,0.000,0.000,0.000,0.000,0.000,0.000,0.000,0.000,0.000,0.000,0.000,0.000,0.000,0.000,0.000,0.000,0.000,0.000,0.000,0.000,0.000,0.000,0.000,0.000,0.000,0.000,0.000,0.000,0.000,0.000,0.000,0.000,0.000,0.000,0.000,0.000,0.000,0.000,0.000,0.000,0.000,0.000,0.000,0.000,0.000,0.000,0.000,0.000,0.000,0.000,0.000,0.000,0.000,0.000,0.000,0.000,0.000,0.000,0.000,0.000,0.000,0.000,0.000,0.000,0.000,0.000,0.000,0.000,0.000,0.000,0.000,0.000,0.000,0.000,0.000,0.000,0.000,0.000,0.000,0.000,0.000,0.000,0.000,0.000,0.000,0.000,0.000,0.000,0.000,0.000,0.000,0.000,0.000,0.000,0.000,0.000,0.000,0.000,0.000,0.000,0.000,0.000,0.000,0.000,0.000,0.000,0.000,0.000,0.000,0.000,0.000,0.000,0.000,0.000,0.000,0.000,0.000,0.000,0.000,0.000,0.000,0.000,0.000,0.000
0.000,0.000,0.000,0.000,0.000,0.000,0.000,1036.715,2068.945,3125.145,4195.646,5270.052,6344.756,7420.459,8499.280,9583.172,10673.374,11770.417,12874.317,13984.781,15101.328,16223.352,17350.101,18480.631,19613.706,20747.684,21880.369,23008.829,24129.192,25236.418,26324.059,27384.063,28406.657,29380.435,30292.723,31130.332,31880.644,32532.820,33078.706,33513.117,33833.532,34039.503,34132.127,34113.761,33988.093,33760.460,33438.259,33031.130,32550.673,32009.646,31420.945,30796.704,30147.698,29483.074,28810.326,28135.421,27463.008,26796.634,26138.951,25491.899,24856.862,24234.783,23626.269,23031.662,22451.104,21884.580,21331.954,20793.001,20267.424,19754.875,19254.962,18767.266,18291.346,17826.745,17372.995,16929.619,16496.137,16072.066,15656.921,15250.216,14851.467,14460.188,14075.895,13698.103,13326.326,12960.077,12598.867,12242.203,11889.589,11540.521,11194.489,10850.974,10509.445,10169.360,9830.162,9491.276,9152.102,8812.020,8470.373,8126.469,7779.564,7428.853,7073.449,6712.365,6344.479,5968.500,5582.923,5185.975,4775.555,4349.165,3903.858,3436.205,2942.361,2418.334,1860.704,1268.144,644.090,0.000,75.506,137.952,180.964,203.617,207.351,193.922,164.664,120.753,64.308,0.000,0.000,0.000,0.000,0.000,0.000,0.000,0.000,0.000,0.000,0.000,0.000,0.000,0.000,0.000,0.000,0.000,0.000,0.000,0.000,0.000,0.000,0.000,0.000,0.000,0.000,0.000,0.000,0.000,0.000,0.000,0.000,0.000,0.000,0.000,0.000,0.000,0.000,0.000,0.000,0.000,0.000,0.000,0.000,0.000,0.000,0.000,0.000,0.000,0.000,0.000,0.000,0.000,0.000,0.000,0.000,0.000,0.000,0.000,0.000,0.000,0.000,0.000,0.000,0.000,0.000,0.000,0.000,0.000,0.000,0.000,0.000,0.000,0.000,0.000,0.000,0.000,0.000,0.000,0.000,0.000,0.000,0.000,0.000,0.000,0.000,0.000,0.000,0.000,0.000,0.000,0.000,0.000,0.000,0.000,0.000,0.000,0.000,0.000,0.000,0.000,0.000,0.000,0.000,0.000,0.000,0.000,0.000,0.000,0.000,0.000,0.000,0.000,0.000,0.000,0.000,0.000,0.000,0.000,0.000,0.000,0.000,0.000,0.000,0.000,0.000,0.000,0.000,0.000
0.000,0.000,0.000,0.000,0.000,0.000,0.000,1302.379,2497.735,3637.169,4753.803,5861.643,6966.950,8073.481,9184.008,10300.602,11424.682,12557.115,13698.344,14848.524,16007.610,17175.400,18351.535,19535.446,20726.277,21922.762,23123.063,24324.563,25523.603,26715.162,27892.493,29046.750,30166.679,31238.529,32246.383,33173.135,34002.172,34719.443,35315.048,35783.508,36122.910,36333.672,36417.515,36377.012,36215.768,35939.152,35555.263,35075.575,34514.652,33888.768,33214.172,32505.692,31775.978,31035.293,30291.644,29551.101,28818.144,28096.004,27386.947,26692.508,26013.670,25351.002,24704.769,24075.008,23461.584,22864.241,22282.632,21716.340,21164.906,20627.835,20104.607,19594.692,19097.547,18612.628,18139.388,17677.282,17225.769,16784.309,16352.369,15929.421,15514.941,15108.410,14709.311,14317.133,13931.367,13551.502,13177.033,12807.448,12442.237,12080.883,11722.866,11367.656,11014.714,10663.489,10313.416,9963.909,9614.362,9264.138,8912.568,8558.936,8202.473,7842.337,7477.597,7107.204,6729.960,6344.474,5949.106,5541.896,5120.473,4681.938,4222.721,3738.402,3223.556,2671.713,2075.775,1429.719,733.118,0.000,164.104,295.385,382.347,426.221,431.930,403.733,344.031,254.072,136.494,0.000,0.000,0.000,0.000,0.000,0.000,0.000,0.000,0.000,0.000,0.000,0.000,0.000,0.000,0.000,0.000,0.000,0.000,0.000,0.000,0.000,0.000,0.000,0.000,0.000,0.000,0.000,0.000,0.000,0.000,0.000,0.000,0.000,0.000,0.000,0.000,0.000,0.000,0.000,0.000,0.000,0.000,0.000,0.000,0.000,0.000,0.000,0.000,0.000,0.000,0.000,0.000,0.000,0.000,0.000,0.000,0.000,0.000,0.000,0.000,0.000,0.000,0.000,0.000,0.000,0.000,0.000,0.000,0.000,0.000,0.000,0.000,0.000,0.000,0.000,0.000,0.000,0.000,0.000,0.000,0.000,0.000,0.000,0.000,0.000,0.000,0.000,0.000,0.000,0.000,0.000,0.000,0.000,0.000,0.000,0.000,0.000,0.000,0.000,0.000,0.000,0.000,0.000,0.000,0.000,0.000,0.000,0.000,0.000,0.000,0.000,0.000,0.000,0.000,0.000,0.000,0.000,0.000,0.000,0.000,0.000,0.000,0.000,0.000,0.000,0.000,0.000,0.000,0.000
0.000,0.000,0.000,0.000,0.000,0.000,0.000,1675.066,2982.453,4172.000,5320.762,6455.775,7587.930,8722.516,9862.682,11010.559,12167.654,13335.033,14513.438,15703.380,16905.206,18119.127,19345.216,20583.366,21833.221,23094.050,24364.586,25642.788,26925.527,28208.167,29484.038,30743.803,31974.819,33160.662,34281.194,35313.705,36235.522,37027.793,37678.605,38183.031,38541.014,38754.852,38827.357,38761.124,38558.947,38225.267,37768.236,37201.445,36543.801,35816.840,35041.543,34236.198,33415.544,32590.814,31770.226,30959.589,30162.885,29382.741,28620.805,27878.023,27154.839,26451.346,25767.386,25102.628,24456.622,23828.835,23218.680,22625.537,22048.764,21487.711,20941.724,20410.151,19892.348,19387.678,18895.513,18415.238,17946.248,17487.949,17039.759,16601.106,16171.428,15750.172,15336.791,14930.748,14531.509,14138.545,13751.331,13369.342,12992.053,12618.938,12249.466,11883.098,11519.291,11157.488,10797.117,10437.590,10078.295,9718.588,9357.795,8995.189,8629.989,8261.340,7888.287,7509.758,7124.519,6731.133,6327.897,5912.754,5483.182,5036.026,4567.260,4071.639,3542.195,2969.550,2341.243,1642.016,858.726,0.000,285.584,497.226,626.927,687.104,690.529,645.157,553.740,415.071,227.622,0.000,0.000,0.000,0.000,0.000,0.000,0.000,0.000,0.000,0.000,0.000,0.000,0.000,0.000,0.000,0.000,0.000,0.000,0.000,0.000,0.000,0.000,0.000,0.000,0.000,0.000,0.000,0.000,0.000,0.000,0.000,0.000,0.000,0.000,0.000,0.000,0.000,0.000,0.000,0.000,0.000,0.000,0.000,0.000,0.000,0.000,0.000,0.000,0.000,0.000,0.000,0.000,0.000,0.000,0.000,0.000,0.000,0.000,0.000,0.000,0.000,0.000,0.000,0.000,0.000,0.000,0.000,0.000,0.000,0.000,0.000,0.000,0.000,0.000,0.000,0.000,0.000,0.000,0.000,0.000,0.000,0.000,0.000,0.000,0.000,0.000,0.000,0.000,0.000,0.000,0.000,0.000,0.000,0.000,0.000,0.000,0.000,0.000,0.000,0.000,0.000,0.000,0.000,0.000,0.000,0.000,0.000,0.000,0.000,0.000,0.000,0.000,0.000,0.000,0.000,0.000,0.000,0.000,0.000,0.000,0.000,0.000,0.000,0.000,0.000,0.000,0.000,0.000,0.000
0.000,0.000,0.000,0.000,338.525,734.316,1308.827,2415.438,3585.017,4747.621,5901.477,7052.777,8206.487,9365.985,10533.660,11711.311,12900.357,14101.942,15317.012,16546.373,17790.729,19050.709,20326.857,21619.607,22929.216,24255.660,25598.472,26956.506,28327.581,29707.976,31091.723,32469.644,33828.174,35148.145,36404.072,37565.016,38598.469,39477.660,40188.612,40729.064,41103.342,41317.452,41376.034,41281.291,41033.758,40634.876,40091.133,39418.355,38642.479,37793.483,36899.226,35982.306,35059.503,34142.542,33239.233,32354.553,31491.502,30651.735,29836.004,29044.463,28276.872,27532.739,26811.410,26112.136,25434.107,24776.488,24138.436,23519.107,22917.672,22333.316,21765.243,21212.682,20674.879,20151.105,19640.651,19142.831,18656.976,18182.439,17718.587,17264.808,16820.499,16385.077,15957.965,15538.600,15126.427,14720.898,14321.472,13927.609,13538.774,13154.431,12774.040,12397.061,12022.943,11651.129,11281.045,10912.103,10543.690,10175.168,9805.861,9435.048,9061.951,8685.718,8305.404,7919.944,7528.117,7128.504,6719.418,6298.826,5864.217,5412.414,4939.289,4439.274,3904.534,3323.472,2677.958,1938.591,1059.854,0.000,481.105,781.150,941.198,1004.915,998.098,932.782,810.832,624.944,358.961,0.000,0.000,0.000,0.000,0.000,0.000,0.000,0.000,0.000,0.000,0.000,0.000,0.000,0.000,0.000,0.000,0.000,0.000,0.000,0.000,0.000,0.000,0.000,0.000,0.000,0.000,0.000,0.000,0.000,0.000,0.000,0.000,0.000,0.000,0.000,0.000,0.000,0.000,0.000,0.000,0.000,0.000,0.000,0.000,0.000,0.000,0.000,0.000,0.000,0.000,0.000,0.000,0.000,0.000,0.000,0.000,0.000,0.000,0.000,0.000,0.000,0.000,0.000,0.000,0.000,0.000,0.000,0.000,0.000,0.000,0.000,0.000,0.000,0.000,0.000,0.000,0.000,0.000,0.000,0.000,0.000,0.000,0.000,0.000,0.000,0.000,0.000,0.000,0.000,0.000,0.000,0.000,0.000,0.000,0.000,0.000,0.000,0.000,0.000,0.000,0.000,0.000,0.000,0.000,0.000,0.000,0.000,0.000,0.000,0.000,0.000,0.000,0.000,0.000,0.000,0.000,0.000,0.000,0.000,0.000,0.000,0.000,0.000,0.000,0.000,0.000,0.000,0.000,0.000
0.000,0.000,0.000,0.000,619.784,1289.916,2085.556,3092.845,4194.562,5331.995,6484.759,7647.377,8819.267,10001.291,11194.674,12400.685,13620.538,14855.384,16106.315,17374.389,18660.650,19966.144,21291.920,22639.014,24008.402,25400.927,26817.165,28257.213,29720.343,31204.465,32705.266,34214.909,35720.123,37199.710,38621.971,39943.864,41115.724,42095.816,42869.173,43441.336,43825.907,44035.660,44078.127,43954.351,43660.037,43189.481,42543.226,41738.544,40814.483,39815.621,38779.836,37734.589,36697.946,35680.973,34689.998,33728.306,32797.286,31897.176,31027.527,30187.496,29376.021,28591.931,27834.016,27101.060,26391.873,25705.296,25040.215,24395.559,23770.301,23163.462,22574.104,22001.329,21444.279,20902.132,20374.099,19859.421,19357.370,18867.243,18388.363,17920.072,17461.736,17012.736,16572.470,16140.350,15715.802,15298.259,14887.166,14481.972,14082.132,13687.102,13296.338,12909.297,12525.426,12144.169,11764.956,11387.203,11010.304,10633.631,10256.518,9878.261,9498.100,9115.210,8728.677,8337.481,7940.459,7536.269,7123.335,6699.765,6263.248,5810.882,5338.909,4842.271,4313.767,3742.333,3108.919,2374.807,1442.217,0.000,857.844,1205.284,1352.041,1393.505,1364.409,1277.264,1132.054,915.052,583.344,0.000,0.000,0.000,0.000,0.000,0.000,0.000,0.000,0.000,0.000,0.000,0.000,0.000,0.000,0.000,0.000,0.000,0.000,0.000,0.000,0.000,0.000,0.000,0.000,0.000,0.000,0.000,0.000,0.000,0.000,0.000,0.000,0.000,0.000,0.000,0.000,0.000,0.000,0.000,0.000,0.000,0.000,0.000,0.000,0.000,0.000,0.000,0.000,0.000,0.000,0.000,0.000,0.000,0.000,0.000,0.000,0.000,0.000,0.000,0.000,0.000,0.000,0.000,0.000,0.000,0.000,0.000,0.000,0.000,0.000,0.000,0.000,0.000,0.000,0.000,0.000,0.000,0.000,0.000,0.000,0.000,0.000,0.000,0.000,0.000,0.000,0.000,0.000,0.000,0.000,0.000,0.000,0.000,0.000,0.000,0.000,0.000,0.000,0.000,0.000,0.000,0.000,0.000,0.000,0.000,0.000,0.000,0.000,0.000,0.000,0.000,0.000,0.000,0.000,0.000,0.000,0.000,0.000,0.000,0.000,0.000,0.000,0.000,0.000,0.000,0.000,0.000,0.000,0.000
0.000,0.000,0.000,0.000,850.697,1720.010,2650.639,3675.830,4768.397,5901.046,7058.197,8232.716,9421.925,10625.249,11843.076,13076.230,14325.744,15592.760,16878.495,18184.238,19511.358,20861.319,22235.691,23636.151,25064.476,26522.508,28012.076,29534.864,31092.144,32684.304,34310.000,35964.634,37637.731,39308.634,40940.275,42472.780,43824.789,44920.751,45750.978,46341.253,46723.351,46921.222,46946.542,46798.040,46462.664,45919.912,45153.893,44178.286,43061.490,41874.917,40670.171,39478.567,38317.050,37193.770,36111.878,35071.816,34072.623,33112.651,32189.962,31302.535,30448.378,29625.576,28832.318,28066.904,27327.746,26613.357,25922.347,25253.416,24605.344,23976.987,23367.265,22775.161,22199.712,21640.004,21095.171,20564.387,20046.863,19541.845,19048.610,18566.462,18094.732,17632.771,17179.952,16735.666,16299.319,15870.329,15448.129,15032.157,14621.860,14216.691,13816.103,13419.549,13026.483,12636.351,12248.590,11862.624,11477.862,11093.690,10709.465,10324.507,9938.093,9549.437,9157.686,8761.890,8360.987,7953.769,7538.840,7114.567,6679.002,6229.780,5763.970,5277.849,4766.577,4223.744,3641.057,3009.865,2334.407,1709.642,1745.271,1830.415,1868.507,1852.989,1789.090,1680.114,1525.334,1320.077,1059.484,764.707,636.993,567.873,522.755,488.999,461.235,436.791,414.070,391.901,369.197,344.699,316.711,282.734,239.008,180.218,100.586,0.000,0.000,0.000,0.000,0.000,0.000,0.000,0.000,0.000,0.000,0.000,0.000,0.000,0.000,0.000,0.000,0.000,0.000,0.000,0.000,0.000,0.000,0.000,0.000,0.000,0.000,0.000,0.000,0.000,0.000,0.000,0.000,0.000,0.000,0.000,0.000,0.000,0.000,0.000,0.000,0.000,0.000,0.000,0.000,0.000,0.000,0.000,0.000,0.000,0.000,0.000,0.000,0.000,0.000,0.000,0.000,0.000,0.000,0.000,0.000,0.000,0.000,0.000,0.000,0.000,0.000,0.000,0.000,0.000,0.000,0.000,0.000,0.000,0.000,0.000,0.000,0.000,0.000,0.000,0.000,0.000,0.000,0.000,0.000,0.000,0.000,0.000,0.000,0.000,0.000,0.000,0.000,0.000,0.000,0.000,0.000,0.000,0.000,0.000,0.000,0.000,0.000,0.000,0.000,0.000,0.000,0.000,0.000,0.000,0.000,0.000,0.000,0.000
0.000,0.000,0.000,0.000,1062.996,2088.793,3121.163,4191.446,5302.157,6445.604,7614.277,8803.378,10010.480,11234.720,12476.167,13735.434,15013.466,16311.435,17630.687,18972.731,20339.247,21732.107,23153.396,24605.447,26090.870,27612.577,29173.794,30778.050,32429.090,34130.637,35885.824,37695.924,39557.563,41456.851,43357.747,45182.223,46789.933,48011.457,48872.773,49449.393,49805.071,49979.391,49988.846,49828.682,49472.759,48873.720,47974.283,46759.379,45378.470,43952.613,42547.626,41192.755,39898.250,38665.548,37492.332,36374.900,35309.215,34291.354,33317.679,32384.886,31489.995,30630.323,29803.455,29007.207,28239.595,27498.813,26783.205,26091.248,25421.537,24772.769,24143.729,23533.284,22940.373,22363.997,21803.215,21257.135,20724.914,20205.749,19698.875,19203.558,18719.099,18244.821,17780.074,17324.229,16876.675,16436.819,16004.081,15577.892,15157.694,14742.936,14333.073,13927.558,13525.851,13127.404,12731.665,12338.074,11946.055,11555.018,11164.349,10773.403,10381.501,9987.919,9591.874,9192.518,8788.916,8380.035,7964.714,7541.648,7109.359,6666.168,6210.191,5739.375,5251.681,4745.679,4222.289,3689.698,3176.331,2759.302,2583.603,2503.030,2439.017,2361.283,2259.265,2129.164,1969.455,1780.755,1570.079,1362.585,1215.610,1111.947,1034.344,972.190,919.333,872.031,827.756,784.501,740.342,693.034,639.548,575.340,493.182,381.350,222.163,0.000,0.000,0.000,0.000,0.000,0.000,0.000,0.000,0.000,0.000,0.000,0.000,0.000,0.000,0.000,0.000,0.000,0.000,0.000,0.000,0.000,0.000,0.000,0.000,0.000,0.000,0.000,0.000,0.000,0.000,0.000,0.000,0.000,0.000,0.000,0.000,0.000,0.000,0.000,0.000,0.000,0.000,0.000,0.000,0.000,0.000,0.000,0.000,0.000,0.000,0.000,0.000,0.000,0.000,0.000,0.000,0.000,0.000,0.000,0.000,0.000,0.000,0.000,0.000,0.000,0.000,0.000,0.000,0.000,0.000,0.000,0.000,0.000,0.000,0.000,0.000,0.000,0.000,0.000,0.000,0.000,0.000,0.000,0.000,0.000,0.000,0.000,0.000,0.000,0.000,0.000,0.000,0.000,0.000,0.000,0.000,0.000,0.000,0.000,0.000,0.000,0.000,0.000,0.000,0.000,0.000,0.000,0.000,0.000,0.000,0.000,0.000,0.000
0.000,0.000,0.000,0.000,1312.498,2451.004,3553.779,4666.641,5803.189,6964.944,8149.942,9356.049,10581.910,11826.999,13091.453,14375.887,15681.270,17008.848,18360.108,19736.773,21140.816,22574.487,24040.362,25541.397,27081.007,28663.160,30292.497,31974.479,33715.557,35523.354,37406.762,39375.702,41439.771,43603.486,45851.663,48108.458,50141.289,51462.398,52279.293,52778.508,53068.185,53202.468,53200.817,53055.143,52726.044,52128.019,51110.256,49506.627,47740.583,46009.662,44375.228,42846.875,41417.987,40078.215,38817.417,37626.689,36498.472,35426.396,34405.078,33429.934,32497.025,31602.935,30744.676,29919.609,29125.384,28359.897,27621.244,26907.699,26217.683,25549.746,24902.550,24274.855,23665.508,23073.430,22497.613,21937.106,21391.014,20858.489,20338.728,19830.964,19334.469,18848.542,18372.512,17905.733,17447.581,16997.450,16554.752,16118.914,15689.374,15265.580,14846.988,14433.060,14023.258,13617.048,13213.890,12813.242,12414.553,12017.257,11620.775,11224.508,10827.830,10430.083,10030.576,9628.570,9223.280,8813.865,8399.426,7979.013,7551.638,7116.321,6672.185,6218.662,5755.924,5285.771,4813.433,4350.953,3922.511,3568.202,3327.365,3159.635,3023.794,2894.395,2758.042,2608.317,2443.034,2263.846,2077.889,1900.314,1751.266,1630.292,1530.801,1446.395,1372.174,1304.536,1240.700,1178.278,1114.893,1047.795,973.334,886.103,777.205,629.969,406.777,0.000,0.000,0.000,0.000,0.000,0.000,0.000,0.000,0.000,0.000,0.000,0.000,0.000,0.000,0.000,0.000,0.000,0.000,0.000,0.000,0.000,0.000,0.000,0.000,0.000,0.000,0.000,0.000,0.000,0.000,0.000,0.000,0.000,0.000,0.000,0.000,0.000,0.000,0.000,0.000,0.000,0.000,0.000,0.000,0.000,0.000,0.000,0.000,0.000,0.000,0.000,0.000,0.000,0.000,0.000,0.000,0.000,0.000,0.000,0.000,0.000,0.000,0.000,0.000,0.000,0.000,0.000,0.000,0.000,0.000,0.000,0.000,0.000,0.000,0.000,0.000,0.000,0.000,0.000,0.000,0.000,0.000,0.000,0.000,0.000,0.000,0.000,0.000,0.000,0.000,0.000,0.000,0.000,0.000,0.000,0.000,0.000,0.000,0.000,0.000,0.000,0.000,0.000,0.000,0.000,0.000,0.000,0.000,0.000,0.000,0.000,0.000,0.000
0.000,0.000,0.000,684.664,1735.994,2848.952,3976.314,5118.158,6279.023,7461.053,8664.507,9888.981,11134.125,12399.930,13686.777,14995.411,16326.898,17682.597,19064.143,20473.460,21912.779,23384.689,24892.192,26438.795,28028.624,29666.585,31358.582,33111.835,34935.329,36840.486,38842.192,40960.374,43222.355,45665.679,48336.981,51258.675,54204.383,55417.571,56003.510,56317.181,56486.716,56561.505,56556.845,56465.069,56248.303,55802.120,54832.186,52416.420,50067.746,47970.442,46097.005,44401.831,42848.949,41412.291,40072.854,38816.428,37632.088,36511.221,35446.882,34433.363,33465.889,32540.407,31653.431,30801.929,29983.233,29194.975,28435.039,27701.517,26992.676,26306.939,25642.857,24999.094,24374.416,23767.674,23177.798,22603.784,22044.692,21499.635,20967.773,20448.314,19940.501,19443.614,18956.965,18479.892,18011.760,17551.955,17099.883,16654.967,16216.645,15784.367,15357.591,14935.788,14518.430,14104.995,13694.961,13287.805,12883.002,12480.019,12078.317,11677.342,11276.529,10875.297,10473.045,10069.155,9662.994,9253.916,8841.281,8424.475,8002.960,7576.355,7144.587,6708.140,6268.506,5828.925,5395.543,4978.946,4595.295,4264.333,3998.707,3785.024,3602.786,3435.105,3270.819,3103.633,2931.098,2754.257,2577.842,2410.014,2259.324,2127.610,2012.619,1910.843,1818.849,1733.643,1652.625,1573.396,1493.525,1410.268,1320.218,1218.834,1099.831,954.755,775.099,570.897,483.234,436.634,407.024,385.642,368.823,354.828,342.730,331.993,322.279,313.365,305.097,297.363,290.079,283.182,276.621,270.356,264.356,258.592,253.042,247.688,242.513,237.502,232.643,227.926,223.341,218.879,214.533,210.295,206.160,202.122,198.175,194.315,190.537,186.838,183.214,179.660,176.175,172.755,169.396,166.098,162.856,159.668,156.534,153.449,150.414,147.424,144.480,141.579,138.718,135.898,133.116,130.371,127.662,124.988,122.346,119.736,117.157,114.607,112.086,109.593,107.126,104.685,102.269,99.875,97.505,95.157,92.829,90.522,88.235,85.967,83.716,81.483,79.266,77.065,74.879,72.708,70.551,68.407,66.276,64.158,62.050,59.954,57.868,55.793,53.726,51.669,49.620,47.580,45.547,43.521,41.502,39.489,37.482,35.480,33.484,31.493,29.506,27.523,25.543,23.567,21.594,19.624,17.656,15.690,13.725,11.763,9.801,7.841,5.880,3.920,1.960,0.000
0.000,0.000,0.000,1002.662,2097.867,3232.501,4384.372,5550.662,6733.702,7935.749,9158.066,10401.254,11665.695,12951.835,14260.331,15592.099,16948.335,18330.519,19740.431,21180.166,22652.176,24159.320,25704.946,27292.991,28928.135,30615.997,32363.436,34178.976,36073.461,38061.091,40161.169,42401.267,44823.617,47499.910,50571.920,54384.889,60000.000,60000.000,60000.000,60000.000,60000.000,60000.000,60000.000,60000.000,60000.000,60000.000,60000.000,55259.232,52143.700,49707.566,47640.775,45814.797,44164.033,42649.535,41245.713,39934.554,38702.746,37540.072,36438.462,35391.382,34393.434,33440.083,32527.462,31652.229,30811.463,30002.589,29223.312,28471.577,27745.524,27043.467,26363.864,25705.299,25066.468,24446.160,23843.254,23256.702,22685.522,22128.794,21585.650,21055.271,20536.882,20029.744,19533.154,19046.439,18568.956,18100.086,17639.229,17185.809,16739.264,16299.049,15864.629,15435.481,15011.093,14590.955,14174.566,13761.426,13351.037,12942.903,12536.523,12131.396,11727.019,11322.885,10918.489,10513.330,10106.919,9698.796,9288.550,8875.859,8460.552,8042.701,7622.775,7201.872,6782.062,6366.862,5961.807,5574.890,5216.253,4895.960,4618.918,4379.759,4167.996,3973.176,3787.232,3605.013,3424.160,3244.911,3069.851,2903.196,2749.006,2608.787,2481.785,2366.057,2259.269,2159.084,2063.266,1969.646,1876.015,1779.988,1678.869,1569.587,1448.898,1314.447,1168.241,1025.498,925.632,856.488,806.025,766.917,735.017,707.946,684.286,663.144,643.936,626.262,609.835,594.448,579.943,566.196,553.113,540.614,528.638,517.132,506.050,495.356,485.017,475.007,465.299,455.873,446.709,437.792,429.104,420.634,412.367,404.294,396.404,388.687,381.134,373.738,366.491,359.385,352.416,345.576,338.861,332.264,325.781,319.407,313.138,306.970,300.899,294.920,289.031,283.228,277.508,271.867,266.303,260.813,255.395,250.045,244.761,239.540,234.382,229.282,224.239,219.252,214.318,209.434,204.600,199.813,195.072,190.374,185.719,181.104,176.528,171.990,167.487,163.020,158.585,154.182,149.810,145.466,141.151,136.862,132.599,128.360,124.144,119.950,115.778,111.625,107.491,103.376,99.277,95.194,91.127,87.074,83.034,79.007,74.992,70.988,66.994,63.010,59.034,55.066,51.106,47.152,43.205,39.262,35.325,31.391,27.461,23.535,19.610,15.687,11.765,7.844,3.922,0.000
0.000,0.000,0.000,1228.118,2420.315,3598.820,4778.017,5966.425,7169.385,8390.187,9630.768,10892.291,12175.581,13481.403,14810.632,16164.339,17543.842,18950.736,20386.917,21854.621,23356.461,24895.494,26475.304,28100.115,29774.951,31505.856,33300.212,35167.195,37118.471,39169.272,41340.147,43659.926,46170.953,48938.437,52065.911,55708.963,60000.000,60000.000,60000.000,60000.000,60000.000,60000.000,60000.000,60000.000,60000.000,60000.000,60000.000,56476.908,53540.410,51075.551,48943.989,47052.850,45343.198,43776.498,42326.346,40973.814,39704.795,38508.430,37376.123,36300.919,35277.073,34299.762,33364.877,32468.870,31608.650,30781.488,29984.964,29216.907,28475.365,27758.563,27064.887,26392.857,25741.110,25108.390,24493.531,23895.447,23313.126,22745.620,22192.037,21651.539,21123.332,20606.666,20100.826,19605.132,19118.934,18641.610,18172.560,17711.209,17256.999,16809.389,16367.854,15931.883,15500.975,15074.640,14652.396,14233.768,13818.289,13405.496,12994.932,12586.148,12178.701,11772.158,11366.104,10960.145,10553.926,10147.145,9739.585,9331.155,8921.952,8512.352,8103.138,7695.675,7292.133,6895.740,6510.982,6143.570,5799.849,5485.291,5202.176,4948.006,4717.152,4503.240,4300.771,4105.857,3916.426,3732.158,3554.216,3384.652,3225.435,3077.447,2940.361,2812.998,2693.739,2580.792,2472.327,2366.509,2261.486,2155.364,2046.222,1932.258,1812.210,1686.342,1558.334,1437.607,1337.670,1258.008,1194.009,1141.311,1096.698,1057.968,1023.630,992.665,964.360,938.205,913.826,890.940,869.331,848.828,829.297,810.625,792.723,775.515,758.936,742.932,727.456,712.466,697.928,683.809,670.082,656.721,643.704,631.010,618.621,606.521,594.694,583.125,571.803,560.714,549.848,539.195,528.745,518.489,508.419,498.526,488.804,479.246,469.844,460.593,451.487,442.520,433.687,424.982,416.402,407.941,399.595,391.360,383.231,375.206,367.279,359.448,351.709,344.058,336.494,329.011,321.608,314.282,307.029,299.847,292.733,285.685,278.700,271.776,264.911,258.101,251.346,244.642,237.988,231.381,224.820,218.303,211.828,205.392,198.995,192.634,186.308,180.015,173.753,167.522,161.318,155.142,148.991,142.865,136.761,130.679,124.616,118.573,112.547,106.538,100.544,94.564,88.598,82.643,76.700,70.766,64.842,58.925,53.016,47.113,41.215,35.321,29.431,23.543,17.657,11.772,5.887,0.000
0.000,0.000,0.000,1489.500,2756.459,3964.452,5162.462,6367.643,7587.238,8824.858,10082.540,11361.577,12662.951,13987.582,15336.473,16710.803,18111.981,19541.687,21001.905,22494.963,24023.577,25590.916,27200.687,28857.239,30565.723,32332.290,34164.385,36071.144,38063.977,40157.398,42370.239,44727.357,47261.845,50016.987,53044.332,56385.055,60000.000,60000.000,60000.000,60000.000,60000.000,60000.000,60000.000,60000.000,60000.000,60000.000,60000.000,57108.081,54465.631,52110.444,50007.033,48109.723,46379.766,44787.315,43309.808,41930.054,40634.732,39413.312,38257.310,37159.769,36114.891,35117.769,34164.206,33250.560,32373.649,31530.661,30719.094,29936.709,29181.484,28451.587,27745.352,27061.250,26397.878,25753.942,25128.243,24519.670,23927.184,23349.817,22786.659,22236.857,21699.608,21174.148,20659.759,20155.754,19661.482,19176.318,18699.667,18230.955,17769.631,17315.162,16867.033,16424.745,15987.813,15555.766,15128.142,14704.495,14284.385,13867.386,13453.083,13041.077,12630.982,12222.435,11815.101,11408.683,11002.939,10597.696,10192.891,9788.598,9385.096,8982.935,8583.038,8186.812,7796.278,7414.173,7043.968,6689.682,6355.379,6044.248,5757.533,5493.962,5250.370,5022.845,4807.718,4602.161,4404.450,4213.981,4031.081,3856.620,3691.473,3536.026,3390.014,3252.619,3122.663,2998.768,2879.473,2763.293,2648.753,2534.432,2419.048,2301.642,2181.940,2060.948,1941.685,1829.441,1729.928,1644.342,1571.157,1508.073,1452.943,1404.035,1360.031,1319.948,1283.050,1248.784,1216.729,1186.557,1158.010,1130.884,1105.010,1080.252,1056.495,1033.645,1011.620,990.349,969.772,949.836,930.495,911.708,893.438,875.653,858.322,841.420,824.922,808.806,793.052,777.642,762.557,747.783,733.306,719.110,705.185,691.517,678.096,664.912,651.953,639.213,626.680,614.349,602.209,590.255,578.479,566.875,555.435,544.154,533.027,522.046,511.208,500.506,489.937,479.494,469.174,458.972,448.884,438.906,429.033,419.262,409.589,400.011,390.523,381.123,371.807,362.572,353.415,344.333,335.322,326.380,317.505,308.692,299.941,291.247,282.610,274.025,265.491,257.006,248.567,240.172,231.819,223.505,215.230,206.990,198.785,190.611,182.468,174.354,166.266,158.203,150.163,142.146,134.149,126.171,118.211,110.266,102.337,94.420,86.515,78.621,70.737,62.860,54.991,47.127,39.268,31.413,23.559,15.707,7.854,0.000
0.000,0.000,838.910,1973.428,3151.575,4340.072,5539.744,6754.459,7987.077,9239.482,10512.971,11808.541,13127.084,14469.521,15836.896,17230.440,18651.614,20102.149,21584.078,23099.773,24651.992,26243.933,27879.312,29562.457,31298.436,33093.222,34953.917,36889.043,38908.916,41026.126,43256.073,45617.433,48132.097,50823.342,53709.383,56786.925,60000.000,60000.000,60000.000,60000.000,60000.000,60000.000,60000.000,60000.000,60000.000,60000.000,60000.000,57489.874,55103.737,52893.763,50864.232,48999.552,47279.188,45683.597,44195.973,42802.369,41491.319,40253.374,39080.679,37966.646,36905.682,35892.994,34924.433,33996.374,33105.624,32249.349,31425.020,30630.363,29863.323,29122.037,28404.803,27710.066,27036.396,26382.474,25747.081,25129.084,24527.431,23941.138,23369.286,22811.011,22265.502,21731.993,21209.760,20698.117,20196.412,19704.024,19220.360,18744.853,18276.960,17816.157,17361.943,16913.831,16471.354,16034.058,15601.508,15173.279,14748.964,14328.171,13910.526,13495.675,13083.287,12673.060,12264.730,11858.083,11452.966,11049.312,10647.163,10246.709,9848.332,9452.663,9060.646,8673.607,8293.315,7921.999,7562.295,7217.048,6888.942,6579.970,6290.906,6021.076,5768.635,5531.147,5306.169,5091.672,4886.266,4689.249,4500.499,4320.246,4148.765,3986.105,3831.966,3685.702,3546.407,3413.008,3284.352,3159.264,3036.609,2915.352,2794.661,2674.062,2553.677,2434.516,2318.685,2209.188,2108.882,2018.883,1938.795,1867.461,1803.534,1745.756,1693.062,1644.588,1599.643,1557.682,1518.271,1481.064,1445.780,1412.190,1380.105,1349.370,1319.850,1291.435,1264.028,1237.546,1211.916,1187.076,1162.968,1139.544,1116.759,1094.574,1072.952,1051.860,1031.270,1011.154,991.487,972.247,953.412,934.963,916.882,899.152,881.758,864.685,847.919,831.447,815.257,799.338,783.678,768.269,753.099,738.160,723.443,708.939,694.641,680.542,666.633,652.907,639.359,625.982,612.768,599.714,586.812,574.058,561.445,548.969,536.626,524.409,512.315,500.339,488.475,476.721,465.072,453.524,442.073,430.715,419.447,408.265,397.165,386.144,375.199,364.327,353.524,342.788,332.114,321.502,310.947,300.446,289.998,279.600,269.249,258.943,248.679,238.455,228.269,218.118,208.001,197.915,187.858,177.829,167.825,157.845,147.887,137.948,128.028,118.124,108.235,98.360,88.496,78.642,68.797,58.959,49.127,39.299,29.474,19.650,9.826,0.000
0.000,547.521,1382.214,2413.730,3536.348,4704.527,5901.993,7123.384,8367.142,9633.037,10921.339,12232.551,13567.341,14926.541,16311.172,17722.469,19161.910,20631.242,22132.510,23668.086,25240.710,26853.538,28510.198,30214.868,31972.367,33788.269,35669.044,37622.217,39656.541,41782.137,44010.509,46354.221,48825.781,51434.911,54182.939,57053.264,60000.000,60000.000,60000.000,60000.000,60000.000,60000.000,60000.000,60000.000,60000.000,60000.000,60000.000,57747.766,55565.828,53496.845,51556.838,49745.377,48054.202,46472.330,44988.586,43592.646,42275.369,41028.798,39846.049,38721.159,37648.948,36624.888,35644.998,34705.760,33804.046,32937.057,32102.278,31297.442,30520.491,29769.551,29042.912,28339.006,27656.390,26993.735,26349.810,25723.474,25113.666,24519.396,23939.740,23373.829,22820.852,22280.041,21750.673,21232.064,20723.567,20224.564,19734.471,19252.729,18778.803,18312.183,17852.378,17398.920,16951.357,16509.257,16072.206,15639.806,15211.678,14787.465,14366.829,13949.459,13535.071,13123.419,12714.299,12307.561,11903.126,11500.999,11101.298,10704.281,10310.378,9920.234,9534.745,9155.100,8782.792,8419.605,8067.530,7728.612,7404.686,7097.075,6806.314,6532.048,6273.174,6028.146,5795.327,5573.259,5360.840,5157.376,4962.529,4776.190,4598.304,4428.714,4267.075,4112.830,3965.250,3823.484,3686.621,3553.744,3423.988,3296.608,3171.062,3047.125,2925.025,2805.565,2690.139,2580.511,2478.277,2384.246,2298.394,2220.145,2148.665,2083.073,2022.544,1966.358,1913.903,1864.673,1818.247,1774.278,1732.477,1692.606,1654.462,1617.874,1582.697,1548.807,1516.095,1484.468,1453.843,1424.148,1395.317,1367.295,1340.030,1313.474,1287.587,1262.331,1237.669,1213.572,1190.009,1166.954,1144.382,1122.270,1100.597,1079.342,1058.488,1038.018,1017.913,998.160,978.744,959.651,940.869,922.385,904.188,886.266,868.610,851.209,834.055,817.137,800.447,783.978,767.720,751.666,735.809,720.142,704.658,689.350,674.212,659.238,644.422,629.758,615.241,600.864,586.623,572.512,558.528,544.664,530.917,517.281,503.752,490.327,477.000,463.767,450.626,437.571,424.599,411.707,398.891,386.147,373.472,360.863,348.317,335.829,323.399,311.021,298.695,286.416,274.182,261.991,249.840,237.727,225.648,213.602,201.587,189.600,177.639,165.701,153.786,141.890,130.012,118.150,106.302,94.466,82.640,70.823,59.012,47.207,35.405,23.604,11.803,0.000
0.000,807.871,1728.699,2762.934,3875.567,5039.703,6240.326,7469.955,8725.083,10004.199,11306.813,12633.002,13983.208,15358.152,16758.804,18186.377,19642.339,21128.426,22646.660,24199.377,25789.252,27419.337,29093.101,30814.477,32587.921,34418.469,36311.797,38274.264,40312.917,42435.392,44649.625,46963.177,49381.907,51907.591,54534.202,57243.195,60000.000,60000.000,60000.000,60000.000,60000.000,60000.000,60000.000,60000.000,60000.000,60000.000,60000.000,57935.451,55915.113,53971.155,52121.159,50371.237,48720.283,47163.361,45693.872,44304.791,42989.292,41741.029,40554.235,39423.719,38344.836,37313.428,36325.773,35378.530,34468.692,33593.543,32750.627,31937.710,31152.758,30393.914,29659.475,28947.877,28257.681,27587.557,26936.275,26302.693,25685.751,25084.459,24497.893,23925.188,23365.535,22818.170,22282.374,21757.470,21242.817,20737.805,20241.860,19754.433,19275.000,18803.065,18338.152,17879.808,17427.601,16981.119,16539.968,16103.779,15672.199,15244.903,14821.586,14401.975,13985.831,13572.950,13163.179,12756.421,12352.647,11951.915,11554.390,11160.361,10770.268,10384.729,10004.561,9630.793,9264.664,8907.586,8561.077,8226.627,7905.536,7598.728,7306.603,7028.985,6765.201,6514.255,6275.030,6046.474,5827.718,5618.124,5417.271,5224.882,5040.728,4864.538,4695.935,4534.422,4379.390,4230.150,4085.978,3946.156,3810.027,3677.045,3546.848,3419.324,3294.685,3173.510,3056.702,2945.330,2840.341,2742.281,2651.227,2566.881,2488.720,2416.125,2348.472,2285.173,2225.707,2169.618,2116.515,2066.064,2017.980,1972.021,1927.980,1885.678,1844.961,1805.696,1767.767,1731.070,1695.515,1661.022,1627.520,1594.944,1563.237,1532.347,1502.226,1472.832,1444.124,1416.067,1388.629,1361.777,1335.484,1309.723,1284.471,1259.703,1235.400,1211.540,1188.106,1165.079,1142.443,1120.182,1098.282,1076.728,1055.507,1034.607,1014.014,993.719,973.709,953.975,934.506,915.292,896.325,877.596,859.095,840.815,822.747,804.885,787.220,769.746,752.456,735.342,718.400,701.620,684.999,668.530,652.207,636.025,619.978,604.061,588.269,572.596,557.038,541.591,526.249,511.008,495.864,480.812,465.848,450.969,436.169,421.447,406.797,392.216,377.701,363.248,348.853,334.515,320.229,305.992,291.802,277.656,263.550,249.482,235.449,221.450,207.480,193.538,179.621,165.728,151.855,138.000,124.162,110.337,96.525,82.722,68.928,55.139,41.354,27.570,13.786,0.000
0.000,955.266,1961.779,3033.747,4163.290,5338.403,6549.663,7791.038,9059.052,10351.881,11668.729,13009.454,14374.357,15764.078,17179.538,18621.922,20092.670,21593.489,23126.355,24693.537,26297.612,27941.486,29628.419,31362.046,33146.398,34985.915,36885.435,38850.149,40885.491,42996.909,45189.437,47466.970,49831.090,52279.351,54803.090,57385.316,60000.000,60000.000,60000.000,60000.000,60000.000,60000.000,60000.000,60000.000,60000.000,60000.000,60000.000,58079.016,56188.167,54351.713,52585.674,50898.451,49292.714,47767.393,46319.239,44943.895,43636.571,42392.438,41206.837,40075.390,38994.038,37959.053,36967.020,36014.825,35099.622,34218.815,33370.036,32551.113,31760.059,30995.053,30254.415,29536.604,28840.193,28163.866,27506.402,26866.669,26243.613,25636.253,25043.672,24465.014,23899.474,23346.298,22804.778,22274.243,21754.063,21243.641,20742.411,20249.838,19765.413,19288.652,18819.097,18356.312,17899.882,17449.418,17004.547,16564.923,16130.223,15700.146,15274.421,14852.810,14435.106,14021.145,13610.814,13204.053,12800.871,12401.360,12005.707,11614.209,11227.291,10845.524,10469.627,10100.478,9739.092,9386.589,9044.130,8712.826,8393.626,8087.203,7793.869,7513.551,7245.836,6990.066,6745.470,6511.278,6286.803,6071.482,5864.881,5666.653,5476.485,5294.050,5118.965,4950.775,4788.960,4632.954,4482.170,4336.044,4194.066,4055.828,3921.071,3789.725,3661.950,3538.135,3418.858,3304.775,3196.465,3094.284,2998.310,2908.376,2824.137,2745.153,2670.947,2601.049,2535.016,2472.450,2412.994,2356.335,2302.201,2250.353,2200.585,2152.714,2106.583,2062.052,2018.999,1977.314,1936.902,1897.675,1859.557,1822.477,1786.373,1751.187,1716.868,1683.367,1650.642,1618.651,1587.360,1556.731,1526.736,1497.343,1468.526,1440.258,1412.517,1385.280,1358.525,1332.232,1306.384,1280.962,1255.950,1231.331,1207.091,1183.215,1159.690,1136.502,1113.640,1091.090,1068.843,1046.887,1025.211,1003.805,982.660,961.766,941.114,920.697,900.504,880.528,860.762,841.197,821.826,802.642,783.638,764.807,746.143,727.639,709.289,691.087,673.027,655.104,637.311,619.644,602.097,584.666,567.344,550.128,533.012,515.992,499.064,482.222,465.464,448.784,432.179,415.644,399.177,382.773,366.428,350.140,333.905,317.720,301.580,285.484,269.428,253.409,237.424,221.471,205.546,189.649,173.774,157.920,142.084,126.265,110.459,94.664,78.878,63.099,47.323,31.550,15.776,0.000
0.000,1051.415,2129.410,3246.991,4405.451,5600.965,6828.897,8085.498,9368.222,10675.561,12006.788,13361.749,14740.713,16144.289,17573.374,19029.127,20512.959,22026.531,23571.762,25150.834,26766.203,28420.606,30117.073,31858.918,33649.739,35493.387,37393.905,39355.430,41382.014,43477.336,45644.263,47884.191,50196.145,52575.642,55013.498,57494.979,60000.000,60000.000,60000.000,60000.000,60000.000,60000.000,60000.000,60000.000,60000.000,60000.000,60000.000,58192.536,56406.981,54662.067,52971.648,51344.508,49785.116,48294.703,46872.295,45515.532,44221.268,42985.973,41805.996,40677.727,39597.687,38562.585,37569.339,36615.080,35697.153,34813.106,33960.675,33137.776,32342.487,31573.034,30827.782,30105.220,29403.950,28722.676,28060.199,27415.402,26787.248,26174.768,25577.060,24993.280,24422.636,23864.388,23317.836,22782.327,22257.241,21741.994,21236.036,20738.845,20249.927,19768.815,19295.069,18828.268,18368.020,17913.952,17465.716,17022.989,16585.470,16152.887,15724.997,15301.588,14882.486,14467.558,14056.718,13649.937,13247.248,12848.761,12454.669,12065.263,11680.937,11302.203,10929.685,10564.121,10206.339,9857.230,9517.692,9188.567,8870.565,8564.194,8269.706,7987.086,7716.075,7456.236,7207.022,6967.862,6738.210,6517.582,6305.563,6101.787,5905.916,5717.602,5536.470,5362.106,5194.058,5031.851,4875.004,4723.063,4575.625,4432.373,4293.104,4157.759,4026.437,3899.385,3776.963,3659.574,3547.569,3441.170,3340.429,3245.234,3155.345,3070.435,2990.136,2914.066,2841.856,2773.157,2707.649,2645.046,2585.090,2527.551,2472.226,2418.936,2367.520,2317.837,2269.759,2223.175,2177.982,2134.090,2091.417,2049.887,2009.434,1969.996,1931.516,1893.944,1857.232,1821.336,1786.216,1751.834,1718.156,1685.149,1652.784,1621.032,1589.866,1559.263,1529.198,1499.650,1470.598,1442.022,1413.904,1386.226,1358.972,1332.125,1305.670,1279.593,1253.880,1228.518,1203.494,1178.796,1154.411,1130.330,1106.540,1083.032,1059.795,1036.821,1014.098,991.619,969.374,947.356,925.554,903.963,882.572,861.376,840.367,819.538,798.881,778.391,758.059,737.880,717.848,697.957,678.201,658.573,639.069,619.683,600.410,581.244,562.181,543.215,524.342,505.557,486.855,468.233,449.686,431.210,412.801,394.454,376.167,357.935,339.755,321.624,303.537,285.491,267.484,249.513,231.574,213.663,195.779,177.918,160.078,142.255,124.448,106.653,88.868,71.090,53.317,35.546,17.774,0.000
0.000,1120.988,2257.460,3419.362,4610.567,5831.120,7079.477,8353.849,9652.793,10975.370,12321.135,13690.062,15082.479,16499.015,17940.569,19408.282,20903.535,22427.944,23983.358,25571.865,27195.790,28857.696,30560.378,32306.844,34100.284,35944.016,37841.395,39795.678,41809.822,43886.181,46026.107,48229.403,50493.669,52813.584,55180.285,57581.103,60000.000,60000.000,60000.000,60000.000,60000.000,60000.000,60000.000,60000.000,60000.000,60000.000,60000.000,58284.242,56585.309,54918.142,53294.620,51723.157,50208.935,48754.463,47360.217,46025.239,44747.619,43524.867,42354.178,41232.614,40157.228,39125.143,38133.600,37179.982,36261.831,35376.850,34522.899,33697.989,32900.279,32128.059,31379.744,30653.869,29949.073,29264.091,28597.753,27948.965,27316.714,26700.051,26098.092,25510.012,24935.036,24372.439,23821.541,23281.700,22752.315,22232.818,21722.674,21221.379,20728.454,20243.451,19765.946,19295.539,18831.855,18374.543,17923.276,17477.751,17037.693,16602.852,16173.010,15747.980,15327.612,14911.799,14500.477,14093.635,13691.324,13293.657,12900.827,12513.105,12130.849,11754.507,11384.617,11021.792,10666.710,10320.079,9982.603,9654.928,9337.600,9031.010,8735.366,8450.682,8176.800,7913.417,7660.142,7416.541,7182.179,6956.643,6739.552,6530.552,6329.306,6135.470,5948.689,5768.585,5594.763,5426.815,5264.343,5106.972,4954.374,4806.289,4662.548,4523.088,4387.952,4257.283,4131.297,4010.230,3894.290,3783.605,3678.192,3577.964,3482.735,3392.254,3306.229,3224.346,3146.293,3071.768,3000.486,2932.185,2866.624,2803.586,2742.875,2684.314,2627.745,2573.026,2520.027,2468.635,2418.743,2370.257,2323.093,2277.171,2232.420,2188.776,2146.179,2104.572,2063.907,2024.135,1985.214,1947.104,1909.766,1873.165,1837.270,1802.049,1767.474,1733.518,1700.155,1667.362,1635.115,1603.394,1572.177,1541.447,1511.183,1481.370,1451.990,1423.027,1394.466,1366.294,1338.494,1311.055,1283.963,1257.205,1230.771,1204.648,1178.825,1153.292,1128.038,1103.054,1078.328,1053.853,1029.618,1005.616,981.836,958.271,934.914,911.755,888.787,866.003,843.395,820.956,798.680,776.559,754.588,732.759,711.067,689.506,668.069,646.751,625.546,604.449,583.455,562.558,541.753,521.036,500.403,479.847,459.365,438.953,418.606,398.321,378.092,357.917,337.791,317.712,297.675,277.676,257.713,237.783,217.881,198.004,178.151,158.316,138.499,118.695,98.902,79.117,59.337,39.559,19.781,0.000
0.000,1175.081,2360.084,3562.437,4786.346,6033.484,7304.053,8597.644,9913.747,11252.013,12612.342,13994.908,15400.150,16828.753,18281.632,19759.925,21264.987,22798.384,24361.895,25957.510,27587.428,29254.043,30959.933,32707.829,34500.570,36341.028,38232.009,40176.094,42175.438,44231.483,46344.600,48513.661,50735.557,53004.751,55312.960,57649.153,60000.000,60000.000,60000.000,60000.000,60000.000,60000.000,60000.000,60000.000,60000.000,60000.000,60000.000,58359.218,56732.028,55130.796,53565.817,52044.909,50573.412,49154.463,47789.396,46478.168,45219.738,44012.391,42853.982,41742.123,40674.320,39648.063,38660.887,37710.417,36794.389,35910.661,35057.223,34232.192,33433.814,32660.451,31910.584,31182.798,30475.778,29788.301,29119.229,28467.503,27832.137,27212.209,26606.859,26015.284,25436.732,24870.498,24315.920,23772.377,23239.287,22716.099,22202.297,21697.394,21200.932,20712.480,20231.633,19758.010,19291.255,18831.038,18377.053,17929.016,17486.674,17049.800,16618.195,16191.697,15770.173,15353.537,14941.740,14534.785,14132.729,13735.687,13343.839,12957.433,12576.786,12202.290,11834.398,11473.624,11120.517,10775.646,10439.567,10112.785,9795.723,9488.689,9191.856,8905.255,8628.784,8362.233,8105.313,7857.692,7619.015,7388.934,7167.108,6953.207,6746.910,6547.893,6355.823,6170.358,5991.148,5817.844,5650.103,5487.612,5330.093,5177.327,5029.162,4885.523,4746.410,4611.892,4482.084,4357.116,4237.097,4122.088,4012.078,3906.983,3806.651,3710.879,3619.425,3532.028,3448.422,3368.343,3291.537,3217.766,3146.806,3078.453,3012.521,2948.837,2887.246,2827.608,2769.793,2713.685,2659.177,2606.174,2554.586,2504.332,2455.338,2407.537,2360.865,2315.264,2270.682,2227.067,2184.375,2142.562,2101.587,2061.415,2022.009,1983.337,1945.368,1908.073,1871.425,1835.397,1799.967,1765.109,1730.802,1697.025,1663.759,1630.984,1598.683,1566.838,1535.433,1504.452,1473.878,1443.699,1413.900,1384.467,1355.388,1326.649,1298.239,1270.146,1242.359,1214.867,1187.658,1160.723,1134.052,1107.635,1081.462,1055.525,1029.814,1004.322,979.038,953.955,929.066,904.362,879.836,855.480,831.288,807.252,783.366,759.622,736.014,712.537,689.184,665.949,642.826,619.810,596.895,574.076,551.347,528.704,506.142,483.656,461.241,438.894,416.608,394.381,372.208,350.085,328.008,305.974,283.978,262.017,240.088,218.187,196.310,174.455,152.618,130.795,108.985,87.183,65.387,43.592,21.798,0.000
0.000,1219.253,2445.364,3683.964,4938.906,6212.428,7505.624,8818.942,10152.560,11506.613,12881.333,14277.103,15694.487,17134.241,18597.310,20084.831,21598.136,23138.742,24708.360,26308.888,27942.403,29611.149,31317.516,33064.004,34853.171,36687.551,38569.548,40501.281,42484.381,44519.735,46607.170,48745.100,50930.163,53156.913,55417.658,57702.549,60000.000,60000.000,60000.000,60000.000,60000.000,60000.000,60000.000,60000.000,60000.000,60000.000,60000.000,58420.699,56852.954,55307.424,53793.234,52317.604,50885.756,49501.056,48165.273,46878.893,45641.428,44451.687,43307.999,42208.396,41150.740,40132.825,39152.445,38207.438,37295.721,36415.306,35564.309,34740.959,33943.593,33170.654,32420.692,31692.351,30984.371,30295.576,29624.869,28971.230,28333.706,27711.408,27103.505,26509.221,25927.830,25358.649,24801.042,24254.409,23718.189,23191.852,22674.902,22166.873,21667.326,21175.850,20692.058,20215.591,19746.112,19283.311,18826.899,18376.616,17932.227,17493.523,17060.327,16632.492,16209.906,15792.493,15380.218,14973.092,14571.173,14174.571,13783.450,13398.032,13018.598,12645.481,12279.066,11919.777,11568.065,11224.387,10889.185,10562.858,10245.739,9938.074,9640.007,9351.573,9072.709,8803.263,8543.018,8291.711,8049.056,7814.753,7588.504,7370.009,7158.969,6955.085,6758.051,6567.558,6383.296,6204.956,6032.246,5864.891,5702.655,5545.342,5392.810,5244.972,5101.795,4963.296,4829.519,4700.521,4576.347,4457.007,4342.467,4232.641,4127.396,4026.558,3929.921,3837.264,3748.355,3662.962,3580.857,3501.825,3425.658,3352.166,3281.171,3212.507,3146.024,3081.583,3019.056,2958.327,2899.289,2841.844,2785.901,2731.378,2678.197,2626.290,2575.589,2526.036,2477.574,2430.150,2383.718,2338.230,2293.645,2249.923,2207.028,2164.923,2123.577,2082.959,2043.039,2003.790,1965.185,1927.200,1889.811,1852.996,1816.733,1781.003,1745.785,1711.062,1676.816,1643.028,1609.683,1576.765,1544.260,1512.151,1480.426,1449.071,1418.073,1387.418,1357.096,1327.093,1297.398,1268.001,1238.890,1210.054,1181.485,1153.171,1125.103,1097.271,1069.666,1042.280,1015.103,988.128,961.346,934.749,908.330,882.080,855.992,830.059,804.274,778.631,753.122,727.741,702.481,677.338,652.304,627.374,602.542,577.803,553.152,528.583,504.090,479.671,455.319,431.031,406.800,382.624,358.498,334.418,310.379,286.378,262.412,238.475,214.565,190.679,166.811,142.960,119.121,95.292,71.468,47.647,23.825,0.000
0.000,1256.569,2518.164,3789.156,5072.898,6371.711,7687.087,9019.961,10370.955,11740.570,13129.299,14537.709,15966.484,17416.444,18888.566,20383.989,21904.016,23450.123,25023.953,26627.317,28262.184,29930.672,31635.015,33377.537,35160.594,36986.491,38857.385,40775.131,42741.099,44755.932,46819.268,48929.426,51083.098,53275.092,55498.217,57743.387,60000.000,60000.000,60000.000,60000.000,60000.000,60000.000,60000.000,60000.000,60000.000,60000.000,60000.000,58470.727,56951.833,55452.943,53982.391,52546.879,51151.379,49799.221,48492.296,47231.314,46016.064,44845.655,43718.715,42633.559,41588.311,40580.999,39609.627,38672.218,37766.852,36891.681,36044.948,35224.988,34430.235,33659.217,32910.557,32182.968,31475.246,30786.268,30114.988,29460.427,28821.672,28197.871,27588.227,26991.995,26408.477,25837.021,25277.013,24727.882,24189.087,23660.125,23140.519,22629.826,22127.627,21633.533,21147.177,20668.220,20196.345,19731.260,19272.697,18820.415,18374.195,17933.849,17499.216,17070.163,16646.592,16228.440,15815.678,15408.322,15006.428,14610.096,14219.476,13834.763,13456.199,13084.069,12718.697,12360.434,12009.647,11666.709,11331.971,11005.753,10688.319,10379.867,10080.515,9790.299,9509.178,9237.039,8973.715,8718.997,8472.645,8234.407,8004.018,7781.210,7565.713,7357.250,7155.545,6960.319,6771.294,6588.198,6410.771,6238.776,6072.000,5910.264,5753.434,5601.410,5454.138,5311.593,5173.773,5040.685,4912.325,4788.673,4669.672,4555.234,4445.234,4339.517,4237.906,4140.205,4046.210,3955.716,3868.517,3784.415,3703.220,3624.754,3548.846,3475.341,3404.091,3334.961,3267.826,3202.571,3139.088,3077.278,3017.051,2958.322,2901.012,2845.051,2790.370,2736.907,2684.605,2633.408,2583.268,2534.134,2485.965,2438.718,2392.354,2346.837,2302.132,2258.206,2215.029,2172.570,2130.803,2089.701,2049.239,2009.393,1970.141,1931.461,1893.332,1855.735,1818.649,1782.058,1745.943,1710.288,1675.077,1640.293,1605.922,1571.950,1538.361,1505.143,1472.283,1439.768,1407.584,1375.721,1344.166,1312.908,1281.937,1251.241,1220.810,1190.634,1160.703,1131.008,1101.538,1072.285,1043.241,1014.396,985.742,957.271,928.974,900.845,872.875,845.057,817.384,789.848,762.444,735.164,708.002,680.952,654.008,627.163,600.413,573.751,547.172,520.671,494.243,467.882,441.584,415.344,389.158,363.021,336.928,310.877,284.861,258.879,232.924,206.995,181.085,155.194,129.315,103.447,77.584,51.725,25.865,0.000
0.000,1288.863,2581.573,3881.606,5191.829,6514.446,7851.070,9202.876,10570.752,11955.435,13357.609,14777.980,16217.324,17676.516,19156.556,20658.575,22183.853,23733.818,25310.049,26914.280,28548.386,30214.377,31914.374,33650.577,35425.213,37240.471,39098.404,41000.794,42948.982,44943.654,46984.568,49070.259,51197.726,53362.150,55556.740,57772.784,60000.000,60000.000,60000.000,60000.000,60000.000,60000.000,60000.000,60000.000,60000.000,60000.000,60000.000,58510.477,57030.878,55570.365,54136.815,52736.515,51374.098,50052.654,48773.940,47538.627,46346.544,45196.897,44088.449,43019.673,41988.859,40994.202,40033.867,39106.031,38208.912,37340.794,36500.037,35685.083,34894.461,34126.788,33380.764,32655.173,31948.874,31260.805,30589.970,29935.439,29296.345,28671.876,28061.272,27463.824,26878.867,26305.779,25743.978,25192.916,24652.082,24120.995,23599.205,23086.290,22581.854,22085.529,21596.971,21115.858,20641.896,20174.811,19714.355,19260.303,18812.455,18370.638,17934.706,17504.541,17080.056,16661.194,16247.935,15840.293,15438.322,15042.111,14651.793,14267.538,13889.553,13518.081,13153.392,12795.777,12445.539,12102.976,11768.374,11441.988,11124.031,10814.660,10513.974,10222.005,9938.726,9664.049,9397.842,9139.935,8890.127,8648.201,8413.926,8187.062,7967.365,7754.587,7548.474,7348.776,7155.243,6967.633,6785.714,6609.272,6438.115,6272.079,6111.028,5954.859,5803.497,5656.890,5515.004,5377.809,5245.271,5117.343,4993.954,4875.011,4760.395,4649.964,4543.557,4441.001,4342.113,4246.706,4154.596,4065.600,3979.543,3896.256,3815.580,3737.366,3661.471,3587.764,3516.123,3446.434,3378.591,3312.494,3248.053,3185.183,3123.803,3063.841,3005.228,2947.901,2891.798,2836.865,2783.049,2730.301,2678.575,2627.828,2578.019,2529.110,2481.064,2433.847,2387.427,2341.772,2296.855,2252.647,2209.121,2166.253,2124.018,2082.394,2041.358,2000.891,1960.971,1921.578,1882.696,1844.304,1806.388,1768.929,1731.911,1695.321,1659.140,1623.357,1587.957,1552.925,1518.249,1483.916,1449.914,1416.229,1382.852,1349.769,1316.971,1284.445,1252.182,1220.170,1188.401,1156.864,1125.550,1094.450,1063.554,1032.854,1002.341,972.006,941.842,911.841,881.995,852.297,822.738,793.313,764.014,734.833,705.767,676.806,647.947,619.182,590.505,561.911,533.395,504.951,476.574,448.259,420.002,391.796,363.638,335.523,307.448,279.407,251.396,223.410,195.447,167.502,139.572,111.652,83.738,55.828,27.916,0.000
0.000,1317.314,2637.667,3963.875,5298.380,6643.187,7999.887,9369.741,10753.766,12152.834,13567.749,14999.307,16448.347,17915.776,19402.600,20909.941,22439.043,23991.285,25568.188,27171.409,28802.745,30464.120,32157.571,33885.224,35649.251,37451.818,39295.005,41180.693,43110.417,45085.163,47105.116,49169.341,51275.416,53419.056,55593.818,57791.012,60000.000,60000.000,60000.000,60000.000,60000.000,60000.000,60000.000,60000.000,60000.000,60000.000,60000.000,58540.408,57091.014,55661.070,54258.304,52888.650,51556.292,50263.871,49012.761,47803.350,46635.291,45507.700,44419.333,43368.704,42354.183,41374.073,40426.654,39510.223,38623.121,37763.748,36930.574,36122.146,35337.088,34574.106,33831.981,33109.571,32405.806,31719.682,31050.263,30396.673,29758.091,29133.751,28522.935,27924.972,27339.234,26765.132,26202.115,25649.667,25107.304,24574.572,24051.047,23536.330,23030.052,22531.864,22041.444,21558.494,21082.736,20613.917,20151.807,19696.199,19246.910,18803.780,18366.678,17935.497,17510.159,17090.615,16676.847,16268.870,15866.731,15470.510,15080.323,14696.315,14318.664,13947.574,13583.272,13225.997,12875.998,12533.517,12198.787,11872.011,11553.360,11242.963,10940.898,10647.194,10361.829,10084.735,9815.804,9554.893,9301.833,9056.436,8818.500,8587.811,8364.149,8147.290,7937.007,7733.070,7535.257,7343.347,7157.134,6976.420,6801.031,6630.811,6465.627,6305.369,6149.950,5999.300,5853.360,5712.076,5575.391,5443.238,5315.539,5192.193,5073.087,4958.085,4847.041,4739.797,4636.185,4536.037,4439.183,4345.454,4254.687,4166.725,4081.417,3998.619,3918.196,3840.020,3763.973,3689.942,3617.822,3547.516,3478.932,3411.984,3346.593,3282.685,3220.190,3159.042,3099.181,3040.549,2983.092,2926.760,2871.506,2817.284,2764.053,2711.772,2660.405,2609.914,2560.266,2511.430,2463.375,2416.071,2369.491,2323.609,2278.399,2233.837,2189.901,2146.567,2103.815,2061.625,2019.976,1978.850,1938.229,1898.094,1858.430,1819.219,1780.446,1742.095,1704.152,1666.601,1629.429,1592.623,1556.168,1520.053,1484.264,1448.789,1413.616,1378.735,1344.133,1309.799,1275.723,1241.895,1208.304,1174.941,1141.795,1108.857,1076.119,1043.571,1011.204,979.011,946.983,915.111,883.388,851.807,820.360,789.040,757.840,726.753,695.773,664.893,634.107,603.409,572.794,542.255,511.787,481.384,451.043,420.756,390.520,360.330,330.181,300.068,269.987,239.933,209.903,179.892,149.896,119.911,89.933,59.957,29.981,0.000
0.000,1342.730,2687.912,4037.859,5394.643,6760.048,8135.570,9522.455,10921.759,12334.412,13761.273,15203.185,16661.013,18135.674,19628.167,21139.585,22671.132,24224.136,25800.051,27400.468,29027.110,30681.831,32366.612,34083.542,35834.793,37622.589,39449.147,41316.597,43226.865,45181.498,47181.424,49226.599,51315.560,53444.855,55608.473,57797.447,60000.000,60000.000,60000.000,60000.000,60000.000,60000.000,60000.000,60000.000,60000.000,60000.000,60000.000,58560.253,57131.880,55724.854,54347.006,53003.884,51699.012,50434.305,49210.476,48027.381,46884.286,45780.061,44713.319,43682.523,42686.054,41722.265,40789.519,39886.207,39010.775,38161.729,37337.643,36537.166,35759.017,35001.992,34264.956,33546.845,32846.659,32163.463,31496.381,30844.592,30207.330,29583.876,28973.558,28375.746,27789.851,27215.321,26651.640,26098.322,25554.915,25020.993,24496.158,23980.040,23472.291,22972.588,22480.630,21996.138,21518.858,21048.555,20585.016,20128.051,19677.493,19233.197,18795.041,18362.932,17936.798,17516.597,17102.312,16693.957,16291.572,15895.228,15505.024,15121.085,14743.562,14372.626,14008.464,13651.277,13301.267,12958.632,12623.560,12296.214,11976.734,11665.221,11361.739,11066.310,10778.917,10499.503,10227.977,9964.218,9708.082,9459.404,9218.006,8983.698,8756.282,8535.556,8321.313,8113.348,7911.457,7715.442,7525.111,7340.287,7160.804,6986.516,6817.291,6653.016,6493.594,6338.942,6188.985,6043.650,5902.866,5766.554,5634.624,5506.976,5383.496,5264.055,5148.516,5036.733,4928.551,4823.816,4722.369,4624.056,4528.721,4436.219,4346.406,4259.145,4174.306,4091.766,4011.409,3933.126,3856.812,3782.372,3709.714,3638.754,3569.411,3501.611,3435.283,3370.360,3306.782,3244.489,3183.426,3123.542,3064.788,3007.119,2950.489,2894.859,2840.189,2786.442,2733.583,2681.579,2630.398,2580.010,2530.386,2481.498,2433.320,2385.827,2338.995,2292.800,2247.220,2202.234,2157.821,2113.961,2070.636,2027.826,1985.514,1943.682,1902.314,1861.393,1820.903,1780.830,1741.159,1701.875,1662.964,1624.411,1586.205,1548.333,1510.780,1473.536,1436.589,1399.926,1363.536,1327.409,1291.533,1255.898,1220.493,1185.310,1150.337,1115.566,1080.987,1046.592,1012.371,978.316,944.418,910.671,877.065,843.593,810.248,777.023,743.911,710.904,677.997,645.183,612.455,579.808,547.236,514.734,482.294,449.914,417.586,385.306,353.070,320.871,288.706,256.570,224.459,192.368,160.292,128.227,96.170,64.116,32.061,0.000
0.000,1365.699,2733.400,4105.015,5482.298,6866.810,8259.909,9662.773,11076.430,12501.809,13939.777,15391.181,16856.880,18337.780,19834.849,21349.140,22881.808,24434.119,26007.460,27603.350,29223.443,30869.532,32543.555,34247.586,35983.837,37754.644,39562.441,41409.726,43298.988,45232.580,47212.514,49240.100,51315.391,53436.349,55597.782,57790.309,60000.000,60000.000,60000.000,60000.000,60000.000,60000.000,60000.000,60000.000,60000.000,60000.000,60000.000,58568.837,57151.587,55759.722,54401.318,53081.274,51802.044,50564.404,49368.065,48212.085,47095.150,46015.736,44972.218,43962.933,42986.220,42040.451,41124.039,40235.457,39373.242,38536.001,37722.408,36931.212,36161.228,35411.344,34680.510,33967.743,33272.119,32592.771,31928.890,31279.714,30644.532,30022.678,29413.526,28816.493,28231.031,27656.627,27092.800,26539.100,25995.105,25460.422,24934.680,24417.536,23908.667,23407.774,22914.580,22428.828,21950.282,21478.726,21013.967,20555.830,20104.163,19658.835,19219.735,18786.779,18359.903,17939.069,17524.261,17115.491,16712.795,16316.233,15925.889,15541.869,15164.301,14793.328,14429.106,14071.800,13721.575,13378.594,13043.008,12714.949,12394.528,12081.827,11776.896,11479.751,11190.376,10908.722,10634.711,10368.238,10109.177,9857.385,9612.701,9374.958,9143.977,8919.575,8701.565,8489.761,8283.976,8084.029,7889.745,7700.958,7517.515,7339.272,7166.102,6997.890,6834.532,6675.936,6522.015,6372.686,6227.865,6087.465,5951.390,5819.536,5691.792,5568.033,5448.130,5331.944,5219.333,5110.151,5004.252,4901.489,4801.720,4704.805,4610.607,4518.996,4429.848,4343.044,4258.471,4176.022,4095.595,4017.096,3940.435,3865.525,3792.289,3720.651,3650.539,3581.888,3514.634,3448.718,3384.084,3320.681,3258.457,3197.365,3137.361,3078.403,3020.451,2963.466,2907.412,2852.255,2797.961,2744.500,2691.841,2639.957,2588.818,2538.401,2488.678,2439.626,2391.222,2343.443,2296.267,2249.675,2203.646,2158.160,2113.199,2068.744,2024.779,1981.285,1938.247,1895.648,1853.473,1811.706,1770.333,1729.339,1688.710,1648.433,1608.495,1568.882,1529.581,1490.581,1451.870,1413.435,1375.266,1337.350,1299.679,1262.240,1225.023,1188.019,1151.218,1114.610,1078.185,1041.936,1005.853,969.927,934.151,898.516,863.014,827.638,792.381,757.235,722.194,687.249,652.396,617.628,582.938,548.321,513.771,479.281,444.847,410.464,376.125,341.827,307.563,273.330,239.122,204.935,170.764,136.605,102.454,68.305,34.156,0.000
0.000,1386.672,2774.983,4166.513,5562.739,6965.002,8374.505,9792.319,11219.406,12656.647,14104.878,15564.914,17037.585,18523.756,20024.349,21540.363,23072.888,24623.119,26192.369,27782.080,29393.831,31029.353,32690.541,34379.462,36098.379,37849.759,39636.296,41460.927,43326.824,45237.362,47195.987,49205.929,51269.582,53387.386,55556.012,57766.009,60000.000,60000.000,60000.000,60000.000,60000.000,60000.000,60000.000,60000.000,60000.000,60000.000,60000.000,58563.627,57146.106,55761.401,54417.617,53118.269,51863.973,50653.763,49485.920,48358.437,47269.247,46216.332,45197.762,44211.709,43256.443,42330.334,41431.841,40559.507,39711.960,38887.901,38086.108,37305.427,36544.774,35803.128,35079.529,34373.078,33682.928,33008.287,32348.412,31702.604,31070.213,30450.624,29843.265,29247.599,28663.121,28089.360,27525.874,26972.248,26428.095,25893.052,25366.779,24848.960,24339.299,23837.522,23343.374,22856.621,22377.046,21904.455,21438.669,20979.532,20526.905,20080.668,19640.725,19206.998,18779.431,18357.987,17942.654,17533.442,17130.380,16733.519,16342.931,15958.707,15580.951,15209.785,14845.337,14487.743,14137.139,13793.657,13457.418,13128.529,12807.080,12493.133,12186.728,11887.876,11596.558,11312.733,11036.330,10767.258,10505.406,10250.645,10002.834,9761.821,9527.445,9299.540,9077.937,8862.464,8652.952,8449.233,8251.146,8058.536,7871.257,7689.172,7512.156,7340.093,7172.876,7010.405,6852.587,6699.331,6550.544,6406.133,6265.998,6130.036,5998.132,5870.170,5746.022,5625.560,5508.648,5395.149,5284.926,5177.842,5073.761,4972.551,4874.082,4778.231,4684.876,4593.904,4505.205,4418.674,4334.213,4251.728,4171.130,4092.335,4015.263,3939.840,3865.994,3793.659,3722.771,3653.271,3585.102,3518.211,3452.546,3388.059,3324.706,3262.443,3201.228,3141.023,3081.790,3023.494,2966.100,2909.578,2853.895,2799.022,2744.931,2691.595,2638.987,2587.083,2535.857,2485.288,2435.352,2386.028,2337.295,2289.133,2241.522,2194.443,2147.878,2101.809,2056.218,2011.089,1966.405,1922.151,1878.311,1834.869,1791.812,1749.125,1706.793,1664.803,1623.142,1581.797,1540.756,1500.005,1459.533,1419.328,1379.379,1339.675,1300.204,1260.957,1221.922,1183.091,1144.452,1105.997,1067.716,1029.600,991.641,953.830,916.159,878.619,841.204,803.905,766.715,729.627,692.634,655.730,618.908,582.161,545.485,508.872,472.316,435.813,399.357,362.943,326.565,290.219,253.898,217.600,181.318,145.049,108.786,72.527,36.267,0.000
0.000,1406.010,2813.354,4223.328,5637.156,7055.972,8480.811,9912.618,11352.255,12800.527,14258.205,15726.049,17204.830,18695.352,20198.473,21715.121,23246.310,24793.151,26356.871,27938.823,29540.502,31163.565,32809.849,34481.401,36180.514,37909.771,39672.113,41470.914,43310.071,45194.101,47128.187,49118.082,51169.651,53287.623,55472.883,57717.721,60000.000,60000.000,60000.000,60000.000,60000.000,60000.000,60000.000,60000.000,60000.000,60000.000,60000.000,58539.688,57108.014,55722.443,54389.840,53110.648,51882.324,50701.329,49564.059,48467.204,47407.844,46383.422,45391.690,44430.656,43498.528,42593.679,41714.617,40859.964,40028.436,39218.838,38430.050,37661.023,36910.773,36178.375,35462.963,34763.722,34079.888,33410.744,32755.617,32113.877,31484.931,30868.225,30263.238,29669.482,29086.501,28513.864,27951.170,27398.043,26854.129,26319.099,25792.644,25274.477,24764.328,24261.949,23767.109,23279.596,22799.214,22325.787,21859.154,21399.175,20945.724,20498.695,20058.002,19623.574,19195.362,18773.334,18357.478,17947.801,17544.329,17147.104,16756.188,16371.655,15993.595,15622.107,15257.298,14899.280,14548.163,14204.054,13867.051,13537.241,13214.693,12899.456,12591.559,12291.008,11997.785,11711.848,11433.136,11161.567,10897.040,10639.441,10388.643,10144.508,9906.891,9675.640,9450.601,9231.616,9018.530,8811.187,8609.437,8413.134,8222.140,8036.323,7855.561,7679.737,7508.742,7342.474,7180.834,7023.724,6871.048,6722.709,6578.603,6438.625,6302.665,6170.607,6042.329,5917.707,5796.613,5678.918,5564.492,5453.204,5344.926,5239.533,5136.901,5036.910,4939.447,4844.398,4751.660,4661.129,4572.710,4486.310,4401.842,4319.222,4238.371,4159.217,4081.686,4005.712,3931.233,3858.186,3786.517,3716.170,3647.093,3579.239,3512.561,3447.014,3382.557,3319.150,3256.754,3195.334,3134.854,3075.281,3016.584,2958.732,2901.696,2845.448,2789.961,2735.208,2681.164,2627.807,2575.113,2523.057,2471.621,2420.782,2370.520,2320.814,2271.647,2222.999,2174.852,2127.188,2079.992,2033.245,1986.932,1941.037,1895.544,1850.439,1805.707,1761.333,1717.303,1673.605,1630.224,1587.149,1544.365,1501.860,1459.624,1417.644,1375.909,1334.407,1293.128,1252.061,1211.196,1170.523,1130.032,1089.713,1049.558,1009.558,969.703,929.986,890.398,850.932,811.580,772.333,733.186,694.131,655.161,616.270,577.451,538.698,500.005,461.367,422.777,384.230,345.721,307.244,268.795,230.368,191.958,153.560,115.171,76.784,38.395,0.000
0.000,1424.018,2849.105,4276.302,5706.601,7140.937,8580.174,10025.112,11476.497,12935.033,14401.404,15876.286,17360.374,18854.392,20359.117,21875.389,23404.131,24946.359,26503.197,28075.896,29665.849,31274.616,32903.951,34555.842,36232.565,37936.759,39671.532,41440.601,43248.500,45100.837,47004.624,48968.601,51003.353,53120.599,55330.192,57632.000,60000.000,60000.000,60000.000,60000.000,60000.000,60000.000,60000.000,60000.000,60000.000,60000.000,60000.000,58487.242,57024.036,55630.814,54309.030,53052.609,51853.871,50705.766,49602.443,48539.206,47512.297,46518.677,45555.840,44621.677,43714.373,42832.336,41974.144,41138.509,40324.253,39530.291,38755.612,37999.277,37260.406,36538.176,35831.814,35140.598,34463.845,33800.919,33151.220,32514.184,31889.285,31276.026,30673.942,30082.596,29501.581,28930.510,28369.024,27816.785,27273.477,26738.803,26212.488,25694.272,25183.916,24681.196,24185.906,23697.854,23216.868,22742.788,22275.473,21814.796,21360.648,20912.933,20471.576,20036.514,19607.703,19185.115,18768.740,18358.584,17954.666,17557.025,17165.711,16780.786,16402.325,16030.411,15665.132,15306.578,14954.840,14610.005,14272.151,13941.346,13617.644,13301.084,12991.685,12689.446,12394.350,12106.357,11825.409,11551.432,11284.336,11024.016,10770.358,10523.236,10282.517,10048.063,9819.732,9597.378,9380.858,9170.027,8964.744,8764.873,8570.280,8380.840,8196.431,8016.938,7842.253,7672.270,7506.887,7346.004,7189.520,7037.336,6889.347,6745.449,6605.531,6469.479,6337.177,6208.506,6083.343,5961.564,5843.046,5727.665,5615.299,5505.828,5399.133,5295.101,5193.621,5094.585,4997.891,4903.439,4811.135,4720.889,4632.614,4546.230,4461.657,4378.823,4297.655,4218.088,4140.057,4063.503,3988.368,3914.597,3842.138,3770.943,3700.964,3632.156,3564.477,3497.885,3432.343,3367.814,3304.260,3241.649,3179.948,3119.126,3059.152,2999.998,2941.635,2884.038,2827.181,2771.038,2715.585,2660.800,2606.660,2553.143,2500.227,2447.893,2396.121,2344.890,2294.183,2243.981,2194.267,2145.022,2096.230,2047.875,1999.940,1952.410,1905.269,1858.503,1812.097,1766.036,1720.307,1674.896,1629.791,1584.977,1540.443,1496.177,1452.165,1408.397,1364.862,1321.547,1278.443,1235.539,1192.824,1150.290,1107.925,1065.722,1023.670,981.760,939.986,898.337,856.807,815.386,774.069,732.846,691.712,650.660,609.682,568.773,527.926,487.135,446.394,405.697,365.039,324.415,283.818,243.244,202.688,162.145,121.610,81.077,40.542,0.000
0.000,1440.964,2882.756,4326.184,5772.027,7221.021,8673.858,10131.186,11593.618,13061.740,14536.128,16017.359,17506.031,19002.773,20508.262,22023.240,23548.522,25085.013,26633.721,28195.776,29772.446,31365.164,32975.562,34605.516,36257.211,37933.236,39636.718,41371.524,43142.552,44956.181,46820.924,48748.395,50754.603,52861.259,55095.308,57480.094,60000.000,60000.000,60000.000,60000.000,60000.000,60000.000,60000.000,60000.000,60000.000,60000.000,60000.000,58385.384,56870.306,55468.060,54163.249,52937.358,51775.328,50666.032,49601.423,48575.628,47584.275,46624.026,45692.256,44786.841,43906.015,43048.270,42212.293,41396.912,40601.072,39823.810,39064.236,38321.525,37594.910,36883.672,36187.139,35504.677,34835.695,34179.635,33535.973,32904.218,32283.907,31674.605,31075.905,30487.423,29908.798,29339.694,28779.793,28228.798,27686.428,27152.424,26626.542,26108.553,25598.245,25095.421,24599.899,24111.512,23630.106,23155.542,22687.695,22226.454,21771.723,21323.420,20881.478,20445.843,20016.476,19593.354,19176.468,18765.822,18361.433,17963.333,17571.565,17186.181,16807.243,16434.818,16068.980,15709.802,15357.358,15011.717,14672.942,14341.086,14016.191,13698.283,13387.376,13083.465,12786.528,12496.528,12213.412,11937.110,11667.539,11404.604,11148.201,10898.213,10654.520,10416.993,10185.501,9959.911,9740.087,9525.896,9317.204,9113.881,8915.801,8722.842,8534.886,8351.819,8173.532,7999.919,7830.877,7666.303,7506.096,7350.153,7198.370,7050.643,6906.862,6766.917,6630.693,6498.076,6368.948,6243.191,6120.687,6001.318,5884.965,5771.515,5660.855,5552.874,5447.465,5344.526,5243.955,5145.657,5049.540,4955.515,4863.497,4773.407,4685.167,4598.703,4513.945,4430.828,4349.287,4269.262,4190.695,4113.532,4037.721,3963.211,3889.955,3817.908,3747.027,3677.270,3608.598,3540.972,3474.358,3408.720,3344.025,3280.240,3217.336,3155.282,3094.050,3033.613,2973.944,2915.018,2856.808,2799.293,2742.449,2686.252,2630.682,2575.717,2521.336,2467.520,2414.249,2361.503,2309.265,2257.516,2206.239,2155.417,2105.033,2055.070,2005.513,1956.346,1907.554,1859.121,1811.035,1763.279,1715.841,1668.707,1621.864,1575.300,1529.000,1482.954,1437.149,1391.575,1346.219,1301.070,1256.119,1211.354,1166.765,1122.344,1078.079,1033.963,989.986,946.139,902.414,858.803,815.299,771.893,728.578,685.347,642.193,599.110,556.090,513.128,470.218,427.353,384.528,341.737,298.975,256.236,213.514,170.806,128.106,85.408,42.708,0.000
0.000,1457.088,2914.779,4373.666,5834.319,7297.284,8763.076,10232.186,11705.081,13182.217,14664.047,16151.035,17643.664,19142.454,20647.972,22160.843,23681.763,25211.511,26750.963,28301.108,29863.062,31438.102,33027.688,34633.521,36257.601,37902.329,39570.655,41266.294,42994.072,44760.476,46574.559,48449.508,50405.453,52474.566,54709.714,57193.077,60000.000,60000.000,60000.000,60000.000,60000.000,60000.000,60000.000,60000.000,60000.000,60000.000,60000.000,58184.142,56603.992,55208.207,53938.963,52758.739,51644.613,50582.248,49562.292,48578.376,47625.984,46701.795,45803.277,44928.438,44075.657,43243.580,42431.045,41637.033,40860.630,40101.014,39357.424,38629.162,37915.576,37216.057,36530.034,35856.973,35196.369,34547.748,33910.666,33284.701,32669.459,32064.570,31469.682,30884.467,30308.616,29741.838,29183.860,28634.426,28093.296,27560.243,27035.057,26517.541,26007.511,25504.798,25009.244,24520.704,24039.046,23564.149,23095.906,22634.222,22179.013,21730.211,21287.756,20851.604,20421.723,19998.092,19580.704,19169.563,18764.684,18366.093,17973.828,17587.930,17208.453,16835.450,16468.983,16109.111,15755.894,15409.385,15069.636,14736.687,14410.568,14091.298,13778.883,13473.315,13174.571,12882.612,12597.390,12318.838,12046.879,11781.427,11522.383,11269.641,11023.090,10782.610,10548.081,10319.376,10096.371,9878.938,9666.953,9460.291,9258.832,9062.457,8871.051,8684.503,8502.705,8325.549,8152.933,7984.753,7820.907,7661.292,7505.804,7354.338,7206.788,7063.044,6922.996,6786.533,6653.540,6523.905,6397.514,6274.254,6154.011,6036.677,5922.141,5810.299,5701.047,5594.284,5489.913,5387.842,5287.980,5190.241,5094.541,5000.802,4908.947,4818.904,4730.603,4643.978,4558.966,4475.507,4393.543,4313.019,4233.883,4156.085,4079.576,4004.312,3930.248,3857.343,3785.556,3714.850,3645.188,3576.534,3508.854,3442.116,3376.288,3311.341,3247.244,3183.971,3121.493,3059.784,2998.820,2938.575,2879.025,2820.148,2761.921,2704.322,2647.330,2590.923,2535.083,2479.788,2425.021,2370.762,2316.994,2263.698,2210.856,2158.452,2106.470,2054.893,2003.706,1952.892,1902.438,1852.327,1802.546,1753.080,1703.917,1655.042,1606.442,1558.105,1510.019,1462.170,1414.549,1367.141,1319.939,1272.929,1226.101,1179.446,1132.954,1086.614,1040.418,994.357,948.421,902.603,856.894,811.287,765.773,720.346,674.997,629.721,584.511,539.359,494.260,449.208,404.196,359.219,314.271,269.347,224.441,179.548,134.662,89.779,44.893,0.000
0.000,1472.613,2945.617,4419.396,5894.318,7370.741,8849.003,10329.429,11812.336,13298.037,14786.851,16279.113,17775.184,19275.461,20780.385,22290.456,23806.237,25328.369,26857.580,28394.698,29940.666,31496.566,33063.645,34643.356,36237.419,37847.904,39477.357,41129.003,42807.044,44517.168,46267.398,48069.693,49943.192,51921.886,54075.941,56582.518,60000.000,60000.000,60000.000,60000.000,60000.000,60000.000,60000.000,60000.000,60000.000,60000.000,60000.000,57747.374,56153.587,54822.174,53626.098,52514.537,51462.724,50456.711,49487.846,48550.390,47640.346,46754.811,45891.601,45049.019,44225.699,43420.512,42632.499,41860.824,41104.743,40363.586,39636.738,38923.631,38223.737,37536.561,36861.639,36198.534,35546.833,34906.149,34276.115,33656.385,33046.633,32446.552,31855.851,31274.258,30701.515,30137.380,29581.624,29034.034,28494.406,27962.554,27438.299,26921.475,26411.929,25909.518,25414.109,24925.579,24443.818,23968.724,23500.207,23038.187,22582.595,22133.373,21690.473,21253.857,20823.499,20399.384,19981.505,19569.868,19164.485,18765.380,18372.583,17986.131,17606.065,17232.432,16865.282,16504.661,16150.617,15803.195,15462.432,15128.358,14800.996,14480.356,14166.440,13859.234,13558.715,13264.845,12977.574,12696.842,12422.576,12154.695,11893.107,11637.716,11388.414,11145.093,10907.639,10675.935,10449.861,10229.300,10014.131,9804.238,9599.503,9399.812,9205.053,9015.118,8829.898,8649.288,8473.184,8301.484,8134.084,7970.883,7811.777,7656.662,7505.433,7357.983,7214.204,7073.989,6937.227,6803.809,6673.625,6546.567,6422.526,6301.395,6183.071,6067.451,5954.435,5843.926,5735.830,5630.055,5526.514,5425.123,5325.800,5228.467,5133.049,5039.475,4947.675,4857.585,4769.141,4682.284,4596.956,4513.101,4430.669,4349.608,4269.870,4191.409,4114.182,4038.146,3963.261,3889.488,3816.790,3745.131,3674.476,3604.792,3536.048,3468.212,3401.256,3335.149,3269.865,3205.376,3141.657,3078.682,3016.427,2954.868,2893.981,2833.745,2774.137,2715.136,2656.721,2598.873,2541.570,2484.795,2428.527,2372.749,2317.443,2262.590,2208.174,2154.178,2100.585,2047.380,1994.547,1942.070,1889.934,1838.126,1786.629,1735.432,1684.519,1633.878,1583.496,1533.360,1483.458,1433.778,1384.309,1335.039,1285.956,1237.052,1188.315,1139.736,1091.304,1043.011,994.847,946.804,898.873,851.045,803.314,755.671,708.109,660.621,613.199,565.838,518.531,471.271,424.052,376.868,329.714,282.584,235.472,188.374,141.282,94.193,47.101,0.000
0.000,1487.753,2975.692,4463.995,5952.836,7442.382,8932.792,10424.224,11916.833,13410.783,14906.250,16403.430,17902.550,19403.873,20907.709,22414.419,23924.425,25438.217,26956.362,28479.512,30008.416,31543.931,33087.051,34638.924,36200.903,37774.595,39361.954,40965.403,42588.022,44233.836,45908.256,47618.749,49375.809,51193.910,53089.694,55061.084,56957.935,57764.012,58170.616,58401.579,58538.853,58615.078,58641.893,58617.688,58524.983,58313.099,57838.371,56651.994,55441.124,54301.198,53229.187,52211.131,51235.646,50294.706,49382.736,48495.805,47631.075,46786.440,45960.301,45151.401,44358.732,43581.455,42818.859,42070.323,41335.293,40613.267,39903.785,39206.418,38520.767,37846.453,37183.123,36530.439,35888.083,35255.753,34633.164,34020.044,33416.139,32821.204,32235.012,31657.344,31087.997,30526.776,29973.500,29427.996,28890.103,28359.667,27836.547,27320.608,26811.726,26309.783,25814.674,25326.298,24844.565,24369.394,23900.711,23438.452,22982.561,22532.991,22089.704,21652.671,21221.873,20797.297,20378.941,19966.809,19560.915,19161.278,18767.924,18380.884,18000.193,17625.890,17258.013,16896.602,16541.694,16193.323,15851.517,15516.299,15187.682,14865.672,14550.264,14241.443,13939.183,13643.445,13354.183,13071.336,12794.839,12524.612,12260.572,12002.625,11750.674,11504.616,11264.343,11029.746,10800.712,10577.129,10358.882,10145.859,9937.949,9735.040,9537.023,9343.791,9155.239,8971.262,8791.757,8616.622,8445.755,8279.053,8116.415,7957.739,7802.919,7651.852,7504.433,7360.556,7220.116,7083.005,6949.118,6818.350,6690.597,6565.756,6443.725,6324.407,6207.704,6093.522,5981.770,5872.358,5765.202,5660.220,5557.330,5456.456,5357.526,5260.467,5165.213,5071.698,4979.860,4889.640,4800.979,4713.825,4628.123,4543.824,4460.879,4379.244,4298.872,4219.723,4141.755,4064.928,3989.206,3914.552,3840.931,3768.309,3696.655,3625.937,3556.124,3487.188,3419.100,3351.832,3285.358,3219.652,3154.690,3090.446,3026.898,2964.021,2901.794,2840.194,2779.200,2718.791,2658.947,2599.648,2540.874,2482.606,2424.826,2367.515,2310.656,2254.231,2198.223,2142.616,2087.393,2032.538,1978.037,1923.872,1870.031,1816.497,1763.258,1710.300,1657.608,1605.170,1552.973,1501.005,1449.254,1397.707,1346.354,1295.184,1244.186,1193.349,1142.664,1092.121,1041.710,991.423,941.250,891.184,841.215,791.337,741.541,691.821,642.169,592.578,543.040,493.551,444.104,394.693,345.311,295.953,246.614,197.287,147.968,98.650,49.329,0.000
0.000,1502.716,3005.414,4508.072,6010.669,7513.181,9015.588,10517.873,12020.026,13522.054,15023.980,16525.856,18027.765,19529.832,21032.221,22535.151,24038.895,25543.784,27050.215,28558.653,30069.634,31583.778,33101.790,34624.477,36152.764,37687.714,39230.557,40782.728,42345.899,43921.995,45513.135,47121.329,48747.473,50388.333,52027.915,53614.253,55006.705,55927.558,56516.932,56896.916,57138.823,57279.644,57334.894,57303.977,57169.266,56889.195,56388.602,55581.392,54658.073,53712.738,52778.822,51865.724,50974.663,50104.436,49253.358,48419.855,47602.605,46800.536,46012.782,45238.637,44477.516,43728.922,42992.424,42267.639,41554.219,40851.844,40160.213,39479.044,38808.067,38147.027,37495.679,36853.789,36221.132,35597.495,34982.674,34376.472,33778.705,33189.196,32607.777,32034.287,31468.576,30910.498,30359.918,29816.705,29280.740,28751.906,28230.094,27715.203,27207.137,26705.807,26211.131,25723.033,25241.443,24766.298,24297.543,23835.128,23379.011,22929.156,22485.536,22048.130,21616.923,21191.909,20773.088,20360.467,19954.056,19553.876,19159.946,18772.295,18390.952,18015.948,17647.315,17285.083,16929.282,16579.938,16237.071,15900.696,15570.821,15247.445,14930.561,14620.149,14316.182,14018.622,13727.421,13442.524,13163.866,12891.372,12624.964,12364.553,12110.047,11861.349,11618.357,11380.968,11149.075,10922.570,10701.346,10485.293,10274.304,10068.271,9867.089,9670.652,9478.856,9291.600,9108.779,8930.294,8756.044,8585.927,8419.842,8257.689,8099.365,7944.768,7793.795,7646.344,7502.311,7361.594,7224.089,7089.697,6958.314,6829.842,6704.184,6581.243,6460.927,6343.142,6227.802,6114.818,6004.108,5895.591,5789.189,5684.826,5582.431,5481.934,5383.267,5286.367,5191.172,5097.622,5005.662,4915.235,4826.291,4738.778,4652.650,4567.859,4484.362,4402.115,4321.078,4241.211,4162.476,4084.838,4008.259,3932.708,3858.150,3784.554,3711.889,3640.126,3569.235,3499.189,3429.961,3361.524,3293.853,3226.923,3160.709,3095.188,3030.336,2966.132,2902.553,2839.578,2777.185,2715.355,2654.067,2593.301,2533.039,2473.261,2413.949,2355.085,2296.652,2238.631,2181.007,2123.763,2066.882,2010.350,1954.150,1898.268,1842.688,1787.397,1732.381,1677.626,1623.119,1568.847,1514.797,1460.958,1407.317,1353.864,1300.586,1247.475,1194.518,1141.706,1089.029,1036.479,984.045,931.720,879.494,827.360,775.310,723.336,671.431,619.588,567.799,516.060,464.362,412.700,361.068,309.460,257.870,206.293,154.723,103.154,51.582,0.000
0.000,1517.703,3035.185,4552.226,6068.606,7584.112,9098.537,10611.687,12123.384,13633.468,15141.807,16648.299,18152.881,19655.526,21156.256,22655.139,24152.292,25647.886,27142.143,28635.333,30127.779,31619.847,33111.947,34604.528,36098.063,37593.041,39089.936,40589.159,42090.957,43595.217,45101.068,46606.066,48104.525,49584.135,51019.480,52361.402,53527.167,54422.680,55072.742,55530.436,55839.998,56029.909,56114.204,56094.224,55959.096,55686.038,55245.727,54627.238,53897.438,53113.328,52308.172,51498.880,50693.510,49895.746,49107.197,48328.507,47559.874,46801.298,46052.697,45313.953,44584.937,43865.517,43155.560,42454.933,41763.503,41081.136,40407.697,39743.051,39087.062,38439.596,37800.521,37169.703,36547.013,35932.327,35325.520,34726.475,34135.075,33551.210,32974.773,32405.661,31843.776,31289.024,30741.314,30200.560,29666.682,29139.599,28619.238,28105.530,27598.408,27097.811,26603.681,26115.965,25634.613,25159.584,24690.836,24228.337,23772.057,23321.972,22878.064,22440.322,22008.736,21583.306,21164.034,20750.928,20344.000,19943.269,19548.752,19160.474,18778.459,18402.733,18033.321,17670.247,17313.534,16963.201,16619.263,16281.727,15950.596,15625.865,15307.523,14995.548,14689.910,14390.572,14097.487,13810.600,13529.848,13255.162,12986.466,12723.675,12466.704,12215.458,11969.842,11729.757,11495.101,11265.772,11041.665,10822.677,10608.703,10399.639,10195.382,9995.828,9800.877,9610.426,9424.376,9242.625,9065.076,8891.627,8722.179,8556.633,8394.888,8236.844,8082.402,7931.460,7783.919,7639.677,7498.637,7360.699,7225.766,7093.741,6964.530,6838.040,6714.179,6592.860,6473.995,6357.500,6243.295,6131.299,6021.438,5913.636,5807.823,5703.930,5601.892,5501.645,5403.128,5306.282,5211.051,5117.382,5025.221,4934.518,4845.227,4757.301,4670.695,4585.367,4501.276,4418.381,4336.645,4256.031,4176.504,4098.028,4020.572,3944.103,3868.589,3794.002,3720.310,3647.487,3575.504,3504.334,3433.952,3364.332,3295.450,3227.280,3159.800,3092.986,3026.816,2961.268,2896.320,2831.951,2768.141,2704.869,2642.115,2579.860,2518.085,2456.772,2395.901,2335.457,2275.419,2215.773,2156.502,2097.588,2039.016,1980.771,1922.837,1865.199,1807.843,1750.755,1693.922,1637.329,1580.965,1524.815,1468.869,1413.114,1357.540,1302.134,1246.886,1191.786,1136.824,1081.990,1027.275,972.670,918.166,863.755,809.428,755.178,700.999,646.881,592.819,538.805,484.834,430.898,376.993,323.110,269.246,215.395,161.550,107.706,53.858,0.000
0.000,1532.917,3065.411,4597.057,6127.439,7656.148,9182.791,10706.990,12228.393,13746.671,15261.529,16772.708,18279.990,19783.199,21282.205,22776.926,24267.324,25753.406,27235.220,28712.846,30186.392,31655.978,33121.725,34583.727,36042.025,37496.560,38947.100,40393.130,41833.670,43266.967,44689.973,46097.464,47480.549,48824.323,50104.591,51284.833,52318.008,53163.386,53821.058,54312.235,54660.985,54885.966,54997.983,54999.836,54887.106,54650.416,54281.364,53784.778,53191.559,52535.466,51842.225,51128.744,50405.441,49678.593,48951.995,48227.981,47508.025,46793.087,46083.817,45380.663,44683.945,43993.891,43310.668,42634.392,41965.145,41302.979,40647.925,39999.995,39359.186,38725.485,38098.869,37479.308,36866.767,36261.208,35662.589,35070.867,34485.998,33907.934,33336.633,32772.047,32214.132,31662.843,31118.136,30579.969,30048.299,29523.085,29004.288,28491.870,27985.793,27486.024,26992.531,26505.281,26024.247,25549.405,25080.730,24618.206,24161.816,23711.548,23267.392,22829.346,22397.407,21971.579,21551.868,21138.285,20730.842,20329.557,19934.446,19545.530,19162.831,18786.368,18416.163,18052.234,17694.599,17343.270,16998.256,16659.561,16327.182,16001.112,15681.333,15367.824,15060.553,14759.482,14464.564,14175.746,13892.967,13616.161,13345.253,13080.164,12820.810,12567.104,12318.954,12076.264,11838.938,11606.877,11379.982,11158.150,10941.282,10729.276,10522.032,10319.449,10121.427,9927.868,9738.671,9553.739,9372.972,9196.273,9023.544,8854.687,8689.603,8528.194,8370.363,8216.012,8065.041,7917.355,7772.858,7631.452,7493.044,7357.539,7224.846,7094.875,6967.538,6842.748,6720.421,6600.474,6482.829,6367.409,6254.138,6142.945,6033.759,5926.513,5821.143,5717.586,5615.781,5515.670,5417.199,5320.313,5224.960,5131.091,5038.658,4947.615,4857.918,4769.523,4682.391,4596.480,4511.754,4428.174,4345.705,4264.313,4183.964,4104.625,4026.266,3948.855,3872.364,3796.763,3722.024,3648.121,3575.026,3502.713,3431.158,3360.336,3290.221,3220.792,3152.025,3083.897,3016.386,2949.471,2883.129,2817.341,2752.087,2687.345,2623.096,2559.322,2496.004,2433.123,2370.661,2308.600,2246.924,2185.615,2124.657,2064.035,2003.731,1943.731,1884.020,1824.584,1765.407,1706.477,1647.780,1589.303,1531.033,1472.959,1415.068,1357.348,1299.790,1242.382,1185.114,1127.975,1070.958,1014.051,957.246,900.535,843.910,787.362,730.884,674.469,618.109,561.797,505.528,449.295,393.091,336.910,280.747,224.596,168.451,112.307,56.159,0.000
0.000,1548.563,3096.496,4643.170,6187.965,7730.277,9269.519,10805.127,12336.568,13863.340,15384.981,16901.070,18411.233,19915.140,21412.511,22903.111,24386.751,25863.279,27332.573,28794.533,30249.062,31696.052,33135.353,34566.739,35989.865,37404.192,38808.894,40202.716,41583.756,42949.138,44294.529,45613.403,46896.025,48128.160,49289.875,50355.482,51296.804,52091.959,52736.044,53236.648,53605.942,53855.204,53992.168,54020.296,53939.372,53747.493,53444.915,53039.380,52549.036,51995.292,51397.117,50769.088,50121.633,49461.969,48795.049,48124.296,47452.115,46780.229,46109.901,45442.079,44777.489,44116.697,43460.149,42808.202,42161.144,41519.208,40882.586,40251.432,39625.874,39006.017,38391.947,37783.734,37181.436,36585.102,35994.769,35410.469,34832.227,34260.064,33693.994,33134.030,32580.179,32032.446,31490.833,30955.340,30425.965,29902.705,29385.553,28874.503,28369.549,27870.681,27377.892,26891.174,26410.519,25935.920,25467.372,25004.871,24548.413,24097.999,23653.628,23215.305,22783.035,22356.826,21936.689,21522.636,21114.681,20712.841,20317.133,19927.574,19544.182,19166.975,18795.970,18431.180,18072.618,17720.292,17374.206,17034.359,16700.746,16373.354,16052.166,15737.155,15428.289,15125.530,14828.831,14538.140,14253.398,13974.539,13701.493,13434.183,13172.529,12916.447,12665.848,12420.642,12180.734,11946.030,11716.434,11491.848,11272.174,11057.314,10847.170,10641.642,10440.635,10244.050,10051.789,9863.756,9679.853,9499.985,9324.055,9151.966,8983.623,8818.929,8657.787,8500.104,8345.782,8194.728,8046.848,7902.048,7760.236,7621.322,7485.216,7351.831,7221.081,7092.882,6967.151,6843.809,6722.779,6603.985,6487.353,6372.814,6260.298,6149.740,6041.076,5934.243,5829.183,5725.839,5624.156,5524.079,5425.559,5328.544,5232.989,5138.848,5046.075,4954.629,4864.468,4775.553,4687.846,4601.308,4515.905,4431.602,4348.364,4266.160,4184.958,4104.726,4025.436,3947.057,3869.561,3792.921,3717.111,3642.102,3567.870,3494.390,3421.636,3349.586,3278.214,3207.499,3137.417,3067.946,2999.065,2930.752,2862.987,2795.748,2729.015,2662.769,2596.991,2531.661,2466.761,2402.273,2338.179,2274.461,2211.103,2148.088,2085.400,2023.022,1960.939,1899.137,1837.601,1776.316,1715.268,1654.445,1593.833,1533.420,1473.192,1413.140,1353.250,1293.513,1233.917,1174.453,1115.110,1055.880,996.752,937.718,878.771,819.901,761.100,702.363,643.681,585.047,526.455,467.898,409.370,350.866,292.378,233.901,175.431,116.961,58.486,0.000
0.000,1564.847,3128.852,4691.178,6250.998,7807.505,9359.913,10907.469,12449.454,13985.188,15514.037,17035.417,18548.794,20053.684,21549.658,23036.334,24513.373,25980.472,27437.353,28883.747,30319.375,31743.923,33157.007,34558.130,35946.625,37321.574,38681.701,40025.221,41349.637,42651.446,43925.749,45165.749,46362.145,47502.581,48571.435,49550.591,50421.950,51171.795,51794.719,52292.589,52671.168,52936.997,53095.469,53150.119,53102.935,52955.646,52711.845,52379.259,51970.431,51500.122,50982.489,50429.543,49850.777,49253.401,48642.794,48022.959,47396.891,46766.851,46134.576,45501.421,44868.454,44236.536,43606.366,42978.519,42353.476,41731.639,41113.351,40498.905,39888.551,39282.510,38680.973,38084.107,37492.062,36904.968,36322.945,35746.096,35174.517,34608.291,34047.495,33492.196,32942.454,32398.324,31859.854,31327.086,30800.058,30278.801,29763.346,29253.716,28749.933,28252.015,27759.979,27273.838,26793.606,26319.293,25850.910,25388.468,24931.975,24481.444,24036.883,23598.305,23165.722,22739.147,22318.594,21904.080,21495.618,21093.226,20696.919,20306.716,19922.630,19544.676,19172.869,18807.217,18447.730,18094.412,17747.262,17406.277,17071.447,16742.757,16420.186,16103.707,15793.286,15488.885,15190.457,14897.951,14611.307,14330.463,14055.350,13785.894,13522.018,13263.640,13010.675,12763.036,12520.632,12283.372,12051.162,11823.908,11601.513,11383.884,11170.923,10962.536,10758.625,10559.096,10363.852,10172.799,9985.840,9802.882,9623.829,9448.587,9277.061,9109.157,8944.782,8783.842,8626.243,8471.894,8320.703,8172.579,8027.434,7885.178,7745.725,7608.989,7474.887,7343.338,7214.260,7087.577,6963.213,6841.093,6721.148,6603.306,6487.502,6373.670,6261.748,6151.675,6043.392,5936.843,5831.974,5728.732,5627.066,5526.928,5428.270,5331.047,5235.214,5140.730,5047.553,4955.645,4864.965,4775.478,4687.147,4599.938,4513.816,4428.749,4344.706,4261.654,4179.564,4098.407,4018.153,3938.774,3860.244,3782.535,3705.622,3629.478,3554.080,3479.401,3405.418,3332.108,3259.447,3187.413,3115.982,3045.135,2974.848,2905.101,2835.872,2767.143,2698.893,2631.102,2563.751,2496.822,2430.296,2364.155,2298.381,2232.959,2167.870,2103.098,2038.627,1974.442,1910.528,1846.870,1783.454,1720.266,1657.292,1594.519,1531.936,1469.529,1407.287,1345.199,1283.254,1221.442,1159.751,1098.173,1036.699,975.319,914.025,852.808,791.661,730.576,669.546,608.563,547.622,486.716,425.838,364.983,304.144,243.315,182.492,121.669,60.840,0.000
0.000,1581.980,3162.901,4741.710,6317.368,7888.859,9455.194,11015.422,12568.634,14113.969,15650.617,17177.828,18694.905,20201.215,21696.181,23179.276,24650.021,26107.975,27552.717,28983.829,30400.875,31803.370,33190.739,34562.272,35917.061,37253.913,38571.252,39866.976,41138.277,42381.415,43591.437,44761.865,45884.402,46948.766,47942.882,48853.695,49668.820,50378.774,50978.681,51468.074,51849.417,52126.437,52302.912,52382.124,52366.981,52260.727,52068.016,51795.881,51453.860,51052.879,50603.826,50116.529,49599.298,49058.884,48500.647,47928.796,47346.634,46756.763,46161.249,45561.748,44959.604,44355.920,43751.611,43147.445,42544.073,41942.052,41341.865,40743.933,40148.624,39556.266,38967.151,38381.541,37799.673,37221.760,36647.997,36078.561,35513.615,34953.305,34397.767,33847.126,33301.491,32760.968,32225.649,31695.617,31170.950,30651.716,30137.978,29629.791,29127.204,28630.262,28139.006,27653.470,27173.688,26699.687,26231.495,25769.136,25312.632,24862.003,24417.271,23978.456,23545.574,23118.645,22697.687,22282.717,21873.754,21470.814,21073.912,20683.066,20298.288,19919.590,19546.983,19180.475,18820.070,18465.768,18117.568,17775.461,17439.435,17109.473,16785.550,16467.640,16155.707,15849.711,15549.605,15255.339,14966.855,14684.091,14406.981,14135.452,13869.429,13608.834,13353.583,13103.593,12858.775,12619.042,12384.301,12154.462,11929.431,11709.116,11493.421,11282.255,11075.522,10873.129,10674.982,10480.987,10291.050,10105.079,9922.980,9744.660,9570.027,9398.989,9231.454,9067.329,8906.525,8748.952,8594.520,8443.141,8294.728,8149.194,8006.456,7866.431,7729.036,7594.192,7461.822,7331.849,7204.200,7078.803,6955.587,6834.486,6715.432,6598.364,6483.218,6369.937,6258.461,6148.736,6040.707,5934.323,5829.534,5726.291,5624.548,5524.259,5425.381,5327.872,5231.691,5136.798,5043.155,4950.725,4859.473,4769.362,4680.359,4592.433,4505.549,4419.678,4334.789,4250.851,4167.836,4085.716,4004.463,3924.050,3844.450,3765.638,3687.587,3610.273,3533.672,3457.759,3382.510,3307.903,3233.914,3160.521,3087.702,3015.436,2943.701,2872.476,2801.741,2731.476,2661.661,2592.277,2523.304,2454.725,2386.521,2318.675,2251.169,2183.986,2117.110,2050.525,1984.216,1918.166,1852.362,1786.789,1721.433,1656.281,1591.321,1526.539,1461.922,1397.461,1333.144,1268.960,1204.898,1140.949,1077.104,1013.352,949.687,886.098,822.578,759.119,695.714,632.357,569.040,505.757,442.502,379.268,316.050,252.841,189.638,126.434,63.223,0.000
0.000,1600.179,3199.076,4795.412,6387.930,7975.397,9556.616,11130.431,12695.737,14251.487,15796.692,17330.432,18851.851,20360.165,21854.651,23334.650,24799.551,26248.787,27681.811,29098.084,30497.040,31878.061,33240.431,34583.290,35905.568,37205.907,38482.568,39733.308,40955.242,42144.668,43296.893,44406.057,45465.021,46465.398,47397.843,48252.707,49021.092,49696.046,50273.421,50751.890,51132.288,51416.747,51607.969,51708.863,51722.551,51652.715,51504.102,51282.924,50996.827,50654.337,50264.089,49834.181,49371.789,48883.035,48373.012,47845.899,47305.100,46753.390,46193.038,45625.906,45053.542,44477.237,43898.081,43317.003,42734.804,42152.177,41569.730,40988.001,40407.468,39828.560,39251.665,38677.133,38105.286,37536.416,36970.793,36408.665,35850.259,35295.785,34745.438,34199.394,33657.818,33120.860,32588.658,32061.336,31539.011,31021.787,30509.757,30003.008,29501.618,29005.656,28515.186,28030.265,27550.943,27077.266,26609.278,26147.015,25690.512,25239.800,24794.910,24355.867,23922.697,23495.423,23074.067,22658.651,22249.192,21845.709,21448.218,21056.733,20671.268,20291.832,19918.433,19551.077,19189.765,18834.495,18485.261,18142.054,17804.857,17473.651,17148.411,16829.108,16515.704,16208.160,15906.429,15610.461,15320.197,15035.578,14756.538,14483.006,14214.911,13952.174,13694.715,13442.453,13195.302,12953.176,12715.987,12483.644,12256.058,12033.137,11814.790,11600.925,11391.450,11186.271,10985.298,10788.439,10595.600,10406.692,10221.622,10040.299,9862.632,9688.532,9517.907,9350.670,9186.730,9026.000,8868.394,8713.825,8562.208,8413.459,8267.496,8124.238,7983.606,7845.523,7709.911,7576.698,7445.811,7317.181,7190.738,7066.416,6944.152,6823.882,6705.547,6589.087,6474.447,6361.572,6250.408,6140.905,6033.013,5926.685,5821.873,5718.534,5616.624,5516.102,5416.927,5319.059,5222.460,5127.094,5032.924,4939.916,4848.036,4757.251,4667.529,4578.838,4491.147,4404.428,4318.650,4233.785,4149.805,4066.682,3984.391,3902.903,3822.194,3742.238,3663.010,3584.485,3506.640,3429.450,3352.892,3276.944,3201.583,3126.786,3052.532,2978.799,2905.567,2832.814,2760.521,2688.667,2617.234,2546.201,2475.551,2405.266,2335.326,2265.715,2196.416,2127.413,2058.689,1990.229,1922.017,1854.039,1786.281,1718.729,1651.369,1584.189,1517.177,1450.320,1383.607,1317.027,1250.570,1184.225,1117.983,1051.835,985.771,919.783,853.864,788.005,722.199,656.438,590.718,525.030,459.369,393.728,328.101,262.484,196.871,131.256,65.634,0.000
0.000,1619.670,3237.823,4852.951,6463.567,8068.215,9665.477,11253.989,12832.444,14399.601,15954.290,17495.418,19021.972,20533.016,22027.690,23505.207,24964.839,26405.907,27827.763,29229.766,30611.257,31971.526,33309.765,34625.026,35916.157,37181.729,38419.960,39628.613,40804.886,41945.303,43045.598,44100.645,45104.433,46050.181,46930.610,47738.440,48467.048,49111.165,49667.355,50134.082,50511.429,50800.645,51003.735,51123.217,51162.088,51123.959,51013.273,50835.446,50596.792,50304.207,49964.717,49585.071,49171.449,48729.315,48263.385,47777.659,47275.506,46759.748,46232.750,45696.501,45152.683,44602.724,44047.851,43489.122,42927.461,42363.680,41798.495,41232.551,40666.424,40100.639,39535.670,38971.955,38409.895,37849.857,37292.185,36737.193,36185.175,35636.400,35091.120,34549.566,34011.951,33478.474,32949.315,32424.641,31904.604,31389.343,30878.984,30373.644,29873.426,29378.426,28888.729,28404.412,27925.545,27452.191,26984.406,26522.242,26065.744,25614.955,25169.911,24730.648,24297.196,23869.584,23447.838,23031.980,22622.033,22218.013,21819.940,21427.825,21041.680,20661.515,20287.336,19919.145,19556.941,19200.721,18850.474,18506.190,18167.850,17835.433,17508.912,17188.256,16873.427,16564.383,16261.080,15963.465,15671.482,15385.072,15104.168,14828.704,14558.608,14293.803,14034.213,13779.756,13530.350,13285.911,13046.352,12811.585,12581.523,12356.077,12135.156,11918.670,11706.529,11498.643,11294.921,11095.272,10899.607,10707.835,10519.867,10335.613,10154.984,9977.892,9804.248,9633.965,9466.957,9303.137,9142.421,8984.724,8829.964,8678.059,8528.929,8382.495,8238.679,8097.407,7958.604,7822.198,7688.119,7556.298,7426.668,7299.165,7173.725,7050.287,6928.793,6809.185,6691.408,6575.408,6461.132,6348.531,6237.556,6128.159,6020.295,5913.920,5808.991,5705.466,5603.306,5502.471,5402.924,5304.627,5207.545,5111.643,5016.888,4923.245,4830.684,4739.172,4648.679,4559.175,4470.631,4383.017,4296.306,4210.469,4125.479,4041.310,3957.935,3875.329,3793.466,3712.321,3631.869,3552.088,3472.951,3394.437,3316.521,3239.182,3162.397,3086.143,3010.400,2935.147,2860.361,2786.024,2712.114,2638.612,2565.500,2492.758,2420.368,2348.312,2276.572,2205.131,2133.974,2063.084,1992.444,1922.041,1851.860,1781.885,1712.104,1642.504,1573.072,1503.796,1434.663,1365.663,1296.785,1228.018,1159.353,1090.782,1022.293,953.880,885.533,817.245,749.009,680.818,612.664,544.542,476.445,408.368,340.304,272.248,204.195,136.140,68.076,0.000
0.000,1640.684,3279.609,4915.022,6545.198,8168.447,9783.124,11387.647,12980.498,14560.237,16125.508,17675.046,19207.674,20722.313,22217.970,23693.739,25148.787,26582.342,27993.675,29382.074,30746.819,32087.148,33402.213,34691.036,35952.452,37185.050,38387.097,39556.469,40690.568,41786.247,42839.753,43846.701,44802.106,45700.513,46536.223,47303.654,47997.769,48614.504,49151.060,49605.984,49979.053,50271.046,50483.513,50618.619,50679.094,50668.264,50590.129,50449.379,50251.319,50001.656,49706.223,49370.709,49000.445,48600.271,48174.483,47726.833,47260.559,46778.443,46282.868,45775.880,45259.236,44734.457,44202.867,43665.624,43123.750,42578.154,42029.650,41478.973,40926.790,40373.710,39820.293,39267.053,38714.469,38162.981,37613.002,37064.913,36519.070,35975.800,35435.413,34898.190,34364.396,33834.272,33308.044,32785.917,32268.080,31754.705,31245.952,30741.964,30242.872,29748.793,29259.837,28776.099,28297.666,27824.619,27357.027,26894.953,26438.456,25987.586,25542.389,25102.907,24669.176,24241.230,23819.098,23402.805,22992.375,22587.828,22189.179,21796.444,21409.631,21028.750,20653.805,20284.795,19921.719,19564.569,19213.335,18868.001,18528.550,18194.956,17867.192,17545.224,17229.015,16918.523,16613.700,16314.496,16020.854,15732.715,15450.015,15172.687,14900.660,14633.861,14372.213,14115.637,13864.052,13617.377,13375.526,13138.414,12905.955,12678.060,12454.642,12235.613,12020.883,11810.365,11603.968,11401.605,11203.186,11008.623,10817.828,10630.713,10447.191,10267.176,10090.579,9917.318,9747.306,9580.459,9416.695,9255.931,9098.087,8943.083,8790.841,8641.284,8494.336,8349.925,8207.977,8068.423,7931.194,7796.223,7663.445,7532.796,7404.215,7277.642,7153.019,7030.291,6909.402,6790.300,6672.934,6557.255,6443.214,6330.766,6219.864,6110.466,6002.529,5896.012,5790.875,5687.081,5584.590,5483.367,5383.377,5284.584,5186.954,5090.455,4995.054,4900.721,4807.424,4715.133,4623.818,4533.451,4444.002,4355.445,4267.751,4180.893,4094.845,4009.581,3925.074,3841.300,3758.233,3675.848,3594.122,3513.030,3432.549,3352.655,3273.326,3194.539,3116.272,3038.504,2961.211,2884.375,2807.973,2731.987,2656.396,2581.181,2506.323,2431.803,2357.604,2283.708,2210.097,2136.756,2063.669,1990.819,1918.192,1845.774,1773.549,1701.505,1629.630,1557.909,1486.331,1414.886,1343.561,1272.346,1201.233,1130.210,1059.269,988.401,917.599,846.853,776.158,705.505,634.889,564.303,493.740,423.196,352.663,282.137,211.613,141.086,70.550,0.000
0.000,1663.468,3324.919,4982.350,6633.782,8277.281,9910.964,11533.020,13141.712,14735.395,16312.522,17871.648,19411.439,20930.670,22428.224,23903.084,25354.326,26781.105,28182.632,29558.153,30906.924,32228.167,33521.044,34784.601,36017.724,37219.085,38387.082,39519.781,40614.861,41669.566,42680.678,43644.520,44557.013,45413.788,46210.375,46942.457,47606.161,48198.332,48716.726,49160.091,49528.127,49821.372,50041.079,50189.112,50267.895,50280.404,50230.163,50121.228,49958.097,49745.568,49488.552,49191.888,48860.190,48497.731,48108.390,47695.630,47262.509,46811.707,46345.568,45866.138,45375.206,44874.344,44364.937,43848.216,43325.280,42797.116,42264.619,41728.602,41189.814,40648.941,40106.619,39563.439,39019.948,38476.660,37934.052,37392.570,36852.630,36314.618,35778.896,35245.799,34715.637,34188.700,33665.251,33145.535,32629.778,32118.184,31610.944,31108.226,30610.189,30116.973,29628.706,29145.504,28667.471,28194.701,27727.278,27265.279,26808.769,26357.809,25912.453,25472.749,25038.739,24610.460,24187.945,23771.223,23360.317,22955.250,22556.037,22162.692,21775.226,21393.644,21017.949,20648.140,20284.213,19926.158,19573.964,19227.613,18887.083,18552.350,18223.383,17900.148,17582.607,17270.716,16964.428,16663.692,16368.451,16078.646,15794.215,15515.091,15241.204,14972.482,14708.849,14450.228,14196.541,13947.706,13703.640,13464.258,13229.477,12999.210,12773.372,12551.874,12334.631,12121.554,11912.556,11707.550,11506.449,11309.166,11115.615,10925.708,10739.361,10556.488,10377.006,10200.829,10027.875,9858.063,9691.311,9527.538,9366.667,9208.618,9053.317,8900.688,8750.658,8603.154,8458.108,8315.449,8175.110,8037.028,7901.138,7767.377,7635.687,7506.009,7378.286,7252.463,7128.487,7006.306,6885.870,6767.132,6650.042,6534.556,6420.630,6308.221,6197.286,6087.786,5979.681,5872.933,5767.505,5663.360,5560.463,5458.780,5358.277,5258.921,5160.680,5063.523,4967.418,4872.336,4778.247,4685.122,4592.930,4501.646,4411.241,4321.688,4232.959,4145.028,4057.868,3971.455,3885.762,3800.765,3716.438,3632.757,3549.699,3467.238,3385.352,3304.018,3223.213,3142.915,3063.101,2983.751,2904.842,2826.355,2748.268,2670.563,2593.218,2516.217,2439.539,2363.167,2287.084,2211.273,2135.716,2060.398,1985.304,1910.418,1835.726,1761.215,1686.871,1612.681,1538.633,1464.715,1390.917,1317.228,1243.637,1170.135,1096.713,1023.362,950.074,876.841,803.656,730.512,657.402,584.321,511.260,438.217,365.183,292.156,219.129,146.097,73.055,0.000
0.000,1688.276,3374.266,5055.697,6730.326,8395.961,10050.470,11691.799,13317.984,14927.165,16517.597,18087.653,19635.839,21160.786,22661.258,24136.140,25584.431,27005.227,28397.709,29761.107,31094.683,32397.691,33669.340,34908.752,36114.919,37286.654,38422.544,39520.902,40579.729,41596.689,42569.093,43493.922,44367.884,45187.511,45949.306,46649.929,47286.395,47856.261,48357.767,48789.897,49152.385,49445.656,49670.767,49829.331,49923.482,49955.837,49929.477,49847.897,49714.940,49534.676,49311.283,49048.907,48751.549,48422.977,48066.672,47685.797,47283.202,46861.427,46422.734,45969.130,45502.396,45024.122,44535.729,44038.491,43533.565,43021.999,42504.754,41982.713,41456.693,40927.452,40395.697,39862.087,39327.240,38791.734,38256.112,37720.882,37186.517,36653.461,36122.128,35592.904,35066.145,34542.184,34021.325,33503.851,32990.022,32480.075,31974.226,31472.675,30975.600,30483.167,29995.521,29512.797,29035.114,28562.582,28095.296,27633.342,27176.799,26725.733,26280.207,25840.273,25405.980,24977.368,24554.473,24137.326,23725.952,23320.374,22920.608,22526.668,22138.563,21756.297,21379.874,21009.289,20644.535,20285.604,19932.480,19585.143,19243.572,18907.739,18577.612,18253.157,17934.333,17621.095,17313.397,17011.186,16714.407,16423.000,16136.903,15856.051,15580.373,15309.798,15044.253,14783.661,14527.945,14277.024,14030.817,13789.242,13552.214,13319.651,13091.466,12867.574,12647.890,12432.327,12220.801,12013.224,11809.511,11609.577,11413.337,11220.706,11031.600,10845.935,10663.629,10484.600,10308.765,10136.047,9966.364,9799.639,9635.794,9474.754,9316.445,9160.792,9007.726,8857.176,8709.072,8563.349,8419.940,8278.783,8139.815,8002.976,7868.208,7735.453,7604.655,7475.762,7348.722,7223.482,7099.996,6978.214,6858.092,6739.583,6622.645,6507.235,6393.312,6280.837,6169.770,6060.073,5951.711,5844.647,5738.846,5634.274,5530.898,5428.684,5327.601,5227.617,5128.702,5030.824,4933.956,4838.066,4743.127,4649.109,4555.985,4463.728,4372.309,4281.702,4191.881,4102.819,4014.490,3926.869,3839.930,3753.649,3668.001,3582.961,3498.505,3414.611,3331.253,3248.411,3166.061,3084.181,3002.748,2921.743,2841.144,2760.931,2681.083,2601.580,2522.405,2443.538,2364.962,2286.658,2208.611,2130.802,2053.218,1975.841,1898.658,1821.655,1744.817,1668.133,1591.588,1515.172,1438.873,1362.681,1286.584,1210.574,1134.642,1058.778,982.974,907.223,831.517,755.849,680.214,604.604,529.014,453.438,377.871,302.308,226.744,151.175,75.595,0.000
0.000,1715.379,3428.186,5135.864,6835.891,8525.800,10203.194,11865.766,13511.311,15137.743,16743.109,18325.599,19883.552,21415.461,22919.972,24395.884,25842.131,27257.776,28641.985,29994.008,31313.145,32598.716,33850.021,35066.306,36246.714,37390.246,38495.724,39561.748,40586.673,41568.586,42505.313,43394.435,44233.347,45019.337,45749.696,46421.861,47033.548,47582.893,48068.545,48489.731,48846.267,49138.538,49367.465,49534.460,49641.392,49690.549,49684.608,49626.584,49519.768,49367.638,49173.767,48941.723,48674.986,48376.871,48050.487,47698.703,47324.145,46929.192,46515.994,46086.489,45642.424,45185.376,44716.777,44237.928,43750.022,43254.155,42751.339,42242.519,41728.570,41210.317,40688.530,40163.935,39637.215,39109.011,38579.929,38050.536,37521.364,36992.910,36465.642,35939.992,35416.363,34895.130,34376.636,33861.202,33349.118,32840.653,32336.053,31835.539,31339.315,30847.566,30360.456,29878.137,29400.744,28928.396,28461.203,27999.261,27542.656,27091.463,26645.751,26205.577,25770.994,25342.046,24918.772,24501.204,24089.370,23683.291,23282.985,22888.465,22499.738,22116.810,21739.681,21368.344,21002.793,20643.016,20288.995,19940.710,19598.136,19261.245,18930.003,18604.374,18284.317,17969.786,17660.734,17357.108,17058.852,16765.906,16478.209,16195.695,15918.295,15645.938,15378.552,15116.062,14858.389,14605.457,14357.183,14113.488,13874.288,13639.501,13409.043,13182.831,12960.778,12742.801,12528.817,12318.738,12112.483,11909.965,11711.103,11515.813,11324.012,11135.619,10950.551,10768.729,10590.074,10414.506,10241.948,10072.324,9905.559,9741.578,9580.309,9421.680,9265.623,9112.068,8960.949,8812.200,8665.758,8521.561,8379.548,8239.661,8101.843,7966.037,7832.190,7700.250,7570.166,7441.887,7315.367,7190.559,7067.417,6945.898,6825.958,6707.557,6590.654,6475.210,6361.186,6248.546,6137.253,6027.272,5918.568,5811.107,5704.856,5599.782,5495.855,5393.041,5291.311,5190.634,5090.980,4992.320,4894.625,4797.867,4702.017,4607.047,4512.931,4419.639,4327.146,4235.425,4144.449,4054.193,3964.631,3875.737,3787.486,3699.854,3612.815,3526.346,3440.423,3355.021,3270.119,3185.693,3101.722,3018.182,2935.053,2852.314,2769.943,2687.921,2606.229,2524.847,2443.756,2362.939,2282.378,2202.057,2121.959,2042.068,1962.370,1882.849,1803.492,1724.286,1645.218,1566.276,1487.448,1408.723,1330.092,1251.544,1173.071,1094.663,1016.312,938.010,859.751,781.528,703.333,625.162,547.008,468.866,390.732,312.599,234.464,156.322,78.169,0.000
0.000,1745.064,3487.251,5223.703,6951.601,8668.186,10370.780,12056.805,13723.801,15369.443,16991.562,18588.153,20157.386,21697.615,23207.377,24685.389,26130.539,27541.872,28918.569,30259.924,31565.310,32834.150,34065.878,35259.900,36415.555,37532.074,38608.550,39643.898,40636.842,41585.897,42489.375,43345.409,44151.999,44907.073,45608.580,46254.585,46843.378,47373.569,47844.164,48254.614,48604.836,48895.214,49126.573,49300.162,49417.617,49480.935,49492.435,49454.716,49370.602,49243.074,49075.200,48870.058,48630.672,48359.956,48060.673,47735.409,47386.560,47016.333,46626.747,46219.651,45796.733,45359.539,44909.491,44447.900,43975.978,43494.856,43005.591,42509.173,42006.536,41498.560,40986.079,40469.879,39950.706,39429.263,38906.216,38382.190,37857.773,37333.518,36809.941,36287.522,35766.710,35247.918,34731.530,34217.900,33707.350,33200.179,32696.657,32197.031,31701.526,31210.346,30723.672,30241.672,29764.493,29292.268,28825.116,28363.143,27906.442,27455.096,27009.177,26568.749,26133.867,25704.580,25280.927,24862.943,24450.656,24044.087,23643.256,23248.172,22858.845,22475.277,22097.466,21725.406,21359.089,20998.498,20643.617,20294.422,19950.887,19612.982,19280.672,18953.920,18632.682,18316.913,18006.564,17701.582,17401.910,17107.490,16818.258,16534.150,16255.096,15981.028,15711.872,15447.554,15187.999,14933.127,14682.860,14437.118,14195.819,13958.881,13726.223,13497.761,13273.411,13053.091,12836.717,12624.206,12415.475,12210.441,12009.022,11811.137,11616.704,11425.643,11237.874,11053.319,10871.898,10693.537,10518.158,10345.687,10176.052,10009.178,9844.996,9683.436,9524.430,9367.911,9213.815,9062.077,8912.636,8765.432,8620.406,8477.499,8336.658,8197.827,8060.954,7925.988,7792.879,7661.579,7532.041,7404.220,7278.071,7153.552,7030.621,6909.237,6789.361,6670.953,6553.978,6438.397,6324.176,6211.278,6099.671,5989.320,5880.193,5772.257,5665.481,5559.833,5455.283,5351.801,5249.356,5147.920,5047.463,4947.956,4849.371,4751.681,4654.856,4558.870,4463.695,4369.304,4275.671,4182.768,4090.571,3999.052,3908.186,3817.948,3728.313,3639.255,3550.750,3462.775,3375.306,3288.319,3201.791,3115.699,3030.023,2944.739,2859.828,2775.267,2691.037,2607.119,2523.493,2440.141,2357.045,2274.188,2191.552,2109.123,2026.884,1944.820,1862.918,1781.164,1699.544,1618.047,1536.661,1455.375,1374.179,1293.062,1212.016,1131.032,1050.102,969.217,888.372,807.559,726.771,646.004,565.251,484.509,403.771,323.034,242.292,161.541,80.779,0.000
0.000,1777.633,3552.065,5320.116,7078.650,8824.596,10554.975,12266.919,13957.695,15624.726,17265.609,18878.136,20460.303,22010.322,23526.624,25007.856,26452.871,27860.719,29230.618,30561.938,31854.159,33106.844,34319.597,35492.028,36623.707,37714.134,38762.700,39768.662,40731.121,41649.016,42521.126,43346.089,44122.441,44848.668,45523.271,46144.845,46712.154,47224.207,47680.315,48080.134,48423.686,48711.368,48943.942,49122.518,49248.533,49323.726,49350.103,49329.904,49265.550,49159.601,49014.688,48833.469,48618.567,48372.535,48097.816,47796.725,47471.434,47123.966,46756.201,46369.880,45966.619,45547.917,45115.168,44669.679,44212.672,43745.301,43268.656,42783.770,42291.626,41793.159,41289.259,40780.773,40268.506,39753.223,39235.647,38716.463,38196.314,37675.803,37155.498,36635.925,36117.575,35600.902,35086.326,34574.233,34064.978,33558.886,33056.251,32557.343,32062.408,31571.665,31085.313,30603.533,30126.485,29654.311,29187.141,28725.087,28268.250,27816.718,27370.569,26929.871,26494.681,26065.049,25641.018,25222.622,24809.890,24402.845,24001.503,23605.876,23215.970,22831.786,22453.322,22080.571,21713.519,21352.152,20996.449,20646.385,20301.934,19963.061,19629.733,19301.908,18979.543,18662.593,18351.006,18044.728,17743.704,17447.873,17157.172,16871.537,16590.899,16315.189,16044.334,15778.261,15516.894,15260.155,15007.967,14760.251,14516.925,14277.908,14043.121,13812.480,13585.903,13363.309,13144.614,12929.738,12718.598,12511.112,12307.201,12106.783,11909.780,11716.111,11525.699,11338.466,11154.336,10973.235,10795.087,10619.820,10447.362,10277.642,10110.591,9946.142,9784.228,9624.785,9467.748,9313.057,9160.651,9010.470,8862.458,8716.560,8572.721,8430.887,8291.009,8153.036,8016.921,7882.615,7750.074,7619.253,7490.109,7362.600,7236.685,7112.325,6989.480,6868.114,6748.189,6629.670,6512.521,6396.707,6282.196,6168.954,6056.948,5946.146,5836.518,5728.031,5620.656,5514.362,5409.120,5304.900,5201.672,5099.409,4998.081,4897.660,4798.118,4699.427,4601.560,4504.489,4408.186,4312.626,4217.781,4123.624,4030.130,3937.273,3845.027,3753.367,3662.267,3571.703,3481.650,3392.085,3302.984,3214.324,3126.082,3038.236,2950.764,2863.645,2776.858,2690.382,2604.200,2518.290,2432.636,2347.219,2262.022,2177.029,2092.224,2007.591,1923.116,1838.786,1754.586,1670.506,1586.533,1502.655,1418.863,1335.146,1251.495,1167.903,1084.359,1000.858,917.391,833.954,750.538,667.140,583.753,500.373,416.995,333.616,250.230,166.835,83.426,0.000
0.000,1813.411,3623.275,5426.069,7218.314,8996.607,10757.645,12498.248,14215.388,15906.214,17568.076,19198.549,20795.446,22356.832,23881.035,25366.639,26812.479,28217.628,29581.372,30903.183,32182.685,33419.619,34613.800,35765.076,36873.291,37938.244,38959.655,39937.140,40870.190,41758.160,42600.275,43395.645,44143.290,44842.184,45491.307,46089.703,46636.539,47131.164,47573.151,47962.338,48298.850,48583.102,48815.809,48997.964,49130.833,49215.928,49254.980,49249.913,49202.803,49115.838,48991.275,48831.397,48638.474,48414.729,48162.310,47883.271,47579.564,47253.029,46905.397,46538.294,46153.248,45751.699,45335.005,44904.453,44461.268,44006.620,43541.623,43067.349,42584.827,42095.042,41598.940,41097.426,40591.366,40081.583,39568.860,39053.938,38537.515,38020.248,37502.750,36985.595,36469.315,35954.403,35441.312,34930.463,34422.237,33916.984,33415.024,32916.647,32422.114,31931.663,31445.507,30963.838,30486.825,30014.624,29547.368,29085.179,28628.162,28176.410,27730.006,27289.018,26853.507,26423.526,25999.116,25580.313,25167.147,24759.639,24357.805,23961.655,23571.195,23186.424,22807.338,22433.927,22066.178,21704.073,21347.589,20996.702,20651.380,20311.589,19977.292,19648.449,19325.014,19006.939,18694.174,18386.663,18084.349,17787.173,17495.071,17207.977,16925.823,16648.541,16376.058,16108.300,15845.193,15586.660,15332.623,15083.003,14837.722,14596.698,14359.852,14127.102,13898.368,13673.567,13452.620,13235.444,13021.960,12812.087,12605.746,12402.857,12203.342,12007.124,11814.125,11624.271,11437.486,11253.696,11072.829,10894.813,10719.579,10547.058,10377.182,10209.884,10045.101,9882.770,9722.828,9565.216,9409.875,9256.747,9105.777,8956.912,8810.097,8665.283,8522.419,8381.457,8242.351,8105.054,7969.522,7835.712,7703.582,7573.091,7444.200,7316.869,7191.061,7066.739,6943.868,6822.411,6702.334,6583.603,6466.186,6350.049,6235.160,6121.489,6009.003,5897.672,5787.465,5678.353,5570.306,5463.294,5357.288,5252.259,5148.179,5045.018,4942.749,4841.343,4740.773,4641.010,4542.026,4443.796,4346.291,4249.484,4153.349,4057.860,3962.989,3868.711,3775.001,3681.832,3589.181,3497.021,3405.331,3314.084,3223.259,3132.831,3042.780,2953.082,2863.717,2774.664,2685.903,2597.414,2509.178,2421.178,2333.394,2245.812,2158.414,2071.185,1984.110,1897.176,1810.368,1723.674,1637.083,1550.582,1464.162,1377.812,1291.524,1205.289,1119.098,1032.945,946.823,860.725,774.645,688.578,602.520,516.465,430.411,344.351,258.284,172.205,86.111,0.000
0.000,1852.744,3701.572,5542.590,7371.956,9185.907,10980.789,12753.085,14499.446,16216.723,17901.999,19552.611,21166.178,22740.613,24274.139,25765.286,27212.887,28616.060,29974.184,31286.870,32553.923,33775.301,34951.069,36081.358,37166.320,38206.089,39200.741,40150.271,41054.567,41913.401,42726.428,43493.199,44213.177,44885.774,45510.391,46086.460,46613.496,47091.138,47519.189,47897.646,48226.723,48506.862,48738.733,48923.234,49061.476,49154.772,49204.612,49212.639,49180.623,49110.425,49003.970,48863.208,48690.086,48486.526,48254.400,47995.513,47711.602,47404.321,47075.250,46725.891,46357.678,45971.981,45570.112,45153.334,44722.866,44279.883,43825.526,43360.900,42887.077,42405.093,41915.949,41420.608,40919.995,40414.995,39906.449,39395.156,38881.869,38367.294,37852.096,37336.890,36822.251,36308.707,35796.746,35286.818,34779.330,34274.659,33773.142,33275.090,32780.779,32290.462,31804.362,31322.684,30845.607,30373.290,29905.878,29443.494,28986.250,28534.241,28087.552,27646.255,27210.412,26780.075,26355.288,25936.086,25522.497,25114.541,24712.234,24315.586,23924.598,23539.270,23159.595,22785.562,22417.154,22054.353,21697.134,21345.468,20999.324,20658.666,20323.456,19993.649,19669.201,19350.062,19036.180,18727.499,18423.961,18125.505,17832.068,17543.583,17259.984,16981.200,16707.159,16437.788,16173.013,15912.756,15656.942,15405.491,15158.325,14915.365,14676.530,14441.741,14210.917,13983.977,13760.843,13541.434,13325.670,13113.472,12904.762,12699.462,12497.495,12298.784,12103.254,11910.832,11721.443,11535.015,11351.477,11170.760,10992.795,10817.514,10644.853,10474.746,10307.131,10141.947,9979.133,9818.631,9660.383,9504.335,9350.433,9198.623,9048.855,8901.079,8755.247,8611.313,8469.229,8328.954,8190.442,8053.653,7918.545,7785.079,7653.216,7522.919,7394.151,7266.875,7141.057,7016.662,6893.656,6772.006,6651.680,6532.645,6414.869,6298.323,6182.973,6068.792,5955.747,5843.809,5732.949,5623.137,5514.343,5406.540,5299.698,5193.787,5088.780,4984.648,4881.364,4778.897,4677.222,4576.309,4476.132,4376.662,4277.872,4179.736,4082.227,3985.317,3888.981,3793.193,3697.926,3603.157,3508.859,3415.008,3321.581,3228.554,3135.904,3043.607,2951.644,2859.991,2768.629,2677.538,2586.697,2496.088,2405.694,2315.497,2225.480,2135.627,2045.924,1956.357,1866.910,1777.573,1688.332,1599.176,1510.096,1421.080,1332.121,1243.208,1154.335,1065.494,976.679,887.884,799.102,710.330,621.562,532.794,444.023,355.244,266.456,177.654,88.837,0.000
0.000,1896.003,3787.694,5670.784,7541.040,9394.310,11226.559,13033.902,14812.639,16559.294,18270.651,19943.792,21576.120,23165.389,24709.715,26207.582,27657.834,29059.658,30412.560,31716.326,32970.981,34176.745,35333.979,36443.140,37504.729,38519.247,39487.158,40408.856,41284.639,42114.695,42899.099,43637.821,44330.736,44977.653,45578.348,46132.596,46640.213,47101.090,47515.229,47882.766,48203.993,48479.372,48709.539,48895.302,49037.638,49137.678,49196.695,49216.083,49197.336,49142.024,49051.767,48928.214,48773.018,48587.818,48374.224,48133.805,47868.083,47578.531,47266.571,46933.578,46580.885,46209.785,45821.538,45417.377,44998.507,44566.112,44121.353,43665.368,43199.273,42724.154,42241.069,41751.041,41255.058,40754.065,40248.965,39740.614,39229.820,38717.343,38203.892,37690.128,37176.664,36664.064,36152.848,35643.493,35136.432,34632.062,34130.740,33632.792,33138.510,32648.156,32161.967,31680.154,31202.902,30730.380,30262.734,29800.094,29342.572,28890.267,28443.266,28001.640,27565.453,27134.757,26709.594,26289.999,25876.000,25467.615,25064.858,24667.737,24276.252,23890.400,23510.173,23135.556,22766.532,22403.079,22045.170,21692.776,21345.862,21004.391,20668.322,20337.611,20012.210,19692.068,19377.131,19067.344,18762.647,18462.979,18168.276,17878.470,17593.495,17313.279,17037.752,16766.840,16500.467,16238.559,15981.038,15727.827,15478.848,15234.021,14993.267,14756.506,14523.660,14294.649,14069.394,13847.815,13629.834,13415.373,13204.355,12996.702,12792.339,12591.192,12393.185,12198.247,12006.304,11817.287,11631.125,11447.751,11267.097,11089.099,10913.691,10740.812,10570.400,10402.396,10236.740,10073.377,9912.251,9753.308,9596.495,9441.762,9289.060,9138.340,8989.557,8842.663,8697.616,8554.373,8412.891,8273.130,8135.051,7998.615,7863.785,7730.524,7598.796,7468.567,7339.802,7212.468,7086.530,6961.958,6838.718,6716.780,6596.113,6476.685,6358.466,6241.426,6125.535,6010.764,5897.082,5784.461,5672.871,5562.283,5452.668,5343.998,5236.242,5129.374,5023.363,4918.182,4813.802,4710.195,4607.332,4505.186,4403.729,4302.932,4202.769,4103.213,4004.237,3905.813,3807.916,3710.519,3613.597,3517.124,3421.078,3325.431,3230.163,3135.248,3040.665,2946.391,2852.406,2758.689,2665.219,2571.978,2478.947,2386.108,2293.445,2200.942,2108.582,2016.351,1924.236,1832.224,1740.302,1648.459,1556.684,1464.968,1373.302,1281.677,1190.085,1098.520,1006.974,915.443,823.922,732.404,640.887,549.366,457.839,366.301,274.751,183.186,91.603,0.000
0.000,1943.583,3882.431,5811.834,7727.136,9623.767,11497.275,13343.371,15157.967,16937.220,18677.586,20375.856,22029.200,23635.194,25191.845,26697.595,28151.317,29552.297,30900.199,32195.027,33437.076,34626.874,35765.129,36852.671,37890.393,38879.209,39819.999,40713.579,41560.673,42361.889,43117.718,43828.529,44494.588,45116.067,45693.082,46225.712,46714.038,47158.171,47558.283,47914.630,48227.571,48497.582,48725.263,48911.342,49056.669,49162.213,49229.048,49258.338,49251.327,49209.317,49133.651,49025.696,48886.831,48718.426,48521.842,48298.417,48049.463,47776.268,47480.098,47162.195,46823.783,46466.077,46090.279,45697.588,45289.195,44866.290,44430.054,43981.660,43522.270,43053.024,42575.041,42089.407,41597.175,41099.355,40596.912,40090.762,39581.770,39070.747,38558.449,38045.581,37532.793,37020.683,36509.800,36000.647,35493.680,34989.314,34487.924,33989.847,33495.388,33004.821,32518.388,32036.306,31558.768,31085.945,30617.987,30155.025,29697.175,29244.535,28797.192,28355.219,27918.677,27487.618,27062.084,26642.107,26227.713,25818.920,25415.738,25018.173,24626.223,24239.884,23859.143,23483.985,23114.390,22750.333,22391.785,22038.714,21691.085,21348.857,21011.988,20680.432,20354.139,20033.057,19717.132,19406.305,19100.517,18799.704,18503.804,18212.747,17926.466,17644.891,17367.948,17095.566,16827.668,16564.180,16305.024,16050.124,15799.401,15552.777,15310.173,15071.510,14836.709,14605.692,14378.380,14154.695,13934.560,13717.896,13504.628,13294.681,13087.979,12884.449,12684.018,12486.614,12292.166,12100.606,11911.865,11725.877,11542.577,11361.899,11183.783,11008.167,10834.991,10664.197,10495.729,10329.532,10165.552,10003.737,9844.036,9686.400,9530.781,9377.133,9225.411,9075.572,8927.571,8781.369,8636.924,8494.198,8353.153,8213.751,8075.956,7939.732,7805.046,7671.862,7540.148,7409.871,7280.999,7153.499,7027.342,6902.495,6778.929,6656.613,6535.517,6415.611,6296.866,6179.251,6062.739,5947.299,5832.902,5719.520,5607.122,5495.680,5385.166,5275.549,5166.801,5058.893,4951.796,4845.481,4739.921,4635.085,4530.946,4427.476,4324.646,4222.429,4120.796,4019.721,3919.176,3819.135,3719.572,3620.461,3521.776,3423.492,3325.585,3228.031,3130.807,3033.891,2937.260,2840.894,2744.771,2648.873,2553.179,2457.673,2362.336,2267.153,2172.107,2077.183,1982.369,1887.649,1793.013,1698.449,1603.947,1509.495,1415.086,1320.712,1226.364,1132.036,1037.722,943.417,849.115,754.812,660.505,566.190,471.865,377.526,283.173,188.802,94.411,0.000
0.000,1995.905,3986.628,5967.006,7931.931,9876.378,11795.442,13684.386,15538.687,17354.092,19126.682,20852.920,22529.708,24154.428,25724.969,27239.736,28697.653,30098.131,31441.038,32726.644,33955.566,35128.701,36247.158,37312.195,38325.153,39287.395,40200.259,41065.013,41882.821,42654.723,43381.619,44064.273,44703.315,45299.262,45852.533,46363.484,46832.427,47259.665,47645.517,47990.338,48294.541,48558.608,48783.104,48968.676,49116.058,49226.064,49299.582,49337.566,49341.027,49311.013,49248.609,49154.918,49031.052,48878.129,48697.264,48489.566,48256.141,47998.093,47716.522,47412.536,47087.249,46741.791,46377.304,45994.951,45595.909,45181.373,44752.551,44310.654,43856.893,43392.470,42918.568,42436.345,41946.921,41451.376,40950.743,40445.999,39938.067,39427.808,38916.029,38403.474,37890.830,37378.727,36867.742,36358.399,35851.175,35346.502,34844.766,34346.318,33851.471,33360.504,32873.666,32391.179,31913.239,31440.019,30971.668,30508.321,30050.091,29597.078,29149.367,28707.028,28270.124,27838.702,27412.802,26992.456,26577.686,26168.507,25764.929,25366.952,24974.574,24587.787,24206.575,23830.922,23460.804,23096.193,22737.059,22383.367,22035.079,21692.154,21354.545,21022.206,20695.085,20373.129,20056.281,19744.482,19437.671,19135.785,18838.757,18546.521,18259.006,17976.142,17697.856,17424.076,17154.725,16889.729,16629.010,16372.491,16120.095,15871.743,15627.357,15386.860,15150.171,14917.213,14687.909,14462.181,14239.952,14021.146,13805.687,13593.501,13384.515,13178.655,12975.850,12776.030,12579.125,12385.068,12193.792,12005.232,11819.323,11636.004,11455.215,11276.894,11100.985,10927.432,10756.178,10587.172,10420.361,10255.695,10093.125,9932.603,9774.084,9617.522,9462.874,9310.099,9159.154,9010.000,8862.599,8716.912,8572.904,8430.537,8289.778,8150.592,8012.945,7876.804,7742.138,7608.915,7477.102,7346.670,7217.589,7089.826,6963.354,6838.142,6714.160,6591.379,6469.770,6349.304,6229.951,6111.682,5994.468,5878.280,5763.089,5648.865,5535.579,5423.202,5311.705,5201.058,5091.232,4982.198,4873.926,4766.388,4659.554,4553.395,4447.884,4342.990,4238.687,4134.945,4031.737,3929.036,3826.815,3725.046,3623.704,3522.763,3422.199,3321.986,3222.100,3122.519,3023.220,2924.181,2825.381,2726.800,2628.418,2530.216,2432.178,2334.286,2236.524,2138.877,2041.331,1943.872,1846.489,1749.170,1651.904,1554.681,1457.493,1360.331,1263.189,1166.060,1068.937,971.816,874.694,777.564,680.425,583.274,486.108,388.926,291.725,194.504,97.263,0.000
0.000,2053.420,4101.183,6137.651,8157.230,10154.404,12123.769,14060.090,15958.352,17813.838,19622.193,21379.504,23082.363,24727.928,26313.958,27838.829,29301.535,30701.654,32039.303,33315.080,34529.988,35685.359,36782.772,37823.976,38810.815,39745.159,40628.842,41463.617,42251.114,42992.813,43690.030,44343.910,44955.438,45525.446,46054.639,46543.615,46992.892,47402.940,47774.198,48107.103,48402.108,48659.693,48880.382,49064.743,49213.394,49327.004,49406.284,49451.988,49464.902,49445.840,49395.635,49315.133,49205.193,49066.680,48900.469,48707.440,48488.492,48244.536,47976.510,47685.380,47372.147,47037.851,46683.573,46310.439,45919.615,45512.307,45089.751,44653.204,44203.937,43743.221,43272.313,42792.446,42304.821,41810.591,41310.859,40806.669,40299.002,39788.774,39276.838,38763.978,38250.917,37738.312,37226.767,36716.824,36208.978,35703.672,35201.305,34702.235,34206.780,33715.224,33227.820,32744.790,32266.331,31792.616,31323.795,30859.998,30401.340,29947.917,29499.812,29057.094,28619.821,28188.038,27761.784,27341.085,26925.960,26516.424,26112.480,25714.128,25321.362,24934.169,24552.534,24176.434,23805.843,23440.733,23081.069,22726.814,22377.928,22034.366,21696.082,21363.025,21035.142,20712.379,20394.677,20081.975,19774.212,19471.322,19173.239,18879.895,18591.218,18307.139,18027.583,17752.477,17481.746,17215.313,16953.103,16695.037,16441.038,16191.028,15944.929,15702.664,15464.153,15229.320,14998.087,14770.378,14546.116,14325.226,14107.633,13893.265,13682.047,13473.910,13268.781,13066.593,12867.277,12670.767,12476.997,12285.904,12097.426,11911.501,11728.071,11547.078,11368.466,11192.180,11018.167,10846.375,10676.754,10509.257,10343.835,10180.443,10019.036,9859.572,9702.009,9546.305,9392.423,9240.324,9089.970,8941.326,8794.356,8649.025,8505.301,8363.150,8222.539,8083.438,7945.815,7809.640,7674.882,7541.511,7409.497,7278.811,7149.424,7021.307,6894.430,6768.765,6644.283,6520.954,6398.749,6277.641,6157.599,6038.595,5920.598,5803.581,5687.512,5572.363,5458.104,5344.706,5232.138,5120.371,5009.376,4899.121,4789.578,4680.718,4572.511,4464.927,4357.937,4251.513,4145.626,4040.248,3935.351,3830.907,3726.890,3623.274,3520.032,3417.139,3314.570,3212.302,3110.312,3008.577,2907.075,2805.785,2704.688,2603.765,2502.997,2402.367,2301.858,2201.457,2101.147,2000.916,1900.751,1800.641,1700.576,1600.545,1500.540,1400.553,1300.577,1200.605,1100.633,1000.656,900.670,800.671,700.658,600.626,500.575,400.504,300.412,200.297,100.160,0.000
0.000,2116.600,4227.048,6325.205,8404.962,10460.269,12485.179,14473.894,16420.845,18320.771,20168.812,21960.609,23692.389,25361.048,26964.196,28500.188,29968.113,31367.762,32699.566,33964.519,35164.091,36300.128,37374.758,38390.297,39349.160,40253.781,41106.543,41909.723,42665.443,43375.638,44042.043,44666.183,45249.379,45792.763,46297.296,46763.796,47192.960,47585.395,47941.644,48262.204,48547.553,48798.160,49014.498,49197.057,49346.339,49462.869,49547.190,49599.860,49621.450,49612.542,49573.725,49505.594,49408.755,49283.823,49131.426,48952.218,48746.880,48516.131,48260.737,47981.516,47679.352,47355.193,47010.057,46645.036,46261.289,45860.036,45442.552,45010.153,44564.179,44105.979,43636.900,43158.262,42671.351,42177.404,41677.601,41173.054,40664.807,40153.831,39641.023,39127.207,38613.138,38099.501,37586.918,37075.950,36567.105,36060.834,35557.544,35057.595,34561.311,34068.976,33580.842,33097.131,32618.037,32143.732,31674.363,31210.057,30750.925,30297.059,29848.540,29405.431,28967.788,28535.651,28109.055,27688.023,27272.571,26862.707,26458.435,26059.747,25666.636,25279.086,24897.076,24520.582,24149.575,23784.023,23423.888,23069.132,22719.710,22375.576,22036.682,21702.975,21374.399,21050.898,20732.412,20418.880,20110.236,19806.416,19507.351,19212.971,18923.207,18637.986,18357.234,18080.875,17808.837,17541.040,17277.410,17017.868,16762.337,16510.738,16262.995,16019.029,15778.762,15542.118,15309.020,15079.391,14853.156,14630.240,14410.571,14194.074,13980.678,13770.313,13562.910,13358.401,13156.718,12957.797,12761.574,12567.986,12376.974,12188.478,12002.440,11818.804,11637.515,11458.522,11281.772,11107.216,10934.806,10764.494,10596.235,10429.986,10265.704,10103.347,9942.877,9784.253,9627.439,9472.398,9319.094,9167.492,9017.561,8869.264,8722.573,8577.453,8433.875,8291.808,8151.222,8012.088,7874.376,7738.058,7603.104,7469.486,7337.174,7206.142,7076.360,6947.800,6820.433,6694.231,6569.165,6445.205,6322.324,6200.491,6079.678,5959.854,5840.991,5723.058,5606.025,5489.863,5374.541,5260.029,5146.296,5033.312,4921.047,4809.471,4698.554,4588.265,4478.574,4369.452,4260.870,4152.799,4045.209,3938.073,3831.363,3725.051,3619.112,3513.519,3408.247,3303.270,3198.565,3094.110,2989.881,2885.858,2782.019,2678.345,2574.819,2471.421,2368.136,2264.948,2161.842,2058.804,1955.823,1852.887,1749.985,1647.108,1544.248,1441.395,1338.545,1235.690,1132.827,1029.951,927.057,824.145,721.212,618.255,515.274,412.269,309.238,206.183,103.104,0.000
0.000,2185.939,4365.219,6531.179,8677.168,10796.565,12882.819,14929.505,16930.413,18879.644,20771.738,22601.798,24365.613,26059.761,27681.682,29229.712,30703.074,32101.830,33426.802,34679.472,35861.871,36976.456,38025.999,39013.468,39941.931,40814.458,41634.037,42403.514,43125.532,43802.504,44436.587,45029.680,45583.429,46099.244,46578.319,47021.663,47430.125,47804.427,48145.188,48452.950,48728.197,48971.374,49182.901,49363.178,49512.596,49631.534,49720.368,49779.464,49809.182,49809.874,49781.884,49725.559,49641.247,49529.306,49390.116,49224.093,49031.694,48813.435,48569.903,48301.765,48009.776,47694.792,47357.768,46999.762,46621.932,46225.524,45811.865,45382.339,44938.375,44481.418,44012.917,43534.293,43046.931,42552.161,42051.245,41545.371,41035.647,40523.097,40008.665,39493.211,38977.520,38462.298,37948.187,37435.758,36925.527,36417.953,35913.443,35412.361,34915.026,34421.722,33932.697,33448.169,32968.330,32493.344,32023.354,31558.483,31098.835,30644.499,30195.549,29752.044,29314.033,28881.554,28454.635,28033.295,27617.546,27207.392,26802.830,26403.852,26010.444,25622.587,25240.256,24863.425,24492.061,24126.127,23765.585,23410.392,23060.501,22715.864,22376.428,22042.140,21712.942,21388.776,21069.579,20755.288,20445.838,20141.162,19841.189,19545.850,19255.073,18968.784,18686.909,18409.373,18136.101,17867.014,17602.036,17341.090,17084.097,16830.980,16581.660,16336.061,16094.104,15855.713,15620.812,15389.325,15161.176,14936.293,14714.601,14496.029,14280.507,14067.965,13858.335,13651.549,13447.543,13246.252,13047.615,12851.570,12658.058,12467.022,12278.406,12092.155,11908.216,11726.539,11547.074,11369.773,11194.590,11021.479,10850.397,10681.303,10514.155,10348.914,10185.542,10024.003,9864.260,9706.278,9550.024,9395.465,9242.569,9091.305,8941.641,8793.548,8646.996,8501.956,8358.400,8216.299,8075.625,7936.350,7798.445,7661.884,7526.639,7392.681,7259.983,7128.516,6998.253,6869.166,6741.226,6614.404,6488.671,6363.997,6240.355,6117.714,5996.043,5875.313,5755.495,5636.556,5518.467,5401.196,5284.714,5168.987,5053.987,4939.681,4826.039,4713.031,4600.624,4488.790,4377.497,4266.716,4156.417,4046.571,3937.149,3828.124,3719.468,3611.155,3503.157,3395.449,3288.008,3180.808,3073.828,2967.044,2860.437,2753.986,2647.672,2541.476,2435.383,2329.376,2223.440,2117.562,2011.729,1905.930,1800.154,1694.392,1588.636,1482.878,1377.111,1271.331,1165.533,1059.714,953.869,847.998,742.098,636.170,530.212,424.225,318.209,212.166,106.096,0.000
0.000,2261.946,4516.724,6757.143,8975.990,11166.034,13320.062,15430.939,17491.705,19495.708,21436.759,23309.300,25108.578,26830.781,28473.146,30034.000,31512.745,32909.793,34226.459,35464.827,36627.605,37717.979,38739.473,39695.817,40590.823,41428.277,42211.842,42944.983,43630.902,44272.507,44872.384,45432.800,45955.709,46442.776,46895.402,47314.758,47701.817,48057.387,48382.140,48676.639,48941.361,49176.715,49383.053,49560.685,49709.883,49830.883,49923.893,49989.087,50026.613,50036.591,50019.122,49974.292,49902.185,49802.895,49676.542,49523.289,49343.360,49137.054,48904.770,48647.009,48364.396,48057.689,47727.777,47375.691,47002.595,46609.772,46198.618,45770.606,45327.274,44870.186,44400.909,43920.988,43431.920,42935.138,42431.996,41923.761,41411.608,40896.617,40379.773,39861.972,39344.022,38826.650,38310.506,37796.173,37284.169,36774.951,36268.927,35766.456,35267.852,34773.393,34283.322,33797.849,33317.158,32841.406,32370.730,31905.243,31445.045,30990.217,30540.825,30096.924,29658.555,29225.751,28798.534,28376.917,27960.907,27550.503,27145.698,26746.478,26352.825,25964.717,25582.125,25205.017,24833.358,24467.109,24106.226,23750.663,23400.372,23055.302,22715.397,22380.601,22050.855,21726.097,21406.265,21091.292,20781.111,20475.654,20174.850,19878.627,19586.913,19299.633,19016.712,18738.073,18463.641,18193.338,17927.086,17664.807,17406.423,17151.857,16901.030,16653.864,16410.283,16170.210,15933.568,15700.283,15470.280,15243.485,15019.826,14799.233,14581.635,14366.964,14155.153,13946.135,13739.848,13536.227,13335.213,13136.746,12940.767,12747.223,12556.056,12367.216,12180.651,11996.312,11814.151,11634.123,11456.181,11280.285,11106.392,10934.461,10764.455,10596.336,10430.067,10265.615,10102.944,9942.021,9782.816,9625.297,9469.433,9315.195,9162.553,9011.480,8861.946,8713.925,8567.390,8422.312,8278.665,8136.422,7995.557,7856.041,7717.850,7580.954,7445.328,7310.943,7177.772,7045.787,6914.961,6785.263,6656.665,6529.140,6402.656,6277.184,6152.694,6029.156,5906.538,5784.810,5663.941,5543.899,5424.653,5306.172,5188.422,5071.373,4954.994,4839.251,4724.114,4609.552,4495.533,4382.026,4269.001,4156.428,4044.278,3932.521,3821.129,3710.074,3599.330,3488.870,3378.668,3268.700,3158.943,3049.374,2939.971,2830.714,2721.583,2612.559,2503.626,2394.767,2285.967,2177.213,2068.493,1959.793,1851.105,1742.418,1633.726,1525.020,1416.295,1307.546,1198.769,1089.960,981.118,872.241,763.329,654.380,545.397,436.379,327.329,218.247,109.137,0.000
0.000,2345.131,4682.600,7004.697,9303.638,11571.550,13800.492,15982.523,18109.806,20174.778,22170.347,24090.131,25928.687,27681.718,29346.208,30920.490,32404.213,33798.248,35104.534,36325.901,37465.880,38528.527,39518.254,40439.672,41297.447,42096.177,42840.278,43533.891,44180.819,44784.483,45347.903,45873.703,46364.124,46821.058,47246.082,47640.495,48005.361,48341.546,48649.747,48930.528,49184.339,49411.537,49612.401,49787.142,49935.908,50058.792,50155.830,50227.005,50272.249,50291.447,50284.445,50251.062,50191.105,50104.386,49990.748,49850.085,49682.370,49487.671,49266.180,49018.224,48744.288,48445.022,48121.252,47773.985,47404.399,47013.836,46603.777,46175.814,45731.620,45272.905,44801.383,44318.741,43826.608,43326.534,42819.974,42308.281,41792.696,41274.353,40754.278,40233.396,39712.534,39192.433,38673.750,38157.067,37642.900,37131.702,36623.874,36119.765,35619.683,35123.893,34632.628,34146.088,33664.448,33187.854,32716.433,32250.290,31789.515,31334.180,30884.345,30440.054,30001.344,29568.238,29140.753,28718.896,28302.668,27892.061,27487.063,27087.656,26693.817,26305.518,25922.727,25545.408,25173.521,24807.024,24445.870,24090.011,23739.393,23393.963,23053.664,22718.436,22388.218,22062.946,21742.554,21426.976,21116.143,20809.983,20508.426,20211.398,19918.824,19630.630,19346.739,19067.074,18791.558,18520.113,18252.660,17989.122,17729.419,17473.473,17221.208,16972.543,16727.404,16485.712,16247.392,16012.369,15780.569,15551.920,15326.349,15103.786,14884.163,14667.410,14453.464,14242.257,14033.729,13827.817,13624.462,13423.606,13225.192,13029.167,12835.477,12644.072,12454.903,12267.922,12083.082,11900.341,11719.656,11540.985,11364.289,11189.530,11016.671,10845.677,10676.514,10509.148,10343.549,10179.684,10017.524,9857.039,9698.201,9540.983,9385.355,9231.293,9078.768,8927.756,8778.230,8630.165,8483.534,8338.312,8194.472,8051.990,7910.839,7770.993,7632.425,7495.109,7359.017,7224.122,7090.395,6957.809,6826.335,6695.943,6566.605,6438.290,6310.968,6184.608,6059.178,5934.649,5810.987,5688.162,5566.140,5444.890,5324.378,5204.573,5085.442,4966.952,4849.070,4731.765,4615.005,4498.757,4382.990,4267.673,4152.776,4038.269,3924.122,3810.307,3696.795,3583.560,3470.575,3357.816,3245.257,3132.876,3020.650,2908.558,2796.580,2684.697,2572.893,2461.149,2349.451,2237.786,2126.139,2014.501,1902.861,1791.210,1679.539,1567.843,1456.115,1344.352,1232.550,1120.706,1008.819,896.888,784.914,672.896,560.837,448.738,336.602,224.432,112.230,0.000
0.000,2435.986,4863.860,7275.426,9662.339,12016.062,14327.868,16588.893,18790.264,20923.300,22979.777,24952.252,26834.393,28621.270,30309.562,31897.629,33385.468,34774.559,36067.645,37268.486,38381.619,39412.140,40365.500,41247.334,42063.293,42818.896,43519.402,44169.698,44774.228,45336.945,45861.300,46350.257,46806.314,47231.555,47627.692,47996.116,48337.943,48654.062,48945.170,49211.803,49454.366,49673.152,49868.354,50040.077,50188.345,50313.102,50414.213,50491.466,50544.573,50573.175,50576.854,50555.146,50507.561,50433.609,50332.832,50204.832,50049.305,49866.070,49655.092,49416.510,49150.654,48858.060,48539.488,48195.921,47828.570,47438.850,47028.362,46598.849,46152.153,45690.169,45214.790,44727.875,44231.203,43726.459,43215.208,42698.891,42178.818,41656.173,41132.020,40607.305,40082.869,39559.457,39037.726,38518.251,38001.540,37488.034,36978.122,36472.139,35970.377,35473.090,34980.495,34492.779,34010.103,33532.601,33060.388,32593.558,32132.189,31676.343,31226.070,30781.406,30342.378,29909.002,29481.288,29059.235,28642.836,28232.079,27826.945,27427.411,27033.448,26645.024,26262.102,25884.642,25512.599,25145.928,24784.578,24428.496,24077.628,23731.916,23391.300,23055.719,22725.108,22399.401,22078.531,21762.428,21451.022,21144.240,20842.009,20544.255,20250.901,19961.871,19677.088,19396.474,19119.951,18847.439,18578.860,18314.135,18053.186,17795.932,17542.296,17292.201,17045.568,16802.322,16562.386,16325.685,16092.148,15861.699,15634.270,15409.789,15188.189,14969.403,14753.365,14540.012,14329.282,14121.116,13915.454,13712.242,13511.422,13312.944,13116.756,12922.808,12731.054,12541.448,12353.946,12168.506,11985.087,11803.651,11624.159,11446.577,11270.869,11097.002,10924.944,10754.664,10586.133,10419.321,10254.200,10090.743,9928.924,9768.715,9610.093,9453.031,9297.505,9143.489,8990.961,8839.894,8690.266,8542.051,8395.225,8249.762,8105.638,7962.827,7821.304,7681.042,7542.014,7404.195,7267.555,7132.067,6997.702,6864.432,6732.226,6601.055,6470.888,6341.693,6213.440,6086.096,5959.629,5834.007,5709.197,5585.166,5461.879,5339.305,5217.409,5096.157,4975.518,4855.456,4735.939,4616.935,4498.410,4380.333,4262.672,4145.397,4028.476,3911.880,3795.580,3679.549,3563.759,3448.184,3332.798,3217.580,3102.503,2987.548,2872.694,2757.921,2643.212,2528.549,2413.918,2299.304,2184.695,2070.080,1955.447,1840.789,1726.098,1611.367,1496.593,1381.769,1266.895,1151.968,1036.987,921.952,806.865,691.727,576.540,461.308,346.034,230.722,115.376,0.000
0.000,2534.960,5061.440,7570.825,10054.252,12502.520,14906.056,17254.953,19539.102,21748.430,23873.264,25904.768,27835.428,29659.482,31373.220,32975.082,34465.566,35846.978,37123.111,38298.897,39380.101,40373.052,41284.423,42121.032,42889.666,43596.898,44248.933,44851.483,45409.673,45928.005,46410.349,46859.976,47279.603,47671.456,48037.332,48378.665,48696.583,48991.959,49265.454,49517.554,49748.598,49958.799,50148.254,50316.960,50464.810,50591.599,50697.021,50780.666,50842.021,50880.477,50895.334,50885.823,50851.135,50790.446,50702.965,50587.972,50444.860,50273.168,50072.615,49843.129,49584.869,49298.246,48983.945,48642.934,48276.465,47886.057,47473.465,47040.630,46589.614,46122.540,45641.526,45148.631,44645.817,44134.915,43617.612,43095.438,42569.772,42041.844,41512.744,40983.432,40454.756,39927.454,39402.173,38879.475,38359.850,37843.723,37331.461,36823.382,36319.757,35820.822,35326.776,34837.790,34354.006,33875.544,33402.505,32934.968,32472.998,32016.647,31565.952,31120.941,30681.628,30248.023,29820.125,29397.926,28981.413,28570.566,28165.360,27765.765,27371.747,26983.269,26600.289,26222.761,25850.639,25483.870,25122.402,24766.178,24415.140,24069.227,23728.376,23392.522,23061.600,22735.541,22414.274,22097.729,21785.832,21478.510,21175.687,20877.288,20583.235,20293.450,20007.855,19726.371,19448.917,19175.416,18905.786,18639.949,18377.825,18119.334,17864.399,17612.940,17364.880,17120.143,16878.653,16640.336,16405.117,16172.926,15943.691,15717.343,15493.815,15273.040,15054.955,14839.496,14626.604,14416.219,14208.284,14002.745,13799.548,13598.642,13399.978,13203.509,13009.188,12816.973,12626.822,12438.694,12252.551,12068.356,11886.074,11705.671,11527.115,11350.374,11175.419,11002.222,10830.753,10660.987,10492.898,10326.460,10161.649,9998.440,9836.810,9676.737,9518.195,9361.163,9205.618,9051.537,8898.896,8747.674,8597.845,8449.386,8302.274,8156.483,8011.990,7868.768,7726.790,7586.032,7446.464,7308.060,7170.791,7034.628,6899.541,6765.501,6632.475,6500.433,6369.344,6239.173,6109.889,5981.458,5853.848,5727.022,5600.949,5475.592,5350.918,5226.893,5103.481,4980.649,4858.362,4736.587,4615.289,4494.435,4373.994,4253.932,4134.219,4014.824,3895.716,3776.867,3658.249,3539.835,3421.598,3303.515,3185.561,3067.715,2949.954,2832.260,2714.613,2596.998,2479.397,2361.799,2244.188,2126.555,2008.889,1891.182,1773.426,1655.617,1537.748,1419.817,1301.822,1183.762,1065.636,947.447,829.195,710.883,592.516,474.097,355.630,237.122,118.576,0.000
0.000,2642.420,5276.126,7892.199,10481.345,13033.734,15538.913,17985.798,20362.799,22658.102,24860.133,26958.186,28943.131,30808.080,32548.831,34163.998,35654.825,37024.775,38279.030,39424.008,40466.962,41415.680,42278.251,43062.863,43777.609,44430.275,45028.143,45577.832,46085.196,46555.285,46992.363,47399.958,47780.944,48137.625,48471.823,48784.956,49078.109,49352.096,49607.510,49844.757,50064.090,50265.626,50449.361,50615.176,50762.836,50891.987,51002.154,51092.729,51162.971,51212.006,51238.838,51242.369,51221.431,51174.832,51101.405,51000.068,50869.872,50710.048,50520.042,50299.544,50048.522,49767.242,49456.304,49116.660,48749.618,48356.836,47940.272,47502.124,47044.741,46570.536,46081.903,45581.148,45070.439,44551.776,44026.969,43497.643,42965.236,42431.014,41896.085,41361.413,40827.835,40296.075,39766.758,39240.425,38717.538,38198.496,37683.641,37173.263,36667.612,36166.898,35671.299,35180.964,34696.016,34216.558,33742.672,33274.422,32811.860,32355.021,31903.933,31458.609,31019.056,30585.271,30157.244,29734.959,29318.395,28907.525,28502.316,28102.733,27708.735,27320.280,26937.320,26559.805,26187.683,25820.899,25459.396,25103.113,24751.988,24405.958,24064.956,23728.916,23397.768,23071.441,22749.862,22432.960,22120.657,21812.879,21509.548,21210.587,20915.917,20625.459,20339.133,20056.858,19778.554,19504.140,19233.537,18966.662,18703.437,18443.782,18187.616,17934.862,17685.442,17439.278,17196.297,16956.422,16719.581,16485.701,16254.713,16026.549,15801.140,15578.422,15358.332,15140.807,14925.789,14713.220,14503.044,14295.208,14089.660,13886.350,13685.232,13486.259,13289.389,13094.578,12901.789,12710.982,12522.121,12335.172,12150.102,11966.879,11785.473,11605.857,11428.000,11251.878,11077.465,10904.737,10733.669,10564.239,10396.424,10230.202,10065.552,9902.451,9740.880,9580.816,9422.238,9265.126,9109.457,8955.210,8802.362,8650.892,8500.775,8351.989,8204.509,8058.310,7913.368,7769.655,7627.145,7485.810,7345.622,7206.553,7068.572,6931.648,6795.751,6660.849,6526.910,6393.901,6261.787,6130.536,6000.112,5870.481,5741.609,5613.458,5485.995,5359.183,5232.987,5107.370,4982.300,4857.739,4733.653,4610.008,4486.769,4363.905,4241.382,4119.167,3997.232,3875.544,3754.076,3632.799,3511.687,3390.714,3269.855,3149.088,3028.390,2907.743,2787.126,2666.523,2545.918,2425.296,2304.646,2183.955,2063.213,1942.414,1821.548,1700.613,1579.603,1458.516,1337.351,1216.106,1094.784,973.386,851.916,730.377,608.774,487.111,365.397,243.635,121.834,0.000
0.000,2758.603,5508.453,8240.517,10945.215,13612.184,16230.093,18786.561,21268.234,23661.090,25951.029,28124.764,30170.890,32080.942,33850.097,35477.332,36965.047,38318.361,39544.329,40651.251,41648.178,42544.586,43350.178,44074.711,44727.794,45318.623,45855.717,46346.705,46798.206,47215.804,47604.099,47966.803,48306.859,48626.564,48927.681,49211.542,49479.133,49731.158,49968.102,50190.262,50397.783,50590.678,50768.832,50932.010,51079.854,51211.867,51327.408,51425.678,51505.704,51566.341,51606.275,51624.044,51618.082,51586.770,51528.516,51441.821,51325.353,51177.995,50998.890,50787.465,50543.465,50266.987,49958.521,49618.996,49249.793,48852.746,48430.086,47984.350,47518.263,47034.612,46536.134,46025.432,45504.913,44976.758,44442.908,43905.074,43364.742,42823.203,42281.563,41740.775,41201.652,40664.889,40131.077,39600.722,39074.251,38552.029,38034.362,37521.512,37013.695,36511.094,36013.862,35522.121,35035.974,34555.500,34080.764,33611.812,33148.679,32691.385,32239.943,31794.355,31354.614,30920.709,30492.617,30070.315,29653.772,29242.954,28837.819,28438.327,28044.431,27656.081,27273.224,26895.807,26523.772,26157.059,25795.607,25439.352,25088.229,24742.170,24401.106,24064.967,23733.680,23407.174,23085.372,22768.198,22455.577,22147.429,21843.676,21544.239,21249.037,20957.989,20671.014,20388.030,20108.955,19833.709,19562.209,19294.374,19030.122,18769.374,18512.049,18258.069,18007.355,17759.830,17515.419,17274.046,17035.640,16800.127,16567.440,16337.508,16110.266,15885.649,15663.595,15444.044,15226.936,15012.216,14799.829,14589.723,14381.848,14176.157,13972.604,13771.145,13571.738,13374.344,13178.926,12985.446,12793.873,12604.172,12416.315,12230.270,12046.011,11863.512,11682.748,11503.693,11326.325,11150.623,10976.564,10804.129,10633.295,10464.045,10296.358,10130.215,9965.596,9802.483,9640.855,9480.694,9321.979,9164.690,9008.806,8854.305,8701.167,8549.368,8398.884,8249.693,8101.768,7955.085,7809.617,7665.337,7522.216,7380.225,7239.336,7099.516,6960.735,6822.960,6686.160,6550.299,6415.344,6281.260,6148.012,6015.564,5883.881,5752.925,5622.660,5493.049,5364.056,5235.644,5107.776,4980.416,4853.528,4727.077,4601.026,4475.343,4349.992,4224.941,4100.157,3975.611,3851.271,3727.109,3603.096,3479.207,3355.416,3231.699,3108.035,2984.403,2860.782,2737.157,2613.510,2489.828,2366.097,2242.306,2118.447,1994.510,1870.490,1746.382,1622.181,1497.888,1373.500,1249.019,1124.447,999.787,875.042,750.219,625.323,500.360,375.339,250.266,125.150,0.000
0.000,2883.545,5758.578,8616.214,11446.833,14239.717,16982.741,19662.151,22262.523,24767.034,27158.177,29419.000,31534.780,33494.764,35293.351,36930.259,38409.749,39739.383,40928.768,41988.594,42930.025,43764.431,44503.296,45158.154,45740.388,46260.874,46729.578,47155.259,47545.326,47905.846,48241.661,48556.545,48853.389,49134.369,49401.088,49654.710,49896.047,50125.644,50343.834,50550.778,50746.495,50930.879,51103.705,51264.627,51413.168,51548.703,51670.441,51777.398,51868.378,51941.956,51996.478,52030.081,52040.739,52026.342,51984.792,51914.109,51812.521,51678.531,51510.944,51308.896,51071.874,50799.762,50492.904,50152.177,49779.047,49375.575,48944.356,48488.385,48010.886,47515.131,47004.289,46481.316,45948.891,45409.387,44864.871,44317.125,43767.667,43217.785,42668.568,42120.934,41575.654,41033.377,40494.647,39959.920,39429.581,38903.947,38383.286,37867.818,37357.726,36853.159,36354.238,35861.059,35373.698,34892.211,34416.641,33947.014,33483.347,33025.645,32573.904,32128.111,31688.250,31254.294,30826.212,30403.971,29987.530,29576.845,29171.871,28772.556,28378.848,27990.692,27608.029,27230.800,26858.942,26492.392,26131.083,25774.948,25423.917,25077.921,24736.886,24400.740,24069.407,23742.811,23420.875,23103.522,22790.671,22482.242,22178.156,21878.329,21582.681,21291.129,21003.589,20719.979,20440.217,20164.218,19891.900,19623.181,19357.978,19096.211,18837.799,18582.662,18330.721,18081.900,17836.122,17593.312,17353.397,17116.307,16881.971,16650.322,16421.293,16194.821,15970.845,15749.304,15530.141,15313.302,15098.733,14886.384,14676.206,14468.154,14262.183,14058.252,13856.321,13656.353,13458.312,13262.165,13067.881,12875.429,12684.781,12495.911,12308.793,12123.404,11939.721,11757.723,11577.389,11398.699,11221.635,11046.177,10872.309,10700.013,10529.271,10360.067,10192.382,10026.200,9861.503,9698.273,9536.492,9376.141,9217.202,9059.652,8903.473,8748.642,8595.137,8442.935,8292.012,8142.343,7993.900,7846.658,7700.589,7555.663,7411.851,7269.121,7127.443,6986.784,6847.109,6708.385,6570.577,6433.650,6297.567,6162.291,6027.785,5894.013,5760.936,5628.516,5496.714,5365.494,5234.817,5104.646,4974.942,4845.670,4716.793,4588.274,4460.079,4332.173,4204.524,4077.099,3949.866,3822.795,3695.858,3569.028,3442.277,3315.583,3188.922,3062.272,2935.615,2808.932,2682.206,2555.424,2428.572,2301.640,2174.618,2047.499,1920.276,1792.946,1665.506,1537.955,1410.292,1282.521,1154.643,1026.664,898.588,770.422,642.174,513.851,385.463,257.018,128.527,0.000
0.000,3017.003,6026.107,9018.944,11986.203,14917.130,17799.029,20616.808,23352.705,25986.383,28495.686,30858.325,33054.519,35070.038,36898.345,38540.672,40004.384,41300.734,42442.858,43444.429,44319.005,45079.933,45740.547,46314.357,46814.880,47255.068,47646.636,47999.614,48322.190,48620.807,48900.379,49164.567,49416.040,49656.702,49887.879,50110.460,50325.015,50531.867,50731.158,50922.882,51106.918,51283.034,51450.895,51610.054,51759.934,51899.802,52028.739,52145.601,52248.980,52337.174,52408.171,52459.657,52489.073,52493.717,52470.883,52418.016,52332.847,52213.456,52058.297,51866.187,51636.312,51368.278,51062.210,50718.881,50339.830,49927.411,49484.712,49015.361,48523.260,48012.316,47486.239,46948.403,46401.785,45848.951,45292.077,44732.988,44173.201,43613.976,43056.351,42501.185,41949.184,41400.932,40856.909,40317.511,39783.063,39253.830,38730.030,38211.838,37699.396,37192.814,36692.179,36197.555,35708.991,35226.515,34750.148,34279.893,33815.748,33357.700,32905.728,32459.806,32019.902,31585.978,31157.992,30735.899,30319.649,29909.190,29504.468,29105.424,28712.000,28324.132,27941.759,27564.813,27193.229,26826.936,26465.867,26109.947,25759.105,25413.267,25072.357,24736.298,24405.012,24078.421,23756.446,23439.005,23126.016,22817.398,22513.068,22212.942,21916.936,21624.967,21336.949,21052.798,20772.431,20495.761,20222.706,19953.181,19687.104,19424.393,19164.965,18908.741,18655.642,18405.590,18158.508,17914.321,17672.956,17434.343,17198.411,16965.093,16734.323,16506.039,16280.180,16056.686,15835.503,15616.575,15399.852,15185.284,14972.824,14762.429,14554.056,14347.666,14143.221,13940.686,13740.028,13541.216,13344.220,13149.014,12955.571,12763.868,12573.883,12385.594,12198.981,12014.025,11830.710,11649.016,11468.929,11290.431,11113.510,10938.148,10764.331,10592.044,10421.272,10252.000,10084.212,9917.893,9753.025,9589.592,9427.575,9266.956,9107.716,8949.834,8793.289,8638.058,8484.117,8331.444,8180.010,8029.791,7880.758,7732.882,7586.133,7440.481,7295.892,7152.335,7009.775,6868.176,6727.505,6587.723,6448.793,6310.680,6173.342,6036.743,5900.843,5765.603,5630.983,5496.944,5363.447,5230.452,5097.921,4965.815,4834.097,4702.729,4571.674,4440.897,4310.363,4180.039,4049.892,3919.891,3790.006,3660.209,3530.473,3400.772,3271.083,3141.385,3011.656,2881.879,2752.038,2622.116,2492.103,2361.986,2231.758,2101.409,1970.936,1840.335,1709.603,1578.740,1447.749,1316.631,1185.390,1054.034,922.567,790.998,659.338,527.593,395.776,263.897,131.968,0.000
0.000,3158.368,6309.912,9447.263,12561.920,15643.592,18679.460,21653.373,24545.135,27330.141,29979.898,32464.136,34754.982,36832.576,38689.376,40329.762,41766.451,43016.386,44097.581,45027.348,45821.734,46495.856,47064.723,47543.976,47949.849,48298.033,48602.450,48874.547,49123.207,49355.018,49574.700,49785.538,49989.749,50188.783,50383.538,50574.528,50761.990,50945.972,51126.382,51303.026,51475.624,51643.821,51807.181,51965.171,52117.138,52262.276,52399.573,52527.764,52645.262,52750.107,52839.911,52911.861,52962.763,52989.181,52987.644,52954.897,52888.097,52784.892,52643.387,52462.075,52239.791,51975.767,51669.775,51322.368,50935.115,50510.733,50053.005,49566.456,49055.927,48526.172,47981.571,47425.984,46862.698,46294.449,45723.483,45151.622,44580.339,44010.820,43444.018,42880.699,42321.481,41766.859,41217.232,40672.920,40134.178,39601.209,39074.174,38553.194,38038.366,37529.756,37027.414,36531.370,36041.640,35558.225,35081.119,34610.304,34145.755,33687.441,33235.324,32789.361,32349.506,31915.708,31487.914,31066.066,30650.107,30239.974,29835.605,29436.933,29043.893,28656.417,28274.434,27897.873,27526.664,27160.731,26800.000,26444.397,26093.844,25748.263,25407.575,25071.702,24740.561,24414.073,24092.153,23774.720,23461.688,23152.975,22848.494,22548.160,22251.888,21959.591,21671.182,21386.578,21105.689,20828.433,20554.722,20284.471,20017.598,19754.017,19493.648,19236.409,18982.220,18731.002,18482.679,18237.176,17994.419,17754.337,17516.860,17281.922,17049.458,16819.404,16591.701,16366.291,16143.119,15922.133,15703.281,15486.517,15271.796,15059.074,14848.313,14639.475,14432.524,14227.427,14024.154,13822.676,13622.966,13425.000,13228.756,13034.211,12841.347,12650.144,12460.586,12272.656,12086.341,11901.625,11718.495,11536.937,11356.940,11178.490,11001.575,10826.183,10652.301,10479.916,10309.013,10139.580,9971.603,9805.064,9639.948,9476.238,9313.916,9152.962,8993.356,8835.076,8678.100,8522.404,8367.963,8214.749,8062.737,7911.896,7762.196,7613.607,7466.096,7319.628,7174.171,7029.687,6886.141,6743.494,6601.710,6460.748,6320.570,6181.135,6042.403,5904.333,5766.885,5630.018,5493.690,5357.861,5222.491,5087.539,4952.967,4818.735,4684.805,4551.140,4417.705,4284.464,4151.383,4018.430,3885.574,3752.786,3620.037,3487.302,3354.555,3221.776,3088.942,2956.036,2823.040,2689.940,2556.723,2423.378,2289.896,2156.271,2022.498,1888.574,1754.498,1620.270,1485.893,1351.370,1216.708,1081.914,946.995,811.962,676.825,541.595,406.284,270.906,135.473,0.000
0.000,3306.559,6607.918,9898.288,13170.636,16415.878,19621.865,22772.114,25844.351,28809.178,31629.665,34263.379,36668.738,38815.952,40696.874,42322.603,43715.334,44900.845,45903.806,46745.729,47444.817,48017.134,48478.620,48847.098,49142.637,49384.912,49590.739,49773.089,49941.256,50101.555,50258.077,50413.358,50568.873,50725.393,50883.230,51042.401,51202.738,51363.955,51525.694,51687.549,51849.080,52009.810,52169.214,52326.700,52481.578,52633.009,52779.949,52921.069,53054.666,53178.561,53290.007,53385.633,53461.479,53513.163,53536.205,53526.449,53480.404,53395.313,53269.012,53099.705,52885.834,52626.099,52319.692,51966.705,51568.603,51128.554,50651.348,50142.845,49609.223,49056.364,48489.474,47912.942,47330.342,46744.526,46157.737,45571.726,44987.854,44407.179,43830.523,43258.525,42691.681,42130.378,41574.913,41025.515,40482.360,39945.577,39415.262,38891.479,38374.272,37863.662,37359.656,36862.247,36371.418,35887.140,35409.379,34938.093,34473.235,34014.752,33562.591,33116.690,32676.991,32243.426,31815.931,31394.439,30978.879,30569.182,30165.274,29767.084,29374.537,28987.559,28606.075,28230.007,27859.278,27493.810,27133.524,26778.341,26428.180,26082.960,25742.598,25407.011,25076.117,24749.830,24428.066,24110.738,23797.761,23489.048,23184.512,22884.064,22587.618,22295.085,22006.377,21721.406,21440.085,21162.326,20888.042,20617.147,20349.556,20085.184,19823.947,19565.765,19310.555,19058.239,18808.739,18561.981,18317.889,18076.393,17837.424,17600.914,17366.800,17135.018,16905.510,16678.218,16453.090,16230.072,16009.117,15790.179,15573.214,15358.181,15145.044,14933.765,14724.313,14516.657,14310.769,14106.622,13904.193,13703.460,13504.404,13307.005,13111.247,12917.115,12724.594,12533.672,12344.337,12156.576,11970.380,11785.739,11602.641,11421.079,11241.041,11062.518,10885.500,10709.975,10535.933,10363.362,10192.249,10022.580,9854.342,9687.517,9522.089,9358.041,9195.353,9034.004,8873.973,8715.236,8557.769,8401.545,8246.537,8092.716,7940.051,7788.512,7638.066,7488.677,7340.311,7192.931,7046.500,6900.980,6756.331,6612.513,6469.485,6327.206,6185.634,6044.727,5904.442,5764.737,5625.570,5486.897,5348.677,5210.869,5073.431,4936.323,4799.504,4662.937,4526.584,4390.407,4254.373,4118.448,3982.598,3846.794,3711.006,3575.208,3439.374,3303.481,3167.509,3031.437,2895.249,2758.929,2622.466,2485.848,2349.067,2212.117,2074.993,1937.694,1800.218,1662.568,1524.748,1386.762,1248.618,1110.324,971.890,833.328,694.649,555.867,416.996,278.051,139.047,0.000
0.000,3459.955,6916.920,10367.346,13806.470,17227.433,20620.026,23968.888,27251.001,30432.581,33466.236,36291.009,38840.675,41065.662,42959.608,44548.492,45871.492,46967.913,47871.136,48607.019,49194.750,49649.334,49985.626,50223.269,50388.812,50508.375,50602.656,50685.973,50767.351,50852.056,50942.898,51041.162,51147.222,51260.929,51381.843,51509.379,51642.889,51781.711,51925.196,52072.717,52223.671,52377.470,52533.523,52691.211,52849.849,53008.630,53166.552,53322.318,53474.207,53619.915,53756.385,53879.663,53984.854,54066.303,54118.102,54134.856,54112.349,54047.573,53938.305,53782.607,53578.494,53323.910,53017.059,52657.094,52245.048,51784.617,51282.160,50745.611,50183.108,49602.031,49008.559,48407.601,47802.933,47197.404,46593.138,45991.710,45394.285,44801.726,44214.670,43633.588,43058.824,42490.629,41929.184,41374.613,40826.999,40286.390,39752.810,39226.262,38706.731,38194.190,37688.601,37189.918,36698.088,36213.051,35734.744,35263.099,34798.046,34339.514,33887.426,33441.708,33002.283,32569.073,32141.998,31720.979,31305.938,30896.794,30493.466,30095.874,29703.936,29317.572,28936.699,28561.236,28191.100,27826.208,27466.477,27111.823,26762.162,26417.410,26077.479,25742.285,25411.740,25085.758,24764.251,24447.131,24134.309,23825.695,23521.201,23220.736,22924.211,22631.535,22342.619,22057.373,21775.708,21497.533,21222.762,20951.305,20683.077,20417.991,20155.963,19896.910,19640.750,19387.403,19136.791,18888.838,18643.471,18400.616,18160.206,17922.173,17686.453,17452.984,17221.708,16992.570,16765.515,16540.494,16317.458,16096.366,15877.173,15659.842,15444.338,15230.626,15018.676,14808.461,14599.955,14393.134,14187.977,13984.467,13782.585,13582.317,13383.648,13186.568,12991.064,12797.127,12604.748,12413.919,12224.631,12036.880,11850.655,11665.953,11482.764,11301.082,11120.900,10942.208,10764.999,10589.262,10414.987,10242.162,10070.774,9900.809,9732.253,9565.087,9399.295,9234.855,9071.749,8909.952,8749.440,8590.188,8432.168,8275.352,8119.709,7965.206,7811.811,7659.490,7508.205,7357.919,7208.595,7060.192,6912.670,6765.989,6620.104,6474.974,6330.555,6186.803,6043.674,5901.125,5759.110,5617.585,5476.507,5335.832,5195.518,5055.521,4915.802,4776.318,4637.031,4497.903,4358.897,4219.979,4081.113,3942.270,3803.417,3664.529,3525.578,3386.540,3247.394,3108.120,2968.701,2829.121,2689.368,2549.432,2409.305,2268.979,2128.453,1987.724,1846.794,1705.665,1564.341,1422.831,1281.141,1139.283,997.268,855.110,712.821,570.418,427.917,285.336,142.691,0.000
0.000,3616.346,7232.467,10847.715,14460.477,18067.372,21661.935,25232.430,28758.203,32203.935,35511.713,38593.773,41337.321,43646.449,45527.439,47040.306,48254.273,49228.230,50005.861,50616.523,51077.902,51399.903,51591.370,51671.642,51681.080,51657.247,51625.677,51600.949,51590.285,51596.602,51620.490,51661.375,51718.144,51789.490,51874.080,51970.641,52077.998,52195.087,52320.957,52454.759,52595.736,52743.205,52896.537,53055.122,53218.338,53385.481,53555.694,53727.838,53900.332,54070.920,54236.381,54392.217,54532.419,54649.559,54735.528,54783.029,54787.093,54744.883,54654.624,54514.559,54322.307,54074.724,53768.332,53400.423,52970.817,52483.723,51948.173,51375.531,50776.860,50161.486,49536.622,48907.561,48278.078,47650.812,47027.592,46409.679,45797.937,45192.953,44595.122,44004.703,43421.860,42846.686,42279.225,41719.485,41167.448,40623.074,40086.310,39557.091,39035.342,38520.986,38013.937,37514.106,37021.406,36535.744,36057.025,35585.158,35120.048,34661.601,34209.725,33764.325,33325.309,32892.585,32466.062,32045.649,31631.256,31222.792,30820.170,30423.300,30032.094,29646.465,29266.324,28891.585,28522.158,28157.958,27798.896,27444.885,27095.836,26751.661,26412.272,26077.578,25747.491,25421.920,25100.776,24783.967,24471.402,24162.989,23858.637,23558.254,23261.747,22969.025,22679.996,22394.567,22112.647,21834.147,21558.974,21287.041,21018.257,20752.538,20489.795,20229.946,19972.907,19718.598,19466.939,19217.854,18971.269,18727.111,18485.311,18245.803,18008.522,17773.407,17540.401,17309.448,17080.496,16853.496,16628.403,16405.174,16183.769,15964.150,15746.287,15530.145,15315.699,15102.922,14891.792,14682.289,14474.394,14268.092,14063.369,13860.213,13658.614,13458.563,13260.052,13063.075,12867.626,12673.700,12481.293,12290.401,12101.021,11913.147,11726.777,11541.906,11358.529,11176.640,10996.233,10817.300,10639.835,10463.825,10289.261,10116.130,9944.418,9774.111,9605.191,9437.639,9271.435,9106.558,8942.984,8780.686,8619.638,8459.812,8301.175,8143.696,7987.342,7832.076,7677.862,7524.662,7372.436,7221.143,7070.742,6921.189,6772.442,6624.454,6477.183,6330.580,6184.602,6039.202,5894.333,5749.950,5606.006,5462.456,5319.256,5176.361,5033.728,4891.315,4749.081,4606.986,4464.991,4323.060,4181.158,4039.252,3897.310,3755.304,3613.206,3470.991,3328.637,3186.125,3043.436,2900.555,2757.469,2614.168,2470.645,2326.894,2182.912,2038.699,1894.256,1749.587,1604.699,1459.600,1314.301,1168.812,1023.148,877.324,731.355,585.261,439.058,292.767,146.408,0.000
0.000,3772.964,7548.894,11330.578,15120.362,18919.653,22727.927,26540.711,30345.463,34113.262,37782.931,41235.072,44268.412,46655.400,48463.423,49831.051,50877.103,51684.912,52307.600,52775.360,53100.490,53281.073,53308.388,53190.938,53006.720,52813.971,52641.986,52502.005,52396.397,52323.746,52281.272,52265.901,52274.700,52305.031,52354.582,52421.354,52503.633,52599.953,52709.067,52829.918,52961.610,53103.390,53254.617,53414.734,53583.237,53759.611,53943.258,54133.369,54328.732,54527.427,54726.387,54920.796,55103.445,55264.399,55391.845,55475.081,55508.574,55490.731,55421.270,55299.256,55122.051,54884.996,54581.833,54206.230,53754.929,53232.229,52652.315,52032.612,51388.551,50731.773,50070.323,49409.493,48752.657,48101.928,47458.596,46823.437,46196.890,45579.185,44970.416,44370.594,43779.671,43197.565,42624.171,42059.371,41503.038,40955.039,40415.239,39883.503,39359.698,38843.688,38335.342,37834.530,37341.124,36854.999,36376.032,35904.104,35439.095,34980.891,34529.379,34084.449,33645.992,33213.902,32788.075,32368.409,31954.803,31547.158,31145.375,30749.360,30359.016,29974.249,29594.967,29221.074,28852.480,28489.092,28130.818,27777.566,27429.246,27085.763,26747.028,26412.947,26083.428,25758.378,25437.704,25121.313,24809.110,24501.003,24196.896,23896.696,23600.308,23307.638,23018.591,22733.075,22450.994,22172.258,21896.773,21624.449,21355.195,21088.922,20825.544,20564.975,20307.129,20051.927,19799.287,19549.133,19301.389,19055.983,18812.846,18571.910,18333.112,18096.392,17861.691,17628.956,17398.136,17169.183,16942.052,16716.702,16493.097,16271.201,16050.983,15832.413,15615.469,15400.125,15186.364,14974.167,14763.520,14554.410,14346.827,14140.762,13936.209,13733.161,13531.616,13331.570,13133.021,12935.968,12740.410,12546.345,12353.775,12162.698,11973.113,11785.018,11598.413,11413.294,11229.657,11047.498,10866.810,10687.585,10509.815,10333.490,10158.597,9985.122,9813.049,9642.361,9473.039,9305.061,9138.404,8973.044,8808.951,8646.098,8484.455,8323.987,8164.661,8006.442,7849.290,7693.167,7538.031,7383.842,7230.555,7078.127,6926.511,6775.662,6625.533,6476.077,6327.245,6178.989,6031.262,5884.014,5737.198,5590.767,5444.674,5298.872,5153.317,5007.963,4862.769,4717.691,4572.691,4427.730,4282.771,4137.780,3992.724,3847.573,3702.299,3556.876,3411.281,3265.493,3119.495,2973.270,2826.807,2680.095,2533.127,2385.898,2238.405,2090.650,1942.635,1794.366,1645.851,1497.098,1348.121,1198.933,1049.549,899.987,750.266,600.405,450.426,300.350,150.201,0.000
0.000,3926.621,7859.571,11805.347,15770.749,19762.964,23789.421,27857.036,31969.690,36120.736,40271.695,44295.189,47845.873,50243.337,51839.825,52943.398,53738.201,54326.744,54764.300,55076.867,55267.669,55315.564,55170.231,54777.080,54340.981,53950.039,53626.412,53368.821,53169.702,53020.876,52915.125,52846.445,52809.927,52801.566,52818.087,52856.796,52915.474,52992.282,53085.709,53194.512,53317.684,53454.423,53604.108,53766.273,53940.581,54126.790,54324.685,54533.982,54754.136,54984.009,55221.284,55461.482,55696.515,55913.101,56092.733,56217.249,56281.782,56288.608,56240.906,56139.614,55982.156,55761.936,55468.391,55088.419,54611.209,54038.810,53397.205,52715.118,52014.134,51308.014,50604.799,49908.931,49222.742,48547.362,47883.253,47230.510,46589.030,45958.610,45338.995,44729.914,44131.089,43542.250,42963.135,42393.492,41833.083,41281.679,40739.064,40205.031,39679.382,39161.931,38652.496,38150.904,37656.992,37170.599,36691.574,36219.769,35755.043,35297.258,34846.284,34401.992,33964.258,33532.962,33107.988,32689.221,32276.552,31869.870,31469.071,31074.050,30684.705,30300.936,29922.642,29549.727,29182.092,28819.641,28462.279,28109.909,27762.435,27419.764,27081.799,26748.446,26419.608,26095.192,25775.099,25459.236,25147.505,24839.809,24536.053,24236.140,23939.973,23647.456,23358.491,23072.984,22790.838,22511.958,22236.252,21963.625,21693.986,21427.244,21163.310,20902.097,20643.519,20387.494,20133.941,19882.781,19633.939,19387.341,19142.918,18900.603,18660.333,18422.046,18185.687,17951.201,17718.540,17487.655,17258.505,17031.051,16805.256,16581.088,16358.519,16137.522,15918.074,15700.156,15483.752,15268.847,15055.430,14843.492,14633.026,14424.028,14216.493,14010.421,13805.812,13602.665,13400.983,13200.768,13002.022,12804.750,12608.954,12414.636,12221.800,12030.446,11840.577,11652.192,11465.290,11279.870,11095.926,10913.455,10732.449,10552.899,10374.795,10198.125,10022.874,9849.027,9676.563,9505.463,9335.705,9167.262,9000.108,8834.215,8669.550,8506.082,8343.774,8182.590,8022.492,7863.438,7705.387,7548.296,7392.119,7236.811,7082.324,6928.611,6775.623,6623.309,6471.621,6320.507,6169.917,6019.802,5870.111,5720.793,5571.801,5423.085,5274.599,5126.295,4978.128,4830.056,4682.036,4534.027,4385.993,4237.895,4089.702,3941.380,3792.901,3644.238,3495.367,3346.268,3196.921,3047.311,2897.425,2747.254,2596.790,2446.030,2294.971,2143.616,1991.969,1840.036,1687.827,1535.353,1382.628,1229.668,1076.491,923.118,769.568,615.864,462.030,308.092,154.073,0.000
0.000,4073.949,8157.429,12260.494,16394.330,20572.040,24809.768,29128.334,33555.537,38128.310,42887.934,47828.128,52576.565,54632.263,55709.153,56364.531,56805.577,57119.581,57346.009,57500.163,57577.785,57543.319,57279.940,56406.233,55630.166,55018.886,54544.914,54177.293,53892.853,53675.085,53512.076,53395.008,53317.187,53273.423,53259.618,53272.498,53309.418,53368.239,53447.229,53545.000,53660.462,53792.789,53941.404,54105.957,54286.321,54482.580,54695.011,54924.040,55170.123,55433.492,55713.557,56007.629,56308.327,56599.050,56849.034,57019.699,57113.007,57141.344,57114.482,57036.516,56905.438,56712.658,56441.889,56068.427,55563.343,54915.362,54183.457,53417.511,52645.963,51882.577,51133.268,50400.147,49683.587,48983.206,48298.333,47628.215,46972.113,46329.334,45699.247,45081.282,44474.925,43879.711,43295.219,42721.065,42156.897,41602.394,41057.256,40521.206,39993.986,39475.353,38965.079,38462.950,37968.764,37482.329,37003.463,36531.991,36067.751,35610.583,35160.336,34716.866,34280.034,33849.706,33425.753,33008.050,32596.475,32190.913,31791.247,31397.368,31009.166,30626.534,30249.368,29877.565,29511.021,29149.638,28793.314,28441.950,28095.448,27753.709,27416.635,27084.128,26756.089,26432.421,26113.025,25797.801,25486.652,25179.479,24876.182,24576.662,24280.821,23988.559,23699.779,23414.380,23132.266,22853.339,22577.504,22304.665,22034.728,21767.601,21503.193,21241.416,20982.181,20725.406,20471.007,20218.906,19969.025,19721.292,19475.636,19231.990,18990.291,18750.478,18512.495,18276.289,18041.812,17809.019,17577.868,17348.321,17120.346,16893.911,16668.991,16445.561,16223.603,16003.101,15784.040,15566.409,15350.202,15135.413,14922.039,14710.078,14499.532,14290.403,14082.694,13876.411,13671.558,13468.144,13266.173,13065.653,12866.592,12668.994,12472.867,12278.214,12085.043,11893.353,11703.149,11514.431,11327.197,11141.444,10957.168,10774.363,10593.018,10413.125,10234.669,10057.636,9882.007,9707.764,9534.883,9363.341,9193.109,9024.159,8856.461,8689.980,8524.679,8360.523,8197.470,8035.480,7874.509,7714.511,7555.441,7397.251,7239.892,7083.313,6927.464,6772.293,6617.747,6463.775,6310.322,6157.338,6004.768,5852.562,5700.666,5549.031,5397.607,5246.345,5095.197,4944.118,4793.064,4641.993,4490.865,4339.641,4188.287,4036.769,3885.057,3733.123,3580.943,3428.495,3275.760,3122.722,2969.368,2815.689,2661.678,2507.332,2352.650,2197.634,2042.292,1886.630,1730.659,1574.393,1417.849,1261.044,1103.998,946.735,789.277,631.650,473.881,315.997,158.028,0.000
0.000,4211.749,8435.704,12684.876,16974.041,21321.106,25749.285,30291.003,34995.822,39949.041,45323.612,51552.830,60000.000,60000.000,60000.000,60000.000,60000.000,60000.000,60000.000,60000.000,60000.000,60000.000,60000.000,57937.794,56754.633,55950.512,55357.166,54902.704,54549.464,54274.681,54063.245,53904.495,53790.575,53715.514,53674.670,53664.372,53681.687,53724.261,53790.211,53878.047,53986.629,54115.131,54263.029,54430.101,54616.438,54822.472,55049.016,55297.316,55569.096,55866.544,56192.081,56547.400,56930.353,57325.966,57684.873,57899.730,58009.433,58049.520,58039.421,57986.807,57890.729,57741.712,57518.472,57180.513,56658.925,55876.502,55004.539,54126.426,53270.673,52444.231,51646.838,50876.213,50129.780,49405.184,48700.411,48013.770,47343.844,46689.443,46049.558,45423.326,44810.000,44208.929,43619.539,43041.317,42473.806,41916.592,41369.296,40831.573,40303.106,39783.600,39272.781,38770.394,38276.201,37789.979,37311.516,36840.613,36377.083,35920.747,35471.436,35028.989,34593.252,34164.078,33741.326,33324.860,32914.549,32510.269,32111.896,31719.313,31332.405,30951.057,30575.162,30204.609,29839.294,29479.112,29123.958,28773.731,28428.327,28087.646,27751.586,27420.047,27092.926,26770.125,26451.541,26137.073,25826.620,25520.082,25217.355,24918.338,24622.931,24331.031,24042.538,23757.350,23475.367,23196.491,22920.623,22647.664,22377.520,22110.095,21845.297,21583.035,21323.221,21065.768,20810.594,20557.616,20306.759,20057.948,19811.112,19566.183,19323.098,19081.797,18842.225,18604.329,18368.062,18133.380,17900.243,17668.616,17438.466,17209.767,16982.494,16756.627,16532.149,16309.047,16087.311,15866.935,15647.914,15430.247,15213.934,14998.979,14785.386,14573.163,14362.318,14152.858,13944.795,13738.139,13532.901,13329.091,13126.720,12925.800,12726.338,12528.345,12331.828,12136.794,11943.247,11751.192,11560.629,11371.559,11183.978,10997.883,10813.267,10630.120,10448.431,10268.186,10089.369,9911.959,9735.936,9561.275,9387.949,9215.929,9045.183,8875.677,8707.375,8540.238,8374.225,8209.293,8045.398,7882.491,7720.527,7559.454,7399.222,7239.778,7081.070,6923.042,6765.641,6608.811,6452.497,6296.644,6141.197,5986.100,5831.299,5676.742,5522.376,5368.149,5214.012,5059.917,4905.817,4751.669,4597.431,4443.062,4288.525,4133.786,3978.814,3823.579,3668.056,3512.223,3356.060,3199.550,3042.682,2885.446,2727.835,2569.847,2411.483,2252.746,2093.643,1934.184,1774.382,1614.253,1453.814,1293.086,1132.093,970.859,809.411,647.778,485.989,324.075,162.068,0.000
0.000,4337.343,8688.767,13069.269,17495.858,21989.064,26575.268,31290.579,36187.712,41348.429,46904.645,53059.582,60000.000,60000.000,60000.000,60000.000,60000.000,60000.000,60000.000,60000.000,60000.000,60000.000,60000.000,58590.351,57500.120,56671.440,56030.629,55527.001,55127.744,54811.066,54561.879,54369.315,54225.277,54123.574,54059.371,54028.839,54028.912,54057.131,54111.535,54190.584,54293.117,54418.322,54565.730,54735.232,54927.111,55142.106,55381.515,55647.360,55942.640,56271.739,56641.042,57059.739,57539.905,58089.748,58664.907,58885.052,58975.617,59008.030,59007.032,58980.732,58929.149,58845.203,58710.030,58476.540,58015.747,56927.732,55832.470,54813.822,53867.054,52977.948,52134.882,51329.454,50555.621,49808.944,49086.079,48384.442,47701.993,47037.087,46388.373,45754.723,45135.181,44528.926,43935.245,43353.510,42783.162,42223.703,41674.683,41135.692,40606.356,40086.332,39575.303,39072.975,38579.075,38093.350,37615.561,37145.484,36682.910,36227.642,35779.491,35338.283,34903.847,34476.026,34054.666,33639.621,33230.753,32827.927,32431.013,32039.887,31654.428,31274.517,30900.040,30530.884,30166.939,29808.096,29454.247,29105.289,28761.115,28421.619,28086.700,27756.253,27430.175,27108.361,26790.710,26477.116,26167.476,25861.687,25559.644,25261.242,24966.379,24674.950,24386.851,24101.979,23820.231,23541.505,23265.701,22992.718,22722.458,22454.825,22189.722,21927.059,21666.744,21408.689,21152.809,20899.023,20647.252,20397.420,20149.456,19903.294,19658.867,19416.118,19174.990,18935.433,18697.400,18460.848,18225.740,17992.041,17759.721,17528.757,17299.127,17070.813,16843.802,16618.084,16393.653,16170.506,15948.643,15728.066,15508.781,15290.796,15074.119,14858.762,14644.737,14432.058,14220.740,14010.796,13802.244,13595.097,13389.371,13185.080,12982.238,12780.858,12580.951,12382.528,12185.596,11990.161,11796.229,11603.802,11412.880,11223.461,11035.539,10849.108,10664.156,10480.673,10298.641,10118.042,9938.855,9761.057,9584.620,9409.515,9235.710,9063.169,8891.857,8721.732,8552.753,8384.876,8218.054,8052.238,7887.379,7723.425,7560.322,7398.016,7236.451,7075.571,6915.318,6755.635,6596.463,6437.744,6279.421,6121.435,5963.730,5806.250,5648.939,5491.744,5334.612,5177.493,5020.338,4863.101,4705.736,4548.204,4390.464,4232.482,4074.222,3915.657,3756.758,3597.503,3437.871,3277.847,3117.418,2956.574,2795.310,2633.624,2471.517,2308.994,2146.065,1982.739,1819.033,1654.964,1490.553,1325.823,1160.800,995.511,829.988,664.262,498.365,332.332,166.198,0.000
0.000,4448.858,8912.754,13407.579,17951.061,22564.030,27272.147,32108.340,37116.024,42352.320,47886.962,53780.854,60000.000,60000.000,60000.000,60000.000,60000.000,60000.000,60000.000,60000.000,60000.000,60000.000,60000.000,58923.525,57984.110,57204.570,56566.996,56047.031,55623.561,55280.090,55004.036,54785.764,54617.811,54494.310,54410.590,54362.897,54348.193,54364.027,54408.431,54479.862,54577.163,54699.540,54846.570,55018.221,55214.903,55437.558,55687.806,55968.188,56282.577,56636.928,57040.792,57510.769,58079.909,58828.308,60000.000,60000.000,60000.000,60000.000,60000.000,60000.000,60000.000,60000.000,60000.000,60000.000,60000.000,57986.644,56584.396,55430.111,54406.692,53466.685,52586.482,51752.423,50955.754,50190.461,49452.205,48737.729,48044.515,47370.564,46714.255,46074.247,45449.413,44838.789,44241.543,43656.946,43084.354,42523.193,41972.947,41433.148,40903.372,40383.230,39872.365,39370.447,38877.172,38392.256,37915.436,37446.465,36985.114,36531.166,36084.417,35644.676,35211.763,34785.504,34365.738,33952.309,33545.069,33143.877,32748.596,32359.094,31975.247,31596.930,31224.024,30856.413,30493.983,30136.621,29784.218,29436.665,29093.853,28755.676,28422.026,28092.799,27767.888,27447.187,27130.590,26817.992,26509.285,26204.363,25903.120,25605.449,25311.243,25020.395,24732.800,24448.352,24166.944,23888.472,23612.832,23339.923,23069.642,22801.892,22536.574,22273.593,22012.857,21754.277,21497.765,21243.237,20990.615,20739.822,20490.786,20243.437,19997.713,19753.554,19510.905,19269.714,19029.938,18791.534,18554.466,18318.703,18084.217,17850.985,17618.990,17388.216,17158.656,16930.301,16703.151,16477.204,16252.468,16028.947,15806.653,15585.596,15365.792,15147.256,14930.006,14714.059,14499.436,14286.155,14074.238,13863.703,13654.571,13446.859,13240.587,13035.770,12832.425,12630.565,12430.201,12231.343,12033.999,11838.175,11643.872,11451.091,11259.829,11070.080,10881.836,10695.085,10509.813,10326.001,10143.630,9962.676,9783.111,9604.907,9428.030,9252.446,9078.115,8904.997,8733.049,8562.224,8392.474,8223.750,8055.999,7889.166,7723.197,7558.034,7393.618,7229.892,7066.793,6904.263,6742.239,6580.660,6419.466,6258.596,6097.989,5937.587,5777.332,5617.167,5457.036,5296.888,5136.669,4976.331,4815.829,4655.117,4494.156,4332.906,4171.334,4009.408,3847.101,3684.388,3521.248,3357.666,3193.629,3029.126,2864.154,2698.710,2532.799,2366.425,2199.600,2032.336,1864.651,1696.565,1528.100,1359.284,1190.146,1020.716,851.028,681.117,511.020,340.776,170.422,0.000
0.000,4545.337,9105.813,13697.233,18336.783,23043.851,27840.952,32754.615,37815.728,43057.869,48510.030,54176.871,60000.000,60000.000,60000.000,60000.000,60000.000,60000.000,60000.000,60000.000,60000.000,60000.000,60000.000,59119.670,58308.272,57595.800,56985.837,56470.663,56039.489,55681.823,55388.545,55152.043,54966.053,54825.434,54725.961,54664.150,54637.132,54642.553,54678.506,54743.482,54836.346,54956.323,55103.008,55276.396,55476.936,55705.628,55964.170,56255.208,56582.736,56952.776,57374.581,57862.761,58440.738,59143.603,60000.000,60000.000,60000.000,60000.000,60000.000,60000.000,60000.000,60000.000,60000.000,60000.000,60000.000,58434.807,57088.906,55916.245,54863.783,53896.629,52993.089,52139.285,51325.920,50546.477,49796.206,49071.526,48369.660,47688.397,47025.944,46380.812,45751.751,45137.693,44537.709,43950.992,43376.824,42814.569,42263.653,41723.559,41193.817,40673.998,40163.707,39662.584,39170.293,38686.525,38210.993,37743.430,37283.586,36831.228,36386.138,35948.109,35516.949,35092.475,34674.515,34262.903,33857.486,33458.114,33064.645,32676.942,32294.874,31918.313,31547.136,31181.223,30820.457,30464.722,30113.906,29767.897,29426.585,29089.859,28757.613,28429.736,28106.120,27786.659,27471.243,27159.763,26852.111,26548.177,26247.854,25951.031,25657.598,25367.447,25080.469,24796.554,24515.594,24237.482,23962.111,23689.375,23419.172,23151.398,22885.955,22622.744,22361.671,22102.643,21845.573,21590.375,21336.967,21085.272,20835.217,20586.732,20339.755,20094.224,19850.085,19607.289,19365.791,19125.552,18886.535,18648.713,18412.059,18176.555,17942.184,17708.937,17476.806,17245.791,17015.892,16787.115,16559.468,16332.965,16107.618,15883.446,15660.467,15438.702,15218.175,14998.909,14780.927,14564.255,14348.918,14134.940,13922.346,13711.159,13501.403,13293.097,13086.260,12880.912,12677.067,12474.739,12273.938,12074.672,11876.947,11680.765,11486.126,11293.025,11101.456,10911.410,10722.870,10535.823,10350.246,10166.117,9983.409,9802.091,9622.132,9443.494,9266.138,9090.022,8915.102,8741.329,8568.654,8397.024,8226.385,8056.680,7887.851,7719.838,7552.580,7386.016,7220.081,7054.712,6889.844,6725.414,6561.357,6397.609,6234.107,6070.788,5907.591,5744.457,5581.327,5418.145,5254.857,5091.411,4927.758,4763.853,4599.651,4435.114,4270.205,4104.891,3939.142,3772.935,3606.248,3439.064,3271.369,3103.157,2934.420,2765.160,2595.380,2425.088,2254.296,2083.019,1911.277,1739.092,1566.491,1393.503,1220.160,1046.497,872.551,698.361,523.968,349.415,174.744,0.000
0.000,4626.676,9267.931,13938.760,18654.988,23433.642,28293.200,33253.442,38334.408,43553.399,48918.418,54416.603,60000.000,60000.000,60000.000,60000.000,60000.000,60000.000,60000.000,60000.000,60000.000,60000.000,60000.000,59246.911,58533.552,57884.585,57309.964,56810.389,56382.012,56019.287,55716.409,55467.951,55269.074,55115.575,55003.840,54930.790,54893.818,54890.739,54919.754,54979.415,55068.620,55186.602,55332.949,55507.623,55711.019,55944.042,56208.225,56505.917,56840.548,57217.007,57642.122,58125.056,58676.745,59305.386,60000.000,60000.000,60000.000,60000.000,60000.000,60000.000,60000.000,60000.000,60000.000,60000.000,60000.000,58663.990,57420.670,56282.846,55236.388,54263.927,53351.070,52486.954,51663.540,50874.823,50116.242,49384.256,48676.062,47989.396,47322.394,46673.497,46041.385,45424.918,44823.107,44235.082,43660.072,43097.389,42546.412,42006.581,41477.389,40958.369,40449.097,39949.181,39458.261,38976.005,38502.102,38036.267,37578.233,37127.751,36684.589,36248.529,35819.365,35396.908,34980.973,34571.391,34167.998,33770.640,33379.168,32993.442,32613.325,32238.687,31869.400,31505.341,31146.392,30792.432,30443.348,30099.026,29759.352,29424.216,29093.507,28767.113,28444.925,28126.832,27812.724,27502.489,27196.018,26893.196,26593.915,26298.061,26005.521,25716.184,25429.938,25146.671,24866.270,24588.627,24313.630,24041.172,23771.145,23503.446,23237.970,22974.619,22713.294,22453.900,22196.348,21940.550,21686.423,21433.887,21182.869,20933.299,20685.112,20438.248,20192.653,19948.278,19705.079,19463.018,19222.062,18982.183,18743.359,18505.574,18268.814,18033.075,17798.351,17564.646,17331.967,17100.322,16869.726,16640.195,16411.749,16184.411,15958.205,15733.158,15509.298,15286.654,15065.255,14845.132,14626.315,14408.835,14192.720,13977.999,13764.700,13552.847,13342.464,13133.574,12926.196,12720.346,12516.039,12313.286,12112.095,11912.471,11714.416,11517.928,11323.002,11129.628,10937.795,10747.487,10558.683,10371.360,10185.492,10001.049,9817.996,9636.297,9455.911,9276.794,9098.901,8922.181,8746.584,8572.053,8398.533,8225.963,8054.284,7883.432,7713.343,7543.953,7375.193,7206.998,7039.299,6872.029,6705.119,6538.504,6372.114,6205.886,6039.753,5873.654,5707.526,5541.310,5374.949,5208.389,5041.577,4874.465,4707.007,4539.163,4370.893,4202.163,4032.942,3863.205,3692.930,3522.100,3350.701,3178.725,3006.167,2833.029,2659.316,2485.036,2310.203,2134.836,1958.956,1782.589,1605.763,1428.513,1250.872,1072.881,894.580,716.012,537.223,358.259,179.169,0.000
0.000,4693.438,9400.476,14134.890,18910.767,23742.534,28644.764,33631.547,38715.066,43902.903,49193.642,54571.122,60000.000,60000.000,60000.000,60000.000,60000.000,60000.000,60000.000,60000.000,60000.000,60000.000,60000.000,59334.446,58694.481,58099.081,57559.119,57079.004,56658.984,56297.014,55989.980,55734.412,55526.865,55364.107,55243.198,55161.522,55116.787,55107.016,55130.541,55185.995,55272.308,55388.712,55534.753,55710.317,55915.662,56151.474,56418.942,56719.848,57056.679,57432.711,57851.953,58318.679,58835.851,59401.212,60000.000,60000.000,60000.000,60000.000,60000.000,60000.000,60000.000,60000.000,60000.000,60000.000,60000.000,58800.767,57647.400,56558.708,55535.779,54572.557,53661.383,52795.136,51967.808,51174.508,50411.279,49674.910,48962.771,48272.679,47602.798,46951.568,46317.647,45699.866,45097.197,44508.734,43933.667,43371.268,42820.881,42281.912,41753.820,41236.110,40728.329,40230.062,39740.925,39260.563,38788.650,38324.882,37868.976,37420.670,36979.719,36545.894,36118.982,35698.781,35285.101,34877.766,34476.605,34081.459,33692.176,33308.609,32930.620,32558.074,32190.842,31828.798,31471.820,31119.787,30772.583,30430.092,30092.199,29758.791,29429.756,29104.981,28784.354,28467.762,28155.092,27846.232,27541.068,27239.486,26941.372,26646.610,26355.085,26066.683,25781.288,25498.785,25219.059,24941.996,24667.484,24395.410,24125.665,23858.139,23592.728,23329.328,23067.839,22808.163,22550.208,22293.883,22039.104,21785.791,21533.866,21283.261,21033.908,20785.750,20538.731,20292.802,20047.922,19804.052,19561.163,19319.229,19078.230,18838.153,18598.988,18360.733,18123.390,17886.964,17651.466,17416.912,17183.321,16950.714,16719.117,16488.559,16259.069,16030.679,15803.425,15577.340,15352.461,15128.823,14906.462,14685.415,14465.714,14247.396,14030.491,13815.030,13601.042,13388.552,13177.584,12968.159,12760.295,12554.006,12349.302,12146.193,11944.682,11744.769,11546.451,11349.720,11154.565,10960.970,10768.917,10578.382,10389.340,10201.757,10015.602,9830.835,9647.414,9465.296,9284.430,9104.768,8926.253,8748.829,8572.436,8397.013,8222.496,8048.818,7875.913,7703.710,7532.141,7361.135,7190.620,7020.525,6850.778,6681.307,6512.043,6342.916,6173.857,6004.799,5835.678,5666.430,5496.996,5327.317,5157.339,4987.010,4816.282,4645.112,4473.459,4301.287,4128.563,3955.262,3781.360,3606.839,3431.686,3255.893,3079.456,2902.378,2724.663,2546.324,2367.375,2187.838,2007.736,1827.099,1645.958,1464.351,1282.316,1099.897,917.139,734.089,550.798,367.318,183.701,0.000
0.000,4746.600,9505.645,14289.559,19110.659,23980.964,28911.779,33912.918,38991.408,44149.508,49382.124,54674.242,60000.000,60000.000,60000.000,60000.000,60000.000,60000.000,60000.000,60000.000,60000.000,60000.000,60000.000,59396.418,58810.887,58258.193,57748.496,57287.606,56878.002,56519.914,56212.205,55952.983,55740.007,55570.937,55443.479,55355.478,55304.961,55290.171,55309.579,55361.898,55446.087,55561.365,55707.216,55883.408,56090.010,56327.418,56596.377,56897.999,57233.743,57605.318,58014.395,58461.927,58946.810,59463.627,60000.000,60000.000,60000.000,60000.000,60000.000,60000.000,60000.000,60000.000,60000.000,60000.000,60000.000,58891.947,57809.889,56769.405,55776.216,54830.039,53927.815,53065.580,52239.367,51445.567,50681.026,49943.028,49229.245,48537.675,47866.589,47214.478,46580.023,45962.057,45359.541,44771.549,44197.247,43635.882,43086.772,42549.295,42022.884,41507.022,41001.232,40505.078,40018.155,39540.092,39070.546,38609.198,38155.752,37709.934,37271.489,36840.178,36415.779,35998.083,35586.895,35182.030,34783.315,34390.585,34003.685,33622.465,33246.784,32876.504,32511.493,32151.626,31796.776,31446.824,31101.649,30761.135,30425.167,30093.630,29766.408,29443.389,29124.458,28809.501,28498.403,28191.050,27887.324,27587.110,27290.291,26996.748,26706.365,26419.021,26134.600,25852.981,25574.048,25297.682,25023.767,24752.188,24482.830,24215.583,23950.336,23686.983,23425.421,23165.549,22907.271,22650.495,22395.135,22141.107,21888.334,21636.745,21386.272,21136.858,20888.446,20640.989,20394.445,20148.780,19903.963,19659.971,19416.789,19174.406,18932.815,18692.020,18452.024,18212.840,17974.483,17736.974,17500.337,17264.601,17029.796,16795.956,16563.118,16331.322,16100.606,15871.013,15642.584,15415.361,15189.386,14964.701,14741.347,14519.362,14298.785,14079.650,13861.991,13645.840,13431.223,13218.166,13006.690,12796.813,12588.549,12381.909,12176.900,11973.523,11771.777,11571.656,11373.150,11176.245,10980.921,10787.156,10594.923,10404.190,10214.923,10027.082,9840.625,9655.505,9471.671,9289.070,9107.646,8927.339,8748.087,8569.824,8392.483,8215.996,8040.291,7865.295,7690.936,7517.138,7343.826,7170.924,6998.357,6826.049,6653.926,6481.914,6309.941,6137.935,5965.829,5793.554,5621.049,5448.250,5275.101,5101.548,4927.538,4753.026,4577.969,4402.330,4226.074,4049.173,3871.604,3693.349,3514.393,3334.729,3154.353,2973.270,2791.485,2609.012,2425.869,2242.079,2057.668,1872.669,1687.119,1501.057,1314.526,1127.575,940.253,752.613,564.711,376.602,188.345,0.000
0.000,4787.316,9585.949,14407.043,19261.346,24158.887,29108.470,34116.939,39188.140,44321.597,49511.106,54743.724,60000.000,60000.000,60000.000,60000.000,60000.000,60000.000,60000.000,60000.000,60000.000,60000.000,60000.000,59440.362,58894.492,58374.361,57889.132,57445.003,57045.596,56692.541,56386.058,56125.433,55909.379,55736.298,55604.456,55512.107,55457.572,55439.295,55455.877,55506.103,55588.953,55703.619,55849.510,56026.256,56233.715,56471.966,56741.297,57042.161,57375.094,57740.529,58138.464,58567.886,59025.875,59506.498,60000.000,60000.000,60000.000,60000.000,60000.000,60000.000,60000.000,60000.000,60000.000,60000.000,60000.000,58957.386,57931.219,56933.385,55970.369,55044.446,54155.279,53301.159,52479.802,51688.789,50925.777,50188.600,49475.293,48784.093,48113.419,47461.859,46828.145,46211.135,45609.801,45023.213,44450.526,43890.972,43343.851,42808.522,42284.400,41770.946,41267.667,40774.108,40289.851,39814.507,39347.720,38889.160,38438.519,37995.512,37559.877,37131.366,36709.750,36294.815,35886.359,35484.195,35088.143,34698.037,34313.719,33935.035,33561.843,33194.005,32831.386,32473.859,32121.297,31773.580,31430.586,31092.199,30758.300,30428.776,30103.509,29782.385,29465.288,29152.102,28842.712,28536.999,28234.845,27936.132,27640.739,27348.546,27059.432,26773.275,26489.953,26209.343,25931.325,25655.776,25382.575,25111.605,24842.746,24575.883,24310.904,24047.697,23786.155,23526.176,23267.659,23010.511,22754.641,22499.964,22246.403,21993.882,21742.336,21491.703,21241.930,20992.969,20744.780,20497.328,20250.585,20004.533,19759.157,19514.449,19270.410,19027.043,18784.359,18542.375,18301.113,18060.597,17820.859,17581.933,17343.856,17106.669,16870.416,16635.141,16400.891,16167.715,15935.661,15704.777,15475.113,15246.716,15019.633,14793.908,14569.586,14346.707,14125.311,13905.431,13687.102,13470.352,13255.207,13041.687,12829.812,12619.593,12411.041,12204.160,11998.950,11795.406,11593.520,11393.277,11194.661,10997.647,10802.209,10608.315,10415.929,10225.011,10035.516,9847.396,9660.599,9475.069,9290.746,9107.568,8925.471,8744.385,8564.240,8384.964,8206.480,8028.714,7851.586,7675.019,7498.933,7323.247,7147.882,6972.758,6797.795,6622.917,6448.045,6273.106,6098.025,5922.734,5747.162,5571.247,5394.926,5218.141,5040.840,4862.972,4684.493,4505.363,4325.546,4145.012,3963.737,3781.702,3598.893,3415.303,3230.929,3045.774,2859.848,2673.166,2485.747,2297.617,2108.807,1919.352,1729.293,1538.673,1347.541,1155.948,963.951,771.607,578.976,386.123,193.109,0.000
0.000,4816.716,9643.792,14491.317,19368.798,24284.768,29246.276,34258.231,39322.616,44437.636,49596.980,54789.547,60000.000,60000.000,60000.000,60000.000,60000.000,60000.000,60000.000,60000.000,60000.000,60000.000,60000.000,59470.559,58952.396,58455.679,57988.731,57557.755,57166.926,56818.697,56514.165,56253.432,56035.909,55860.559,55726.087,55631.074,55574.083,55553.721,55568.697,55617.849,55700.169,55814.815,55961.111,56138.550,56346.780,56585.579,56854.817,57154.380,57484.054,57843.332,58231.124,58645.333,59082.340,59536.500,60000.000,60000.000,60000.000,60000.000,60000.000,60000.000,60000.000,60000.000,60000.000,60000.000,60000.000,59006.623,58024.620,57063.104,56128.135,55222.953,54348.691,53505.108,52691.164,51905.406,51146.217,50411.948,49701.001,49011.865,48343.132,47693.501,47061.774,46446.855,45847.736,45263.495,44693.289,44136.341,43591.941,43059.437,42538.227,42027.762,41527.532,41037.069,40555.941,40083.750,39620.128,39164.734,38717.252,38277.390,37844.877,37419.459,37000.903,36588.989,36183.512,35784.280,35391.114,35003.843,34622.306,34246.352,33875.834,33510.614,33150.557,32795.535,32445.422,32100.096,31759.436,31423.323,31091.641,30764.274,30441.104,30122.016,29806.893,29495.618,29188.072,28884.136,28583.690,28286.612,27992.781,27702.071,27414.359,27129.519,26847.426,26567.954,26290.976,26016.368,25744.004,25473.760,25205.515,24939.148,24674.543,24411.584,24150.162,23890.167,23631.499,23374.059,23117.753,22862.496,22608.206,22354.808,22102.234,21850.423,21599.320,21348.879,21099.059,20849.828,20601.162,20353.041,20105.457,19858.405,19611.888,19365.915,19120.503,18875.673,18631.453,18387.873,18144.973,17902.791,17661.373,17420.766,17181.021,16942.190,16704.327,16467.488,16231.728,15997.102,15763.667,15531.476,15300.584,15071.041,14842.897,14616.199,14390.991,14167.314,13945.205,13724.697,13505.821,13288.602,13073.061,12859.214,12647.073,12436.645,12227.932,12020.931,11815.635,11612.030,11410.098,11209.818,11011.162,10814.097,10618.586,10424.588,10232.056,10040.941,9851.188,9662.738,9475.530,9289.498,9104.574,8920.686,8737.759,8555.716,8374.480,8193.968,8014.100,7834.791,7655.958,7477.515,7299.378,7121.463,6943.685,6765.962,6588.213,6410.358,6232.319,6054.022,5875.394,5696.367,5516.875,5336.858,5156.257,4975.022,4793.103,4610.460,4427.054,4242.855,4057.835,3871.977,3685.265,3497.692,3309.257,3119.964,2929.824,2738.853,2547.075,2354.517,2161.213,1967.203,1772.530,1577.245,1381.400,1185.052,988.262,791.094,593.614,395.892,197.997,0.000
0.000,4835.756,9681.187,14545.636,19437.762,24365.113,29333.635,34347.093,39406.461,44509.349,49649.633,54817.483,60000.000,60000.000,60000.000,60000.000,60000.000,60000.000,60000.000,60000.000,60000.000,60000.000,60000.000,59489.499,58988.888,58507.277,58052.422,57630.434,57245.744,56901.254,56598.583,56338.341,56120.393,55944.077,55808.399,55712.170,55654.117,55632.967,55647.499,55696.588,55779.221,55894.518,56041.724,56220.205,56429.420,56668.892,56938.141,57236.604,57563.511,57917.709,58297.435,58700.036,59121.681,59557.172,60000.000,60000.000,60000.000,60000.000,60000.000,60000.000,60000.000,60000.000,60000.000,60000.000,60000.000,59044.723,58097.923,57166.820,56256.807,55371.377,54512.401,53680.533,52875.586,52096.834,51343.241,50613.601,49906.644,49221.097,48555.719,47909.323,47280.791,46669.072,46073.193,45492.245,44925.390,44371.854,43830.921,43301.931,42784.274,42277.390,41780.760,41293.905,40816.385,40347.792,39887.750,39435.910,38991.950,38555.572,38126.498,37704.473,37289.257,36880.629,36478.381,36082.319,35692.261,35308.037,34929.485,34556.452,34188.793,33826.369,33469.046,33116.695,32769.192,32426.413,32088.239,31754.552,31425.234,31100.169,30779.240,30462.331,30149.322,29840.098,29534.536,29232.517,28933.917,28638.613,28346.479,28057.390,27771.216,27487.828,27207.098,26928.895,26653.089,26379.549,26108.147,25838.753,25571.241,25305.487,25041.367,24778.764,24517.561,24257.648,23998.918,23741.270,23484.606,23228.839,22973.883,22719.662,22466.108,22213.157,21960.756,21708.857,21457.422,21206.420,20955.827,20705.629,20455.820,20206.397,19957.370,19708.753,19460.566,19212.839,18965.603,18718.897,18472.765,18227.256,17982.421,17738.315,17494.997,17252.525,17010.963,16770.373,16530.818,16292.363,16055.068,15818.997,15584.209,15350.763,15118.715,14888.117,14659.020,14431.470,14205.509,13981.176,13758.505,13537.525,13318.261,13100.733,12884.955,12670.937,12458.681,12248.188,12039.451,11832.457,11627.190,11423.626,11221.738,11021.493,10822.852,10625.773,10430.208,10236.105,10043.406,9852.050,9661.973,9473.107,9285.377,9098.710,8913.027,8728.247,8544.287,8361.061,8178.483,7996.464,7814.915,7633.747,7452.869,7272.193,7091.629,6911.089,6730.487,6549.739,6368.761,6187.476,6005.804,5823.675,5641.018,5457.767,5273.863,5089.250,4903.878,4717.702,4530.681,4342.783,4153.982,3964.256,3773.590,3581.979,3389.420,3195.919,3001.489,2806.149,2609.923,2412.843,2214.948,2016.279,1816.886,1616.823,1416.148,1214.924,1013.218,811.100,608.644,405.923,203.016,0.000
0.000,4845.124,9699.563,14572.281,19471.502,24404.290,29376.058,34390.045,39446.785,44543.668,49674.720,54830.753,60000.000,60000.000,60000.000,60000.000,60000.000,60000.000,60000.000,60000.000,60000.000,60000.000,60000.000,59498.570,59006.416,58532.166,58083.307,57665.889,57284.448,56942.088,56640.677,56381.074,56163.368,55987.091,55851.403,55755.233,55697.398,55676.682,55691.901,55741.937,55825.766,55942.466,56091.214,56271.269,56481.944,56722.558,56992.371,57290.494,57615.774,57966.641,58340.938,58735.742,59147.207,59570.517,60000.000,60000.000,60000.000,60000.000,60000.000,60000.000,60000.000,60000.000,60000.000,60000.000,60000.000,59074.576,58155.910,57249.977,56361.575,55494.167,54649.965,53830.136,53035.041,52264.464,51517.796,50794.177,50092.605,49412.004,48751.280,48109.350,47485.167,46877.732,46286.099,45709.383,45146.752,44597.438,44060.724,43535.947,43022.492,42519.793,42027.324,41544.600,41071.174,40606.632,40150.592,39702.701,39262.631,38830.081,38404.770,37986.440,37574.849,37169.774,36771.006,36378.351,35991.626,35610.663,35235.298,34865.380,34500.765,34141.315,33786.896,33437.382,33092.649,32752.574,32417.040,32085.927,31759.121,31436.505,31117.961,30803.373,30492.622,30185.589,29882.154,29582.192,29285.580,28992.191,28701.896,28414.567,28130.071,27848.275,27569.046,27292.249,27017.750,26745.412,26475.101,26206.685,25940.031,25675.009,25411.492,25149.355,24888.479,24628.748,24370.050,24112.280,23855.339,23599.133,23343.577,23088.591,22834.104,22580.054,22326.385,22073.051,21820.014,21567.244,21314.722,21062.435,20810.378,20558.557,20306.983,20055.677,19804.665,19553.981,19303.666,19053.764,18804.327,18555.411,18307.076,18059.384,17812.403,17566.200,17320.845,17076.409,16832.965,16590.584,16349.335,16109.290,15870.514,15633.074,15397.033,15162.450,14929.380,14697.878,14467.989,14239.758,14013.224,13788.419,13565.373,13344.109,13124.643,12906.988,12691.149,12477.128,12264.919,12054.510,11845.885,11639.021,11433.889,11230.457,11028.683,10828.524,10629.931,10432.848,10237.216,10042.971,9850.046,9658.367,9467.859,9278.441,9090.033,8902.547,8715.897,8529.992,8344.740,8160.048,7975.821,7791.964,7608.382,7424.979,7241.663,7058.338,6874.913,6691.299,6507.407,6323.154,6138.456,5953.237,5767.423,5580.944,5393.736,5205.739,5016.901,4827.173,4636.513,4444.887,4252.265,4058.627,3863.958,3668.250,3471.503,3273.723,3074.926,2875.131,2674.368,2472.670,2270.080,2066.645,1862.418,1657.459,1451.832,1245.606,1038.855,831.655,624.086,416.230,208.173,0.000
0.000,4845.175,9699.662,14572.422,19471.677,24404.486,29376.264,34390.247,39446.968,44543.819,49674.828,54830.809,60000.000,60000.000,60000.000,60000.000,60000.000,60000.000,60000.000,60000.000,60000.000,60000.000,60000.000,59498.386,59006.073,58531.712,58082.812,57665.441,57284.153,56942.069,56641.068,56382.024,56165.036,55989.647,55855.024,55760.103,55703.705,55684.614,55701.637,55753.646,55839.592,55958.517,56109.543,56291.856,56504.665,56747.152,57018.407,57317.334,57642.542,57992.219,58363.998,58754.831,59160.916,59577.697,60000.000,60000.000,60000.000,60000.000,60000.000,60000.000,60000.000,60000.000,60000.000,60000.000,60000.000,59097.896,58201.540,57316.126,56446.014,55594.558,54764.103,53956.085,53171.192,52409.528,51670.769,50954.298,50259.304,49584.860,48929.984,48293.678,47674.952,47072.850,46486.454,45914.896,45357.359,44813.077,44281.338,43761.477,43252.880,42754.975,42267.234,41789.170,41320.330,40860.298,40408.688,39965.144,39529.337,39100.963,38679.741,38265.410,37857.729,37456.475,37061.440,36672.429,36289.263,35911.772,35539.796,35173.186,34811.799,34455.499,34104.155,33757.642,33415.839,33078.624,32745.880,32417.493,32093.346,31773.324,31457.310,31145.187,30836.838,30532.141,30230.974,29933.214,29638.733,29347.402,29059.091,28773.666,28490.991,28210.931,27933.346,27658.097,27385.044,27114.046,26844.964,26577.659,26311.991,26047.828,25785.034,25523.481,25263.042,25003.597,24745.029,24487.230,24230.094,23973.526,23717.436,23461.743,23206.374,22951.265,22696.360,22441.612,22186.985,21932.452,21677.993,21423.600,21169.272,20915.019,20660.857,20406.812,20152.918,19899.214,19645.748,19392.574,19139.750,18887.341,18635.414,18384.043,18133.301,17883.266,17634.017,17385.634,17138.198,16891.788,16646.484,16402.362,16159.499,15917.969,15677.840,15439.179,15202.050,14966.509,14732.612,14500.407,14269.937,14041.240,13814.349,13589.291,13366.085,13144.746,12925.282,12707.696,12491.982,12278.132,12066.128,11855.947,11647.561,11440.934,11236.027,11032.791,10831.177,10631.127,10432.579,10235.465,10039.714,9845.249,9651.992,9459.857,9268.758,9078.604,8889.303,8700.759,8512.875,8325.551,8138.688,7952.184,7765.939,7579.852,7393.822,7207.749,7021.537,6835.089,6648.313,6461.117,6273.416,6085.125,5896.167,5706.467,5515.957,5324.573,5132.259,4938.963,4744.642,4549.257,4352.780,4155.187,3956.462,3756.599,3555.599,3353.468,3150.223,2945.887,2740.492,2534.076,2326.684,2118.369,1909.190,1699.211,1488.503,1277.143,1065.209,852.787,639.963,426.829,213.477,0.000
0.000,4835.913,9681.491,14546.069,19438.297,24365.716,29334.266,34347.710,39407.021,44509.812,49649.963,54817.655,60000.000,60000.000,60000.000,60000.000,60000.000,60000.000,60000.000,60000.000,60000.000,60000.000,60000.000,59488.923,58987.812,58505.845,58050.846,57628.983,57244.738,56901.059,56599.608,56341.032,56125.227,55951.566,55819.077,55726.592,55672.851,55656.578,55676.538,55731.567,55820.587,55942.611,56096.730,56282.086,56497.837,56743.102,57016.886,57317.995,57644.931,57995.773,58368.063,58758.713,59163.954,59579.364,60000.000,60000.000,60000.000,60000.000,60000.000,60000.000,60000.000,60000.000,60000.000,60000.000,60000.000,59115.690,58236.598,57367.488,56512.453,55674.746,54856.738,54059.981,53285.316,52533.014,51802.908,51094.518,50407.145,49739.957,49092.042,48462.457,47850.253,47254.504,46674.315,46108.832,45557.249,45018.808,44492.799,43978.560,43475.478,42982.981,42500.541,42027.667,41563.910,41108.849,40662.099,40223.304,39792.133,39368.284,38951.476,38541.450,38137.965,37740.799,37349.748,36964.619,36585.233,36211.426,35843.040,35479.928,35121.951,34768.975,34420.874,34077.525,33738.808,33404.607,33074.806,32749.292,32427.950,32110.668,31797.328,31487.816,31182.011,30879.795,30581.042,30285.629,29993.425,29704.301,29418.120,29134.747,28854.043,28575.865,28300.072,28026.517,27755.056,27485.543,27217.831,26951.775,26687.231,26424.057,26162.114,25901.266,25641.381,25382.332,25123.998,24866.264,24609.022,24352.171,24095.617,23839.278,23583.078,23326.950,23070.840,22814.700,22558.495,22302.198,22045.793,21789.275,21532.648,21275.924,21019.127,20762.289,20505.448,20248.654,19991.960,19735.429,19479.128,19223.130,18967.514,18712.359,18457.751,18203.776,17950.524,17698.083,17446.544,17195.995,16946.524,16698.219,16451.163,16205.437,15961.120,15718.284,15476.999,15237.332,14999.340,14763.079,14528.597,14295.937,14065.136,13836.222,13609.221,13384.149,13161.016,12939.827,12720.578,12503.260,12287.856,12074.343,11862.692,11652.867,11444.825,11238.519,11033.895,10830.893,10629.447,10429.487,10230.938,10033.719,9837.747,9642.932,9449.182,9256.403,9064.495,8873.358,8682.888,8492.981,8303.530,8114.427,7925.567,7736.841,7548.143,7359.366,7170.408,6981.165,6791.538,6601.432,6410.754,6219.414,6027.329,5834.420,5640.614,5445.844,5250.047,5053.170,4855.167,4655.997,4455.627,4254.035,4051.205,3847.129,3641.807,3435.250,3227.475,3018.508,2808.383,2597.143,2384.838,2171.525,1957.269,1742.140,1526.216,1309.581,1092.321,874.529,656.301,437.736,218.935,0.000
0.000,4816.987,9644.319,14492.068,19369.726,24285.816,29247.375,34259.308,39323.596,44438.446,49597.559,54789.848,60000.000,60000.000,60000.000,60000.000,60000.000,60000.000,60000.000,60000.000,60000.000,60000.000,60000.000,59469.516,58950.439,58453.058,57985.805,57554.978,57164.840,56817.918,56515.377,56257.380,56043.396,55872.441,55743.262,55654.478,55604.671,55592.456,55616.519,55675.645,55768.726,55894.757,56052.820,56242.056,56461.627,56710.654,56988.151,57292.931,57623.502,57977.952,58353.828,58748.049,59156.849,59575.813,60000.000,60000.000,60000.000,60000.000,60000.000,60000.000,60000.000,60000.000,60000.000,60000.000,60000.000,59128.488,58262.038,57405.284,56562.216,55736.022,54929.048,54142.842,53378.265,52635.618,51914.771,51215.279,50536.481,49877.575,49237.677,48615.868,48011.221,47422.824,46849.796,46291.294,45746.520,45214.722,44695.196,44187.284,43690.374,43203.898,42727.329,42260.180,41802.000,41352.373,40910.913,40477.267,40051.107,39632.132,39220.063,38814.644,38415.639,38022.828,37636.009,37254.994,36879.611,36509.695,36145.095,35785.669,35431.280,35081.800,34737.107,34397.081,34061.606,33730.570,33403.861,33081.366,32762.976,32448.577,32138.057,31831.298,31528.184,31228.593,30932.402,30639.483,30349.706,30062.936,29779.038,29497.869,29219.287,28943.146,28669.297,28397.590,28127.873,27859.994,27593.800,27329.139,27065.860,26803.814,26542.855,26282.840,26023.631,25765.094,25507.102,25249.534,24992.276,24735.224,24478.281,24221.359,23964.380,23707.277,23449.993,23192.482,22934.707,22676.646,22418.283,22159.618,21900.657,21641.421,21381.936,21122.242,20862.385,20602.421,20342.414,20082.433,19822.558,19562.868,19303.453,19044.404,18785.815,18527.783,18270.409,18013.791,17758.028,17503.221,17249.466,16996.861,16745.497,16495.465,16246.850,15999.734,15754.195,15510.304,15268.128,15027.725,14789.151,14552.453,14317.671,14084.840,13853.986,13625.130,13398.284,13173.453,12950.636,12729.823,12510.998,12294.139,12079.214,11866.188,11655.016,11445.647,11238.026,11032.089,10827.769,10624.991,10423.675,10223.738,10025.090,9827.637,9631.283,9435.925,9241.461,9047.782,8854.780,8662.343,8470.358,8278.712,8087.290,7895.979,7704.664,7513.233,7321.575,7129.581,6937.146,6744.167,6550.544,6356.182,6160.994,5964.893,5767.801,5569.647,5370.365,5169.897,4968.194,4765.211,4560.916,4355.283,4148.296,3939.946,3730.236,3519.176,3306.785,3093.093,2878.137,2661.964,2444.628,2226.193,2006.729,1786.313,1565.031,1342.973,1120.235,896.918,673.126,448.969,224.556,0.000
0.000,4787.718,9586.731,14408.157,19262.727,24160.448,29110.111,34118.552,39189.610,44322.816,49511.979,54744.180,60000.000,60000.000,60000.000,60000.000,60000.000,60000.000,60000.000,60000.000,60000.000,60000.000,60000.000,59438.724,58891.405,58370.191,57884.397,57440.358,57041.811,56690.489,56386.705,56129.830,55918.659,55751.668,55627.187,55543.526,55499.044,55492.201,55521.584,55585.917,55684.063,55815.017,55977.878,56171.830,56396.090,56649.858,56932.245,57242.176,57578.284,57938.777,58321.308,58722.847,59139.608,59567.047,60000.000,60000.000,60000.000,60000.000,60000.000,60000.000,60000.000,60000.000,60000.000,60000.000,60000.000,59136.439,58278.146,57429.898,56595.748,55778.862,54981.507,54205.124,53450.463,52717.728,52006.707,51316.895,50647.590,49997.962,49367.113,48754.116,48158.042,47577.982,47013.059,46462.435,45925.318,45400.961,44888.665,44387.780,43897.697,43417.853,42947.725,42486.831,42034.724,41590.990,41155.249,40727.151,40306.372,39892.616,39485.608,39085.097,38690.850,38302.655,37920.314,37543.645,37172.478,36806.658,36446.037,36090.478,35739.853,35394.036,35052.911,34716.364,34384.284,34056.561,33733.089,33413.759,33098.462,32787.091,32479.532,32175.672,31875.393,31578.574,31285.091,30994.817,30707.617,30423.356,30141.894,29863.086,29586.784,29312.838,29041.091,28771.390,28503.575,28237.487,27972.966,27709.853,27447.989,27187.216,26927.382,26668.335,26409.930,26152.027,25894.491,25637.194,25380.019,25122.853,24865.597,24608.157,24350.455,24092.421,23833.995,23575.132,23315.797,23055.967,22795.632,22534.792,22273.461,22011.663,21749.431,21486.813,21223.862,20960.642,20697.227,20433.697,20170.138,19906.644,19643.313,19380.248,19117.553,18855.338,18593.713,18332.788,18072.674,17813.480,17555.314,17298.283,17042.489,16788.031,16535.004,16283.498,16033.597,15785.381,15538.922,15294.288,15051.537,14810.721,14571.887,14335.072,14100.307,13867.614,13637.007,13408.495,13182.076,12957.742,12735.478,12515.258,12297.054,12080.825,11866.527,11654.106,11443.505,11234.656,11027.488,10821.923,10617.878,10415.262,10213.982,10013.940,9815.031,9617.149,9420.185,9224.023,9028.548,8833.642,8639.185,8445.056,8251.134,8057.297,7863.424,7669.395,7475.092,7280.399,7085.202,6889.392,6692.863,6495.515,6297.250,6097.978,5897.617,5696.087,5493.321,5289.254,5083.834,4877.016,4668.762,4459.047,4247.851,4035.168,3820.999,3605.357,3388.263,3169.749,2949.856,2728.635,2506.147,2282.459,2057.649,1831.803,1605.012,1377.375,1148.998,919.990,690.467,460.547,230.351,0.000
0.000,4747.157,9506.728,14291.104,19112.577,23983.139,28914.073,33915.180,38993.478,44151.232,49383.364,54674.891,60000.000,60000.000,60000.000,60000.000,60000.000,60000.000,60000.000,60000.000,60000.000,60000.000,60000.000,59393.995,58806.303,58251.951,57741.297,57280.321,56871.642,56515.620,56211.230,55956.691,55749.866,55588.513,55470.429,55393.536,55355.923,55355.870,55391.848,55462.524,55566.743,55703.514,55871.990,56071.432,56301.174,56560.567,56848.908,57165.348,57508.769,57877.640,58269.838,58682.469,59111.714,59552.776,60000.000,60000.000,60000.000,60000.000,60000.000,60000.000,60000.000,60000.000,60000.000,60000.000,60000.000,59139.341,58284.568,57440.916,56612.656,55802.950,55013.904,54246.726,53501.909,52779.419,52078.850,51399.541,50740.674,50101.336,49480.574,48877.424,48290.938,47720.195,47164.313,46622.457,46093.837,45577.713,45073.391,44580.227,44097.620,43625.015,43161.894,42707.781,42262.235,41824.850,41395.251,40973.095,40558.065,40149.868,39748.238,39352.930,38963.717,38580.394,38202.770,37830.669,37463.929,37102.402,36745.947,36394.434,36047.740,35705.749,35368.348,35035.431,34706.892,34382.627,34062.534,33746.509,33434.448,33126.244,32821.789,32520.970,32223.671,31929.771,31639.146,31351.667,31067.199,30785.604,30506.737,30230.450,29956.591,29685.002,29415.524,29147.994,28882.246,28618.113,28355.428,28094.023,27833.730,27574.384,27315.822,27057.887,26800.423,26543.282,26286.322,26029.409,25772.417,25515.230,25257.741,24999.854,24741.486,24482.564,24223.030,23962.835,23701.946,23440.342,23178.016,22914.971,22651.227,22386.812,22121.769,21856.150,21590.019,21323.450,21056.524,20789.332,20521.973,20254.552,19987.177,19719.963,19453.028,19186.491,18920.477,18655.105,18390.500,18126.781,17864.068,17602.477,17342.122,17083.111,16825.548,16569.532,16315.157,16062.508,15811.665,15562.703,15315.685,15070.670,14827.707,14586.840,14348.101,14111.516,13877.102,13644.867,13414.814,13186.933,12961.209,12737.618,12516.127,12296.697,12079.280,11863.822,11650.260,11438.524,11228.540,11020.225,10813.490,10608.242,10404.381,10201.802,10000.396,9800.051,9600.648,9402.068,9204.187,9006.880,8810.019,8613.477,8417.122,8220.827,8024.462,7827.899,7631.012,7433.678,7235.774,7037.185,6837.796,6637.499,6436.192,6233.778,6030.166,5825.274,5619.027,5411.359,5202.211,4991.534,4779.291,4565.451,4349.996,4132.919,3914.221,3693.917,3472.028,3248.592,3023.651,2797.264,2569.494,2340.417,2110.117,1878.687,1646.228,1412.848,1178.661,943.789,708.356,472.492,236.329,0.000
0.000,4694.180,9401.921,14136.958,18913.340,23745.461,28647.864,33634.618,38717.893,43905.271,49195.353,54572.021,60000.000,60000.000,60000.000,60000.000,60000.000,60000.000,60000.000,60000.000,60000.000,60000.000,60000.000,59330.973,58687.899,58090.062,57548.582,57068.060,56648.906,56289.216,55986.012,55735.954,55535.727,55382.221,55272.618,55204.408,55175.390,55183.655,55227.567,55305.741,55417.020,55560.456,55735.279,55940.873,56176.741,56442.453,56737.588,57061.641,57413.896,57793.253,58197.999,58625.522,59072.031,59532.353,60000.000,60000.000,60000.000,60000.000,60000.000,60000.000,60000.000,60000.000,60000.000,60000.000,60000.000,59136.573,58280.228,57437.043,56611.649,55807.151,55025.344,54267.004,53532.190,52820.478,52131.142,51463.273,50815.868,50187.887,49578.284,48986.038,48410.163,47849.719,47303.815,46771.612,46252.325,45745.217,45249.604,44764.849,44290.361,43825.592,43370.035,42923.222,42484.721,42054.134,41631.095,41215.269,40806.345,40404.043,40008.101,39618.283,39234.372,38856.170,38483.495,38116.179,37754.070,37397.027,37044.917,36697.620,36355.020,36017.009,35683.482,35354.339,35029.483,34708.815,34392.239,34079.657,33770.968,33466.071,33164.859,32867.223,32573.048,32282.214,31994.598,31710.067,31428.488,31149.717,30873.608,30600.008,30328.759,30059.698,29792.660,29527.473,29263.965,29001.960,28741.282,28481.753,28223.197,27965.439,27708.308,27451.635,27195.257,26939.015,26682.760,26426.348,26169.648,25912.536,25654.899,25396.638,25137.664,24877.903,24617.292,24355.785,24093.348,23829.962,23565.623,23300.338,23034.132,22767.041,22499.113,22230.409,21961.004,21690.980,21420.430,21149.456,20878.169,20606.685,20335.127,20063.621,19792.298,19521.292,19250.738,18980.770,18711.523,18443.130,18175.723,17909.429,17644.372,17380.672,17118.442,16857.791,16598.819,16341.623,16086.289,15832.897,15581.518,15332.216,15085.046,14840.053,14597.276,14356.743,14118.472,13882.475,13648.754,13417.300,13188.098,12961.124,12736.344,12513.716,12293.192,12074.712,11858.213,11643.621,11430.855,11219.831,11010.453,10802.624,10596.237,10391.181,10187.343,9984.600,9782.830,9581.904,9381.691,9182.058,8982.870,8783.990,8585.280,8386.602,8187.820,7988.795,7789.394,7589.484,7388.936,7187.624,6985.428,6782.230,6577.921,6372.398,6165.562,5957.325,5747.608,5536.337,5323.451,5108.898,4892.636,4674.632,4454.868,4233.336,4010.037,3784.986,3558.210,3329.746,3099.643,2867.963,2634.777,2400.167,2164.224,1927.050,1688.755,1449.457,1209.281,968.359,726.827,484.826,242.502,0.000
0.000,4627.646,9269.820,13941.467,18658.366,23437.501,28297.309,33257.539,38338.207,43556.608,48920.757,54417.841,60000.000,60000.000,60000.000,60000.000,60000.000,60000.000,60000.000,60000.000,60000.000,60000.000,60000.000,59242.024,58524.295,57871.869,57294.975,56794.511,56366.794,56006.428,55707.759,55465.507,55274.992,55132.162,55033.555,54976.234,54957.723,54975.946,55029.178,55116.006,55235.296,55386.162,55567.945,55780.185,56022.600,56295.045,56597.470,56929.840,57292.015,57683.559,58103.446,58549.638,59018.562,59504.614,60000.000,60000.000,60000.000,60000.000,60000.000,60000.000,60000.000,60000.000,60000.000,60000.000,60000.000,59126.940,58263.087,57415.881,56590.382,55789.438,55014.221,54264.790,53540.528,52840.444,52163.368,51508.058,50873.272,50257.800,49660.486,49080.234,48516.015,47966.861,47431.871,46910.203,46401.076,45903.760,45417.582,44941.914,44476.176,44019.833,43572.388,43133.385,42702.403,42279.055,41862.984,41453.866,41051.401,40655.317,40265.364,39881.316,39502.966,39130.125,38762.622,38400.300,38043.016,37690.638,37343.045,37000.125,36661.773,36327.889,35998.378,35673.148,35352.109,35035.172,34722.245,34413.238,34108.055,33806.599,33508.768,33214.455,32923.548,32635.928,32351.470,32070.044,31791.512,31515.729,31242.545,30971.802,30703.337,30436.981,30172.561,29909.898,29648.811,29389.114,29130.622,28873.149,28616.506,28360.508,28104.974,27849.724,27594.584,27339.386,27083.972,26828.189,26571.896,26314.962,26057.269,25798.709,25539.193,25278.640,25016.988,24754.188,24490.207,24225.028,23958.650,23691.085,23422.364,23152.527,22881.634,22609.754,22336.970,22063.377,21789.079,21514.191,21238.836,20963.143,20687.250,20411.296,20135.427,19859.790,19584.533,19309.805,19035.756,18762.530,18490.271,18219.119,17949.211,17680.676,17413.639,17148.217,16884.522,16622.657,16362.717,16104.788,15848.949,15595.269,15343.808,15094.616,14847.733,14603.193,14361.015,14121.214,13883.791,13648.739,13416.042,13185.676,12957.605,12731.785,12508.166,12286.686,12067.278,11849.862,11634.357,11420.669,11208.701,10998.348,10789.497,10582.032,10375.831,10170.765,9966.705,9763.513,9561.050,9359.176,9157.745,8956.613,8755.632,8554.656,8353.538,8152.133,7950.296,7747.885,7544.763,7340.795,7135.851,6929.807,6722.544,6513.951,6303.923,6092.366,5879.192,5664.324,5447.695,5229.249,5008.940,4786.735,4562.612,4336.562,4108.588,3878.707,3646.945,3413.345,3177.961,2940.858,2702.114,2461.819,2220.072,1976.984,1732.675,1487.274,1240.917,993.748,745.916,497.575,248.883,0.000
0.000,4546.584,9108.246,13700.728,18341.160,23048.874,27846.334,32760.023,37820.794,43062.198,48513.228,54178.586,60000.000,60000.000,60000.000,60000.000,60000.000,60000.000,60000.000,60000.000,60000.000,60000.000,60000.000,59112.850,58295.427,57578.200,56965.007,56448.298,56017.425,55662.047,55373.201,55143.448,54966.705,54838.019,54753.350,54709.401,54703.476,54733.384,54797.350,54893.968,55022.153,55181.108,55370.306,55589.471,55838.570,56117.791,56427.531,56768.346,57140.865,57545.608,57982.657,58451.071,58947.998,59467.553,60000.000,60000.000,60000.000,60000.000,60000.000,60000.000,60000.000,60000.000,60000.000,60000.000,60000.000,59108.320,58229.661,57373.516,56545.204,55746.772,54978.219,54238.440,53525.844,52838.681,52175.223,51533.829,50912.982,50311.286,49727.463,49160.340,48608.842,48071.980,47548.841,47038.586,46540.439,46053.681,45577.650,45111.735,44655.367,44208.026,43769.231,43338.536,42915.535,42499.854,42091.149,41689.106,41293.440,40903.889,40520.217,40142.208,39769.667,39402.417,39040.299,38683.167,38330.891,37983.350,37640.436,37302.045,36968.085,36638.467,36313.106,35991.918,35674.825,35361.744,35052.593,34747.287,34445.738,34147.855,33853.539,33562.687,33275.189,32990.929,32709.782,32431.617,32156.294,31883.666,31613.578,31345.869,31080.368,30816.901,30555.286,30295.336,30036.859,29779.662,29523.547,29268.317,29013.772,28759.717,28505.957,28252.300,27998.563,27744.565,27490.137,27235.117,26979.353,26722.708,26465.054,26206.279,25946.287,25684.994,25422.335,25158.261,24892.739,24625.754,24357.307,24087.418,23816.119,23543.463,23269.516,22994.356,22718.080,22440.791,22162.610,21883.662,21604.086,21324.026,21043.632,20763.062,20482.474,20202.031,19921.897,19642.235,19363.208,19084.976,18807.696,18531.522,18256.601,17983.077,17711.083,17440.748,17172.193,16905.530,16640.863,16378.286,16117.882,15859.728,15603.888,15350.418,15099.362,14850.754,14604.619,14360.970,14119.811,13881.137,13644.929,13411.163,13179.801,12950.799,12724.102,12499.647,12277.360,12057.160,11838.960,11622.661,11408.161,11195.347,10984.101,10774.301,10565.815,10358.509,10152.244,9946.874,9742.253,9538.229,9334.650,9131.360,8928.203,8725.023,8521.662,8317.966,8113.780,7908.952,7703.336,7496.786,7289.164,7080.336,6870.174,6658.559,6445.379,6230.530,6013.920,5795.464,5575.091,5352.739,5128.360,4901.916,4673.385,4442.756,4210.033,3975.232,3738.386,3499.537,3258.746,3016.083,2771.632,2525.492,2277.770,2028.589,1778.077,1526.376,1273.635,1020.010,765.664,510.765,255.486,0.000
0.000,4450.445,8915.853,13412.044,17956.674,22570.504,27279.133,32115.430,37122.751,42358.167,47891.374,53783.275,60000.000,60000.000,60000.000,60000.000,60000.000,60000.000,60000.000,60000.000,60000.000,60000.000,60000.000,58913.977,57966.407,57180.555,56538.627,56016.334,55592.658,55251.242,54979.670,54768.506,54610.497,54500.000,54432.574,54404.696,54413.557,54456.923,54533.034,54640.529,54778.403,54945.972,55142.857,55368.979,55624.564,55910.159,56226.648,56575.269,56957.597,57375.444,57830.577,58324.047,58854.841,59417.613,60000.000,60000.000,60000.000,60000.000,60000.000,60000.000,60000.000,60000.000,60000.000,60000.000,60000.000,59076.901,58174.088,57303.828,56470.790,55675.010,54914.350,54185.944,53486.883,52814.491,52166.403,51540.557,50935.155,50348.620,49779.565,49226.749,48689.062,48165.499,47655.148,47157.175,46670.815,46195.367,45730.183,45274.670,44828.277,44390.501,43960.876,43538.974,43124.404,42716.805,42315.849,41921.238,41532.698,41149.983,40772.869,40401.155,40034.659,39673.217,39316.684,38964.929,38617.833,38275.290,37937.202,37603.482,37274.048,36948.823,36627.734,36310.710,35997.681,35688.574,35383.317,35081.833,34784.042,34489.857,34199.186,33911.930,33627.983,33347.229,33069.545,32794.799,32522.850,32253.547,31986.732,31722.238,31459.889,31199.502,30940.887,30683.847,30428.182,30173.686,29920.149,29667.362,29415.114,29163.196,28911.398,28659.518,28407.358,28154.726,27901.440,27647.326,27392.224,27135.985,26878.474,26619.571,26359.173,26097.195,25833.566,25568.237,25301.175,25032.367,24761.818,24489.552,24215.610,23940.051,23662.950,23384.399,23104.503,22823.382,22541.168,22258.003,21974.039,21689.437,21404.364,21118.993,20833.500,20548.062,20262.861,19978.076,19693.884,19410.462,19127.980,18846.606,18566.501,18287.820,18010.710,17735.310,17461.751,17190.155,16920.633,16653.287,16388.210,16125.481,15865.173,15607.343,15352.041,15099.303,14849.158,14601.619,14356.692,14114.370,13874.637,13637.465,13402.816,13170.643,12940.889,12713.485,12488.356,12265.417,12044.573,11825.721,11608.752,11393.549,11179.985,10967.930,10757.246,10547.791,10339.414,10131.965,9925.285,9719.214,9513.590,9308.246,9103.017,8897.736,8692.235,8486.348,8279.910,8072.760,7864.739,7655.691,7445.469,7233.928,7020.932,6806.351,6590.064,6371.961,6151.941,5929.913,5705.799,5479.533,5251.061,5020.344,4787.356,4552.086,4314.538,4074.729,3832.693,3588.479,3342.149,3093.781,2843.468,2591.314,2337.438,2081.972,1825.058,1566.849,1307.507,1047.203,786.115,524.426,262.324,0.000
0.000,4339.344,8692.681,13074.923,17502.993,21997.342,26584.271,31299.818,36196.618,41356.350,46910.828,53063.142,60000.000,60000.000,60000.000,60000.000,60000.000,60000.000,60000.000,60000.000,60000.000,60000.000,60000.000,58576.681,57475.716,56639.049,55992.691,55485.844,55085.735,54770.705,54525.855,54340.541,54206.917,54119.058,54072.406,54063.412,54089.296,54147.886,54237.502,54356.881,54505.128,54681.689,54886.338,55119.186,55380.706,55671.781,55993.772,56348.615,56738.925,57168.093,57640.241,58159.760,58729.746,59348.070,60000.000,60000.000,60000.000,60000.000,60000.000,60000.000,60000.000,60000.000,60000.000,60000.000,60000.000,59025.424,58086.338,57197.435,56359.776,55568.913,54819.143,54105.142,53422.410,52767.271,52136.731,51528.341,50940.065,50370.189,49817.241,49279.944,48757.170,48247.916,47751.279,47266.444,46792.663,46329.257,45875.602,45431.123,44995.292,44567.625,44147.675,43735.034,43329.326,42930.210,42537.374,42150.534,41769.434,41393.842,41023.550,40658.373,40298.143,39942.714,39591.954,39245.746,38903.988,38566.588,38233.464,37904.543,37579.755,37259.040,36942.335,36629.584,36320.727,36015.703,35714.450,35416.902,35122.984,34832.619,34545.720,34262.192,33981.934,33704.831,33430.763,33159.596,32891.187,32625.385,32362.024,32100.934,31841.931,31584.823,31329.413,31075.492,30822.850,30571.267,30320.522,30070.392,29820.651,29571.076,29321.443,29071.536,28821.141,28570.053,28318.075,28065.024,27810.724,27555.017,27297.759,27038.821,26778.095,26515.487,26250.927,25984.362,25715.760,25445.109,25172.420,24897.720,24621.058,24342.503,24062.141,23780.073,23496.420,23211.315,22924.906,22637.350,22348.817,22059.484,21769.537,21479.166,21188.564,20897.928,20607.455,20317.342,20027.784,19738.973,19451.094,19164.331,18878.859,18594.845,18312.449,18031.822,17753.106,17476.432,17201.920,16929.682,16659.815,16392.407,16127.534,15865.260,15605.637,15348.707,15094.497,14843.025,14594.296,14348.304,14105.032,13864.451,13626.521,13391.192,13158.404,12928.086,12700.157,12474.526,12251.095,12029.755,11810.390,11592.874,11377.076,11162.856,10950.069,10738.563,10528.180,10318.757,10110.128,9902.122,9694.566,9487.284,9280.098,9072.830,8865.302,8657.335,8448.754,8239.386,8029.060,7817.610,7604.876,7390.703,7174.946,6957.463,6738.125,6516.812,6293.415,6067.836,5839.990,5609.804,5377.222,5142.199,4904.708,4664.735,4422.285,4177.375,3930.044,3680.341,3428.336,3174.113,2917.771,2659.426,2399.205,2137.253,1873.723,1608.783,1342.610,1075.389,807.315,538.589,269.414,0.000
0.000,4214.252,8440.608,12691.977,16983.039,21331.605,25760.799,30302.961,35007.560,39959.795,45332.453,51558.467,60000.000,60000.000,60000.000,60000.000,60000.000,60000.000,60000.000,60000.000,60000.000,60000.000,60000.000,57917.067,56720.782,55907.305,55307.327,54848.714,54493.842,54220.108,54012.634,53861.025,53757.720,53697.064,53674.739,53687.414,53732.500,53807.997,53912.383,54044.541,54203.717,54389.495,54601.794,54840.890,55107.457,55402.645,55728.196,56086.632,56481.522,56917.873,57402.626,57945.077,58556.359,59244.936,60000.000,60000.000,60000.000,60000.000,60000.000,60000.000,60000.000,60000.000,60000.000,60000.000,60000.000,58938.693,57948.794,57040.332,56202.633,55422.523,54689.091,53994.114,53331.509,52696.726,52086.296,51497.504,50928.178,50376.532,49841.072,49320.517,48813.757,48319.808,47837.796,47366.931,46906.499,46455.846,46014.377,45581.542,45156.838,44739.803,44330.015,43927.083,43530.654,43140.403,42756.039,42377.294,42003.930,41635.733,41272.512,40914.097,40560.341,40211.111,39866.294,39525.789,39189.512,38857.387,38529.349,38205.339,37885.305,37569.201,37256.980,36948.599,36644.011,36343.170,36046.022,35752.513,35462.578,35176.147,34893.140,34613.469,34337.035,34063.729,33793.428,33526.002,33261.304,32999.180,32739.461,32481.969,32226.514,31972.896,31720.904,31470.323,31220.926,30972.483,30724.758,30477.511,30230.502,29983.492,29736.241,29488.516,29240.088,28990.735,28740.247,28488.425,28235.080,27980.042,27723.155,27464.283,27203.308,26940.133,26674.682,26406.899,26136.755,25864.240,25589.365,25312.167,25032.703,24751.050,24467.305,24181.585,23894.023,23604.768,23313.984,23021.849,22728.548,22434.279,22139.245,21843.657,21547.726,21251.671,20955.705,20660.045,20364.904,20070.489,19777.006,19484.650,19193.614,18904.078,18616.216,18330.191,18046.156,17764.251,17484.608,17207.344,16932.566,16660.369,16390.833,16124.027,15860.008,15598.818,15340.490,15085.041,14832.477,14582.793,14335.971,14091.979,13850.777,13612.312,13376.519,13143.323,12912.639,12684.373,12458.419,12234.661,12012.977,11793.235,11575.295,11359.009,11144.223,10930.774,10718.497,10507.218,10296.761,10086.943,9877.581,9668.485,9459.469,9250.341,9040.910,8830.987,8620.383,8408.912,8196.392,7982.645,7767.499,7550.787,7332.351,7112.041,6889.716,6665.246,6438.513,6209.411,5977.847,5743.743,5507.036,5267.678,5025.638,4780.901,4533.470,4283.366,4030.627,3775.309,3517.486,3257.248,2994.704,2729.978,2463.211,2194.558,1924.186,1652.279,1379.028,1104.638,829.319,553.289,276.774,0.000
0.000,4077.057,8163.526,12269.346,16405.587,20585.248,24824.369,29143.675,33570.877,38142.826,42900.729,47838.277,52583.407,54637.100,55712.246,56365.809,56804.848,57116.596,57340.473,57491.710,57565.889,57527.039,57257.126,56370.852,55583.102,54962.139,54480.691,54107.945,53820.926,53603.378,53443.683,53333.348,53266.028,53236.897,53242.241,53279.177,53345.470,53439.401,53559.675,53705.370,53875.891,54070.964,54290.637,54535.304,54805.765,55103.315,55429.897,55788.346,56182.797,56619.376,57107.417,57661.645,58305.732,59075.338,60000.000,60000.000,60000.000,60000.000,60000.000,60000.000,60000.000,60000.000,60000.000,60000.000,60000.000,58780.808,57730.223,56813.016,55988.588,55230.270,54521.518,53851.768,53213.952,52603.109,52015.609,51448.696,50900.205,50368.387,49851.791,49349.188,48859.516,48381.840,47915.331,47459.241,47012.896,46575.679,46147.025,45726.418,45313.382,44907.481,44508.317,44115.523,43728.767,43347.746,42972.186,42601.842,42236.493,41875.944,41520.024,41168.581,40821.486,40478.625,40139.905,39805.243,39474.572,39147.836,38824.988,38505.987,38190.799,37879.393,37571.741,37267.813,36967.580,36671.006,36378.054,36088.679,35802.827,35520.437,35241.439,34965.748,34693.272,34423.904,34157.524,33894.001,33633.187,33374.925,33119.040,32865.349,32613.653,32363.742,32115.397,31868.386,31622.472,31377.409,31132.944,30888.824,30644.788,30400.581,30155.946,29910.629,29664.385,29416.975,29168.171,28917.757,28665.531,28411.309,28154.922,27896.224,27635.088,27371.411,27105.111,26836.131,26564.442,26290.034,26012.926,25733.158,25450.798,25165.933,24878.674,24589.150,24297.511,24003.925,23708.572,23411.650,23113.364,22813.934,22513.583,22212.542,21911.046,21609.331,21307.634,21006.190,20705.231,20404.984,20105.671,19807.507,19510.697,19215.439,18921.919,18630.313,18340.786,18053.490,17768.565,17486.138,17206.323,16929.221,16654.919,16383.490,16114.994,15849.479,15586.976,15327.507,15071.077,14817.680,14567.298,14319.897,14075.435,13833.855,13595.090,13359.059,13125.674,12894.833,12666.425,12440.329,12216.413,11994.539,11774.557,11556.312,11339.639,11124.368,10910.321,10697.314,10485.159,10273.664,10062.632,9851.862,9641.154,9430.303,9219.107,9007.363,8794.868,8581.424,8366.835,8150.909,7933.462,7714.314,7493.294,7270.241,7045.003,6817.438,6587.418,6354.829,6119.569,5881.552,5640.711,5396.990,5150.357,4900.795,4648.306,4392.910,4134.650,3873.584,3609.792,3343.373,3074.443,2803.138,2529.610,2254.027,1976.572,1697.445,1416.855,1135.023,852.180,568.566,284.423,0.000
0.000,3930.452,7867.099,11816.299,15784.725,19779.442,23807.765,27876.505,31989.459,36139.917,40289.374,44310.519,47858.263,50252.759,51846.090,52946.157,53737.004,54321.081,54753.606,55060.500,55244.836,55285.174,55130.660,54726.174,54278.708,53877.545,53545.454,53281.562,53078.661,52928.928,52825.516,52762.810,52736.306,52742.424,52778.323,52841.763,52930.988,53044.649,53181.741,53341.565,53523.708,53728.030,53954.679,54204.116,54477.172,54775.136,55099.905,55454.224,55842.100,56269.555,56746.145,57288.456,57929.655,58750.715,60000.000,60000.000,60000.000,60000.000,60000.000,60000.000,60000.000,60000.000,60000.000,60000.000,60000.000,58454.603,57378.716,56493.505,55709.142,54989.284,54315.894,53678.555,53070.597,52487.430,51925.723,51382.955,50857.149,50346.708,49850.303,49366.808,48895.249,48434.766,47984.594,47544.043,47112.486,46689.350,46274.110,45866.285,45465.430,45071.139,44683.039,44300.788,43924.078,43552.628,43186.187,42824.528,42467.453,42114.787,41766.378,41422.096,41081.831,40745.491,40413.001,40084.301,39759.343,39438.092,39120.520,38806.608,38496.339,38189.702,37886.687,37587.282,37291.473,36999.241,36710.562,36425.405,36143.727,35865.479,35590.596,35319.005,35050.616,34785.327,34523.021,34263.565,34006.811,33752.598,33500.747,33251.067,33003.350,32757.377,32512.915,32269.721,32027.541,31786.114,31545.169,31304.434,31063.631,30822.483,30580.713,30338.049,30094.225,29848.981,29602.072,29353.262,29102.334,28849.087,28593.340,28334.933,28073.730,27809.620,27542.516,27272.360,26999.120,26722.789,26443.392,26160.976,25875.616,25587.414,25296.494,25003.000,24707.101,24408.983,24108.847,23806.912,23503.406,23198.569,22892.650,22585.901,22278.581,21970.948,21663.261,21355.777,21048.749,20742.423,20437.042,20132.836,19830.029,19528.833,19229.452,18932.072,18636.872,18344.014,18053.650,17765.914,17480.929,17198.802,16919.626,16643.479,16370.426,16100.516,15833.784,15570.250,15309.923,15052.794,14798.844,14548.039,14300.333,14055.666,13813.966,13575.148,13339.120,13105.772,12874.988,12646.638,12420.585,12196.681,11974.768,11754.681,11536.246,11319.281,11103.599,10889.003,10675.295,10462.269,10249.715,10037.422,9825.173,9612.753,9399.943,9186.526,8972.286,8757.011,8540.490,8322.517,8102.893,7881.425,7657.929,7432.229,7204.162,6973.575,6740.328,6504.295,6265.367,6023.451,5778.469,5530.364,5279.097,5024.650,4767.022,4506.236,4242.335,3975.383,3705.466,3432.690,3157.180,2879.084,2598.567,2315.812,2031.018,1744.401,1456.190,1166.627,875.963,584.459,292.381,0.000
0.000,3777.657,7558.123,11344.033,15137.583,18940.042,22750.755,26565.137,30370.554,34138.025,37806.351,41256.182,44286.385,46669.603,48473.220,49835.749,50875.959,51677.146,52292.404,52751.886,53067.826,53238.208,53254.227,53124.547,52928.097,52723.975,52542.125,52394.309,52283.358,52208.298,52166.794,52156.227,52174.130,52218.343,52287.047,52378.752,52492.264,52626.664,52781.274,52955.647,53149.551,53362.976,53596.139,53849.514,54123.872,54420.349,54740.554,55086.728,55461.996,55870.761,56319.298,56816.502,57373.813,57997.919,58639.750,58900.417,59022.782,59084.296,59112.358,59116.780,59099.317,59055.472,58971.319,58811.065,58475.955,57659.243,56837.023,56073.767,55365.930,54702.686,54075.188,53477.040,52903.636,52351.579,51818.287,51301.741,50800.316,50312.672,49837.678,49374.359,48921.861,48479.425,48046.367,47622.066,47205.952,46797.503,46396.240,46001.717,45613.526,45231.292,44854.668,44483.342,44117.027,43755.469,43398.437,43045.727,42697.164,42352.593,42011.885,41674.932,41341.645,41011.955,40685.809,40363.169,40044.011,39728.319,39416.090,39107.325,38802.031,38500.215,38201.888,37907.057,37615.727,37327.895,37043.554,36762.686,36485.264,36211.247,35940.582,35673.203,35409.026,35147.955,34889.874,34634.650,34382.136,34132.165,33884.554,33639.104,33395.597,33153.803,32913.477,32674.359,32436.181,32198.662,31961.514,31724.443,31487.151,31249.338,31010.706,30770.959,30529.809,30286.975,30042.189,29795.197,29545.760,29293.662,29038.705,28780.717,28519.549,28255.082,27987.224,27715.911,27441.113,27162.825,26881.076,26595.922,26307.449,26015.771,25721.027,25423.382,25123.021,24820.151,24514.998,24207.801,23898.816,23588.306,23276.545,22963.811,22650.386,22336.555,22022.600,21708.801,21395.432,21082.764,20771.057,20460.561,20151.518,19844.158,19538.697,19235.339,18934.273,18635.675,18339.704,18046.507,17756.213,17468.937,17184.776,16903.814,16626.120,16351.744,16080.725,15813.085,15548.829,15287.951,15030.429,14776.228,14525.297,14277.573,14032.981,13791.432,13552.824,13317.044,13083.968,12853.460,12625.373,12399.550,12175.826,11954.025,11733.961,11515.444,11298.272,11082.240,10867.135,10652.737,10438.826,10225.173,10011.550,9797.725,9583.466,9368.540,9152.717,8935.767,8717.466,8497.591,8275.928,8052.271,7826.418,7598.182,7367.383,7133.857,6897.451,6658.029,6415.471,6169.673,5920.552,5668.045,5412.105,5152.713,4889.867,4623.589,4353.926,4080.945,3804.738,3525.419,3243.125,2958.014,2670.266,2380.079,2087.671,1793.276,1497.145,1199.539,900.735,601.015,300.671,0.000
0.000,3622.057,7243.711,10864.134,14481.545,18092.400,21690.091,25262.750,28789.617,32235.299,35541.844,38621.497,41361.521,43666.079,45541.469,47047.697,48253.973,49219.182,49987.022,50586.865,51036.429,51345.672,51523.569,51589.773,51585.254,51548.239,51504.881,51470.320,51452.304,51454.261,51477.294,51521.342,51585.820,51669.955,51772.962,51894.128,52032.855,52188.675,52361.256,52550.411,52756.090,52978.401,53217.605,53474.147,53748.667,54042.046,54355.442,54690.339,55048.588,55432.378,55843.955,56284.595,56751.314,57227.513,57660.767,57939.239,58106.513,58202.149,58248.468,58255.566,58225.148,58151.404,58018.918,57797.216,57433.832,56869.826,56236.916,55599.272,54978.900,54381.227,53806.121,53251.873,52716.523,52198.257,51695.499,51206.895,50731.285,50267.662,49815.144,49372.943,48940.354,48516.735,48101.496,47694.094,47294.026,46900.826,46514.060,46133.325,45758.249,45388.487,45023.727,44663.679,44308.086,43956.715,43609.359,43265.840,42926.003,42589.718,42256.878,41927.398,41601.215,41278.281,40958.569,40642.065,40328.768,40018.689,39711.847,39408.267,39107.980,38811.016,38517.408,38227.185,37940.370,37656.982,37377.028,37100.509,36827.410,36557.705,36291.350,36028.290,35768.447,35511.729,35258.024,35007.201,34759.108,34513.578,34270.420,34029.426,33790.371,33553.011,33317.086,33082.322,32848.431,32615.113,32382.059,32148.952,31915.470,31681.291,31446.090,31209.547,30971.348,30731.188,30488.775,30243.831,29996.099,29745.339,29491.337,29233.906,28972.885,28708.143,28439.582,28167.135,27890.769,27610.485,27326.314,27038.324,26746.611,26451.303,26152.557,25850.558,25545.512,25237.650,24927.222,24614.493,24299.746,23983.272,23665.371,23346.350,23026.517,22706.185,22385.660,22065.248,21745.249,21425.953,21107.644,20790.593,20475.060,20161.292,19849.523,19539.969,19232.835,18928.307,18626.556,18327.738,18031.990,17739.433,17450.172,17164.295,16881.874,16602.962,16327.600,16055.809,15787.596,15522.954,15261.858,15004.271,14750.139,14499.396,14251.960,14007.738,13766.622,13528.493,13293.218,13060.654,12830.645,12603.027,12377.622,12154.244,11932.698,11712.780,11494.279,11276.975,11060.641,10845.046,10629.953,10415.120,10200.303,9985.255,9769.728,9553.473,9336.242,9117.791,8897.876,8676.261,8452.714,8227.011,7998.936,7768.286,7534.866,7298.498,7059.014,6816.267,6570.124,6320.473,6067.221,5810.296,5549.650,5285.255,5017.111,4745.238,4469.686,4190.526,3907.856,3621.800,3332.504,3040.141,2744.904,2447.009,2146.694,1844.213,1539.838,1233.857,926.568,618.283,309.319,0.000
0.000,3466.866,6930.535,10387.258,13832.074,17257.940,20654.479,24006.176,27289.889,30471.737,33504.259,36326.473,38872.157,41091.757,42978.922,44559.639,45873.100,46958.640,47849.692,48572.188,49145.424,49584.558,49904.688,50125.819,50275.011,50378.964,50458.968,50529.923,50601.424,50679.306,50766.946,50866.204,50978.037,51102.887,51240.916,51392.150,51556.565,51734.141,51924.888,52128.873,52346.228,52577.161,52821.967,53081.031,53354.835,53643.957,53949.054,54270.818,54609.858,54966.415,55339.749,55726.799,56119.513,56500.220,56836.729,57089.418,57262.046,57369.492,57423.980,57432.064,57394.523,57306.321,57156.018,56925.386,56592.746,56149.820,55642.148,55108.214,54569.981,54038.111,53517.207,53008.918,52513.531,52030.730,51559.951,51100.542,50651.845,50213.217,49784.047,49363.758,48951.805,48547.674,48150.879,47760.960,47377.485,47000.044,46628.253,46261.753,45900.207,45543.306,45190.765,44842.324,44497.750,44156.837,43819.402,43485.290,43154.370,42826.537,42501.708,42179.823,41860.843,41544.747,41231.534,40921.216,40613.818,40309.379,40007.943,39709.562,39414.292,39122.190,38833.311,38547.708,38265.426,37986.505,37710.973,37438.846,37170.126,36904.801,36642.841,36384.198,36128.805,35876.573,35627.394,35381.138,35137.654,34896.767,34658.283,34421.984,34187.635,33954.977,33723.737,33493.620,33264.321,33035.517,32806.876,32578.056,32348.710,32118.487,31887.036,31654.008,31419.062,31181.864,30942.096,30699.455,30453.658,30204.444,29951.578,29694.856,29434.102,29169.175,28899.968,28626.410,28348.466,28066.140,27779.470,27488.532,27193.438,26894.330,26591.386,26284.810,25974.834,25661.714,25345.729,25027.172,24706.354,24383.597,24059.232,23733.595,23407.026,23079.863,22752.443,22425.099,22098.155,21771.928,21446.723,21122.833,20800.539,20480.106,20161.783,19845.804,19532.387,19221.731,18914.017,18609.410,18308.057,18010.085,17715.605,17424.709,17137.472,16853.952,16574.189,16298.206,16026.009,15757.589,15492.921,15231.964,14974.659,14720.938,14470.713,14223.885,13980.339,13739.951,13502.578,13268.070,13036.262,12806.979,12580.034,12355.229,12132.359,11911.207,11691.548,11473.149,11255.771,11039.166,10823.083,10607.265,10391.452,10175.378,9958.780,9741.392,9522.947,9303.184,9081.841,8858.663,8633.402,8405.814,8175.669,7942.743,7706.827,7467.725,7225.257,6979.260,6729.590,6476.122,6218.754,5957.405,5692.020,5422.569,5149.046,4871.474,4589.902,4304.407,4015.094,3722.094,3425.567,3125.699,2822.698,2516.801,2208.265,1897.366,1584.402,1269.686,953.545,636.318,318.352,0.000
0.000,3314.876,6624.316,9922.299,13201.568,16452.826,19663.727,22817.612,25892.054,28857.529,31677.015,34308.015,36708.916,38849.916,40722.869,42338.888,43720.203,44892.649,45880.985,46706.845,47388.599,47942.538,48384.903,48733.911,49010.122,49233.765,49422.242,49589.125,49744.321,49894.759,50045.154,50198.673,50357.429,50522.840,50695.873,50877.205,51067.337,51266.661,51475.514,51694.202,51923.026,52162.292,52412.316,52673.423,52945.933,53230.138,53526.243,53834.267,54153.849,54483.912,54822.057,55163.565,55499.938,55817.338,56096.727,56319.876,56482.984,56590.025,56646.146,56654.456,56614.851,56523.665,56373.815,56155.990,55862.438,55495.133,55074.306,54622.206,54155.543,53684.970,53216.709,52754.185,52299.172,51852.492,51414.430,50984.966,50563.910,50150.973,49745.814,49348.065,48957.345,48573.269,48195.456,47823.533,47457.136,47095.914,46739.532,46387.674,46040.041,45696.355,45356.361,45019.827,44686.546,44356.336,44029.039,43704.526,43382.689,43063.448,42746.747,42432.551,42120.848,41811.646,41504.969,41200.860,40899.373,40600.574,40304.537,40011.342,39721.074,39433.817,39149.653,38868.660,38590.908,38316.459,38045.363,37777.656,37513.357,37252.469,36994.976,36740.842,36490.007,36242.390,35997.887,35756.368,35517.680,35281.647,35048.066,34816.712,34587.334,34359.663,34133.407,33908.252,33683.870,33459.916,33236.032,33011.849,32786.990,32561.074,32333.720,32104.547,31873.183,31639.263,31402.438,31162.377,30918.769,30671.328,30419.797,30163.950,29903.597,29638.583,29368.791,29094.146,28814.610,28530.192,28240.935,27946.928,27648.296,27345.200,27037.838,26726.440,26411.263,26092.595,25770.741,25446.029,25118.803,24789.416,24458.234,24125.624,23791.960,23457.611,23122.945,22788.323,22454.098,22120.613,21788.196,21457.166,21127.821,20800.448,20475.314,20152.668,19832.742,19515.748,19201.880,18891.310,18584.194,18280.667,17980.844,17684.823,17392.682,17104.481,16820.260,16540.043,16263.837,15991.630,15723.394,15459.085,15198.642,14941.989,14689.036,14439.675,14193.787,13951.237,13711.877,13475.546,13242.071,13011.266,12782.933,12556.864,12332.840,12110.632,11890.001,11670.701,11452.477,11235.066,11018.202,10801.610,10585.013,10368.129,10150.675,9932.366,9712.919,9492.051,9269.484,9044.940,8818.153,8588.861,8356.811,8121.765,7883.494,7641.785,7396.440,7147.283,6894.154,6636.915,6375.454,6109.680,5839.531,5564.970,5285.989,5002.610,4714.884,4422.893,4126.746,3826.586,3522.585,3214.942,2903.886,2589.671,2272.577,1952.906,1630.982,1307.146,981.755,655.180,327.799,0.000
0.000,3168.327,6329.562,9476.069,12599.089,15688.088,18730.017,21708.519,24603.216,27389.346,30038.295,32519.699,34805.622,36876.174,38723.802,40352.903,41776.241,43010.839,44074.830,44985.690,45759.679,46412.192,46958.582,47414.918,47797.928,48123.866,48407.254,48660.169,48892.143,49110.428,49320.423,49526.098,49730.368,49935.382,50142.747,50353.685,50569.147,50789.892,51016.547,51249.642,51489.634,51736.921,51991.842,52254.672,52525.601,52804.685,53091.780,53386.421,53687.623,53993.590,54301.261,54605.727,54899.594,55172.728,55413.226,55610.644,55760.269,55861.773,55916.433,55925.096,55887.124,55800.073,55660.029,55462.815,55206.445,54894.600,54538.446,54151.553,53745.895,53330.484,52911.528,52493.085,52077.707,51666.949,51261.711,50862.469,50469.426,50082.604,49701.907,49327.160,48958.136,48594.575,48236.196,47882.707,47533.813,47189.218,46848.636,46511.789,46178.415,45848.267,45521.119,45196.764,44875.023,44555.735,44238.770,43924.021,43611.407,43300.873,42992.389,42685.949,42381.568,42079.285,41779.154,41481.247,41185.652,40892.464,40601.789,40313.740,40028.430,39745.975,39466.486,39190.068,38916.819,38646.826,38380.161,38116.882,37857.030,37600.622,37347.658,37098.114,36851.940,36609.063,36369.382,36132.770,35899.074,35668.110,35439.670,35213.520,34989.396,34767.012,34546.058,34326.200,34107.086,33888.344,33669.588,33450.419,33230.428,33009.201,32786.322,32561.375,32333.953,32103.656,31870.102,31632.926,31391.786,31146.369,30896.390,30641.603,30381.797,30116.803,29846.493,29570.786,29289.644,29003.076,28711.136,28413.923,28111.578,27804.284,27492.263,27175.771,26855.096,26530.556,26202.494,25871.270,25537.264,25200.868,24862.482,24522.512,24181.365,23839.445,23497.153,23154.882,22813.014,22471.919,22131.954,21793.459,21456.758,21122.154,20789.935,20460.366,20133.694,19810.144,19489.919,19173.205,18860.163,18550.935,18245.643,17944.389,17647.252,17354.295,17065.561,16781.071,16500.833,16224.831,15953.036,15685.399,15421.856,15162.326,14906.711,14654.899,14406.763,14162.158,13920.931,13682.909,13447.910,13215.737,12986.181,12759.022,12534.027,12310.955,12089.553,11869.560,11650.704,11432.708,11215.287,10998.150,10781.001,10563.540,10345.463,10126.468,9906.250,9684.506,9460.935,9235.242,9007.137,8776.338,8542.572,8305.579,8065.111,7820.937,7572.839,7320.625,7064.118,6803.167,6537.646,6267.455,5992.521,5712.801,5428.285,5138.992,4844.973,4546.315,4243.137,3935.588,3623.854,3308.152,2988.727,2665.857,2339.844,2011.020,1679.735,1346.364,1011.295,674.933,337.694,0.000
0.000,3028.877,6049.546,9053.339,12030.650,14970.443,17859.758,20683.263,23422.980,26058.384,28567.164,30926.910,33117.754,35125.410,36943.325,38572.746,40021.093,41299.715,42421.894,43401.497,44252.338,44988.076,45622.434,46169.375,46642.941,47056.665,47422.893,47752.318,48053.826,48334.572,48600.204,48855.130,49102.771,49345.791,49586.276,49825.877,50065.914,50307.460,50551.394,50798.446,51049.214,51304.185,51563.732,51828.102,52097.392,52371.502,52650.058,52932.300,53216.923,53501.852,53783.962,54058.778,54320.281,54561.054,54773.111,54949.522,55086.004,55180.709,55233.083,55242.765,55208.899,55129.934,55003.920,54829.353,54606.543,54339.060,54034.081,53700.498,53346.912,52980.534,52606.909,52230.074,51852.862,51477.209,51104.398,50735.257,50370.286,50009.756,49653.774,49302.333,48955.342,48612.653,48274.075,47939.390,47608.365,47280.756,46956.320,46634.817,46316.016,45999.700,45685.667,45373.739,45063.757,44755.586,44449.119,44144.274,43840.995,43539.253,43239.048,42940.400,42643.358,42347.988,42054.380,41762.638,41472.883,41185.245,40899.864,40616.887,40336.462,40058.736,39783.852,39511.948,39243.150,38977.571,38715.312,38456.452,38201.052,37949.152,37700.766,37455.884,37214.467,36976.450,36741.737,36510.203,36281.694,36056.022,35832.971,35612.297,35393.723,35176.945,34961.633,34747.431,34533.960,34320.821,34107.594,33893.849,33679.141,33463.019,33245.027,33024.712,32801.627,32575.333,32345.409,32111.454,31873.091,31629.973,31381.788,31128.263,30869.166,30604.310,30333.556,30056.815,29774.048,29485.267,29190.534,28889.962,28583.711,28271.987,27955.038,27633.151,27306.648,26975.883,26641.235,26303.106,25961.916,25618.095,25272.085,24924.332,24575.280,24225.372,23875.044,23524.723,23174.823,22825.744,22477.870,22131.566,21787.181,21445.039,21105.446,20768.685,20435.017,20104.680,19777.891,19454.842,19135.704,18820.627,18509.736,18203.136,17900.912,17603.127,17309.823,17021.023,16736.731,16456.931,16181.590,15910.655,15644.057,15381.708,15123.507,14869.333,14619.050,14372.508,14129.542,13889.972,13653.603,13420.228,13189.626,12961.564,12735.797,12512.069,12290.111,12069.648,11850.392,11632.048,11414.314,11196.879,10979.428,10761.643,10543.199,10323.771,10103.033,9880.661,9656.332,9429.726,9200.533,8968.446,8733.172,8494.426,8251.940,8005.460,7754.751,7499.599,7239.811,6975.219,6705.683,6431.090,6151.357,5866.435,5576.307,5280.990,4980.537,4675.037,4364.617,4049.438,3729.699,3405.632,3077.505,2745.617,2410.300,2071.912,1730.837,1387.481,1042.272,695.651,348.073,0.000
0.000,2897.640,5786.419,8657.107,11499.747,14303.301,17055.340,19741.830,22347.094,24854.088,27245.116,29503.075,31613.130,33564.452,35351.411,36973.738,38435.751,39745.123,40911.625,41946.169,42860.207,43665.457,44373.828,44997.342,45547.940,46037.113,46475.497,46872.559,47236.453,47574.020,47890.894,48191.656,48480.014,48758.963,49030.926,49297.875,49561.423,49822.897,50083.391,50343.805,50604.869,50867.158,51131.086,51396.904,51664.663,51934.176,52204.954,52476.107,52746.229,53013.251,53274.277,53525.469,53762.029,53978.433,54168.991,54328.690,54453.893,54542.372,54592.845,54604.427,54576.251,54507.360,54396.923,54244.745,54051.981,53821.744,53559.115,53270.313,52961.660,52638.845,52306.592,51968.610,51627.707,51285.950,50944.821,50605.358,50268.265,49933.994,49602.811,49274.842,48950.109,48628.555,48310.067,47994.491,47681.648,47371.339,47063.357,46757.496,46453.551,46151.331,45850.659,45551.377,45253.350,44956.464,44660.636,44365.807,44071.948,43779.056,43487.160,43196.312,42906.590,42618.096,42330.954,42045.304,41761.303,41479.119,41198.929,40920.918,40645.269,40372.167,40101.789,39834.307,39569.878,39308.648,39050.742,38796.269,38545.311,38297.930,38054.156,37813.997,37577.424,37344.380,37114.778,36888.494,36665.372,36445.222,36227.820,36012.907,35800.196,35589.362,35380.055,35171.893,34964.469,34757.352,34550.091,34342.214,34133.240,33922.675,33710.023,33494.786,33276.472,33054.599,32828.703,32598.339,32363.093,32122.580,31876.456,31624.417,31366.208,31101.621,30830.504,30552.759,30268.346,29977.279,29679.632,29375.531,29065.158,28748.745,28426.570,28098.955,27766.259,27428.876,27087.229,26741.763,26392.942,26041.243,25687.150,25331.153,24973.739,24615.391,24256.584,23897.781,23539.431,23181.965,22825.797,22471.319,22118.903,21768.896,21421.624,21077.388,20736.462,20399.099,20065.526,19735.947,19410.539,19089.457,18772.833,18460.776,18153.372,17850.685,17552.757,17259.612,16971.250,16687.652,16408.782,16134.583,15864.980,15599.880,15339.175,15082.735,14830.418,14582.065,14337.501,14096.535,13858.962,13624.563,13393.106,13164.343,12938.016,12713.853,12491.573,12270.881,12051.473,11833.037,11615.250,11397.785,11180.305,10962.469,10743.932,10524.347,10303.365,10080.636,9855.815,9628.559,9398.530,9165.398,8928.845,8688.562,8444.257,8195.653,7942.493,7684.541,7421.584,7153.438,6879.943,6600.975,6316.438,6026.275,5730.460,5429.010,5121.977,4809.454,4491.574,4168.510,3840.474,3507.718,3170.531,2829.239,2484.201,2135.807,1784.476,1430.653,1074.805,717.413,358.976,0.000
0.000,2775.271,5541.393,8288.941,11007.953,13687.700,16316.502,18881.658,21369.519,23765.803,26056.189,28227.202,30267.302,32167.925,33924.205,35535.122,37003.139,38333.493,39533.417,40611.457,41576.980,42439.845,43210.212,43898.367,44514.516,45068.513,45569.593,46026.147,46445.598,46834.364,47197.903,47540.805,47866.895,48179.357,48480.835,48773.528,49059.269,49339.584,49615.744,49888.797,50159.591,50428.786,50696.856,50964.073,51230.492,51495.907,51759.800,52021.275,52278.973,52530.986,52774.777,53007.147,53224.298,53422.032,53596.118,53742.754,53858.925,53942.481,53991.961,54006.341,53984.843,53926.897,53832.274,53701.378,53535.604,53337.588,53111.151,52860.874,52591.534,52307.632,52013.110,51711.247,51404.663,51095.394,50784.981,50474.567,50164.973,49856.769,49550.333,49245.887,48943.538,48643.302,48345.127,48048.912,47754.518,47461.782,47170.528,46880.575,46591.742,46303.859,46016.767,45730.329,45444.428,45158.971,44873.897,44589.171,44304.787,44020.774,43737.187,43454.110,43171.657,42889.966,42609.196,42329.527,42051.156,41774.292,41499.153,41225.962,40954.946,40686.327,40420.321,40157.137,39896.967,39639.989,39386.360,39136.217,38889.669,38646.798,38407.657,38172.267,37940.615,37712.655,37488.304,37267.442,37049.912,36835.520,36624.034,36415.185,36208.666,36004.137,35801.222,35599.512,35398.570,35197.931,34997.104,34795.580,34592.832,34388.322,34181.505,33971.835,33758.769,33541.778,33320.347,33093.986,32862.235,32624.666,32380.899,32130.596,31873.472,31609.300,31337.909,31059.194,30773.110,30479.676,30178.977,29871.158,29556.422,29235.031,28907.299,28573.584,28234.291,27889.858,27540.755,27187.476,26830.536,26470.460,26107.782,25743.040,25376.767,25009.490,24641.725,24273.976,23906.726,23540.443,23175.570,22812.528,22451.714,22093.498,21738.226,21386.215,21037.758,20693.119,20352.536,20016.222,19684.362,19357.119,19034.627,18716.998,18404.321,18096.659,17794.056,17496.532,17204.085,16916.695,16634.319,16356.897,16084.346,15816.570,15553.450,15294.851,15040.622,14790.594,14544.581,14302.384,14063.786,13828.555,13596.445,13367.198,13140.538,12916.180,12693.825,12473.162,12253.870,12035.616,11818.060,11600.852,11383.634,11166.044,10947.714,10728.271,10507.343,10284.554,10059.534,9831.911,9601.324,9367.415,9129.838,8888.258,8642.358,8391.834,8136.405,7875.810,7609.817,7338.217,7060.837,6777.532,6488.196,6192.758,5891.187,5583.494,5269.732,4949.996,4624.427,4293.208,3956.567,3614.777,3268.148,2917.035,2561.828,2202.952,1840.865,1476.052,1109.022,740.306,370.447,0.000
0.000,2662.060,5314.955,7949.328,10555.448,13123.070,15641.345,18098.820,20483.567,22783.469,24986.690,27082.305,29061.017,30915.817,32642.440,34239.495,35708.285,37052.395,38277.199,39389.381,40396.534,41306.863,42128.949,42871.551,43543.403,44153.000,44708.394,45217.029,45685.627,46120.142,46525.770,46906.992,47267.641,47610.981,47939.784,48256.397,48562.811,48860.706,49151.492,49436.344,49716.215,49991.852,50263.794,50532.366,50797.658,51059.497,51317.409,51570.572,51817.762,52057.310,52287.071,52504.429,52706.380,52889.687,53051.118,53187.721,53297.031,53377.146,53426.683,53444.667,53430.454,53383.719,53304.547,53193.584,53052.215,52882.655,52687.888,52471.422,52236.958,51988.091,51728.093,51459.796,51185.565,50907.312,50626.546,50344.429,50061.833,49779.393,49497.548,49216.588,48936.676,48657.878,48380.187,48103.536,47827.818,47552.897,47278.617,47004.815,46731.328,46458.000,46184.688,45911.269,45637.644,45363.737,45089.508,44814.942,44540.063,44264.924,43989.612,43714.246,43438.974,43163.972,42889.441,42615.603,42342.697,42070.978,41800.706,41532.152,41265.583,41001.267,40739.462,40480.415,40224.359,39971.507,39722.051,39476.156,39233.961,38995.573,38761.066,38530.480,38303.817,38081.041,37862.077,37646.809,37435.080,37226.691,37021.402,36818.931,36618.956,36421.113,36225.004,36030.189,35836.198,35642.528,35448.648,35254.004,35058.020,34860.107,34659.669,34456.104,34248.814,34037.214,33820.735,33598.832,33370.994,33136.748,32895.666,32647.376,32391.560,32127.964,31856.399,31576.749,31288.966,30993.074,30689.170,30377.418,30058.050,29731.360,29397.700,29057.475,28711.135,28359.172,28002.107,27640.492,27274.894,26905.896,26534.085,26160.051,25784.378,25407.642,25030.403,24653.207,24276.578,23901.017,23527.002,23154.982,22785.380,22418.591,22054.980,21694.884,21338.608,20986.432,20638.604,20295.345,19956.849,19623.283,19294.784,18971.469,18653.425,18340.719,18033.390,17731.457,17434.917,17143.744,16857.890,16577.291,16301.858,16031.487,15766.051,15505.408,15249.398,14997.841,14750.543,14507.292,14267.859,14032.000,13799.457,13569.956,13343.207,13118.909,12896.745,12676.388,12457.498,12239.722,12022.699,11806.058,11589.419,11372.395,11154.593,10935.617,10715.067,10492.541,10267.639,10039.964,9809.123,9574.731,9336.412,9093.803,8846.556,8594.341,8336.848,8073.792,7804.914,7529.984,7248.805,6961.217,6667.096,6366.359,6058.967,5744.923,5424.280,5097.135,4763.636,4423.978,4078.406,3727.211,3370.732,3009.351,2643.493,2273.621,1900.235,1523.865,1145.069,764.426,382.534,0.000
0.000,2558.020,5107.054,7637.987,10141.467,12607.820,15027.024,17388.753,19682.507,21897.869,24024.856,26054.378,27978.716,29791.965,31490.327,33072.226,34538.209,35890.709,37133.719,38272.455,39313.045,40262.265,41127.321,41915.644,42634.713,43291.866,43894.143,44448.145,44959.944,45435.022,45878.269,46293.987,46685.940,47057.398,47411.184,47749.739,48075.155,48389.226,48693.475,48989.178,49277.388,49558.935,49834.435,50104.279,50368.625,50627.370,50880.131,51126.211,51364.573,51593.813,51812.168,52017.530,52207.531,52379.655,52531.401,52660.454,52764.823,52842.908,52893.503,52915.766,52909.192,52873.623,52809.295,52716.928,52597.795,52453.760,52287.211,52100.911,51897.791,51680.752,51452.507,51215.479,50971.754,50723.075,50470.861,50216.237,49960.073,49703.020,49445.548,49187.976,48930.500,48673.214,48416.136,48159.222,47902.382,47645.492,47388.412,47130.986,46873.061,46614.489,46355.139,46094.897,45833.677,45571.419,45308.101,45043.730,44778.353,44512.053,44244.948,43977.193,43708.974,43440.508,43172.041,42903.838,42636.188,42369.392,42103.761,41839.613,41577.264,41317.029,41059.212,40804.105,40551.981,40303.094,40057.672,39815.915,39577.992,39344.037,39114.148,38888.385,38666.766,38449.268,38235.824,38026.322,37820.606,37618.473,37419.673,37223.912,37030.850,36840.102,36651.240,36463.797,36277.262,36091.095,35904.718,35717.527,35528.894,35338.176,35144.714,34947.848,34746.917,34541.273,34330.284,34113.345,33889.888,33659.384,33421.357,33175.390,32921.128,32658.288,32386.661,32106.116,31816.602,31518.149,31210.866,30894.942,30570.639,30238.289,29898.290,29551.095,29197.209,28837.183,28471.599,28101.068,27726.221,27347.702,26966.158,26582.237,26196.578,25809.807,25422.537,25035.357,24648.831,24263.501,23879.877,23498.440,23119.640,22743.894,22371.590,22003.081,21638.689,21278.705,20923.389,20572.969,20227.647,19887.593,19552.949,19223.831,18900.330,18582.509,18270.408,17964.041,17663.402,17368.461,17079.165,16795.442,16517.199,16244.323,15976.680,15714.118,15456.468,15203.541,14955.130,14711.014,14470.951,14234.684,14001.940,13772.431,13545.853,13321.887,13100.199,12880.445,12662.262,12445.281,12229.116,12013.375,11797.654,11581.541,11364.617,11146.459,10926.638,10704.725,10480.290,10252.904,10022.144,9787.593,9548.843,9305.501,9057.186,8803.536,8544.213,8278.901,8007.313,7729.196,7444.326,7152.523,6853.646,6547.595,6234.321,5913.820,5586.141,5251.385,4909.706,4561.310,4206.458,3845.465,3478.696,3106.566,2729.537,2348.114,1962.842,1574.301,1183.103,789.881,395.291,0.000
0.000,2462.974,4917.268,7354.121,9764.638,12139.749,14470.218,16746.704,18959.892,21100.700,23160.551,25131.703,27007.582,28783.082,30454.770,32020.970,33481.722,34838.627,36094.635,37253.805,38321.062,39301.979,40202.579,41029.158,41788.113,42485.793,43128.360,43721.670,44271.194,44781.960,45258.528,45704.991,46124.991,46521.747,46898.091,47256.500,47599.136,47927.870,48244.311,48549.826,48845.551,49132.402,49411.076,49682.046,49945.555,50201.599,50449.916,50689.962,50920.905,51141.616,51350.680,51546.430,51727.010,51890.467,52034.859,52158.375,52259.426,52336.709,52389.231,52416.307,52417.566,52392.961,52342.802,52267.797,52169.085,52048.236,51907.196,51748.185,51573.565,51385.701,51186.847,50979.062,50764.163,50543.704,50318.981,50091.045,49860.724,49628.654,49395.299,49160.984,48925.911,48690.183,48453.826,48216.800,47979.021,47740.367,47500.698,47259.861,47017.703,46774.079,46528.860,46281.938,46033.236,45782.707,45530.343,45276.173,45020.267,44762.738,44503.736,44243.453,43982.118,43719.991,43457.364,43194.554,42931.901,42669.758,42408.491,42148.469,41890.065,41633.642,41379.556,41128.147,40879.734,40634.615,40393.056,40155.296,39921.535,39691.939,39466.631,39245.692,39029.160,38817.024,38609.228,38405.664,38206.178,38010.560,37818.555,37629.853,37444.097,37260.877,37079.737,36900.175,36721.644,36543.556,36365.286,36186.176,36005.539,35822.669,35636.844,35447.332,35253.405,35054.342,34849.443,34638.033,34419.477,34193.185,33958.625,33715.328,33462.898,33201.017,32929.451,32648.055,32356.773,32055.642,31744.786,31424.421,31094.844,30756.430,30409.629,30054.950,29692.963,29324.282,28949.558,28569.473,28184.725,27796.028,27404.095,27009.636,26613.352,26215.927,25818.023,25420.280,25023.306,24627.682,24233.954,23842.634,23454.201,23069.096,22687.726,22310.464,21937.646,21569.575,21206.520,20848.719,20496.377,20149.668,19808.738,19473.704,19144.655,18821.653,18504.736,18193.914,17889.177,17590.489,17297.792,17011.008,16730.035,16454.752,16185.019,15920.673,15661.536,15407.407,15158.070,14913.291,14672.815,14436.372,14203.676,13974.423,13748.292,13524.949,13304.041,13085.205,12868.058,12652.209,12437.251,12222.767,12008.329,11793.498,11577.828,11360.867,11142.158,10921.239,10697.648,10470.925,10240.613,10006.259,9767.423,9523.675,9274.600,9019.804,8758.913,8491.578,8217.484,7936.345,7647.914,7351.984,7048.393,6737.025,6417.817,6090.756,5755.887,5413.311,5063.188,4705.737,4341.237,3970.025,3592.496,3209.100,2820.339,2426.763,2028.969,1627.591,1223.299,816.788,408.778,0.000
0.000,2376.619,4744.937,7096.613,9423.244,11716.356,13967.436,16168.000,18309.711,20384.548,22385.012,24304.375,26136.908,27878.099,29524.795,31075.267,32529.193,33887.559,35152.517,36327.204,37415.564,38422.162,39352.022,40210.466,41002.969,41735.026,42412.033,43039.191,43621.424,44163.326,44669.133,45142.709,45587.546,46006.780,46403.212,46779.326,47137.319,47479.116,47806.394,48120.593,48422.927,48714.395,48995.779,49267.642,49530.327,49783.945,50028.369,50263.226,50487.891,50701.499,50902.951,51090.959,51264.088,51420.836,51559.705,51679.290,51778.349,51855.851,51911.011,51943.303,51952.474,51938.559,51901.897,51843.158,51763.343,51663.782,51546.079,51412.049,51263.618,51102.732,50931.267,50750.967,50563.398,50369.925,50171.703,49969.685,49764.635,49557.142,49347.644,49136.444,48923.730,48709.597,48494.058,48277.066,48058.526,47838.308,47616.261,47392.223,47166.034,46937.542,46706.616,46473.147,46237.062,45998.324,45756.937,45512.948,45266.452,45017.591,44766.549,44513.559,44258.891,44002.856,43745.796,43488.085,43230.116,42972.302,42715.067,42458.841,42204.052,41951.122,41700.462,41452.463,41207.497,40965.906,40728.002,40494.063,40264.326,40038.988,39818.202,39602.072,39390.654,39183.956,38981.929,38784.474,38591.436,38402.603,38217.710,38036.435,37858.399,37683.169,37510.259,37339.129,37169.191,36999.809,36830.304,36659.959,36488.023,36313.722,36136.259,35954.827,35768.620,35576.835,35378.694,35173.443,34960.372,34738.819,34508.187,34267.951,34017.663,33756.968,33485.603,33203.404,32910.313,32606.370,32291.722,31966.611,31631.377,31286.446,30932.324,30569.588,30198.879,29820.884,29436.333,29045.986,28650.619,28251.021,27847.979,27442.274,27034.672,26625.918,26216.733,25807.805,25399.793,24993.315,24588.957,24187.264,23788.740,23393.853,23003.030,22616.660,22235.095,21858.648,21487.599,21122.189,20762.631,20409.100,20061.744,19720.680,19385.995,19057.749,18735.976,18420.684,18111.855,17809.448,17513.400,17223.623,16940.009,16662.429,16390.732,16124.748,15864.287,15609.138,15359.073,15113.846,14873.189,14636.819,14404.434,14175.715,13950.327,13727.915,13508.111,13290.529,13074.767,12860.412,12647.034,12434.190,12221.426,12008.276,11794.266,11578.913,11361.728,11142.216,10919.882,10694.229,10464.765,10231.000,9992.457,9748.666,9499.177,9243.555,8981.390,8712.299,8435.929,8151.963,7860.124,7560.176,7251.933,6935.259,6610.074,6276.355,5934.140,5583.529,5224.689,4857.849,4483.309,4101.428,3712.634,3317.414,2916.314,2509.935,2098.929,1683.989,1265.851,845.278,423.059,0.000
0.000,2298.573,4589.263,6864.173,9115.397,11335.029,13515.211,15648.198,17726.462,19742.829,21690.646,23563.952,25357.660,27067.704,28691.143,30226.217,31672.337,33030.023,34300.800,35487.072,36591.977,37619.243,38573.050,39457.893,40278.458,41039.504,41745.764,42401.855,43012.210,43581.024,44112.219,44609.425,45075.973,45514.896,45928.939,46320.573,46692.007,47045.203,47381.887,47703.564,48011.520,48306.834,48590.373,48862.799,49124.559,49375.888,49616.805,49847.106,50066.375,50273.988,50469.134,50650.846,50818.047,50969.599,51104.369,51221.289,51319.408,51397.939,51456.290,51494.081,51511.163,51507.631,51483.839,51440.401,51378.200,51298.365,51202.234,51091.307,50967.172,50831.438,50685.673,50531.349,50369.803,50202.216,50029.599,49852.796,49672.484,49489.191,49303.304,49115.088,48924.698,48732.201,48537.586,48340.781,48141.666,47940.091,47735.883,47528.860,47318.845,47105.672,46889.198,46669.310,46445.932,46219.031,45988.622,45754.770,45517.593,45277.262,45033.997,44788.074,44539.810,44289.568,44037.748,43784.781,43531.125,43277.257,43023.664,42770.842,42519.283,42269.471,42021.877,41776.951,41535.118,41296.774,41062.276,40831.946,40606.060,40384.852,40168.503,39957.144,39750.855,39549.657,39353.516,39162.338,38975.970,38794.200,38616.751,38443.288,38273.412,38106.664,37942.526,37780.420,37619.712,37459.714,37299.691,37138.860,36976.400,36811.460,36643.161,36470.614,36292.920,36109.190,35918.553,35720.167,35513.234,35297.012,35070.829,34834.092,34586.298,34327.045,34056.036,33773.091,33478.140,33171.237,32852.546,32522.346,32181.024,31829.063,31467.038,31095.601,30715.474,30327.431,29932.289,29530.895,29124.115,28712.821,28297.883,27880.159,27460.485,27039.675,26618.509,26197.731,25778.047,25360.122,24944.577,24531.990,24122.896,23717.785,23317.105,22921.261,22530.617,22145.499,21766.191,21392.944,21025.970,20665.450,20311.529,19964.324,19623.919,19290.371,18963.709,18643.936,18331.028,18024.938,17725.595,17432.903,17146.747,16866.988,16593.465,16325.999,16064.389,15808.413,15557.831,15312.384,15071.793,14835.759,14603.965,14376.078,14151.744,13930.592,13712.234,13496.264,13282.261,13069.785,12858.384,12647.589,12436.919,12225.880,12013.966,11800.662,11585.447,11367.790,11147.160,10923.022,10694.845,10462.099,10224.265,9980.834,9731.311,9475.223,9212.116,8941.569,8663.189,8376.622,8081.555,7777.723,7464.911,7142.958,6811.766,6471.296,6121.580,5762.715,5394.872,5018.293,4633.295,4240.265,3839.664,3432.019,3017.925,2598.037,2173.068,1743.779,1310.975,875.496,438.209,0.000
0.000,2228.421,4449.386,6655.445,8839.171,10993.190,13110.227,15183.171,17205.167,19169.727,21070.861,22903.207,24662.166,26344.008,27945.959,29466.233,30904.036,32259.524,33533.727,34728.453,35846.182,36889.946,37863.215,38769.783,39613.659,40398.972,41129.876,41810.479,42444.773,43036.586,43589.549,44107.065,44592.300,45048.176,45477.372,45882.328,46265.252,46628.129,46972.727,47300.605,47613.117,47911.419,48196.465,48469.014,48729.626,48978.662,49216.285,49442.462,49656.971,49859.414,50049.234,50225.747,50388.172,50535.681,50667.441,50782.666,50880.655,50960.835,51022.783,51066.251,51091.181,51097.717,51086.212,51057.234,51011.559,50950.152,50874.142,50784.777,50683.376,50571.279,50449.795,50320.160,50183.510,50040.851,49893.052,49740.839,49584.795,49425.369,49262.885,49097.551,48929.476,48758.681,48585.116,48408.670,48229.188,48046.481,47860.346,47670.570,47476.946,47279.287,47077.431,46871.250,46660.661,46445.633,46226.187,46002.403,45774.422,45542.444,45306.731,45067.600,44825.422,44580.617,44333.647,44085.010,43835.231,43584.859,43334.453,43084.579,42835.801,42588.671,42343.726,42101.480,41862.417,41626.988,41395.603,41168.630,40946.389,40729.149,40517.127,40310.482,40109.316,39913.670,39723.522,39538.787,39359.316,39184.893,39015.233,38849.987,38688.736,38530.994,38376.209,38223.762,38072.972,37923.096,37773.335,37622.836,37470.702,37315.995,37157.749,36994.977,36826.682,36651.873,36469.575,36278.845,36078.785,35868.562,35647.414,35414.673,35169.769,34912.247,34641.773,34358.141,34061.276,33751.240,33428.223,33092.544,32744.645,32385.076,32014.490,31633.629,31243.305,30844.391,30437.806,30024.496,29605.426,29181.562,28753.864,28323.276,27890.713,27457.059,27023.159,26589.816,26157.788,25727.783,25300.463,24876.437,24456.270,24040.474,23629.517,23223.819,22823.757,22429.664,22041.832,21660.515,21285.928,20918.250,20557.628,20204.173,19857.968,19519.065,19187.487,18863.230,18546.264,18236.535,17933.962,17638.444,17349.853,17068.043,16792.843,16524.062,16261.490,16004.892,15754.018,15508.595,15268.329,15032.909,14802.004,14575.262,14352.313,14132.769,13916.221,13702.244,13490.394,13280.208,13071.208,12862.899,12654.773,12446.303,12236.954,12026.176,11813.413,11598.096,11379.656,11157.516,10931.104,10699.848,10463.183,10220.555,9971.425,9715.270,9451.595,9179.931,8899.844,8610.936,8312.856,8005.302,7688.027,7360.842,7023.626,6676.324,6318.953,5951.611,5574.469,5187.781,4791.883,4387.190,3974.198,3553.480,3125.682,2691.520,2251.772,1807.274,1358.910,907.603,454.308,0.000
0.000,2165.736,4324.433,6469.073,8592.682,10688.371,12749.381,14769.144,16741.367,18660.120,20519.939,22315.933,24043.877,25700.303,27282.558,28788.834,30218.175,31570.443,32846.270,34046.981,35174.511,36231.314,37220.261,38144.552,39007.622,39813.056,40564.510,41265.641,41920.054,42531.249,43102.586,43637.257,44138.268,44608.430,45050.350,45466.430,45858.871,46229.672,46580.636,46913.371,47229.296,47529.641,47815.447,48087.572,48346.687,48593.279,48827.654,49049.942,49260.104,49457.948,49643.145,49815.253,49973.749,50118.066,50247.624,50361.875,50460.334,50542.610,50608.431,50657.663,50690.329,50706.610,50706.862,50691.607,50661.530,50617.466,50560.370,50491.292,50411.333,50321.612,50223.219,50117.191,50004.479,49885.931,49762.276,49634.122,49501.950,49366.121,49226.882,49084.375,48938.645,48789.657,48637.305,48481.426,48321.814,48158.234,47990.434,47818.161,47641.169,47459.236,47272.172,47079.830,46882.114,46678.984,46470.468,46256.658,46037.718,45813.880,45585.445,45352.780,45116.313,44876.526,44633.950,44389.156,44142.748,43895.350,43647.603,43400.151,43153.636,42908.685,42665.909,42425.889,42189.176,41956.280,41727.667,41503.756,41284.914,41071.449,40863.615,40661.601,40465.535,40275.478,40091.422,39913.294,39740.947,39574.162,39412.651,39256.046,39103.911,38955.732,38810.920,38668.817,38528.687,38389.732,38251.083,38111.811,37970.935,37827.425,37680.214,37528.207,37370.298,37205.378,37032.356,36850.172,36657.815,36454.342,36238.894,36010.711,35769.146,35513.684,35243.945,34959.695,34660.853,34347.488,34019.822,33678.220,33323.188,32955.355,32575.466,32184.362,31782.965,31372.262,30953.283,30527.090,30094.758,29657.360,29215.957,28771.584,28325.242,27877.893,27430.451,26983.779,26538.689,26095.936,25656.219,25220.183,24788.417,24361.458,23939.791,23523.850,23114.021,22710.645,22314.019,21924.399,21542.000,21167.000,20799.543,20439.737,20087.658,19743.352,19406.837,19078.102,18757.107,18443.791,18138.064,17839.815,17548.908,17265.186,16988.468,16718.553,16455.217,16198.217,15947.288,15702.145,15462.481,15227.971,14998.266,14773.001,14551.787,14334.218,14119.866,13908.284,13699.006,13491.546,13285.399,13080.043,12874.939,12669.532,12463.250,12255.511,12045.718,11833.266,11617.542,11397.928,11173.804,10944.554,10709.563,10468.228,10219.960,9964.186,9700.360,9427.964,9146.513,8855.564,8554.722,8243.642,7922.040,7589.695,7246.456,6892.249,6527.077,6151.030,5764.282,5367.097,4959.830,4542.925,4116.917,3682.425,3240.154,2790.885,2335.469,1874.825,1409.922,941.779,471.447,0.000
0.000,2110.099,4213.556,6303.757,8374.147,10418.273,12429.828,14402.712,16331.099,18209.516,20032.922,21796.793,23497.200,25130.871,26695.245,28188.489,29609.512,30957.939,32234.074,33438.843,34573.733,35640.709,36642.144,37580.734,38459.425,39281.334,40049.688,40767.756,41438.799,42066.026,42652.556,43201.385,43715.375,44197.226,44649.478,45074.494,45474.464,45851.397,46207.129,46543.315,46861.435,47162.792,47448.515,47719.558,47976.701,48220.556,48451.567,48670.018,48876.041,49069.631,49250.661,49418.904,49574.059,49715.781,49843.707,49957.492,50056.835,50141.503,50211.356,50266.362,50306.609,50332.316,50343.836,50341.653,50326.380,50298.741,50259.553,50209.702,50150.113,50081.718,50005.428,49922.102,49832.530,49737.412,49637.344,49532.815,49424.203,49311.775,49195.691,49076.013,48952.715,48825.690,48694.763,48559.706,48420.250,48276.096,48126.936,47972.458,47812.369,47646.401,47474.325,47295.966,47111.205,46919.995,46722.362,46518.410,46308.323,46092.368,45870.888,45644.305,45413.109,45177.851,44939.139,44697.627,44454.002,44208.978,43963.282,43717.648,43472.801,43229.454,42988.296,42749.985,42515.140,42284.338,42058.106,41836.916,41621.185,41411.266,41207.449,41009.958,40818.948,40634.500,40456.627,40285.262,40120.267,39961.422,39808.430,39660.913,39518.411,39380.385,39246.210,39115.182,38986.515,38859.345,38732.733,38605.668,38477.076,38345.824,38210.735,38070.597,37924.174,37770.228,37607.535,37434.900,37251.183,37055.315,36846.319,36623.332,36385.619,36132.591,35863.815,35579.026,35278.132,34961.214,34628.529,34280.497,33917.699,33540.857,33150.821,32748.551,32335.095,31911.567,31479.132,31038.980,30592.311,30140.317,29684.170,29225.006,28763.922,28301.959,27840.106,27379.290,26920.376,26464.167,26011.402,25562.756,25118.846,24680.229,24247.406,23820.822,23400.872,22987.903,22582.212,22184.057,21793.651,21411.169,21036.748,20670.493,20312.473,19962.727,19621.263,19288.062,18963.077,18646.236,18337.440,18036.568,17743.474,17457.990,17179.925,16909.067,16645.180,16388.009,16137.277,15892.685,15653.913,15420.622,15192.448,14969.009,14749.899,14534.693,14322.944,14114.184,13907.922,13703.649,13500.835,13298.927,13097.358,12895.539,12692.864,12488.713,12282.450,12073.429,11860.992,11644.475,11423.211,11196.530,10963.768,10724.268,10477.383,10222.489,9958.980,9686.285,9403.863,9111.219,8807.906,8493.534,8167.773,7830.366,7481.128,7119.959,6746.846,6361.867,5965.196,5557.106,5137.972,4708.269,4268.570,3819.549,3361.970,2896.687,2424.635,1946.819,1464.308,978.224,489.725,0.000
0.000,2061.113,4115.954,6158.277,8181.910,10180.786,12148.994,14080.832,15970.866,17813.994,19605.518,21341.205,23017.353,24630.842,26179.172,27660.487,29073.577,30417.867,31693.391,32900.744,34041.034,35115.823,36127.059,37077.014,37968.216,38803.386,39585.381,40317.134,41001.611,41641.763,42240.496,42800.637,43324.912,43815.929,44276.159,44707.934,45113.432,45494.676,45853.532,46191.702,46510.725,46811.979,47096.677,47365.868,47620.443,47861.130,48088.508,48303.004,48504.909,48694.387,48871.494,49036.191,49188.370,49327.877,49454.538,49568.181,49668.663,49755.890,49829.835,49890.553,49938.193,49973.005,49995.340,50005.653,50004.495,49992.500,49970.374,49938.867,49898.757,49850.822,49795.816,49734.448,49667.362,49595.122,49518.199,49436.966,49351.694,49262.552,49169.608,49072.835,48972.123,48867.281,48758.056,48644.139,48525.182,48400.812,48270.647,48134.307,47991.434,47841.704,47684.839,47520.624,47348.914,47169.644,46982.834,46788.598,46587.143,46378.770,46163.869,45942.921,45716.484,45485.189,45249.729,45010.849,44769.334,44525.993,44281.653,44037.145,43793.289,43550.891,43310.725,43073.532,42840.008,42610.802,42386.503,42167.644,41954.693,41748.051,41548.048,41354.944,41168.922,40990.089,40818.475,40654.027,40496.611,40346.011,40201.924,40063.958,39931.635,39804.387,39681.555,39562.388,39446.045,39331.598,39218.030,39104.242,38989.060,38871.239,38749.480,38622.436,38488.731,38346.978,38195.800,38033.848,37859.832,37672.536,37470.851,37253.789,37020.512,36770.344,36502.793,36217.553,35914.521,35593.793,35255.664,34900.622,34529.334,34142.632,33741.490,33327.006,32900.373,32462.859,32015.777,31560.466,31098.266,30630.505,30158.475,29683.426,29206.552,28728.986,28251.791,27775.962,27302.418,26832.008,26365.511,25903.633,25447.014,24996.230,24551.793,24114.161,23683.733,23260.857,22845.833,22438.913,22040.308,21650.188,21268.684,20895.890,20531.870,20176.653,19830.237,19492.594,19163.668,18843.374,18531.606,18228.229,17933.089,17646.005,17366.776,17095.178,16830.964,16573.867,16323.596,16079.841,15842.268,15610.523,15384.226,15162.980,14946.362,14733.928,14525.211,14319.721,14116.946,13916.350,13717.376,13519.444,13321.954,13124.285,12925.793,12725.820,12523.689,12318.710,12110.178,11897.380,11679.596,11456.102,11226.178,10989.108,10744.186,10490.724,10228.058,9955.551,9672.604,9378.662,9073.219,8755.832,8426.120,8083.782,7728.595,7360.427,6979.241,6585.103,6178.184,5758.764,5327.237,4884.107,4429.994,3965.625,3491.833,3009.550,2519.801,2023.691,1522.400,1017.161,509.257,0.000
0.000,2018.412,4030.886,6031.516,8014.464,9974.008,11904.580,13800.814,15657.603,17470.151,19234.032,20945.245,22600.263,24196.078,25730.231,27200.833,28606.573,29946.704,31221.030,32429.867,33574.008,34654.670,35673.446,36632.247,37533.250,38378.836,39171.548,39914.033,40609.000,41259.184,41867.305,42436.043,42968.009,43465.728,43931.619,44367.984,44777.000,45160.703,45520.992,45859.617,46178.181,46478.131,46760.767,47027.231,47278.520,47515.478,47738.807,47949.073,48146.711,48332.041,48505.279,48666.555,48815.931,48953.419,49079.006,49192.672,49294.412,49384.249,49462.256,49528.566,49583.380,49626.973,49659.701,49681.992,49694.349,49697.332,49691.552,49677.651,49656.281,49628.092,49593.704,49553.692,49508.571,49458.780,49404.672,49346.508,49284.454,49218.574,49148.840,49075.129,48997.236,48914.878,48827.707,48735.322,48637.282,48533.125,48422.377,48304.578,48179.290,48046.118,47904.725,47754.844,47596.293,47428.983,47252.927,47068.244,46875.163,46674.022,46465.263,46249.432,46027.165,45799.180,45566.268,45329.276,45089.097,44846.650,44602.873,44358.704,44115.070,43872.877,43632.995,43396.254,43163.434,42935.258,42712.386,42495.414,42284.865,42081.189,41884.762,41695.878,41514.753,41341.521,41176.230,41018.842,40869.234,40727.190,40592.403,40464.471,40342.899,40227.091,40116.351,40009.884,39906.794,39806.083,39706.653,39607.312,39506.776,39403.681,39296.590,39184.009,39064.400,38936.210,38797.886,38647.902,38484.793,38307.174,38113.778,37903.474,37675.301,37428.485,37162.456,36876.867,36571.598,36246.762,35902.701,35539.981,35159.373,34761.835,34348.491,33920.600,33479.527,33026.714,32563.648,32091.838,31612.784,31127.963,30638.801,30146.673,29652.878,29158.643,28665.112,28173.344,27684.318,27198.928,26717.987,26242.230,25772.319,25308.846,24852.333,24403.243,23961.976,23528.883,23104.258,22688.351,22281.363,21883.458,21494.756,21115.345,20745.276,20384.568,20033.209,19691.159,19358.350,19034.688,18720.054,18414.303,18117.268,17828.759,17548.561,17276.439,17012.136,16755.370,16505.841,16263.223,16027.169,15797.311,15573.255,15354.588,15140.869,14931.635,14726.401,14524.655,14325.861,14129.459,13934.863,13741.466,13548.635,13355.712,13162.019,12966.857,12769.505,12569.226,12365.267,12156.861,11943.233,11723.602,11497.184,11263.200,11020.880,10769.468,10508.230,10236.463,9953.497,9658.711,9351.533,9031.458,8698.050,8350.951,7989.896,7614.714,7225.341,6821.822,6404.322,5973.127,5528.648,5071.424,4602.116,4121.514,3630.524,3130.165,2621.561,2105.929,1584.567,1058.842,530.169,0.000
0.000,1981.661,3957.684,5922.461,7870.457,9796.246,11694.553,13560.299,15388.647,17175.049,18915.298,20605.572,22242.476,23823.084,25344.956,26806.168,28205.312,29541.491,30814.311,32023.850,33170.632,34255.586,35280.000,36245.484,37153.913,38007.386,38808.178,39558.694,40261.431,40918.936,41533.779,42108.513,42645.657,43147.670,43616.931,44055.725,44466.231,44850.509,45210.493,45547.986,45864.651,46162.014,46441.456,46704.214,46951.385,47183.926,47402.657,47608.272,47801.339,47982.321,48151.579,48309.392,48455.969,48591.472,48716.026,48829.744,48932.738,49025.138,49107.101,49178.828,49240.567,49292.618,49335.338,49369.140,49394.482,49411.867,49421.828,49424.914,49421.676,49412.650,49398.343,49379.212,49355.657,49328.002,49296.490,49261.274,49222.411,49179.866,49133.505,49083.105,49028.356,48968.872,48904.198,48833.827,48757.210,48673.778,48582.954,48484.174,48376.908,48260.675,48135.061,47999.738,47854.477,47699.157,47533.777,47358.460,47173.458,46979.146,46776.027,46564.717,46345.940,46120.515,45889.343,45653.386,45413.659,45171.207,44927.091,44682.369,44438.086,44195.258,43954.861,43717.823,43485.012,43257.233,43035.220,42819.635,42611.059,42409.997,42216.867,42032.005,41855.660,41687.992,41529.074,41378.882,41237.305,41104.130,40979.050,40861.654,40751.430,40647.756,40549.904,40457.033,40368.190,40282.307,40198.202,40114.584,40030.054,39943.114,39852.177,39755.584,39651.620,39538.537,39414.581,39278.024,39127.196,38960.516,38776.530,38573.942,38351.643,38108.741,37844.580,37558.758,37251.136,36921.849,36571.292,36200.123,35809.236,35399.743,34972.940,34530.279,34073.328,33603.730,33123.177,32633.370,32135.991,31632.681,31125.021,30614.512,30102.573,29590.526,29079.597,28570.915,28065.511,27564.324,27068.199,26577.899,26094.101,25617.407,25148.349,24687.389,24234.928,23791.311,23356.826,22931.714,22516.168,22110.340,21714.340,21328.243,20952.088,20585.881,20229.598,19883.188,19546.569,19219.635,18902.255,18594.271,18295.506,18005.757,17724.798,17452.382,17188.238,16932.076,16683.580,16442.413,16208.214,15980.602,15759.168,15543.482,15333.088,15127.505,14926.227,14728.721,14534.429,14342.765,14153.117,13964.846,13777.287,13589.748,13401.511,13211.835,13019.955,12825.085,12626.419,12423.135,12214.399,11999.366,11777.186,11547.013,11308.002,11059.326,10800.173,10529.764,10247.354,9952.243,9643.789,9321.413,8984.613,8632.971,8266.168,7883.986,7486.327,7073.213,6644.796,6201.364,5743.345,5271.310,4785.969,4288.176,3778.917,3259.307,2730.580,2194.076,1651.228,1103.547,552.601,0.000
0.000,1950.560,3895.747,5830.216,7748.693,9646.009,11517.139,13357.243,15161.704,16926.176,18646.623,20319.359,21941.089,23508.933,25020.461,26473.700,27867.151,29199.784,30471.028,31680.756,32829.262,33917.225,34945.682,35915.981,36829.749,37688.845,38495.322,39251.385,39959.353,40621.625,41240.644,41818.868,42358.744,42862.684,43333.042,43772.099,44182.047,44564.977,44922.867,45257.576,45570.834,45864.241,46139.264,46397.233,46639.345,46866.663,47080.119,47280.527,47468.580,47644.868,47809.885,47964.041,48107.680,48241.091,48364.522,48478.201,48582.343,48677.170,48762.915,48839.838,48908.227,48968.407,49020.739,49065.620,49103.478,49134.766,49159.951,49179.508,49193.900,49203.568,49208.920,49210.310,49208.034,49202.311,49193.281,49180.991,49165.397,49146.358,49123.634,49096.894,49065.716,49029.599,48987.970,48940.200,48885.617,48823.526,48753.228,48674.039,48585.316,48486.473,48377.008,48256.514,48124.703,47981.415,47826.628,47660.467,47483.205,47295.263,47097.206,46889.733,46673.668,46449.943,46219.583,45983.686,45743.405,45499.924,45254.444,45008.159,44762.245,44517.839,44276.032,44037.857,43804.278,43576.187,43354.398,43139.640,42932.558,42733.708,42543.560,42362.488,42190.777,42028.616,41876.102,41733.231,41599.902,41475.913,41360.954,41254.610,41156.354,41065.544,40981.419,40903.094,40829.561,40759.681,40692.188,40625.685,40558.649,40489.441,40416.310,40337.412,40250.829,40154.595,40046.727,39925.259,39788.283,39633.988,39460.701,39266.929,39051.391,38813.055,38551.161,38265.241,37955.135,37620.997,37263.290,36882.779,36480.505,36057.761,35616.054,35157.062,34682.590,34194.524,33694.788,33185.306,32667.966,32144.594,31616.935,31086.635,30555.231,30024.147,29494.694,28968.066,28445.348,27927.516,27415.446,26909.920,26411.628,25921.180,25439.107,24965.869,24501.862,24047.421,23602.826,23168.304,22744.037,22330.161,21926.774,21533.935,21151.670,20779.970,20418.798,20068.087,19727.743,19397.646,19077.652,18767.592,18467.274,18176.484,17894.984,17622.514,17358.794,17103.519,16856.363,16616.975,16384.983,16159.989,15941.574,15729.290,15522.666,15321.203,15124.376,14931.631,14742.387,14556.034,14371.932,14189.412,14007.776,13826.295,13644.214,13460.746,13275.081,13086.380,12893.785,12696.413,12493.367,12283.735,12066.597,11841.029,11606.110,11360.930,11104.597,10836.243,10555.038,10260.199,9950.997,9626.773,9286.949,8931.035,8558.649,8169.519,7763.502,7340.590,6900.916,6444.769,5972.590,5484.982,4982.706,4466.685,3937.991,3397.845,2847.604,2288.743,1722.849,1151.592,576.713,0.000
0.000,1924.845,3844.547,5753.990,7648.125,9522.001,11370.804,13189.888,14974.818,16721.404,18425.743,20084.248,21693.688,23251.211,24754.373,26201.149,27589.948,28919.613,30189.418,31399.052,32548.610,33638.560,34669.717,35643.217,36560.475,37423.153,38233.121,38992.423,39703.236,40367.843,40988.591,41567.870,42108.079,42611.603,43080.789,43517.929,43925.243,44304.860,44658.811,44989.017,45297.280,45585.279,45854.567,46106.567,46342.571,46563.745,46771.132,46965.654,47148.120,47319.238,47479.619,47629.796,47770.226,47901.314,48023.416,48136.860,48241.954,48338.997,48428.290,48510.144,48584.885,48652.861,48714.436,48769.998,48819.949,48864.701,48904.671,48940.267,48971.880,48999.871,49024.560,49046.212,49065.030,49081.136,49094.575,49105.294,49113.148,49117.889,49119.171,49116.548,49109.481,49097.340,49079.423,49054.963,49023.146,48983.134,48934.081,48875.165,48805.607,48724.697,48631.823,48526.486,48408.324,48277.127,48132.847,47975.608,47805.705,47623.608,47429.952,47225.532,47011.285,46788.274,46557.666,46320.715,46078.731,45833.058,45585.055,45336.068,45087.416,44840.373,44596.155,44355.907,44120.697,43891.509,43669.238,43454.685,43248.561,43051.477,42863.952,42686.402,42519.148,42362.413,42216.317,42080.877,41956.008,41841.516,41737.098,41642.335,41556.690,41479.504,41409.986,41347.213,41290.123,41237.508,41188.014,41140.138,41092.229,41042.493,40989.000,40929.703,40862.457,40785.045,40695.219,40590.739,40469.416,40329.169,40168.068,39984.385,39776.636,39543.622,39284.458,38998.598,38685.854,38346.403,37980.785,37589.892,37174.943,36737.447,36279.164,35802.042,35308.172,34799.720,34278.886,33747.848,33208.726,32663.556,32114.259,31562.634,31010.346,30458.922,29909.753,29364.099,28823.090,28287.738,27758.943,27237.498,26724.102,26219.363,25723.810,25237.893,24761.999,24296.448,23841.504,23397.381,22964.243,22542.210,22131.362,21731.742,21343.359,20966.187,20600.174,20245.237,19901.267,19568.131,19245.669,18933.701,18632.020,18340.400,18058.592,17786.324,17523.303,17269.213,17023.715,16786.448,16557.027,16335.041,16120.057,15911.613,15709.222,15512.368,15320.508,15133.068,14949.445,14769.004,14591.077,14414.966,14239.940,14065.234,13890.050,13713.560,13534.904,13353.191,13167.502,12976.896,12780.407,12577.051,12365.832,12145.744,11915.781,11674.944,11422.248,11156.733,10877.470,10583.581,10274.242,9948.702,9606.292,9246.443,8868.694,8472.711,8058.296,7625.401,7174.135,6704.780,6217.788,5713.795,5193.614,4658.240,4108.841,3546.755,2973.471,2390.620,1799.956,1203.334,602.686,0.000
0.000,1904.285,3803.625,5693.100,7567.851,9423.111,11254.238,13056.747,14826.343,16558.958,18250.782,19898.296,21498.306,23047.963,24544.791,25986.705,27372.018,28699.452,29968.135,31177.594,32327.746,33418.874,34451.610,35426.905,36346.002,37210.402,38021.830,38782.202,39493.592,40158.195,40778.297,41356.244,41894.413,42395.185,42860.920,43293.938,43696.499,44070.786,44418.891,44742.805,45044.407,45325.461,45587.605,45832.355,46061.101,46275.107,46475.517,46663.358,46839.548,47004.899,47160.134,47305.888,47442.726,47571.152,47691.619,47804.543,47910.310,48009.290,48101.843,48188.326,48269.100,48344.531,48414.990,48480.859,48542.518,48600.349,48654.724,48705.999,48754.503,48800.529,48844.322,48886.069,48925.888,48963.817,48999.808,49033.716,49065.297,49094.201,49119.969,49142.039,49159.742,49172.316,49178.913,49178.610,49170.434,49153.378,49126.431,49088.602,49038.952,48976.626,48900.876,48811.093,48706.828,48587.808,48453.950,48305.374,48142.399,47965.548,47775.539,47573.274,47359.819,47136.390,46904.322,46665.044,46420.048,46170.862,45919.023,45666.049,45413.420,45162.557,44914.813,44671.454,44433.657,44202.503,43978.971,43763.939,43558.180,43362.366,43177.062,43002.729,42839.727,42688.308,42548.621,42420.707,42304.497,42199.812,42106.356,42023.712,41951.339,41888.563,41834.573,41788.409,41748.961,41714.956,41684.956,41657.350,41630.351,41602.004,41570.185,41532.623,41486.915,41430.561,41361.007,41275.689,41172.093,41047.815,40900.619,40728.501,40529.735,40302.923,40047.031,39761.419,39445.861,39100.559,38726.142,38323.653,37894.523,37440.527,36963.724,36466.393,35950.964,35419.939,34875.837,34321.131,33758.204,33189.320,32616.597,32041.991,31467.299,30894.150,30324.012,29758.204,29197.897,28644.129,28097.814,27559.754,27030.643,26511.086,26001.596,25502.613,25014.503,24537.570,24072.059,23618.161,23176.022,22745.740,22327.376,21920.953,21526.460,21143.855,20773.065,20413.993,20066.512,19730.474,19405.705,19092.010,18789.170,18496.946,18215.075,17943.276,17681.242,17428.646,17185.140,16950.349,16723.877,16505.302,16294.176,16090.026,15892.348,15700.613,15514.257,15332.690,15155.285,14981.383,14810.292,14641.283,14473.591,14306.415,14138.918,13970.224,13799.424,13625.572,13447.691,13264.772,13075.779,12879.652,12675.310,12461.663,12237.610,12002.055,11753.911,11492.113,11215.627,10923.463,10614.691,10288.455,9943.982,9580.608,9197.783,8795.096,8372.283,7929.245,7466.059,6982.992,6480.506,5959.263,5420.133,4864.188,4292.700,3707.133,3109.126,2500.483,1883.145,1259.174,630.722,0.000
0.000,1888.683,3772.589,5646.962,7507.104,9348.399,11166.344,12956.580,14714.920,16437.380,18120.216,19759.944,21353.380,22897.655,24390.246,25828.992,27212.107,28538.191,29806.234,31015.613,32166.085,33257.770,34291.143,35267.002,36186.449,37050.855,37861.837,38621.219,39331.001,39993.327,40610.449,41184.700,41718.461,42214.132,42674.109,43100.758,43496.397,43863.274,44203.555,44519.311,44812.505,45084.987,45338.487,45574.614,45794.851,46000.559,46192.981,46373.242,46542.357,46701.239,46850.706,46991.492,47124.254,47249.584,47368.021,47480.057,47586.149,47686.729,47782.208,47872.984,47959.449,48041.986,48120.977,48196.795,48269.810,48340.375,48408.829,48475.482,48540.614,48604.460,48667.201,48728.954,48789.766,48849.597,48908.316,48965.690,49021.381,49074.936,49125.786,49173.246,49216.515,49254.685,49286.747,49311.608,49328.111,49335.057,49331.237,49315.467,49286.616,49243.653,49185.671,49111.928,49021.866,48915.139,48791.622,48651.424,48494.892,48322.608,48135.382,47934.240,47720.402,47495.258,47260.338,47017.276,46767.777,46513.578,46256.421,45998.015,45740.019,45484.019,45231.510,44983.893,44742.457,44508.383,44282.738,44066.475,43860.434,43665.341,43481.813,43310.356,43151.364,43005.126,42871.817,42751.504,42644.139,42549.561,42467.484,42397.501,42339.072,42291.515,42254.005,42225.556,42205.014,42191.050,42182.144,42176.580,42172.436,42167.586,42159.702,42146.262,42124.577,42091.825,42045.092,41981.438,41897.961,41791.875,41660.581,41501.745,41313.354,41093.775,40841.794,40556.654,40238.082,39886.303,39502.048,39086.539,38641.464,38168.915,37671.322,37151.366,36611.884,36055.781,35485.950,34905.203,34316.221,33721.518,33123.419,32524.049,31925.332,31328.996,30736.582,30149.454,29568.816,28995.722,28431.091,27875.720,27330.295,26795.401,26271.536,25759.115,25258.483,24769.918,24293.641,23829.817,23378.567,22939.966,22514.052,22100.824,21700.250,21312.267,20936.784,20573.684,20222.824,19884.038,19557.137,19241.912,18938.129,18645.538,18363.864,18092.811,17832.065,17581.287,17340.115,17108.168,16885.036,16670.288,16463.464,16264.076,16071.610,15885.519,15705.226,15530.119,15359.554,15192.848,15029.283,14868.102,14708.506,14549.659,14390.680,14230.652,14068.611,13903.557,13734.449,13560.211,13379.730,13191.866,12995.451,12789.298,12572.207,12342.975,12100.403,11843.310,11570.541,11280.986,10973.593,10647.383,10301.467,9935.068,9547.532,9138.356,8707.196,8253.889,7778.471,7281.183,6762.488,6223.079,5663.878,5086.043,4490.954,3880.217,3255.637,2619.208,1973.088,1319.569,661.050,0.000
0.000,1877.871,3751.104,5615.083,7465.239,9297.080,11106.212,12888.370,14639.443,16355.505,18032.842,19667.981,21257.718,22799.144,24289.669,25727.041,27109.367,28435.122,29703.158,30912.711,32063.388,33155.170,34188.391,35163.724,36082.157,36944.967,37753.691,38510.093,39216.135,39873.941,40485.764,41053.950,41580.914,42069.102,42520.967,42938.944,43325.424,43682.739,44013.141,44318.789,44601.739,44863.933,45107.196,45333.229,45543.611,45739.797,45923.120,46094.801,46255.945,46407.556,46550.541,46685.719,46813.830,46935.547,47051.480,47162.191,47268.199,47369.988,47468.015,47562.717,47654.511,47743.799,47830.970,47916.397,48000.437,48083.425,48165.672,48247.453,48329.006,48410.518,48492.116,48573.861,48655.734,48737.626,48819.334,48900.542,48980.824,49059.628,49136.274,49209.953,49279.727,49344.530,49403.180,49454.392,49496.800,49528.986,49549.511,49556.957,49549.970,49527.305,49487.868,49430.753,49355.276,49261.000,49147.748,49015.618,48864.982,48696.491,48511.060,48309.859,48094.285,47865.934,47626.564,47378.052,47122.348,46861.433,46597.280,46331.819,46066.904,45804.300,45545.662,45292.524,45046.296,44808.261,44579.575,44361.264,44154.233,43959.266,43777.027,43608.063,43452.809,43311.584,43184.597,43071.939,42973.587,42889.402,42819.115,42762.332,42718.523,42687.010,42666.958,42657.368,42657.055,42664.639,42678.532,42696.917,42717.741,42738.703,42757.257,42770.612,42775.760,42769.504,42748.519,42709.416,42648.832,42563.524,42450.459,42306.908,42130.520,41919.382,41672.066,41387.673,41065.864,40706.882,40311.571,39881.366,39418.261,38924.741,38403.691,37858.285,37291.860,36707.801,36109.443,35499.989,34882.452,34259.619,33634.033,33007.986,32383.529,31762.476,31146.428,30536.786,29934.770,29341.438,28757.700,28184.336,27622.012,27071.287,26532.630,26006.427,25492.991,24992.570,24505.353,24031.478,23571.033,23124.068,22690.592,22270.580,21863.975,21470.692,21090.618,20723.616,20369.525,20028.161,19699.319,19382.774,19078.281,18785.573,18504.366,18234.352,17975.205,17726.577,17488.097,17259.372,17039.985,16829.492,16627.424,16433.282,16246.540,16066.638,15892.983,15724.948,15561.868,15403.040,15247.722,15095.126,14944.426,14794.746,14645.168,14494.724,14342.404,14187.146,14027.847,13863.357,13692.488,13514.011,13326.664,13129.161,12920.191,12698.436,12462.573,12211.292,11943.306,11657.367,11352.285,11026.942,10680.315,10311.495,9919.709,9504.338,9064.946,8601.290,8113.347,7601.327,7065.686,6507.140,5926.665,5325.507,4705.168,4067.405,3414.210,2747.793,2070.550,1385.037,693.933,0.000
0.000,1871.708,3738.894,5597.054,7441.727,9268.515,11073.107,12851.306,14599.047,16312.433,17987.753,19621.515,21210.472,22751.648,24242.365,25680.267,27063.337,28389.919,29658.727,30868.852,32019.766,33111.319,34143.727,35117.557,36033.711,36893.399,37698.109,38449.582,39149.773,39800.820,40405.006,40964.728,41482.461,41960.725,42402.057,42808.982,43183.986,43529.501,43847.877,44141.376,44412.153,44662.250,44893.588,45107.965,45307.052,45492.395,45665.419,45827.428,45979.615,46123.065,46258.766,46387.613,46510.421,46627.930,46740.818,46849.705,46955.163,47057.725,47157.887,47256.119,47352.862,47448.535,47543.536,47638.239,47732.993,47828.119,47923.907,48020.606,48118.419,48217.494,48317.916,48419.697,48522.764,48626.951,48731.986,48837.485,48942.935,49047.692,49150.969,49251.834,49349.204,49441.849,49528.397,49607.352,49677.112,49736.002,49782.317,49814.361,49830.512,49829.269,49809.310,49769.538,49709.117,49627.500,49524.450,49400.047,49254.694,49089.115,48904.346,48701.724,48482.855,48249.576,48003.918,47748.042,47484.189,47214.622,46941.581,46667.241,46393.678,46122.849,45856.576,45596.537,45344.262,45101.139,44868.406,44647.165,44438.383,44242.896,44061.413,43894.525,43742.700,43606.293,43485.542,43380.569,43291.377,43217.851,43159.749,43116.697,43088.181,43073.538,43071.940,43082.382,43103.665,43134.377,43172.871,43217.243,43265.318,43314.624,43362.387,43405.530,43440.686,43464.236,43472.369,43461.165,43426.705,43365.192,43273.074,43147.151,42984.673,42783.398,42541.646,42258.342,41933.053,41566.031,41158.238,40711.354,40227.745,39710.381,39162.718,38588.541,37991.803,37376.470,36746.401,36105.244,35456.381,34802.892,34147.541,33492.784,32840.783,32193.426,31552.357,30918.991,30294.550,29680.076,29076.456,28484.442,27904.662,27337.641,26783.807,26243.509,25717.020,25204.551,24706.253,24222.230,23752.536,23297.189,22856.167,22429.418,22016.856,21618.372,21233.831,20863.072,20505.917,20162.161,19831.584,19513.946,19208.986,18916.427,18635.969,18367.297,18110.073,17863.939,17628.517,17403.405,17188.175,16982.377,16785.533,16597.134,16416.642,16243.488,16077.065,15916.731,15761.804,15611.562,15465.238,15322.021,15181.051,15041.420,14902.168,14762.283,14620.701,14476.303,14327.919,14174.327,14014.254,13846.382,13669.350,13481.761,13282.189,13069.187,12841.299,12597.072,12335.070,12053.894,11752.194,11428.696,11082.221,10711.708,10316.240,9895.069,9447.638,8973.610,8472.887,7945.631,7392.283,6813.574,6210.536,5584.503,4937.111,4270.283,3586.219,2887.367,2176.397,1456.165,729.667,0.000
0.000,1870.078,3735.730,5592.542,7436.137,9262.190,11066.449,12844.758,14593.076,16307.503,17984.307,19619.948,21211.108,22754.722,24247.998,25688.454,27073.936,28402.641,29673.136,30884.372,32035.685,33126.804,34157.840,35129.277,36041.953,36897.040,37696.010,38440.610,39132.824,39774.839,40369.004,40917.800,41423.794,41889.611,42317.898,42711.296,43072.409,43403.784,43707.889,43987.097,44243.674,44479.767,44697.398,44898.461,45084.722,45257.814,45419.248,45570.410,45712.570,45846.890,45974.427,46096.147,46212.928,46325.572,46434.812,46541.321,46645.718,46748.575,46850.425,46951.765,47053.060,47154.743,47257.222,47360.873,47466.042,47573.042,47682.145,47793.582,47907.529,48024.107,48143.366,48265.280,48389.731,48516.507,48645.281,48775.604,48906.891,49038.412,49169.278,49298.435,49424.654,49546.534,49662.501,49770.824,49869.634,49956.962,50030.782,50089.074,50129.888,50151.416,50152.062,50130.497,50085.706,50017.017,49924.120,49807.074,49666.313,49502.643,49317.239,49111.627,48887.658,48647.462,48393.391,48127.949,47853.718,47573.296,47289.229,47003.969,46719.834,46438.991,46163.436,45894.994,45635.317,45385.889,45148.034,44922.920,44711.571,44514.871,44333.573,44168.303,44019.567,43887.750,43773.121,43675.833,43595.921,43533.299,43487.754,43458.943,43446.380,43449.427,43467.278,43498.941,43543.221,43598.693,43663.673,43736.194,43813.971,43894.375,43974.406,44050.683,44119.447,44176.596,44217.747,44238.343,44233.787,44199.608,44131.620,44026.070,43879.735,43689.999,43454.885,43173.102,42844.088,42468.070,42046.126,41580.210,41073.140,40528.494,39950.451,39343.569,38712.569,38062.127,37396.716,36720.495,36037.247,35350.357,34662.804,33977.192,33295.775,32620.488,31952.992,31294.697,30646.798,30010.304,29386.061,28774.773,28177.021,27593.277,27023.923,26469.256,25929.504,25404.833,24895.351,24401.119,23922.156,23458.440,23009.918,22576.504,22158.085,21754.525,21365.661,20991.314,20631.279,20285.337,19953.249,19634.758,19329.590,19037.454,18758.042,18491.024,18236.056,17992.771,17760.783,17539.681,17329.033,17128.380,16937.236,16755.087,16581.386,16415.553,16256.971,16104.985,15958.899,15817.973,15681.420,15548.403,15418.036,15289.375,15161.422,15033.121,14903.356,14770.949,14634.662,14493.197,14345.197,14189.249,14023.886,13847.594,13658.823,13455.987,13237.483,13001.701,12747.041,12471.929,12174.842,11854.323,11509.015,11137.680,10739.235,10312.772,9857.596,9373.247,8859.535,8316.557,7744.723,7144.774,6517.792,5865.205,5188.788,4490.651,3773.221,3039.220,2291.623,1533.627,768.593,0.000
0.000,1872.887,3741.425,5601.275,7448.124,9277.701,11085.793,12868.261,14621.064,16340.273,18022.109,19662.954,21259.395,22808.243,24306.571,25751.745,27141.449,28473.719,29746.964,30959.982,32111.976,33202.559,34231.750,35199.966,36108.006,36957.028,37748.523,38484.277,39166.341,39796.985,40378.665,40913.977,41405.620,41856.356,42268.972,42646.251,42990.939,43305.720,43593.194,43855.860,44096.105,44316.185,44518.229,44704.230,44876.045,45035.393,45183.866,45322.926,45453.915,45578.062,45696.489,45810.219,45920.189,46027.253,46132.191,46235.721,46338.502,46441.142,46544.203,46648.206,46753.638,46860.946,46970.547,47082.822,47198.116,47316.737,47438.948,47564.966,47694.952,47829.004,47967.149,48109.331,48255.405,48405.118,48558.101,48713.854,48871.730,49030.924,49190.454,49349.150,49505.642,49658.351,49805.490,49945.069,50074.920,50192.731,50296.100,50382.611,50449.919,50495.839,50518.443,50516.126,50487.665,50432.244,50349.471,50239.381,50102.438,49939.538,49752.006,49541.590,49310.429,49061.001,48796.051,48518.495,48231.330,47937.542,47640.034,47341.570,47044.733,46751.911,46465.282,46186.815,45918.278,45661.250,45417.128,45187.139,44972.359,44773.712,44591.988,44427.847,44281.825,44154.338,44045.686,43956.054,43885.510,43834.003,43801.358,43787.270,43791.293,43812.828,43851.107,43905.176,43973.864,44055.760,44149.177,44252.112,44362.202,44476.682,44592.340,44705.485,44811.937,44907.044,44985.750,45042.721,45072.523,45069.846,45029.731,44947.761,44820.182,44643.954,44416.769,44137.071,43804.110,43418.031,42979.990,42492.242,41958.148,41382.064,40769.100,40124.817,39454.903,38764.902,38060.013,37344.967,36623.977,35900.723,35178.387,34459.688,33746.935,33042.079,32346.761,31662.354,30990.003,30330.656,29685.097,29053.963,28437.771,27836.931,27251.761,26682.501,26129.324,25592.341,25071.612,24567.151,24078.933,23606.898,23150.953,22710.980,22286.833,21878.345,21485.330,21107.581,20744.873,20396.968,20063.607,19744.520,19439.416,19147.993,18869.931,18604.893,18352.523,18112.450,17884.278,17667.594,17461.958,17266.908,17081.951,16906.568,16740.207,16582.279,16432.160,16289.186,16152.648,16021.790,15895.808,15773.844,15654.983,15538.253,15422.619,15306.980,15190.169,15070.950,14948.019,14819.998,14685.444,14542.844,14390.620,14227.138,14050.708,13859.598,13652.044,13426.265,13180.475,12912.910,12621.845,12305.620,11962.670,11591.555,11190.992,10759.889,10297.380,9802.860,9276.015,8716.859,8125.753,7503.437,6851.036,6170.075,5462.479,4730.559,3976.999,3204.825,2417.363,1618.194,811.101,0.000
0.000,1880.056,3755.828,5623.036,7477.419,9314.742,11130.812,12921.491,14682.710,16410.495,18100.984,19750.459,21355.375,22912.394,24418.419,25870.632,27266.533,28603.970,29881.174,31096.781,32249.854,33339.892,34366.831,35331.037,36233.294,37074.775,37857.018,38581.889,39251.541,39868.372,40434.981,40954.124,41428.668,41861.547,42255.724,42614.152,42939.745,43235.345,43503.702,43747.457,43969.123,44171.078,44355.558,44524.655,44680.317,44824.347,44958.412,45084.044,45202.650,45315.518,45423.826,45528.649,45630.971,45731.689,45831.627,45931.538,46032.114,46133.992,46237.760,46343.963,46453.101,46565.638,46681.999,46802.572,46927.704,47057.702,47192.826,47333.284,47479.230,47630.750,47787.855,47950.475,48118.442,48291.480,48469.191,48651.039,48836.330,49024.196,49213.579,49403.203,49591.564,49776.907,49957.223,50130.245,50293.467,50444.179,50579.533,50696.629,50792.633,50864.896,50911.084,50929.264,50917.973,50876.239,50803.585,50700.017,50566.029,50402.605,50211.233,49993.910,49753.115,49491.751,49213.043,48920.416,48617.367,48307.349,47993.674,47679.456,47367.567,47060.622,46760.980,46470.749,46191.805,45925.806,45674.211,45438.299,45219.181,45017.816,44835.023,44671.488,44527.774,44404.326,44301.473,44219.434,44158.311,44118.094,44098.651,44099.726,44120.925,44161.706,44221.359,44298.988,44393.479,44503.470,44627.307,44762.996,44908.142,45059.885,45214.834,45369.003,45517.768,45655.863,45777.436,45876.193,45945.641,45979.405,45971.564,45916.918,45811.125,45650.707,45433.006,45156.150,44819.103,44421.816,43965.438,43452.515,42887.065,42274.452,41621.033,40933.686,40219.342,39484.610,38735.538,37977.485,37215.094,36452.324,35692.508,34938.433,34192.416,33456.370,32731.875,32020.229,31322.492,30639.524,29972.021,29320.537,28685.504,28067.255,27466.036,26882.017,26315.305,25765.951,25233.960,24719.294,24221.880,23741.612,23278.359,22831.962,22402.245,21989.008,21592.035,21211.096,20845.944,20496.316,20161.940,19842.526,19537.772,19247.362,18970.967,18708.240,18458.820,18222.328,17998.364,17786.510,17586.324,17397.339,17219.061,17050.968,16892.503,16743.074,16602.053,16468.766,16342.497,16222.478,16107.890,15997.857,15891.441,15787.641,15685.387,15583.539,15480.879,15376.116,15267.876,15154.705,15035.069,14907.352,14769.864,14620.837,14458.438,14280.776,14085.913,13871.876,13636.679,13378.343,13094.915,12784.504,12445.310,12075.653,11674.021,11239.099,10769.820,10265.394,9725.361,9149.618,8538.461,7892.606,7213.217,6501.915,5760.781,4992.351,4199.592,3385.872,2554.918,1710.753,857.640,0.000
0.000,1891.521,3778.814,5657.650,7523.807,9373.077,11201.273,13004.238,14777.859,16518.087,18220.956,19882.613,21499.352,23067.647,24584.194,26045.959,27450.216,28794.599,30077.134,31296.278,32450.942,33540.509,34564.839,35524.264,36419.573,37251.986,38023.125,38734.970,39389.824,39990.254,40539.050,41039.171,41493.694,41905.767,42278.563,42615.241,42918.909,43192.591,43439.208,43661.552,43862.276,44043.883,44208.722,44358.983,44496.703,44623.765,44741.904,44852.717,44957.668,45058.095,45155.224,45250.174,45343.966,45437.535,45531.736,45627.352,45725.102,45825.649,45929.600,46037.517,46149.917,46267.276,46390.028,46518.570,46653.253,46794.386,46942.232,47096.999,47258.836,47427.828,47603.984,47787.226,47977.379,48174.159,48377.153,48585.804,48799.392,49017.008,49237.532,49459.605,49681.602,49901.604,50117.378,50326.363,50525.679,50712.157,50882.410,51032.943,51160.306,51261.269,51332.990,51373.152,51380.027,51352.485,51289.968,51192.460,51060.473,50895.069,50697.897,50471.224,50217.931,49941.443,49645.589,49334.434,49012.090,48682.565,48349.650,48016.844,47687.321,47363.930,47049.198,46745.360,46454.378,46177.975,45917.656,45674.730,45450.336,45245.453,45060.919,44897.440,44755.601,44635.871,44538.606,44464.059,44412.369,44383.571,44377.585,44394.210,44433.120,44493.845,44575.755,44678.040,44799.678,44939.398,45095.628,45266.442,45449.476,45641.846,45840.044,46039.832,46236.149,46423.055,46593.758,46740.767,46856.212,46932.318,46961.933,46938.939,46858.399,46716.447,46510.101,46237.124,45896.049,45486.420,45009.178,44467.079,43864.935,43209.465,42508.741,41771.429,41006.075,40220.599,39422.015,38616.341,37808.621,37003.028,36202.974,35411.235,34630.060,33861.268,33106.321,32366.395,31642.426,30935.159,30245.173,29572.916,28918.721,28282.828,27665.395,27066.515,26486.220,25924.494,25381.280,24856.482,24349.974,23861.603,23391.193,22938.547,22503.449,22085.669,21684.961,21301.068,20933.718,20582.630,20247.510,19928.055,19623.949,19334.865,19060.462,18800.388,18554.275,18321.739,18102.378,17895.771,17701.475,17519.023,17347.920,17187.643,17037.636,16897.307,16766.024,16643.111,16527.844,16419.451,16317.100,16219.899,16126.894,16037.057,15949.289,15862.410,15775.158,15686.184,15594.050,15497.224,15394.081,15282.901,15161.872,15029.092,14882.575,14720.258,14540.014,14339.665,14116.999,13869.799,13595.857,13293.021,12959.215,12592.488,12191.055,11753.343,11278.034,10764.123,10210.959,9618.293,8986.321,8315.721,7607.680,6863.910,6086.661,5278.709,4443.339,3584.307,2705.791,1812.326,908.726,0.000
0.000,1907.226,3810.276,5704.969,7587.117,9452.530,11297.016,13116.387,14906.467,16663.110,18382.220,20059.777,21691.872,23274.754,24804.868,26278.916,27693.908,29047.218,30336.638,31560.416,32717.297,33806.544,34827.944,35781.810,36668.961,37490.696,38248.759,38945.292,39582.790,40164.042,40692.080,41170.113,41601.479,41989.585,42337.856,42649.690,42928.421,43177.282,43399.378,43597.672,43774.965,43933.891,44076.912,44206.317,44324.227,44432.599,44533.232,44627.778,44717.749,44804.527,44889.375,44973.445,45057.789,45143.370,45231.067,45321.687,45415.968,45514.590,45618.179,45727.310,45842.515,45964.278,46093.045,46229.220,46373.162,46525.187,46685.562,46854.504,47032.166,47218.639,47413.938,47617.992,47830.633,48051.581,48280.429,48516.619,48759.426,49007.924,49260.960,49517.119,49774.682,50031.588,50285.392,50533.232,50771.822,50997.464,51206.122,51393.554,51555.522,51688.039,51787.630,51851.522,51877.712,51864.942,51812.606,51720.672,51589.656,51420.657,51215.451,50976.584,50707.408,50412.004,50094.983,49761.226,49415.618,49062.839,48707.223,48352.690,48002.725,47660.393,47328.372,47008.993,46704.282,46415.997,46145.667,45894.614,45663.983,45454.763,45267.797,45103.804,44963.382,44847.019,44755.099,44687.904,44645.615,44628.314,44635.978,44668.474,44725.554,44806.839,44911.801,45039.748,45189.786,45360.781,45551.308,45759.582,45983.361,46219.836,46465.489,46715.923,46965.697,47208.174,47435.466,47638.567,47807.757,47933.330,48006.497,48020.081,47968.645,47848.135,47655.384,47387.755,47043.121,46620.224,46119.380,45543.322,44897.792,44191.422,43434.763,42638.976,41814.728,40971.528,40117.452,39259.144,38401.959,37550.162,36707.123,35875.498,35057.377,34254.399,33467.848,32698.724,31947.802,31215.671,30502.772,29809.422,29135.838,28482.152,27848.424,27234.656,26640.799,26066.764,25512.423,24977.619,24462.170,23965.871,23488.497,23029.811,22589.557,22167.471,21763.277,21376.689,21007.411,20655.142,20319.569,20000.373,19697.226,19409.788,19137.712,18880.639,18638.196,18409.996,18195.636,17994.695,17806.731,17631.279,17467.847,17315.916,17174.932,17044.304,16923.404,16811.555,16708.035,16612.065,16522.808,16439.363,16360.760,16285.951,16213.811,16143.127,16072.594,16000.811,15926.276,15847.382,15762.412,15669.541,15566.834,15452.248,15323.634,15178.749,15015.261,14830.767,14622.812,14388.909,14126.569,13833.336,13506.827,13144.773,12745.073,12305.841,11825.469,11302.680,10736.590,10126.761,9473.256,8776.682,8038.231,7259.703,6443.519,5592.719,4710.938,3802.373,2871.719,1924.095,964.960,0.000
0.000,1927.118,3850.116,5764.858,7667.195,9552.950,11417.922,13257.882,15068.576,16845.739,18585.117,20282.488,21933.704,23534.733,25081.721,26571.050,27999.410,29363.868,30661.931,31891.609,33051.455,34140.603,35158.771,36106.269,36983.974,37793.299,38536.154,39214.892,39832.257,40391.314,40895.392,41348.015,41752.831,42113.557,42433.917,42717.589,42968.164,43189.109,43383.738,43555.195,43706.438,43840.235,43959.163,44065.606,44161.764,44249.662,44331.153,44407.936,44481.560,44553.442,44624.871,44697.024,44770.975,44847.704,44928.108,45013.007,45103.156,45199.245,45301.912,45411.745,45529.282,45655.022,45789.417,45932.880,46085.781,46248.446,46421.153,46604.128,46797.540,47001.494,47216.021,47441.069,47676.491,47922.029,48177.299,48441.767,48714.728,48995.270,49282.245,49574.217,49869.417,50165.679,50460.379,50750.370,51031.938,51300.788,51552.099,51780.681,51981.248,52148.806,52279.057,52368.694,52415.479,52418.107,52376.008,52289.161,52158.045,51983.708,51767.958,51513.583,51224.483,50905.591,50562.563,50201.362,49827.854,49447.527,49065.331,48685.625,48312.190,47948.276,47596.668,47259.755,46939.585,46637.921,46356.281,46095.978,45858.145,45643.759,45453.661,45288.567,45149.084,45035.713,44948.859,44888.837,44855.868,44850.083,44871.523,44920.132,44995.751,45098.106,45226.800,45381.282,45560.829,45764.500,45991.085,46239.029,46506.329,46790.395,47087.861,47394.348,47704.178,48010.073,48302.926,48571.803,48804.410,48988.212,49112.083,49167.664,49149.373,49053.468,48876.947,48616.801,48269.877,47833.414,47306.260,46690.530,45993.014,45225.232,44401.518,43536.626,42644.019,41735.060,40818.888,39902.629,38991.752,38090.414,37201.768,36328.201,35471.523,34633.103,33813.972,33014.901,32236.456,31479.040,30742.927,30028.284,29335.193,28663.665,28013.649,27385.051,26777.731,26191.517,25626.209,25081.585,24557.399,24053.393,23569.293,23104.815,22659.666,22233.544,21826.140,21437.142,21066.229,20713.078,20377.358,20058.735,19756.868,19471.409,19202.002,18948.282,18709.875,18486.392,18277.433,18082.576,17901.385,17733.399,17578.134,17435.074,17303.673,17183.349,17073.476,16973.386,16882.359,16799.617,16724.323,16655.571,16592.381,16533.692,16478.359,16425.138,16372.689,16319.562,16264.196,16204.911,16139.901,16067.236,15984.856,15890.570,15782.064,15656.901,15512.532,15346.310,15155.510,14937.351,14689.026,14407.740,14090.754,13735.435,13339.309,12900.125,12415.923,11885.100,11306.480,10679.384,10003.695,9279.914,8509.212,7693.463,6835.263,5937.936,5005.509,4042.673,3054.717,2047.439,1027.040,0.000
0.000,1951.143,3898.228,5837.179,7763.886,9674.194,11563.890,13428.698,15264.276,17066.224,18830.100,20551.442,22225.815,23848.855,25416.342,26924.271,28368.943,29747.048,31055.755,32292.787,33456.477,34545.814,35560.452,36500.717,37367.571,38162.588,38887.892,39546.106,40140.281,40673.827,41150.438,41574.011,41948.573,42278.210,42566.993,42818.926,43037.893,43227.622,43391.655,43533.329,43655.769,43761.877,43854.341,43935.636,44008.034,44073.617,44134.283,44191.767,44247.646,44303.356,44360.204,44419.383,44481.975,44548.971,44621.276,44699.718,44785.057,44877.991,44979.166,45089.175,45208.565,45337.841,45477.467,45627.863,45789.413,45962.455,46147.281,46344.135,46553.206,46774.622,47008.441,47254.643,47513.114,47783.637,48065.871,48359.333,48663.365,48977.111,49299.465,49629.026,49964.033,50302.280,50641.026,50976.886,51305.730,51622.611,51921.772,52196.792,52440.960,52647.865,52812.090,52929.729,52998.426,53017.046,52985.222,52903.012,52770.778,52589.326,52360.278,52086.535,51772.620,51424.624,51049.674,50655.206,50248.353,49835.570,49422.479,49013.862,48613.745,48225.499,47851.953,47495.490,47158.130,46841.594,46547.359,46276.696,46030.703,45810.329,45616.396,45449.609,45310.572,45199.794,45117.700,45064.630,45040.846,45046.534,45081.800,45146.671,45241.088,45364.900,45517.854,45699.575,45909.548,46147.078,46411.246,46700.830,47014.207,47349.191,47702.810,48070.986,48448.106,48826.482,49195.786,49542.693,49851.211,50104.337,50287.245,50390.381,50408.963,50340.661,50183.376,49933.874,49587.435,49138.579,48583.030,47920.870,47159.889,46316.405,45410.927,44463.517,43491.232,42507.425,41522.073,40542.440,39573.753,38619.762,37683.157,36765.873,35869.301,34994.437,34141.983,33312.425,32506.077,31723.125,30963.649,30227.649,29515.056,28825.746,28159.553,27516.271,26895.667,26297.481,25721.436,25167.237,24634.576,24123.136,23632.592,23162.613,22712.864,22283.007,21872.701,21481.603,21109.370,20755.655,20420.110,20102.388,19802.134,19518.992,19252.601,19002.592,18768.589,18550.205,18347.042,18158.686,17984.704,17824.646,17678.035,17544.366,17423.105,17313.680,17215.476,17127.835,17050.046,16981.339,16920.882,16867.770,16821.020,16779.565,16742.244,16707.794,16674.841,16641.896,16607.344,16569.434,16526.278,16475.840,16415.937,16344.229,16258.229,16155.296,16032.652,15887.388,15716.485,15516.835,15285.278,15018.638,14713.770,14367.617,13977.273,13540.058,13053.588,12515.864,11925.352,11281.066,10582.650,9830.452,9025.584,8169.975,7266.397,6318.474,5330.670,4308.234,3257.138,2183.964,1095.782,0.000
0.000,1979.234,3954.492,5921.768,7877.008,9816.089,11734.792,13628.797,15493.667,17324.850,19117.690,20867.449,22569.349,24218.630,25810.628,27340.866,28805.165,30199.757,31521.396,32767.456,33936.013,35025.891,36036.688,36968.762,37823.207,38601.801,39306.944,39941.592,40509.180,41013.535,41458.791,41849.300,42189.538,42484.026,42737.243,42953.566,43137.211,43292.196,43422.308,43531.092,43621.838,43697.584,43761.123,43815.012,43861.586,43902.968,43941.092,43977.714,44014.424,44052.670,44093.763,44138.897,44189.156,44245.530,44308.922,44380.161,44460.006,44549.157,44648.260,44757.912,44878.664,45011.029,45155.476,45312.439,45482.312,45665.450,45862.164,46072.720,46297.335,46536.166,46789.310,47056.786,47338.533,47634.390,47944.082,48267.199,48603.169,48951.225,49310.362,49679.278,50056.299,50439.274,50825.450,51211.307,51592.373,51963.044,52316.470,52644.642,52938.826,53190.496,53392.610,53540.614,53632.373,53667.368,53645.785,53567.874,53433.743,53243.589,52998.378,52700.784,52356.006,51971.825,51557.562,51122.740,50676.135,50225.321,49776.594,49335.084,48904.954,48489.587,48091.755,47713.757,47357.515,47024.660,46716.585,46434.486,46179.404,45952.241,45753.783,45584.711,45445.619,45337.019,45259.346,45212.967,45198.183,45215.232,45264.290,45345.470,45458.822,45604.328,45781.896,45991.350,46232.417,46504.697,46807.634,47140.449,47502.050,47890.882,48304.685,48740.115,49192.164,49653.299,50112.329,50553.211,50954.598,51291.832,51543.299,51698.752,51756.521,51717.912,51583.096,51348.968,51008.510,50551.560,49967.566,49251.230,48410.512,47470.868,46463.616,45416.689,44351.424,43282.846,42221.100,41172.913,40142.713,39133.421,38146.963,37184.608,36247.181,35335.201,34448.972,33588.638,32754.228,31945.680,31162.865,30405.594,29673.638,28966.730,28284.575,27626.855,26993.235,26383.364,25796.881,25233.418,24692.601,24174.053,23677.395,23202.248,22748.235,22314.979,21902.106,21509.245,21136.027,20782.084,20447.054,20130.571,19832.272,19551.794,19288.771,19042.831,18813.600,18600.694,18403.721,18222.274,18055.931,17904.253,17766.775,17643.008,17532.432,17434.491,17348.587,17274.078,17210.266,17156.397,17111.649,17075.127,17045.854,17022.760,17004.681,16990.338,16978.338,16967.155,16955.128,16940.447,16921.142,16895.080,16859.952,16813.274,16752.378,16674.417,16576.368,16455.042,16307.101,16129.082,15917.431,15668.541,15378.806,15044.683,14662.765,14229.859,13743.081,13199.952,12598.493,11937.332,11215.803,10434.034,9593.033,8694.752,7742.129,6739.111,5690.636,4602.594,3481.734,2335.554,1172.143,0.000
0.000,2011.313,4018.754,6018.416,8006.323,9978.398,11930.438,13858.084,15756.804,17621.886,19448.435,21231.395,22965.589,24645.784,26266.777,27823.511,29311.215,30725.548,32062.751,33319.773,34494.380,35585.215,36591.820,37514.622,38354.890,39114.669,39796.706,40404.367,40941.553,41412.593,41822.156,42175.136,42476.546,42731.417,42944.705,43121.214,43265.534,43382.000,43474.663,43547.280,43603.308,43645.914,43677.986,43702.150,43720.787,43736.052,43749.893,43764.074,43780.186,43799.669,43823.829,43853.847,43890.798,43935.660,43989.326,44052.616,44126.282,44211.018,44307.466,44416.223,44537.840,44672.834,44821.684,44984.831,45162.686,45355.620,45563.967,45788.021,46028.030,46284.192,46556.647,46845.469,47150.660,47472.133,47809.697,48163.045,48531.721,48915.096,49312.320,49722.265,50143.447,50573.901,51011.023,51451.344,51890.232,52321.534,52737.232,53127.281,53480.004,53783.481,54028.041,54208.553,54323.903,54375.101,54363.525,54289.834,54153.633,53953.845,53689.836,53363.234,52979.854,52550.220,52087.168,51603.267,51109.384,50614.294,50124.845,49646.326,49182.842,48737.620,48313.244,47911.820,47535.100,47184.563,46861.474,46566.926,46301.874,46067.154,45863.500,45691.564,45551.917,45445.063,45371.448,45331.460,45325.435,45353.664,45416.392,45513.820,45646.110,45813.384,46015.720,46253.157,46525.687,46833.244,47175.693,47552.791,47964.130,48409.024,48886.304,49393.945,49928.400,50483.428,51048.167,51604.311,52123.172,52566.081,52896.317,53105.729,53201.363,53192.268,53083.026,52871.300,52547.002,52092.536,51485.433,50707.009,49761.154,48694.096,47557.198,46389.482,45216.277,44052.838,42908.031,41786.912,40692.329,39625.855,38588.318,37580.107,36601.344,35651.981,34731.862,33840.754,32978.369,32144.382,31338.435,30560.145,29809.110,29084.915,28387.130,27715.321,27069.045,26447.858,25851.312,25278.965,24730.372,24205.096,23702.703,23222.764,22764.860,22328.574,21913.500,21519.238,21145.393,20791.579,20457.414,20142.522,19846.529,19569.066,19309.764,19068.252,18844.158,18637.105,18446.708,18272.570,18114.285,17971.426,17843.547,17730.178,17630.818,17544.931,17471.943,17411.232,17362.124,17323.884,17295.711,17276.725,17265.963,17262.367,17264.772,17271.899,17282.339,17294.546,17306.820,17317.299,17323.943,17324.526,17316.624,17297.605,17264.624,17214.619,17144.314,17050.224,16928.669,16775.798,16587.620,16360.046,16088.948,15770.224,15399.882,14974.131,14489.487,13942.889,13331.815,12654.409,11909.598,11097.212,10218.088,9274.157,8268.506,7205.413,6090.343,4929.903,3731.746,2504.434,1257.254,0.000
0.000,2047.272,4090.813,6126.844,8151.498,10160.779,12150.520,14116.345,16053.637,17957.519,19822.838,21644.184,23415.915,25132.234,26787.284,28375.293,29890.750,31328.594,32684.417,33954.646,35136.670,36228.928,37230.923,38143.195,38967.250,39705.478,40361.052,40937.842,41440.303,41873.375,42242.363,42552.813,42810.376,43020.687,43189.257,43321.376,43422.050,43495.960,43547.432,43580.437,43598.594,43605.186,43603.181,43595.254,43583.814,43571.025,43558.837,43548.998,43543.085,43542.517,43548.574,43562.417,43585.095,43617.565,43660.701,43715.304,43782.110,43861.802,43955.013,44062.332,44184.313,44321.470,44474.290,44643.226,44828.701,45031.107,45250.804,45488.117,45743.332,46016.691,46308.389,46618.564,46947.291,47294.573,47660.323,48044.358,48446.372,48865.913,49302.347,49754.806,50222.108,50702.637,51194.167,51693.574,52196.424,52696.367,53184.368,53647.963,54071.134,54436.082,54728.217,54942.355,55080.290,55146.328,55144.116,55075.063,54937.897,54729.139,54444.746,54083.363,53650.910,53163.039,52638.683,52094.889,51545.010,50998.846,50463.434,49943.848,49443.828,48966.209,48513.219,48086.654,47688.010,47318.555,46979.385,46671.458,46395.621,46152.625,45943.144,45767.781,45627.082,45521.539,45451.597,45417.661,45420.103,45459.261,45535.446,45648.949,45800.041,45988.982,46216.027,46481.429,46785.455,47128.393,47510.558,47932.306,48394.024,48896.098,49438.825,50022.166,50645.204,51304.921,51993.600,52693.628,53368.564,53953.813,54370.927,54627.221,54751.655,54767.480,54686.154,54506.925,54216.403,53786.918,53175.435,52331.089,51233.936,49988.179,48682.689,47368.929,46072.595,44805.500,43572.635,42375.793,41215.309,40090.874,39001.916,37947.772,36927.759,35941.207,34987.464,34065.899,33175.896,32316.855,31488.182,30689.295,29919.618,29178.580,28465.618,27780.173,27121.698,26489.649,25883.494,25302.710,24746.784,24215.217,23707.517,23223.208,22761.824,22322.913,21906.034,21510.757,21136.665,20783.352,20450.419,20137.478,19844.149,19570.057,19314.831,19078.103,18859.507,18658.672,18475.226,18308.787,18158.962,18025.347,17907.515,17805.019,17717.384,17644.101,17584.624,17538.358,17504.660,17482.823,17472.072,17471.555,17480.333,17497.365,17521.502,17551.473,17585.867,17623.128,17661.531,17699.174,17733.958,17763.575,17785.493,17796.940,17794.898,17776.088,17736.975,17673.763,17582.407,17458.637,17297.981,17095.814,16847.415,16548.045,16193.030,15777.878,15298.392,14750.808,14131.939,13439.320,12671.358,11827.482,10908.267,9915.561,8852.564,7723.894,6535.587,5295.060,4011.006,2693.236,1352.456,0.000
0.000,2086.973,4170.398,6246.670,8312.074,10362.736,12394.561,14403.187,16383.936,18331.774,20241.284,22106.661,23921.735,25680.040,27374.926,28999.732,30548.008,32013.776,33391.806,34677.857,35868.869,36963.055,37959.911,38860.156,39665.620,40379.130,41004.388,41545.859,42008.667,42398.478,42721.361,42983.641,43191.733,43351.990,43470.563,43553.298,43605.663,43632.703,43639.028,43628.816,43605.834,43573.459,43534.715,43492.302,43448.633,43405.859,43365.904,43330.485,43301.141,43279.253,43266.064,43262.693,43270.157,43289.376,43321.193,43366.384,43425.661,43499.688,43589.083,43694.427,43816.264,43955.113,44111.460,44285.772,44478.484,44690.012,44920.744,45171.037,45441.221,45731.590,46042.399,46373.856,46726.123,47099.299,47493.422,47908.448,48344.249,48800.588,49277.097,49773.245,50288.272,50821.095,51370.141,51933.056,52506.202,53083.800,53656.553,54209.693,54721.094,55162.094,55506.977,55752.946,55909.167,55986.407,55992.164,55929.041,55794.412,55580.766,55277.382,54875.348,54378.222,53813.244,53210.595,52593.614,51977.995,51373.777,50787.379,50223.037,49683.689,49171.493,48688.128,48234.965,47813.161,47423.724,47067.542,46745.414,46458.059,46206.133,45990.235,45810.914,45668.680,45564.006,45497.333,45469.081,45479.647,45529.415,45618.758,45748.050,45917.667,46128.002,46379.474,46672.548,47007.754,47385.718,47807.207,48273.173,48784.831,49343.738,49951.889,50611.783,51326.349,52098.393,52928.545,53808.811,54704.334,55510.296,56006.925,56281.113,56411.080,56440.362,56387.702,56254.369,56025.312,55663.872,55098.921,54208.663,52856.100,51342.863,49817.413,48331.994,46900.803,45525.129,44202.481,42929.646,41703.627,40521.855,39382.189,38282.839,37222.290,36199.239,35212.540,34261.166,33344.177,32460.699,31609.910,30791.026,30003.296,29245.998,28518.431,27819.916,27149.795,26507.428,25892.194,25303.493,24740.742,24203.375,23690.848,23202.634,22738.223,22297.124,21878.864,21482.985,21109.047,20756.622,20425.301,20114.682,19824.379,19554.014,19303.218,19071.626,18858.880,18664.620,18488.488,18330.119,18189.141,18065.172,17957.812,17866.641,17791.216,17731.059,17685.658,17654.457,17636.846,17632.157,17639.652,17658.515,17687.840,17726.619,17773.729,17827.919,17887.794,17951.798,18018.199,18085.069,18150.266,18211.415,18265.887,18310.784,18342.920,18358.806,18354.643,18326.314,18269.393,18179.156,18050.608,17878.530,17657.535,17382.151,17046.921,16646.526,16175.923,15630.504,15006.266,14299.988,13509.414,12633.431,11672.244,10627.522,9502.530,8302.209,7033.212,5703.867,4324.071,2905.101,1459.352,0.000
0.000,2130.231,4257.151,6377.384,8487.422,10583.562,12661.839,14717.950,16747.198,18744.417,20703.929,22619.512,24484.401,26291.348,28032.739,29700.799,31287.879,32786.811,34191.292,35496.237,36698.031,37794.657,38785.666,39672.060,40456.118,41141.221,41731.705,42232.745,42650.248,42990.739,43261.204,43468.912,43621.195,43725.258,43788.003,43815.901,43814.924,43790.498,43747.512,43690.333,43622.846,43548.495,43470.324,43391.029,43312.993,43238.326,43168.899,43106.374,43052.233,43007.798,42974.255,42952.670,42944.008,42949.145,42968.884,43003.960,43055.058,43122.814,43207.826,43310.658,43431.847,43571.907,43731.329,43910.586,44110.132,44330.403,44571.816,44834.768,45119.635,45426.764,45756.476,46109.060,46484.765,46883.803,47306.337,47752.484,48222.304,48715.801,49232.912,49773.498,50337.321,50923.996,51532.897,52162.939,52812.137,53476.665,54148.909,54813.692,55441.963,55984.708,56385.127,56653.751,56817.494,56898.445,56909.580,56855.032,56730.478,56522.693,56209.276,55763.082,55174.110,54501.907,53797.695,53091.900,52400.565,51731.931,51090.368,50478.384,49897.597,49349.188,48834.122,48353.238,47907.303,47497.022,47123.059,46786.034,46486.528,46225.091,46002.240,45818.465,45674.231,45569.988,45506.171,45483.203,45501.505,45561.500,45663.619,45808.308,45996.041,46227.328,46502.740,46822.925,47188.649,47600.840,48060.654,48569.578,49129.566,49743.253,50414.267,51147.712,51950.921,52834.576,53814.095,54909.350,56130.162,57376.512,57865.720,58079.558,58171.508,58195.501,58170.239,58097.859,57966.939,57744.701,57348.122,56549.025,54639.547,52710.491,50912.945,49241.767,47674.515,46192.833,44783.687,43437.925,42148.998,40912.090,39723.558,38580.562,37480.825,36422.461,35403.872,34423.663,33480.593,32573.531,31701.434,30863.327,30058.291,29285.453,28543.977,27833.065,27151.951,26499.897,25876.195,25280.168,24711.160,24168.545,23651.721,23160.111,22693.163,22250.349,21831.162,21435.117,21061.751,20710.621,20381.300,20073.381,19786.471,19520.190,19274.173,19048.063,18841.509,18654.166,18485.694,18335.748,18203.981,18090.036,17993.545,17914.121,17851.357,17804.815,17774.023,17758.468,17757.586,17770.754,17797.283,17836.403,17887.254,17948.872,18020.175,18099.947,18186.825,18279.272,18375.565,18473.770,18571.721,18666.994,18756.884,18838.382,18908.149,18962.494,18997.359,19008.304,18990.504,18938.757,18847.502,18710.861,18522.704,18276.725,17966.563,17585.930,17128.782,16589.495,15963.073,15245.356,14433.244,13524.917,12520.049,11420.014,10228.048,8949.390,7591.340,6163.245,4676.395,3143.798,1579.865,0.000
0.000,2176.807,4350.607,6518.313,8676.693,10822.285,12951.318,15059.622,17142.537,19194.821,21210.564,23183.123,25105.084,26968.293,28763.969,30482.938,32115.997,33654.403,35090.430,36417.887,37632.492,38732.013,39716.182,40586.456,41345.736,41998.105,42548.652,43003.365,43369.051,43653.245,43864.041,44009.853,44099.137,44140.120,44140.575,44107.683,44047.948,43967.183,43870.531,43762.516,43647.096,43527.736,43407.459,43288.913,43174.413,43065.994,42965.447,42874.350,42794.103,42725.948,42670.996,42630.244,42604.593,42594.860,42601.794,42626.086,42668.380,42729.278,42809.351,42909.145,43029.184,43169.974,43332.006,43515.763,43721.714,43950.317,44202.021,44477.264,44776.468,45100.041,45448.372,45821.832,46220.767,46645.499,47096.328,47573.528,48077.360,48608.069,49165.910,49751.160,50364.148,51005.287,51675.104,52374.233,53103.284,53862.322,54649.201,55454.642,56248.757,56950.014,57395.424,57659.781,57808.956,57880.644,57893.034,57851.401,57750.164,57570.676,57274.411,56794.119,56053.826,55223.259,54387.136,53576.556,52801.331,52063.976,51364.797,50703.608,50080.248,49494.709,48947.142,48437.813,47967.071,47535.318,47142.980,46790.500,46478.317,46206.870,45976.591,45787.904,45641.232,45536.992,45475.606,45457.499,45483.111,45552.895,45667.331,45826.930,46032.247,46283.896,46582.571,46929.074,47324.355,47769.574,48266.186,48816.063,49421.694,50086.471,50815.174,51614.764,52495.847,53475.596,54584.498,55884.785,57530.748,60000.000,60000.000,60000.000,60000.000,60000.000,60000.000,60000.000,60000.000,60000.000,60000.000,60000.000,56443.017,53947.209,51882.832,50048.448,48363.583,46789.014,45302.599,43890.528,42543.571,41255.228,40020.724,38836.413,37699.415,36607.381,35558.335,34550.571,33582.581,32653.007,31760.604,30904.220,30082.774,29295.250,28540.682,27818.156,27126.799,26465.778,25834.300,25231.607,24656.977,24109.719,23589.178,23094.727,22625.773,22181.748,21762.115,21366.363,20994.009,20644.590,20317.671,20012.835,19729.685,19467.845,19226.952,19006.657,18806.624,18626.526,18466.039,18324.846,18202.625,18099.053,18013.796,17946.506,17896.817,17864.337,17848.643,17849.272,17865.715,17897.404,17943.709,18003.917,18077.228,18162.736,18259.416,18366.106,18481.489,18604.070,18732.156,18863.830,18996.925,19128.992,19257.275,19378.678,19489.730,19586.557,19664.854,19719.862,19746.351,19738.616,19690.494,19595.388,19446.335,19236.088,18957.242,18602.382,18164.274,17636.082,17011.599,16285.508,15453.644,14513.261,13463.309,12304.685,11040.476,9676.147,8219.659,6681.495,5074.548,3413.879,1716.328,0.000
0.000,2226.401,4450.169,6668.588,8878.777,11077.598,13261.563,15426.724,17568.553,19681.817,21760.442,23797.395,25784.588,27712.846,29571.988,31351.075,33038.861,34624.475,36098.244,37452.502,38682.158,39784.851,40760.729,41611.995,42342.422,42956.977,43461.611,43863.198,44169.547,44389.363,44532.086,44607.560,44625.633,44595.772,44526.775,44426.600,44302.309,44160.075,44005.250,43842.451,43675.651,43508.270,43343.256,43183.154,43030.170,42886.225,42752.991,42631.936,42524.351,42431.378,42354.035,42293.229,42249.783,42224.443,42217.893,42230.769,42263.665,42317.144,42391.745,42487.988,42606.378,42747.413,42911.584,43099.379,43311.281,43547.775,43809.339,44096.453,44409.590,44749.219,45115.801,45509.790,45931.630,46381.756,46860.598,47368.590,47906.175,48473.835,49072.117,49701.686,50363.407,51058.462,51788.538,52556.116,53364.921,54220.576,55131.322,56107.260,57148.696,58171.406,58586.990,58781.203,58878.110,58922.353,58930.728,58907.599,58848.345,58735.701,58523.879,58085.527,57024.288,55950.738,54951.691,54026.598,53165.041,52358.723,51602.180,50892.002,50226.125,49603.355,49023.062,48484.976,47989.063,47535.440,47124.317,46755.964,46430.687,46148.816,45910.698,45716.692,45567.170,45462.517,45403.137,45389.453,45421.914,45501.000,45627.230,45801.169,46023.437,46294.731,46615.840,46987.677,47411.321,47888.076,48419.565,49007.860,49655.681,50366.709,51146.067,52001.117,52942.811,53988.064,55163.992,56514.863,58108.146,60000.000,60000.000,60000.000,60000.000,60000.000,60000.000,60000.000,60000.000,60000.000,60000.000,60000.000,57185.653,54752.993,52623.357,50706.350,48943.196,47297.969,45748.175,44279.098,42880.677,41545.736,40268.960,39046.263,37874.403,36750.717,35672.960,34639.185,33647.668,32696.858,31785.332,30911.776,30074.961,29273.735,28507.011,27773.760,27073.007,26403.826,25765.340,25156.714,24577.157,24025.920,23502.291,23005.597,22535.202,22090.503,21670.933,21275.956,20905.069,20557.794,20233.684,19932.318,19653.297,19396.248,19160.814,18946.659,18753.461,18580.912,18428.714,18296.575,18184.207,18091.322,18017.625,17962.814,17926.569,17908.552,17908.394,17925.692,17960.000,18010.817,18077.581,18159.650,18256.298,18366.692,18489.882,18624.777,18770.128,18924.505,19086.268,19253.546,19424.198,19595.782,19765.522,19930.266,20086.441,20230.019,20356.474,20460.739,20537.184,20579.593,20581.160,20534.517,20431.779,20264.637,20024.484,19702.594,19290.330,18779.401,18162.141,17431.809,16582.901,15611.482,14515.512,13295.181,11953.232,10495.236,8929.799,7268.639,5526.502,3720.890,1871.585,0.000
0.000,2278.635,4555.094,6827.113,9092.251,11347.794,13590.646,15817.197,18023.180,20203.500,22352.046,24461.488,26523.092,28526.583,30460.138,32310.592,34063.984,35706.486,37225.668,38611.827,39858.899,40964.624,41930.018,42758.510,43455.127,44025.927,44477.783,44818.449,45056.763,45202.776,45267.593,45262.895,45200.304,45090.816,44944.419,44769.918,44574.910,44365.869,44148.268,43926.727,43705.141,43486.806,43274.521,43070.671,42877.299,42696.166,42528.792,42376.500,42240.449,42121.655,42021.021,41939.353,41877.378,41835.756,41815.099,41815.974,41838.921,41884.453,41953.071,42045.264,42161.517,42302.314,42468.145,42659.499,42876.877,43120.784,43391.735,43690.248,44016.852,44372.077,44756.457,45170.530,45614.837,46089.922,46596.340,47134.669,47705.519,48309.570,48947.612,49620.620,50329.872,51077.132,51864.957,52697.229,53580.125,54524.110,55548.567,56694.629,58067.527,60000.000,60000.000,60000.000,60000.000,60000.000,60000.000,60000.000,60000.000,60000.000,60000.000,60000.000,58007.407,56604.184,55442.865,54413.761,53474.249,52604.500,51794.066,51037.020,50329.873,49670.551,49057.843,48491.074,47969.910,47494.239,47064.088,46679.580,46340.900,46048.277,45801.976,45602.290,45449.539,45344.075,45286.279,45276.566,45315.391,45403.253,45540.700,45728.339,45966.844,46256.971,46599.574,46995.636,47446.300,47952.928,48517.177,49141.116,49827.393,50579.484,51402.063,52301.541,53286.838,54370.375,55568.941,56902.781,58387.051,60000.000,60000.000,60000.000,60000.000,60000.000,60000.000,60000.000,60000.000,60000.000,60000.000,60000.000,57546.878,55256.175,53151.807,51211.062,49405.645,47712.347,46113.966,44598.020,43155.377,41779.216,40464.308,39206.524,38002.511,36849.465,35744.983,34686.957,33673.503,32702.909,31773.604,30884.130,30033.123,29219.305,28441.473,27698.489,26989.281,26312.832,25668.183,25054.425,24470.701,23916.201,23390.162,22891.865,22420.632,21975.827,21556.854,21163.154,20794.204,20449.515,20128.630,19831.124,19556.598,19304.684,19075.035,18867.327,18681.259,18516.543,18372.909,18250.096,18147.851,18065.927,18004.075,17962.040,17939.558,17936.348,17952.105,17986.495,18039.144,18109.627,18197.462,18302.093,18422.881,18559.085,18709.845,18874.163,19050.883,19238.662,19435.946,19640.936,19851.552,20065.398,20279.715,20491.334,20696.628,20891.452,21071.093,21230.211,21362.794,21462.114,21520.706,21530.375,21482.226,21366.758,21173.993,20893.673,20515.510,20029.478,19426.149,18697.043,17834.997,16834.549,15692.338,14407.526,12982.233,11421.935,9735.799,7936.865,6042.007,4071.639,2049.136,0.000
0.000,2333.053,4664.471,6992.534,9315.340,11630.709,13936.061,16228.274,18503.510,20757.003,22982.803,25173.473,27319.768,29410.323,31431.458,33367.248,35200.079,36911.900,38486.208,39910.335,41177.091,42284.841,43236.326,44037.028,44693.784,45213.966,45605.301,45876.217,46036.459,46097.575,46072.819,45976.340,45822.103,45623.012,45390.427,45134.014,44861.832,44580.523,44295.544,44011.378,43731.724,43459.651,43197.723,42948.095,42712.589,42492.759,42289.935,42105.263,41939.739,41794.234,41669.516,41566.271,41485.115,41426.614,41391.290,41379.638,41392.129,41429.225,41491.378,41579.044,41692.684,41832.764,41999.767,42194.188,42416.539,42667.352,42947.171,43256.561,43596.102,43966.388,44368.027,44801.641,45267.865,45767.348,46300.761,46868.805,47472.230,48111.868,48788.678,49503.830,50258.827,51055.707,51897.371,52788.122,53734.606,54747.485,55844.460,57055.336,58426.836,60000.000,60000.000,60000.000,60000.000,60000.000,60000.000,60000.000,60000.000,60000.000,60000.000,60000.000,58401.424,57016.116,55802.319,54711.918,53714.357,52791.698,51933.365,51132.998,50386.706,49692.093,49047.689,48452.609,47906.343,47408.626,46959.354,46558.531,46206.240,45902.618,45647.855,45442.178,45285.857,45179.205,45122.578,45116.380,45161.064,45257.144,45405.189,45605.838,45859.805,46167.885,46530.974,46950.084,47426.370,47961.172,48556.068,49212.952,49934.150,50722.567,51581.884,52516.791,53533.181,54638.109,55838.955,57140.480,58537.345,60000.000,60000.000,60000.000,60000.000,60000.000,60000.000,60000.000,60000.000,60000.000,60000.000,60000.000,57745.917,55573.390,53517.120,51581.048,49756.670,48032.593,46398.190,44844.580,43364.603,41952.515,40603.661,39314.196,38080.882,36900.924,35771.867,34691.513,33657.867,32669.096,31723.500,30819.497,29955.601,29130.418,28342.634,27591.010,26874.378,26191.636,25541.743,24923.722,24336.648,23779.657,23251.932,22752.711,22281.278,21836.965,21419.148,21027.246,20660.720,20319.068,20001.827,19708.570,19438.901,19192.458,18968.905,18767.937,18589.270,18432.645,18297.819,18184.568,18092.678,18021.946,17972.172,17943.158,17934.698,17946.578,17978.564,18030.397,18101.784,18192.390,18301.826,18429.633,18575.276,18738.120,18917.418,19112.288,19321.689,19544.396,19778.967,20023.716,20276.662,20535.496,20797.524,21059.616,21318.138,21568.887,21807.019,22026.969,22222.383,22386.044,22509.824,22584.661,22600.571,22546.720,22411.566,22183.071,21848.999,21397.260,20816.309,20095.560,19225.806,18199.659,17012.012,15660.573,14146.427,12474.630,10654.728,8701.114,6633.092,4474.567,2253.333,0.000
0.000,2389.110,4777.216,7163.228,9545.888,11923.667,14294.645,16656.362,19005.621,21338.243,23648.736,25929.885,28172.240,30363.542,32488.186,34526.930,36457.255,38254.906,39897.012,41366.305,42654.381,43761.424,44693.525,45459.608,46069.138,46530.984,46853.381,47044.813,47115.448,47078.425,46949.960,46747.749,46488.973,46188.937,45860.511,45514.143,45158.156,44799.140,44442.313,44091.837,43751.060,43422.700,43108.988,42811.772,42532.592,42272.748,42033.339,41815.303,41619.448,41446.476,41297.002,41171.573,41070.684,40994.789,40944.316,40919.672,40921.258,40949.470,41004.713,41087.401,41197.964,41336.852,41504.537,41701.517,41928.318,42185.492,42473.619,42793.306,43145.190,43529.927,43948.202,44400.720,44888.206,45411.410,45971.107,46568.105,47203.263,47877.512,48591.905,49347.676,50146.356,50989.930,51881.097,52823.644,53823.011,54887.032,56026.659,57255.548,58584.525,60000.000,60000.000,60000.000,60000.000,60000.000,60000.000,60000.000,60000.000,60000.000,60000.000,60000.000,58582.387,57256.871,56038.809,54917.758,53880.166,52915.244,52015.437,51175.696,50392.709,49664.324,48989.152,48366.309,47795.242,47275.615,46807.245,46390.050,46024.028,45709.239,45445.798,45233.871,45073.676,44965.485,44909.624,44906.482,44956.511,45060.227,45218.219,45431.149,45699.760,46024.875,46407.410,46848.380,47348.914,47910.272,48533.872,49221.326,49974.483,50795.480,51686.778,52651.142,53691.481,54810.327,56008.588,57283.018,58621.908,60000.000,60000.000,60000.000,60000.000,60000.000,60000.000,60000.000,60000.000,60000.000,60000.000,60000.000,57863.601,55774.675,53762.677,51839.881,50008.034,48263.890,46602.426,45018.387,43506.887,42063.590,40684.689,39366.839,38107.065,36902.697,35751.305,34650.658,33598.689,32593.471,31633.199,30716.179,29840.814,29005.603,28209.127,27450.050,26727.113,26039.131,25384.988,24763.635,24174.089,23615.427,23086.787,22587.361,22116.400,21673.204,21257.123,20867.557,20503.951,20165.796,19852.622,19564.002,19299.545,19058.897,18841.738,18647.780,18476.763,18328.456,18202.649,18099.156,18017.808,17958.449,17920.935,17905.126,17910.884,17938.066,17986.517,18056.061,18146.500,18257.596,18389.063,18540.557,18711.661,18901.866,19110.558,19336.991,19580.269,19839.313,20112.832,20399.285,20696.840,21003.323,21316.163,21632.328,21948.248,22259.734,22561.886,22848.991,23114.417,23350.511,23548.509,23698.465,23789.232,23808.506,23742.965,23578.503,23300.578,22894.643,22346.624,21643.408,20773.307,19726.533,18495.716,17076.533,15468.451,13675.579,11707.492,9579.867,7314.748,4940.243,2489.642,0.000
0.000,2446.179,4892.065,7337.289,9781.336,12223.448,14662.518,17096.937,19524.404,21941.649,24344.057,26725.139,29075.814,31383.473,33630.873,35795.094,37847.169,39753.526,41480.702,43003.569,44312.789,45413.039,46316.839,47038.844,47592.289,47987.572,48232.556,48334.347,48302.248,48150.881,47901.028,47575.916,47197.310,46783.474,46348.775,45904.141,45457.777,45015.847,44583.025,44162.907,43758.301,43371.437,43004.109,42657.775,42333.638,42032.693,41755.773,41503.578,41276.703,41075.659,40900.891,40752.795,40631.728,40538.023,40472.001,40433.977,40424.267,40443.202,40491.128,40568.414,40675.458,40812.686,40980.560,41179.579,41410.279,41673.236,41969.065,42298.416,42661.982,43060.487,43494.690,43965.379,44473.374,45019.516,45604.679,46229.763,46895.706,47603.501,48354.220,49149.061,49989.412,50876.956,51813.805,52802.672,53847.043,54951.206,56119.770,57355.783,58655.750,60000.000,60000.000,60000.000,60000.000,60000.000,60000.000,60000.000,60000.000,60000.000,60000.000,60000.000,58671.435,57390.459,56178.673,55040.609,53973.852,52974.290,52038.122,51162.378,50344.900,49584.177,48879.167,48229.155,47633.655,47092.335,46604.974,46171.434,45791.642,45465.589,45193.318,44974.934,44810.600,44700.545,44645.064,44644.526,44699.374,44810.129,44977.392,45201.847,45484.256,45825.467,46226.405,46688.075,47211.560,47798.015,48448.662,49164.786,49947.711,50798.767,51719.209,52710.049,53771.725,54903.488,56102.316,57361.254,58667.320,60000.000,60000.000,60000.000,60000.000,60000.000,60000.000,60000.000,60000.000,60000.000,60000.000,60000.000,57933.995,55899.323,53919.431,52008.264,50172.284,48413.178,46729.990,45120.475,43581.858,42111.219,40705.678,39362.466,38078.955,36852.651,35681.198,34562.364,33494.035,32474.207,31500.985,30572.571,29687.267,28843.468,28039.657,27274.405,26546.366,25854.275,25196.942,24573.254,23982.166,23422.705,22893.961,22395.089,21925.301,21483.871,21070.128,20683.451,20323.275,19989.080,19680.396,19396.797,19137.898,18903.357,18692.871,18506.171,18343.024,18203.230,18086.615,17993.036,17922.368,17874.510,17849.376,17846.892,17866.992,17909.610,17974.677,18062.113,18171.818,18303.663,18457.482,18633.056,18830.102,19048.257,19287.059,19545.926,19824.130,20120.773,20434.750,20764.711,21109.017,21465.689,21832.343,22206.117,22583.590,22960.682,23332.535,23693.391,24036.448,24353.709,24635.836,24872.024,25049.916,25155.608,25173.752,25087.831,24880.568,24534.479,24032.477,23358.450,22497.760,21437.700,20168.011,18681.586,16975.433,15051.886,12919.906,10596.206,8105.853,5482.052,2765.005,0.000
0.000,2503.548,5007.584,7512.542,10018.736,12526.294,15035.065,17544.493,20053.440,22559.927,25060.742,27550.841,30022.449,32463.712,34856.789,37175.458,39382.861,41431.387,43268.767,44854.549,46180.240,47261.182,48122.032,48786.728,49273.699,49594.565,49755.040,49757.896,49608.454,49321.974,48927.519,48457.757,47941.073,47399.083,46847.198,46296.111,45753.220,45223.717,44711.319,44218.763,43748.114,43300.967,42878.574,42481.936,42111.857,41768.992,41453.873,41166.935,40908.540,40678.991,40478.547,40307.435,40165.867,40054.042,39972.166,39920.450,39899.124,39908.442,39948.689,40020.184,40123.287,40258.398,40425.967,40626.492,40860.519,41128.647,41431.524,41769.850,42144.372,42555.883,43005.220,43493.259,44020.910,44589.112,45198.829,45851.047,46546.770,47287.022,48072.852,48905.351,49785.667,50715.040,51694.823,52726.489,53811.536,54951.184,56145.583,57392.157,58682.720,60000.000,60000.000,60000.000,60000.000,60000.000,60000.000,60000.000,60000.000,60000.000,60000.000,60000.000,58713.053,57455.112,56245.156,55092.577,54000.840,52970.509,52001.011,51091.477,50241.072,49449.101,48715.007,48038.353,47418.787,46856.025,46349.839,45900.048,45506.519,45169.172,44887.983,44662.988,44494.294,44382.083,44326.614,44328.233,44387.374,44504.557,44680.397,44915.594,45210.937,45567.293,45985.601,46466.859,47012.105,47622.393,48298.760,49042.179,49853.488,50733.289,51681.799,52698.602,53782.291,54929.908,56136.170,57392.506,58686.165,60000.000,60000.000,60000.000,60000.000,60000.000,60000.000,60000.000,60000.000,60000.000,60000.000,60000.000,57973.217,55969.459,54007.822,52101.917,50260.204,48487.172,46784.580,45152.437,43589.687,42094.648,40665.290,39299.402,37994.692,36748.855,35559.615,34424.747,33342.097,32309.591,31325.244,30387.164,29493.553,28642.705,27833.010,27062.948,26331.090,25636.093,24976.700,24351.731,23760.087,23200.744,22672.750,22175.220,21707.337,21268.349,20857.561,20474.341,20118.110,19788.344,19484.572,19206.371,18953.366,18725.228,18521.672,18342.453,18187.366,18056.244,17948.955,17865.395,17805.495,17769.207,17756.511,17767.400,17801.887,17859.990,17941.734,18047.139,18176.215,18328.955,18505.319,18705.231,18928.558,19175.099,19444.567,19736.566,20050.569,20385.887,20741.642,21116.719,21509.727,21918.942,22342.237,22777.012,23220.089,23667.608,24114.887,24556.265,24984.917,25392.649,25769.678,26104.419,26383.312,26590.731,26709.049,26718.913,26599.765,26330.579,25890.675,25260.446,24421.846,23358.731,22057.251,20506.549,18699.967,16636.759,14324.147,11779.279,9030.466,6117.142,3088.338,0.000
0.000,2560.433,5122.192,7686.570,10254.786,12827.946,15406.978,17992.556,20584.966,23183.911,25788.176,28395.071,30999.471,33592.179,36157.157,38667.136,41077.479,43320.445,45308.484,46965.678,48292.501,49329.481,50123.452,50712.412,51121.298,51362.041,51435.241,51333.854,51051.821,50601.178,50029.469,49386.687,48710.324,48024.786,47345.038,46680.111,46035.521,45414.739,44820.044,44253.001,43714.728,43206.057,42727.613,42279.878,41863.219,41477.913,41124.170,40802.140,40511.934,40253.632,40027.292,39832.966,39670.704,39540.566,39442.632,39377.002,39343.814,39343.239,39375.493,39440.844,39539.607,39672.158,39838.929,40040.415,40277.173,40549.824,40859.052,41205.603,41590.285,42013.962,42477.554,42982.027,43528.387,44117.674,44750.950,45429.286,46153.750,46925.391,47745.224,48614.209,49533.227,50503.045,51524.261,52597.189,53721.653,54896.591,56119.356,57384.623,58682.999,60000.000,60000.000,60000.000,60000.000,60000.000,60000.000,60000.000,60000.000,60000.000,60000.000,60000.000,58725.804,57472.006,56254.568,55084.090,53966.878,52906.414,51904.517,50962.081,50079.496,49256.877,48494.181,47791.272,47147.957,46564.013,46039.209,45573.323,45166.158,44817.559,44527.426,44295.724,44122.497,44007.872,43952.071,43955.412,44018.316,44141.306,44325.008,44570.145,44877.533,45248.073,45682.727,46182.503,46748.420,47381.466,48082.538,48852.366,49691.402,50599.678,51576.606,52620.715,53729.302,54897.980,56120.164,57386.564,58684.874,60000.000,60000.000,60000.000,60000.000,60000.000,60000.000,60000.000,60000.000,60000.000,60000.000,60000.000,57989.563,55997.715,54040.817,52131.801,50279.947,48491.310,46769.377,45115.731,43530.592,42013.244,40562.338,39176.114,37852.558,36589.511,35384.751,34236.042,33141.179,32098.013,31104.466,30158.547,29258.358,28402.096,27588.058,26814.635,26080.319,25383.691,24723.427,24098.289,23507.124,22948.860,22422.506,21927.142,21461.922,21026.069,20618.873,20239.687,19887.923,19563.056,19264.614,18992.180,18745.392,18523.935,18327.545,18156.002,18009.132,17886.805,17788.927,17715.446,17666.343,17641.633,17641.361,17665.596,17714.431,17787.977,17886.357,18009.699,18158.134,18331.782,18530.748,18755.105,19004.889,19280.079,19580.582,19906.214,20256.675,20631.522,21030.139,21451.695,21895.101,22358.952,22841.462,23340.380,23852.890,24375.488,24903.823,25432.515,25954.923,26462.875,26946.357,27393.181,27788.667,28115.408,28353.221,28479.396,28469.360,28297.724,27939.500,27371.085,26570.692,25518.348,24195.905,22587.563,20681.274,18471.157,15960.744,13166.373,10119.645,6867.744,3471.217,0.000
0.000,2615.996,5234.190,7856.771,10485.909,13123.742,15772.367,18433.809,21109.983,23802.603,26513.012,29241.829,31988.222,34748.411,37512.563,40258.491,42939.515,45464.471,47679.092,49407.222,50694.656,51640.840,52329.936,52818.232,53137.108,53297.132,53290.111,53090.551,52663.904,52001.566,51202.628,50349.351,49488.919,48644.885,47828.259,47043.993,46294.245,45579.922,44901.381,44258.744,43652.032,43081.223,42546.262,42047.075,41583.569,41155.627,40763.119,40405.900,40083.815,39796.710,39544.434,39326.852,39143.845,38995.326,38881.238,38801.569,38756.351,38745.672,38769.676,38828.569,38922.624,39052.185,39217.667,39419.559,39658.429,39934.920,40249.750,40603.718,40997.692,41432.614,41909.489,42429.381,42993.403,43602.705,44258.457,44961.829,45713.970,46515.969,47368.826,48273.394,49230.320,50239.960,51302.261,52416.595,53581.502,54794.335,56050.744,57344.052,58664.675,60000.000,60000.000,60000.000,60000.000,60000.000,60000.000,60000.000,60000.000,60000.000,60000.000,60000.000,58718.283,57452.745,56217.303,55022.688,53876.584,52784.231,51749.099,50773.422,49858.590,49005.411,48214.290,47485.356,46818.547,46213.682,45670.509,45188.747,44768.120,44408.386,44109.356,43870.915,43693.032,43575.777,43519.325,43523.965,43590.104,43718.266,43909.092,44163.336,44481.853,44865.589,45315.555,45832.800,46418.367,47073.234,47798.241,48593.979,49460.662,50397.944,51404.703,52478.761,53616.562,54812.813,56060.139,57348.828,58666.806,60000.000,60000.000,60000.000,60000.000,60000.000,60000.000,60000.000,60000.000,60000.000,60000.000,60000.000,57987.456,55991.247,54026.242,52104.914,50236.944,48429.287,46686.503,45011.197,43404.449,41866.198,40395.557,38991.064,37650.867,36372.879,35154.873,33994.568,32889.678,31837.961,30837.236,29885.405,28980.466,28120.519,27303.765,26528.512,25793.171,25096.254,24436.371,23812.229,23222.625,22666.443,22142.654,21650.307,21188.532,20756.529,20353.573,19979.007,19632.237,19312.737,19020.037,18753.731,18513.466,18298.948,18109.934,17946.232,17807.701,17694.247,17605.823,17542.425,17504.091,17490.899,17502.965,17540.436,17603.491,17692.338,17807.204,17948.335,18115.986,18310.418,18531.886,18780.631,19056.868,19360.775,19692.472,20052.011,20439.346,20854.312,21296.593,21765.689,22260.868,22781.112,23325.057,23890.904,24476.323,25078.316,25693.056,26315.671,26939.976,27558.130,28160.220,28733.773,29263.226,29729.443,30109.427,30376.456,30500.892,30451.765,30198.793,29713.954,28971.716,27948.266,26620.635,24966.679,22966.540,20605.964,17881.389,14805.896,11414.045,7763.001,3928.795,0.000
0.000,2669.365,5341.808,8020.427,10708.348,13408.763,16124.956,18860.352,21618.577,24403.531,27219.468,30071.039,32963.207,35900.710,38886.226,41914.783,44957.651,47918.866,50536.222,52289.496,53438.095,54209.327,54737.263,55093.518,55311.817,55399.324,55337.584,55074.405,54511.765,53538.656,52430.247,51319.308,50251.270,49237.749,48279.309,47373.561,46517.767,45709.560,44947.064,44228.826,43553.715,42920.833,42329.442,41778.911,41268.685,40798.251,40367.136,39974.890,39621.092,39305.344,39027.280,38786.568,38582.915,38416.076,38285.857,38192.122,38134.795,38113.874,38129.425,38181.593,38270.601,38396.761,38560.466,38762.200,39002.540,39282.149,39601.786,39962.298,40364.621,40809.777,41298.865,41833.057,42413.584,43041.720,43718.765,44446.014,45224.723,46056.066,46941.073,47880.554,48875.008,49924.496,51028.485,52185.647,53393.611,54648.652,55945.342,57276.232,58631.670,60000.000,60000.000,60000.000,60000.000,60000.000,60000.000,60000.000,60000.000,60000.000,60000.000,60000.000,58694.697,57403.574,56139.464,54913.099,53732.922,52605.270,51534.722,50524.467,49576.627,48692.524,47872.889,47118.025,46427.937,45802.432,45241.195,44743.854,44310.028,43939.363,43631.566,43386.423,43203.823,43083.764,43026.372,43031.903,43100.746,43233.429,43430.615,43693.094,44021.776,44417.674,44881.878,45415.521,46019.725,46695.540,47443.848,48265.241,49159.867,50127.227,51165.939,52273.441,53445.685,54676.821,55958.931,57281.910,58633.559,60000.000,60000.000,60000.000,60000.000,60000.000,60000.000,60000.000,60000.000,60000.000,60000.000,60000.000,57969.143,55953.784,53968.277,52025.035,50134.069,48302.901,46536.728,44838.746,43210.509,41652.298,40163.439,38742.574,37387.875,36097.213,34868.285,33698.704,32586.069,31528.014,30522.236,29566.523,28658.763,27796.951,26979.196,26203.722,25468.862,24773.061,24114.868,23492.937,22906.018,22352.958,21832.691,21344.240,20886.711,20459.288,20061.233,19691.879,19350.631,19036.961,18750.409,18490.577,18257.127,18049.784,17868.330,17712.601,17582.492,17477.949,17398.970,17345.604,17317.948,17316.144,17340.383,17390.894,17467.947,17571.848,17702.937,17861.580,18048.167,18263.106,18506.814,18779.708,19082.198,19414.675,19777.494,20170.958,20595.306,21050.678,21537.099,22054.440,22602.378,23180.353,23787.501,24422.579,25083.872,25769.058,26475.042,27197.734,27931.744,28669.980,29403.120,30118.932,30801.455,31430.113,31978.961,32416.451,32706.298,32809.932,32690.211,32314.450,31654.161,30682.547,29371.850,27692.118,25612.362,23104.871,20153.033,16761.838,12967.685,8841.447,4480.971,0.000
0.000,2719.658,5443.260,8174.788,10918.305,13678.020,16458.359,19264.085,22100.463,24973.499,27890.312,30859.678,33892.884,37005.023,40216.875,43556.788,47057.466,50717.140,54257.456,55776.467,56558.922,57021.134,57316.294,57506.787,57617.348,57650.799,57586.534,57357.769,56770.158,55211.128,53660.499,52246.488,50959.250,49775.691,48677.844,47653.371,46693.911,45793.713,44948.731,44156.036,43413.437,42719.234,42072.055,41470.752,40914.327,40401.888,39932.624,39505.787,39120.682,38776.668,38473.157,38209.616,37985.571,37800.616,37654.409,37546.687,37477.264,37446.039,37452.998,37498.220,37581.877,37704.242,37865.688,38066.692,38307.835,38589.805,38913.399,39279.517,39689.165,40143.450,40643.575,41190.829,41786.576,42432.237,43129.267,43879.122,44683.213,45542.853,46459.178,47433.054,48464.952,49554.794,50701.768,51904.102,53158.815,54461.453,55805.839,57183.921,58585.793,60000.000,60000.000,60000.000,60000.000,60000.000,60000.000,60000.000,60000.000,60000.000,60000.000,60000.000,58657.034,57327.562,56024.115,54757.619,53537.091,52369.615,51260.513,50213.605,49231.479,48315.763,47467.348,46686.584,45973.442,45327.638,44748.734,44236.217,43789.562,43408.277,43091.937,42840.216,42652.903,42529.920,42471.334,42477.361,42548.375,42684.909,42887.650,43157.439,43495.255,43902.205,44379.490,44928.377,45550.139,46245.986,47016.963,47863.822,48786.842,49785.618,50858.788,52003.727,53216.208,54490.081,55817.019,57186.420,58585.552,60000.000,60000.000,60000.000,60000.000,60000.000,60000.000,60000.000,60000.000,60000.000,60000.000,60000.000,57935.449,55886.662,53868.318,51893.222,49971.809,48111.996,46319.306,44597.152,42947.204,41369.761,39864.094,38428.733,37061.705,35760.717,34523.292,33346.873,32228.894,31166.834,30158.249,29200.794,28292.241,27430.478,26613.522,25839.511,25106.706,24413.486,23758.345,23139.886,22556.819,22007.953,21492.194,21008.541,20556.078,20133.978,19741.490,19377.945,19042.745,18735.367,18455.358,18202.331,17975.968,17776.012,17602.272,17454.616,17332.973,17237.332,17167.739,17124.295,17107.159,17116.542,17152.708,17215.974,17306.701,17425.300,17572.226,17747.972,17953.069,18188.077,18453.584,18750.196,19078.528,19439.196,19832.806,20259.937,20721.128,21216.858,21747.521,22313.399,22914.632,23551.173,24222.735,24928.733,25668.192,26439.633,27240.922,28069.050,28919.823,29787.432,30663.822,31537.822,32393.959,33210.972,33960.199,34604.402,35098.203,35391.713,35437.900,35199.681,34648.115,33756.073,32492.246,30817.705,28686.025,26048.214,22864.106,19120.792,14853.448,10154.154,5153.649,0.000
0.000,2766.011,5536.792,8317.166,11112.077,13926.665,16766.389,19637.184,22545.707,25499.711,28508.623,31584.499,34743.648,38009.645,41419.485,45038.044,48998.303,53634.787,60000.000,60000.000,60000.000,60000.000,60000.000,60000.000,60000.000,60000.000,60000.000,60000.000,60000.000,56875.265,54754.219,53047.007,51563.681,50228.070,49003.173,47868.353,46810.991,45822.864,44898.340,44033.394,43225.020,42470.880,41769.076,41118.010,40516.289,39962.669,39456.017,38995.291,38579.531,38207.849,37879.433,37593.545,37349.525,37146.799,36984.876,36863.360,36781.948,36740.439,36738.732,36776.838,36854.875,36973.075,37131.787,37331.479,37572.738,37856.275,38182.922,38553.637,38969.498,39431.705,39941.570,40500.514,41110.052,41771.773,42487.322,43258.357,44086.501,44973.284,45920.044,46927.824,47997.221,49128.205,50319.907,51570.364,52876.252,54232.629,55632.728,57067.874,58527.597,60000.000,60000.000,60000.000,60000.000,60000.000,60000.000,60000.000,60000.000,60000.000,60000.000,60000.000,58605.971,57225.682,55872.029,54556.446,53288.537,52075.965,50924.540,49838.433,48820.439,47872.257,46994.746,46188.146,45452.264,44786.624,44190.589,43663.443,43204.470,42813.002,42488.459,42230.378,42038.436,41912.466,41852.468,41858.615,41931.263,42070.950,42278.396,42554.499,42900.328,43317.104,43806.182,44369.013,45007.092,45721.891,46514.752,47386.755,48338.533,49370.039,50480.244,51666.794,52925.607,54250.488,55632.796,57061.291,58522.258,60000.000,60000.000,60000.000,60000.000,60000.000,60000.000,60000.000,60000.000,60000.000,60000.000,60000.000,57886.103,55789.280,53725.365,51708.046,49748.333,47854.419,46031.859,44283.921,42612.018,41016.125,39495.168,38047.331,36670.312,35361.516,34118.190,32937.535,31816.768,30753.179,29744.159,28787.220,27880.007,27020.303,26206.028,25435.239,24706.127,24017.011,23366.332,22752.649,22174.634,21631.066,21120.826,20642.890,20196.329,19780.304,19394.057,19036.917,18708.290,18407.656,18134.573,17888.668,17669.642,17477.259,17311.358,17171.837,17058.664,16971.869,16911.548,16877.857,16871.017,16891.308,16939.074,17014.714,17118.689,17251.516,17413.768,17606.068,17829.093,18083.564,18370.245,18689.937,19043.471,19431.703,19855.501,20315.735,20813.268,21348.935,21923.530,22537.782,23192.330,23887.692,24624.228,25402.092,26221.163,27080.965,27980.539,28918.262,29891.580,30896.584,31927.363,32974.990,34025.969,35059.967,36046.779,36943.045,37690.655,38221.049,38470.200,38398.442,37982.706,37201.525,36023.480,34400.537,32265.910,29537.931,26134.446,22003.827,17171.193,11768.094,5979.479,0.000
0.000,2807.598,5620.736,8445.017,11286.178,14150.186,17043.361,19972.568,22945.487,25971.031,29059.989,32226.064,35487.582,38870.442,42413.392,46177.616,50262.923,54823.707,60000.000,60000.000,60000.000,60000.000,60000.000,60000.000,60000.000,60000.000,60000.000,60000.000,60000.000,57535.762,55434.184,53623.738,52020.515,50569.873,49238.581,48006.048,46859.025,45788.614,44788.592,43854.413,42982.616,42170.449,41415.631,40716.207,40070.447,39476.789,38933.800,38440.158,37994.639,37596.112,37243.537,36935.968,36672.558,36452.557,36275.323,36140.321,36047.128,35995.436,35985.060,36015.935,36088.122,36201.811,36357.324,36555.117,36795.781,37080.048,37408.791,37783.020,38203.893,38672.702,39190.882,39759.994,40381.721,41057.850,41790.247,42580.822,43431.480,44344.047,45320.183,46361.250,47468.151,48641.125,49879.493,51181.368,52543.345,53960.198,55424.652,56927.300,58456.738,60000.000,60000.000,60000.000,60000.000,60000.000,60000.000,60000.000,60000.000,60000.000,60000.000,60000.000,58541.254,57097.313,55682.073,54307.851,52984.949,51721.520,50523.649,49395.589,48340.067,47358.599,46451.787,45619.574,44861.454,44176.646,43564.214,43023.176,42552.571,42151.514,41819.241,41555.132,41358.735,41229.781,41168.196,41174.106,41247.844,41389.956,41601.197,41882.533,42235.134,42660.363,43159.760,43735.012,44387.911,45120.286,45933.916,46830.392,47810.936,48876.154,50025.706,51257.897,52569.189,53953.664,55402.527,56903.776,58442.215,60000.000,60000.000,60000.000,60000.000,60000.000,60000.000,60000.000,60000.000,60000.000,60000.000,60000.000,57819.786,55659.160,53536.050,51465.567,49459.422,47525.913,45670.271,43895.194,42201.410,40588.194,39053.809,37595.843,36211.474,34897.659,33651.272,32469.196,31348.385,30285.907,29278.969,28324.928,27421.299,26565.755,25756.124,24990.387,24266.667,23583.228,22938.466,22330.900,21759.170,21222.030,20718.337,20247.055,19807.242,19398.050,19018.722,18668.583,18347.045,18053.599,17787.811,17549.327,17337.864,17153.216,16995.245,16863.886,16759.142,16681.090,16629.873,16605.705,16608.867,16639.713,16698.661,16786.202,16902.892,17049.359,17226.293,17434.455,17674.668,17947.818,18254.852,18596.772,18974.634,19389.539,19842.630,20335.083,20868.097,21442.883,22060.656,22722.615,23429.933,24183.730,24985.060,25834.880,26734.013,27683.105,28682.553,29732.397,30832.135,31980.414,33174.479,34409.194,35675.315,36956.472,38224.195,39430.602,40500.554,41331.828,41823.587,41941.338,41682.880,41043.960,39999.716,38495.144,36439.222,33703.216,30131.972,25588.915,20059.432,13767.566,6996.176,0.000
0.000,2843.647,5693.542,8555.994,11437.443,14344.548,17284.312,20264.253,23292.657,26378.951,29534.253,32772.202,36110.189,39571.162,43186.038,46996.115,51052.073,55397.121,60000.000,60000.000,60000.000,60000.000,60000.000,60000.000,60000.000,60000.000,60000.000,60000.000,60000.000,57833.645,55823.082,53993.336,52324.876,50792.458,49375.373,48058.398,46830.624,45684.171,44613.207,43613.271,42680.818,41812.916,41007.053,40261.013,39572.787,38940.532,38362.540,37837.217,37363.081,36938.756,36562.975,36234.583,35952.537,35715.912,35523.909,35375.849,35271.186,35209.505,35190.528,35214.114,35280.263,35389.121,35540.980,35736.281,35975.619,36259.745,36589.566,36966.153,37390.736,37864.711,38389.636,38967.224,39599.345,40288.006,41035.330,41843.529,42714.856,43651.534,44655.665,45729.096,46873.243,48088.863,49375.757,50732.431,52155.694,53640.270,55178.460,56759.980,58372.072,60000.000,60000.000,60000.000,60000.000,60000.000,60000.000,60000.000,60000.000,60000.000,60000.000,60000.000,58461.814,56940.374,55451.285,54008.169,52622.171,51301.844,50053.316,48880.618,47786.091,46770.770,45834.746,44977.453,44197.908,43494.887,42867.066,42313.116,41831.777,41421.911,41082.538,40812.861,40612.283,40480.424,40417.125,40422.461,40496.740,40640.513,40854.573,41139.958,41497.951,41930.074,42438.081,43023.940,43689.799,44437.944,45270.718,46190.409,47199.076,48298.304,49488.853,50770.179,52139.819,53592.633,55120.003,56709.148,58342.852,60000.000,60000.000,60000.000,60000.000,60000.000,60000.000,60000.000,60000.000,60000.000,60000.000,60000.000,57733.978,55491.683,53294.333,51159.032,49098.218,47119.938,45228.573,43425.682,41710.791,40082.040,38536.683,37071.453,35682.817,34367.150,33120.856,31940.438,30822.546,29764.004,28761.819,27813.186,26915.492,26066.302,25263.357,24504.565,23787.991,23111.851,22474.498,21874.422,21310.236,20780.673,20284.575,19820.894,19388.682,18987.087,18615.351,18272.806,17958.868,17673.039,17414.901,17184.115,16980.422,16803.639,16653.658,16530.449,16434.053,16364.590,16322.254,16307.315,16320.117,16361.083,16430.712,16529.582,16658.347,16817.744,17008.587,17231.769,17488.266,17779.131,18105.495,18468.568,18869.633,19310.048,19791.235,20314.684,20881.943,21494.612,22154.338,22862.809,23621.747,24432.899,25298.040,26218.963,27197.483,28235.439,29334.694,30497.129,31724.610,33018.887,34381.338,35812.355,37309.954,38866.707,40463.186,42054.842,43549.326,44782.293,45551.127,45860.570,45763.623,45291.813,44436.365,43141.172,41292.678,38703.791,35101.350,30160.460,23710.075,16246.574,8237.663,0.000
0.000,2873.450,5753.795,8647.980,11563.058,14506.260,17485.095,20507.485,23581.948,26717.874,29925.883,33218.313,36609.823,40117.991,43763.494,47568.740,51552.139,55712.705,60000.000,60000.000,60000.000,60000.000,60000.000,60000.000,60000.000,60000.000,60000.000,60000.000,60000.000,57975.771,56031.225,54201.731,52493.296,50899.829,49412.192,48021.700,46721.071,45504.421,44366.991,43304.859,42314.692,41393.579,40538.903,39748.263,39019.426,38350.296,37738.902,37183.390,36682.021,36233.174,35835.353,35487.187,35187.436,34934.997,34728.905,34568.340,34452.627,34381.240,34353.806,34370.105,34430.074,34533.810,34681.574,34873.789,35111.050,35394.123,35723.952,36101.661,36528.556,37006.134,37536.080,38120.270,38760.770,39459.826,40219.854,41043.412,41933.171,42891.843,43922.105,45026.464,46207.082,47465.521,48802.417,50217.054,51706.857,53266.827,54889.010,56562.129,58271.583,60000.000,60000.000,60000.000,60000.000,60000.000,60000.000,60000.000,60000.000,60000.000,60000.000,60000.000,58365.702,56751.207,55174.696,53651.588,52193.985,50810.676,49507.496,48287.861,47153.326,46104.097,45139.457,44258.097,43458.374,42738.491,42096.629,41531.043,41040.124,40622.443,40276.778,40002.136,39797.764,39663.159,39598.074,39602.523,39676.788,39821.421,40037.251,40325.390,40687.237,41124.483,41639.113,42233.404,42909.913,43671.455,44521.055,45461.867,46497.037,47629.477,48861.525,50194.409,51627.489,53157.214,54775.827,56470.032,58220.071,60000.000,60000.000,60000.000,60000.000,60000.000,60000.000,60000.000,60000.000,60000.000,60000.000,60000.000,57624.535,55279.413,52990.776,50778.279,48654.803,46627.426,44698.830,42868.650,41134.560,39493.065,37940.048,36471.129,35081.888,33768.004,32525.334,31349.958,30238.195,29186.609,28192.006,27251.425,26362.123,25521.568,24727.421,23977.527,23269.901,22602.718,21974.302,21383.115,20827.752,20306.930,19819.485,19364.360,18940.605,18547.369,18183.899,17849.531,17543.693,17265.900,17015.747,16792.918,16597.174,16428.358,16286.394,16171.284,16083.109,16022.034,15988.300,15982.234,16004.243,16054.819,16134.538,16244.067,16384.159,16555.656,16759.496,16996.709,17268.419,17575.848,17920.315,18303.237,18726.131,19190.609,19698.383,20251.258,20851.138,21500.018,22199.986,22953.223,23762.007,24628.717,25555.847,26546.031,27602.072,28726.999,29924.150,31197.279,32550.722,33989.589,35520.002,37149.270,38885.742,40737.481,42707.233,44776.448,46859.778,48697.022,49738.167,50186.284,50219.311,49923.374,49312.818,48340.550,46886.571,44717.955,41409.206,36241.523,28373.852,19271.002,9707.904,0.000
0.000,2896.359,5800.211,8719.078,11660.555,14632.346,17642.334,20698.651,23809.788,26984.726,30233.100,33565.353,36992.811,40527.493,44181.215,47963.217,51875.043,55901.560,60000.000,60000.000,60000.000,60000.000,60000.000,60000.000,60000.000,60000.000,60000.000,60000.000,60000.000,58038.249,56124.370,54289.140,52546.841,50901.480,49351.993,47895.284,46527.700,45245.624,44045.666,42924.680,41879.727,40908.033,40006.955,39173.960,38406.617,37702.594,37059.663,36475.709,35948.735,35476.873,35058.390,34691.696,34375.352,34108.067,33888.715,33716.324,33590.091,33509.376,33473.708,33482.785,33536.479,33634.836,33778.079,33966.614,34201.030,34482.106,34810.817,35188.335,35616.042,36095.532,36628.617,37217.336,37863.959,38570.985,39341.144,40177.383,41082.844,42060.819,43114.688,44247.799,45463.304,46763.907,48151.498,49626.651,51187.967,52831.262,54548.689,56327.981,58152.145,60000.000,60000.000,60000.000,60000.000,60000.000,60000.000,60000.000,60000.000,60000.000,60000.000,60000.000,58249.857,56524.171,54844.864,53229.703,51691.748,50239.661,48878.454,47610.361,46435.646,45353.257,44361.338,43457.583,42639.505,41904.597,41250.459,40674.865,40175.810,39751.547,39400.593,39121.747,38914.089,38776.987,38710.102,38713.381,38787.075,38931.731,39148.210,39437.691,39801.686,40242.053,40761.009,41361.152,42045.472,42817.359,43680.602,44639.359,45698.082,46861.364,48133.642,49518.685,51018.717,52633.063,54356.172,56175.152,58067.421,60000.000,60000.000,60000.000,60000.000,60000.000,60000.000,60000.000,60000.000,60000.000,60000.000,60000.000,57484.834,55010.800,52611.278,50308.757,48115.593,46036.489,44071.077,42215.983,40466.233,38816.154,37259.900,35791.752,34406.265,33098.342,31863.251,30696.630,29594.460,28553.054,27569.023,26639.258,25760.904,24931.343,24148.169,23409.177,22712.341,22055.808,21437.877,20856.997,20311.750,19800.846,19323.117,18877.505,18463.063,18078.946,17724.405,17398.790,17101.540,16832.183,16590.334,16375.697,16188.055,16027.280,15893.324,15786.225,15706.102,15653.162,15627.697,15630.086,15660.799,15720.396,15809.530,15928.952,16079.511,16262.159,16477.952,16728.053,17013.737,17336.394,17697.529,18098.767,18541.856,19028.667,19561.198,20141.577,20772.061,21455.041,22193.046,22988.748,23844.973,24764.720,25751.183,26807.797,27938.301,29146.835,30438.095,31817.557,33291.818,34869.122,36560.155,38379.291,40346.536,42490.481,44852.016,47484.099,50416.440,53407.935,54518.307,54927.145,55004.009,54869.597,54551.019,54021.672,53195.127,51872.272,49576.015,45022.587,34272.816,22755.687,11322.953,0.000
0.000,2911.779,5831.614,8767.572,11727.741,14720.242,17753.251,20835.006,23973.833,27178.151,30456.449,33817.196,37268.585,40817.963,44470.662,48227.878,52083.257,56018.494,60000.000,60000.000,60000.000,60000.000,60000.000,60000.000,60000.000,60000.000,60000.000,60000.000,60000.000,58052.886,56138.917,54283.686,52503.535,50807.363,49199.135,47679.879,46248.970,44904.874,43645.548,42468.660,41371.706,40352.085,39407.149,38534.242,37730.735,36994.056,36321.714,35711.324,35160.623,34667.485,34229.937,33846.165,33514.519,33233.526,33001.886,32818.481,32682.371,32592.803,32549.204,32551.191,32598.566,32691.320,32829.639,33013.904,33244.694,33522.798,33849.213,34225.157,34652.077,35131.659,35665.838,36256.809,36907.046,37619.304,38396.638,39242.403,40160.258,41154.145,42228.254,43386.947,44634.620,45975.478,47413.167,48950.216,50587.208,52321.651,54146.564,56048.999,58009.026,60000.000,60000.000,60000.000,60000.000,60000.000,60000.000,60000.000,60000.000,60000.000,60000.000,60000.000,58109.621,56250.861,54451.035,52730.800,51103.870,49578.030,48156.596,46839.817,45626.003,44512.344,43495.474,42571.841,41737.933,40990.426,40326.256,39742.671,39237.246,38807.893,38452.862,38170.737,37960.429,37821.176,37752.538,37754.399,37826.966,37970.779,38186.718,38476.019,38840.291,39281.542,39802.209,40405.195,41093.911,41872.330,42745.031,43717.249,44794.902,45984.553,47293.260,48728.197,50295.820,52000.296,53840.752,55807.046,57874.481,60000.000,60000.000,60000.000,60000.000,60000.000,60000.000,60000.000,60000.000,60000.000,60000.000,60000.000,57304.086,54667.808,52134.967,49730.115,47462.614,45332.195,43333.392,41458.400,39698.707,38045.931,36492.202,35030.306,33653.707,32356.508,31133.394,29979.574,28890.718,27862.906,26892.581,25976.510,25111.747,24295.605,23525.630,22799.580,22115.407,21471.236,20865.358,20296.214,19762.382,19262.575,18795.625,18360.482,17956.205,17581.957,17237.003,16920.703,16632.512,16371.975,16138.728,15932.494,15753.083,15600.391,15474.402,15375.186,15302.902,15257.799,15240.214,15250.581,15289.428,15357.380,15455.166,15583.620,15743.683,15936.411,16162.978,16424.677,16722.932,17059.294,17435.454,17853.242,18314.635,18821.761,19376.904,19982.508,20641.184,21355.714,22129.060,22964.376,23865.021,24834.585,25876.921,26996.201,28196.998,29484.417,30864.284,32343.449,33930.256,35635.279,37472.524,39461.488,41630.879,44026.104,46726.423,49891.615,53914.023,60000.000,60000.000,60000.000,60000.000,60000.000,60000.000,60000.000,60000.000,60000.000,60000.000,60000.000,40939.143,26155.980,12828.223,0.000
0.000,2919.144,5846.898,8791.859,11762.599,14767.638,17815.426,20914.295,24072.396,27297.604,30597.357,33978.403,37446.376,41005.117,44655.599,48394.379,52211.614,56089.160,60000.000,60000.000,60000.000,60000.000,60000.000,60000.000,60000.000,60000.000,60000.000,60000.000,60000.000,58034.406,56094.773,54203.216,52376.332,50625.399,48957.418,47376.254,45883.570,44479.508,43163.160,41932.886,40786.545,39721.658,38735.531,37825.351,36988.262,36221.426,35522.068,34887.513,34315.217,33802.787,33347.996,32948.798,32603.333,32309.935,32067.133,31873.655,31728.429,31630.581,31579.441,31574.537,31615.601,31702.569,31835.584,32014.996,32241.374,32515.503,32838.401,33211.321,33635.764,34113.498,34646.567,35237.313,35888.397,36602.824,37383.964,38235.587,39161.881,40167.475,41257.450,42437.312,43712.931,45090.378,46575.619,48173.959,49889.099,51721.650,53666.971,55712.461,57834.970,60000.000,60000.000,60000.000,60000.000,60000.000,60000.000,60000.000,60000.000,60000.000,60000.000,60000.000,57937.825,55918.716,53977.754,52138.767,50415.114,48812.238,47330.361,45966.619,44716.546,43575.009,42536.769,41596.789,40750.401,39993.375,39321.945,38732.809,38223.113,37790.433,37432.751,37148.441,36936.250,36795.287,36725.015,36725.246,36796.144,36938.226,37152.381,37439.881,37802.409,38242.092,38761.550,39363.946,40053.067,40833.413,41710.309,42690.047,43780.037,44988.964,46326.897,47805.235,49436.246,51231.687,53199.595,55337.858,57623.478,60000.000,60000.000,60000.000,60000.000,60000.000,60000.000,60000.000,60000.000,60000.000,60000.000,60000.000,57063.777,54221.509,51530.844,49014.349,46672.827,44496.606,42472.257,40585.924,38824.712,37177.147,35633.192,34184.124,32822.345,31541.216,30334.903,29198.242,28126.647,27116.012,26162.652,25263.244,24414.780,23614.531,22860.016,22148.975,21479.351,20849.268,20257.016,19701.039,19179.923,18692.387,18237.276,17813.549,17420.278,17056.640,16721.914,16415.478,16136.802,15885.451,15661.082,15463.440,15292.359,15147.763,15029.666,14938.170,14873.471,14835.857,14825.712,14843.520,14889.864,14965.434,15071.028,15207.559,15376.058,15577.681,15813.712,16085.574,16394.829,16743.191,17132.528,17564.872,18042.424,18567.563,19142.854,19771.053,20455.117,21198.212,22003.724,22875.273,23816.726,24832.230,25926.241,27103.587,28369.550,29729.999,31191.593,32762.091,34450.841,36269.541,38233.473,40363.520,42689.616,45256.819,48136.101,51442.011,55348.066,60000.000,60000.000,60000.000,60000.000,60000.000,60000.000,60000.000,60000.000,60000.000,60000.000,60000.000,43327.781,28100.867,13833.959,0.000
0.000,2917.900,5844.977,8790.373,11763.160,14772.290,17826.527,20934.358,24103.859,27342.518,30656.979,34052.689,37533.407,41100.534,44752.241,48482.428,52279.664,56126.532,60000.000,60000.000,60000.000,60000.000,60000.000,60000.000,60000.000,60000.000,60000.000,60000.000,60000.000,57989.990,56002.595,54058.133,52173.254,50360.574,48628.991,46984.269,45429.681,43966.577,42594.856,41313.350,40120.113,39012.664,37988.169,37043.582,36175.761,35381.552,34657.861,34001.694,33410.205,32880.714,32410.734,31997.977,31640.366,31336.039,31083.351,30880.878,30727.410,30621.959,30563.749,30552.224,30587.044,30668.084,30795.442,30969.435,31190.610,31459.749,31777.874,32146.261,32566.458,33040.294,33569.904,34157.755,34806.676,35519.889,36301.059,37154.339,38084.429,39096.640,40196.957,41392.106,42689.582,44097.634,45625.105,47281.015,49073.675,51008.951,53087.263,55298.937,57618.403,60000.000,60000.000,60000.000,60000.000,60000.000,60000.000,60000.000,60000.000,60000.000,60000.000,60000.000,57723.020,55508.517,53402.626,51431.564,49605.777,47925.678,46386.251,44980.043,43698.870,42534.721,41480.169,40528.536,39673.917,38911.156,38235.784,37643.967,37132.438,36698.456,36339.758,36054.522,35841.344,35699.210,35627.492,35625.928,35694.633,35834.092,36045.183,36329.188,36687.831,37123.315,37638.382,38236.384,38921.390,39698.313,40573.090,41552.911,42646.525,43864.631,45220.359,46729.799,48412.405,50290.740,52388.178,54721.370,57281.590,60000.000,60000.000,60000.000,60000.000,60000.000,60000.000,60000.000,60000.000,60000.000,60000.000,60000.000,56729.588,53623.729,50752.719,48123.826,45717.998,43509.444,41473.452,39588.709,37837.494,36205.211,34679.793,33251.181,31910.894,30651.704,29467.381,28352.498,27302.293,26312.546,25379.499,24499.784,23670.369,22888.513,22151.734,21457.777,20804.595,20190.322,19613.264,19071.879,18564.769,18090.672,17648.447,17237.071,16855.634,16503.331,16179.460,15883.417,15614.693,15372.873,15157.636,14968.749,14806.072,14669.556,14559.242,14475.267,14417.858,14387.343,14384.149,14408.805,14461.948,14544.326,14656.805,14800.370,14976.138,15185.356,15429.418,15709.864,16028.394,16386.871,16787.338,17232.019,17723.333,18263.903,18856.567,19504.384,20210.651,20978.905,21812.944,22716.834,23694.928,24751.890,25892.726,27122.831,28448.065,29874.859,31410.392,33062.847,34841.810,36758.880,38828.584,41069.744,43507.452,46175.623,49119.278,52392.339,56036.254,60000.000,60000.000,60000.000,60000.000,60000.000,60000.000,60000.000,60000.000,60000.000,60000.000,60000.000,44271.115,29085.750,14406.745,0.000
0.000,2907.482,5824.738,8761.497,11727.381,14731.838,17784.039,20892.755,24066.170,27311.635,30635.357,34041.973,37534.034,41111.375,44770.409,48503.429,52298.084,56137.306,60000.000,60000.000,60000.000,60000.000,60000.000,60000.000,60000.000,60000.000,60000.000,60000.000,60000.000,57922.983,55867.524,53853.525,51898.045,50014.738,48213.801,46502.263,44884.434,43362.399,41936.490,40605.706,39368.066,38220.902,37161.093,36185.251,35289.859,34471.384,33726.358,33051.436,32443.438,31899.384,31416.508,30992.275,30624.385,30310.778,30049.636,29839.379,29678.664,29566.384,29501.665,29483.862,29512.561,29587.578,29708.960,29876.987,30092.179,30355.300,30667.370,31029.678,31443.793,31911.589,32435.268,33017.391,33660.915,34369.242,35146.278,35996.505,36925.071,37937.898,39041.821,40244.743,41555.815,42985.615,44546.275,46251.430,48115.721,50153.286,52374.244,54777.651,57339.716,60000.000,60000.000,60000.000,60000.000,60000.000,60000.000,60000.000,60000.000,60000.000,60000.000,60000.000,57445.790,54989.793,52692.790,50579.240,48650.935,46898.657,45309.167,43868.701,42564.467,41385.156,40320.995,39363.631,38505.959,37741.947,37066.486,36475.263,35964.656,35531.647,35173.762,34889.012,34675.860,34533.190,34460.283,34456.812,34522.832,34658.786,34865.520,35144.298,35496.841,35925.372,36432.678,37022.202,37698.160,38465.704,39331.148,40302.279,41388.793,42602.920,43960.324,45481.383,47192.992,49130.813,51341.095,53877.909,56781.530,60000.000,60000.000,60000.000,60000.000,60000.000,60000.000,60000.000,60000.000,60000.000,60000.000,60000.000,56230.916,52791.219,49732.639,47010.442,44566.142,42350.007,40323.723,38458.328,36731.746,35126.845,33630.057,32230.413,30918.879,29687.888,28531.007,27442.693,26418.122,25453.046,24543.703,23686.734,22879.127,22118.165,21401.394,20726.587,20091.725,19494.971,18934.659,18409.275,17917.446,17457.935,17029.625,16631.518,16262.726,15922.465,15610.056,15324.917,15066.561,14834.595,14628.720,14448.728,14294.503,14166.022,14063.353,13986.662,13936.211,13912.362,13915.581,13946.441,14005.626,14093.940,14212.306,14361.780,14543.555,14758.966,15009.504,15296.823,15622.746,15989.284,16398.640,16853.223,17355.659,17908.807,18515.765,19179.888,19904.798,20694.395,21552.874,22484.730,23494.779,24588.172,25770.413,27047.395,28425.442,29911.379,31512.643,33237.440,35094.990,37095.873,39252.493,41579.643,44095.010,46819.096,49773.158,52971.881,56404.634,60000.000,60000.000,60000.000,60000.000,60000.000,60000.000,60000.000,60000.000,60000.000,60000.000,60000.000,44670.929,29564.274,14707.271,0.000
0.000,2887.289,5785.000,8703.500,11653.035,14643.643,17685.041,20786.460,23956.433,27202.501,30530.844,33945.815,37449.385,41040.527,44714.594,48462.797,52271.937,56124.607,60000.000,60000.000,60000.000,60000.000,60000.000,60000.000,60000.000,60000.000,60000.000,60000.000,60000.000,57834.440,55691.031,53590.447,51550.730,49586.612,47709.306,45926.654,44243.511,42662.226,41183.141,39805.071,38525.706,37341.957,36250.235,35246.662,34327.241,33487.977,32724.970,32034.478,31412.961,30857.115,30363.885,29930.481,29554.376,29233.313,28965.301,28748.606,28581.754,28463.524,28392.941,28369.276,28392.041,28460.988,28576.113,28737.654,28946.095,29202.176,29506.902,29861.555,30267.710,30727.260,31242.442,31815.871,32450.588,33150.116,33918.528,34760.544,35681.650,36688.248,37787.861,38989.392,40303.467,41742.867,43323.065,45062.811,46984.578,49114.292,51478.824,54097.735,56962.820,60000.000,60000.000,60000.000,60000.000,60000.000,60000.000,60000.000,60000.000,60000.000,60000.000,60000.000,57070.397,54312.157,51799.611,49541.813,47520.238,45709.049,44083.287,42621.377,41305.416,40120.737,39055.342,38099.375,37244.697,36484.558,35813.336,35226.345,34719.686,34290.135,33935.056,33652.335,33440.332,33297.843,33224.077,33218.641,33281.529,33413.129,33614.233,33886.054,34230.265,34649.041,35145.130,35721.944,36383.683,37135.515,37983.820,38936.542,40003.701,41198.164,42536.837,44042.594,45747.512,47698.543,49967.565,52667.694,55966.639,60000.000,60000.000,60000.000,60000.000,60000.000,60000.000,60000.000,60000.000,60000.000,60000.000,60000.000,55402.926,51577.706,48376.333,45619.357,43186.354,41000.990,39013.413,37189.477,35504.692,33940.778,32483.620,31122.007,29846.822,28650.491,27526.621,26469.730,25475.060,24538.441,23656.181,22824.993,22041.928,21304.334,20609.812,19956.191,19341.498,18763.944,18221.904,17713.902,17238.604,16794.803,16381.415,15997.471,15642.110,15314.576,15014.216,14740.469,14492.875,14271.064,14074.759,13903.777,13758.025,13637.505,13542.313,13472.640,13428.780,13411.126,13420.179,13456.549,13520.967,13614.280,13737.470,13891.651,14078.085,14298.187,14553.536,14845.888,15177.184,15549.565,15965.387,16427.229,16937.915,17500.523,18118.404,18795.193,19534.827,20341.556,21219.957,22174.944,23211.779,24336.074,25553.807,26871.318,28295.328,29832.949,31491.710,33279.603,35205.134,37277.395,39506.107,41901.531,44474.022,47232.728,50182.479,53317.453,56610.421,60000.000,60000.000,60000.000,60000.000,60000.000,60000.000,60000.000,60000.000,60000.000,60000.000,60000.000,44848.328,29793.146,14858.066,0.000
0.000,2856.674,5724.473,8614.470,11537.617,14504.662,17526.023,20611.614,23770.604,27011.096,30339.709,33761.062,37277.166,40886.755,44584.647,48361.228,52202.263,56089.184,60000.000,60000.000,60000.000,60000.000,60000.000,60000.000,60000.000,60000.000,60000.000,60000.000,60000.000,57723.766,55471.749,53266.551,51127.876,49071.749,47110.242,45251.635,43500.843,41859.973,40328.912,38905.876,37587.883,36371.150,35251.400,34224.104,33284.656,32428.512,31651.274,30948.757,30317.034,29752.455,29251.669,28811.624,28429.568,28103.047,27829.898,27608.244,27436.480,27313.277,27237.562,27208.524,27225.601,27288.485,27397.116,27551.683,27752.631,28000.666,28296.764,28642.182,29038.481,29487.543,29991.605,30553.294,31175.677,31862.321,32617.379,33445.691,34352.923,35345.759,36432.147,37621.650,38925.932,40359.446,41940.419,43692.265,45645.565,47840.543,50329.071,53171.672,56413.837,60000.000,60000.000,60000.000,60000.000,60000.000,60000.000,60000.000,60000.000,60000.000,60000.000,60000.000,56523.686,53388.904,50651.792,48268.296,46179.316,44334.201,42693.764,41228.340,39915.339,38737.314,37680.559,36734.142,35889.228,35138.600,34476.315,33897.466,33397.990,32974.542,32624.390,32345.344,32135.696,31994.181,31919.951,31912.551,31971.916,32098.367,32292.620,32555.804,32889.496,33295.758,33777.206,34337.093,34979.430,35709.153,36532.356,37456.628,38491.543,39649.411,40946.459,42404.811,44056.057,45948.394,48163.013,50858.714,54417.351,60000.000,60000.000,60000.000,60000.000,60000.000,60000.000,60000.000,60000.000,60000.000,60000.000,60000.000,53803.156,49740.457,46575.779,43904.488,41559.151,39454.446,37539.754,35781.799,34157.124,32648.341,31242.053,29927.621,28696.382,27541.133,26455.780,25435.091,24474.519,23570.069,22718.202,21915.760,21159.910,20448.098,19778.013,19147.563,18554.843,17998.127,17475.845,16986.572,16529.018,16102.019,15704.530,15335.615,14994.447,14680.301,14392.549,14130.660,13894.198,13682.818,13496.268,13334.386,13197.104,13084.447,12996.536,12933.586,12895.917,12883.951,12898.220,12939.367,13008.158,13105.485,13232.372,13389.990,13579.658,13802.859,14061.254,14356.685,14691.199,15067.056,15486.747,15953.012,16468.854,17037.557,17662.708,18348.210,19098.299,19917.565,20810.956,21783.795,22841.780,23990.983,25237.842,26589.140,28051.979,29633.729,31341.975,33184.430,35168.822,37302.715,39593.230,42046.540,44666.978,47455.439,50406.666,53505.084,56719.617,60000.000,60000.000,60000.000,60000.000,60000.000,60000.000,60000.000,60000.000,60000.000,60000.000,60000.000,44929.237,29901.916,14931.846,0.000
0.000,2814.934,5641.751,8492.291,11378.303,14311.368,17302.779,20363.373,23503.277,26731.572,30055.836,33481.562,37011.464,40644.686,44376.011,48195.206,52086.705,56029.867,60000.000,60000.000,60000.000,60000.000,60000.000,60000.000,60000.000,60000.000,60000.000,60000.000,60000.000,57588.897,55205.681,52876.175,50622.534,48462.335,46408.359,44468.895,42648.358,40948.027,39366.784,37901.771,36548.945,35303.514,34160.275,33113.866,32158.948,31290.328,30503.050,29792.444,29154.168,28584.216,28078.932,27635.002,27249.453,26919.640,26643.238,26418.229,26242.890,26115.785,26035.753,26001.902,26013.603,26070.484,26172.429,26319.577,26512.327,26751.338,27037.545,27372.166,27756.721,28193.054,28683.364,29230.240,29836.712,30506.315,31243.172,32052.102,32938.769,33909.883,34973.470,36139.270,37419.296,38828.684,40387.001,42120.355,44064.949,46273.303,48825.289,51846.069,55520.866,60000.000,60000.000,60000.000,60000.000,60000.000,60000.000,60000.000,60000.000,60000.000,60000.000,60000.000,55635.487,52068.056,49150.456,46700.389,44594.680,42754.846,41129.426,39683.096,38390.527,37232.878,36195.713,35267.700,34439.783,33704.618,33056.194,32489.558,32000.621,31586.015,31242.988,30969.329,30763.303,30623.614,30549.372,30540.075,30595.594,30716.174,30902.438,31155.403,31476.503,31867.625,32331.167,32870.102,33488.087,34189.589,34980.084,35866.312,36856.654,37961.679,39194.956,40574.290,42123.646,43876.072,45877.463,48186.852,50844.076,53637.497,54753.704,55267.557,55521.479,55636.914,55658.313,55595.681,55433.499,55119.026,54513.845,53232.288,50069.319,47005.301,44281.985,41863.847,39691.527,37718.135,35909.634,34241.146,32694.001,31253.773,29909.022,28650.461,27470.397,26362.347,25320.767,24340.852,23418.394,22549.672,21731.374,20960.530,20234.465,19550.761,18907.224,18301.860,17732.855,17198.558,16697.469,16228.224,15789.588,15380.445,14999.795,14646.743,14320.499,14020.371,13745.762,13496.170,13271.187,13070.491,12893.856,12741.142,12612.304,12507.388,12426.536,12369.987,12338.083,12331.269,12350.102,12395.254,12467.521,12567.827,12697.236,12856.959,13048.367,13273.001,13532.584,13829.038,14164.497,14541.325,14962.135,15429.805,15947.503,16518.701,17147.203,17837.163,18593.105,19419.940,20322.981,21307.955,22380.998,23548.651,24817.832,26195.798,27690.071,29308.344,31058.336,32947.602,34983.264,37171.645,39517.762,42024.596,44692.056,47515.501,50483.743,53576.649,56762.979,60000.000,60000.000,60000.000,60000.000,60000.000,60000.000,60000.000,60000.000,60000.000,60000.000,60000.000,44966.704,29953.434,14967.403,0.000
0.000,2761.314,5535.307,8334.640,11171.938,14059.729,17010.356,20035.823,23147.562,26356.083,29670.502,33097.889,36642.444,40304.514,44079.507,47956.882,51919.483,55943.582,60000.000,60000.000,60000.000,60000.000,60000.000,60000.000,60000.000,60000.000,60000.000,60000.000,60000.000,57426.157,54885.934,52409.978,50023.804,47746.763,45592.040,43567.315,41675.764,39917.101,38288.542,36785.607,35402.749,34133.830,32972.472,31912.300,30947.110,30070.979,29278.334,28563.991,27923.171,27351.510,26845.045,26400.209,26013.816,25683.041,25405.408,25178.770,25001.294,24871.449,24787.994,24749.962,24756.658,24807.653,24902.772,25042.103,25225.990,25455.042,25730.138,26052.438,26423.401,26844.803,27318.765,27847.792,28434.812,29083.244,29797.071,30580.947,31440.332,32381.686,33412.725,34542.796,35783.418,37149.102,38658.643,40337.288,42220.643,44362.489,46852.754,49866.477,53823.568,60000.000,60000.000,60000.000,60000.000,60000.000,60000.000,60000.000,60000.000,60000.000,60000.000,60000.000,53950.250,50097.446,47181.685,44788.242,42744.308,40961.241,39386.182,37984.293,36731.014,35608.199,34601.970,33701.433,32897.869,32184.194,31554.596,31004.272,30529.249,30126.244,29792.562,29526.028,29324.923,29187.951,29114.201,29103.132,29154.556,29268.638,29445.893,29687.197,29993.808,30367.385,30810.033,31324.350,31913.498,32581.293,33332.323,34172.107,35107.289,36145.885,37297.566,38573.896,39988.290,41554.891,43283.998,45167.220,47134.647,48952.240,50109.785,50795.063,51181.461,51367.881,51400.675,51290.931,51019.311,50528.790,49704.102,48346.049,46236.619,43929.559,41683.158,39577.563,37625.180,35817.165,34139.760,32579.441,31124.276,29764.071,28490.170,27295.196,26172.813,25117.532,24124.552,23189.640,22309.034,21479.373,20697.632,19961.078,19267.234,18613.848,17998.865,17420.414,16876.786,16366.422,15887.899,15439.926,15021.331,14631.054,14268.143,13931.752,13621.128,13335.617,13074.656,12837.775,12624.590,12434.809,12268.226,12124.726,12004.283,11906.964,11832.929,11782.437,11755.847,11753.624,11776.344,11824.699,11899.510,12001.724,12132.434,12292.884,12484.483,12708.815,12967.655,13262.986,13597.014,13972.190,14391.227,14857.123,15373.189,15943.064,16570.750,17260.630,18017.496,18846.569,19753.519,20744.472,21826.015,23005.180,24289.409,25686.498,27204.493,28851.547,30635.710,32564.641,34645.225,36883.054,39281.765,41842.187,44561.282,47430.870,50436.233,53554.836,56755.665,60000.000,60000.000,60000.000,60000.000,60000.000,60000.000,60000.000,60000.000,60000.000,60000.000,60000.000,44984.145,29977.715,14984.332,0.000
0.000,2695.017,5403.522,8139.028,10915.082,13745.256,16643.094,19622.005,22695.065,25874.699,29172.204,32597.049,36155.913,39851.422,43680.621,47633.333,51690.763,55824.977,60000.000,60000.000,60000.000,60000.000,60000.000,60000.000,60000.000,60000.000,60000.000,60000.000,60000.000,57229.817,54501.948,51854.038,49315.989,46908.936,44645.792,42532.644,40570.372,38756.170,37084.786,35549.485,34142.739,32856.719,31683.626,30615.902,29646.370,28768.308,27975.488,27262.190,26623.200,26053.795,25549.721,25107.171,24722.761,24393.505,24116.791,23890.358,23712.279,23580.941,23495.027,23453.510,23455.635,23500.914,23589.121,23720.289,23894.704,24112.915,24375.736,24684.254,25039.845,25444.189,25899.297,26407.538,26971.683,27594.953,28281.091,29034.443,29860.080,30763.947,31753.081,32835.895,34022.593,35325.765,36761.271,38349.591,40117.913,42103.310,44356.803,46943.545,49906.941,53012.396,54259.925,54841.336,55137.054,55282.876,55329.745,55291.385,55155.239,54872.104,54309.732,53096.681,50068.118,47189.862,44690.687,42526.697,40633.203,38959.779,37469.940,36137.069,34941.243,33867.156,32902.772,32038.445,31266.330,30579.970,29974.008,29443.982,28986.165,28597.460,28275.304,28017.616,27822.734,27689.390,27616.674,27604.019,27651.182,27758.246,27925.609,28153.991,28444.444,28798.363,29217.508,29704.033,30260.517,30890.000,31596.034,32382.715,33254.703,34217.182,35275.685,36435.579,37700.851,39071.307,40536.506,42063.449,43575.107,44927.070,45938.167,46621.479,47041.449,47252.500,47285.602,47148.084,46824.061,46272.760,45427.780,44211.256,42601.643,40793.277,38943.667,37138.236,35414.658,33785.807,32253.047,30812.853,29459.888,28188.385,26992.735,25867.707,24808.518,23810.827,22870.700,21984.571,21149.201,20361.643,19619.208,18919.438,18260.083,17639.080,17054.538,16504.723,15988.042,15503.041,15048.387,14622.868,14225.380,13854.927,13510.612,13191.636,12897.292,12626.965,12380.127,12156.339,11955.249,11776.587,11620.173,11485.912,11373.797,11283.912,11216.434,11171.636,11149.891,11151.677,11177.585,11228.321,11304.718,11407.741,11538.501,11698.263,11888.460,12110.704,12366.809,12658.800,12988.938,13359.736,13773.988,14234.791,14745.569,15310.108,15932.579,16617.572,17370.126,18195.754,19100.469,20090.799,21173.793,22357.008,23648.473,25056.620,26590.165,28257.928,30068.580,32030.273,34150.163,36433.779,38884.230,41501.256,44280.139,47210.559,50275.554,53450.838,56704.857,60000.000,60000.000,60000.000,60000.000,60000.000,60000.000,60000.000,60000.000,60000.000,60000.000,60000.000,44992.160,29988.949,14992.211,0.000
0.000,2615.231,5244.737,7902.868,10604.107,13363.119,16194.761,19114.041,22135.996,25275.447,28546.568,31962.193,35532.737,39264.640,43158.225,47205.068,51385.261,55665.562,60000.000,60000.000,60000.000,60000.000,60000.000,60000.000,60000.000,60000.000,60000.000,60000.000,60000.000,56991.177,54038.030,51188.272,48477.225,45927.254,43549.616,41347.171,39316.995,37452.513,35745.050,34184.917,32762.120,31466.808,30289.543,29221.453,28254.308,27380.548,26593.277,25886.245,25253.815,24690.924,24193.051,23756.175,23376.739,23051.618,22778.086,22553.790,22376.723,22245.207,22157.866,22113.618,22111.659,22151.450,22232.714,22355.428,22519.821,22726.376,22975.832,23269.190,23607.725,23992.997,24426.875,24911.555,25449.597,26043.959,26698.053,27415.804,28201.736,29061.075,29999.882,31025.226,32145.399,33370.188,34711.171,36181.967,37798.172,39576.088,41527.646,43643.990,45848.275,47882.734,49185.981,49968.372,50424.015,50664.713,50744.727,50680.567,50457.478,50023.461,49270.164,48008.909,46035.729,43903.269,41864.592,39994.764,38302.152,36774.872,35396.888,34152.973,33029.924,32016.615,31103.734,30283.477,29549.280,28895.601,28317.750,27811.754,27374.251,27002.411,26693.872,26446.692,26259.306,26130.501,26059.387,26045.384,26088.204,26187.848,26344.594,26558.996,26831.888,27164.379,27557.860,28014.005,28534.769,29122.379,29779.308,30508.211,31311.804,32192.623,33152.561,34192.018,35308.344,36493.082,37727.356,38975.035,40175.320,41242.816,42094.376,42711.276,43110.391,43315.102,43341.185,43191.782,42856.133,42310.463,41523.066,40469.630,39165.517,37698.354,36160.135,34617.219,33109.594,31658.564,30274.001,28959.291,27714.315,26537.147,25424.998,24374.720,23383.089,22446.942,21563.253,20729.164,19941.994,19199.244,18498.589,17837.868,17215.078,16628.365,16076.012,15556.433,15068.168,14609.871,14180.309,13778.354,13402.979,13053.253,12728.338,12427.489,12150.045,11895.431,11663.159,11452.822,11264.094,11096.734,10950.584,10825.567,10721.695,10639.065,10577.868,10538.388,10521.006,10526.209,10554.593,10606.872,10683.883,10786.599,10916.137,11073.770,11260.941,11479.279,11730.614,12016.996,12340.717,12704.334,13110.694,13562.965,14064.661,14619.678,15232.331,15907.386,16650.101,17466.256,18362.193,19344.835,20421.706,21600.925,22891.177,24301.648,25841.902,27521.689,29350.655,31337.933,33491.581,35817.852,38320.282,40998.605,43847.570,46855.762,50004.651,53268.141,56612.939,60000.000,60000.000,60000.000,60000.000,60000.000,60000.000,60000.000,60000.000,60000.000,60000.000,60000.000,44995.546,29993.712,14995.561,0.000
0.000,2521.169,5057.329,7623.600,10235.360,12908.354,15658.791,18503.403,21459.433,24544.525,27776.431,31172.417,34748.205,38516.176,42482.572,46643.452,50979.651,55452.012,60000.000,60000.000,60000.000,60000.000,60000.000,60000.000,60000.000,60000.000,60000.000,60000.000,60000.000,56696.877,53470.745,50383.829,47477.428,44773.292,42278.309,39989.496,37898.004,35991.923,34258.077,32683.116,31254.127,29958.967,28786.408,27726.187,26768.997,25906.440,25130.976,24435.852,23815.046,23263.197,22775.551,22347.910,21976.577,21658.319,21390.325,21170.173,20995.802,20865.483,20777.799,20731.626,20726.120,20760.700,20835.043,20949.074,21102.962,21297.120,21532.207,21809.127,22129.041,22493.371,22903.817,23362.373,23871.347,24433.384,25051.501,25729.122,26470.118,27278.859,28160.262,29119.832,30163.688,31298.509,32531.336,33869.004,35316.780,36875.276,38533.745,40256.529,41959.459,43484.306,44632.907,45422.172,45925.933,46207.247,46303.898,46228.694,45970.662,45494.123,44738.583,43633.102,42162.677,40522.961,38869.733,37285.713,35805.886,34440.802,33189.915,32048.171,31009.039,30065.835,29212.274,28442.662,27751.934,27135.638,26589.880,26111.283,25696.930,25344.323,25051.348,24816.244,24637.571,24514.194,24445.263,24430.198,24468.674,24560.616,24706.184,24905.770,25159.984,25469.649,25835.783,26259.583,26742.391,27285.645,27890.800,28559.196,29291.847,30089.097,30950.056,31871.713,32847.537,33865.420,34904.885,35934.087,36908.385,37774.553,38485.295,39018.901,39373.777,39556.372,39572.297,39421.771,39098.277,38589.950,37884.461,36978.761,35892.541,34674.604,33381.436,32061.064,30748.110,29465.051,28225.319,27036.233,25901.191,24821.171,23795.688,22823.405,21902.512,21030.954,20206.580,19427.226,18690.773,17995.173,17338.472,16718.817,16134.461,15583.766,15065.197,14577.328,14118.833,13688.483,13285.150,12907.795,12555.469,12227.314,11922.553,11640.495,11380.528,11142.123,10924.826,10728.265,10552.143,10396.246,10260.433,10144.650,10048.921,9973.356,9918.154,9883.606,9870.097,9878.116,9908.259,9961.237,10037.886,10139.172,10266.207,10420.261,10602.772,10815.365,11059.870,11338.341,11653.079,12006.658,12401.951,12842.164,13330.868,13872.038,14470.094,15129.942,15857.022,16657.350,17537.571,18504.988,19567.602,20734.123,22013.960,23417.174,24954.371,26636.516,28474.647,30479.432,32660.564,35025.936,37580.587,40325.439,43255.878,46360.349,49619.206,53004.171,56478.769,60000.000,60000.000,60000.000,60000.000,60000.000,60000.000,60000.000,60000.000,60000.000,60000.000,60000.000,44996.314,29994.792,14996.320,0.000
0.000,2412.117,4839.809,7298.846,9805.380,12376.146,15028.649,17781.349,20653.808,23666.791,26842.212,30202.842,33771.489,37569.289,41612.435,45906.520,50437.879,55162.836,60000.000,60000.000,60000.000,60000.000,60000.000,60000.000,60000.000,60000.000,60000.000,60000.000,60000.000,56325.598,52764.268,49398.901,46275.406,43410.225,40800.888,38434.564,36293.675,34359.177,32612.308,31035.436,29612.407,28328.632,27171.048,26128.011,25189.177,24345.371,23588.469,22911.284,22307.466,21771.416,21298.202,20883.493,20523.500,20214.919,19954.888,19740.945,19570.999,19443.295,19356.392,19309.141,19300.669,19330.362,19397.858,19503.034,19646.002,19827.105,20046.915,20306.235,20606.101,20947.785,21332.803,21762.924,22240.178,22766.868,23345.579,23979.190,24670.874,25424.095,26242.579,27130.252,28091.101,29128.906,30246.736,31445.999,32724.728,34074.541,35475.570,36888.957,38248.757,39462.145,40439.189,41161.496,41650.314,41934.463,42034.942,41959.666,41702.377,41243.814,40556.978,39622.285,38458.971,37156.232,35805.749,34472.562,33194.986,31992.657,30873.933,29840.907,28892.386,28025.585,27237.050,26523.156,25880.362,25305.348,24795.072,24346.798,23958.097,23626.842,23351.200,23129.612,22960.789,22843.693,22777.526,22761.721,22795.927,22880.003,23013.999,23198.151,23432.860,23718.673,24056.257,24446.362,24889.765,25387.198,25939.227,26546.091,27207.447,27922.005,28686.986,29497.357,30344.779,31216.267,32092.762,32948.116,33749.643,34461.773,35053.400,35505.303,35809.492,35964.357,35969.907,35824.779,35525.309,35066.660,34446.140,33668.498,32751.378,31726.198,30630.070,29497.639,28356.897,27228.393,26126.195,25059.351,24033.287,23050.916,22113.454,21220.995,20372.911,19568.110,18805.230,18082.749,17399.073,16752.592,16141.712,15564.883,15020.612,14507.479,14024.134,13569.310,13141.820,12740.558,12364.499,12012.698,11684.290,11378.486,11094.576,10831.924,10589.970,10368.227,10166.282,9983.795,9820.499,9676.201,9550.784,9444.208,9356.511,9287.811,9238.312,9208.307,9198.180,9208.415,9239.602,9292.440,9367.752,9466.490,9589.749,9738.778,9914.996,10120.007,10355.621,10623.872,10927.046,11267.703,11648.713,12073.286,12545.014,13067.907,13646.448,14285.637,14991.051,15768.899,16626.084,17570.262,18609.895,19754.294,21013.642,22398.977,23922.133,25595.586,27432.193,29444.775,31645.481,34044.894,36650.828,39466.801,42490.249,45710.623,49107.705,52650.600,56297.977,60000.000,60000.000,60000.000,60000.000,60000.000,60000.000,60000.000,60000.000,60000.000,60000.000,60000.000,44994.919,29992.821,14994.929,0.000
0.000,2287.490,4590.947,6926.594,9311.168,11762.201,14298.312,16939.535,19707.663,22626.617,25722.788,29025.250,32565.621,36377.059,40491.359,44932.312,49702.511,54761.451,60000.000,60000.000,60000.000,60000.000,60000.000,60000.000,60000.000,60000.000,60000.000,60000.000,60000.000,55841.261,51861.850,48172.127,44815.106,41791.358,39080.507,36654.255,34483.019,32538.874,30796.622,29233.999,27831.523,26572.205,25441.244,24425.742,23514.444,22697.519,21966.371,21313.477,20732.252,20216.936,19762.487,19364.506,19019.159,18723.120,18473.513,18267.875,18104.110,17980.464,17895.491,17848.036,17837.211,17862.381,17923.152,18019.360,18151.064,18318.536,18522.266,18762.948,19041.491,19359.009,19716.826,20116.477,20559.704,21048.457,21584.880,22171.302,22810.204,23504.171,24255.805,25067.587,25941.641,26879.357,27880.773,28943.590,30061.646,31222.637,32405.077,33575.008,34684.498,35676.356,36500.229,37134.328,37579.385,37845.366,37941.763,37872.675,37635.393,37221.807,36623.270,35840.133,34894.744,33837.312,32724.546,31603.887,30508.942,29461.017,28472.379,27549.273,26694.159,25907.225,25187.355,24532.728,23941.198,23410.514,22938.464,22522.948,22162.031,21853.969,21597.217,21390.441,21232.507,21122.489,21059.655,21043.459,21073.537,21149.691,21271.877,21440.191,21654.841,21916.129,22224.406,22580.029,22983.290,23434.325,23932.983,24478.647,25069.987,25704.619,26378.644,27086.062,27818.052,28562.198,29301.859,30016.042,30680.363,31269.552,31761.282,32139.470,32394.576,32521.705,32518.244,32382.181,32111.576,31705.305,31165.014,30497.795,29718.369,28848.848,27915.129,26942.665,25953.598,24965.602,23991.903,23041.892,22121.911,21235.989,20386.470,19574.483,18800.310,18063.648,17363.796,16699.795,16070.522,15474.767,14911.270,14378.770,13876.019,13401.805,12954.962,12534.380,12139.011,11767.869,11420.037,11094.662,10790.964,10508.228,10245.809,10003.129,9779.678,9575.014,9388.763,9220.618,9070.340,8937.761,8822.781,8725.374,8645.588,8583.548,8539.458,8513.609,8506.377,8518.237,8549.763,8601.634,8674.653,8769.743,8887.971,9030.551,9198.865,9394.479,9619.159,9874.898,10163.936,10488.794,10852.302,11257.637,11708.365,12208.490,12762.504,13375.448,14052.975,14801.427,15627.910,16540.374,17547.702,18659.783,19887.586,21243.198,22739.822,24391.707,26213.955,28222.169,30431.849,32857.472,35511.151,38400.795,41527.781,44884.258,48450.439,52192.576,56062.547,60000.000,60000.000,60000.000,60000.000,60000.000,60000.000,60000.000,60000.000,60000.000,60000.000,60000.000,44990.540,29986.646,14990.573,0.000
0.000,2146.896,4309.896,6505.415,8750.499,11063.178,13462.865,15970.816,18610.691,21409.229,24397.073,27609.749,31088.688,34881.966,39043.632,43628.860,48678.402,54180.459,60000.000,60000.000,60000.000,60000.000,60000.000,60000.000,60000.000,60000.000,60000.000,60000.000,60000.000,55177.605,50669.761,46612.679,43021.566,39859.634,37075.572,34618.983,32445.334,30516.745,28801.378,27272.495,25907.566,24687.509,23596.077,22619.370,21745.443,20964.000,20266.131,19644.117,19091.253,18601.713,18170.433,17793.016,17465.645,17185.024,16948.309,16753.070,16597.244,16479.102,16397.217,16350.446,16337.902,16358.943,16413.153,16500.335,16620.498,16773.852,16960.801,17181.938,17438.040,17730.064,18059.143,18426.577,18833.826,19282.490,19774.292,20311.039,20894.570,21526.675,22208.973,22942.733,23728.596,24566.178,25453.470,26386.002,27355.679,28349.330,29347.133,30321.536,31237.900,32058.577,32751.067,33296.225,33687.554,33925.875,34014.090,33953.905,33744.740,33384.783,32874.202,32220.277,31442.612,30573.791,29651.308,28709.580,27775.969,26870.193,26005.407,25189.770,24427.886,23721.947,23072.567,22479.363,21941.354,21457.224,21025.503,20644.685,20313.304,20029.981,19793.462,19602.629,19456.516,19354.310,19295.351,19279.129,19305.274,19373.548,19483.827,19636.087,19830.375,20066.780,20345.388,20666.230,21029.206,21433.985,21879.878,22365.664,22889.366,23447.961,24037.022,24650.298,25279.260,25912.699,26536.508,27133.901,27686.274,28174.848,28582.758,28896.768,29107.688,29209.692,29199.232,29074.180,28833.568,28478.035,28010.887,27439.380,26775.549,26035.797,25239.049,24404.422,23549.373,22688.672,21834.095,20994.592,20176.676,19384.879,18622.185,17890.402,17190.461,16522.650,15886.799,15282.412,14708.769,14165.006,13650.169,13163.255,12703.246,12269.126,11859.904,11474.622,11112.367,10772.271,10453.522,10155.362,9877.094,9618.077,9377.730,9155.535,8951.033,8763.826,8593.578,8440.015,8302.926,8182.165,8077.648,7989.363,7917.363,7861.776,7822.804,7800.730,7795.919,7808.827,7840.005,7890.107,7959.902,8050.276,8162.252,8296.995,8455.835,8640.277,8852.025,9093.003,9365.380,9671.601,10014.420,10396.941,10822.659,11295.515,11819.952,12400.985,13044.274,13756.214,14544.031,15415.888,16381.008,17449.792,18633.951,19946.620,21402.452,23017.653,24809.927,26798.256,29002.416,31442.123,34135.621,37097.540,40335.901,43848.248,47617.260,51606.747,55759.641,60000.000,60000.000,60000.000,60000.000,60000.000,60000.000,60000.000,60000.000,60000.000,60000.000,60000.000,44980.597,29972.648,14980.718,0.000
0.000,1990.197,3996.326,6034.671,8122.235,10277.149,12519.154,14870.175,17355.058,20002.535,22846.529,25927.983,29297.419,33018.484,37172.344,41861.093,47201.778,53281.983,60000.000,60000.000,60000.000,60000.000,60000.000,60000.000,60000.000,60000.000,60000.000,60000.000,60000.000,54199.411,49026.928,44587.283,40798.874,37550.076,34743.208,32300.818,30162.641,28281.455,26619.715,25147.107,23838.814,22674.270,21636.271,20710.306,19884.055,19147.004,18490.141,17905.713,17387.038,16928.342,16524.633,16171.596,15865.504,15603.143,15381.754,15198.980,15052.824,14941.611,14863.960,14818.758,14805.140,14822.465,14870.312,14948.457,15056.870,15195.700,15365.275,15566.086,15798.787,16064.182,16363.220,16696.975,17066.639,17473.490,17918.859,18404.088,18930.452,19499.069,20110.759,20765.848,21463.903,22203.351,22980.987,23791.319,24625.787,25471.913,26312.626,27126.136,27887.018,28569.013,29149.262,29611.974,29948.755,30156.512,30234.843,30184.139,30004.910,29698.415,29268.513,28724.207,28081.688,27363.988,26597.382,25807.230,25015.248,24238.472,23489.389,22776.626,22105.787,21480.237,20901.739,20370.949,19887.782,19451.680,19061.802,18717.155,18416.690,18159.367,17944.199,17770.279,17636.800,17543.066,17488.495,17472.616,17495.066,17555.580,17653.974,17790.129,17963.962,18175.392,18424.295,18710.451,19033.464,19392.670,19787.013,20214.891,20673.969,21160.945,21671.284,22198.939,22736.079,23272.905,23797.646,24296.845,24756.047,25160.861,25498.187,25757.206,25929.763,26010.192,25994.863,25881.793,25670.535,25362.441,24961.189,24473.367,23908.734,23279.840,22600.956,21886.719,21150.932,20405.761,19661.371,18925.876,18205.506,17504.861,16827.199,16174.703,15548.715,14949.941,14378.598,13834.555,13317.417,12826.613,12361.448,11921.150,11504.905,11111.880,10741.244,10392.186,10063.917,9755.686,9466.783,9196.544,8944.350,8709.636,8491.886,8290.639,8105.486,7936.074,7782.105,7643.337,7519.585,7410.724,7316.686,7237.466,7173.125,7123.788,7089.651,7070.984,7068.135,7081.536,7111.709,7159.273,7224.951,7309.584,7414.135,7539.709,7687.563,7859.125,8056.011,8280.052,8533.315,8818.138,9137.159,9493.362,9890.121,10331.255,10821.093,11364.545,11967.192,12635.385,13376.361,14198.381,15110.879,16124.645,17252.012,18507.075,19905.894,21466.694,23210.002,25158.653,27337.564,29773.100,32491.768,35517.927,38870.106,42555.629,46563.645,50857.534,55369.279,60000.000,60000.000,60000.000,60000.000,60000.000,60000.000,60000.000,60000.000,60000.000,60000.000,60000.000,44959.200,29942.631,14959.650,0.000
0.000,1817.566,3650.542,5514.711,7426.620,9404.029,11466.427,13635.671,15936.833,18399.323,21058.527,23958.235,27154.523,30722.208,34766.166,39441.393,44985.632,51745.696,60000.000,60000.000,60000.000,60000.000,60000.000,60000.000,60000.000,60000.000,60000.000,60000.000,60000.000,52593.119,46651.271,41910.672,38036.596,34798.623,32046.402,29678.484,27623.007,25826.771,24248.977,22857.470,21626.379,20534.557,19564.507,18701.608,17933.550,17249.909,16641.805,16101.652,15622.942,15200.084,14828.264,14503.338,14221.739,13980.401,13776.696,13608.386,13473.574,13370.673,13298.369,13255.605,13241.549,13255.583,13297.288,13366.427,13462.937,13586.917,13738.623,13918.454,14126.947,14364.764,14632.679,14931.564,15262.362,15626.062,16023.657,16456.086,16924.163,17428.469,17969.217,18546.067,19157.877,19802.395,20475.861,21172.551,21884.277,22599.951,23305.357,23983.395,24615.052,25181.220,25665.018,26053.676,26339.000,26516.597,26584.653,26542.926,26392.372,26135.487,25777.264,25326.392,24795.991,24203.147,23567.063,22906.778,22239.397,21579.143,20937.144,20321.656,19738.507,19191.591,18683.326,18215.039,17787.278,17400.054,17053.015,16745.592,16477.088,16246.756,16053.848,15897.649,15777.503,15692.825,15643.110,15627.936,15646.955,15699.890,15786.518,15906.648,16060.103,16246.676,16466.092,16717.952,17001.662,17316.344,17660.730,18033.030,18430.780,18850.663,19288.322,19738.179,20193.288,20645.269,21084.391,21499.845,21880.262,22214.413,22491.974,22704.152,22844.012,22906.496,22888.284,22787.642,22604.394,22340.064,21998.126,21584.235,21106.261,20573.961,19998.313,19390.675,18761.992,18122.200,17479.893,16842.188,16214.774,15602.037,15007.236,14432.693,13879.968,13350.019,12843.332,12360.034,11899.984,11462.842,11048.130,10655.271,10283.631,9932.539,9601.312,9289.269,8995.744,8720.095,8461.709,8220.011,7994.464,7784.572,7589.884,7409.996,7244.548,7093.232,6955.786,6831.999,6721.712,6624.817,6541.262,6471.050,6414.240,6370.956,6341.382,6325.773,6324.452,6337.823,6366.369,6410.667,6471.387,6549.309,6645.328,6760.471,6895.907,7052.965,7233.155,7438.185,7669.993,7930.771,8223.003,8549.508,8913.481,9318.558,9768.877,10269.160,10824.806,11442.005,12127.873,12890.609,13739.687,14686.089,15742.563,16923.947,18247.517,19733.379,21404.872,23288.915,25416.203,27821.045,30540.512,33612.372,37071.027,40940.567,45224.192,49890.487,54859.946,60000.000,60000.000,60000.000,60000.000,60000.000,60000.000,60000.000,60000.000,60000.000,60000.000,60000.000,44913.572,29879.025,14915.251,0.000
0.000,1629.527,3273.567,4947.009,6665.506,8445.923,10306.852,12269.253,14357.278,16599.400,19030.019,21691.909,24640.228,27949.661,31728.720,36152.682,41553.663,48715.169,60000.000,60000.000,60000.000,60000.000,60000.000,60000.000,60000.000,60000.000,60000.000,60000.000,60000.000,49521.803,43074.378,38367.558,34638.240,31561.445,28965.327,26743.748,24824.173,23153.692,21692.003,20407.471,19274.734,18273.138,17385.659,16598.138,15898.705,15277.353,14725.601,14236.231,13803.081,13420.876,13085.092,12791.847,12537.809,12320.121,12136.341,11984.392,11862.515,11769.237,11703.342,11663.844,11649.969,11661.133,11696.933,11757.128,11841.634,11950.508,12083.943,12242.256,12425.878,12635.339,12871.260,13134.326,13425.267,13744.821,14093.698,14472.512,14881.715,15321.493,15791.638,16291.384,16819.200,17372.541,17947.558,18538.788,19138.860,19738.291,20325.488,20887.065,21408.602,21875.821,22275.936,22598.735,22836.993,22986.247,23044.267,23010.564,22886.194,22673.924,22378.699,22008.145,21572.779,21085.595,20560.999,20013.485,19456.484,18901.634,18358.470,17834.435,17335.087,16864.394,16425.040,16018.715,15646.357,15308.363,15004.740,14735.239,14499.447,14296.858,14126.927,13989.108,13882.879,13807.762,13763.329,13749.205,13765.071,13810.649,13885.695,13989.979,14123.258,14285.245,14475.569,14693.723,14939.002,15210.423,15506.636,15825.818,16165.551,16522.691,16893.242,17272.243,17653.694,18030.558,18394.861,18737.937,19050.794,19324.602,19551.188,19723.462,19835.679,19883.539,19864.179,19776.143,19619.386,19395.350,19107.073,18759.253,18358.186,17911.508,17427.748,16915.775,16384.266,15841.273,15293.936,14748.345,14209.513,13681.433,13167.181,12669.040,12188.631,11727.031,11284.880,10862.479,10459.864,10076.873,9713.196,9368.421,9042.062,8733.593,8442.461,8168.106,7909.973,7667.523,7440.236,7227.622,7029.219,6844.604,6673.387,6515.218,6369.789,6236.831,6116.120,6007.475,5910.761,5825.887,5752.812,5691.545,5642.145,5604.727,5579.463,5566.584,5566.388,5579.241,5605.585,5645.941,5700.920,5771.232,5857.690,5961.229,6082.913,6223.955,6385.733,6569.811,6777.965,7012.208,7274.830,7568.432,7895.979,8260.854,8666.925,9118.631,9621.079,10180.163,10802.714,11496.682,12271.353,13137.630,14108.366,15198.786,16426.989,17814.565,19387.315,21176.045,23217.389,25554.452,28236.943,31320.087,34861.119,38911.461,43502.098,48620.293,54180.024,60000.000,60000.000,60000.000,60000.000,60000.000,60000.000,60000.000,60000.000,60000.000,60000.000,60000.000,44816.063,29744.645,14822.331,0.000
0.000,1426.973,2867.192,4334.252,5842.473,7407.306,9045.808,10777.210,12623.627,14610.981,16770.239,19139.156,21764.818,24707.488,28046.372,31886.954,36361.168,41561.317,47068.504,49213.543,50170.844,50635.755,50857.600,50930.988,50882.936,50693.604,50279.389,49413.847,47460.161,42419.724,37756.893,33846.960,30587.381,27843.614,25509.743,23507.039,21776.280,20271.864,18957.917,17805.725,16792.000,15897.655,15106.913,14406.641,13785.842,13235.264,12747.083,12314.662,11932.350,11595.324,11299.461,11041.230,10817.611,10626.016,10464.242,10330.413,10222.943,10140.506,10082.006,10046.551,10033.439,10042.137,10072.270,10123.607,10196.049,10289.624,10404.471,10540.834,10699.049,10879.535,11082.773,11309.289,11559.630,11834.330,12133.868,12458.613,12808.753,13184.208,13584.512,14008.682,14455.045,14921.055,15403.084,15896.221,16394.115,16888.897,17371.268,17830.799,18256.493,18637.548,18964.193,19228.356,19424.008,19547.151,19595.626,19568.893,19467.938,19295.346,19055.494,18754.743,18401.422,18005.497,17577.903,17129.732,16671.480,16212.505,15760.737,15322.602,14903.094,14505.945,14133.818,13788.518,13471.175,13182.405,12922.452,12691.291,12488.719,12314.419,12168.014,12049.097,11957.267,11892.140,11853.360,11840.608,11853.595,11892.060,11955.754,12044.432,12157.818,12295.587,12457.322,12642.473,12850.299,13079.804,13329.664,13598.142,13882.994,14181.383,14489.782,14803.921,15118.749,15428.462,15726.612,16006.294,16260.421,16482.056,16664.756,16802.869,16891.742,16927.841,16908.793,16833.408,16701.702,16514.927,16275.617,15987.575,15655.785,15286.209,14885.473,14460.495,14018.117,13564.789,13106.343,12647.861,12193.627,11747.136,11311.157,10887.808,10478.647,10084.761,9706.855,9345.322,9000.313,8671.788,8359.567,8063.365,7782.824,7517.536,7267.064,7030.957,6808.762,6600.033,6404.341,6221.273,6050.445,5891.498,5744.103,5607.966,5482.824,5368.452,5264.659,5171.293,5088.242,5015.430,4952.828,4900.446,4858.341,4826.618,4805.429,4794.983,4795.544,4807.436,4831.052,4866.853,4915.382,4977.265,5053.225,5144.091,5250.807,5374.451,5516.250,5677.597,5860.077,6065.492,6295.895,6553.626,6841.358,7162.155,7519.535,7917.552,8360.900,8855.030,9406.309,10022.214,10711.568,11484.859,12354.626,13335.973,14447.210,15710.694,17153.881,18810.658,20722.942,22942.510,25532.790,28569.970,32141.948,36342.096,41252.471,46908.581,53239.860,60000.000,60000.000,60000.000,60000.000,60000.000,60000.000,60000.000,60000.000,60000.000,60000.000,60000.000,44606.036,29461.160,14629.427,0.000
0.000,1211.175,2433.974,3680.334,4962.827,6295.020,7691.864,9170.152,10749.039,12450.657,14300.801,16329.658,18572.401,21069.100,23862.327,26987.592,30442.737,34100.427,37499.157,39614.823,40834.079,41514.576,41863.658,41983.414,41907.152,41612.092,41010.105,39915.840,38007.077,34940.048,31686.519,28676.019,26020.730,23715.907,21723.016,19998.413,18502.076,17199.603,16062.112,15065.551,14189.930,13418.617,12737.746,12135.722,11602.815,11130.835,10712.866,10343.046,10016.395,9728.674,9476.263,9256.071,9065.456,8902.163,8764.270,8650.146,8558.411,8487.913,8437.698,8406.989,8395.173,8401.780,8426.478,8469.053,8529.406,8607.540,8703.553,8817.628,8950.020,9101.047,9271.073,9460.491,9669.696,9899.060,10148.889,10419.373,10710.530,11022.122,11353.568,11703.829,12071.285,12453.588,12847.535,13248.931,13652.513,14051.942,14439.912,14808.394,15149.043,15453.704,15714.947,15926.508,16083.549,16182.741,16222.211,16201.465,16121.343,15984.049,15793.216,15553.941,15272.704,14957.105,14615.426,14256.106,13887.248,13516.223,13149.432,12792.205,12448.812,12122.545,11815.847,11530.448,11267.504,11027.720,10811.463,10618.848,10449.816,10304.187,10181.712,10082.102,10005.055,9950.273,9917.468,9906.375,9916.745,9948.341,10000.932,10074.273,10168.091,10282.055,10415.751,10568.636,10740.000,10928.909,11134.150,11354.162,11586.971,11830.126,12080.643,12334.968,12588.969,12837.977,13076.877,13300.250,13502.580,13678.483,13822.948,13931.550,14000.615,14027.324,14009.778,13947.034,13839.125,13687.083,13492.940,13259.696,12991.227,12692.132,12367.507,12022.689,11662.998,11293.510,10918.878,10543.230,10170.103,9802.442,9442.627,9092.518,8753.522,8426.655,8112.606,7811.799,7524.439,7250.567,6990.093,6742.829,6508.518,6286.852,6077.496,5880.094,5694.287,5519.715,5356.031,5202.900,5060.007,4927.058,4803.785,4689.943,4585.317,4489.721,4403.000,4325.027,4255.713,4194.996,4142.855,4099.301,4064.387,4038.203,4020.882,4012.603,4013.594,4024.133,4044.557,4075.260,4116.708,4169.438,4234.070,4311.313,4401.981,4506.998,4627.420,4764.447,4919.447,5093.978,5289.818,5508.999,5753.850,6027.046,6331.674,6671.304,7050.093,7472.896,7945.424,8474.433,9067.979,9735.736,10489.426,11343.380,12315.289,13427.215,14706.948,16189.845,17921.285,19959.920,22381.791,25285.106,28794.646,33062.535,38257.131,44521.713,51870.839,60000.000,60000.000,60000.000,60000.000,60000.000,60000.000,60000.000,60000.000,60000.000,60000.000,60000.000,44146.922,28864.532,14234.217,0.000
0.000,983.753,1977.197,2990.282,4033.482,5118.083,6256.478,7462.495,8751.721,10141.807,11652.649,13306.276,15126.029,17134.185,19346.245,21758.349,24321.763,26898.496,29212.875,30912.513,32036.072,32724.814,33099.043,33231.858,33150.168,32837.507,32233.103,31232.334,29712.265,27646.877,25373.126,23149.881,21103.627,19276.288,17668.019,16261.546,15034.032,13962.387,13025.408,12204.472,11483.587,10849.174,10289.773,9795.727,9358.903,8972.442,8630.547,8328.309,8061.564,7826.767,7620.901,7441.389,7286.036,7152.967,7040.589,6947.548,6872.703,6815.098,6773.944,6748.596,6738.543,6743.395,6762.869,6796.782,6845.041,6907.636,6984.633,7076.162,7182.412,7303.614,7440.035,7591.956,7759.654,7943.375,8143.300,8359.505,8591.912,8840.222,9103.846,9381.820,9672.708,9974.510,10284.566,10599.480,10915.086,11226.470,11528.063,11813.841,12077.599,12313.296,12515.401,12679.193,12800.955,12878.067,12909.028,12893.428,12831.938,12726.313,12579.402,12395.125,12178.376,11934.825,11670.622,11392.057,11105.225,10815.752,10528.612,10248.028,9977.460,9719.638,9476.641,9249.990,9040.742,8849.582,8676.907,8522.901,8387.587,8270.881,8172.627,8092.627,8030.664,7986.511,7959.948,7950.764,7958.751,7983.711,8025.440,8083.718,8158.295,8248.869,8355.063,8476.390,8612.223,8761.749,8923.927,9097.443,9280.657,9471.561,9667.747,9866.383,10064.223,10257.642,10442.705,10615.284,10771.199,10906.378,11017.032,11099.799,11151.873,11171.091,11155.993,11105.855,11020.714,10901.376,10749.404,10567.083,10357.341,10123.635,9869.788,9599.816,9317.743,9027.443,8732.508,8436.161,8141.202,7849.998,7564.489,7286.220,7016.379,6755.847,6505.240,6264.954,6035.211,5816.087,5607.551,5409.487,5221.716,5044.015,4876.133,4717.801,4568.742,4428.679,4297.340,4174.464,4059.802,3953.124,3854.216,3762.886,3678.964,3602.302,3532.778,3470.292,3414.773,3366.176,3324.483,3289.707,3261.892,3241.112,3227.480,3221.141,3222.282,3231.131,3247.963,3273.104,3306.932,3349.887,3402.478,3465.285,3538.975,3624.308,3722.149,3833.486,3959.445,4101.310,4260.552,4438.850,4638.139,4860.645,5108.945,5386.030,5695.399,6041.161,6428.174,6862.229,7350.286,7900.782,8524.058,9232.921,10043.436,10976.007,12056.925,13320.553,14812.491,16594.149,18749.393,21394.056,24689.025,28856.292,34191.823,41050.313,49721.787,60000.000,60000.000,60000.000,60000.000,60000.000,60000.000,60000.000,60000.000,60000.000,60000.000,60000.000,43117.119,27615.828,13442.910,0.000
0.000,746.641,1500.780,2270.114,3062.738,3887.352,4753.471,5671.628,6653.544,7712.202,8861.714,10116.770,11491.255,12995.367,14630.120,16377.795,18187.470,19958.921,21541.334,22786.282,23672.884,24249.566,24575.843,24694.808,24624.154,24354.667,23852.466,23068.131,21962.776,20562.074,19009.235,17446.760,15967.621,14617.610,13411.242,12345.736,11410.140,10590.527,9872.683,9243.368,8690.798,8204.750,7776.476,7398.544,7064.664,6769.518,6508.606,6278.119,6074.824,5895.972,5739.226,5602.593,5484.376,5383.126,5297.616,5226.800,5169.800,5125.880,5094.430,5074.954,5067.058,5070.436,5084.869,5110.211,5146.386,5193.377,5251.226,5320.022,5399.894,5491.005,5593.538,5707.685,5833.629,5971.523,6121.467,6283.472,6457.424,6643.039,6839.804,7046.922,7263.244,7487.203,7716.760,7949.356,8181.902,8410.805,8632.046,8841.322,9034.229,9206.491,9354.182,9473.921,9563.020,9619.559,9642.420,9631.296,9586.682,9509.879,9402.972,9268.801,9110.873,8933.221,8740.208,8536.305,8325.875,8112.984,7901.272,7693.877,7493.405,7301.951,7121.139,6952.182,6795.945,6653.012,6523.742,6408.321,6306.813,6219.186,6145.352,6085.182,6038.525,6005.224,5985.117,5978.045,5983.851,6002.377,6033.461,6076.924,6132.561,6200.123,6279.299,6369.695,6470.806,6581.985,6702.415,6831.072,6966.696,7107.756,7252.438,7398.630,7543.934,7685.693,7821.046,7947.011,8060.579,8158.825,8239.026,8298.763,8336.010,8349.199,8337.272,8299.704,8236.528,8148.332,8036.248,7901.923,7747.457,7575.318,7388.238,7189.090,6980.766,6766.067,6547.611,6327.766,6108.614,5891.931,5679.189,5471.575,5270.015,5075.206,4887.646,4707.667,4535.465,4371.126,4214.649,4065.967,3924.962,3791.480,3665.344,3546.361,3434.331,3329.050,3230.321,3137.949,3051.752,2971.559,2897.210,2828.565,2765.495,2707.891,2655.663,2608.736,2567.059,2530.598,2499.341,2473.299,2452.506,2437.022,2426.930,2422.344,2423.405,2430.288,2443.204,2462.401,2488.167,2520.839,2560.805,2608.509,2664.460,2729.239,2803.510,2888.029,2983.659,3091.388,3212.345,3347.826,3499.324,3668.561,3857.535,4068.575,4304.413,4568.269,4863.972,5196.111,5570.235,5993.128,6473.176,7020.883,7649.591,8376.514,9224.246,10223.004,11414.024,12854.834,14627.612,16852.730,19711.133,23481.806,28603.568,35765.936,45965.998,60000.000,60000.000,60000.000,60000.000,60000.000,60000.000,60000.000,60000.000,60000.000,60000.000,60000.000,40705.725,25038.753,11921.596,0.000
0.000,502.029,1009.167,1526.657,2060.005,2615.116,3198.425,3817.003,4478.626,5191.741,5965.235,6807.833,7726.853,8725.908,9801.074,10935.242,12091.402,13208.383,14207.257,15018.399,15619.616,16024.725,16259.954,16347.376,16296.975,16104.543,15753.964,15224.949,14508.637,13629.412,12654.985,11660.312,10702.494,9815.300,9013.615,8300.029,7670.279,7116.913,6631.448,6205.537,5831.507,5502.574,5212.859,4957.332,4731.716,4532.385,4356.269,4200.766,4063.668,3943.100,3837.468,3745.413,3665.778,3597.579,3539.979,3492.269,3453.852,3424.225,3402.977,3389.768,3384.330,3386.456,3395.994,3412.842,3436.946,3468.293,3506.904,3552.836,3606.168,3667.004,3735.457,3811.646,3895.681,3987.649,4087.598,4195.515,4311.298,4434.727,4565.430,4702.840,4846.160,4994.317,5145.932,5299.298,5452.376,5602.814,5748.007,5885.182,6011.515,6124.268,6220.921,6299.299,6357.656,6394.736,6409.807,6402.662,6373.629,6323.559,6253.818,6166.247,6063.110,5946.996,5820.702,5687.102,5549.008,5409.061,5269.645,5132.832,5000.363,4873.655,4753.816,4641.689,4537.884,4442.821,4356.767,4279.873,4212.199,4153.743,4104.458,4064.267,4033.079,4010.790,3997.298,3992.494,3996.275,4008.530,4029.148,4058.002,4094.945,4139.803,4192.355,4252.324,4319.357,4393.007,4472.710,4557.769,4647.327,4740.357,4835.646,4931.792,5027.214,5120.171,5208.797,5291.156,5365.298,5429.334,5481.501,5520.235,5544.221,5552.442,5544.208,5519.181,5477.382,5419.195,5345.356,5256.930,5155.271,5041.971,4918.787,4787.574,4650.201,4508.488,4364.144,4218.725,4073.608,3929.975,3788.817,3650.934,3516.962,3387.380,3262.539,3142.674,3027.931,2918.380,2814.032,2714.852,2620.768,2531.685,2447.491,2368.059,2293.262,2222.966,2157.039,2095.357,2037.798,1984.248,1934.603,1888.769,1846.661,1808.208,1773.349,1742.036,1714.233,1689.919,1669.088,1651.746,1637.918,1627.643,1620.979,1618.002,1618.809,1623.516,1632.267,1645.228,1662.595,1684.596,1711.491,1743.581,1781.210,1824.772,1874.714,1931.549,1995.863,2068.323,2149.698,2240.869,2342.850,2456.816,2584.133,2726.396,2885.477,3063.597,3263.400,3488.069,3741.476,4028.376,4354.690,4727.895,5157.577,5656.254,6240.583,6933.231,7765.799,8783.577,10053.518,11678.139,13820.988,16756.243,20974.716,27443.872,38376.271,60000.000,60000.000,60000.000,60000.000,60000.000,60000.000,60000.000,60000.000,60000.000,60000.000,60000.000,34667.030,19911.864,9204.719,0.000
0.000,252.308,507.204,767.342,1035.507,1314.683,1608.110,1919.332,2252.215,2610.902,2999.653,3422.476,3882.417,4380.338,4913.027,5470.695,6034.512,6575.952,7060.913,7460.442,7762.455,7969.763,8091.871,8137.769,8111.828,8012.568,7833.899,7569.065,7217.414,6791.953,6320.987,5837.011,5366.747,4927.485,4527.897,4170.492,3854.043,3575.406,3330.671,3115.834,2927.132,2761.192,2615.067,2486.223,2372.497,2272.053,2183.335,2105.024,2035.999,1975.311,1922.151,1875.830,1835.764,1801.452,1772.473,1748.467,1729.131,1714.213,1703.504,1696.831,1694.060,1695.084,1699.827,1708.237,1720.285,1735.963,1755.282,1778.267,1804.958,1835.403,1869.658,1907.779,1949.816,1995.809,2045.777,2099.706,2157.539,2219.156,2284.361,2352.862,2424.250,2497.981,2573.362,2649.539,2725.497,2800.075,2871.992,2939.890,3002.388,3058.149,3105.943,3144.703,3173.572,3191.930,3199.415,3195.923,3181.617,3156.918,3122.501,3079.270,3028.334,2970.961,2908.516,2842.405,2774.008,2704.624,2635.431,2567.459,2501.581,2438.508,2378.804,2322.897,2271.104,2223.644,2180.658,2142.229,2108.394,2079.156,2054.496,2034.378,2018.759,2007.589,2000.816,1998.388,2000.251,2006.350,2016.626,2031.015,2049.441,2071.813,2098.018,2127.912,2161.315,2197.996,2237.671,2279.985,2324.506,2370.718,2418.013,2465.693,2512.974,2558.992,2602.829,2643.529,2680.136,2711.722,2737.421,2756.465,2768.208,2772.149,2767.948,2755.440,2734.635,2705.722,2669.064,2625.183,2574.743,2518.523,2457.385,2392.238,2323.999,2253.564,2181.777,2109.410,2037.146,1965.578,1895.201,1826.420,1759.556,1694.855,1632.495,1572.601,1515.248,1460.477,1408.295,1358.688,1311.623,1267.054,1224.927,1185.179,1147.747,1112.566,1079.572,1048.700,1019.893,993.091,968.245,945.307,924.235,904.994,887.552,871.887,857.980,845.822,835.408,826.743,819.839,814.716,811.404,809.939,810.372,812.762,817.179,823.709,832.450,843.517,857.040,873.172,892.086,913.980,939.081,967.646,999.972,1036.396,1077.307,1123.149,1174.438,1231.768,1295.831,1367.440,1447.547,1537.282,1638.000,1751.329,1879.259,2024.242,2189.345,2378.457,2596.598,2850.367,3148.625,3503.558,3932.382,4460.178,5124.756,5985.335,7138.447,8747.469,11095.188,14658.568,20095.213,27346.015,29288.846,29809.368,29948.625,29985.134,29991.912,29982.513,29938.140,29770.047,29142.048,26798.145,18050.532,10736.954,4985.418,0.000
0.000,0.000,0.000,0.000,0.000,0.000,0.000,0.000,0.000,0.000,0.000,0.000,0.000,0.000,0.000,0.000,0.000,0.000,0.000,0.000,0.000,0.000,0.000,0.000,0.000,0.000,0.000,0.000,0.000,0.000,0.000,0.000,0.000,0.000,0.000,0.000,0.000,0.000,0.000,0.000,0.000,0.000,0.000,0.000,0.000,0.000,0.000,0.000,0.000,0.000,0.000,0.000,0.000,0.000,0.000,0.000,0.000,0.000,0.000,0.000,0.000,0.000,0.000,0.000,0.000,0.000,0.000,0.000,0.000,0.000,0.000,0.000,0.000,0.000,0.000,0.000,0.000,0.000,0.000,0.000,0.000,0.000,0.000,0.000,0.000,0.000,0.000,0.000,0.000,0.000,0.000,0.000,0.000,0.000,0.000,0.000,0.000,0.000,0.000,0.000,0.000,0.000,0.000,0.000,0.000,0.000,0.000,0.000,0.000,0.000,0.000,0.000,0.000,0.000,0.000,0.000,0.000,0.000,0.000,0.000,0.000,0.000,0.000,0.000,0.000,0.000,0.000,0.000,0.000,0.000,0.000,0.000,0.000,0.000,0.000,0.000,0.000,0.000,0.000,0.000,0.000,0.000,0.000,0.000,0.000,0.000,0.000,0.000,0.000,0.000,0.000,0.000,0.000,0.000,0.000,0.000,0.000,0.000,0.000,0.000,0.000,0.000,0.000,0.000,0.000,0.000,0.000,0.000,0.000,0.000,0.000,0.000,0.000,0.000,0.000,0.000,0.000,0.000,0.000,0.000,0.000,0.000,0.000,0.000,0.000,0.000,0.000,0.000,0.000,0.000,0.000,0.000,0.000,0.000,0.000,0.000,0.000,0.000,0.000,0.000,0.000,0.000,0.000,0.000,0.000,0.000,0.000,0.000,0.000,0.000,0.000,0.000,0.000,0.000,0.000,0.000,0.000,0.000,0.000,0.000,0.000,0.000,0.000,0.000,0.000,0.000,0.000,0.000,0.000,0.000,0.000,0.000,0.000,0.000,0.000,0.000,0.000,0.000,0.000,0.000,0.000,0.000,0.000,0.000,0.000,0.000,0.000,0.000,0.000,0.000,0.000,0.000,0.000,0.000,0.000,0.000
